[2026-05-12 07:07:51] ==== loop 1/∞ | seed=124022544596152605 archetype=turbo personality=tecnologico focus=eco actions_per_loop=2 ====
[07:07:51] planet 43: queued building_hangar to 1
[07:07:51] research: blocked research_intergalactic_research_network (building_laboratory 9/10)
[2026-05-12 07:08:22] ==== loop 2/∞ | seed=124022544596152605 archetype=turbo personality=tecnologico focus=eco actions_per_loop=2 ====
[07:08:23] planet 43: queued ship_solar_satellite +11
[2026-05-12 07:08:52] ==== loop 3/∞ | seed=124022544596152605 archetype=turbo personality=tecnologico focus=eco actions_per_loop=2 ====
[07:08:52] planet 43: queued building_deuterium_tank to 4
[2026-05-12 07:09:19] ==== loop 4/∞ | seed=124022544596152605 archetype=turbo personality=tecnologico focus=eco actions_per_loop=2 ====
[07:09:19] planet 43: queued building_deuterium_tank to 5
[07:09:19] research: blocked research_intergalactic_research_network (building_laboratory 9/10)
[2026-05-12 07:09:43] ==== loop 5/∞ | seed=124022544596152605 archetype=turbo personality=tecnologico focus=eco actions_per_loop=2 ====
[07:09:44] planet 43: queued building_deuterium_tank to 6
[2026-05-12 07:10:06] ==== loop 6/∞ | seed=124022544596152605 archetype=turbo personality=tecnologico focus=eco actions_per_loop=2 ====
[07:10:06] planet 43: queued building_metal_mine to 21
[2026-05-12 07:10:27] ==== loop 7/∞ | seed=124022544596152605 archetype=turbo personality=tecnologico focus=eco actions_per_loop=2 ====
[07:10:28] planet 43: queued building_metal_mine to 22
[2026-05-12 07:10:46] ==== loop 8/∞ | seed=124022544596152605 archetype=turbo personality=tecnologico focus=eco actions_per_loop=2 ====
[07:10:46] planet 43: queued building_metal_mine to 23
[07:10:46] research: blocked research_intergalactic_research_network (building_laboratory 9/10)
[2026-05-12 07:11:06] ==== loop 9/∞ | seed=124022544596152605 archetype=turbo personality=tecnologico focus=eco actions_per_loop=2 ====
[07:11:06] planet 43: queued building_metal_mine to 24
[07:11:06] research: blocked research_intergalactic_research_network (building_laboratory 9/10)
[2026-05-12 07:11:25] ==== loop 10/∞ | seed=124022544596152605 archetype=turbo personality=tecnologico focus=eco actions_per_loop=2 ====
[07:11:26] planet 43: queued building_metal_mine to 25
[2026-05-12 07:11:45] ==== loop 11/∞ | seed=124022544596152605 archetype=turbo personality=tecnologico focus=eco actions_per_loop=2 ====
[07:11:46] planet 43: building queue full (5)
[07:11:46] planet 43: building queue full (5)
[07:11:46] research: blocked research_intergalactic_research_network (building_laboratory 9/10)
[2026-05-12 07:12:05] ==== loop 12/∞ | seed=124022544596152605 archetype=turbo personality=tecnologico focus=eco actions_per_loop=2 ====
[07:12:07] planet 43: building queue full (5)
[07:12:07] planet 43: building queue full (5)
[07:12:07] research: blocked research_intergalactic_research_network (building_laboratory 9/10)
[2026-05-12 07:12:28] ==== loop 13/∞ | seed=124022544596152605 archetype=turbo personality=tecnologico focus=eco actions_per_loop=2 ====
[07:12:30] planet 43: building queue full (5)
[07:12:30] planet 43: building queue full (5)
[07:12:30] research: blocked research_intergalactic_research_network (building_laboratory 9/10)
[2026-05-12 07:12:51] ==== loop 14/∞ | seed=124022544596152605 archetype=turbo personality=tecnologico focus=eco actions_per_loop=2 ====
[07:12:52] planet 43: building queue full (5)
[07:12:52] planet 43: building queue full (5)
[07:12:52] research: blocked research_intergalactic_research_network (building_laboratory 9/10)
[2026-05-12 07:13:14] ==== loop 15/∞ | seed=124022544596152605 archetype=turbo personality=tecnologico focus=eco actions_per_loop=2 ====
[07:13:15] planet 43: building queue full (5)
[07:13:15] planet 43: building queue full (5)
[2026-05-12 07:13:36] ==== loop 16/∞ | seed=124022544596152605 archetype=turbo personality=tecnologico focus=eco actions_per_loop=2 ====
[07:13:38] planet 43: building queue full (5)
[07:13:38] planet 43: building queue full (5)
[2026-05-12 07:14:01] ==== loop 17/∞ | seed=124022544596152605 archetype=turbo personality=tecnologico focus=eco actions_per_loop=2 ====
[07:14:02] planet 43: building queue full (5)
[07:14:02] planet 43: building queue full (5)
[07:14:02] research: blocked research_intergalactic_research_network (building_laboratory 9/10)
[2026-05-12 07:14:22] ==== loop 18/∞ | seed=124022544596152605 archetype=turbo personality=tecnologico focus=eco actions_per_loop=2 ====
[07:14:23] planet 43: building queue full (5)
[07:14:23] planet 43: building queue full (5)
[2026-05-12 07:14:40] ==== loop 19/∞ | seed=124022544596152605 archetype=turbo personality=tecnologico focus=eco actions_per_loop=2 ====
[07:14:42] planet 43: building queue full (5)
[07:14:42] planet 43: building queue full (5)
[07:14:42] research: blocked research_intergalactic_research_network (building_laboratory 9/10)
[2026-05-12 07:15:01] ==== loop 20/∞ | seed=124022544596152605 archetype=turbo personality=tecnologico focus=eco actions_per_loop=2 ====
[07:15:01] planet 43: queued building_metal_mine to 26
[2026-05-12 07:15:22] ==== loop 21/∞ | seed=124022544596152605 archetype=turbo personality=tecnologico focus=eco actions_per_loop=2 ====
[07:15:22] planet 43: queue busy, throttled building_robot_factory
[2026-05-12 07:15:39] ==== loop 22/∞ | seed=124022544596152605 archetype=turbo personality=tecnologico focus=eco actions_per_loop=2 ====
[07:15:39] planet 43: queue busy, throttled building_robot_factory
[07:15:39] planet 43: queue busy, throttled building_robot_factory
[2026-05-12 07:15:56] ==== loop 23/∞ | seed=124022544596152605 archetype=turbo personality=tecnologico focus=eco actions_per_loop=2 ====
[07:15:56] planet 43: queue busy, throttled building_robot_factory
[07:15:56] planet 43: queue busy, throttled building_robot_factory
[07:15:56] research: blocked research_intergalactic_research_network (building_laboratory 9/10)
[2026-05-12 07:16:14] ==== loop 24/∞ | seed=124022544596152605 archetype=turbo personality=tecnologico focus=eco actions_per_loop=2 ====
[07:16:14] planet 43: queue busy, throttled building_robot_factory
[07:16:14] planet 43: queue busy, throttled building_robot_factory
[07:16:14] research: blocked research_intergalactic_research_network (building_laboratory 9/10)
[2026-05-12 07:16:33] ==== loop 25/∞ | seed=124022544596152605 archetype=turbo personality=tecnologico focus=eco actions_per_loop=2 ====
[07:16:33] planet 43: queue busy, throttled building_robot_factory
[07:16:33] planet 43: queue busy, throttled building_robot_factory
[2026-05-12 07:16:54] ==== loop 26/∞ | seed=124022544596152605 archetype=turbo personality=tecnologico focus=eco actions_per_loop=2 ====
[07:16:54] planet 43: queue busy, throttled building_robot_factory
[2026-05-12 07:17:14] ==== loop 27/∞ | seed=124022544596152605 archetype=turbo personality=tecnologico focus=eco actions_per_loop=2 ====
[07:17:14] planet 43: queue busy, throttled building_robot_factory
[07:17:14] research: blocked research_intergalactic_research_network (building_laboratory 9/10)
[2026-05-12 07:17:32] ==== loop 28/∞ | seed=124022544596152605 archetype=turbo personality=tecnologico focus=eco actions_per_loop=2 ====
[07:17:32] planet 43: queue busy, throttled building_robot_factory
[07:17:32] planet 43: queue busy, throttled building_robot_factory
[07:17:32] research: blocked research_intergalactic_research_network (building_laboratory 9/10)
[2026-05-12 07:17:54] ==== loop 29/∞ | seed=124022544596152605 archetype=turbo personality=tecnologico focus=eco actions_per_loop=2 ====
[07:17:54] planet 43: queue busy, throttled building_robot_factory
[07:17:54] planet 43: queue busy, throttled building_robot_factory
[2026-05-12 07:18:14] ==== loop 30/∞ | seed=124022544596152605 archetype=turbo personality=tecnologico focus=eco actions_per_loop=2 ====
[07:18:14] planet 43: queue busy, throttled building_robot_factory
[07:18:14] research: blocked research_intergalactic_research_network (building_laboratory 9/10)
[2026-05-12 07:18:31] ==== loop 31/∞ | seed=124022544596152605 archetype=turbo personality=tecnologico focus=eco actions_per_loop=2 ====
[07:18:31] planet 43: queue busy, throttled building_robot_factory
[07:18:31] planet 43: queue busy, throttled building_robot_factory
[07:18:31] research: blocked research_intergalactic_research_network (building_laboratory 9/10)
[2026-05-12 07:18:49] ==== loop 32/∞ | seed=124022544596152605 archetype=turbo personality=tecnologico focus=eco actions_per_loop=2 ====
[07:18:49] planet 43: queue busy, throttled building_robot_factory
[07:18:49] planet 43: queue busy, throttled building_robot_factory
[2026-05-12 07:19:09] ==== loop 33/∞ | seed=124022544596152605 archetype=turbo personality=tecnologico focus=eco actions_per_loop=2 ====
[07:19:09] planet 43: queue busy, throttled building_robot_factory
[07:19:09] planet 43: queue busy, throttled building_robot_factory
[07:19:09] research: blocked research_intergalactic_research_network (building_laboratory 9/10)
[2026-05-12 07:19:27] ==== loop 34/∞ | seed=124022544596152605 archetype=turbo personality=tecnologico focus=eco actions_per_loop=2 ====
[07:19:27] planet 43: queue busy, throttled building_robot_factory
[07:19:27] planet 43: queue busy, throttled building_robot_factory
[07:19:27] research: blocked research_intergalactic_research_network (building_laboratory 9/10)
[2026-05-12 07:19:51] ==== loop 35/∞ | seed=124022544596152605 archetype=turbo personality=tecnologico focus=eco actions_per_loop=2 ====
[07:19:51] planet 43: queue busy, throttled building_robot_factory
[07:19:51] research: blocked research_intergalactic_research_network (building_laboratory 9/10)
[2026-05-12 07:20:14] ==== loop 36/∞ | seed=124022544596152605 archetype=turbo personality=tecnologico focus=eco actions_per_loop=2 ====
[07:20:14] planet 43: queue busy, throttled building_robot_factory
[07:20:14] planet 43: queue busy, throttled building_robot_factory
[2026-05-12 07:20:34] ==== loop 37/∞ | seed=124022544596152605 archetype=turbo personality=tecnologico focus=eco actions_per_loop=2 ====
[07:20:34] planet 43: queue busy, throttled building_robot_factory
[2026-05-12 07:20:54] ==== loop 38/∞ | seed=124022544596152605 archetype=turbo personality=tecnologico focus=eco actions_per_loop=2 ====
[07:20:54] planet 43: queue busy, throttled building_robot_factory
[07:20:54] planet 43: queue busy, throttled building_robot_factory
[07:20:54] research: blocked research_intergalactic_research_network (building_laboratory 9/10)
[2026-05-12 07:21:10] ==== loop 39/∞ | seed=124022544596152605 archetype=turbo personality=tecnologico focus=eco actions_per_loop=2 ====
[07:21:11] planet 43: queued ship_solar_satellite +6
[07:21:11] planet 43: queue busy, throttled building_robot_factory
[07:21:11] research: blocked research_intergalactic_research_network (building_laboratory 9/10)
[2026-05-12 07:21:30] ==== loop 40/∞ | seed=124022544596152605 archetype=turbo personality=tecnologico focus=eco actions_per_loop=2 ====
[07:21:30] planet 43: queue busy, throttled building_robot_factory
[07:21:30] planet 43: queue busy, throttled building_robot_factory
[07:21:30] research: blocked research_intergalactic_research_network (building_laboratory 9/10)
[2026-05-12 07:21:49] ==== loop 41/∞ | seed=124022544596152605 archetype=turbo personality=tecnologico focus=eco actions_per_loop=2 ====
[07:21:49] planet 43: queue busy, throttled building_robot_factory
[07:21:49] research: blocked research_intergalactic_research_network (building_laboratory 9/10)
[2026-05-12 07:22:10] ==== loop 42/∞ | seed=124022544596152605 archetype=turbo personality=tecnologico focus=eco actions_per_loop=2 ====
[07:22:10] planet 43: queue busy, throttled building_robot_factory
[07:22:10] planet 43: queue busy, throttled building_robot_factory
[07:22:10] research: blocked research_intergalactic_research_network (building_laboratory 9/10)
[2026-05-12 07:22:31] ==== loop 43/∞ | seed=124022544596152605 archetype=turbo personality=tecnologico focus=eco actions_per_loop=2 ====
[07:22:31] planet 43: queue busy, throttled building_robot_factory
[07:22:31] planet 43: queue busy, throttled building_robot_factory
[2026-05-12 07:22:48] ==== loop 44/∞ | seed=124022544596152605 archetype=turbo personality=tecnologico focus=eco actions_per_loop=2 ====
[07:22:48] planet 43: queue busy, throttled building_robot_factory
[2026-05-12 07:23:06] ==== loop 45/∞ | seed=124022544596152605 archetype=turbo personality=tecnologico focus=eco actions_per_loop=2 ====
[07:23:06] planet 43: queue busy, throttled building_robot_factory
[07:23:06] planet 43: queue busy, throttled building_robot_factory
[07:23:06] research: blocked research_intergalactic_research_network (building_laboratory 9/10)
[2026-05-12 07:23:25] ==== loop 46/∞ | seed=124022544596152605 archetype=turbo personality=tecnologico focus=eco actions_per_loop=2 ====
[07:23:25] planet 43: queue busy, throttled building_robot_factory
[07:23:25] planet 43: queue busy, throttled building_robot_factory
[07:23:25] research: blocked research_intergalactic_research_network (building_laboratory 9/10)
[2026-05-12 07:23:45] ==== loop 47/∞ | seed=124022544596152605 archetype=turbo personality=tecnologico focus=eco actions_per_loop=2 ====
[07:23:45] planet 43: queue busy, throttled building_robot_factory
[07:23:45] planet 43: queue busy, throttled building_robot_factory
[07:23:45] research: blocked research_intergalactic_research_network (building_laboratory 9/10)
[2026-05-12 07:24:07] ==== loop 48/∞ | seed=124022544596152605 archetype=turbo personality=tecnologico focus=eco actions_per_loop=2 ====
[07:24:07] planet 43: queue busy, throttled building_robot_factory
[2026-05-12 07:24:29] ==== loop 49/∞ | seed=124022544596152605 archetype=turbo personality=tecnologico focus=eco actions_per_loop=2 ====
[07:24:29] planet 43: queue busy, throttled building_robot_factory
[07:24:29] planet 43: queue busy, throttled building_robot_factory
[07:24:29] research: blocked research_intergalactic_research_network (building_laboratory 9/10)
[2026-05-12 07:24:50] ==== loop 50/∞ | seed=124022544596152605 archetype=turbo personality=tecnologico focus=eco actions_per_loop=2 ====
[07:24:50] planet 43: queue busy, throttled building_robot_factory
[2026-05-12 07:25:13] ==== loop 51/∞ | seed=124022544596152605 archetype=turbo personality=tecnologico focus=eco actions_per_loop=2 ====
[07:25:13] planet 43: queue busy, throttled building_robot_factory
[07:25:13] planet 43: queue busy, throttled building_robot_factory
[2026-05-12 07:25:37] ==== loop 52/∞ | seed=124022544596152605 archetype=turbo personality=tecnologico focus=eco actions_per_loop=2 ====
[07:25:37] planet 43: queue busy, throttled building_robot_factory
[07:25:37] planet 43: queue busy, throttled building_robot_factory
[07:25:37] research: blocked research_intergalactic_research_network (building_laboratory 9/10)
[2026-05-12 07:26:01] ==== loop 53/∞ | seed=124022544596152605 archetype=turbo personality=tecnologico focus=eco actions_per_loop=2 ====
[07:26:01] planet 43: queue busy, throttled building_robot_factory
[07:26:01] planet 43: queue busy, throttled building_robot_factory
[07:26:01] research: blocked research_intergalactic_research_network (building_laboratory 9/10)
[2026-05-12 07:26:23] ==== loop 54/∞ | seed=124022544596152605 archetype=turbo personality=tecnologico focus=eco actions_per_loop=2 ====
[07:26:23] planet 43: queue busy, throttled building_robot_factory
[07:26:23] planet 43: queue busy, throttled building_robot_factory
[07:26:23] research: blocked research_intergalactic_research_network (building_laboratory 9/10)
[2026-05-12 07:26:44] ==== loop 55/∞ | seed=124022544596152605 archetype=turbo personality=tecnologico focus=eco actions_per_loop=2 ====
[07:26:44] planet 43: queue busy, throttled building_robot_factory
[07:26:44] planet 43: queue busy, throttled building_robot_factory
[2026-05-12 07:27:04] ==== loop 56/∞ | seed=124022544596152605 archetype=turbo personality=tecnologico focus=eco actions_per_loop=2 ====
[07:27:04] planet 43: queue busy, throttled building_robot_factory
[07:27:04] planet 43: queue busy, throttled building_robot_factory
[07:27:04] research: blocked research_intergalactic_research_network (building_laboratory 9/10)
[2026-05-12 07:27:20] ==== loop 57/∞ | seed=124022544596152605 archetype=turbo personality=tecnologico focus=eco actions_per_loop=2 ====
[07:27:20] planet 43: queue busy, throttled building_robot_factory
[07:27:20] planet 43: queue busy, throttled building_robot_factory
[07:27:20] research: blocked research_intergalactic_research_network (building_laboratory 9/10)
[2026-05-12 07:27:41] ==== loop 58/∞ | seed=124022544596152605 archetype=turbo personality=tecnologico focus=eco actions_per_loop=2 ====
[07:27:41] planet 43: queue busy, throttled building_robot_factory
[07:27:41] planet 43: queue busy, throttled building_robot_factory
[07:27:41] research: blocked research_intergalactic_research_network (building_laboratory 9/10)
[2026-05-12 07:28:00] ==== loop 59/∞ | seed=124022544596152605 archetype=turbo personality=tecnologico focus=eco actions_per_loop=2 ====
[07:28:00] planet 43: queue busy, throttled building_robot_factory
[07:28:00] planet 43: queue busy, throttled building_robot_factory
[2026-05-12 07:28:23] ==== loop 60/∞ | seed=124022544596152605 archetype=turbo personality=tecnologico focus=eco actions_per_loop=2 ====
[07:28:23] planet 43: queue busy, throttled building_robot_factory
[07:28:23] planet 43: queue busy, throttled building_robot_factory
[2026-05-12 07:28:44] ==== loop 61/∞ | seed=124022544596152605 archetype=turbo personality=tecnologico focus=eco actions_per_loop=2 ====
[07:28:44] planet 43: queue busy, throttled building_robot_factory
[07:28:44] research: blocked research_intergalactic_research_network (building_laboratory 9/10)
[2026-05-12 07:29:03] ==== loop 62/∞ | seed=124022544596152605 archetype=turbo personality=tecnologico focus=eco actions_per_loop=2 ====
[07:29:03] planet 43: queue busy, throttled building_robot_factory
[2026-05-12 07:29:25] ==== loop 63/∞ | seed=124022544596152605 archetype=turbo personality=tecnologico focus=eco actions_per_loop=2 ====
[07:29:25] planet 43: queue busy, throttled building_robot_factory
[07:29:25] planet 43: queue busy, throttled building_robot_factory
[07:29:25] research: blocked research_intergalactic_research_network (building_laboratory 9/10)
[2026-05-12 07:29:47] ==== loop 64/∞ | seed=124022544596152605 archetype=turbo personality=tecnologico focus=eco actions_per_loop=2 ====
[07:29:47] planet 43: queue busy, throttled building_robot_factory
[2026-05-12 07:30:10] ==== loop 65/∞ | seed=124022544596152605 archetype=turbo personality=tecnologico focus=eco actions_per_loop=2 ====
[07:30:10] planet 43: queue busy, throttled building_robot_factory
[07:30:10] planet 43: queue busy, throttled building_robot_factory
[07:30:10] research: blocked research_intergalactic_research_network (building_laboratory 9/10)
[2026-05-12 07:30:30] ==== loop 66/∞ | seed=124022544596152605 archetype=turbo personality=tecnologico focus=eco actions_per_loop=2 ====
[07:30:30] planet 43: queued ship_solar_satellite +1
[07:30:30] planet 43: queue busy, throttled building_robot_factory
[2026-05-12 07:30:53] ==== loop 67/∞ | seed=124022544596152605 archetype=turbo personality=tecnologico focus=eco actions_per_loop=2 ====
[07:30:53] planet 43: queue busy, throttled building_robot_factory
[07:30:53] research: blocked research_intergalactic_research_network (building_laboratory 9/10)
[2026-05-12 07:31:15] ==== loop 68/∞ | seed=124022544596152605 archetype=turbo personality=tecnologico focus=eco actions_per_loop=2 ====
[07:31:15] planet 43: queue busy, throttled building_robot_factory
[07:31:15] planet 43: queue busy, throttled building_robot_factory
[2026-05-12 07:31:35] ==== loop 69/∞ | seed=124022544596152605 archetype=turbo personality=tecnologico focus=eco actions_per_loop=2 ====
[07:31:35] planet 43: queue busy, throttled building_robot_factory
[07:31:35] planet 43: queue busy, throttled building_robot_factory
[07:31:35] research: blocked research_intergalactic_research_network (building_laboratory 9/10)
[2026-05-12 07:31:54] ==== loop 70/∞ | seed=124022544596152605 archetype=turbo personality=tecnologico focus=eco actions_per_loop=2 ====
[07:31:54] planet 43: queue busy, throttled building_robot_factory
[07:31:54] planet 43: queue busy, throttled building_robot_factory
[07:31:54] research: blocked research_intergalactic_research_network (building_laboratory 9/10)
[2026-05-12 07:32:16] ==== loop 71/∞ | seed=124022544596152605 archetype=turbo personality=tecnologico focus=eco actions_per_loop=2 ====
[07:32:16] planet 43: queue busy, throttled building_robot_factory
[2026-05-12 07:32:38] ==== loop 72/∞ | seed=124022544596152605 archetype=turbo personality=tecnologico focus=eco actions_per_loop=2 ====
[07:32:38] planet 43: queue busy, throttled building_robot_factory
[07:32:38] planet 43: queue busy, throttled building_robot_factory
[07:32:38] research: blocked research_intergalactic_research_network (building_laboratory 9/10)
[2026-05-12 07:32:57] ==== loop 73/∞ | seed=124022544596152605 archetype=turbo personality=tecnologico focus=eco actions_per_loop=2 ====
[07:32:57] planet 43: queue busy, throttled building_robot_factory
[07:32:57] planet 43: queue busy, throttled building_robot_factory
[2026-05-12 07:33:19] ==== loop 74/∞ | seed=124022544596152605 archetype=turbo personality=tecnologico focus=eco actions_per_loop=2 ====
[07:33:19] planet 43: queue busy, throttled building_robot_factory
[07:33:19] planet 43: queue busy, throttled building_robot_factory
[07:33:19] research: blocked research_intergalactic_research_network (building_laboratory 9/10)
[2026-05-12 07:33:43] ==== loop 75/∞ | seed=124022544596152605 archetype=turbo personality=tecnologico focus=eco actions_per_loop=2 ====
[07:33:43] planet 43: queue busy, throttled building_robot_factory
[07:33:43] planet 43: queue busy, throttled building_robot_factory
[07:33:43] research: blocked research_intergalactic_research_network (building_laboratory 9/10)
[2026-05-12 07:34:04] ==== loop 76/∞ | seed=124022544596152605 archetype=turbo personality=tecnologico focus=eco actions_per_loop=2 ====
[07:34:04] planet 43: queue busy, throttled building_robot_factory
[07:34:04] planet 43: queue busy, throttled building_robot_factory
[2026-05-12 07:34:23] ==== loop 77/∞ | seed=124022544596152605 archetype=turbo personality=tecnologico focus=eco actions_per_loop=2 ====
[07:34:23] planet 43: queue busy, throttled building_robot_factory
[07:34:23] planet 43: queue busy, throttled building_robot_factory
[07:34:23] research: blocked research_intergalactic_research_network (building_laboratory 9/10)
[2026-05-12 07:34:43] ==== loop 78/∞ | seed=124022544596152605 archetype=turbo personality=tecnologico focus=eco actions_per_loop=2 ====
[07:34:43] planet 43: queue busy, throttled building_robot_factory
[07:34:43] planet 43: queue busy, throttled building_robot_factory
[07:34:43] research: blocked research_intergalactic_research_network (building_laboratory 9/10)
[2026-05-12 07:35:02] ==== loop 79/∞ | seed=124022544596152605 archetype=turbo personality=tecnologico focus=eco actions_per_loop=2 ====
[07:35:02] planet 43: queue busy, throttled building_robot_factory
[07:35:02] planet 43: queue busy, throttled building_robot_factory
[2026-05-12 07:35:24] ==== loop 80/∞ | seed=124022544596152605 archetype=turbo personality=tecnologico focus=eco actions_per_loop=2 ====
[07:35:24] planet 43: queue busy, throttled building_robot_factory
[07:35:24] planet 43: queue busy, throttled building_robot_factory
[07:35:24] research: blocked research_intergalactic_research_network (building_laboratory 9/10)
[2026-05-12 07:35:44] ==== loop 81/∞ | seed=124022544596152605 archetype=turbo personality=tecnologico focus=eco actions_per_loop=2 ====
[07:35:44] planet 43: queue busy, throttled building_robot_factory
[07:35:44] planet 43: queue busy, throttled building_robot_factory
[07:35:44] research: blocked research_intergalactic_research_network (building_laboratory 9/10)
[2026-05-12 07:36:06] ==== loop 82/∞ | seed=124022544596152605 archetype=turbo personality=tecnologico focus=eco actions_per_loop=2 ====
[07:36:06] planet 43: queue busy, throttled building_robot_factory
[07:36:06] planet 43: queue busy, throttled building_robot_factory
[2026-05-12 07:36:29] ==== loop 83/∞ | seed=124022544596152605 archetype=turbo personality=tecnologico focus=eco actions_per_loop=2 ====
[07:36:29] planet 43: queue busy, throttled building_robot_factory
[07:36:29] research: blocked research_intergalactic_research_network (building_laboratory 9/10)
[2026-05-12 07:36:51] ==== loop 84/∞ | seed=124022544596152605 archetype=turbo personality=tecnologico focus=eco actions_per_loop=2 ====
[07:36:51] planet 43: queued building_deuterium_tank to 7
[2026-05-12 07:37:13] ==== loop 85/∞ | seed=124022544596152605 archetype=turbo personality=tecnologico focus=eco actions_per_loop=2 ====
[07:37:13] planet 43: queue busy, throttled building_robot_factory
[07:37:13] planet 43: queue busy, throttled building_robot_factory
[2026-05-12 07:37:34] ==== loop 86/∞ | seed=124022544596152605 archetype=turbo personality=tecnologico focus=eco actions_per_loop=2 ====
[07:37:34] planet 43: queue busy, throttled building_robot_factory
[07:37:34] planet 43: queue busy, throttled building_robot_factory
[2026-05-12 07:37:56] ==== loop 87/∞ | seed=124022544596152605 archetype=turbo personality=tecnologico focus=eco actions_per_loop=2 ====
[07:37:56] planet 43: queue busy, throttled building_robot_factory
[07:37:56] planet 43: queue busy, throttled building_robot_factory
[2026-05-12 07:38:18] ==== loop 88/∞ | seed=124022544596152605 archetype=turbo personality=tecnologico focus=eco actions_per_loop=2 ====
[07:38:18] planet 43: queue busy, throttled building_robot_factory
[07:38:18] planet 43: queue busy, throttled building_robot_factory
[2026-05-12 07:38:39] ==== loop 89/∞ | seed=124022544596152605 archetype=turbo personality=tecnologico focus=eco actions_per_loop=2 ====
[07:38:39] planet 43: queue busy, throttled building_robot_factory
[07:38:39] research: blocked research_intergalactic_research_network (building_laboratory 9/10)
[2026-05-12 07:39:02] ==== loop 90/∞ | seed=124022544596152605 archetype=turbo personality=tecnologico focus=eco actions_per_loop=2 ====
[07:39:02] planet 43: queued building_deuterium_tank to 8
[07:39:02] research: blocked research_intergalactic_research_network (building_laboratory 9/10)
[2026-05-12 07:39:20] ==== loop 91/∞ | seed=124022544596152605 archetype=turbo personality=tecnologico focus=eco actions_per_loop=2 ====
[07:39:20] planet 43: queue busy, throttled building_robot_factory
[07:39:20] planet 43: queue busy, throttled building_robot_factory
[07:39:20] research: blocked research_intergalactic_research_network (building_laboratory 9/10)
[2026-05-12 07:39:37] ==== loop 92/∞ | seed=124022544596152605 archetype=turbo personality=tecnologico focus=eco actions_per_loop=2 ====
[07:39:37] planet 43: queue busy, throttled building_robot_factory
[07:39:37] planet 43: queue busy, throttled building_robot_factory
[07:39:37] research: blocked research_intergalactic_research_network (building_laboratory 9/10)
[2026-05-12 07:39:57] ==== loop 93/∞ | seed=124022544596152605 archetype=turbo personality=tecnologico focus=eco actions_per_loop=2 ====
[07:39:57] planet 43: queue busy, throttled building_robot_factory
[07:39:57] research: blocked research_intergalactic_research_network (building_laboratory 9/10)
[2026-05-12 07:40:16] ==== loop 94/∞ | seed=124022544596152605 archetype=turbo personality=tecnologico focus=eco actions_per_loop=2 ====
[07:40:16] planet 43: queue busy, throttled building_robot_factory
[07:40:16] planet 43: queue busy, throttled building_robot_factory
[2026-05-12 07:40:34] ==== loop 95/∞ | seed=124022544596152605 archetype=turbo personality=tecnologico focus=eco actions_per_loop=2 ====
[07:40:34] planet 43: queue busy, throttled building_robot_factory
[07:40:34] planet 43: queue busy, throttled building_robot_factory
[2026-05-12 07:40:53] ==== loop 96/∞ | seed=124022544596152605 archetype=turbo personality=tecnologico focus=eco actions_per_loop=2 ====
[07:40:53] planet 43: queue busy, throttled building_robot_factory
[07:40:53] research: blocked research_intergalactic_research_network (building_laboratory 9/10)
[2026-05-12 07:41:13] ==== loop 97/∞ | seed=124022544596152605 archetype=turbo personality=tecnologico focus=eco actions_per_loop=2 ====
[07:41:13] planet 43: queue busy, throttled building_robot_factory
[07:41:13] planet 43: queue busy, throttled building_robot_factory
[07:41:13] research: blocked research_intergalactic_research_network (building_laboratory 9/10)
[2026-05-12 07:41:33] ==== loop 98/∞ | seed=124022544596152605 archetype=turbo personality=tecnologico focus=eco actions_per_loop=2 ====
[07:41:33] planet 43: queue busy, throttled building_robot_factory
[07:41:33] planet 43: queue busy, throttled building_robot_factory
[07:41:33] research: blocked research_intergalactic_research_network (building_laboratory 9/10)
[2026-05-12 07:41:54] ==== loop 99/∞ | seed=124022544596152605 archetype=turbo personality=tecnologico focus=eco actions_per_loop=2 ====
[07:41:54] planet 43: queue busy, throttled building_robot_factory
[07:41:54] research: blocked research_intergalactic_research_network (building_laboratory 9/10)
[2026-05-12 07:42:15] ==== loop 100/∞ | seed=124022544596152605 archetype=turbo personality=tecnologico focus=eco actions_per_loop=2 ====
[07:42:15] planet 43: queue busy, throttled building_robot_factory
[07:42:15] planet 43: queue busy, throttled building_robot_factory
[07:42:15] research: blocked research_intergalactic_research_network (building_laboratory 9/10)
[2026-05-12 07:42:37] ==== loop 101/∞ | seed=124022544596152605 archetype=turbo personality=tecnologico focus=eco actions_per_loop=2 ====
[07:42:37] planet 43: queue busy, throttled building_robot_factory
[07:42:37] planet 43: queue busy, throttled building_robot_factory
[2026-05-12 07:42:59] ==== loop 102/∞ | seed=124022544596152605 archetype=turbo personality=tecnologico focus=eco actions_per_loop=2 ====
[07:43:00] planet 43: building queue full (5)
[2026-05-12 07:43:20] ==== loop 103/∞ | seed=124022544596152605 archetype=turbo personality=tecnologico focus=eco actions_per_loop=2 ====
[07:43:20] planet 43: building queue full (5)
[2026-05-12 07:43:42] ==== loop 104/∞ | seed=124022544596152605 archetype=turbo personality=tecnologico focus=eco actions_per_loop=2 ====
[07:43:43] planet 43: building queue full (5)
[07:43:43] planet 43: building queue full (5)
[07:43:43] research: blocked research_intergalactic_research_network (building_laboratory 9/10)
[2026-05-12 07:44:04] ==== loop 105/∞ | seed=124022544596152605 archetype=turbo personality=tecnologico focus=eco actions_per_loop=2 ====
[07:44:06] planet 43: building queue full (5)
[07:44:06] planet 43: building queue full (5)
[07:44:06] research: blocked research_intergalactic_research_network (building_laboratory 9/10)
[2026-05-12 07:44:27] ==== loop 106/∞ | seed=124022544596152605 archetype=turbo personality=tecnologico focus=eco actions_per_loop=2 ====
[07:44:29] planet 43: queued ship_solar_satellite +11
[07:44:29] planet 43: queued building_metal_mine to 27
[2026-05-12 07:44:51] ==== loop 107/∞ | seed=124022544596152605 archetype=turbo personality=tecnologico focus=eco actions_per_loop=2 ====
[07:44:51] planet 43: queue busy, throttled building_robot_factory
[07:44:51] planet 43: queue busy, throttled building_robot_factory
[07:44:51] research: blocked research_intergalactic_research_network (building_laboratory 9/10)
[2026-05-12 07:45:12] ==== loop 108/∞ | seed=124022544596152605 archetype=turbo personality=tecnologico focus=eco actions_per_loop=2 ====
[07:45:12] planet 43: queue busy, throttled building_robot_factory
[07:45:12] planet 43: queue busy, throttled building_robot_factory
[07:45:12] research: blocked research_intergalactic_research_network (building_laboratory 9/10)
[2026-05-12 07:45:33] ==== loop 109/∞ | seed=124022544596152605 archetype=turbo personality=tecnologico focus=eco actions_per_loop=2 ====
[07:45:33] planet 43: queue busy, throttled building_robot_factory
[07:45:33] planet 43: queue busy, throttled building_robot_factory
[07:45:33] research: blocked research_intergalactic_research_network (building_laboratory 9/10)
[2026-05-12 07:45:54] ==== loop 110/∞ | seed=124022544596152605 archetype=turbo personality=tecnologico focus=eco actions_per_loop=2 ====
[07:45:54] planet 43: queue busy, throttled building_robot_factory
[07:45:54] planet 43: queue busy, throttled building_robot_factory
[2026-05-12 07:46:14] ==== loop 111/∞ | seed=124022544596152605 archetype=turbo personality=tecnologico focus=eco actions_per_loop=2 ====
[07:46:14] planet 43: queue busy, throttled building_robot_factory
[07:46:14] planet 43: queue busy, throttled building_robot_factory
[07:46:14] research: blocked research_intergalactic_research_network (building_laboratory 9/10)
[2026-05-12 07:46:37] ==== loop 112/∞ | seed=124022544596152605 archetype=turbo personality=tecnologico focus=eco actions_per_loop=2 ====
[07:46:37] planet 43: queue busy, throttled building_robot_factory
[2026-05-12 07:46:56] ==== loop 113/∞ | seed=124022544596152605 archetype=turbo personality=tecnologico focus=eco actions_per_loop=2 ====
[07:46:56] planet 43: queue busy, throttled building_robot_factory
[07:46:56] planet 43: queue busy, throttled building_robot_factory
[2026-05-12 07:47:16] ==== loop 114/∞ | seed=124022544596152605 archetype=turbo personality=tecnologico focus=eco actions_per_loop=2 ====
[07:47:16] planet 43: queue busy, throttled building_robot_factory
[07:47:16] planet 43: queue busy, throttled building_robot_factory
[07:47:16] research: blocked research_intergalactic_research_network (building_laboratory 9/10)
[2026-05-12 07:47:38] ==== loop 115/∞ | seed=124022544596152605 archetype=turbo personality=tecnologico focus=eco actions_per_loop=2 ====
[07:47:38] planet 43: queue busy, throttled building_robot_factory
[07:47:38] planet 43: queue busy, throttled building_robot_factory
[07:47:38] research: blocked research_intergalactic_research_network (building_laboratory 9/10)
[2026-05-12 07:47:58] ==== loop 116/∞ | seed=124022544596152605 archetype=turbo personality=tecnologico focus=eco actions_per_loop=2 ====
[07:47:58] planet 43: queue busy, throttled building_robot_factory
[07:47:58] planet 43: queue busy, throttled building_robot_factory
[07:47:58] research: blocked research_intergalactic_research_network (building_laboratory 9/10)
[2026-05-12 07:48:17] ==== loop 117/∞ | seed=124022544596152605 archetype=turbo personality=tecnologico focus=eco actions_per_loop=2 ====
[07:48:17] planet 43: queue busy, throttled building_robot_factory
[07:48:17] planet 43: queue busy, throttled building_robot_factory
[2026-05-12 07:48:38] ==== loop 118/∞ | seed=124022544596152605 archetype=turbo personality=tecnologico focus=eco actions_per_loop=2 ====
[07:48:38] planet 43: queue busy, throttled building_robot_factory
[07:48:38] planet 43: queue busy, throttled building_robot_factory
[07:48:38] research: blocked research_intergalactic_research_network (building_laboratory 9/10)
[2026-05-12 07:48:56] ==== loop 119/∞ | seed=124022544596152605 archetype=turbo personality=tecnologico focus=eco actions_per_loop=2 ====
[07:48:56] planet 43: queue busy, throttled building_robot_factory
[07:48:56] research: blocked research_intergalactic_research_network (building_laboratory 9/10)
[2026-05-12 07:49:17] ==== loop 120/∞ | seed=124022544596152605 archetype=turbo personality=tecnologico focus=eco actions_per_loop=2 ====
[07:49:17] planet 43: queue busy, throttled building_robot_factory
[07:49:17] research: blocked research_intergalactic_research_network (building_laboratory 9/10)
[2026-05-12 07:49:34] ==== loop 121/∞ | seed=124022544596152605 archetype=turbo personality=tecnologico focus=eco actions_per_loop=2 ====
[07:49:34] planet 43: queue busy, throttled building_robot_factory
[07:49:34] planet 43: queue busy, throttled building_robot_factory
[07:49:34] research: blocked research_intergalactic_research_network (building_laboratory 9/10)
[2026-05-12 07:49:58] ==== loop 122/∞ | seed=124022544596152605 archetype=turbo personality=tecnologico focus=eco actions_per_loop=2 ====
[07:49:58] planet 43: queue busy, throttled building_robot_factory
[07:49:58] research: blocked research_intergalactic_research_network (building_laboratory 9/10)
[2026-05-12 07:50:18] ==== loop 123/∞ | seed=124022544596152605 archetype=turbo personality=tecnologico focus=eco actions_per_loop=2 ====
[07:50:18] planet 43: queue busy, throttled building_robot_factory
[07:50:18] planet 43: queue busy, throttled building_robot_factory
[2026-05-12 07:50:39] ==== loop 124/∞ | seed=124022544596152605 archetype=turbo personality=tecnologico focus=eco actions_per_loop=2 ====
[07:50:39] planet 43: queue busy, throttled building_robot_factory
[07:50:39] planet 43: queue busy, throttled building_robot_factory
[07:50:39] research: blocked research_intergalactic_research_network (building_laboratory 9/10)
[2026-05-12 07:50:58] ==== loop 125/∞ | seed=124022544596152605 archetype=turbo personality=tecnologico focus=eco actions_per_loop=2 ====
[07:50:58] planet 43: queue busy, throttled building_robot_factory
[07:50:58] planet 43: queue busy, throttled building_robot_factory
[2026-05-12 07:51:18] ==== loop 126/∞ | seed=124022544596152605 archetype=turbo personality=tecnologico focus=eco actions_per_loop=2 ====
[07:51:18] planet 43: queue busy, throttled building_robot_factory
[07:51:18] planet 43: queue busy, throttled building_robot_factory
[07:51:18] research: blocked research_intergalactic_research_network (building_laboratory 9/10)
[2026-05-12 07:51:36] ==== loop 127/∞ | seed=124022544596152605 archetype=turbo personality=tecnologico focus=eco actions_per_loop=2 ====
[07:51:36] planet 43: queue busy, throttled building_robot_factory
[2026-05-12 07:51:57] ==== loop 128/∞ | seed=124022544596152605 archetype=turbo personality=tecnologico focus=eco actions_per_loop=2 ====
[07:51:57] planet 43: queue busy, throttled building_robot_factory
[2026-05-12 07:52:15] ==== loop 129/∞ | seed=124022544596152605 archetype=turbo personality=tecnologico focus=eco actions_per_loop=2 ====
[07:52:15] planet 43: queue busy, throttled building_robot_factory
[07:52:15] planet 43: queue busy, throttled building_robot_factory
[07:52:15] research: blocked research_intergalactic_research_network (building_laboratory 9/10)
[2026-05-12 07:52:34] ==== loop 130/∞ | seed=124022544596152605 archetype=turbo personality=tecnologico focus=eco actions_per_loop=2 ====
[07:52:34] planet 43: queue busy, throttled building_robot_factory
[07:52:34] planet 43: queue busy, throttled building_robot_factory
[2026-05-12 07:52:55] ==== loop 131/∞ | seed=124022544596152605 archetype=turbo personality=tecnologico focus=eco actions_per_loop=2 ====
[07:52:55] planet 43: queue busy, throttled building_robot_factory
[07:52:55] research: blocked research_intergalactic_research_network (building_laboratory 9/10)
[2026-05-12 07:53:15] ==== loop 132/∞ | seed=124022544596152605 archetype=turbo personality=tecnologico focus=eco actions_per_loop=2 ====
[07:53:15] planet 43: queue busy, throttled building_robot_factory
[07:53:15] planet 43: queue busy, throttled building_robot_factory
[2026-05-12 07:53:35] ==== loop 133/∞ | seed=124022544596152605 archetype=turbo personality=tecnologico focus=eco actions_per_loop=2 ====
[07:53:35] planet 43: queue busy, throttled building_robot_factory
[07:53:35] planet 43: queue busy, throttled building_robot_factory
[07:53:35] research: blocked research_intergalactic_research_network (building_laboratory 9/10)
[2026-05-12 07:53:54] ==== loop 134/∞ | seed=124022544596152605 archetype=turbo personality=tecnologico focus=eco actions_per_loop=2 ====
[07:53:54] planet 43: queue busy, throttled building_robot_factory
[07:53:54] planet 43: queue busy, throttled building_robot_factory
[07:53:54] research: blocked research_intergalactic_research_network (building_laboratory 9/10)
[2026-05-12 07:54:13] ==== loop 135/∞ | seed=124022544596152605 archetype=turbo personality=tecnologico focus=eco actions_per_loop=2 ====
[07:54:13] planet 43: queue busy, throttled building_robot_factory
[07:54:13] planet 43: queue busy, throttled building_robot_factory
[07:54:13] research: blocked research_intergalactic_research_network (building_laboratory 9/10)
[2026-05-12 07:54:33] ==== loop 136/∞ | seed=124022544596152605 archetype=turbo personality=tecnologico focus=eco actions_per_loop=2 ====
[07:54:33] planet 43: queue busy, throttled building_robot_factory
[07:54:33] research: blocked research_intergalactic_research_network (building_laboratory 9/10)
[2026-05-12 07:54:53] ==== loop 137/∞ | seed=124022544596152605 archetype=turbo personality=tecnologico focus=eco actions_per_loop=2 ====
[07:54:53] planet 43: queue busy, throttled building_robot_factory
[07:54:53] planet 43: queue busy, throttled building_robot_factory
[07:54:53] research: blocked research_intergalactic_research_network (building_laboratory 9/10)
[2026-05-12 07:55:13] ==== loop 138/∞ | seed=124022544596152605 archetype=turbo personality=tecnologico focus=eco actions_per_loop=2 ====
[07:55:13] planet 43: queue busy, throttled building_robot_factory
[07:55:13] planet 43: queue busy, throttled building_robot_factory
[07:55:13] research: blocked research_intergalactic_research_network (building_laboratory 9/10)
[2026-05-12 07:55:35] ==== loop 139/∞ | seed=124022544596152605 archetype=turbo personality=tecnologico focus=eco actions_per_loop=2 ====
[07:55:35] planet 43: queue busy, throttled building_robot_factory
[07:55:35] planet 43: queue busy, throttled building_robot_factory
[2026-05-12 07:55:57] ==== loop 140/∞ | seed=124022544596152605 archetype=turbo personality=tecnologico focus=eco actions_per_loop=2 ====
[07:55:57] planet 43: queue busy, throttled building_robot_factory
[07:55:57] planet 43: queue busy, throttled building_robot_factory
[07:55:57] research: blocked research_intergalactic_research_network (building_laboratory 9/10)
[2026-05-12 07:56:17] ==== loop 141/∞ | seed=124022544596152605 archetype=turbo personality=tecnologico focus=eco actions_per_loop=2 ====
[07:56:17] planet 43: queue busy, throttled building_robot_factory
[07:56:17] research: blocked research_intergalactic_research_network (building_laboratory 9/10)
[2026-05-12 07:56:38] ==== loop 142/∞ | seed=124022544596152605 archetype=turbo personality=tecnologico focus=eco actions_per_loop=2 ====
[07:56:38] planet 43: queue busy, throttled building_robot_factory
[07:56:38] planet 43: queue busy, throttled building_robot_factory
[2026-05-12 07:56:57] ==== loop 143/∞ | seed=124022544596152605 archetype=turbo personality=tecnologico focus=eco actions_per_loop=2 ====
[07:56:57] planet 43: queue busy, throttled building_robot_factory
[07:56:57] planet 43: queue busy, throttled building_robot_factory
[07:56:57] research: blocked research_intergalactic_research_network (building_laboratory 9/10)
[2026-05-12 07:57:17] ==== loop 144/∞ | seed=124022544596152605 archetype=turbo personality=tecnologico focus=eco actions_per_loop=2 ====
[07:57:17] planet 43: queue busy, throttled building_robot_factory
[07:57:17] planet 43: queue busy, throttled building_robot_factory
[2026-05-12 07:57:34] ==== loop 145/∞ | seed=124022544596152605 archetype=turbo personality=tecnologico focus=eco actions_per_loop=2 ====
[07:57:34] planet 43: queue busy, throttled building_robot_factory
[07:57:34] planet 43: queue busy, throttled building_robot_factory
[2026-05-12 07:57:53] ==== loop 146/∞ | seed=124022544596152605 archetype=turbo personality=tecnologico focus=eco actions_per_loop=2 ====
[07:57:53] planet 43: queue busy, throttled building_robot_factory
[07:57:53] planet 43: queue busy, throttled building_robot_factory
[2026-05-12 07:58:17] ==== loop 147/∞ | seed=124022544596152605 archetype=turbo personality=tecnologico focus=eco actions_per_loop=2 ====
[07:58:17] planet 43: queue busy, throttled building_robot_factory
[07:58:17] planet 43: queue busy, throttled building_robot_factory
[07:58:17] research: blocked research_intergalactic_research_network (building_laboratory 9/10)
[2026-05-12 07:58:40] ==== loop 148/∞ | seed=124022544596152605 archetype=turbo personality=tecnologico focus=eco actions_per_loop=2 ====
[07:58:40] planet 43: queue busy, throttled building_robot_factory
[07:58:40] research: blocked research_intergalactic_research_network (building_laboratory 9/10)
[2026-05-12 07:59:03] ==== loop 149/∞ | seed=124022544596152605 archetype=turbo personality=tecnologico focus=eco actions_per_loop=2 ====
[07:59:03] planet 43: queue busy, throttled building_robot_factory
[07:59:03] planet 43: queue busy, throttled building_robot_factory
[2026-05-12 07:59:26] ==== loop 150/∞ | seed=124022544596152605 archetype=turbo personality=tecnologico focus=eco actions_per_loop=2 ====
[07:59:26] planet 43: queue busy, throttled building_robot_factory
[07:59:26] planet 43: queue busy, throttled building_robot_factory
[07:59:26] research: blocked research_intergalactic_research_network (building_laboratory 9/10)
[2026-05-12 07:59:47] ==== loop 151/∞ | seed=124022544596152605 archetype=turbo personality=tecnologico focus=eco actions_per_loop=2 ====
[07:59:47] planet 43: queue busy, throttled building_robot_factory
[07:59:47] planet 43: queue busy, throttled building_robot_factory
[2026-05-12 08:00:09] ==== loop 152/∞ | seed=124022544596152605 archetype=turbo personality=tecnologico focus=eco actions_per_loop=2 ====
[08:00:09] planet 43: queue busy, throttled building_robot_factory
[08:00:09] planet 43: queue busy, throttled building_robot_factory
[08:00:09] research: blocked research_intergalactic_research_network (building_laboratory 9/10)
[2026-05-12 08:00:29] ==== loop 153/∞ | seed=124022544596152605 archetype=turbo personality=tecnologico focus=eco actions_per_loop=2 ====
[08:00:29] planet 43: queue busy, throttled building_robot_factory
[08:00:29] research: blocked research_intergalactic_research_network (building_laboratory 9/10)
[2026-05-12 08:00:51] ==== loop 154/∞ | seed=124022544596152605 archetype=turbo personality=tecnologico focus=eco actions_per_loop=2 ====
[08:00:52] planet 43: queue busy, throttled building_robot_factory
[2026-05-12 08:01:13] ==== loop 155/∞ | seed=124022544596152605 archetype=turbo personality=tecnologico focus=eco actions_per_loop=2 ====
[08:01:13] planet 43: queue busy, throttled building_robot_factory
[08:01:13] planet 43: queue busy, throttled building_robot_factory
[2026-05-12 08:01:33] ==== loop 156/∞ | seed=124022544596152605 archetype=turbo personality=tecnologico focus=eco actions_per_loop=2 ====
[08:01:33] planet 43: queue busy, throttled building_robot_factory
[08:01:33] planet 43: queue busy, throttled building_robot_factory
[08:01:33] research: blocked research_intergalactic_research_network (building_laboratory 9/10)
[2026-05-12 08:01:53] ==== loop 157/∞ | seed=124022544596152605 archetype=turbo personality=tecnologico focus=eco actions_per_loop=2 ====
[08:01:53] planet 43: queue busy, throttled building_robot_factory
[08:01:53] research: blocked research_intergalactic_research_network (building_laboratory 9/10)
[2026-05-12 08:02:17] ==== loop 158/∞ | seed=124022544596152605 archetype=turbo personality=tecnologico focus=eco actions_per_loop=2 ====
[08:02:17] planet 43: queue busy, throttled building_robot_factory
[08:02:17] planet 43: queue busy, throttled building_robot_factory
[08:02:17] research: blocked research_intergalactic_research_network (building_laboratory 9/10)
[2026-05-12 08:02:36] ==== loop 159/∞ | seed=124022544596152605 archetype=turbo personality=tecnologico focus=eco actions_per_loop=2 ====
[08:02:36] planet 43: queue busy, throttled building_robot_factory
[08:02:36] planet 43: queue busy, throttled building_robot_factory
[08:02:36] research: blocked research_intergalactic_research_network (building_laboratory 9/10)
[2026-05-12 08:02:55] ==== loop 160/∞ | seed=124022544596152605 archetype=turbo personality=tecnologico focus=eco actions_per_loop=2 ====
[08:02:55] planet 43: queue busy, throttled building_robot_factory
[08:02:55] planet 43: queue busy, throttled building_robot_factory
[2026-05-12 08:03:14] ==== loop 161/∞ | seed=124022544596152605 archetype=turbo personality=tecnologico focus=eco actions_per_loop=2 ====
[08:03:14] planet 43: queue busy, throttled building_robot_factory
[08:03:14] planet 43: queue busy, throttled building_robot_factory
[2026-05-12 08:03:35] ==== loop 162/∞ | seed=124022544596152605 archetype=turbo personality=tecnologico focus=eco actions_per_loop=2 ====
[08:03:35] planet 43: queue busy, throttled building_robot_factory
[08:03:35] planet 43: queue busy, throttled building_robot_factory
[08:03:35] research: blocked research_intergalactic_research_network (building_laboratory 9/10)
[2026-05-12 08:03:54] ==== loop 163/∞ | seed=124022544596152605 archetype=turbo personality=tecnologico focus=eco actions_per_loop=2 ====
[08:03:54] planet 43: queue busy, throttled building_robot_factory
[2026-05-12 08:04:14] ==== loop 164/∞ | seed=124022544596152605 archetype=turbo personality=tecnologico focus=eco actions_per_loop=2 ====
[08:04:14] planet 43: queue busy, throttled building_robot_factory
[08:04:14] planet 43: queue busy, throttled building_robot_factory
[08:04:14] research: blocked research_intergalactic_research_network (building_laboratory 9/10)
[2026-05-12 08:04:32] ==== loop 165/∞ | seed=124022544596152605 archetype=turbo personality=tecnologico focus=eco actions_per_loop=2 ====
[08:04:32] planet 43: queue busy, throttled building_robot_factory
[08:04:32] planet 43: queue busy, throttled building_robot_factory
[2026-05-12 08:04:56] ==== loop 166/∞ | seed=124022544596152605 archetype=turbo personality=tecnologico focus=eco actions_per_loop=2 ====
[08:04:56] planet 43: queue busy, throttled building_robot_factory
[08:04:56] planet 43: queue busy, throttled building_robot_factory
[08:04:56] research: blocked research_intergalactic_research_network (building_laboratory 9/10)
[2026-05-12 08:05:19] ==== loop 167/∞ | seed=124022544596152605 archetype=turbo personality=tecnologico focus=eco actions_per_loop=2 ====
[08:05:19] planet 43: queue busy, throttled building_robot_factory
[08:05:19] planet 43: queue busy, throttled building_robot_factory
[08:05:19] research: blocked research_intergalactic_research_network (building_laboratory 9/10)
[2026-05-12 08:05:40] ==== loop 168/∞ | seed=124022544596152605 archetype=turbo personality=tecnologico focus=eco actions_per_loop=2 ====
[08:05:40] planet 43: queue busy, throttled building_robot_factory
[08:05:40] planet 43: queue busy, throttled building_robot_factory
[08:05:40] research: blocked research_intergalactic_research_network (building_laboratory 9/10)
[2026-05-12 08:06:00] ==== loop 169/∞ | seed=124022544596152605 archetype=turbo personality=tecnologico focus=eco actions_per_loop=2 ====
[08:06:00] planet 43: queue busy, throttled building_robot_factory
[08:06:00] planet 43: queue busy, throttled building_robot_factory
[2026-05-12 08:06:19] ==== loop 170/∞ | seed=124022544596152605 archetype=turbo personality=tecnologico focus=eco actions_per_loop=2 ====
[08:06:19] planet 43: queue busy, throttled building_robot_factory
[08:06:19] planet 43: queue busy, throttled building_robot_factory
[08:06:19] research: blocked research_intergalactic_research_network (building_laboratory 9/10)
[2026-05-12 08:06:38] ==== loop 171/∞ | seed=124022544596152605 archetype=turbo personality=tecnologico focus=eco actions_per_loop=2 ====
[08:06:38] planet 43: queue busy, throttled building_robot_factory
[08:06:38] research: blocked research_intergalactic_research_network (building_laboratory 9/10)
[2026-05-12 08:07:00] ==== loop 172/∞ | seed=124022544596152605 archetype=turbo personality=tecnologico focus=eco actions_per_loop=2 ====
[08:07:00] planet 43: queue busy, throttled building_robot_factory
[08:07:00] planet 43: queue busy, throttled building_robot_factory
[08:07:00] research: blocked research_intergalactic_research_network (building_laboratory 9/10)
[2026-05-12 08:07:20] ==== loop 173/∞ | seed=124022544596152605 archetype=turbo personality=tecnologico focus=eco actions_per_loop=2 ====
[08:07:20] planet 43: queue busy, throttled building_robot_factory
[2026-05-12 08:07:42] ==== loop 174/∞ | seed=124022544596152605 archetype=turbo personality=tecnologico focus=eco actions_per_loop=2 ====
[08:07:42] planet 43: queue busy, throttled building_robot_factory
[08:07:42] planet 43: queue busy, throttled building_robot_factory
[08:07:42] research: blocked research_intergalactic_research_network (building_laboratory 9/10)
[2026-05-12 08:08:02] ==== loop 175/∞ | seed=124022544596152605 archetype=turbo personality=tecnologico focus=eco actions_per_loop=2 ====
[08:08:02] planet 43: queue busy, throttled building_robot_factory
[08:08:02] planet 43: queue busy, throttled building_robot_factory
[08:08:02] research: blocked research_intergalactic_research_network (building_laboratory 9/10)
[2026-05-12 08:08:24] ==== loop 176/∞ | seed=124022544596152605 archetype=turbo personality=tecnologico focus=eco actions_per_loop=2 ====
[08:08:24] planet 43: queue busy, throttled building_robot_factory
[08:08:24] research: blocked research_intergalactic_research_network (building_laboratory 9/10)
[2026-05-12 08:08:47] ==== loop 177/∞ | seed=124022544596152605 archetype=turbo personality=tecnologico focus=eco actions_per_loop=2 ====
[08:08:47] planet 43: queue busy, throttled building_robot_factory
[08:08:47] research: blocked research_intergalactic_research_network (building_laboratory 9/10)
[2026-05-12 08:09:09] ==== loop 178/∞ | seed=124022544596152605 archetype=turbo personality=tecnologico focus=eco actions_per_loop=2 ====
[08:09:09] planet 43: queue busy, throttled building_robot_factory
[08:09:09] research: blocked research_intergalactic_research_network (building_laboratory 9/10)
[2026-05-12 08:09:31] ==== loop 179/∞ | seed=124022544596152605 archetype=turbo personality=tecnologico focus=eco actions_per_loop=2 ====
[08:09:31] planet 43: queue busy, throttled building_robot_factory
[08:09:31] planet 43: queue busy, throttled building_robot_factory
[08:09:31] research: blocked research_intergalactic_research_network (building_laboratory 9/10)
[2026-05-12 08:09:50] ==== loop 180/∞ | seed=124022544596152605 archetype=turbo personality=tecnologico focus=eco actions_per_loop=2 ====
[08:09:51] planet 43: queue busy, throttled building_robot_factory
[08:09:51] planet 43: queue busy, throttled building_robot_factory
[08:09:51] research: blocked research_intergalactic_research_network (building_laboratory 9/10)
[2026-05-12 08:10:13] ==== loop 181/∞ | seed=124022544596152605 archetype=turbo personality=tecnologico focus=eco actions_per_loop=2 ====
[08:10:13] planet 43: queue busy, throttled building_robot_factory
[2026-05-12 08:10:36] ==== loop 182/∞ | seed=124022544596152605 archetype=turbo personality=tecnologico focus=eco actions_per_loop=2 ====
[08:10:36] planet 43: queue busy, throttled building_robot_factory
[08:10:36] planet 43: queue busy, throttled building_robot_factory
[08:10:36] research: blocked research_intergalactic_research_network (building_laboratory 9/10)
[2026-05-12 08:10:59] ==== loop 183/∞ | seed=124022544596152605 archetype=turbo personality=tecnologico focus=eco actions_per_loop=2 ====
[08:10:59] planet 43: queue busy, throttled building_robot_factory
[08:10:59] research: blocked research_intergalactic_research_network (building_laboratory 9/10)
[2026-05-12 08:11:23] ==== loop 184/∞ | seed=124022544596152605 archetype=turbo personality=tecnologico focus=eco actions_per_loop=2 ====
[08:11:23] planet 43: queue busy, throttled building_robot_factory
[08:11:23] planet 43: queue busy, throttled building_robot_factory
[08:11:23] research: blocked research_intergalactic_research_network (building_laboratory 9/10)
[2026-05-12 08:11:43] ==== loop 185/∞ | seed=124022544596152605 archetype=turbo personality=tecnologico focus=eco actions_per_loop=2 ====
[08:11:43] planet 43: queue busy, throttled building_robot_factory
[08:11:43] planet 43: queue busy, throttled building_robot_factory
[2026-05-12 08:12:02] ==== loop 186/∞ | seed=124022544596152605 archetype=turbo personality=tecnologico focus=eco actions_per_loop=2 ====
[08:12:02] planet 43: queue busy, throttled building_robot_factory
[08:12:02] planet 43: queue busy, throttled building_robot_factory
[08:12:02] research: blocked research_intergalactic_research_network (building_laboratory 9/10)
[2026-05-12 08:12:25] ==== loop 187/∞ | seed=124022544596152605 archetype=turbo personality=tecnologico focus=eco actions_per_loop=2 ====
[08:12:25] planet 43: queue busy, throttled building_robot_factory
[2026-05-12 08:12:47] ==== loop 188/∞ | seed=124022544596152605 archetype=turbo personality=tecnologico focus=eco actions_per_loop=2 ====
[08:12:47] planet 43: queue busy, throttled building_robot_factory
[08:12:47] planet 43: queue busy, throttled building_robot_factory
[08:12:47] research: blocked research_intergalactic_research_network (building_laboratory 9/10)
[2026-05-12 08:13:09] ==== loop 189/∞ | seed=124022544596152605 archetype=turbo personality=tecnologico focus=eco actions_per_loop=2 ====
[08:13:09] planet 43: queue busy, throttled building_robot_factory
[08:13:09] research: blocked research_intergalactic_research_network (building_laboratory 9/10)
[2026-05-12 08:13:32] ==== loop 190/∞ | seed=124022544596152605 archetype=turbo personality=tecnologico focus=eco actions_per_loop=2 ====
[08:13:32] planet 43: queue busy, throttled building_robot_factory
[08:13:32] research: blocked research_intergalactic_research_network (building_laboratory 9/10)
[2026-05-12 08:13:55] ==== loop 191/∞ | seed=124022544596152605 archetype=turbo personality=tecnologico focus=eco actions_per_loop=2 ====
[08:13:55] planet 43: queue busy, throttled building_robot_factory
[08:13:55] planet 43: queue busy, throttled building_robot_factory
[08:13:55] research: blocked research_intergalactic_research_network (building_laboratory 9/10)
[2026-05-12 08:14:18] ==== loop 192/∞ | seed=124022544596152605 archetype=turbo personality=tecnologico focus=eco actions_per_loop=2 ====
[08:14:18] planet 43: queue busy, throttled building_robot_factory
[08:14:18] research: blocked research_intergalactic_research_network (building_laboratory 9/10)
[2026-05-12 08:14:38] ==== loop 193/∞ | seed=124022544596152605 archetype=turbo personality=tecnologico focus=eco actions_per_loop=2 ====
[08:14:38] planet 43: queue busy, throttled building_robot_factory
[08:14:38] planet 43: queue busy, throttled building_robot_factory
[2026-05-12 08:15:01] ==== loop 194/∞ | seed=124022544596152605 archetype=turbo personality=tecnologico focus=eco actions_per_loop=2 ====
[08:15:01] planet 43: queue busy, throttled building_robot_factory
[08:15:01] planet 43: queue busy, throttled building_robot_factory
[2026-05-12 08:15:24] ==== loop 195/∞ | seed=124022544596152605 archetype=turbo personality=tecnologico focus=eco actions_per_loop=2 ====
[08:15:24] planet 43: queue busy, throttled building_robot_factory
[08:15:24] research: blocked research_intergalactic_research_network (building_laboratory 9/10)
[2026-05-12 08:15:46] ==== loop 196/∞ | seed=124022544596152605 archetype=turbo personality=tecnologico focus=eco actions_per_loop=2 ====
[08:15:46] planet 43: queue busy, throttled building_robot_factory
[08:15:46] planet 43: queue busy, throttled building_robot_factory
[08:15:46] research: blocked research_intergalactic_research_network (building_laboratory 9/10)
[2026-05-12 08:16:10] ==== loop 197/∞ | seed=124022544596152605 archetype=turbo personality=tecnologico focus=eco actions_per_loop=2 ====
[08:16:10] planet 43: queue busy, throttled building_robot_factory
[08:16:10] planet 43: queue busy, throttled building_robot_factory
[2026-05-12 08:16:32] ==== loop 198/∞ | seed=124022544596152605 archetype=turbo personality=tecnologico focus=eco actions_per_loop=2 ====
[08:16:32] planet 43: queue busy, throttled building_robot_factory
[08:16:32] research: blocked research_intergalactic_research_network (building_laboratory 9/10)
[2026-05-12 08:16:53] ==== loop 199/∞ | seed=124022544596152605 archetype=turbo personality=tecnologico focus=eco actions_per_loop=2 ====
[08:16:53] planet 43: queue busy, throttled building_robot_factory
[08:16:53] research: blocked research_intergalactic_research_network (building_laboratory 9/10)
[2026-05-12 08:17:15] ==== loop 200/∞ | seed=124022544596152605 archetype=turbo personality=tecnologico focus=eco actions_per_loop=2 ====
[08:17:15] planet 43: queue busy, throttled building_robot_factory
[2026-05-12 08:17:39] ==== loop 201/∞ | seed=124022544596152605 archetype=turbo personality=tecnologico focus=eco actions_per_loop=2 ====
[08:17:39] planet 43: queue busy, throttled building_robot_factory
[08:17:39] planet 43: queue busy, throttled building_robot_factory
[08:17:39] research: blocked research_intergalactic_research_network (building_laboratory 9/10)
[2026-05-12 08:17:59] ==== loop 202/∞ | seed=124022544596152605 archetype=turbo personality=tecnologico focus=eco actions_per_loop=2 ====
[08:17:59] planet 43: queue busy, throttled building_robot_factory
[08:17:59] planet 43: queue busy, throttled building_robot_factory
[08:17:59] research: blocked research_intergalactic_research_network (building_laboratory 9/10)
[2026-05-12 08:18:23] ==== loop 203/∞ | seed=124022544596152605 archetype=turbo personality=tecnologico focus=eco actions_per_loop=2 ====
[08:18:23] planet 43: queue busy, throttled building_robot_factory
[08:18:23] planet 43: queue busy, throttled building_robot_factory
[08:18:23] research: blocked research_intergalactic_research_network (building_laboratory 9/10)
[2026-05-12 08:18:45] ==== loop 204/∞ | seed=124022544596152605 archetype=turbo personality=tecnologico focus=eco actions_per_loop=2 ====
[08:18:45] planet 43: queue busy, throttled building_robot_factory
[08:18:45] research: blocked research_intergalactic_research_network (building_laboratory 9/10)
[2026-05-12 08:19:09] ==== loop 205/∞ | seed=124022544596152605 archetype=turbo personality=tecnologico focus=eco actions_per_loop=2 ====
[08:19:09] planet 43: queue busy, throttled building_robot_factory
[08:19:09] planet 43: queue busy, throttled building_robot_factory
[2026-05-12 08:19:29] ==== loop 206/∞ | seed=124022544596152605 archetype=turbo personality=tecnologico focus=eco actions_per_loop=2 ====
[08:19:29] planet 43: queue busy, throttled building_robot_factory
[08:19:29] planet 43: queue busy, throttled building_robot_factory
[08:19:29] research: blocked research_intergalactic_research_network (building_laboratory 9/10)
[2026-05-12 08:19:47] ==== loop 207/∞ | seed=124022544596152605 archetype=turbo personality=tecnologico focus=eco actions_per_loop=2 ====
[08:19:47] planet 43: queue busy, throttled building_robot_factory
[2026-05-12 08:20:09] ==== loop 208/∞ | seed=124022544596152605 archetype=turbo personality=tecnologico focus=eco actions_per_loop=2 ====
[08:20:09] planet 43: queue busy, throttled building_robot_factory
[2026-05-12 08:20:32] ==== loop 209/∞ | seed=124022544596152605 archetype=turbo personality=tecnologico focus=eco actions_per_loop=2 ====
[08:20:32] planet 43: queue busy, throttled building_robot_factory
[08:20:32] planet 43: queue busy, throttled building_robot_factory
[08:20:32] research: blocked research_intergalactic_research_network (building_laboratory 9/10)
[2026-05-12 08:20:55] ==== loop 210/∞ | seed=124022544596152605 archetype=turbo personality=tecnologico focus=eco actions_per_loop=2 ====
[08:20:55] planet 43: queue busy, throttled building_robot_factory
[08:20:55] planet 43: queue busy, throttled building_robot_factory
[08:20:55] research: blocked research_intergalactic_research_network (building_laboratory 9/10)
[2026-05-12 08:21:18] ==== loop 211/∞ | seed=124022544596152605 archetype=turbo personality=tecnologico focus=eco actions_per_loop=2 ====
[08:21:18] planet 43: queue busy, throttled building_robot_factory
[08:21:18] research: blocked research_intergalactic_research_network (building_laboratory 9/10)
[2026-05-12 08:21:40] ==== loop 212/∞ | seed=124022544596152605 archetype=turbo personality=tecnologico focus=eco actions_per_loop=2 ====
[08:21:40] planet 43: queue busy, throttled building_robot_factory
[08:21:40] planet 43: queue busy, throttled building_robot_factory
[2026-05-12 08:22:01] ==== loop 213/∞ | seed=124022544596152605 archetype=turbo personality=tecnologico focus=eco actions_per_loop=2 ====
[08:22:01] planet 43: queue busy, throttled building_robot_factory
[08:22:01] planet 43: queue busy, throttled building_robot_factory
[08:22:01] research: blocked research_intergalactic_research_network (building_laboratory 9/10)
[2026-05-12 08:22:22] ==== loop 214/∞ | seed=124022544596152605 archetype=turbo personality=tecnologico focus=eco actions_per_loop=2 ====
[08:22:22] planet 43: queue busy, throttled building_robot_factory
[08:22:22] planet 43: queue busy, throttled building_robot_factory
[08:22:22] research: blocked research_intergalactic_research_network (building_laboratory 9/10)
[2026-05-12 08:22:44] ==== loop 215/∞ | seed=124022544596152605 archetype=turbo personality=tecnologico focus=eco actions_per_loop=2 ====
[08:22:44] planet 43: queue busy, throttled building_robot_factory
[2026-05-12 08:23:04] ==== loop 216/∞ | seed=124022544596152605 archetype=turbo personality=tecnologico focus=eco actions_per_loop=2 ====
[08:23:04] planet 43: queue busy, throttled building_robot_factory
[08:23:04] planet 43: queue busy, throttled building_robot_factory
[08:23:04] research: blocked research_intergalactic_research_network (building_laboratory 9/10)
[2026-05-12 08:23:29] ==== loop 217/∞ | seed=124022544596152605 archetype=turbo personality=tecnologico focus=eco actions_per_loop=2 ====
[08:23:29] planet 43: queue busy, throttled building_robot_factory
[08:23:29] planet 43: queue busy, throttled building_robot_factory
[2026-05-12 08:23:54] ==== loop 218/∞ | seed=124022544596152605 archetype=turbo personality=tecnologico focus=eco actions_per_loop=2 ====
[08:23:54] planet 43: queue busy, throttled building_robot_factory
[08:23:54] planet 43: queue busy, throttled building_robot_factory
[2026-05-12 08:24:20] ==== loop 219/∞ | seed=124022544596152605 archetype=turbo personality=tecnologico focus=eco actions_per_loop=2 ====
[08:24:20] planet 43: queue busy, throttled building_robot_factory
[08:24:20] planet 43: queue busy, throttled building_robot_factory
[08:24:20] research: blocked research_intergalactic_research_network (building_laboratory 9/10)
[2026-05-12 08:24:45] ==== loop 220/∞ | seed=124022544596152605 archetype=turbo personality=tecnologico focus=eco actions_per_loop=2 ====
[08:24:45] planet 43: queue busy, throttled building_robot_factory
[08:24:45] planet 43: queue busy, throttled building_robot_factory
[08:24:45] research: blocked research_intergalactic_research_network (building_laboratory 9/10)
[2026-05-12 08:25:11] ==== loop 221/∞ | seed=124022544596152605 archetype=turbo personality=tecnologico focus=eco actions_per_loop=2 ====
[08:25:11] planet 43: queue busy, throttled building_robot_factory
[08:25:11] planet 43: queue busy, throttled building_robot_factory
[2026-05-12 08:25:34] ==== loop 222/∞ | seed=124022544596152605 archetype=turbo personality=tecnologico focus=eco actions_per_loop=2 ====
[08:25:34] planet 43: queue busy, throttled building_robot_factory
[08:25:34] planet 43: queue busy, throttled building_robot_factory
[2026-05-12 08:26:01] ==== loop 223/∞ | seed=124022544596152605 archetype=turbo personality=tecnologico focus=eco actions_per_loop=2 ====
[08:26:01] planet 43: queue busy, throttled building_robot_factory
[08:26:01] research: blocked research_intergalactic_research_network (building_laboratory 9/10)
[2026-05-12 08:26:27] ==== loop 224/∞ | seed=124022544596152605 archetype=turbo personality=tecnologico focus=eco actions_per_loop=2 ====
[08:26:27] planet 43: queue busy, throttled building_robot_factory
[08:26:27] planet 43: queue busy, throttled building_robot_factory
[08:26:27] research: blocked research_intergalactic_research_network (building_laboratory 9/10)
[2026-05-12 08:26:52] ==== loop 225/∞ | seed=124022544596152605 archetype=turbo personality=tecnologico focus=eco actions_per_loop=2 ====
[08:26:52] planet 43: queue busy, throttled building_robot_factory
[08:26:52] planet 43: queue busy, throttled building_robot_factory
[2026-05-12 08:27:19] ==== loop 226/∞ | seed=124022544596152605 archetype=turbo personality=tecnologico focus=eco actions_per_loop=2 ====
[08:27:20] planet 43: queue busy, throttled building_robot_factory
[08:27:20] planet 43: queue busy, throttled building_robot_factory
[08:27:20] research: blocked research_intergalactic_research_network (building_laboratory 9/10)
[2026-05-12 08:27:46] ==== loop 227/∞ | seed=124022544596152605 archetype=turbo personality=tecnologico focus=eco actions_per_loop=2 ====
[08:27:46] planet 43: queue busy, throttled building_robot_factory
[08:27:46] planet 43: queue busy, throttled building_robot_factory
[2026-05-12 08:28:13] ==== loop 228/∞ | seed=124022544596152605 archetype=turbo personality=tecnologico focus=eco actions_per_loop=2 ====
[08:28:13] planet 43: queue busy, throttled building_robot_factory
[2026-05-12 08:28:39] ==== loop 229/∞ | seed=124022544596152605 archetype=turbo personality=tecnologico focus=eco actions_per_loop=2 ====
[08:28:39] planet 43: queue busy, throttled building_robot_factory
[08:28:39] planet 43: queue busy, throttled building_robot_factory
[08:28:39] research: blocked research_intergalactic_research_network (building_laboratory 9/10)
[2026-05-12 08:29:03] ==== loop 230/∞ | seed=124022544596152605 archetype=turbo personality=tecnologico focus=eco actions_per_loop=2 ====
[08:29:03] planet 43: queue busy, throttled building_robot_factory
[08:29:03] planet 43: queue busy, throttled building_robot_factory
[08:29:03] research: blocked research_intergalactic_research_network (building_laboratory 9/10)
[2026-05-12 08:29:28] ==== loop 231/∞ | seed=124022544596152605 archetype=turbo personality=tecnologico focus=eco actions_per_loop=2 ====
[08:29:28] planet 43: queue busy, throttled building_robot_factory
[08:29:28] research: blocked research_intergalactic_research_network (building_laboratory 9/10)
[2026-05-12 08:29:54] ==== loop 232/∞ | seed=124022544596152605 archetype=turbo personality=tecnologico focus=eco actions_per_loop=2 ====
[08:29:54] planet 43: queue busy, throttled building_robot_factory
[08:29:54] planet 43: queue busy, throttled building_robot_factory
[08:29:54] research: blocked research_intergalactic_research_network (building_laboratory 9/10)
[2026-05-12 08:30:21] ==== loop 233/∞ | seed=124022544596152605 archetype=turbo personality=tecnologico focus=eco actions_per_loop=2 ====
[08:30:22] planet 43: queued building_crystal_store to 9
[08:30:22] research: blocked research_intergalactic_research_network (building_laboratory 9/10)
[2026-05-12 08:30:46] ==== loop 234/∞ | seed=124022544596152605 archetype=turbo personality=tecnologico focus=eco actions_per_loop=2 ====
[08:30:46] planet 43: queue busy, throttled building_robot_factory
[08:30:46] planet 43: queue busy, throttled building_robot_factory
[08:30:46] research: blocked research_intergalactic_research_network (building_laboratory 9/10)
[2026-05-12 08:31:11] ==== loop 235/∞ | seed=124022544596152605 archetype=turbo personality=tecnologico focus=eco actions_per_loop=2 ====
[08:31:11] planet 43: queue busy, throttled building_robot_factory
[2026-05-12 08:31:32] ==== loop 236/∞ | seed=124022544596152605 archetype=turbo personality=tecnologico focus=eco actions_per_loop=2 ====
[08:31:32] planet 43: queue busy, throttled building_robot_factory
[08:31:32] planet 43: queue busy, throttled building_robot_factory
[2026-05-12 08:31:54] ==== loop 237/∞ | seed=124022544596152605 archetype=turbo personality=tecnologico focus=eco actions_per_loop=2 ====
[08:31:54] planet 43: queue busy, throttled building_robot_factory
[08:31:54] planet 43: queue busy, throttled building_robot_factory
[2026-05-12 08:32:17] ==== loop 238/∞ | seed=124022544596152605 archetype=turbo personality=tecnologico focus=eco actions_per_loop=2 ====
[08:32:17] planet 43: queue busy, throttled building_robot_factory
[08:32:17] planet 43: queue busy, throttled building_robot_factory
[08:32:17] research: blocked research_intergalactic_research_network (building_laboratory 9/10)
[2026-05-12 08:32:40] ==== loop 239/∞ | seed=124022544596152605 archetype=turbo personality=tecnologico focus=eco actions_per_loop=2 ====
[08:32:40] planet 43: queue busy, throttled building_robot_factory
[2026-05-12 08:33:04] ==== loop 240/∞ | seed=124022544596152605 archetype=turbo personality=tecnologico focus=eco actions_per_loop=2 ====
[08:33:04] planet 43: queue busy, throttled building_robot_factory
[08:33:04] planet 43: queue busy, throttled building_robot_factory
[2026-05-12 08:33:27] ==== loop 241/∞ | seed=124022544596152605 archetype=turbo personality=tecnologico focus=eco actions_per_loop=2 ====
[08:33:27] planet 43: queue busy, throttled building_robot_factory
[08:33:27] planet 43: queue busy, throttled building_robot_factory
[08:33:27] research: blocked research_intergalactic_research_network (building_laboratory 9/10)
[2026-05-12 08:33:45] ==== loop 242/∞ | seed=124022544596152605 archetype=turbo personality=tecnologico focus=eco actions_per_loop=2 ====
[08:33:45] planet 43: queue busy, throttled building_robot_factory
[08:33:45] planet 43: queue busy, throttled building_robot_factory
[08:33:45] research: blocked research_intergalactic_research_network (building_laboratory 9/10)
[2026-05-12 08:34:09] ==== loop 243/∞ | seed=124022544596152605 archetype=turbo personality=tecnologico focus=eco actions_per_loop=2 ====
[08:34:09] planet 43: queue busy, throttled building_robot_factory
[08:34:09] planet 43: queue busy, throttled building_robot_factory
[2026-05-12 08:34:29] ==== loop 244/∞ | seed=124022544596152605 archetype=turbo personality=tecnologico focus=eco actions_per_loop=2 ====
[08:34:29] planet 43: queue busy, throttled building_robot_factory
[08:34:29] research: blocked research_intergalactic_research_network (building_laboratory 9/10)
[2026-05-12 08:34:51] ==== loop 245/∞ | seed=124022544596152605 archetype=turbo personality=tecnologico focus=eco actions_per_loop=2 ====
[08:34:51] planet 43: queue busy, throttled building_robot_factory
[08:34:51] planet 43: queue busy, throttled building_robot_factory
[2026-05-12 08:35:13] ==== loop 246/∞ | seed=124022544596152605 archetype=turbo personality=tecnologico focus=eco actions_per_loop=2 ====
[08:35:13] planet 43: queue busy, throttled building_robot_factory
[08:35:13] planet 43: queue busy, throttled building_robot_factory
[08:35:13] research: blocked research_intergalactic_research_network (building_laboratory 9/10)
[2026-05-12 08:35:36] ==== loop 247/∞ | seed=124022544596152605 archetype=turbo personality=tecnologico focus=eco actions_per_loop=2 ====
[08:35:36] planet 43: queue busy, throttled building_robot_factory
[08:35:36] planet 43: queue busy, throttled building_robot_factory
[2026-05-12 08:35:56] ==== loop 248/∞ | seed=124022544596152605 archetype=turbo personality=tecnologico focus=eco actions_per_loop=2 ====
[08:35:56] planet 43: queue busy, throttled building_robot_factory
[08:35:56] research: blocked research_intergalactic_research_network (building_laboratory 9/10)
[2026-05-12 08:36:18] ==== loop 249/∞ | seed=124022544596152605 archetype=turbo personality=tecnologico focus=eco actions_per_loop=2 ====
[08:36:19] planet 43: building queue full (5)
[08:36:19] planet 43: building queue full (5)
[2026-05-12 08:36:41] ==== loop 250/∞ | seed=124022544596152605 archetype=turbo personality=tecnologico focus=eco actions_per_loop=2 ====
[08:36:41] planet 43: queued building_crystal_store to 10
[08:36:41] research: blocked research_intergalactic_research_network (building_laboratory 9/10)
[2026-05-12 08:37:06] ==== loop 251/∞ | seed=124022544596152605 archetype=turbo personality=tecnologico focus=eco actions_per_loop=2 ====
[08:37:06] planet 43: queue busy, throttled building_robot_factory
[08:37:06] research: blocked research_intergalactic_research_network (building_laboratory 9/10)
[2026-05-12 08:37:28] ==== loop 252/∞ | seed=124022544596152605 archetype=turbo personality=tecnologico focus=eco actions_per_loop=2 ====
[08:37:28] planet 43: queue busy, throttled building_robot_factory
[08:37:28] planet 43: queue busy, throttled building_robot_factory
[08:37:28] research: blocked research_intergalactic_research_network (building_laboratory 9/10)
[2026-05-12 08:37:51] ==== loop 253/∞ | seed=124022544596152605 archetype=turbo personality=tecnologico focus=eco actions_per_loop=2 ====
[08:37:51] planet 43: queue busy, throttled building_robot_factory
[08:37:51] research: blocked research_intergalactic_research_network (building_laboratory 9/10)
[2026-05-12 08:38:14] ==== loop 254/∞ | seed=124022544596152605 archetype=turbo personality=tecnologico focus=eco actions_per_loop=2 ====
[08:38:14] planet 43: queue busy, throttled building_robot_factory
[08:38:14] research: blocked research_intergalactic_research_network (building_laboratory 9/10)
[2026-05-12 08:38:36] ==== loop 255/∞ | seed=124022544596152605 archetype=turbo personality=tecnologico focus=eco actions_per_loop=2 ====
[08:38:36] planet 43: queue busy, throttled building_robot_factory
[2026-05-12 08:39:00] ==== loop 256/∞ | seed=124022544596152605 archetype=turbo personality=tecnologico focus=eco actions_per_loop=2 ====
[08:39:00] planet 43: queue busy, throttled building_robot_factory
[08:39:00] planet 43: queue busy, throttled building_robot_factory
[2026-05-12 08:39:23] ==== loop 257/∞ | seed=124022544596152605 archetype=turbo personality=tecnologico focus=eco actions_per_loop=2 ====
[08:39:23] planet 43: queue busy, throttled building_robot_factory
[08:39:23] research: blocked research_intergalactic_research_network (building_laboratory 9/10)
[2026-05-12 08:39:43] ==== loop 258/∞ | seed=124022544596152605 archetype=turbo personality=tecnologico focus=eco actions_per_loop=2 ====
[08:39:43] planet 43: queue busy, throttled building_robot_factory
[08:39:43] research: blocked research_intergalactic_research_network (building_laboratory 9/10)
[2026-05-12 08:40:03] ==== loop 259/∞ | seed=124022544596152605 archetype=turbo personality=tecnologico focus=eco actions_per_loop=2 ====
[08:40:03] planet 43: queue busy, throttled building_robot_factory
[08:40:03] planet 43: queue busy, throttled building_robot_factory
[2026-05-12 08:40:24] ==== loop 260/∞ | seed=124022544596152605 archetype=turbo personality=tecnologico focus=eco actions_per_loop=2 ====
[08:40:24] planet 43: queue busy, throttled building_robot_factory
[08:40:24] planet 43: queue busy, throttled building_robot_factory
[2026-05-12 08:40:48] ==== loop 261/∞ | seed=124022544596152605 archetype=turbo personality=tecnologico focus=eco actions_per_loop=2 ====
[08:40:48] planet 43: queue busy, throttled building_robot_factory
[08:40:48] planet 43: queue busy, throttled building_robot_factory
[08:40:48] research: blocked research_intergalactic_research_network (building_laboratory 9/10)
[2026-05-12 08:41:08] ==== loop 262/∞ | seed=124022544596152605 archetype=turbo personality=tecnologico focus=eco actions_per_loop=2 ====
[08:41:08] planet 43: queue busy, throttled building_robot_factory
[08:41:08] planet 43: queue busy, throttled building_robot_factory
[2026-05-12 08:41:30] ==== loop 263/∞ | seed=124022544596152605 archetype=turbo personality=tecnologico focus=eco actions_per_loop=2 ====
[08:41:30] planet 43: queue busy, throttled building_robot_factory
[2026-05-12 08:41:50] ==== loop 264/∞ | seed=124022544596152605 archetype=turbo personality=tecnologico focus=eco actions_per_loop=2 ====
[08:41:50] planet 43: queue busy, throttled building_robot_factory
[08:41:50] planet 43: queue busy, throttled building_robot_factory
[2026-05-12 08:42:11] ==== loop 265/∞ | seed=124022544596152605 archetype=turbo personality=tecnologico focus=eco actions_per_loop=2 ====
[08:42:11] planet 43: queue busy, throttled building_robot_factory
[08:42:11] planet 43: queue busy, throttled building_robot_factory
[2026-05-12 08:42:34] ==== loop 266/∞ | seed=124022544596152605 archetype=turbo personality=tecnologico focus=eco actions_per_loop=2 ====
[08:42:34] planet 43: queue busy, throttled building_robot_factory
[08:42:34] planet 43: queue busy, throttled building_robot_factory
[08:42:34] research: blocked research_intergalactic_research_network (building_laboratory 9/10)
[2026-05-12 08:42:55] ==== loop 267/∞ | seed=124022544596152605 archetype=turbo personality=tecnologico focus=eco actions_per_loop=2 ====
[08:42:55] planet 43: queue busy, throttled building_robot_factory
[08:42:55] planet 43: queue busy, throttled building_robot_factory
[08:42:55] research: blocked research_intergalactic_research_network (building_laboratory 9/10)
[2026-05-12 08:43:14] ==== loop 268/∞ | seed=124022544596152605 archetype=turbo personality=tecnologico focus=eco actions_per_loop=2 ====
[08:43:14] planet 43: queue busy, throttled building_robot_factory
[08:43:14] planet 43: queue busy, throttled building_robot_factory
[08:43:14] research: blocked research_intergalactic_research_network (building_laboratory 9/10)
[2026-05-12 08:43:34] ==== loop 269/∞ | seed=124022544596152605 archetype=turbo personality=tecnologico focus=eco actions_per_loop=2 ====
[08:43:34] planet 43: queue busy, throttled building_robot_factory
[08:43:34] planet 43: queue busy, throttled building_robot_factory
[2026-05-12 08:43:55] ==== loop 270/∞ | seed=124022544596152605 archetype=turbo personality=tecnologico focus=eco actions_per_loop=2 ====
[08:43:55] planet 43: queue busy, throttled building_robot_factory
[08:43:55] planet 43: queue busy, throttled building_robot_factory
[08:43:55] research: blocked research_intergalactic_research_network (building_laboratory 9/10)
[2026-05-12 08:44:13] ==== loop 271/∞ | seed=124022544596152605 archetype=turbo personality=tecnologico focus=eco actions_per_loop=2 ====
[08:44:13] planet 43: queue busy, throttled building_robot_factory
[2026-05-12 08:44:30] ==== loop 272/∞ | seed=124022544596152605 archetype=turbo personality=tecnologico focus=eco actions_per_loop=2 ====
[08:44:30] planet 43: queue busy, throttled building_robot_factory
[08:44:30] research: blocked research_intergalactic_research_network (building_laboratory 9/10)
[2026-05-12 08:44:52] ==== loop 273/∞ | seed=124022544596152605 archetype=turbo personality=tecnologico focus=eco actions_per_loop=2 ====
[08:44:52] planet 43: queue busy, throttled building_robot_factory
[08:44:52] planet 43: queue busy, throttled building_robot_factory
[08:44:52] research: blocked research_intergalactic_research_network (building_laboratory 9/10)
[2026-05-12 08:45:13] ==== loop 274/∞ | seed=124022544596152605 archetype=turbo personality=tecnologico focus=eco actions_per_loop=2 ====
[08:45:13] planet 43: queue busy, throttled building_robot_factory
[08:45:13] planet 43: queue busy, throttled building_robot_factory
[2026-05-12 08:45:31] ==== loop 275/∞ | seed=124022544596152605 archetype=turbo personality=tecnologico focus=eco actions_per_loop=2 ====
[08:45:31] planet 43: queue busy, throttled building_robot_factory
[08:45:31] planet 43: queue busy, throttled building_robot_factory
[08:45:31] research: blocked research_intergalactic_research_network (building_laboratory 9/10)
[2026-05-12 08:45:53] ==== loop 276/∞ | seed=124022544596152605 archetype=turbo personality=tecnologico focus=eco actions_per_loop=2 ====
[08:45:53] planet 43: queue busy, throttled building_robot_factory
[08:45:53] planet 43: queue busy, throttled building_robot_factory
[08:45:53] research: blocked research_intergalactic_research_network (building_laboratory 9/10)
[2026-05-12 08:46:16] ==== loop 277/∞ | seed=124022544596152605 archetype=turbo personality=tecnologico focus=eco actions_per_loop=2 ====
[08:46:16] planet 43: queue busy, throttled building_robot_factory
[08:46:16] planet 43: queue busy, throttled building_robot_factory
[08:46:16] research: blocked research_intergalactic_research_network (building_laboratory 9/10)
[2026-05-12 08:46:36] ==== loop 278/∞ | seed=124022544596152605 archetype=turbo personality=tecnologico focus=eco actions_per_loop=2 ====
[08:46:36] planet 43: queue busy, throttled building_robot_factory
[08:46:36] planet 43: queue busy, throttled building_robot_factory
[08:46:36] research: blocked research_intergalactic_research_network (building_laboratory 9/10)
[2026-05-12 08:46:57] ==== loop 279/∞ | seed=124022544596152605 archetype=turbo personality=tecnologico focus=eco actions_per_loop=2 ====
[08:46:57] planet 43: queue busy, throttled building_robot_factory
[08:46:57] planet 43: queue busy, throttled building_robot_factory
[2026-05-12 08:47:18] ==== loop 280/∞ | seed=124022544596152605 archetype=turbo personality=tecnologico focus=eco actions_per_loop=2 ====
[08:47:18] planet 43: queue busy, throttled building_robot_factory
[08:47:18] planet 43: queue busy, throttled building_robot_factory
[2026-05-12 08:47:37] ==== loop 281/∞ | seed=124022544596152605 archetype=turbo personality=tecnologico focus=eco actions_per_loop=2 ====
[08:47:37] planet 43: queue busy, throttled building_robot_factory
[08:47:37] research: blocked research_intergalactic_research_network (building_laboratory 9/10)
[2026-05-12 08:47:58] ==== loop 282/∞ | seed=124022544596152605 archetype=turbo personality=tecnologico focus=eco actions_per_loop=2 ====
[08:47:58] planet 43: queue busy, throttled building_robot_factory
[08:47:58] planet 43: queue busy, throttled building_robot_factory
[2026-05-12 08:48:16] ==== loop 283/∞ | seed=124022544596152605 archetype=turbo personality=tecnologico focus=eco actions_per_loop=2 ====
[08:48:16] planet 43: queue busy, throttled building_robot_factory
[08:48:16] research: blocked research_intergalactic_research_network (building_laboratory 9/10)
[2026-05-12 08:48:37] ==== loop 284/∞ | seed=124022544596152605 archetype=turbo personality=tecnologico focus=eco actions_per_loop=2 ====
[08:48:37] planet 43: queue busy, throttled building_robot_factory
[08:48:37] research: blocked research_intergalactic_research_network (building_laboratory 9/10)
[2026-05-12 08:48:56] ==== loop 285/∞ | seed=124022544596152605 archetype=turbo personality=tecnologico focus=eco actions_per_loop=2 ====
[08:48:56] planet 43: queue busy, throttled building_robot_factory
[2026-05-12 08:49:13] ==== loop 286/∞ | seed=124022544596152605 archetype=turbo personality=tecnologico focus=eco actions_per_loop=2 ====
[08:49:13] planet 43: queued building_crystal_store to 11
[08:49:13] research: blocked research_intergalactic_research_network (building_laboratory 9/10)
[2026-05-12 08:49:31] ==== loop 287/∞ | seed=124022544596152605 archetype=turbo personality=tecnologico focus=eco actions_per_loop=2 ====
[08:49:31] planet 43: queue busy, throttled building_robot_factory
[08:49:31] research: blocked research_intergalactic_research_network (building_laboratory 9/10)
[2026-05-12 08:49:49] ==== loop 288/∞ | seed=124022544596152605 archetype=turbo personality=tecnologico focus=eco actions_per_loop=2 ====
[08:49:49] planet 43: queue busy, throttled building_robot_factory
[08:49:49] planet 43: queue busy, throttled building_robot_factory
[08:49:49] research: blocked research_intergalactic_research_network (building_laboratory 9/10)
[2026-05-12 08:50:09] ==== loop 289/∞ | seed=124022544596152605 archetype=turbo personality=tecnologico focus=eco actions_per_loop=2 ====
[08:50:09] planet 43: queue busy, throttled building_robot_factory
[08:50:09] planet 43: queue busy, throttled building_robot_factory
[2026-05-12 08:50:29] ==== loop 290/∞ | seed=124022544596152605 archetype=turbo personality=tecnologico focus=eco actions_per_loop=2 ====
[08:50:29] planet 43: queue busy, throttled building_robot_factory
[2026-05-12 08:50:48] ==== loop 291/∞ | seed=124022544596152605 archetype=turbo personality=tecnologico focus=eco actions_per_loop=2 ====
[08:50:48] planet 43: queue busy, throttled building_robot_factory
[08:50:48] planet 43: queue busy, throttled building_robot_factory
[08:50:48] research: blocked research_intergalactic_research_network (building_laboratory 9/10)
[2026-05-12 08:51:10] ==== loop 292/∞ | seed=124022544596152605 archetype=turbo personality=tecnologico focus=eco actions_per_loop=2 ====
[08:51:10] planet 43: queue busy, throttled building_robot_factory
[2026-05-12 08:51:31] ==== loop 293/∞ | seed=124022544596152605 archetype=turbo personality=tecnologico focus=eco actions_per_loop=2 ====
[08:51:31] planet 43: queue busy, throttled building_robot_factory
[08:51:31] planet 43: queue busy, throttled building_robot_factory
[08:51:31] research: blocked research_intergalactic_research_network (building_laboratory 9/10)
[2026-05-12 08:51:56] ==== loop 294/∞ | seed=124022544596152605 archetype=turbo personality=tecnologico focus=eco actions_per_loop=2 ====
[08:51:56] planet 43: queue busy, throttled building_robot_factory
[08:51:56] planet 43: queue busy, throttled building_robot_factory
[2026-05-12 08:52:17] ==== loop 295/∞ | seed=124022544596152605 archetype=turbo personality=tecnologico focus=eco actions_per_loop=2 ====
[08:52:17] planet 43: queue busy, throttled building_robot_factory
[08:52:17] research: blocked research_intergalactic_research_network (building_laboratory 9/10)
[2026-05-12 08:52:41] ==== loop 296/∞ | seed=124022544596152605 archetype=turbo personality=tecnologico focus=eco actions_per_loop=2 ====
[08:52:41] planet 43: queue busy, throttled building_robot_factory
[08:52:41] planet 43: queue busy, throttled building_robot_factory
[2026-05-12 08:53:04] ==== loop 297/∞ | seed=124022544596152605 archetype=turbo personality=tecnologico focus=eco actions_per_loop=2 ====
[08:53:04] planet 43: queue busy, throttled building_robot_factory
[08:53:04] planet 43: queue busy, throttled building_robot_factory
[2026-05-12 08:53:28] ==== loop 298/∞ | seed=124022544596152605 archetype=turbo personality=tecnologico focus=eco actions_per_loop=2 ====
[08:53:28] planet 43: queue busy, throttled building_robot_factory
[08:53:28] planet 43: queue busy, throttled building_robot_factory
[08:53:28] research: blocked research_intergalactic_research_network (building_laboratory 9/10)
[2026-05-12 08:53:51] ==== loop 299/∞ | seed=124022544596152605 archetype=turbo personality=tecnologico focus=eco actions_per_loop=2 ====
[08:53:51] planet 43: queue busy, throttled building_robot_factory
[08:53:51] planet 43: queue busy, throttled building_robot_factory
[08:53:51] research: blocked research_intergalactic_research_network (building_laboratory 9/10)
[2026-05-12 08:54:13] ==== loop 300/∞ | seed=124022544596152605 archetype=turbo personality=tecnologico focus=eco actions_per_loop=2 ====
[08:54:13] planet 43: queue busy, throttled building_robot_factory
[08:54:13] planet 43: queue busy, throttled building_robot_factory
[08:54:13] research: blocked research_intergalactic_research_network (building_laboratory 9/10)
[2026-05-12 08:54:34] ==== loop 301/∞ | seed=124022544596152605 archetype=turbo personality=tecnologico focus=eco actions_per_loop=2 ====
[08:54:34] planet 43: queue busy, throttled building_robot_factory
[08:54:34] research: blocked research_intergalactic_research_network (building_laboratory 9/10)
[2026-05-12 08:54:57] ==== loop 302/∞ | seed=124022544596152605 archetype=turbo personality=tecnologico focus=eco actions_per_loop=2 ====
[08:54:57] planet 43: queue busy, throttled building_robot_factory
[08:54:57] planet 43: queue busy, throttled building_robot_factory
[08:54:57] research: blocked research_intergalactic_research_network (building_laboratory 9/10)
[2026-05-12 08:55:17] ==== loop 303/∞ | seed=124022544596152605 archetype=turbo personality=tecnologico focus=eco actions_per_loop=2 ====
[08:55:17] planet 43: queue busy, throttled building_robot_factory
[08:55:17] research: blocked research_intergalactic_research_network (building_laboratory 9/10)
[2026-05-12 08:55:41] ==== loop 304/∞ | seed=124022544596152605 archetype=turbo personality=tecnologico focus=eco actions_per_loop=2 ====
[08:55:41] planet 43: queue busy, throttled building_robot_factory
[08:55:41] planet 43: queue busy, throttled building_robot_factory
[2026-05-12 08:56:03] ==== loop 305/∞ | seed=124022544596152605 archetype=turbo personality=tecnologico focus=eco actions_per_loop=2 ====
[08:56:03] planet 43: queue busy, throttled building_robot_factory
[08:56:03] planet 43: queue busy, throttled building_robot_factory
[08:56:03] research: blocked research_intergalactic_research_network (building_laboratory 9/10)
[2026-05-12 08:56:27] ==== loop 306/∞ | seed=124022544596152605 archetype=turbo personality=tecnologico focus=eco actions_per_loop=2 ====
[08:56:27] planet 43: queue busy, throttled building_robot_factory
[08:56:27] research: blocked research_intergalactic_research_network (building_laboratory 9/10)
[2026-05-12 08:56:50] ==== loop 307/∞ | seed=124022544596152605 archetype=turbo personality=tecnologico focus=eco actions_per_loop=2 ====
[08:56:50] planet 43: queue busy, throttled building_robot_factory
[08:56:50] planet 43: queue busy, throttled building_robot_factory
[2026-05-12 08:57:11] ==== loop 308/∞ | seed=124022544596152605 archetype=turbo personality=tecnologico focus=eco actions_per_loop=2 ====
[08:57:11] planet 43: queue busy, throttled building_robot_factory
[2026-05-12 08:57:36] ==== loop 309/∞ | seed=124022544596152605 archetype=turbo personality=tecnologico focus=eco actions_per_loop=2 ====
[08:57:36] planet 43: queue busy, throttled building_robot_factory
[08:57:36] planet 43: queue busy, throttled building_robot_factory
[2026-05-12 08:58:01] ==== loop 310/∞ | seed=124022544596152605 archetype=turbo personality=tecnologico focus=eco actions_per_loop=2 ====
[08:58:01] planet 43: queue busy, throttled building_robot_factory
[08:58:01] research: blocked research_intergalactic_research_network (building_laboratory 9/10)
[2026-05-12 08:58:22] ==== loop 311/∞ | seed=124022544596152605 archetype=turbo personality=tecnologico focus=eco actions_per_loop=2 ====
[08:58:22] planet 43: queue busy, throttled building_robot_factory
[08:58:22] planet 43: queue busy, throttled building_robot_factory
[08:58:22] research: blocked research_intergalactic_research_network (building_laboratory 9/10)
[2026-05-12 08:58:45] ==== loop 312/∞ | seed=124022544596152605 archetype=turbo personality=tecnologico focus=eco actions_per_loop=2 ====
[08:58:45] planet 43: queue busy, throttled building_robot_factory
[08:58:45] research: blocked research_intergalactic_research_network (building_laboratory 9/10)
[2026-05-12 08:59:11] ==== loop 313/∞ | seed=124022544596152605 archetype=turbo personality=tecnologico focus=eco actions_per_loop=2 ====
[08:59:11] planet 43: queue busy, throttled building_robot_factory
[08:59:11] planet 43: queue busy, throttled building_robot_factory
[2026-05-12 08:59:36] ==== loop 314/∞ | seed=124022544596152605 archetype=turbo personality=tecnologico focus=eco actions_per_loop=2 ====
[08:59:36] planet 43: queue busy, throttled building_robot_factory
[08:59:36] research: blocked research_intergalactic_research_network (building_laboratory 9/10)
[2026-05-12 08:59:57] ==== loop 315/∞ | seed=124022544596152605 archetype=turbo personality=tecnologico focus=eco actions_per_loop=2 ====
[08:59:57] planet 43: queue busy, throttled building_robot_factory
[08:59:57] planet 43: queue busy, throttled building_robot_factory
[08:59:57] research: blocked research_intergalactic_research_network (building_laboratory 9/10)
[2026-05-12 09:00:20] ==== loop 316/∞ | seed=124022544596152605 archetype=turbo personality=tecnologico focus=eco actions_per_loop=2 ====
[09:00:20] planet 43: queue busy, throttled building_robot_factory
[09:00:20] planet 43: queue busy, throttled building_robot_factory
[09:00:20] research: blocked research_intergalactic_research_network (building_laboratory 9/10)
[2026-05-12 09:00:42] ==== loop 317/∞ | seed=124022544596152605 archetype=turbo personality=tecnologico focus=eco actions_per_loop=2 ====
[09:00:42] planet 43: queue busy, throttled building_robot_factory
[09:00:42] planet 43: queue busy, throttled building_robot_factory
[09:00:42] research: blocked research_intergalactic_research_network (building_laboratory 9/10)
[2026-05-12 09:01:06] ==== loop 318/∞ | seed=124022544596152605 archetype=turbo personality=tecnologico focus=eco actions_per_loop=2 ====
[09:01:06] planet 43: queue busy, throttled building_robot_factory
[09:01:06] research: blocked research_intergalactic_research_network (building_laboratory 9/10)
[2026-05-12 09:01:26] ==== loop 319/∞ | seed=124022544596152605 archetype=turbo personality=tecnologico focus=eco actions_per_loop=2 ====
[09:01:26] planet 43: queue busy, throttled building_robot_factory
[09:01:26] planet 43: queue busy, throttled building_robot_factory
[09:01:26] research: blocked research_intergalactic_research_network (building_laboratory 9/10)
[2026-05-12 09:01:47] ==== loop 320/∞ | seed=124022544596152605 archetype=turbo personality=tecnologico focus=eco actions_per_loop=2 ====
[09:01:47] planet 43: queue busy, throttled building_robot_factory
[09:01:47] planet 43: queue busy, throttled building_robot_factory
[2026-05-12 09:02:10] ==== loop 321/∞ | seed=124022544596152605 archetype=turbo personality=tecnologico focus=eco actions_per_loop=2 ====
[09:02:10] planet 43: queue busy, throttled building_robot_factory
[09:02:10] planet 43: queue busy, throttled building_robot_factory
[09:02:10] research: blocked research_intergalactic_research_network (building_laboratory 9/10)
[2026-05-12 09:02:31] ==== loop 322/∞ | seed=124022544596152605 archetype=turbo personality=tecnologico focus=eco actions_per_loop=2 ====
[09:02:31] planet 43: queue busy, throttled building_robot_factory
[2026-05-12 09:02:52] ==== loop 1/∞ | seed=124022544596152605 archetype=turbo personality=tecnologico focus=eco actions_per_loop=2 ====
[09:02:53] planet 43: queued ship_solar_satellite +5
[09:02:53] planet 43: skipped duplicate ship_solar_satellite this loop
[09:02:53] research: blocked research_intergalactic_research_network (building_laboratory 9/10)
[2026-05-12 09:03:38] ==== loop 2/∞ | seed=124022544596152605 archetype=turbo personality=tecnologico focus=eco actions_per_loop=2 ====
[09:03:38] planet 43: queued ship_solar_satellite +5
[09:03:38] research: blocked research_intergalactic_research_network (building_laboratory 9/10)
[2026-05-12 09:04:18] ==== loop 3/∞ | seed=124022544596152605 archetype=turbo personality=tecnologico focus=eco actions_per_loop=2 ====
[09:04:19] planet 43: queued ship_solar_satellite +5
[09:04:19] research: blocked research_intergalactic_research_network (building_laboratory 9/10)
[2026-05-12 09:05:03] ==== loop 4/∞ | seed=124022544596152605 archetype=turbo personality=tecnologico focus=eco actions_per_loop=2 ====
[09:05:03] planet 43: queued ship_solar_satellite +5
[09:05:03] planet 43: skipped duplicate ship_solar_satellite this loop
[2026-05-12 09:05:45] ==== loop 5/∞ | seed=124022544596152605 archetype=turbo personality=tecnologico focus=eco actions_per_loop=2 ====
[09:05:46] planet 43: queued ship_solar_satellite +5
[09:05:46] planet 43: skipped duplicate ship_solar_satellite this loop
[2026-05-12 09:06:22] ==== loop 6/∞ | seed=124022544596152605 archetype=turbo personality=tecnologico focus=eco actions_per_loop=2 ====
[09:06:22] planet 43: queued ship_solar_satellite +5
[2026-05-12 09:07:09] ==== loop 7/∞ | seed=124022544596152605 archetype=turbo personality=tecnologico focus=eco actions_per_loop=2 ====
[09:07:10] planet 43: queued ship_solar_satellite +5
[09:07:10] planet 43: skipped duplicate ship_solar_satellite this loop
[2026-05-12 09:07:57] ==== loop 8/∞ | seed=124022544596152605 archetype=turbo personality=tecnologico focus=eco actions_per_loop=2 ====
[09:07:57] planet 43: queued ship_solar_satellite +5
[09:07:57] planet 43: skipped duplicate ship_solar_satellite this loop
[09:07:57] research: blocked research_intergalactic_research_network (building_laboratory 9/10)
[2026-05-12 09:08:36] ==== loop 9/∞ | seed=124022544596152605 archetype=turbo personality=tecnologico focus=eco actions_per_loop=2 ====
[09:08:37] planet 43: queued ship_solar_satellite +5
[09:08:37] planet 43: skipped duplicate ship_solar_satellite this loop
[2026-05-12 09:09:18] ==== loop 10/∞ | seed=124022544596152605 archetype=turbo personality=tecnologico focus=eco actions_per_loop=2 ====
[09:09:18] planet 43: queued ship_solar_satellite +5
[09:09:18] planet 43: skipped duplicate ship_solar_satellite this loop
[2026-05-12 09:10:07] ==== loop 11/∞ | seed=124022544596152605 archetype=turbo personality=tecnologico focus=eco actions_per_loop=2 ====
[09:10:08] planet 43: queued ship_solar_satellite +5
[2026-05-12 09:10:47] ==== loop 12/∞ | seed=124022544596152605 archetype=turbo personality=tecnologico focus=eco actions_per_loop=2 ====
[09:10:48] planet 43: queued ship_solar_satellite +5
[09:10:48] planet 43: skipped duplicate ship_solar_satellite this loop
[2026-05-12 09:11:28] ==== loop 13/∞ | seed=124022544596152605 archetype=turbo personality=tecnologico focus=eco actions_per_loop=2 ====
[09:11:29] planet 43: queued ship_solar_satellite +5
[2026-05-12 09:12:12] ==== loop 14/∞ | seed=124022544596152605 archetype=turbo personality=tecnologico focus=eco actions_per_loop=2 ====
[09:12:13] planet 43: queued ship_solar_satellite +5
[09:12:13] planet 43: skipped duplicate ship_solar_satellite this loop
[2026-05-12 09:12:59] ==== loop 15/∞ | seed=124022544596152605 archetype=turbo personality=tecnologico focus=eco actions_per_loop=2 ====
[09:12:59] planet 43: queued ship_solar_satellite +1
[09:12:59] planet 43: queue busy, throttled building_robot_factory
[09:12:59] research: blocked research_intergalactic_research_network (building_laboratory 9/10)
[2026-05-12 09:13:47] ==== loop 16/∞ | seed=124022544596152605 archetype=turbo personality=tecnologico focus=eco actions_per_loop=2 ====
[09:13:47] planet 43: queue busy, throttled building_robot_factory
[09:13:47] planet 43: queue busy, throttled building_robot_factory
[2026-05-12 09:14:36] ==== loop 17/∞ | seed=124022544596152605 archetype=turbo personality=tecnologico focus=eco actions_per_loop=2 ====
[09:14:36] planet 43: queue busy, throttled building_laboratory
[2026-05-12 09:15:18] ==== loop 18/∞ | seed=124022544596152605 archetype=turbo personality=tecnologico focus=eco actions_per_loop=2 ====
[09:15:18] planet 43: queue busy, throttled building_laboratory
[09:15:18] planet 43: queue busy, throttled building_laboratory
[09:15:18] research: blocked research_intergalactic_research_network (building_laboratory 9/10)
[2026-05-12 09:16:07] ==== loop 19/∞ | seed=124022544596152605 archetype=turbo personality=tecnologico focus=eco actions_per_loop=2 ====
[09:16:07] planet 43: queue busy, throttled building_laboratory
[09:16:07] planet 43: queue busy, throttled building_laboratory
[09:16:07] research: blocked research_intergalactic_research_network (building_laboratory 9/10)
[2026-05-12 09:16:52] ==== loop 20/∞ | seed=124022544596152605 archetype=turbo personality=tecnologico focus=eco actions_per_loop=2 ====
[09:16:52] planet 43: queue busy, throttled building_laboratory
[09:16:52] planet 43: queue busy, throttled building_laboratory
[09:16:52] research: blocked research_intergalactic_research_network (building_laboratory 9/10)
[2026-05-12 09:17:41] ==== loop 21/∞ | seed=124022544596152605 archetype=turbo personality=tecnologico focus=eco actions_per_loop=2 ====
[09:17:41] planet 43: queue busy, throttled building_laboratory
[09:17:41] research: blocked research_intergalactic_research_network (building_laboratory 9/10)
[2026-05-12 09:19:01] ==== loop 1/∞ | seed=124022544596152605 archetype=turbo personality=tecnologico focus=eco actions_per_loop=2 ====
[09:19:01] planet 43: queue busy, throttled building_laboratory
[2026-05-12 09:19:55] ==== loop 2/∞ | seed=124022544596152605 archetype=turbo personality=tecnologico focus=eco actions_per_loop=2 ====
[09:19:55] planet 43: queue busy, throttled building_laboratory
[09:19:55] planet 43: queue busy, throttled building_laboratory
[2026-05-12 09:20:33] ==== loop 3/∞ | seed=124022544596152605 archetype=turbo personality=tecnologico focus=eco actions_per_loop=2 ====
[09:20:34] planet 43: queued building_deuterium_sintetizer to 17
[09:20:34] research: blocked research_intergalactic_research_network (building_laboratory 9/10)
[2026-05-12 09:21:21] ==== loop 4/∞ | seed=124022544596152605 archetype=turbo personality=tecnologico focus=eco actions_per_loop=2 ====
[09:21:23] planet 43: building queue full (5)
[09:21:23] planet 43: building queue full (5)
[2026-05-12 09:22:11] ==== loop 5/∞ | seed=124022544596152605 archetype=turbo personality=tecnologico focus=eco actions_per_loop=2 ====
[09:22:13] planet 43: building queue full (5)
[09:22:13] planet 43: building queue full (5)
[09:22:13] research: blocked research_intergalactic_research_network (building_laboratory 9/10)
[2026-05-12 09:22:59] ==== loop 6/∞ | seed=124022544596152605 archetype=turbo personality=tecnologico focus=eco actions_per_loop=2 ====
[09:23:00] planet 43: building queue full (5)
[09:23:00] planet 43: building queue full (5)
[09:23:00] research: blocked research_intergalactic_research_network (building_laboratory 9/10)
[2026-05-12 09:23:44] ==== loop 7/∞ | seed=124022544596152605 archetype=turbo personality=tecnologico focus=eco actions_per_loop=2 ====
[09:23:45] planet 43: building queue full (5)
[09:23:45] planet 43: building queue full (5)
[09:23:45] research: blocked research_intergalactic_research_network (building_laboratory 9/10)
[2026-05-12 09:24:25] ==== loop 8/∞ | seed=124022544596152605 archetype=turbo personality=tecnologico focus=eco actions_per_loop=2 ====
[09:24:26] planet 43: building queue full (5)
[2026-05-12 09:25:13] ==== loop 9/∞ | seed=124022544596152605 archetype=turbo personality=tecnologico focus=eco actions_per_loop=2 ====
[09:25:14] planet 43: building queue full (5)
[09:25:14] research: blocked research_intergalactic_research_network (building_laboratory 9/10)
[2026-05-12 09:26:00] ==== loop 10/∞ | seed=124022544596152605 archetype=turbo personality=tecnologico focus=eco actions_per_loop=2 ====
[09:26:01] planet 43: building queue full (5)
[09:26:01] planet 43: building queue full (5)
[09:26:01] research: blocked research_intergalactic_research_network (building_laboratory 9/10)
[2026-05-12 09:26:47] ==== loop 11/∞ | seed=124022544596152605 archetype=turbo personality=tecnologico focus=eco actions_per_loop=2 ====
[09:26:48] planet 43: building queue full (5)
[09:26:48] planet 43: building queue full (5)
[09:26:48] research: blocked research_intergalactic_research_network (building_laboratory 9/10)
[2026-05-12 09:27:33] ==== loop 12/∞ | seed=124022544596152605 archetype=turbo personality=tecnologico focus=eco actions_per_loop=2 ====
[09:27:34] planet 43: building queue full (5)
[09:27:34] planet 43: building queue full (5)
[09:27:34] research: blocked research_intergalactic_research_network (building_laboratory 9/10)
[2026-05-12 09:28:23] ==== loop 13/∞ | seed=124022544596152605 archetype=turbo personality=tecnologico focus=eco actions_per_loop=2 ====
[09:28:23] planet 43: building queue full (5)
[09:28:23] planet 43: building queue full (5)
[09:28:23] research: blocked research_intergalactic_research_network (building_laboratory 9/10)
[2026-05-12 09:29:10] ==== loop 14/∞ | seed=124022544596152605 archetype=turbo personality=tecnologico focus=eco actions_per_loop=2 ====
[09:29:11] planet 43: building queue full (5)
[09:29:11] planet 43: building queue full (5)
[2026-05-12 09:29:55] ==== loop 15/∞ | seed=124022544596152605 archetype=turbo personality=tecnologico focus=eco actions_per_loop=2 ====
[09:29:56] planet 43: queued ship_solar_satellite +5
[09:29:56] planet 43: skipped duplicate ship_solar_satellite this loop
[2026-05-12 09:30:41] ==== loop 16/∞ | seed=124022544596152605 archetype=turbo personality=tecnologico focus=eco actions_per_loop=2 ====
[09:30:41] planet 43: queued ship_solar_satellite +5
[09:30:41] planet 43: skipped duplicate ship_solar_satellite this loop
[09:30:41] research: blocked research_intergalactic_research_network (building_laboratory 9/10)
[2026-05-12 09:31:26] ==== loop 17/∞ | seed=124022544596152605 archetype=turbo personality=tecnologico focus=eco actions_per_loop=2 ====
[09:31:26] planet 43: queued ship_solar_satellite +5
[09:31:26] research: blocked research_intergalactic_research_network (building_laboratory 9/10)
[2026-05-12 09:32:12] ==== loop 18/∞ | seed=124022544596152605 archetype=turbo personality=tecnologico focus=eco actions_per_loop=2 ====
[09:32:13] planet 43: queued ship_solar_satellite +2
[09:32:13] planet 43: queued defense_ion_cannon +8
[09:32:13] research: blocked research_intergalactic_research_network (building_laboratory 9/10)
[2026-05-12 09:32:53] ==== loop 19/∞ | seed=124022544596152605 archetype=turbo personality=tecnologico focus=eco actions_per_loop=2 ====
[09:32:53] planet 43: queued defense_ion_cannon +8
[09:32:53] planet 43: skipped duplicate defense_ion_cannon this loop
[2026-05-12 09:33:35] ==== loop 20/∞ | seed=124022544596152605 archetype=turbo personality=tecnologico focus=eco actions_per_loop=2 ====
[09:33:36] planet 43: queued defense_ion_cannon +6
[09:33:36] planet 43: queued defense_light_laser +2
[2026-05-12 09:34:32] ==== loop 1/∞ | seed=124022544596152605 archetype=turbo personality=tecnologico focus=eco actions_per_loop=2 ====
[09:34:33] planet 43: queued ship_small_cargo_ship +8
[09:34:33] planet 43: skipped duplicate ship_small_cargo_ship this loop
[09:34:33] research: blocked research_intergalactic_research_network (building_laboratory 9/10)
[2026-05-12 09:35:12] ==== loop 2/∞ | seed=124022544596152605 archetype=turbo personality=tecnologico focus=eco actions_per_loop=2 ====
[09:35:13] planet 43: queued ship_small_cargo_ship +8
[09:35:13] planet 43: queue busy, throttled building_laboratory
[09:35:13] research: blocked research_intergalactic_research_network (building_laboratory 9/10)
[2026-05-12 09:35:56] ==== loop 3/∞ | seed=124022544596152605 archetype=turbo personality=tecnologico focus=eco actions_per_loop=2 ====
[09:35:56] planet 43: queued defense_rocket_launcher +8
[09:35:56] planet 43: queue busy, throttled building_laboratory
[09:35:56] research: blocked research_intergalactic_research_network (building_laboratory 9/10)
[2026-05-12 09:36:36] ==== loop 4/∞ | seed=124022544596152605 archetype=turbo personality=tecnologico focus=eco actions_per_loop=2 ====
[09:36:37] planet 43: queued defense_rocket_launcher +8
[09:36:37] planet 43: skipped duplicate defense_rocket_launcher this loop
[2026-05-12 09:37:21] ==== loop 5/∞ | seed=124022544596152605 archetype=turbo personality=tecnologico focus=eco actions_per_loop=2 ====
[09:37:22] planet 43: queued defense_rocket_launcher +4
[09:37:22] planet 43: queue busy, throttled building_laboratory
[09:37:22] research: blocked research_intergalactic_research_network (building_laboratory 9/10)
[2026-05-12 09:38:06] ==== loop 6/∞ | seed=124022544596152605 archetype=turbo personality=tecnologico focus=eco actions_per_loop=2 ====
[09:38:06] planet 43: queue busy, throttled building_laboratory
[09:38:06] planet 43: queue busy, throttled building_laboratory
[2026-05-12 09:38:42] ==== loop 7/∞ | seed=124022544596152605 archetype=turbo personality=tecnologico focus=eco actions_per_loop=2 ====
[09:38:42] planet 43: queue busy, throttled building_laboratory
[09:38:42] planet 43: queue busy, throttled building_laboratory
[09:38:42] research: blocked research_intergalactic_research_network (building_laboratory 9/10)
[2026-05-12 09:39:24] ==== loop 8/∞ | seed=124022544596152605 archetype=turbo personality=tecnologico focus=eco actions_per_loop=2 ====
[09:39:24] planet 43: queue busy, throttled building_laboratory
[09:39:24] planet 43: queue busy, throttled building_laboratory
[2026-05-12 09:40:04] ==== loop 9/∞ | seed=124022544596152605 archetype=turbo personality=tecnologico focus=eco actions_per_loop=2 ====
[09:40:05] planet 43: queued ship_heavy_fighter +5
[09:40:05] planet 43: skipped duplicate ship_heavy_fighter this loop
[2026-05-12 09:40:49] ==== loop 10/∞ | seed=124022544596152605 archetype=turbo personality=tecnologico focus=eco actions_per_loop=2 ====
[09:40:50] planet 43: queued ship_heavy_fighter +5
[09:40:50] planet 43: skipped duplicate ship_heavy_fighter this loop
[2026-05-12 09:41:30] ==== loop 11/∞ | seed=124022544596152605 archetype=turbo personality=tecnologico focus=eco actions_per_loop=2 ====
[09:41:31] planet 43: queued ship_heavy_fighter +5
[09:41:31] research: blocked research_intergalactic_research_network (building_laboratory 9/10)
[2026-05-12 09:42:16] ==== loop 12/∞ | seed=124022544596152605 archetype=turbo personality=tecnologico focus=eco actions_per_loop=2 ====
[09:42:16] planet 43: queued ship_heavy_fighter +5
[09:42:16] research: blocked research_intergalactic_research_network (building_laboratory 9/10)
[2026-05-12 09:43:00] ==== loop 13/∞ | seed=124022544596152605 archetype=turbo personality=tecnologico focus=eco actions_per_loop=2 ====
[09:43:01] planet 43: queued ship_heavy_fighter +5
[09:43:01] planet 43: skipped duplicate ship_heavy_fighter this loop
[2026-05-12 09:43:44] ==== loop 14/∞ | seed=124022544596152605 archetype=turbo personality=tecnologico focus=eco actions_per_loop=2 ====
[09:43:45] planet 43: queued ship_heavy_fighter +5
[09:43:45] planet 43: skipped duplicate ship_heavy_fighter this loop
[2026-05-12 09:44:24] ==== loop 15/∞ | seed=124022544596152605 archetype=turbo personality=tecnologico focus=eco actions_per_loop=2 ====
[09:44:25] planet 43: queued ship_heavy_fighter +5
[09:44:25] planet 43: skipped duplicate ship_heavy_fighter this loop
[09:44:25] research: blocked research_intergalactic_research_network (building_laboratory 9/10)
[2026-05-12 09:45:10] ==== loop 16/∞ | seed=124022544596152605 archetype=turbo personality=tecnologico focus=eco actions_per_loop=2 ====
[09:45:10] planet 43: queued ship_heavy_fighter +5
[09:45:10] planet 43: skipped duplicate ship_heavy_fighter this loop
[09:45:10] research: blocked research_intergalactic_research_network (building_laboratory 9/10)
[2026-05-12 09:45:55] ==== loop 17/∞ | seed=124022544596152605 archetype=turbo personality=tecnologico focus=eco actions_per_loop=2 ====
[09:45:55] planet 43: queued ship_heavy_fighter +5
[09:45:55] planet 43: skipped duplicate ship_heavy_fighter this loop
[2026-05-12 09:46:40] ==== loop 18/∞ | seed=124022544596152605 archetype=turbo personality=tecnologico focus=eco actions_per_loop=2 ====
[09:46:41] planet 43: queued ship_heavy_fighter +5
[09:46:41] planet 43: skipped duplicate ship_heavy_fighter this loop
[2026-05-12 09:47:24] ==== loop 19/∞ | seed=124022544596152605 archetype=turbo personality=tecnologico focus=eco actions_per_loop=2 ====
[09:47:24] planet 43: queued ship_heavy_fighter +5
[09:47:24] planet 43: skipped duplicate ship_heavy_fighter this loop
[09:47:24] research: blocked research_intergalactic_research_network (building_laboratory 9/10)
[2026-05-12 09:48:07] ==== loop 20/∞ | seed=124022544596152605 archetype=turbo personality=tecnologico focus=eco actions_per_loop=2 ====
[09:48:08] planet 43: queued ship_heavy_fighter +5
[09:48:08] planet 43: skipped duplicate ship_heavy_fighter this loop
[2026-05-12 09:48:54] ==== loop 21/∞ | seed=124022544596152605 archetype=turbo personality=tecnologico focus=eco actions_per_loop=2 ====
[09:48:54] planet 43: queued ship_heavy_fighter +5
[09:48:54] planet 43: skipped duplicate ship_heavy_fighter this loop
[09:48:54] research: blocked research_intergalactic_research_network (building_laboratory 9/10)
[2026-05-12 09:49:42] ==== loop 22/∞ | seed=124022544596152605 archetype=turbo personality=tecnologico focus=eco actions_per_loop=2 ====
[09:49:43] planet 43: queued ship_heavy_fighter +5
[09:49:43] planet 43: skipped duplicate ship_heavy_fighter this loop
[2026-05-12 09:50:25] ==== loop 23/∞ | seed=124022544596152605 archetype=turbo personality=tecnologico focus=eco actions_per_loop=2 ====
[09:50:25] planet 43: queued building_deuterium_tank to 9
[2026-05-12 09:51:07] ==== loop 24/∞ | seed=124022544596152605 archetype=turbo personality=tecnologico focus=eco actions_per_loop=2 ====
[09:51:08] planet 43: building queue full (5)
[09:51:08] research: blocked research_intergalactic_research_network (building_laboratory 9/10)
[2026-05-12 09:51:47] ==== loop 25/∞ | seed=124022544596152605 archetype=turbo personality=tecnologico focus=eco actions_per_loop=2 ====
[09:51:48] planet 43: building queue full (5)
[2026-05-12 09:52:28] ==== loop 26/∞ | seed=124022544596152605 archetype=turbo personality=tecnologico focus=eco actions_per_loop=2 ====
[09:52:29] planet 43: building queue full (5)
[09:52:29] planet 43: building queue full (5)
[2026-05-12 09:53:07] ==== loop 27/∞ | seed=124022544596152605 archetype=turbo personality=tecnologico focus=eco actions_per_loop=2 ====
[09:53:08] planet 43: building queue full (5)
[09:53:08] planet 43: building queue full (5)
[09:53:08] research: blocked research_intergalactic_research_network (building_laboratory 9/10)
[2026-05-12 09:53:50] ==== loop 28/∞ | seed=124022544596152605 archetype=turbo personality=tecnologico focus=eco actions_per_loop=2 ====
[09:53:52] planet 43: building queue full (5)
[09:53:52] planet 43: building queue full (5)
[09:53:52] research: blocked research_intergalactic_research_network (building_laboratory 9/10)
[2026-05-12 09:54:34] ==== loop 29/∞ | seed=124022544596152605 archetype=turbo personality=tecnologico focus=eco actions_per_loop=2 ====
[09:54:36] planet 43: building queue full (5)
[09:54:36] planet 43: building queue full (5)
[2026-05-12 09:55:16] ==== loop 30/∞ | seed=124022544596152605 archetype=turbo personality=tecnologico focus=eco actions_per_loop=2 ====
[09:55:16] planet 43: building queue full (5)
[09:55:16] research: blocked research_intergalactic_research_network (building_laboratory 9/10)
[2026-05-12 09:56:00] ==== loop 31/∞ | seed=124022544596152605 archetype=turbo personality=tecnologico focus=eco actions_per_loop=2 ====
[09:56:01] planet 43: building queue full (5)
[09:56:01] planet 43: building queue full (5)
[2026-05-12 09:56:47] ==== loop 32/∞ | seed=124022544596152605 archetype=turbo personality=tecnologico focus=eco actions_per_loop=2 ====
[09:56:47] planet 43: building queue full (5)
[09:56:47] research: blocked research_intergalactic_research_network (building_laboratory 9/10)
[2026-05-12 09:57:35] ==== loop 33/∞ | seed=124022544596152605 archetype=turbo personality=tecnologico focus=eco actions_per_loop=2 ====
[09:57:36] planet 43: building queue full (5)
[09:57:36] planet 43: building queue full (5)
[09:57:36] research: blocked research_intergalactic_research_network (building_laboratory 9/10)
[2026-05-12 09:58:18] ==== loop 34/∞ | seed=124022544596152605 archetype=turbo personality=tecnologico focus=eco actions_per_loop=2 ====
[09:58:19] planet 43: building queue full (5)
[09:58:19] research: blocked research_intergalactic_research_network (building_laboratory 9/10)
[2026-05-12 09:59:03] ==== loop 35/∞ | seed=124022544596152605 archetype=turbo personality=tecnologico focus=eco actions_per_loop=2 ====
[09:59:04] planet 43: building queue full (5)
[09:59:04] planet 43: building queue full (5)
[09:59:04] research: blocked research_intergalactic_research_network (building_laboratory 9/10)
[2026-05-12 09:59:45] ==== loop 36/∞ | seed=124022544596152605 archetype=turbo personality=tecnologico focus=eco actions_per_loop=2 ====
[09:59:46] planet 43: building queue full (5)
[09:59:46] planet 43: building queue full (5)
[2026-05-12 10:00:29] ==== loop 37/∞ | seed=124022544596152605 archetype=turbo personality=tecnologico focus=eco actions_per_loop=2 ====
[10:00:30] planet 43: queued building_crystal_mine to 20
[10:00:30] research: blocked research_intergalactic_research_network (building_laboratory 9/10)
[2026-05-12 10:01:14] ==== loop 38/∞ | seed=124022544596152605 archetype=turbo personality=tecnologico focus=eco actions_per_loop=2 ====
[10:01:15] planet 43: building queue full (5)
[10:01:15] research: blocked research_intergalactic_research_network (building_laboratory 9/10)
[2026-05-12 10:01:57] ==== loop 39/∞ | seed=124022544596152605 archetype=turbo personality=tecnologico focus=eco actions_per_loop=2 ====
[10:01:57] planet 43: building queue full (5)
[2026-05-12 10:02:38] ==== loop 40/∞ | seed=124022544596152605 archetype=turbo personality=tecnologico focus=eco actions_per_loop=2 ====
[10:02:40] planet 43: building queue full (5)
[10:02:40] planet 43: building queue full (5)
[2026-05-12 10:03:21] ==== loop 41/∞ | seed=124022544596152605 archetype=turbo personality=tecnologico focus=eco actions_per_loop=2 ====
[10:03:23] planet 43: building queue full (5)
[10:03:23] planet 43: building queue full (5)
[10:03:23] research: blocked research_intergalactic_research_network (building_laboratory 9/10)
[2026-05-12 10:04:04] ==== loop 42/∞ | seed=124022544596152605 archetype=turbo personality=tecnologico focus=eco actions_per_loop=2 ====
[10:04:06] planet 43: building queue full (5)
[10:04:06] planet 43: building queue full (5)
[10:04:06] research: blocked research_intergalactic_research_network (building_laboratory 9/10)
[2026-05-12 10:04:48] ==== loop 43/∞ | seed=124022544596152605 archetype=turbo personality=tecnologico focus=eco actions_per_loop=2 ====
[10:04:49] planet 43: building queue full (5)
[10:04:49] planet 43: building queue full (5)
[10:04:49] research: blocked research_intergalactic_research_network (building_laboratory 9/10)
[2026-05-12 10:05:34] ==== loop 44/∞ | seed=124022544596152605 archetype=turbo personality=tecnologico focus=eco actions_per_loop=2 ====
[10:05:34] planet 43: building queue full (5)
[10:05:34] research: blocked research_intergalactic_research_network (building_laboratory 9/10)
[2026-05-12 10:06:16] ==== loop 45/∞ | seed=124022544596152605 archetype=turbo personality=tecnologico focus=eco actions_per_loop=2 ====
[10:06:18] planet 43: building queue full (5)
[10:06:18] planet 43: building queue full (5)
[10:06:18] research: blocked research_intergalactic_research_network (building_laboratory 9/10)
[2026-05-12 10:07:02] ==== loop 46/∞ | seed=124022544596152605 archetype=turbo personality=tecnologico focus=eco actions_per_loop=2 ====
[10:07:04] planet 43: building queue full (5)
[10:07:04] planet 43: building queue full (5)
[10:07:04] research: blocked research_intergalactic_research_network (building_laboratory 9/10)
[2026-05-12 10:07:48] ==== loop 47/∞ | seed=124022544596152605 archetype=turbo personality=tecnologico focus=eco actions_per_loop=2 ====
[10:07:49] planet 43: building queue full (5)
[10:07:49] planet 43: building queue full (5)
[2026-05-12 10:08:31] ==== loop 48/∞ | seed=124022544596152605 archetype=turbo personality=tecnologico focus=eco actions_per_loop=2 ====
[10:08:31] planet 43: building queue full (5)
[10:08:31] research: blocked research_intergalactic_research_network (building_laboratory 9/10)
[2026-05-12 10:09:14] ==== loop 49/∞ | seed=124022544596152605 archetype=turbo personality=tecnologico focus=eco actions_per_loop=2 ====
[10:09:16] planet 43: building queue full (5)
[10:09:16] planet 43: building queue full (5)
[10:09:16] research: blocked research_intergalactic_research_network (building_laboratory 9/10)
[2026-05-12 10:09:58] ==== loop 50/∞ | seed=124022544596152605 archetype=turbo personality=tecnologico focus=eco actions_per_loop=2 ====
[10:09:59] planet 43: building queue full (5)
[2026-05-12 10:10:38] ==== loop 51/∞ | seed=124022544596152605 archetype=turbo personality=tecnologico focus=eco actions_per_loop=2 ====
[10:10:38] planet 43: queued building_metal_mine to 28
[10:10:38] research: blocked research_intergalactic_research_network (building_laboratory 9/10)
[2026-05-12 10:11:29] ==== loop 1/∞ | seed=124022544596152605 archetype=turbo personality=tecnologico focus=eco actions_per_loop=2 ====
[10:11:29] planet 43: queue busy, throttled building_hangar
[10:11:29] research: blocked research_intergalactic_research_network (building_laboratory 9/10)
[2026-05-12 10:12:03] ==== loop 2/∞ | seed=124022544596152605 archetype=turbo personality=tecnologico focus=eco actions_per_loop=2 ====
[10:12:03] planet 43: queue busy, throttled building_hangar
[10:12:03] planet 43: queue busy, throttled building_hangar
[10:12:03] research: blocked research_intergalactic_research_network (building_laboratory 9/10)
[2026-05-12 10:12:39] ==== loop 3/∞ | seed=124022544596152605 archetype=turbo personality=tecnologico focus=eco actions_per_loop=2 ====
[10:12:39] planet 43: queue busy, throttled building_hangar
[10:12:39] planet 43: queue busy, throttled building_hangar
[10:12:39] research: blocked research_intergalactic_research_network (building_laboratory 9/10)
[2026-05-12 10:13:13] ==== loop 4/∞ | seed=124022544596152605 archetype=turbo personality=tecnologico focus=eco actions_per_loop=2 ====
[10:13:13] planet 43: queue busy, throttled building_hangar
[10:13:13] planet 43: queue busy, throttled building_hangar
[2026-05-12 10:13:45] ==== loop 5/∞ | seed=124022544596152605 archetype=turbo personality=tecnologico focus=eco actions_per_loop=2 ====
[10:13:45] planet 43: queue busy, throttled building_hangar
[10:13:45] planet 43: queue busy, throttled building_hangar
[2026-05-12 10:14:20] ==== loop 6/∞ | seed=124022544596152605 archetype=turbo personality=tecnologico focus=eco actions_per_loop=2 ====
[10:14:21] planet 43: queue busy, throttled building_hangar
[10:14:21] planet 43: queue busy, throttled building_hangar
[2026-05-12 10:14:55] ==== loop 7/∞ | seed=124022544596152605 archetype=turbo personality=tecnologico focus=eco actions_per_loop=2 ====
[10:14:55] planet 43: queue busy, throttled building_hangar
[10:14:55] planet 43: queue busy, throttled building_hangar
[2026-05-12 10:15:37] ==== loop 8/∞ | seed=124022544596152605 archetype=turbo personality=tecnologico focus=eco actions_per_loop=2 ====
[10:15:37] planet 43: queue busy, throttled building_hangar
[10:15:37] planet 43: queue busy, throttled building_hangar
[2026-05-12 10:16:13] ==== loop 9/∞ | seed=124022544596152605 archetype=turbo personality=tecnologico focus=eco actions_per_loop=2 ====
[10:16:13] planet 43: queue busy, throttled building_hangar
[10:16:13] planet 43: queue busy, throttled building_hangar
[10:16:13] research: blocked research_intergalactic_research_network (building_laboratory 9/10)
[2026-05-12 10:16:52] ==== loop 10/∞ | seed=124022544596152605 archetype=turbo personality=tecnologico focus=eco actions_per_loop=2 ====
[10:16:52] planet 43: queue busy, throttled building_hangar
[10:16:52] planet 43: queue busy, throttled building_hangar
[10:16:52] research: blocked research_intergalactic_research_network (building_laboratory 9/10)
[2026-05-12 10:17:29] ==== loop 11/∞ | seed=124022544596152605 archetype=turbo personality=tecnologico focus=eco actions_per_loop=2 ====
[10:17:29] planet 43: queue busy, throttled building_hangar
[10:17:29] planet 43: queue busy, throttled building_hangar
[10:17:29] research: blocked research_intergalactic_research_network (building_laboratory 9/10)
[2026-05-12 10:18:07] ==== loop 12/∞ | seed=124022544596152605 archetype=turbo personality=tecnologico focus=eco actions_per_loop=2 ====
[10:18:08] planet 43: queued ship_solar_satellite +5
[10:18:08] planet 43: skipped duplicate ship_solar_satellite this loop
[10:18:08] research: blocked research_intergalactic_research_network (building_laboratory 9/10)
[2026-05-12 10:18:46] ==== loop 13/∞ | seed=124022544596152605 archetype=turbo personality=tecnologico focus=eco actions_per_loop=2 ====
[10:18:46] planet 43: queued ship_solar_satellite +5
[2026-05-12 10:19:24] ==== loop 14/∞ | seed=124022544596152605 archetype=turbo personality=tecnologico focus=eco actions_per_loop=2 ====
[10:19:25] planet 43: queued ship_solar_satellite +5
[10:19:25] planet 43: skipped duplicate ship_solar_satellite this loop
[2026-05-12 10:20:01] ==== loop 15/∞ | seed=124022544596152605 archetype=turbo personality=tecnologico focus=eco actions_per_loop=2 ====
[10:20:01] planet 43: queued ship_solar_satellite +5
[10:20:01] planet 43: skipped duplicate ship_solar_satellite this loop
[10:20:01] research: blocked research_intergalactic_research_network (building_laboratory 9/10)
[2026-05-12 10:20:40] ==== loop 16/∞ | seed=124022544596152605 archetype=turbo personality=tecnologico focus=eco actions_per_loop=2 ====
[10:20:40] planet 43: queued ship_solar_satellite +5
[10:20:40] planet 43: skipped duplicate ship_solar_satellite this loop
[2026-05-12 10:21:16] ==== loop 17/∞ | seed=124022544596152605 archetype=turbo personality=tecnologico focus=eco actions_per_loop=2 ====
[10:21:17] planet 43: queued ship_solar_satellite +5
[10:21:17] planet 43: skipped duplicate ship_solar_satellite this loop
[2026-05-12 10:21:52] ==== loop 18/∞ | seed=124022544596152605 archetype=turbo personality=tecnologico focus=eco actions_per_loop=2 ====
[10:21:52] planet 43: queued ship_solar_satellite +5
[10:21:52] planet 43: skipped duplicate ship_solar_satellite this loop
[10:21:52] research: blocked research_intergalactic_research_network (building_laboratory 9/10)
[2026-05-12 10:22:28] ==== loop 19/∞ | seed=124022544596152605 archetype=turbo personality=tecnologico focus=eco actions_per_loop=2 ====
[10:22:28] planet 43: queued ship_solar_satellite +5
[10:22:28] planet 43: skipped duplicate ship_solar_satellite this loop
[10:22:28] research: blocked research_intergalactic_research_network (building_laboratory 9/10)
[2026-05-12 10:23:03] ==== loop 20/∞ | seed=124022544596152605 archetype=turbo personality=tecnologico focus=eco actions_per_loop=2 ====
[10:23:05] planet 43: queued ship_solar_satellite +5
[2026-05-12 10:23:42] ==== loop 21/∞ | seed=124022544596152605 archetype=turbo personality=tecnologico focus=eco actions_per_loop=2 ====
[10:23:44] planet 43: queued ship_solar_satellite +5
[10:23:44] planet 43: skipped duplicate ship_solar_satellite this loop
[2026-05-12 10:24:19] ==== loop 22/∞ | seed=124022544596152605 archetype=turbo personality=tecnologico focus=eco actions_per_loop=2 ====
[10:24:20] planet 43: queued ship_solar_satellite +5
[10:24:20] planet 43: skipped duplicate ship_solar_satellite this loop
[10:24:20] research: blocked research_intergalactic_research_network (building_laboratory 9/10)
[2026-05-12 10:24:55] ==== loop 23/∞ | seed=124022544596152605 archetype=turbo personality=tecnologico focus=eco actions_per_loop=2 ====
[10:24:56] planet 43: queued ship_solar_satellite +5
[10:24:56] research: blocked research_intergalactic_research_network (building_laboratory 9/10)
[2026-05-12 10:25:31] ==== loop 24/∞ | seed=124022544596152605 archetype=turbo personality=tecnologico focus=eco actions_per_loop=2 ====
[10:25:32] planet 43: queued ship_solar_satellite +5
[10:25:32] research: blocked research_intergalactic_research_network (building_laboratory 9/10)
[2026-05-12 10:26:09] ==== loop 25/∞ | seed=124022544596152605 archetype=turbo personality=tecnologico focus=eco actions_per_loop=2 ====
[10:26:10] planet 43: queued ship_solar_satellite +5
[10:26:10] planet 43: skipped duplicate ship_solar_satellite this loop
[2026-05-12 10:26:46] ==== loop 26/∞ | seed=124022544596152605 archetype=turbo personality=tecnologico focus=eco actions_per_loop=2 ====
[10:26:47] planet 43: queued ship_solar_satellite +5
[10:26:47] planet 43: skipped duplicate ship_solar_satellite this loop
[2026-05-12 10:27:26] ==== loop 27/∞ | seed=124022544596152605 archetype=turbo personality=tecnologico focus=eco actions_per_loop=2 ====
[10:27:27] planet 43: queued ship_solar_satellite +5
[10:27:27] planet 43: skipped duplicate ship_solar_satellite this loop
[10:27:27] research: blocked research_intergalactic_research_network (building_laboratory 9/10)
[2026-05-12 10:28:06] ==== loop 28/∞ | seed=124022544596152605 archetype=turbo personality=tecnologico focus=eco actions_per_loop=2 ====
[10:28:07] planet 43: queued ship_solar_satellite +5
[10:28:07] planet 43: skipped duplicate ship_solar_satellite this loop
[10:28:07] research: blocked research_intergalactic_research_network (building_laboratory 9/10)
[2026-05-12 10:28:46] ==== loop 29/∞ | seed=124022544596152605 archetype=turbo personality=tecnologico focus=eco actions_per_loop=2 ====
[10:28:47] planet 43: queued ship_solar_satellite +5
[10:28:47] research: blocked research_intergalactic_research_network (building_laboratory 9/10)
[2026-05-12 10:29:23] ==== loop 30/∞ | seed=124022544596152605 archetype=turbo personality=tecnologico focus=eco actions_per_loop=2 ====
[10:29:23] planet 43: queued ship_solar_satellite +5
[10:29:23] research: blocked research_intergalactic_research_network (building_laboratory 9/10)
[2026-05-12 10:30:00] ==== loop 31/∞ | seed=124022544596152605 archetype=turbo personality=tecnologico focus=eco actions_per_loop=2 ====
[10:30:01] planet 43: queued ship_solar_satellite +5
[10:30:01] planet 43: skipped duplicate ship_solar_satellite this loop
[10:30:01] research: blocked research_intergalactic_research_network (building_laboratory 9/10)
[2026-05-12 10:30:37] ==== loop 32/∞ | seed=124022544596152605 archetype=turbo personality=tecnologico focus=eco actions_per_loop=2 ====
[10:30:38] planet 43: queued ship_solar_satellite +5
[10:30:38] planet 43: skipped duplicate ship_solar_satellite this loop
[10:30:38] research: blocked research_intergalactic_research_network (building_laboratory 9/10)
[2026-05-12 10:31:18] ==== loop 33/∞ | seed=124022544596152605 archetype=turbo personality=tecnologico focus=eco actions_per_loop=2 ====
[10:31:18] planet 43: queued ship_solar_satellite +5
[10:31:18] planet 43: skipped duplicate ship_solar_satellite this loop
[2026-05-12 10:32:01] ==== loop 34/∞ | seed=124022544596152605 archetype=turbo personality=tecnologico focus=eco actions_per_loop=2 ====
[10:32:02] planet 43: queued ship_solar_satellite +5
[10:32:02] planet 43: skipped duplicate ship_solar_satellite this loop
[2026-05-12 10:32:44] ==== loop 35/∞ | seed=124022544596152605 archetype=turbo personality=tecnologico focus=eco actions_per_loop=2 ====
[10:32:45] planet 43: queued ship_solar_satellite +5
[2026-05-12 10:33:27] ==== loop 36/∞ | seed=124022544596152605 archetype=turbo personality=tecnologico focus=eco actions_per_loop=2 ====
[10:33:27] planet 43: queued ship_solar_satellite +5
[10:33:27] planet 43: skipped duplicate ship_solar_satellite this loop
[10:33:27] research: blocked research_intergalactic_research_network (building_laboratory 9/10)
[2026-05-12 10:34:07] ==== loop 37/∞ | seed=124022544596152605 archetype=turbo personality=tecnologico focus=eco actions_per_loop=2 ====
[10:34:08] planet 43: queued ship_solar_satellite +5
[10:34:08] planet 43: skipped duplicate ship_solar_satellite this loop
[2026-05-12 10:34:49] ==== loop 38/∞ | seed=124022544596152605 archetype=turbo personality=tecnologico focus=eco actions_per_loop=2 ====
[10:34:50] planet 43: queued ship_solar_satellite +5
[10:34:50] planet 43: skipped duplicate ship_solar_satellite this loop
[2026-05-12 10:35:28] ==== loop 39/∞ | seed=124022544596152605 archetype=turbo personality=tecnologico focus=eco actions_per_loop=2 ====
[10:35:29] planet 43: queued ship_solar_satellite +5
[10:35:29] research: blocked research_intergalactic_research_network (building_laboratory 9/10)
[2026-05-12 10:36:09] ==== loop 40/∞ | seed=124022544596152605 archetype=turbo personality=tecnologico focus=eco actions_per_loop=2 ====
[10:36:09] planet 43: queued ship_solar_satellite +5
[10:36:09] planet 43: skipped duplicate ship_solar_satellite this loop
[10:36:09] research: blocked research_intergalactic_research_network (building_laboratory 9/10)
[2026-05-12 10:36:49] ==== loop 41/∞ | seed=124022544596152605 archetype=turbo personality=tecnologico focus=eco actions_per_loop=2 ====
[10:36:50] planet 43: queued ship_solar_satellite +5
[10:36:50] planet 43: skipped duplicate ship_solar_satellite this loop
[10:36:50] research: blocked research_intergalactic_research_network (building_laboratory 9/10)
[2026-05-12 10:37:37] ==== loop 42/∞ | seed=124022544596152605 archetype=turbo personality=tecnologico focus=eco actions_per_loop=2 ====
[10:37:38] planet 43: queued ship_solar_satellite +5
[10:37:38] planet 43: skipped duplicate ship_solar_satellite this loop
[10:37:38] research: blocked research_intergalactic_research_network (building_laboratory 9/10)
[2026-05-12 10:38:22] ==== loop 43/∞ | seed=124022544596152605 archetype=turbo personality=tecnologico focus=eco actions_per_loop=2 ====
[10:38:22] planet 43: queued ship_solar_satellite +5
[10:38:22] planet 43: skipped duplicate ship_solar_satellite this loop
[10:38:22] research: blocked research_intergalactic_research_network (building_laboratory 9/10)
[2026-05-12 10:39:05] ==== loop 44/∞ | seed=124022544596152605 archetype=turbo personality=tecnologico focus=eco actions_per_loop=2 ====
[10:39:06] planet 43: queued ship_solar_satellite +5
[10:39:06] planet 43: skipped duplicate ship_solar_satellite this loop
[10:39:06] research: blocked research_intergalactic_research_network (building_laboratory 9/10)
[2026-05-12 10:39:55] ==== loop 45/∞ | seed=124022544596152605 archetype=turbo personality=tecnologico focus=eco actions_per_loop=2 ====
[10:39:55] planet 43: queued ship_solar_satellite +5
[10:39:55] planet 43: skipped duplicate ship_solar_satellite this loop
[10:39:55] research: blocked research_intergalactic_research_network (building_laboratory 9/10)
[2026-05-12 10:40:31] ==== loop 46/∞ | seed=124022544596152605 archetype=turbo personality=tecnologico focus=eco actions_per_loop=2 ====
[10:40:32] planet 43: queued ship_solar_satellite +5
[10:40:32] research: blocked research_intergalactic_research_network (building_laboratory 9/10)
[2026-05-12 10:41:14] ==== loop 47/∞ | seed=124022544596152605 archetype=turbo personality=tecnologico focus=eco actions_per_loop=2 ====
[10:41:15] planet 43: queued ship_solar_satellite +5
[10:41:15] planet 43: skipped duplicate ship_solar_satellite this loop
[2026-05-12 10:41:54] ==== loop 48/∞ | seed=124022544596152605 archetype=turbo personality=tecnologico focus=eco actions_per_loop=2 ====
[10:41:54] planet 43: queued ship_solar_satellite +5
[10:41:54] planet 43: skipped duplicate ship_solar_satellite this loop
[2026-05-12 10:42:35] ==== loop 49/∞ | seed=124022544596152605 archetype=turbo personality=tecnologico focus=eco actions_per_loop=2 ====
[10:42:35] planet 43: queued ship_solar_satellite +5
[10:42:35] planet 43: skipped duplicate ship_solar_satellite this loop
[10:42:35] research: blocked research_intergalactic_research_network (building_laboratory 9/10)
[2026-05-12 10:43:21] ==== loop 50/∞ | seed=124022544596152605 archetype=turbo personality=tecnologico focus=eco actions_per_loop=2 ====
[10:43:22] planet 43: queued ship_solar_satellite +5
[10:43:22] planet 43: skipped duplicate ship_solar_satellite this loop
[10:43:22] research: blocked research_intergalactic_research_network (building_laboratory 9/10)
[2026-05-12 10:44:08] ==== loop 51/∞ | seed=124022544596152605 archetype=turbo personality=tecnologico focus=eco actions_per_loop=2 ====
[10:44:08] planet 43: queued ship_solar_satellite +5
[10:44:08] planet 43: skipped duplicate ship_solar_satellite this loop
[10:44:08] research: blocked research_intergalactic_research_network (building_laboratory 9/10)
[2026-05-12 10:44:54] ==== loop 1/∞ | seed=124022544596152605 archetype=turbo personality=tecnologico focus=eco actions_per_loop=2 ====
[10:44:55] planet 43: queued ship_solar_satellite +5
[10:44:55] planet 43: skipped duplicate ship_solar_satellite this loop
[2026-05-12 10:45:39] ==== loop 2/∞ | seed=124022544596152605 archetype=turbo personality=tecnologico focus=eco actions_per_loop=2 ====
[10:45:40] planet 43: queued ship_solar_satellite +5
[10:45:40] research: blocked research_intergalactic_research_network (building_laboratory 9/10)
[2026-05-12 10:46:23] ==== loop 3/∞ | seed=124022544596152605 archetype=turbo personality=tecnologico focus=eco actions_per_loop=2 ====
[10:46:23] planet 43: queued ship_solar_satellite +5
[10:46:23] planet 43: skipped duplicate ship_solar_satellite this loop
[2026-05-12 10:47:03] ==== loop 4/∞ | seed=124022544596152605 archetype=turbo personality=tecnologico focus=eco actions_per_loop=2 ====
[10:47:03] planet 43: queued ship_solar_satellite +5
[10:47:03] planet 43: skipped duplicate ship_solar_satellite this loop
[10:47:03] research: blocked research_intergalactic_research_network (building_laboratory 9/10)
[2026-05-12 10:47:43] ==== loop 5/∞ | seed=124022544596152605 archetype=turbo personality=tecnologico focus=eco actions_per_loop=2 ====
[10:47:43] planet 43: queued ship_solar_satellite +5
[10:47:43] planet 43: skipped duplicate ship_solar_satellite this loop
[2026-05-12 10:48:24] ==== loop 6/∞ | seed=124022544596152605 archetype=turbo personality=tecnologico focus=eco actions_per_loop=2 ====
[10:48:25] planet 43: queued ship_solar_satellite +5
[10:48:25] planet 43: skipped duplicate ship_solar_satellite this loop
[2026-05-12 10:49:00] ==== loop 7/∞ | seed=124022544596152605 archetype=turbo personality=tecnologico focus=eco actions_per_loop=2 ====
[10:49:01] planet 43: queued ship_solar_satellite +5
[10:49:01] planet 43: skipped duplicate ship_solar_satellite this loop
[10:49:01] research: blocked research_intergalactic_research_network (building_laboratory 9/10)
[2026-05-12 10:49:40] ==== loop 8/∞ | seed=124022544596152605 archetype=turbo personality=tecnologico focus=eco actions_per_loop=2 ====
[10:49:41] planet 43: queued ship_solar_satellite +5
[10:49:41] research: blocked research_intergalactic_research_network (building_laboratory 9/10)
[2026-05-12 10:50:25] ==== loop 9/∞ | seed=124022544596152605 archetype=turbo personality=tecnologico focus=eco actions_per_loop=2 ====
[10:50:26] planet 43: queued ship_solar_satellite +5
[10:50:26] planet 43: skipped duplicate ship_solar_satellite this loop
[2026-05-12 10:51:11] ==== loop 10/∞ | seed=124022544596152605 archetype=turbo personality=tecnologico focus=eco actions_per_loop=2 ====
[10:51:11] planet 43: queued ship_solar_satellite +5
[10:51:11] planet 43: skipped duplicate ship_solar_satellite this loop
[10:51:11] research: blocked research_intergalactic_research_network (building_laboratory 9/10)
[2026-05-12 10:51:57] ==== loop 11/∞ | seed=124022544596152605 archetype=turbo personality=tecnologico focus=eco actions_per_loop=2 ====
[10:51:58] planet 43: queued ship_solar_satellite +5
[10:51:58] planet 43: skipped duplicate ship_solar_satellite this loop
[10:51:58] research: blocked research_intergalactic_research_network (building_laboratory 9/10)
[2026-05-12 10:52:38] ==== loop 12/∞ | seed=124022544596152605 archetype=turbo personality=tecnologico focus=eco actions_per_loop=2 ====
[10:52:39] planet 43: queued ship_solar_satellite +5
[10:52:39] planet 43: skipped duplicate ship_solar_satellite this loop
[10:52:39] research: blocked research_intergalactic_research_network (building_laboratory 9/10)
[2026-05-12 10:53:23] ==== loop 13/∞ | seed=124022544596152605 archetype=turbo personality=tecnologico focus=eco actions_per_loop=2 ====
[10:53:24] planet 43: queued ship_solar_satellite +5
[10:53:24] planet 43: skipped duplicate ship_solar_satellite this loop
[2026-05-12 10:54:09] ==== loop 14/∞ | seed=124022544596152605 archetype=turbo personality=tecnologico focus=eco actions_per_loop=2 ====
[10:54:10] planet 43: queued ship_solar_satellite +5
[10:54:10] planet 43: skipped duplicate ship_solar_satellite this loop
[10:54:10] research: blocked research_intergalactic_research_network (building_laboratory 9/10)
[2026-05-12 10:54:52] ==== loop 15/∞ | seed=124022544596152605 archetype=turbo personality=tecnologico focus=eco actions_per_loop=2 ====
[10:54:53] planet 43: queued ship_solar_satellite +5
[10:54:53] planet 43: skipped duplicate ship_solar_satellite this loop
[10:54:53] research: blocked research_intergalactic_research_network (building_laboratory 9/10)
[2026-05-12 10:55:37] ==== loop 16/∞ | seed=124022544596152605 archetype=turbo personality=tecnologico focus=eco actions_per_loop=2 ====
[10:55:37] planet 43: queued ship_solar_satellite +5
[10:55:37] planet 43: skipped duplicate ship_solar_satellite this loop
[10:55:37] research: blocked research_intergalactic_research_network (building_laboratory 9/10)
[2026-05-12 10:56:21] ==== loop 17/∞ | seed=124022544596152605 archetype=turbo personality=tecnologico focus=eco actions_per_loop=2 ====
[10:56:21] planet 43: queued ship_solar_satellite +5
[10:56:21] planet 43: skipped duplicate ship_solar_satellite this loop
[10:56:21] research: blocked research_intergalactic_research_network (building_laboratory 9/10)
[2026-05-12 10:57:04] ==== loop 18/∞ | seed=124022544596152605 archetype=turbo personality=tecnologico focus=eco actions_per_loop=2 ====
[10:57:05] planet 43: queued ship_solar_satellite +5
[10:57:05] planet 43: skipped duplicate ship_solar_satellite this loop
[10:57:05] research: blocked research_intergalactic_research_network (building_laboratory 9/10)
[2026-05-12 10:57:48] ==== loop 19/∞ | seed=124022544596152605 archetype=turbo personality=tecnologico focus=eco actions_per_loop=2 ====
[10:57:49] planet 43: queued ship_solar_satellite +5
[10:57:49] planet 43: skipped duplicate ship_solar_satellite this loop
[10:57:49] research: blocked research_intergalactic_research_network (building_laboratory 9/10)
[2026-05-12 10:58:34] ==== loop 20/∞ | seed=124022544596152605 archetype=turbo personality=tecnologico focus=eco actions_per_loop=2 ====
[10:58:35] planet 43: queued ship_solar_satellite +5
[10:58:35] planet 43: skipped duplicate ship_solar_satellite this loop
[10:58:35] research: blocked research_intergalactic_research_network (building_laboratory 9/10)
[2026-05-12 10:59:19] ==== loop 21/∞ | seed=124022544596152605 archetype=turbo personality=tecnologico focus=eco actions_per_loop=2 ====
[10:59:19] planet 43: queued ship_solar_satellite +5
[10:59:19] planet 43: skipped duplicate ship_solar_satellite this loop
[10:59:19] research: blocked research_intergalactic_research_network (building_laboratory 9/10)
[2026-05-12 10:59:59] ==== loop 22/∞ | seed=124022544596152605 archetype=turbo personality=tecnologico focus=eco actions_per_loop=2 ====
[11:00:00] planet 43: queued ship_solar_satellite +5
[11:00:00] planet 43: skipped duplicate ship_solar_satellite this loop
[11:00:00] research: blocked research_intergalactic_research_network (building_laboratory 9/10)
[2026-05-12 11:00:43] ==== loop 23/∞ | seed=124022544596152605 archetype=turbo personality=tecnologico focus=eco actions_per_loop=2 ====
[11:00:43] planet 43: queued ship_solar_satellite +5
[11:00:43] planet 43: skipped duplicate ship_solar_satellite this loop
[11:00:43] research: blocked research_intergalactic_research_network (building_laboratory 9/10)
[2026-05-12 11:01:30] ==== loop 24/∞ | seed=124022544596152605 archetype=turbo personality=tecnologico focus=eco actions_per_loop=2 ====
[11:01:30] planet 43: queued ship_solar_satellite +5
[11:01:30] planet 43: skipped duplicate ship_solar_satellite this loop
[11:01:30] research: blocked research_intergalactic_research_network (building_laboratory 9/10)
[2026-05-12 11:02:09] ==== loop 25/∞ | seed=124022544596152605 archetype=turbo personality=tecnologico focus=eco actions_per_loop=2 ====
[11:02:10] planet 43: queued ship_solar_satellite +5
[11:02:10] planet 43: skipped duplicate ship_solar_satellite this loop
[2026-05-12 11:02:56] ==== loop 26/∞ | seed=124022544596152605 archetype=turbo personality=tecnologico focus=eco actions_per_loop=2 ====
[11:02:57] planet 43: queued ship_solar_satellite +3
[11:02:57] planet 43: queued building_hangar to 2
[2026-05-12 11:03:44] ==== loop 27/∞ | seed=124022544596152605 archetype=turbo personality=tecnologico focus=eco actions_per_loop=2 ====
[11:03:45] planet 43: queued building_deuterium_tank to 10
[2026-05-12 11:04:31] ==== loop 28/∞ | seed=124022544596152605 archetype=turbo personality=tecnologico focus=eco actions_per_loop=2 ====
[11:04:32] planet 43: building queue full (5)
[11:04:32] planet 43: building queue full (5)
[11:04:32] research: blocked research_intergalactic_research_network (building_laboratory 9/10)
[2026-05-12 11:05:18] ==== loop 29/∞ | seed=124022544596152605 archetype=turbo personality=tecnologico focus=eco actions_per_loop=2 ====
[11:05:19] planet 43: building queue full (5)
[11:05:19] research: blocked research_intergalactic_research_network (building_laboratory 9/10)
[2026-05-12 11:06:03] ==== loop 30/∞ | seed=124022544596152605 archetype=turbo personality=tecnologico focus=eco actions_per_loop=2 ====
[11:06:05] planet 43: building queue full (5)
[11:06:05] planet 43: building queue full (5)
[11:06:05] research: blocked research_intergalactic_research_network (building_laboratory 9/10)
[2026-05-12 11:06:50] ==== loop 31/∞ | seed=124022544596152605 archetype=turbo personality=tecnologico focus=eco actions_per_loop=2 ====
[11:06:51] planet 43: building queue full (5)
[11:06:51] research: blocked research_intergalactic_research_network (building_laboratory 9/10)
[2026-05-12 11:07:41] ==== loop 32/∞ | seed=124022544596152605 archetype=turbo personality=tecnologico focus=eco actions_per_loop=2 ====
[11:07:42] planet 43: building queue full (5)
[2026-05-12 11:08:23] ==== loop 33/∞ | seed=124022544596152605 archetype=turbo personality=tecnologico focus=eco actions_per_loop=2 ====
[11:08:24] planet 43: building queue full (5)
[2026-05-12 11:09:06] ==== loop 34/∞ | seed=124022544596152605 archetype=turbo personality=tecnologico focus=eco actions_per_loop=2 ====
[11:09:08] planet 43: building queue full (5)
[11:09:08] planet 43: building queue full (5)
[11:09:08] research: blocked research_intergalactic_research_network (building_laboratory 9/10)
[2026-05-12 11:09:54] ==== loop 35/∞ | seed=124022544596152605 archetype=turbo personality=tecnologico focus=eco actions_per_loop=2 ====
[11:09:56] planet 43: building queue full (5)
[11:09:56] planet 43: building queue full (5)
[11:09:56] research: blocked research_intergalactic_research_network (building_laboratory 9/10)
[2026-05-12 11:10:40] ==== loop 36/∞ | seed=124022544596152605 archetype=turbo personality=tecnologico focus=eco actions_per_loop=2 ====
[11:10:41] planet 43: queued building_crystal_store to 12
[11:10:41] research: blocked research_intergalactic_research_network (building_laboratory 9/10)
[2026-05-12 11:11:24] ==== loop 37/∞ | seed=124022544596152605 archetype=turbo personality=tecnologico focus=eco actions_per_loop=2 ====
[11:11:24] planet 43: queue busy, throttled building_robot_factory
[11:11:24] planet 43: queue busy, throttled building_robot_factory
[2026-05-12 11:12:06] ==== loop 38/∞ | seed=124022544596152605 archetype=turbo personality=tecnologico focus=eco actions_per_loop=2 ====
[11:12:06] planet 43: queue busy, throttled building_robot_factory
[11:12:06] planet 43: queue busy, throttled building_robot_factory
[11:12:06] research: blocked research_intergalactic_research_network (building_laboratory 9/10)
[2026-05-12 11:12:47] ==== loop 39/∞ | seed=124022544596152605 archetype=turbo personality=tecnologico focus=eco actions_per_loop=2 ====
[11:12:47] planet 43: queue busy, throttled building_robot_factory
[2026-05-12 11:13:29] ==== loop 40/∞ | seed=124022544596152605 archetype=turbo personality=tecnologico focus=eco actions_per_loop=2 ====
[11:13:29] planet 43: queue busy, throttled building_robot_factory
[11:13:29] research: blocked research_intergalactic_research_network (building_laboratory 9/10)
[2026-05-12 11:14:17] ==== loop 41/∞ | seed=124022544596152605 archetype=turbo personality=tecnologico focus=eco actions_per_loop=2 ====
[11:14:17] planet 43: queue busy, throttled building_robot_factory
[11:14:17] planet 43: queue busy, throttled building_robot_factory
[2026-05-12 11:14:57] ==== loop 42/∞ | seed=124022544596152605 archetype=turbo personality=tecnologico focus=eco actions_per_loop=2 ====
[11:14:57] planet 43: queue busy, throttled building_robot_factory
[11:14:57] planet 43: queue busy, throttled building_robot_factory
[2026-05-12 11:15:48] ==== loop 43/∞ | seed=124022544596152605 archetype=turbo personality=tecnologico focus=eco actions_per_loop=2 ====
[11:15:48] planet 43: queue busy, throttled building_robot_factory
[11:15:48] planet 43: queue busy, throttled building_robot_factory
[2026-05-12 11:16:36] ==== loop 44/∞ | seed=124022544596152605 archetype=turbo personality=tecnologico focus=eco actions_per_loop=2 ====
[11:16:36] planet 43: queue busy, throttled building_robot_factory
[11:16:36] planet 43: queue busy, throttled building_robot_factory
[11:16:36] research: blocked research_intergalactic_research_network (building_laboratory 9/10)
[2026-05-12 11:17:24] ==== loop 45/∞ | seed=124022544596152605 archetype=turbo personality=tecnologico focus=eco actions_per_loop=2 ====
[11:17:24] planet 43: queue busy, throttled building_robot_factory
[11:17:24] planet 43: queue busy, throttled building_robot_factory
[11:17:24] research: blocked research_intergalactic_research_network (building_laboratory 9/10)
[2026-05-12 11:18:14] ==== loop 46/∞ | seed=124022544596152605 archetype=turbo personality=tecnologico focus=eco actions_per_loop=2 ====
[11:18:14] planet 43: queue busy, throttled building_robot_factory
[11:18:14] planet 43: queue busy, throttled building_robot_factory
[2026-05-12 11:18:59] ==== loop 47/∞ | seed=124022544596152605 archetype=turbo personality=tecnologico focus=eco actions_per_loop=2 ====
[11:18:59] planet 43: queue busy, throttled building_robot_factory
[11:18:59] planet 43: queue busy, throttled building_robot_factory
[2026-05-12 11:19:46] ==== loop 48/∞ | seed=124022544596152605 archetype=turbo personality=tecnologico focus=eco actions_per_loop=2 ====
[11:19:46] planet 43: queue busy, throttled building_robot_factory
[11:19:46] planet 43: queue busy, throttled building_robot_factory
[2026-05-12 11:20:29] ==== loop 49/∞ | seed=124022544596152605 archetype=turbo personality=tecnologico focus=eco actions_per_loop=2 ====
[11:20:29] planet 43: queue busy, throttled building_robot_factory
[11:20:29] research: blocked research_intergalactic_research_network (building_laboratory 9/10)
[2026-05-12 11:21:11] ==== loop 50/∞ | seed=124022544596152605 archetype=turbo personality=tecnologico focus=eco actions_per_loop=2 ====
[11:21:11] planet 43: queue busy, throttled building_robot_factory
[11:21:11] planet 43: queue busy, throttled building_robot_factory
[2026-05-12 11:21:53] ==== loop 51/∞ | seed=124022544596152605 archetype=turbo personality=tecnologico focus=eco actions_per_loop=2 ====
[11:21:53] planet 43: queue busy, throttled building_robot_factory
[11:21:53] research: blocked research_intergalactic_research_network (building_laboratory 9/10)
[2026-05-12 11:22:35] ==== loop 52/∞ | seed=124022544596152605 archetype=turbo personality=tecnologico focus=eco actions_per_loop=2 ====
[11:22:35] planet 43: queue busy, throttled building_robot_factory
[11:22:35] research: blocked research_intergalactic_research_network (building_laboratory 9/10)
[2026-05-12 11:23:16] ==== loop 53/∞ | seed=124022544596152605 archetype=turbo personality=tecnologico focus=eco actions_per_loop=2 ====
[11:23:16] planet 43: queue busy, throttled building_robot_factory
[11:23:16] planet 43: queue busy, throttled building_robot_factory
[11:23:16] research: blocked research_intergalactic_research_network (building_laboratory 9/10)
[2026-05-12 11:24:00] ==== loop 54/∞ | seed=124022544596152605 archetype=turbo personality=tecnologico focus=eco actions_per_loop=2 ====
[11:24:00] planet 43: queue busy, throttled building_robot_factory
[11:24:00] planet 43: queue busy, throttled building_robot_factory
[11:24:00] research: blocked research_intergalactic_research_network (building_laboratory 9/10)
[2026-05-12 11:24:40] ==== loop 55/∞ | seed=124022544596152605 archetype=turbo personality=tecnologico focus=eco actions_per_loop=2 ====
[11:24:40] planet 43: queue busy, throttled building_robot_factory
[11:24:40] planet 43: queue busy, throttled building_robot_factory
[11:24:40] research: blocked research_intergalactic_research_network (building_laboratory 9/10)
[2026-05-12 11:25:23] ==== loop 56/∞ | seed=124022544596152605 archetype=turbo personality=tecnologico focus=eco actions_per_loop=2 ====
[11:25:23] planet 43: queue busy, throttled building_robot_factory
[11:25:23] planet 43: queue busy, throttled building_robot_factory
[2026-05-12 11:26:03] ==== loop 57/∞ | seed=124022544596152605 archetype=turbo personality=tecnologico focus=eco actions_per_loop=2 ====
[11:26:03] planet 43: queue busy, throttled building_robot_factory
[11:26:03] planet 43: queue busy, throttled building_robot_factory
[11:26:03] research: blocked research_intergalactic_research_network (building_laboratory 9/10)
[2026-05-12 11:26:43] ==== loop 58/∞ | seed=124022544596152605 archetype=turbo personality=tecnologico focus=eco actions_per_loop=2 ====
[11:26:43] planet 43: queue busy, throttled building_robot_factory
[11:26:43] planet 43: queue busy, throttled building_robot_factory
[11:26:43] research: blocked research_intergalactic_research_network (building_laboratory 9/10)
[2026-05-12 11:27:23] ==== loop 59/∞ | seed=124022544596152605 archetype=turbo personality=tecnologico focus=eco actions_per_loop=2 ====
[11:27:23] planet 43: queue busy, throttled building_robot_factory
[11:27:23] planet 43: queue busy, throttled building_robot_factory
[11:27:23] research: blocked research_intergalactic_research_network (building_laboratory 9/10)
[2026-05-12 11:28:08] ==== loop 60/∞ | seed=124022544596152605 archetype=turbo personality=tecnologico focus=eco actions_per_loop=2 ====
[11:28:08] planet 43: queue busy, throttled building_robot_factory
[11:28:08] planet 43: queue busy, throttled building_robot_factory
[11:28:08] research: blocked research_intergalactic_research_network (building_laboratory 9/10)
[2026-05-12 11:28:50] ==== loop 61/∞ | seed=124022544596152605 archetype=turbo personality=tecnologico focus=eco actions_per_loop=2 ====
[11:28:50] planet 43: queue busy, throttled building_robot_factory
[11:28:50] planet 43: queue busy, throttled building_robot_factory
[2026-05-12 11:29:34] ==== loop 62/∞ | seed=124022544596152605 archetype=turbo personality=tecnologico focus=eco actions_per_loop=2 ====
[11:29:34] planet 43: queue busy, throttled building_robot_factory
[11:29:34] planet 43: queue busy, throttled building_robot_factory
[2026-05-12 11:30:14] ==== loop 63/∞ | seed=124022544596152605 archetype=turbo personality=tecnologico focus=eco actions_per_loop=2 ====
[11:30:14] planet 43: queue busy, throttled building_robot_factory
[11:30:14] planet 43: queue busy, throttled building_robot_factory
[11:30:14] research: blocked research_intergalactic_research_network (building_laboratory 9/10)
[2026-05-12 11:30:55] ==== loop 64/∞ | seed=124022544596152605 archetype=turbo personality=tecnologico focus=eco actions_per_loop=2 ====
[11:30:55] planet 43: queue busy, throttled building_robot_factory
[2026-05-12 11:31:36] ==== loop 65/∞ | seed=124022544596152605 archetype=turbo personality=tecnologico focus=eco actions_per_loop=2 ====
[11:31:36] planet 43: queue busy, throttled building_robot_factory
[11:31:36] planet 43: queue busy, throttled building_robot_factory
[11:31:36] research: blocked research_intergalactic_research_network (building_laboratory 9/10)
[2026-05-12 11:32:19] ==== loop 66/∞ | seed=124022544596152605 archetype=turbo personality=tecnologico focus=eco actions_per_loop=2 ====
[11:32:19] planet 43: queue busy, throttled building_robot_factory
[11:32:19] planet 43: queue busy, throttled building_robot_factory
[2026-05-12 11:33:03] ==== loop 67/∞ | seed=124022544596152605 archetype=turbo personality=tecnologico focus=eco actions_per_loop=2 ====
[11:33:03] planet 43: queue busy, throttled building_robot_factory
[11:33:03] research: blocked research_intergalactic_research_network (building_laboratory 9/10)
[2026-05-12 11:33:43] ==== loop 68/∞ | seed=124022544596152605 archetype=turbo personality=tecnologico focus=eco actions_per_loop=2 ====
[11:33:43] planet 43: queue busy, throttled building_robot_factory
[11:33:43] planet 43: queue busy, throttled building_robot_factory
[11:33:43] research: blocked research_intergalactic_research_network (building_laboratory 9/10)
[2026-05-12 11:34:26] ==== loop 69/∞ | seed=124022544596152605 archetype=turbo personality=tecnologico focus=eco actions_per_loop=2 ====
[11:34:26] planet 43: queue busy, throttled building_robot_factory
[11:34:26] planet 43: queue busy, throttled building_robot_factory
[2026-05-12 11:35:18] ==== loop 70/∞ | seed=124022544596152605 archetype=turbo personality=tecnologico focus=eco actions_per_loop=2 ====
[11:35:18] planet 43: queue busy, throttled building_robot_factory
[11:35:18] planet 43: queue busy, throttled building_robot_factory
[11:35:18] research: blocked research_intergalactic_research_network (building_laboratory 9/10)
[2026-05-12 11:36:06] ==== loop 71/∞ | seed=124022544596152605 archetype=turbo personality=tecnologico focus=eco actions_per_loop=2 ====
[11:36:06] planet 43: queue busy, throttled building_robot_factory
[11:36:06] research: blocked research_intergalactic_research_network (building_laboratory 9/10)
[2026-05-12 11:36:50] ==== loop 72/∞ | seed=124022544596152605 archetype=turbo personality=tecnologico focus=eco actions_per_loop=2 ====
[11:36:50] planet 43: queue busy, throttled building_robot_factory
[11:36:50] planet 43: queue busy, throttled building_robot_factory
[2026-05-12 11:37:41] ==== loop 73/∞ | seed=124022544596152605 archetype=turbo personality=tecnologico focus=eco actions_per_loop=2 ====
[11:37:41] planet 43: queue busy, throttled building_robot_factory
[11:37:41] planet 43: queue busy, throttled building_robot_factory
[11:37:41] research: blocked research_intergalactic_research_network (building_laboratory 9/10)
[2026-05-12 11:38:28] ==== loop 74/∞ | seed=124022544596152605 archetype=turbo personality=tecnologico focus=eco actions_per_loop=2 ====
[11:38:28] planet 43: queue busy, throttled building_robot_factory
[11:38:28] planet 43: queue busy, throttled building_robot_factory
[11:38:28] research: blocked research_intergalactic_research_network (building_laboratory 9/10)
[2026-05-12 11:39:17] ==== loop 75/∞ | seed=124022544596152605 archetype=turbo personality=tecnologico focus=eco actions_per_loop=2 ====
[11:39:17] planet 43: queue busy, throttled building_robot_factory
[11:39:17] planet 43: queue busy, throttled building_robot_factory
[11:39:17] research: blocked research_intergalactic_research_network (building_laboratory 9/10)
[2026-05-12 11:39:59] ==== loop 76/∞ | seed=124022544596152605 archetype=turbo personality=tecnologico focus=eco actions_per_loop=2 ====
[11:39:59] planet 43: queue busy, throttled building_robot_factory
[11:39:59] planet 43: queue busy, throttled building_robot_factory
[2026-05-12 11:40:43] ==== loop 77/∞ | seed=124022544596152605 archetype=turbo personality=tecnologico focus=eco actions_per_loop=2 ====
[11:40:43] planet 43: queue busy, throttled building_robot_factory
[11:40:43] planet 43: queue busy, throttled building_robot_factory
[2026-05-12 11:41:32] ==== loop 78/∞ | seed=124022544596152605 archetype=turbo personality=tecnologico focus=eco actions_per_loop=2 ====
[11:41:32] planet 43: queue busy, throttled building_robot_factory
[11:41:32] planet 43: queue busy, throttled building_robot_factory
[2026-05-12 11:42:21] ==== loop 79/∞ | seed=124022544596152605 archetype=turbo personality=tecnologico focus=eco actions_per_loop=2 ====
[11:42:21] planet 43: queue busy, throttled building_robot_factory
[11:42:21] planet 43: queue busy, throttled building_robot_factory
[2026-05-12 11:43:12] ==== loop 80/∞ | seed=124022544596152605 archetype=turbo personality=tecnologico focus=eco actions_per_loop=2 ====
[11:43:12] planet 43: queue busy, throttled building_robot_factory
[11:43:12] research: blocked research_intergalactic_research_network (building_laboratory 9/10)
[2026-05-12 11:43:59] ==== loop 81/∞ | seed=124022544596152605 archetype=turbo personality=tecnologico focus=eco actions_per_loop=2 ====
[11:43:59] planet 43: queue busy, throttled building_robot_factory
[11:43:59] research: blocked research_intergalactic_research_network (building_laboratory 9/10)
[2026-05-12 11:44:49] ==== loop 82/∞ | seed=124022544596152605 archetype=turbo personality=tecnologico focus=eco actions_per_loop=2 ====
[11:44:49] planet 43: queue busy, throttled building_robot_factory
[2026-05-12 11:45:36] ==== loop 83/∞ | seed=124022544596152605 archetype=turbo personality=tecnologico focus=eco actions_per_loop=2 ====
[11:45:36] planet 43: queue busy, throttled building_robot_factory
[11:45:36] planet 43: queue busy, throttled building_robot_factory
[2026-05-12 11:46:19] ==== loop 84/∞ | seed=124022544596152605 archetype=turbo personality=tecnologico focus=eco actions_per_loop=2 ====
[11:46:19] planet 43: queued building_hangar to 3
[2026-05-12 11:47:07] ==== loop 85/∞ | seed=124022544596152605 archetype=turbo personality=tecnologico focus=eco actions_per_loop=2 ====
[11:47:07] planet 43: queue busy, throttled building_robot_factory
[11:47:07] planet 43: queue busy, throttled building_robot_factory
[11:47:07] research: blocked research_intergalactic_research_network (building_laboratory 9/10)
[2026-05-12 11:47:54] ==== loop 86/∞ | seed=124022544596152605 archetype=turbo personality=tecnologico focus=eco actions_per_loop=2 ====
[11:47:54] planet 43: queue busy, throttled building_robot_factory
[11:47:54] planet 43: queue busy, throttled building_robot_factory
[2026-05-12 11:48:39] ==== loop 87/∞ | seed=124022544596152605 archetype=turbo personality=tecnologico focus=eco actions_per_loop=2 ====
[11:48:39] planet 43: queue busy, throttled building_robot_factory
[11:48:39] research: blocked research_intergalactic_research_network (building_laboratory 9/10)
[2026-05-12 11:49:27] ==== loop 88/∞ | seed=124022544596152605 archetype=turbo personality=tecnologico focus=eco actions_per_loop=2 ====
[11:49:27] planet 43: queue busy, throttled building_robot_factory
[11:49:27] planet 43: queue busy, throttled building_robot_factory
[11:49:27] research: blocked research_intergalactic_research_network (building_laboratory 9/10)
[2026-05-12 11:50:13] ==== loop 89/∞ | seed=124022544596152605 archetype=turbo personality=tecnologico focus=eco actions_per_loop=2 ====
[11:50:13] planet 43: queue busy, throttled building_robot_factory
[11:50:13] planet 43: queue busy, throttled building_robot_factory
[11:50:13] research: blocked research_intergalactic_research_network (building_laboratory 9/10)
[2026-05-12 11:50:57] ==== loop 90/∞ | seed=124022544596152605 archetype=turbo personality=tecnologico focus=eco actions_per_loop=2 ====
[11:50:57] planet 43: queue busy, throttled building_robot_factory
[11:50:57] planet 43: queue busy, throttled building_robot_factory
[11:50:57] research: blocked research_intergalactic_research_network (building_laboratory 9/10)
[2026-05-12 11:51:42] ==== loop 91/∞ | seed=124022544596152605 archetype=turbo personality=tecnologico focus=eco actions_per_loop=2 ====
[11:51:42] planet 43: queue busy, throttled building_robot_factory
[11:51:42] planet 43: queue busy, throttled building_robot_factory
[11:51:42] research: blocked research_intergalactic_research_network (building_laboratory 9/10)
[2026-05-12 11:52:30] ==== loop 92/∞ | seed=124022544596152605 archetype=turbo personality=tecnologico focus=eco actions_per_loop=2 ====
[11:52:30] planet 43: queue busy, throttled building_robot_factory
[11:52:30] planet 43: queue busy, throttled building_robot_factory
[2026-05-12 11:53:16] ==== loop 93/∞ | seed=124022544596152605 archetype=turbo personality=tecnologico focus=eco actions_per_loop=2 ====
[11:53:16] planet 43: queue busy, throttled building_robot_factory
[11:53:16] planet 43: queue busy, throttled building_robot_factory
[11:53:16] research: blocked research_intergalactic_research_network (building_laboratory 9/10)
[2026-05-12 11:53:59] ==== loop 94/∞ | seed=124022544596152605 archetype=turbo personality=tecnologico focus=eco actions_per_loop=2 ====
[11:53:59] planet 43: queued building_metal_store to 17
[11:53:59] research: blocked research_intergalactic_research_network (building_laboratory 9/10)
[2026-05-12 11:54:48] ==== loop 95/∞ | seed=124022544596152605 archetype=turbo personality=tecnologico focus=eco actions_per_loop=2 ====
[11:54:48] planet 43: queue busy, throttled building_robot_factory
[11:54:48] planet 43: queue busy, throttled building_robot_factory
[2026-05-12 11:55:34] ==== loop 96/∞ | seed=124022544596152605 archetype=turbo personality=tecnologico focus=eco actions_per_loop=2 ====
[11:55:34] planet 43: queue busy, throttled building_robot_factory
[11:55:34] planet 43: queue busy, throttled building_robot_factory
[2026-05-12 11:56:22] ==== loop 97/∞ | seed=124022544596152605 archetype=turbo personality=tecnologico focus=eco actions_per_loop=2 ====
[11:56:22] planet 43: queue busy, throttled building_robot_factory
[11:56:22] planet 43: queue busy, throttled building_robot_factory
[11:56:22] research: blocked research_intergalactic_research_network (building_laboratory 9/10)
[2026-05-12 11:57:08] ==== loop 98/∞ | seed=124022544596152605 archetype=turbo personality=tecnologico focus=eco actions_per_loop=2 ====
[11:57:08] planet 43: queue busy, throttled building_robot_factory
[11:57:08] research: blocked research_intergalactic_research_network (building_laboratory 9/10)
[2026-05-12 11:57:53] ==== loop 99/∞ | seed=124022544596152605 archetype=turbo personality=tecnologico focus=eco actions_per_loop=2 ====
[11:57:53] planet 43: queue busy, throttled building_robot_factory
[11:57:53] planet 43: queue busy, throttled building_robot_factory
[11:57:53] research: blocked research_intergalactic_research_network (building_laboratory 9/10)
[2026-05-12 11:58:40] ==== loop 100/∞ | seed=124022544596152605 archetype=turbo personality=tecnologico focus=eco actions_per_loop=2 ====
[11:58:40] planet 43: queue busy, throttled building_robot_factory
[11:58:40] planet 43: queue busy, throttled building_robot_factory
[11:58:40] research: blocked research_intergalactic_research_network (building_laboratory 9/10)
[2026-05-12 11:59:26] ==== loop 101/∞ | seed=124022544596152605 archetype=turbo personality=tecnologico focus=eco actions_per_loop=2 ====
[11:59:26] planet 43: queue busy, throttled building_robot_factory
[11:59:26] research: blocked research_intergalactic_research_network (building_laboratory 9/10)
[2026-05-12 12:00:11] ==== loop 102/∞ | seed=124022544596152605 archetype=turbo personality=tecnologico focus=eco actions_per_loop=2 ====
[12:00:11] planet 43: queue busy, throttled building_robot_factory
[2026-05-12 12:00:51] ==== loop 103/∞ | seed=124022544596152605 archetype=turbo personality=tecnologico focus=eco actions_per_loop=2 ====
[12:00:51] planet 43: queue busy, throttled building_robot_factory
[12:00:51] planet 43: queue busy, throttled building_robot_factory
[2026-05-12 12:01:39] ==== loop 104/∞ | seed=124022544596152605 archetype=turbo personality=tecnologico focus=eco actions_per_loop=2 ====
[12:01:39] planet 43: queue busy, throttled building_robot_factory
[12:01:39] research: blocked research_intergalactic_research_network (building_laboratory 9/10)
[2026-05-12 12:02:22] ==== loop 105/∞ | seed=124022544596152605 archetype=turbo personality=tecnologico focus=eco actions_per_loop=2 ====
[12:02:22] planet 43: queue busy, throttled building_robot_factory
[12:02:22] planet 43: queue busy, throttled building_robot_factory
[2026-05-12 12:03:10] ==== loop 106/∞ | seed=124022544596152605 archetype=turbo personality=tecnologico focus=eco actions_per_loop=2 ====
[12:03:10] planet 43: queue busy, throttled building_robot_factory
[12:03:10] planet 43: queue busy, throttled building_robot_factory
[12:03:10] research: blocked research_intergalactic_research_network (building_laboratory 9/10)
[2026-05-12 12:03:55] ==== loop 107/∞ | seed=124022544596152605 archetype=turbo personality=tecnologico focus=eco actions_per_loop=2 ====
[12:03:55] planet 43: queue busy, throttled building_robot_factory
[12:03:55] planet 43: queue busy, throttled building_robot_factory
[12:03:55] research: blocked research_intergalactic_research_network (building_laboratory 9/10)
[2026-05-12 12:04:37] ==== loop 108/∞ | seed=124022544596152605 archetype=turbo personality=tecnologico focus=eco actions_per_loop=2 ====
[12:04:37] planet 43: queue busy, throttled building_robot_factory
[12:04:37] planet 43: queue busy, throttled building_robot_factory
[12:04:37] research: blocked research_intergalactic_research_network (building_laboratory 9/10)
[2026-05-12 12:05:21] ==== loop 109/∞ | seed=124022544596152605 archetype=turbo personality=tecnologico focus=eco actions_per_loop=2 ====
[12:05:21] planet 43: queue busy, throttled building_robot_factory
[2026-05-12 12:06:07] ==== loop 110/∞ | seed=124022544596152605 archetype=turbo personality=tecnologico focus=eco actions_per_loop=2 ====
[12:06:07] planet 43: queue busy, throttled building_robot_factory
[12:06:07] planet 43: queue busy, throttled building_robot_factory
[12:06:07] research: blocked research_intergalactic_research_network (building_laboratory 9/10)
[2026-05-12 12:06:46] ==== loop 111/∞ | seed=124022544596152605 archetype=turbo personality=tecnologico focus=eco actions_per_loop=2 ====
[12:06:46] planet 43: queue busy, throttled building_robot_factory
[12:06:46] research: blocked research_intergalactic_research_network (building_laboratory 9/10)
[2026-05-12 12:07:30] ==== loop 112/∞ | seed=124022544596152605 archetype=turbo personality=tecnologico focus=eco actions_per_loop=2 ====
[12:07:30] planet 43: queue busy, throttled building_robot_factory
[12:07:30] research: blocked research_intergalactic_research_network (building_laboratory 9/10)
[2026-05-12 12:08:13] ==== loop 113/∞ | seed=124022544596152605 archetype=turbo personality=tecnologico focus=eco actions_per_loop=2 ====
[12:08:13] planet 43: queue busy, throttled building_robot_factory
[12:08:13] planet 43: queue busy, throttled building_robot_factory
[2026-05-12 12:08:59] ==== loop 114/∞ | seed=124022544596152605 archetype=turbo personality=tecnologico focus=eco actions_per_loop=2 ====
[12:08:59] planet 43: queue busy, throttled building_robot_factory
[12:08:59] research: blocked research_intergalactic_research_network (building_laboratory 9/10)
[2026-05-12 12:09:38] ==== loop 115/∞ | seed=124022544596152605 archetype=turbo personality=tecnologico focus=eco actions_per_loop=2 ====
[12:09:38] planet 43: queue busy, throttled building_robot_factory
[12:09:38] planet 43: queue busy, throttled building_robot_factory
[2026-05-12 12:10:21] ==== loop 116/∞ | seed=124022544596152605 archetype=turbo personality=tecnologico focus=eco actions_per_loop=2 ====
[12:10:21] planet 43: queue busy, throttled building_robot_factory
[12:10:21] planet 43: queue busy, throttled building_robot_factory
[12:10:21] research: blocked research_intergalactic_research_network (building_laboratory 9/10)
[2026-05-12 12:11:04] ==== loop 117/∞ | seed=124022544596152605 archetype=turbo personality=tecnologico focus=eco actions_per_loop=2 ====
[12:11:04] planet 43: queue busy, throttled building_robot_factory
[12:11:04] planet 43: queue busy, throttled building_robot_factory
[2026-05-12 12:11:48] ==== loop 118/∞ | seed=124022544596152605 archetype=turbo personality=tecnologico focus=eco actions_per_loop=2 ====
[12:11:48] planet 43: queue busy, throttled building_robot_factory
[12:11:48] planet 43: queue busy, throttled building_robot_factory
[2026-05-12 12:12:32] ==== loop 119/∞ | seed=124022544596152605 archetype=turbo personality=tecnologico focus=eco actions_per_loop=2 ====
[12:12:32] planet 43: queue busy, throttled building_robot_factory
[12:12:32] planet 43: queue busy, throttled building_robot_factory
[12:12:32] research: blocked research_intergalactic_research_network (building_laboratory 9/10)
[2026-05-12 12:13:16] ==== loop 120/∞ | seed=124022544596152605 archetype=turbo personality=tecnologico focus=eco actions_per_loop=2 ====
[12:13:16] planet 43: queue busy, throttled building_robot_factory
[12:13:16] planet 43: queue busy, throttled building_robot_factory
[2026-05-12 12:13:58] ==== loop 121/∞ | seed=124022544596152605 archetype=turbo personality=tecnologico focus=eco actions_per_loop=2 ====
[12:13:58] planet 43: queue busy, throttled building_robot_factory
[12:13:58] research: blocked research_intergalactic_research_network (building_laboratory 9/10)
[2026-05-12 12:14:44] ==== loop 122/∞ | seed=124022544596152605 archetype=turbo personality=tecnologico focus=eco actions_per_loop=2 ====
[12:14:44] planet 43: queue busy, throttled building_robot_factory
[12:14:44] planet 43: queue busy, throttled building_robot_factory
[12:14:44] research: blocked research_intergalactic_research_network (building_laboratory 9/10)
[2026-05-12 12:15:29] ==== loop 123/∞ | seed=124022544596152605 archetype=turbo personality=tecnologico focus=eco actions_per_loop=2 ====
[12:15:29] planet 43: queue busy, throttled building_robot_factory
[12:15:29] planet 43: queue busy, throttled building_robot_factory
[2026-05-12 12:16:14] ==== loop 124/∞ | seed=124022544596152605 archetype=turbo personality=tecnologico focus=eco actions_per_loop=2 ====
[12:16:14] planet 43: queue busy, throttled building_robot_factory
[12:16:14] planet 43: queue busy, throttled building_robot_factory
[12:16:14] research: blocked research_intergalactic_research_network (building_laboratory 9/10)
[2026-05-12 12:17:03] ==== loop 125/∞ | seed=124022544596152605 archetype=turbo personality=tecnologico focus=eco actions_per_loop=2 ====
[12:17:04] planet 43: queue busy, throttled building_robot_factory
[12:17:04] planet 43: queue busy, throttled building_robot_factory
[12:17:04] research: blocked research_intergalactic_research_network (building_laboratory 9/10)
[2026-05-12 12:17:46] ==== loop 126/∞ | seed=124022544596152605 archetype=turbo personality=tecnologico focus=eco actions_per_loop=2 ====
[12:17:46] planet 43: queue busy, throttled building_robot_factory
[12:17:46] research: blocked research_intergalactic_research_network (building_laboratory 9/10)
[2026-05-12 12:18:29] ==== loop 127/∞ | seed=124022544596152605 archetype=turbo personality=tecnologico focus=eco actions_per_loop=2 ====
[12:18:29] planet 43: queue busy, throttled building_robot_factory
[2026-05-12 12:19:16] ==== loop 128/∞ | seed=124022544596152605 archetype=turbo personality=tecnologico focus=eco actions_per_loop=2 ====
[12:19:16] planet 43: queue busy, throttled building_robot_factory
[12:19:16] planet 43: queue busy, throttled building_robot_factory
[2026-05-12 12:20:02] ==== loop 129/∞ | seed=124022544596152605 archetype=turbo personality=tecnologico focus=eco actions_per_loop=2 ====
[12:20:02] planet 43: queue busy, throttled building_robot_factory
[12:20:02] research: blocked research_intergalactic_research_network (building_laboratory 9/10)
[2026-05-12 12:20:47] ==== loop 130/∞ | seed=124022544596152605 archetype=turbo personality=tecnologico focus=eco actions_per_loop=2 ====
[12:20:47] planet 43: queue busy, throttled building_robot_factory
[12:20:47] planet 43: queue busy, throttled building_robot_factory
[2026-05-12 12:21:31] ==== loop 131/∞ | seed=124022544596152605 archetype=turbo personality=tecnologico focus=eco actions_per_loop=2 ====
[12:21:31] planet 43: queue busy, throttled building_robot_factory
[12:21:31] planet 43: queue busy, throttled building_robot_factory
[2026-05-12 12:22:18] ==== loop 132/∞ | seed=124022544596152605 archetype=turbo personality=tecnologico focus=eco actions_per_loop=2 ====
[12:22:18] planet 43: queue busy, throttled building_robot_factory
[12:22:18] planet 43: queue busy, throttled building_robot_factory
[2026-05-12 12:23:02] ==== loop 133/∞ | seed=124022544596152605 archetype=turbo personality=tecnologico focus=eco actions_per_loop=2 ====
[12:23:02] planet 43: queue busy, throttled building_robot_factory
[2026-05-12 12:23:47] ==== loop 134/∞ | seed=124022544596152605 archetype=turbo personality=tecnologico focus=eco actions_per_loop=2 ====
[12:23:47] planet 43: queue busy, throttled building_robot_factory
[12:23:47] planet 43: queue busy, throttled building_robot_factory
[2026-05-12 12:24:35] ==== loop 135/∞ | seed=124022544596152605 archetype=turbo personality=tecnologico focus=eco actions_per_loop=2 ====
[12:24:35] planet 43: queue busy, throttled building_robot_factory
[2026-05-12 12:25:20] ==== loop 136/∞ | seed=124022544596152605 archetype=turbo personality=tecnologico focus=eco actions_per_loop=2 ====
[12:25:20] planet 43: queue busy, throttled building_robot_factory
[12:25:20] planet 43: queue busy, throttled building_robot_factory
[12:25:20] research: blocked research_intergalactic_research_network (building_laboratory 9/10)
[2026-05-12 12:26:05] ==== loop 137/∞ | seed=124022544596152605 archetype=turbo personality=tecnologico focus=eco actions_per_loop=2 ====
[12:26:05] planet 43: queue busy, throttled building_robot_factory
[2026-05-12 12:26:56] ==== loop 138/∞ | seed=124022544596152605 archetype=turbo personality=tecnologico focus=eco actions_per_loop=2 ====
[12:26:56] planet 43: queue busy, throttled building_robot_factory
[12:26:56] planet 43: queue busy, throttled building_robot_factory
[12:26:56] research: blocked research_intergalactic_research_network (building_laboratory 9/10)
[2026-05-12 12:27:45] ==== loop 139/∞ | seed=124022544596152605 archetype=turbo personality=tecnologico focus=eco actions_per_loop=2 ====
[12:27:45] planet 43: queue busy, throttled building_robot_factory
[12:27:45] planet 43: queue busy, throttled building_robot_factory
[2026-05-12 12:28:29] ==== loop 140/∞ | seed=124022544596152605 archetype=turbo personality=tecnologico focus=eco actions_per_loop=2 ====
[12:28:29] planet 43: queue busy, throttled building_robot_factory
[12:28:29] planet 43: queue busy, throttled building_robot_factory
[2026-05-12 12:29:16] ==== loop 141/∞ | seed=124022544596152605 archetype=turbo personality=tecnologico focus=eco actions_per_loop=2 ====
[12:29:16] planet 43: queue busy, throttled building_robot_factory
[12:29:16] research: blocked research_intergalactic_research_network (building_laboratory 9/10)
[2026-05-12 12:30:02] ==== loop 142/∞ | seed=124022544596152605 archetype=turbo personality=tecnologico focus=eco actions_per_loop=2 ====
[12:30:02] planet 43: queue busy, throttled building_robot_factory
[12:30:02] planet 43: queue busy, throttled building_robot_factory
[12:30:02] research: blocked research_intergalactic_research_network (building_laboratory 9/10)
[2026-05-12 12:30:46] ==== loop 143/∞ | seed=124022544596152605 archetype=turbo personality=tecnologico focus=eco actions_per_loop=2 ====
[12:30:46] planet 43: queue busy, throttled building_robot_factory
[12:30:46] planet 43: queue busy, throttled building_robot_factory
[12:30:46] research: blocked research_intergalactic_research_network (building_laboratory 9/10)
[2026-05-12 12:31:34] ==== loop 144/∞ | seed=124022544596152605 archetype=turbo personality=tecnologico focus=eco actions_per_loop=2 ====
[12:31:34] planet 43: queue busy, throttled building_robot_factory
[12:31:34] planet 43: queue busy, throttled building_robot_factory
[2026-05-12 12:32:19] ==== loop 145/∞ | seed=124022544596152605 archetype=turbo personality=tecnologico focus=eco actions_per_loop=2 ====
[12:32:19] planet 43: queue busy, throttled building_robot_factory
[12:32:19] research: blocked research_intergalactic_research_network (building_laboratory 9/10)
[2026-05-12 12:33:09] ==== loop 146/∞ | seed=124022544596152605 archetype=turbo personality=tecnologico focus=eco actions_per_loop=2 ====
[12:33:09] planet 43: queue busy, throttled building_robot_factory
[12:33:09] planet 43: queue busy, throttled building_robot_factory
[12:33:09] research: blocked research_intergalactic_research_network (building_laboratory 9/10)
[2026-05-12 12:33:53] ==== loop 147/∞ | seed=124022544596152605 archetype=turbo personality=tecnologico focus=eco actions_per_loop=2 ====
[12:33:53] planet 43: queue busy, throttled building_robot_factory
[12:33:53] planet 43: queue busy, throttled building_robot_factory
[2026-05-12 12:34:38] ==== loop 148/∞ | seed=124022544596152605 archetype=turbo personality=tecnologico focus=eco actions_per_loop=2 ====
[12:34:38] planet 43: queue busy, throttled building_robot_factory
[12:34:38] research: blocked research_intergalactic_research_network (building_laboratory 9/10)
[2026-05-12 12:35:27] ==== loop 149/∞ | seed=124022544596152605 archetype=turbo personality=tecnologico focus=eco actions_per_loop=2 ====
[12:35:27] planet 43: queue busy, throttled building_robot_factory
[12:35:27] planet 43: queue busy, throttled building_robot_factory
[2026-05-12 12:36:11] ==== loop 150/∞ | seed=124022544596152605 archetype=turbo personality=tecnologico focus=eco actions_per_loop=2 ====
[12:36:11] planet 43: queue busy, throttled building_robot_factory
[12:36:11] planet 43: queue busy, throttled building_robot_factory
[12:36:11] research: blocked research_intergalactic_research_network (building_laboratory 9/10)
[2026-05-12 12:36:54] ==== loop 151/∞ | seed=124022544596152605 archetype=turbo personality=tecnologico focus=eco actions_per_loop=2 ====
[12:36:54] planet 43: queue busy, throttled building_robot_factory
[12:36:54] planet 43: queue busy, throttled building_robot_factory
[12:36:54] research: blocked research_intergalactic_research_network (building_laboratory 9/10)
[2026-05-12 12:37:40] ==== loop 152/∞ | seed=124022544596152605 archetype=turbo personality=tecnologico focus=eco actions_per_loop=2 ====
[12:37:40] planet 43: queue busy, throttled building_robot_factory
[12:37:40] planet 43: queue busy, throttled building_robot_factory
[12:37:40] research: blocked research_intergalactic_research_network (building_laboratory 9/10)
[2026-05-12 12:38:24] ==== loop 153/∞ | seed=124022544596152605 archetype=turbo personality=tecnologico focus=eco actions_per_loop=2 ====
[12:38:24] planet 43: queue busy, throttled building_robot_factory
[2026-05-12 12:39:13] ==== loop 154/∞ | seed=124022544596152605 archetype=turbo personality=tecnologico focus=eco actions_per_loop=2 ====
[12:39:13] planet 43: queue busy, throttled building_robot_factory
[12:39:13] planet 43: queue busy, throttled building_robot_factory
[12:39:13] research: blocked research_intergalactic_research_network (building_laboratory 9/10)
[2026-05-12 12:39:58] ==== loop 155/∞ | seed=124022544596152605 archetype=turbo personality=tecnologico focus=eco actions_per_loop=2 ====
[12:39:58] planet 43: queue busy, throttled building_robot_factory
[2026-05-12 12:40:41] ==== loop 156/∞ | seed=124022544596152605 archetype=turbo personality=tecnologico focus=eco actions_per_loop=2 ====
[12:40:41] planet 43: queue busy, throttled building_robot_factory
[2026-05-12 12:41:23] ==== loop 157/∞ | seed=124022544596152605 archetype=turbo personality=tecnologico focus=eco actions_per_loop=2 ====
[12:41:23] planet 43: queue busy, throttled building_robot_factory
[12:41:23] planet 43: queue busy, throttled building_robot_factory
[2026-05-12 12:42:04] ==== loop 158/∞ | seed=124022544596152605 archetype=turbo personality=tecnologico focus=eco actions_per_loop=2 ====
[12:42:04] planet 43: queue busy, throttled building_robot_factory
[2026-05-12 12:42:54] ==== loop 1/∞ | seed=124022544596152605 archetype=turbo personality=tecnologico focus=eco actions_per_loop=2 ====
[12:42:54] planet 43: queue busy, throttled building_robot_factory
[12:42:54] planet 43: queue busy, throttled building_robot_factory
[12:42:54] research: blocked research_intergalactic_research_network (building_laboratory 9/10)
[2026-05-12 12:43:37] ==== loop 2/∞ | seed=124022544596152605 archetype=turbo personality=tecnologico focus=eco actions_per_loop=2 ====
[12:43:37] planet 43: queue busy, throttled building_robot_factory
[12:43:37] planet 43: queue busy, throttled building_robot_factory
[12:43:37] research: blocked research_intergalactic_research_network (building_laboratory 9/10)
[2026-05-12 12:44:23] ==== loop 3/∞ | seed=124022544596152605 archetype=turbo personality=tecnologico focus=eco actions_per_loop=2 ====
[12:44:23] planet 43: queue busy, throttled building_robot_factory
[12:44:23] planet 43: queue busy, throttled building_robot_factory
[2026-05-12 12:45:02] ==== loop 4/∞ | seed=124022544596152605 archetype=turbo personality=tecnologico focus=eco actions_per_loop=2 ====
[12:45:02] planet 43: queue busy, throttled building_robot_factory
[12:45:02] planet 43: queue busy, throttled building_robot_factory
[12:45:02] research: blocked research_intergalactic_research_network (building_laboratory 9/10)
[2026-05-12 12:45:41] ==== loop 5/∞ | seed=124022544596152605 archetype=turbo personality=tecnologico focus=eco actions_per_loop=2 ====
[12:45:41] planet 43: queue busy, throttled building_robot_factory
[12:45:41] research: blocked research_intergalactic_research_network (building_laboratory 9/10)
[2026-05-12 12:46:18] ==== loop 6/∞ | seed=124022544596152605 archetype=turbo personality=tecnologico focus=eco actions_per_loop=2 ====
[12:46:19] planet 43: queue busy, throttled building_robot_factory
[12:46:19] planet 43: queue busy, throttled building_robot_factory
[12:46:19] research: blocked research_intergalactic_research_network (building_laboratory 9/10)
[2026-05-12 12:46:59] ==== loop 7/∞ | seed=124022544596152605 archetype=turbo personality=tecnologico focus=eco actions_per_loop=2 ====
[12:46:59] planet 43: queue busy, throttled building_robot_factory
[12:46:59] planet 43: queue busy, throttled building_robot_factory
[12:46:59] research: blocked research_intergalactic_research_network (building_laboratory 9/10)
[2026-05-12 12:47:42] ==== loop 8/∞ | seed=124022544596152605 archetype=turbo personality=tecnologico focus=eco actions_per_loop=2 ====
[12:47:42] planet 43: queue busy, throttled building_robot_factory
[12:47:42] planet 43: queue busy, throttled building_robot_factory
[12:47:42] research: blocked research_intergalactic_research_network (building_laboratory 9/10)
[2026-05-12 12:48:24] ==== loop 9/∞ | seed=124022544596152605 archetype=turbo personality=tecnologico focus=eco actions_per_loop=2 ====
[12:48:24] planet 43: queue busy, throttled building_robot_factory
[12:48:24] planet 43: queue busy, throttled building_robot_factory
[2026-05-12 12:49:05] ==== loop 10/∞ | seed=124022544596152605 archetype=turbo personality=tecnologico focus=eco actions_per_loop=2 ====
[12:49:05] planet 43: queue busy, throttled building_robot_factory
[12:49:05] research: blocked research_intergalactic_research_network (building_laboratory 9/10)
[2026-05-12 12:49:48] ==== loop 11/∞ | seed=124022544596152605 archetype=turbo personality=tecnologico focus=eco actions_per_loop=2 ====
[12:49:48] planet 43: queue busy, throttled building_robot_factory
[2026-05-12 12:50:30] ==== loop 12/∞ | seed=124022544596152605 archetype=turbo personality=tecnologico focus=eco actions_per_loop=2 ====
[12:50:30] planet 43: queue busy, throttled building_robot_factory
[2026-05-12 12:51:12] ==== loop 13/∞ | seed=124022544596152605 archetype=turbo personality=tecnologico focus=eco actions_per_loop=2 ====
[12:51:12] planet 43: queue busy, throttled building_robot_factory
[12:51:12] research: blocked research_intergalactic_research_network (building_laboratory 9/10)
[2026-05-12 12:51:55] ==== loop 14/∞ | seed=124022544596152605 archetype=turbo personality=tecnologico focus=eco actions_per_loop=2 ====
[12:51:55] planet 43: queue busy, throttled building_robot_factory
[12:51:55] planet 43: queue busy, throttled building_robot_factory
[12:51:55] research: blocked research_intergalactic_research_network (building_laboratory 9/10)
[2026-05-12 12:52:36] ==== loop 15/∞ | seed=124022544596152605 archetype=turbo personality=tecnologico focus=eco actions_per_loop=2 ====
[12:52:36] planet 43: queue busy, throttled building_robot_factory
[12:52:36] planet 43: queue busy, throttled building_robot_factory
[12:52:36] research: blocked research_intergalactic_research_network (building_laboratory 9/10)
[2026-05-12 12:53:18] ==== loop 16/∞ | seed=124022544596152605 archetype=turbo personality=tecnologico focus=eco actions_per_loop=2 ====
[12:53:18] planet 43: queue busy, throttled building_robot_factory
[12:53:18] planet 43: queue busy, throttled building_robot_factory
[2026-05-12 12:53:57] ==== loop 1/∞ | seed=124022544596152605 archetype=turbo personality=tecnologico focus=eco actions_per_loop=2 ====
[12:53:58] planet 43: queued building_hangar to 4
[2026-05-12 12:54:41] ==== loop 2/∞ | seed=124022544596152605 archetype=turbo personality=tecnologico focus=eco actions_per_loop=2 ====
[12:54:41] planet 43: queued building_robot_factory to 6
[2026-05-12 12:55:23] ==== loop 3/∞ | seed=124022544596152605 archetype=turbo personality=tecnologico focus=eco actions_per_loop=2 ====
[12:55:23] planet 43: queue busy, throttled building_robot_factory
[12:55:23] planet 43: queue busy, throttled building_robot_factory
[12:55:23] research: blocked research_intergalactic_research_network (building_laboratory 9/10)
[2026-05-12 12:56:06] ==== loop 4/∞ | seed=124022544596152605 archetype=turbo personality=tecnologico focus=eco actions_per_loop=2 ====
[12:56:06] planet 43: queue busy, throttled building_robot_factory
[2026-05-12 12:56:50] ==== loop 5/∞ | seed=124022544596152605 archetype=turbo personality=tecnologico focus=eco actions_per_loop=2 ====
[12:56:50] planet 43: queue busy, throttled building_robot_factory
[12:56:50] planet 43: queue busy, throttled building_robot_factory
[12:56:50] research: blocked research_intergalactic_research_network (building_laboratory 9/10)
[2026-05-12 12:57:33] ==== loop 6/∞ | seed=124022544596152605 archetype=turbo personality=tecnologico focus=eco actions_per_loop=2 ====
[12:57:33] planet 43: queue busy, throttled building_robot_factory
[2026-05-12 12:58:15] ==== loop 7/∞ | seed=124022544596152605 archetype=turbo personality=tecnologico focus=eco actions_per_loop=2 ====
[12:58:15] planet 43: queue busy, throttled building_robot_factory
[12:58:15] research: blocked research_intergalactic_research_network (building_laboratory 9/10)
[2026-05-12 12:58:58] ==== loop 8/∞ | seed=124022544596152605 archetype=turbo personality=tecnologico focus=eco actions_per_loop=2 ====
[12:58:58] planet 43: queue busy, throttled building_robot_factory
llm_inbox: encolado job_id=15 message_id=2415
[2026-05-12 12:59:40] ==== loop 1/1 | seed=124022544596152605 archetype=turbo personality=tecnologico focus=eco actions_per_loop=2 ====
[12:59:40] planet 43: queue busy, throttled building_robot_factory
[12:59:40] planet 43: queue busy, throttled building_robot_factory
[12:59:40] research: blocked research_intergalactic_research_network (building_laboratory 9/10)
[2026-05-12 12:59:43] ==== loop 9/∞ | seed=124022544596152605 archetype=turbo personality=tecnologico focus=eco actions_per_loop=2 ====
[12:59:43] planet 43: queue busy, throttled building_robot_factory
[12:59:43] research: blocked research_intergalactic_research_network (building_laboratory 9/10)
[2026-05-12 13:00:25] ==== loop 10/∞ | seed=124022544596152605 archetype=turbo personality=tecnologico focus=eco actions_per_loop=2 ====
[13:00:25] planet 43: queue busy, throttled building_robot_factory
[13:00:25] planet 43: queue busy, throttled building_robot_factory
[13:00:25] research: blocked research_intergalactic_research_network (building_laboratory 9/10)
[2026-05-12 13:01:06] ==== loop 11/∞ | seed=124022544596152605 archetype=turbo personality=tecnologico focus=eco actions_per_loop=2 ====
[13:01:06] planet 43: queue busy, throttled building_robot_factory
[13:01:06] planet 43: queue busy, throttled building_robot_factory
[13:01:06] research: blocked research_intergalactic_research_network (building_laboratory 9/10)
llm_inbox: job 15 fallido (incoming)
[2026-05-12 13:01:46] ==== loop 12/∞ | seed=124022544596152605 archetype=turbo personality=tecnologico focus=eco actions_per_loop=2 ====
[13:01:46] planet 43: queue busy, throttled building_robot_factory
[13:01:46] planet 43: queue busy, throttled building_robot_factory
[13:01:46] research: blocked research_intergalactic_research_network (building_laboratory 9/10)
[2026-05-12 13:02:31] ==== loop 13/∞ | seed=124022544596152605 archetype=turbo personality=tecnologico focus=eco actions_per_loop=2 ====
[13:02:31] planet 43: queue busy, throttled building_robot_factory
[13:02:31] planet 43: queue busy, throttled building_robot_factory
[13:02:31] research: blocked research_intergalactic_research_network (building_laboratory 9/10)
[2026-05-12 13:03:16] ==== loop 14/∞ | seed=124022544596152605 archetype=turbo personality=tecnologico focus=eco actions_per_loop=2 ====
[13:03:16] planet 43: queue busy, throttled building_robot_factory
[2026-05-12 13:04:01] ==== loop 15/∞ | seed=124022544596152605 archetype=turbo personality=tecnologico focus=eco actions_per_loop=2 ====
[13:04:01] planet 43: queue busy, throttled building_robot_factory
[13:04:01] planet 43: queue busy, throttled building_robot_factory
[13:04:01] research: blocked research_intergalactic_research_network (building_laboratory 9/10)
[2026-05-12 13:04:44] ==== loop 16/∞ | seed=124022544596152605 archetype=turbo personality=tecnologico focus=eco actions_per_loop=2 ====
[13:04:44] planet 43: queue busy, throttled building_robot_factory
[13:04:44] planet 43: queue busy, throttled building_robot_factory
[2026-05-12 13:05:32] ==== loop 17/∞ | seed=124022544596152605 archetype=turbo personality=tecnologico focus=eco actions_per_loop=2 ====
[13:05:32] planet 43: queue busy, throttled building_robot_factory
[13:05:32] planet 43: queue busy, throttled building_robot_factory
[13:05:32] research: blocked research_intergalactic_research_network (building_laboratory 9/10)
[2026-05-12 13:06:15] ==== loop 18/∞ | seed=124022544596152605 archetype=turbo personality=tecnologico focus=eco actions_per_loop=2 ====
[13:06:15] planet 43: queue busy, throttled building_robot_factory
[13:06:15] planet 43: queue busy, throttled building_robot_factory
[13:06:15] research: blocked research_intergalactic_research_network (building_laboratory 9/10)
llm_inbox: recuperados 1 job(s) fallido→respondido (reintento aplicar)
llm_inbox: job 15 done (mensaje ya no existe)
[2026-05-12 13:06:50] ==== loop 1/1 | seed=124022544596152605 archetype=turbo personality=tecnologico focus=eco actions_per_loop=2 ====
[13:06:50] planet 43: queue busy, throttled building_robot_factory
[13:06:50] planet 43: queue busy, throttled building_robot_factory
[13:06:50] research: blocked research_intergalactic_research_network (building_laboratory 9/10)
[2026-05-12 13:06:53] ==== loop 19/∞ | seed=124022544596152605 archetype=turbo personality=tecnologico focus=eco actions_per_loop=2 ====
[13:06:53] planet 43: queue busy, throttled building_robot_factory
[13:06:53] planet 43: queue busy, throttled building_robot_factory
[2026-05-12 13:07:35] ==== loop 20/∞ | seed=124022544596152605 archetype=turbo personality=tecnologico focus=eco actions_per_loop=2 ====
[13:07:35] planet 43: queue busy, throttled building_robot_factory
[13:07:35] planet 43: queue busy, throttled building_robot_factory
[13:07:35] research: blocked research_intergalactic_research_network (building_laboratory 9/10)
[2026-05-12 13:08:15] ==== loop 21/∞ | seed=124022544596152605 archetype=turbo personality=tecnologico focus=eco actions_per_loop=2 ====
[13:08:15] planet 43: queue busy, throttled building_robot_factory
[13:08:15] planet 43: queue busy, throttled building_robot_factory
[13:08:15] research: blocked research_intergalactic_research_network (building_laboratory 9/10)
[2026-05-12 13:09:33] ==== loop 1/∞ | seed=124022544596152605 archetype=turbo personality=tecnologico focus=eco actions_per_loop=2 ====
[13:09:33] planet 43: queue busy, throttled building_robot_factory
[13:09:33] research: blocked research_intergalactic_research_network (building_laboratory 9/10)
[2026-05-12 13:10:12] ==== loop 2/∞ | seed=124022544596152605 archetype=turbo personality=tecnologico focus=eco actions_per_loop=2 ====
[13:10:12] planet 43: queue busy, throttled building_robot_factory
[13:10:12] planet 43: queue busy, throttled building_robot_factory
[13:10:12] research: blocked research_intergalactic_research_network (building_laboratory 9/10)
[2026-05-12 13:10:53] ==== loop 3/∞ | seed=124022544596152605 archetype=turbo personality=tecnologico focus=eco actions_per_loop=2 ====
[13:10:53] planet 43: queue busy, throttled building_robot_factory
[13:10:53] planet 43: queue busy, throttled building_robot_factory
[2026-05-12 13:11:35] ==== loop 4/∞ | seed=124022544596152605 archetype=turbo personality=tecnologico focus=eco actions_per_loop=2 ====
[13:11:35] planet 43: queue busy, throttled building_robot_factory
[13:11:35] research: blocked research_intergalactic_research_network (building_laboratory 9/10)
[2026-05-12 13:12:18] ==== loop 5/∞ | seed=124022544596152605 archetype=turbo personality=tecnologico focus=eco actions_per_loop=2 ====
[13:12:18] planet 43: queue busy, throttled building_robot_factory
[13:12:18] planet 43: queue busy, throttled building_robot_factory
[13:12:18] research: blocked research_intergalactic_research_network (building_laboratory 9/10)
[2026-05-12 13:12:57] ==== loop 6/∞ | seed=124022544596152605 archetype=turbo personality=tecnologico focus=eco actions_per_loop=2 ====
[13:12:57] planet 43: queue busy, throttled building_robot_factory
[13:12:57] planet 43: queue busy, throttled building_robot_factory
[13:12:57] research: blocked research_intergalactic_research_network (building_laboratory 9/10)
[2026-05-12 13:13:41] ==== loop 7/∞ | seed=124022544596152605 archetype=turbo personality=tecnologico focus=eco actions_per_loop=2 ====
[13:13:41] planet 43: queue busy, throttled building_robot_factory
[13:13:41] research: blocked research_intergalactic_research_network (building_laboratory 9/10)
[2026-05-12 13:14:25] ==== loop 8/∞ | seed=124022544596152605 archetype=turbo personality=tecnologico focus=eco actions_per_loop=2 ====
[13:14:25] planet 43: queue busy, throttled building_robot_factory
[13:14:25] research: blocked research_intergalactic_research_network (building_laboratory 9/10)
[2026-05-12 13:15:07] ==== loop 9/∞ | seed=124022544596152605 archetype=turbo personality=tecnologico focus=eco actions_per_loop=2 ====
[13:15:07] planet 43: queue busy, throttled building_robot_factory
[13:15:07] planet 43: queue busy, throttled building_robot_factory
[2026-05-12 13:15:51] ==== loop 10/∞ | seed=124022544596152605 archetype=turbo personality=tecnologico focus=eco actions_per_loop=2 ====
[13:15:51] planet 43: queue busy, throttled building_robot_factory
[13:15:51] research: blocked research_intergalactic_research_network (building_laboratory 9/10)
[2026-05-12 13:16:40] ==== loop 11/∞ | seed=124022544596152605 archetype=turbo personality=tecnologico focus=eco actions_per_loop=2 ====
[13:16:40] planet 43: queue busy, throttled building_robot_factory
[13:16:40] planet 43: queue busy, throttled building_robot_factory
[2026-05-12 13:17:23] ==== loop 12/∞ | seed=124022544596152605 archetype=turbo personality=tecnologico focus=eco actions_per_loop=2 ====
[13:17:23] planet 43: queue busy, throttled building_robot_factory
[13:17:23] planet 43: queue busy, throttled building_robot_factory
[2026-05-12 13:18:06] ==== loop 13/∞ | seed=124022544596152605 archetype=turbo personality=tecnologico focus=eco actions_per_loop=2 ====
[13:18:06] planet 43: queue busy, throttled building_robot_factory
[13:18:06] planet 43: queue busy, throttled building_robot_factory
[2026-05-12 13:18:51] ==== loop 14/∞ | seed=124022544596152605 archetype=turbo personality=tecnologico focus=eco actions_per_loop=2 ====
[13:18:51] planet 43: queue busy, throttled building_robot_factory
[13:18:51] research: blocked research_intergalactic_research_network (building_laboratory 9/10)
[2026-05-12 13:19:35] ==== loop 15/∞ | seed=124022544596152605 archetype=turbo personality=tecnologico focus=eco actions_per_loop=2 ====
[13:19:36] planet 43: queue busy, throttled building_robot_factory
[13:19:36] planet 43: queue busy, throttled building_robot_factory
[13:19:36] research: blocked research_intergalactic_research_network (building_laboratory 9/10)
[2026-05-12 13:20:16] ==== loop 16/∞ | seed=124022544596152605 archetype=turbo personality=tecnologico focus=eco actions_per_loop=2 ====
[13:20:16] planet 43: queue busy, throttled building_robot_factory
[13:20:16] research: blocked research_intergalactic_research_network (building_laboratory 9/10)
[2026-05-12 13:20:59] ==== loop 17/∞ | seed=124022544596152605 archetype=turbo personality=tecnologico focus=eco actions_per_loop=2 ====
[13:20:59] planet 43: queue busy, throttled building_robot_factory
[13:20:59] planet 43: queue busy, throttled building_robot_factory
[2026-05-12 13:21:46] ==== loop 18/∞ | seed=124022544596152605 archetype=turbo personality=tecnologico focus=eco actions_per_loop=2 ====
[13:21:46] planet 43: queue busy, throttled building_robot_factory
[13:21:46] planet 43: queue busy, throttled building_robot_factory
[2026-05-12 13:22:52] ==== loop 1/∞ | seed=124022544596152605 archetype=turbo personality=tecnologico focus=eco actions_per_loop=2 ====
[13:22:52] planet 43: queue busy, throttled building_robot_factory
[13:22:52] planet 43: queue busy, throttled building_robot_factory
[2026-05-12 13:23:31] ==== loop 2/∞ | seed=124022544596152605 archetype=turbo personality=tecnologico focus=eco actions_per_loop=2 ====
[13:23:31] planet 43: queue busy, throttled building_robot_factory
[13:23:31] planet 43: queue busy, throttled building_robot_factory
[13:23:31] research: blocked research_intergalactic_research_network (building_laboratory 9/10)
[2026-05-12 13:24:11] ==== loop 3/∞ | seed=124022544596152605 archetype=turbo personality=tecnologico focus=eco actions_per_loop=2 ====
[13:24:11] planet 43: queue busy, throttled building_robot_factory
[13:24:11] research: blocked research_intergalactic_research_network (building_laboratory 9/10)
[2026-05-12 13:24:47] ==== loop 4/∞ | seed=124022544596152605 archetype=turbo personality=tecnologico focus=eco actions_per_loop=2 ====
[13:24:47] planet 43: queue busy, throttled building_robot_factory
[13:24:47] research: blocked research_intergalactic_research_network (building_laboratory 9/10)
[2026-05-12 13:25:26] ==== loop 5/∞ | seed=124022544596152605 archetype=turbo personality=tecnologico focus=eco actions_per_loop=2 ====
[13:25:26] planet 43: queue busy, throttled building_robot_factory
[13:25:26] planet 43: queue busy, throttled building_robot_factory
[2026-05-12 13:26:13] ==== loop 6/∞ | seed=124022544596152605 archetype=turbo personality=tecnologico focus=eco actions_per_loop=2 ====
[13:26:13] planet 43: queue busy, throttled building_robot_factory
[13:26:13] planet 43: queue busy, throttled building_robot_factory
[13:26:13] research: blocked research_intergalactic_research_network (building_laboratory 9/10)
[2026-05-12 13:26:57] ==== loop 7/∞ | seed=124022544596152605 archetype=turbo personality=tecnologico focus=eco actions_per_loop=2 ====
[13:26:57] planet 43: queue busy, throttled building_robot_factory
[2026-05-12 13:27:33] ==== loop 8/∞ | seed=124022544596152605 archetype=turbo personality=tecnologico focus=eco actions_per_loop=2 ====
[13:27:33] planet 43: queue busy, throttled building_robot_factory
[13:27:33] planet 43: queue busy, throttled building_robot_factory
[13:27:33] research: blocked research_intergalactic_research_network (building_laboratory 9/10)
[2026-05-12 13:28:39] ==== loop 1/∞ | seed=124022544596152605 archetype=turbo personality=tecnologico focus=eco actions_per_loop=2 ====
[13:28:39] planet 43: queue busy, throttled building_robot_factory
[13:28:39] research: blocked research_intergalactic_research_network (building_laboratory 9/10)
[2026-05-12 13:29:21] ==== loop 2/∞ | seed=124022544596152605 archetype=turbo personality=tecnologico focus=eco actions_per_loop=2 ====
[13:29:21] planet 43: queue busy, throttled building_robot_factory
[13:29:21] planet 43: queue busy, throttled building_robot_factory
[13:29:21] research: blocked research_intergalactic_research_network (building_laboratory 9/10)
[2026-05-12 13:30:04] ==== loop 3/∞ | seed=124022544596152605 archetype=turbo personality=tecnologico focus=eco actions_per_loop=2 ====
[13:30:04] planet 43: queue busy, throttled building_robot_factory
[13:30:04] planet 43: queue busy, throttled building_robot_factory
[13:30:04] research: blocked research_intergalactic_research_network (building_laboratory 9/10)
[2026-05-12 13:30:39] ==== loop 4/∞ | seed=124022544596152605 archetype=turbo personality=tecnologico focus=eco actions_per_loop=2 ====
[13:30:39] planet 43: queue busy, throttled building_robot_factory
[13:30:39] planet 43: queue busy, throttled building_robot_factory
[2026-05-12 13:31:18] ==== loop 5/∞ | seed=124022544596152605 archetype=turbo personality=tecnologico focus=eco actions_per_loop=2 ====
[13:31:18] planet 43: queue busy, throttled building_robot_factory
[13:31:18] planet 43: queue busy, throttled building_robot_factory
[13:31:18] research: blocked research_intergalactic_research_network (building_laboratory 9/10)
[2026-05-12 13:31:54] ==== loop 6/∞ | seed=124022544596152605 archetype=turbo personality=tecnologico focus=eco actions_per_loop=2 ====
[13:31:54] planet 43: queue busy, throttled building_robot_factory
[13:31:54] planet 43: queue busy, throttled building_robot_factory
[13:31:54] research: blocked research_intergalactic_research_network (building_laboratory 9/10)
[2026-05-12 13:32:32] ==== loop 7/∞ | seed=124022544596152605 archetype=turbo personality=tecnologico focus=eco actions_per_loop=2 ====
[13:32:32] planet 43: queue busy, throttled building_robot_factory
[13:32:32] planet 43: queue busy, throttled building_robot_factory
[2026-05-12 13:33:16] ==== loop 8/∞ | seed=124022544596152605 archetype=turbo personality=tecnologico focus=eco actions_per_loop=2 ====
[13:33:16] planet 43: queue busy, throttled building_robot_factory
[2026-05-12 13:33:51] ==== loop 9/∞ | seed=124022544596152605 archetype=turbo personality=tecnologico focus=eco actions_per_loop=2 ====
[13:33:51] planet 43: queue busy, throttled building_robot_factory
[13:33:51] research: blocked research_intergalactic_research_network (building_laboratory 9/10)
[2026-05-12 13:34:27] ==== loop 10/∞ | seed=124022544596152605 archetype=turbo personality=tecnologico focus=eco actions_per_loop=2 ====
[13:34:27] planet 43: queue busy, throttled building_robot_factory
[13:34:27] planet 43: queue busy, throttled building_robot_factory
[13:34:27] research: blocked research_intergalactic_research_network (building_laboratory 9/10)
[2026-05-12 13:35:06] ==== loop 11/∞ | seed=124022544596152605 archetype=turbo personality=tecnologico focus=eco actions_per_loop=2 ====
[13:35:06] planet 43: queue busy, throttled building_robot_factory
[13:35:06] planet 43: queue busy, throttled building_robot_factory
[13:35:06] research: blocked research_intergalactic_research_network (building_laboratory 9/10)
[2026-05-12 13:35:45] ==== loop 12/∞ | seed=124022544596152605 archetype=turbo personality=tecnologico focus=eco actions_per_loop=2 ====
[13:35:45] planet 43: queue busy, throttled building_robot_factory
[13:35:45] research: blocked research_intergalactic_research_network (building_laboratory 9/10)
[2026-05-12 13:36:24] ==== loop 13/∞ | seed=124022544596152605 archetype=turbo personality=tecnologico focus=eco actions_per_loop=2 ====
[13:36:24] planet 43: queue busy, throttled building_robot_factory
[13:36:24] planet 43: queue busy, throttled building_robot_factory
[13:36:24] research: blocked research_intergalactic_research_network (building_laboratory 9/10)
[2026-05-12 13:36:58] ==== loop 14/∞ | seed=124022544596152605 archetype=turbo personality=tecnologico focus=eco actions_per_loop=2 ====
[13:36:58] planet 43: queue busy, throttled building_robot_factory
[13:36:58] planet 43: queue busy, throttled building_robot_factory
[2026-05-12 13:37:37] ==== loop 15/∞ | seed=124022544596152605 archetype=turbo personality=tecnologico focus=eco actions_per_loop=2 ====
[13:37:37] planet 43: queue busy, throttled building_robot_factory
[13:37:37] planet 43: queue busy, throttled building_robot_factory
[2026-05-12 13:38:16] ==== loop 16/∞ | seed=124022544596152605 archetype=turbo personality=tecnologico focus=eco actions_per_loop=2 ====
[13:38:16] planet 43: queue busy, throttled building_robot_factory
[13:38:16] planet 43: queue busy, throttled building_robot_factory
[2026-05-12 13:38:52] ==== loop 17/∞ | seed=124022544596152605 archetype=turbo personality=tecnologico focus=eco actions_per_loop=2 ====
[13:38:52] planet 43: queue busy, throttled building_robot_factory
[13:38:52] planet 43: queue busy, throttled building_robot_factory
[13:38:52] research: blocked research_intergalactic_research_network (building_laboratory 9/10)
[2026-05-12 13:39:40] ==== loop 1/∞ | seed=124022544596152605 archetype=turbo personality=tecnologico focus=eco actions_per_loop=2 ====
[13:39:40] planet 43: queue busy, throttled building_robot_factory
[13:39:40] planet 43: queue busy, throttled building_robot_factory
[2026-05-12 13:40:16] ==== loop 2/∞ | seed=124022544596152605 archetype=turbo personality=tecnologico focus=eco actions_per_loop=2 ====
[13:40:16] planet 43: queue busy, throttled building_robot_factory
[13:40:16] planet 43: queue busy, throttled building_robot_factory
[13:40:16] research: blocked research_intergalactic_research_network (building_laboratory 9/10)
[2026-05-12 13:40:54] ==== loop 1/∞ | seed=124022544596152605 archetype=turbo personality=tecnologico focus=eco actions_per_loop=2 ====
[13:40:54] planet 43: queue busy, throttled building_robot_factory
[13:40:54] planet 43: queue busy, throttled building_robot_factory
[13:40:54] research: blocked research_intergalactic_research_network (building_laboratory 9/10)
[2026-05-12 13:41:28] ==== loop 2/∞ | seed=124022544596152605 archetype=turbo personality=tecnologico focus=eco actions_per_loop=2 ====
[13:41:28] planet 43: queue busy, throttled building_robot_factory
[13:41:28] planet 43: queue busy, throttled building_robot_factory
[2026-05-12 13:42:04] ==== loop 3/∞ | seed=124022544596152605 archetype=turbo personality=tecnologico focus=eco actions_per_loop=2 ====
[13:42:04] planet 43: queue busy, throttled building_robot_factory
[13:42:04] planet 43: queue busy, throttled building_robot_factory
[13:42:04] research: blocked research_intergalactic_research_network (building_laboratory 9/10)
[2026-05-12 13:42:40] ==== loop 4/∞ | seed=124022544596152605 archetype=turbo personality=tecnologico focus=eco actions_per_loop=2 ====
[13:42:40] planet 43: queue busy, throttled building_robot_factory
[13:42:40] planet 43: queue busy, throttled building_robot_factory
[13:42:40] research: blocked research_intergalactic_research_network (building_laboratory 9/10)
[2026-05-12 13:43:19] ==== loop 5/∞ | seed=124022544596152605 archetype=turbo personality=tecnologico focus=eco actions_per_loop=2 ====
[13:43:19] planet 43: queue busy, throttled building_robot_factory
[13:43:19] planet 43: queue busy, throttled building_robot_factory
[2026-05-12 13:43:59] ==== loop 6/∞ | seed=124022544596152605 archetype=turbo personality=tecnologico focus=eco actions_per_loop=2 ====
[13:43:59] planet 43: queue busy, throttled building_robot_factory
[13:43:59] planet 43: queue busy, throttled building_robot_factory
[2026-05-12 13:44:49] ==== loop 1/∞ | seed=124022544596152605 archetype=turbo personality=tecnologico focus=eco actions_per_loop=2 ====
[13:44:49] planet 43: queue busy, throttled building_robot_factory
[13:44:49] planet 43: queue busy, throttled building_robot_factory
[13:44:49] research: blocked research_intergalactic_research_network (building_laboratory 9/10)
[2026-05-12 13:45:26] ==== loop 2/∞ | seed=124022544596152605 archetype=turbo personality=tecnologico focus=eco actions_per_loop=2 ====
[13:45:26] planet 43: queue busy, throttled building_robot_factory
[13:45:26] planet 43: queue busy, throttled building_robot_factory
[13:45:26] research: blocked research_intergalactic_research_network (building_laboratory 9/10)
[2026-05-12 13:46:00] ==== loop 3/∞ | seed=124022544596152605 archetype=turbo personality=tecnologico focus=eco actions_per_loop=2 ====
[13:46:00] planet 43: queue busy, throttled building_robot_factory
[2026-05-12 13:46:39] ==== loop 4/∞ | seed=124022544596152605 archetype=turbo personality=tecnologico focus=eco actions_per_loop=2 ====
[13:46:39] planet 43: queue busy, throttled building_robot_factory
[13:46:39] planet 43: queue busy, throttled building_robot_factory
[2026-05-12 13:47:11] ==== loop 5/∞ | seed=124022544596152605 archetype=turbo personality=tecnologico focus=eco actions_per_loop=2 ====
[13:47:12] planet 43: queue busy, throttled building_robot_factory
[13:47:12] planet 43: queue busy, throttled building_robot_factory
[13:47:12] research: blocked research_intergalactic_research_network (building_laboratory 9/10)
[2026-05-12 13:47:52] ==== loop 6/∞ | seed=124022544596152605 archetype=turbo personality=tecnologico focus=eco actions_per_loop=2 ====
[13:47:52] planet 43: queue busy, throttled building_robot_factory
[13:47:52] planet 43: queue busy, throttled building_robot_factory
[13:47:52] research: blocked research_intergalactic_research_network (building_laboratory 9/10)
[2026-05-12 13:48:30] ==== loop 7/∞ | seed=124022544596152605 archetype=turbo personality=tecnologico focus=eco actions_per_loop=2 ====
[13:48:30] planet 43: queue busy, throttled building_robot_factory
[13:48:30] research: blocked research_intergalactic_research_network (building_laboratory 9/10)
[2026-05-12 13:49:10] ==== loop 8/∞ | seed=124022544596152605 archetype=turbo personality=tecnologico focus=eco actions_per_loop=2 ====
[13:49:10] planet 43: queue busy, throttled building_robot_factory
[13:49:10] planet 43: queue busy, throttled building_robot_factory
[13:49:10] research: blocked research_intergalactic_research_network (building_laboratory 9/10)
[2026-05-12 13:49:48] ==== loop 9/∞ | seed=124022544596152605 archetype=turbo personality=tecnologico focus=eco actions_per_loop=2 ====
[13:49:48] planet 43: queue busy, throttled building_robot_factory
[13:49:48] planet 43: queue busy, throttled building_robot_factory
[13:49:48] research: blocked research_intergalactic_research_network (building_laboratory 9/10)
[2026-05-12 13:50:27] ==== loop 10/∞ | seed=124022544596152605 archetype=turbo personality=tecnologico focus=eco actions_per_loop=2 ====
[13:50:27] planet 43: queue busy, throttled building_robot_factory
[13:50:27] planet 43: queue busy, throttled building_robot_factory
[2026-05-12 13:51:01] ==== loop 11/∞ | seed=124022544596152605 archetype=turbo personality=tecnologico focus=eco actions_per_loop=2 ====
[13:51:01] planet 43: queue busy, throttled building_robot_factory
[13:51:01] planet 43: queue busy, throttled building_robot_factory
[2026-05-12 13:51:36] ==== loop 12/∞ | seed=124022544596152605 archetype=turbo personality=tecnologico focus=eco actions_per_loop=2 ====
[13:51:37] planet 43: queue busy, throttled building_robot_factory
[13:51:37] research: blocked research_intergalactic_research_network (building_laboratory 9/10)
[2026-05-12 13:52:08] ==== loop 13/∞ | seed=124022544596152605 archetype=turbo personality=tecnologico focus=eco actions_per_loop=2 ====
[13:52:08] planet 43: queue busy, throttled building_robot_factory
[13:52:08] planet 43: queue busy, throttled building_robot_factory
[2026-05-12 13:52:44] ==== loop 14/∞ | seed=124022544596152605 archetype=turbo personality=tecnologico focus=eco actions_per_loop=2 ====
[13:52:44] planet 43: queue busy, throttled building_robot_factory
[2026-05-12 13:53:19] ==== loop 15/∞ | seed=124022544596152605 archetype=turbo personality=tecnologico focus=eco actions_per_loop=2 ====
[13:53:19] planet 43: queue busy, throttled building_robot_factory
[13:53:19] planet 43: queue busy, throttled building_robot_factory
[13:53:19] research: blocked research_intergalactic_research_network (building_laboratory 9/10)
[2026-05-12 13:53:57] ==== loop 16/∞ | seed=124022544596152605 archetype=turbo personality=tecnologico focus=eco actions_per_loop=2 ====
[13:53:57] planet 43: queue busy, throttled building_robot_factory
[13:53:57] planet 43: queue busy, throttled building_robot_factory
[2026-05-12 13:54:35] ==== loop 17/∞ | seed=124022544596152605 archetype=turbo personality=tecnologico focus=eco actions_per_loop=2 ====
[13:54:35] planet 43: queue busy, throttled building_robot_factory
[13:54:35] planet 43: queue busy, throttled building_robot_factory
[2026-05-12 13:55:11] ==== loop 18/∞ | seed=124022544596152605 archetype=turbo personality=tecnologico focus=eco actions_per_loop=2 ====
[13:55:11] planet 43: queue busy, throttled building_robot_factory
[13:55:11] planet 43: queue busy, throttled building_robot_factory
[2026-05-12 13:55:49] ==== loop 19/∞ | seed=124022544596152605 archetype=turbo personality=tecnologico focus=eco actions_per_loop=2 ====
[13:55:49] planet 43: queue busy, throttled building_robot_factory
[13:55:49] planet 43: queue busy, throttled building_robot_factory
[13:55:49] research: blocked research_intergalactic_research_network (building_laboratory 9/10)
[2026-05-12 13:56:25] ==== loop 20/∞ | seed=124022544596152605 archetype=turbo personality=tecnologico focus=eco actions_per_loop=2 ====
[13:56:25] planet 43: queue busy, throttled building_robot_factory
[13:56:25] planet 43: queue busy, throttled building_robot_factory
[13:56:25] research: blocked research_intergalactic_research_network (building_laboratory 9/10)
[2026-05-12 13:57:00] ==== loop 21/∞ | seed=124022544596152605 archetype=turbo personality=tecnologico focus=eco actions_per_loop=2 ====
[13:57:00] planet 43: queue busy, throttled building_robot_factory
[13:57:00] planet 43: queue busy, throttled building_robot_factory
[13:57:00] research: blocked research_intergalactic_research_network (building_laboratory 9/10)
[2026-05-12 13:57:40] ==== loop 22/∞ | seed=124022544596152605 archetype=turbo personality=tecnologico focus=eco actions_per_loop=2 ====
[13:57:40] planet 43: queue busy, throttled building_robot_factory
[13:57:40] research: blocked research_intergalactic_research_network (building_laboratory 9/10)
[2026-05-12 13:58:16] ==== loop 23/∞ | seed=124022544596152605 archetype=turbo personality=tecnologico focus=eco actions_per_loop=2 ====
[13:58:16] planet 43: queue busy, throttled building_robot_factory
[13:58:16] planet 43: queue busy, throttled building_robot_factory
[13:58:16] research: blocked research_intergalactic_research_network (building_laboratory 9/10)
[2026-05-12 13:58:49] ==== loop 24/∞ | seed=124022544596152605 archetype=turbo personality=tecnologico focus=eco actions_per_loop=2 ====
[13:58:49] planet 43: queue busy, throttled building_robot_factory
[13:58:49] planet 43: queue busy, throttled building_robot_factory
[13:58:49] research: blocked research_intergalactic_research_network (building_laboratory 9/10)
[2026-05-12 13:59:25] ==== loop 25/∞ | seed=124022544596152605 archetype=turbo personality=tecnologico focus=eco actions_per_loop=2 ====
[13:59:25] planet 43: queue busy, throttled building_robot_factory
[13:59:25] research: blocked research_intergalactic_research_network (building_laboratory 9/10)
[2026-05-12 13:59:58] ==== loop 26/∞ | seed=124022544596152605 archetype=turbo personality=tecnologico focus=eco actions_per_loop=2 ====
[13:59:58] planet 43: queue busy, throttled building_robot_factory
[13:59:58] planet 43: queue busy, throttled building_robot_factory
[2026-05-12 14:00:31] ==== loop 27/∞ | seed=124022544596152605 archetype=turbo personality=tecnologico focus=eco actions_per_loop=2 ====
[14:00:31] planet 43: queue busy, throttled building_robot_factory
[14:00:31] planet 43: queue busy, throttled building_robot_factory
[14:00:31] research: blocked research_intergalactic_research_network (building_laboratory 9/10)
[2026-05-12 14:01:08] ==== loop 28/∞ | seed=124022544596152605 archetype=turbo personality=tecnologico focus=eco actions_per_loop=2 ====
[14:01:08] planet 43: queue busy, throttled building_robot_factory
[2026-05-12 14:01:47] ==== loop 29/∞ | seed=124022544596152605 archetype=turbo personality=tecnologico focus=eco actions_per_loop=2 ====
[14:01:47] planet 43: queue busy, throttled building_robot_factory
[14:01:47] planet 43: queue busy, throttled building_robot_factory
[14:01:47] research: blocked research_intergalactic_research_network (building_laboratory 9/10)
[2026-05-12 14:02:33] ==== loop 30/∞ | seed=124022544596152605 archetype=turbo personality=tecnologico focus=eco actions_per_loop=2 ====
[14:02:33] planet 43: queue busy, throttled building_robot_factory
[2026-05-12 14:03:10] ==== loop 31/∞ | seed=124022544596152605 archetype=turbo personality=tecnologico focus=eco actions_per_loop=2 ====
[14:03:10] planet 43: queue busy, throttled building_robot_factory
[14:03:10] planet 43: queue busy, throttled building_robot_factory
[2026-05-12 14:03:52] ==== loop 32/∞ | seed=124022544596152605 archetype=turbo personality=tecnologico focus=eco actions_per_loop=2 ====
[14:03:52] planet 43: queue busy, throttled building_robot_factory
[14:03:52] planet 43: queue busy, throttled building_robot_factory
[14:03:52] research: blocked research_intergalactic_research_network (building_laboratory 9/10)
[2026-05-12 14:04:32] ==== loop 33/∞ | seed=124022544596152605 archetype=turbo personality=tecnologico focus=eco actions_per_loop=2 ====
[14:04:32] planet 43: queue busy, throttled building_robot_factory
[14:04:32] planet 43: queue busy, throttled building_robot_factory
[2026-05-12 14:05:13] ==== loop 34/∞ | seed=124022544596152605 archetype=turbo personality=tecnologico focus=eco actions_per_loop=2 ====
[14:05:13] planet 43: queue busy, throttled building_robot_factory
[14:05:13] planet 43: queue busy, throttled building_robot_factory
[2026-05-12 14:05:49] ==== loop 35/∞ | seed=124022544596152605 archetype=turbo personality=tecnologico focus=eco actions_per_loop=2 ====
[14:05:49] planet 43: queue busy, throttled building_robot_factory
[14:05:49] planet 43: queue busy, throttled building_robot_factory
[14:05:49] research: blocked research_intergalactic_research_network (building_laboratory 9/10)
[2026-05-12 14:06:29] ==== loop 36/∞ | seed=124022544596152605 archetype=turbo personality=tecnologico focus=eco actions_per_loop=2 ====
[14:06:29] planet 43: queue busy, throttled building_robot_factory
[14:06:29] planet 43: queue busy, throttled building_robot_factory
[14:06:29] research: blocked research_intergalactic_research_network (building_laboratory 9/10)
[2026-05-12 14:07:07] ==== loop 37/∞ | seed=124022544596152605 archetype=turbo personality=tecnologico focus=eco actions_per_loop=2 ====
[14:07:07] planet 43: queue busy, throttled building_robot_factory
[14:07:07] planet 43: queue busy, throttled building_robot_factory
[14:07:07] research: blocked research_intergalactic_research_network (building_laboratory 9/10)
[2026-05-12 14:07:47] ==== loop 38/∞ | seed=124022544596152605 archetype=turbo personality=tecnologico focus=eco actions_per_loop=2 ====
[14:07:47] planet 43: queue busy, throttled building_robot_factory
[14:07:47] planet 43: queue busy, throttled building_robot_factory
[2026-05-12 14:08:27] ==== loop 39/∞ | seed=124022544596152605 archetype=turbo personality=tecnologico focus=eco actions_per_loop=2 ====
[14:08:27] planet 43: queue busy, throttled building_robot_factory
[14:08:27] research: blocked research_intergalactic_research_network (building_laboratory 9/10)
[2026-05-12 14:09:11] ==== loop 40/∞ | seed=124022544596152605 archetype=turbo personality=tecnologico focus=eco actions_per_loop=2 ====
[14:09:11] planet 43: queue busy, throttled building_robot_factory
[14:09:11] planet 43: queue busy, throttled building_robot_factory
[14:09:11] research: blocked research_intergalactic_research_network (building_laboratory 9/10)
[2026-05-12 14:09:53] ==== loop 41/∞ | seed=124022544596152605 archetype=turbo personality=tecnologico focus=eco actions_per_loop=2 ====
[14:09:53] planet 43: queue busy, throttled building_robot_factory
[14:09:53] planet 43: queue busy, throttled building_robot_factory
[14:09:53] research: blocked research_intergalactic_research_network (building_laboratory 9/10)
[2026-05-12 14:10:31] ==== loop 42/∞ | seed=124022544596152605 archetype=turbo personality=tecnologico focus=eco actions_per_loop=2 ====
[14:10:31] planet 43: queue busy, throttled building_robot_factory
[2026-05-12 14:11:10] ==== loop 43/∞ | seed=124022544596152605 archetype=turbo personality=tecnologico focus=eco actions_per_loop=2 ====
[14:11:10] planet 43: queue busy, throttled building_robot_factory
[14:11:10] planet 43: queue busy, throttled building_robot_factory
[14:11:10] research: blocked research_intergalactic_research_network (building_laboratory 9/10)
[2026-05-12 14:11:48] ==== loop 44/∞ | seed=124022544596152605 archetype=turbo personality=tecnologico focus=eco actions_per_loop=2 ====
[14:11:48] planet 43: queue busy, throttled building_robot_factory
[14:11:48] planet 43: queue busy, throttled building_robot_factory
[2026-05-12 14:12:27] ==== loop 45/∞ | seed=124022544596152605 archetype=turbo personality=tecnologico focus=eco actions_per_loop=2 ====
[14:12:27] planet 43: queue busy, throttled building_robot_factory
[2026-05-12 14:13:02] ==== loop 46/∞ | seed=124022544596152605 archetype=turbo personality=tecnologico focus=eco actions_per_loop=2 ====
[14:13:02] planet 43: queue busy, throttled building_robot_factory
[14:13:02] planet 43: queue busy, throttled building_robot_factory
[2026-05-12 14:13:40] ==== loop 47/∞ | seed=124022544596152605 archetype=turbo personality=tecnologico focus=eco actions_per_loop=2 ====
[14:13:40] planet 43: queue busy, throttled building_robot_factory
[14:13:40] planet 43: queue busy, throttled building_robot_factory
[14:13:40] research: blocked research_intergalactic_research_network (building_laboratory 9/10)
[2026-05-12 14:14:15] ==== loop 48/∞ | seed=124022544596152605 archetype=turbo personality=tecnologico focus=eco actions_per_loop=2 ====
[14:14:15] planet 43: queue busy, throttled building_robot_factory
[14:14:15] planet 43: queue busy, throttled building_robot_factory
[2026-05-12 14:14:53] ==== loop 49/∞ | seed=124022544596152605 archetype=turbo personality=tecnologico focus=eco actions_per_loop=2 ====
[14:14:53] planet 43: queue busy, throttled building_robot_factory
[14:14:53] planet 43: queue busy, throttled building_robot_factory
[2026-05-12 14:15:33] ==== loop 50/∞ | seed=124022544596152605 archetype=turbo personality=tecnologico focus=eco actions_per_loop=2 ====
[14:15:33] planet 43: queue busy, throttled building_robot_factory
[14:15:33] research: blocked research_intergalactic_research_network (building_laboratory 9/10)
[2026-05-12 14:16:07] ==== loop 51/∞ | seed=124022544596152605 archetype=turbo personality=tecnologico focus=eco actions_per_loop=2 ====
[14:16:07] planet 43: queue busy, throttled building_robot_factory
[2026-05-12 14:16:41] ==== loop 52/∞ | seed=124022544596152605 archetype=turbo personality=tecnologico focus=eco actions_per_loop=2 ====
[14:16:41] planet 43: queue busy, throttled building_robot_factory
[14:16:41] planet 43: queue busy, throttled building_robot_factory
[14:16:41] research: blocked research_intergalactic_research_network (building_laboratory 9/10)
[2026-05-12 14:17:18] ==== loop 53/∞ | seed=124022544596152605 archetype=turbo personality=tecnologico focus=eco actions_per_loop=2 ====
[14:17:18] planet 43: queue busy, throttled building_robot_factory
[14:17:18] planet 43: queue busy, throttled building_robot_factory
[2026-05-12 14:17:51] ==== loop 54/∞ | seed=124022544596152605 archetype=turbo personality=tecnologico focus=eco actions_per_loop=2 ====
[14:17:51] planet 43: queue busy, throttled building_robot_factory
[14:17:51] planet 43: queue busy, throttled building_robot_factory
[14:17:51] research: blocked research_intergalactic_research_network (building_laboratory 9/10)
[2026-05-12 14:18:29] ==== loop 55/∞ | seed=124022544596152605 archetype=turbo personality=tecnologico focus=eco actions_per_loop=2 ====
[14:18:29] planet 43: queue busy, throttled building_robot_factory
[14:18:29] planet 43: queue busy, throttled building_robot_factory
[2026-05-12 14:19:03] ==== loop 56/∞ | seed=124022544596152605 archetype=turbo personality=tecnologico focus=eco actions_per_loop=2 ====
[14:19:03] planet 43: queue busy, throttled building_robot_factory
[14:19:03] planet 43: queue busy, throttled building_robot_factory
[14:19:03] research: blocked research_intergalactic_research_network (building_laboratory 9/10)
[2026-05-12 14:19:43] ==== loop 57/∞ | seed=124022544596152605 archetype=turbo personality=tecnologico focus=eco actions_per_loop=2 ====
[14:19:43] planet 43: queue busy, throttled building_robot_factory
[14:19:43] planet 43: queue busy, throttled building_robot_factory
[2026-05-12 14:20:22] ==== loop 58/∞ | seed=124022544596152605 archetype=turbo personality=tecnologico focus=eco actions_per_loop=2 ====
[14:20:22] planet 43: queue busy, throttled building_robot_factory
[14:20:22] planet 43: queue busy, throttled building_robot_factory
[14:20:22] research: blocked research_intergalactic_research_network (building_laboratory 9/10)
[2026-05-12 14:21:04] ==== loop 59/∞ | seed=124022544596152605 archetype=turbo personality=tecnologico focus=eco actions_per_loop=2 ====
[14:21:04] planet 43: queue busy, throttled building_robot_factory
[14:21:04] planet 43: queue busy, throttled building_robot_factory
[2026-05-12 14:21:44] ==== loop 60/∞ | seed=124022544596152605 archetype=turbo personality=tecnologico focus=eco actions_per_loop=2 ====
[14:21:45] planet 43: queue busy, throttled building_robot_factory
[14:21:45] planet 43: queue busy, throttled building_robot_factory
[2026-05-12 14:22:29] ==== loop 61/∞ | seed=124022544596152605 archetype=turbo personality=tecnologico focus=eco actions_per_loop=2 ====
[14:22:29] planet 43: queue busy, throttled building_robot_factory
[2026-05-12 14:23:18] ==== loop 62/∞ | seed=124022544596152605 archetype=turbo personality=tecnologico focus=eco actions_per_loop=2 ====
[14:23:18] planet 43: queue busy, throttled building_robot_factory
[14:23:18] planet 43: queue busy, throttled building_robot_factory
[2026-05-12 14:24:01] ==== loop 63/∞ | seed=124022544596152605 archetype=turbo personality=tecnologico focus=eco actions_per_loop=2 ====
[14:24:01] planet 43: queue busy, throttled building_robot_factory
[14:24:01] planet 43: queue busy, throttled building_robot_factory
[2026-05-12 14:24:40] ==== loop 64/∞ | seed=124022544596152605 archetype=turbo personality=tecnologico focus=eco actions_per_loop=2 ====
[14:24:40] planet 43: queue busy, throttled building_robot_factory
[14:24:40] planet 43: queue busy, throttled building_robot_factory
[14:24:40] research: blocked research_intergalactic_research_network (building_laboratory 9/10)
[2026-05-12 14:25:21] ==== loop 65/∞ | seed=124022544596152605 archetype=turbo personality=tecnologico focus=eco actions_per_loop=2 ====
[14:25:21] planet 43: queue busy, throttled building_robot_factory
[14:25:21] planet 43: queue busy, throttled building_robot_factory
[14:25:21] research: blocked research_intergalactic_research_network (building_laboratory 9/10)
[2026-05-12 14:26:01] ==== loop 66/∞ | seed=124022544596152605 archetype=turbo personality=tecnologico focus=eco actions_per_loop=2 ====
[14:26:01] planet 43: queue busy, throttled building_robot_factory
[14:26:01] planet 43: queue busy, throttled building_robot_factory
[14:26:01] research: blocked research_intergalactic_research_network (building_laboratory 9/10)
[2026-05-12 14:26:46] ==== loop 67/∞ | seed=124022544596152605 archetype=turbo personality=tecnologico focus=eco actions_per_loop=2 ====
[14:26:46] planet 43: queue busy, throttled building_robot_factory
[14:26:46] planet 43: queue busy, throttled building_robot_factory
[2026-05-12 14:27:28] ==== loop 68/∞ | seed=124022544596152605 archetype=turbo personality=tecnologico focus=eco actions_per_loop=2 ====
[14:27:28] planet 43: queue busy, throttled building_robot_factory
[14:27:28] research: blocked research_intergalactic_research_network (building_laboratory 9/10)
[2026-05-12 14:28:11] ==== loop 69/∞ | seed=124022544596152605 archetype=turbo personality=tecnologico focus=eco actions_per_loop=2 ====
[14:28:11] planet 43: queue busy, throttled building_robot_factory
[14:28:11] planet 43: queue busy, throttled building_robot_factory
[2026-05-12 14:28:51] ==== loop 70/∞ | seed=124022544596152605 archetype=turbo personality=tecnologico focus=eco actions_per_loop=2 ====
[14:28:51] planet 43: queue busy, throttled building_robot_factory
[14:28:51] planet 43: queue busy, throttled building_robot_factory
[2026-05-12 14:29:34] ==== loop 71/∞ | seed=124022544596152605 archetype=turbo personality=tecnologico focus=eco actions_per_loop=2 ====
[14:29:34] planet 43: queue busy, throttled building_robot_factory
[14:29:34] planet 43: queue busy, throttled building_robot_factory
[2026-05-12 14:30:19] ==== loop 72/∞ | seed=124022544596152605 archetype=turbo personality=tecnologico focus=eco actions_per_loop=2 ====
[14:30:19] planet 43: queue busy, throttled building_robot_factory
[14:30:19] planet 43: queue busy, throttled building_robot_factory
[14:30:19] research: blocked research_intergalactic_research_network (building_laboratory 9/10)
[2026-05-12 14:31:01] ==== loop 73/∞ | seed=124022544596152605 archetype=turbo personality=tecnologico focus=eco actions_per_loop=2 ====
[14:31:01] planet 43: queue busy, throttled building_robot_factory
[14:31:01] planet 43: queue busy, throttled building_robot_factory
[14:31:01] research: blocked research_intergalactic_research_network (building_laboratory 9/10)
[2026-05-12 14:31:55] ==== loop 74/∞ | seed=124022544596152605 archetype=turbo personality=tecnologico focus=eco actions_per_loop=2 ====
[14:31:55] planet 43: queue busy, throttled building_robot_factory
[14:31:55] planet 43: queue busy, throttled building_robot_factory
[14:31:55] research: blocked research_intergalactic_research_network (building_laboratory 9/10)
[2026-05-12 14:32:38] ==== loop 75/∞ | seed=124022544596152605 archetype=turbo personality=tecnologico focus=eco actions_per_loop=2 ====
[14:32:38] planet 43: queue busy, throttled building_robot_factory
[14:32:38] research: blocked research_intergalactic_research_network (building_laboratory 9/10)
[2026-05-12 14:33:26] ==== loop 76/∞ | seed=124022544596152605 archetype=turbo personality=tecnologico focus=eco actions_per_loop=2 ====
[14:33:26] planet 43: queue busy, throttled building_robot_factory
[14:33:26] planet 43: queue busy, throttled building_robot_factory
[2026-05-12 14:34:14] ==== loop 77/∞ | seed=124022544596152605 archetype=turbo personality=tecnologico focus=eco actions_per_loop=2 ====
[14:34:14] planet 43: queue busy, throttled building_robot_factory
[2026-05-12 14:35:19] ==== loop 1/∞ | seed=124022544596152605 archetype=turbo personality=tecnologico focus=eco actions_per_loop=2 ====
[14:35:19] planet 43: queue busy, throttled building_robot_factory
[14:35:19] planet 43: queue busy, throttled building_robot_factory
[2026-05-12 14:36:02] ==== loop 2/∞ | seed=124022544596152605 archetype=turbo personality=tecnologico focus=eco actions_per_loop=2 ====
[14:36:02] planet 43: queue busy, throttled building_robot_factory
[14:36:02] research: blocked research_intergalactic_research_network (building_laboratory 9/10)
[2026-05-12 14:36:48] ==== loop 3/∞ | seed=124022544596152605 archetype=turbo personality=tecnologico focus=eco actions_per_loop=2 ====
[14:36:48] planet 43: queue busy, throttled building_robot_factory
[14:36:48] planet 43: queue busy, throttled building_robot_factory
[14:36:48] research: blocked research_intergalactic_research_network (building_laboratory 9/10)
[2026-05-12 14:37:33] ==== loop 4/∞ | seed=124022544596152605 archetype=turbo personality=tecnologico focus=eco actions_per_loop=2 ====
[14:37:33] planet 43: queue busy, throttled building_robot_factory
[14:37:33] planet 43: queue busy, throttled building_robot_factory
[14:37:33] research: blocked research_intergalactic_research_network (building_laboratory 9/10)
[2026-05-12 14:38:20] ==== loop 5/∞ | seed=124022544596152605 archetype=turbo personality=tecnologico focus=eco actions_per_loop=2 ====
[14:38:20] planet 43: queue busy, throttled building_robot_factory
[14:38:20] planet 43: queue busy, throttled building_robot_factory
[14:38:20] research: blocked research_intergalactic_research_network (building_laboratory 9/10)
[2026-05-12 14:39:06] ==== loop 6/∞ | seed=124022544596152605 archetype=turbo personality=tecnologico focus=eco actions_per_loop=2 ====
[14:39:06] planet 43: queue busy, throttled building_robot_factory
[14:39:06] planet 43: queue busy, throttled building_robot_factory
[14:39:06] research: blocked research_intergalactic_research_network (building_laboratory 9/10)
[2026-05-12 14:39:51] ==== loop 7/∞ | seed=124022544596152605 archetype=turbo personality=tecnologico focus=eco actions_per_loop=2 ====
[14:39:51] planet 43: queue busy, throttled building_robot_factory
[14:39:51] planet 43: queue busy, throttled building_robot_factory
[14:39:51] research: blocked research_intergalactic_research_network (building_laboratory 9/10)
[2026-05-12 14:40:40] ==== loop 8/∞ | seed=124022544596152605 archetype=turbo personality=tecnologico focus=eco actions_per_loop=2 ====
[14:40:40] planet 43: queue busy, throttled building_robot_factory
[14:40:40] planet 43: queue busy, throttled building_robot_factory
[14:40:40] research: blocked research_intergalactic_research_network (building_laboratory 9/10)
[2026-05-12 14:41:22] ==== loop 9/∞ | seed=124022544596152605 archetype=turbo personality=tecnologico focus=eco actions_per_loop=2 ====
[14:41:22] planet 43: queue busy, throttled building_robot_factory
[14:41:22] planet 43: queue busy, throttled building_robot_factory
[14:41:22] research: blocked research_intergalactic_research_network (building_laboratory 9/10)
[2026-05-12 14:42:07] ==== loop 10/∞ | seed=124022544596152605 archetype=turbo personality=tecnologico focus=eco actions_per_loop=2 ====
[14:42:07] planet 43: queue busy, throttled building_robot_factory
[14:42:07] planet 43: queue busy, throttled building_robot_factory
[2026-05-12 14:42:49] ==== loop 11/∞ | seed=124022544596152605 archetype=turbo personality=tecnologico focus=eco actions_per_loop=2 ====
[14:42:49] planet 43: queue busy, throttled building_robot_factory
[14:42:49] planet 43: queue busy, throttled building_robot_factory
[2026-05-12 14:43:33] ==== loop 12/∞ | seed=124022544596152605 archetype=turbo personality=tecnologico focus=eco actions_per_loop=2 ====
[14:43:33] planet 43: queue busy, throttled building_robot_factory
[2026-05-12 14:44:20] ==== loop 13/∞ | seed=124022544596152605 archetype=turbo personality=tecnologico focus=eco actions_per_loop=2 ====
[14:44:20] planet 43: queue busy, throttled building_robot_factory
[2026-05-12 14:45:04] ==== loop 14/∞ | seed=124022544596152605 archetype=turbo personality=tecnologico focus=eco actions_per_loop=2 ====
[14:45:04] planet 43: queue busy, throttled building_robot_factory
[14:45:04] planet 43: queue busy, throttled building_robot_factory
[2026-05-12 14:45:46] ==== loop 15/∞ | seed=124022544596152605 archetype=turbo personality=tecnologico focus=eco actions_per_loop=2 ====
[14:45:46] planet 43: queue busy, throttled building_robot_factory
[14:45:46] research: blocked research_intergalactic_research_network (building_laboratory 9/10)
[2026-05-12 14:46:27] ==== loop 16/∞ | seed=124022544596152605 archetype=turbo personality=tecnologico focus=eco actions_per_loop=2 ====
[14:46:27] planet 43: queue busy, throttled building_robot_factory
[2026-05-12 14:47:11] ==== loop 17/∞ | seed=124022544596152605 archetype=turbo personality=tecnologico focus=eco actions_per_loop=2 ====
[14:47:11] planet 43: queue busy, throttled building_robot_factory
[14:47:11] planet 43: queue busy, throttled building_robot_factory
[2026-05-12 14:47:55] ==== loop 18/∞ | seed=124022544596152605 archetype=turbo personality=tecnologico focus=eco actions_per_loop=2 ====
[14:47:55] planet 43: queue busy, throttled building_robot_factory
