[2026-05-12 07:07:49] ==== loop 1/∞ | seed=750097226857509259 archetype=balanced personality=minero focus=tech actions_per_loop=3 ====
[07:07:49] planet 40: queued building_hangar to 1
[2026-05-12 07:08:19] ==== loop 2/∞ | seed=750097226857509259 archetype=balanced personality=minero focus=tech actions_per_loop=3 ====
[07:08:20] planet 40: queued ship_solar_satellite +30
[07:08:20] planet 40: queued building_metal_mine to 32
[07:08:20] research: blocked research_energy_technology (building_laboratory 0/1)
[2026-05-12 07:08:50] ==== loop 3/∞ | seed=750097226857509259 archetype=balanced personality=minero focus=tech actions_per_loop=3 ====
[07:08:51] planet 40: queued building_robot_factory to 6
[2026-05-12 07:09:18] ==== loop 4/∞ | seed=750097226857509259 archetype=balanced personality=minero focus=tech actions_per_loop=3 ====
[07:09:19] planet 40: queued building_robot_factory to 7
[2026-05-12 07:09:43] ==== loop 5/∞ | seed=750097226857509259 archetype=balanced personality=minero focus=tech actions_per_loop=3 ====
[07:09:43] planet 40: queue busy, throttled building_robot_factory
[07:09:43] planet 40: queue busy, throttled building_robot_factory
[07:09:43] planet 40: queue busy, throttled building_robot_factory
[07:09:43] research: blocked research_energy_technology (building_laboratory 0/1)
[2026-05-12 07:10:06] ==== loop 6/∞ | seed=750097226857509259 archetype=balanced personality=minero focus=tech actions_per_loop=3 ====
[07:10:06] planet 40: queue busy, throttled building_robot_factory
[07:10:06] planet 40: queue busy, throttled building_robot_factory
[07:10:06] planet 40: queue busy, throttled building_robot_factory
[2026-05-12 07:10:27] ==== loop 7/∞ | seed=750097226857509259 archetype=balanced personality=minero focus=tech actions_per_loop=3 ====
[07:10:27] planet 40: queue busy, throttled building_robot_factory
[07:10:27] planet 40: queue busy, throttled building_robot_factory
[07:10:27] planet 40: queue busy, throttled building_robot_factory
[2026-05-12 07:10:46] ==== loop 8/∞ | seed=750097226857509259 archetype=balanced personality=minero focus=tech actions_per_loop=3 ====
[07:10:46] planet 40: queue busy, throttled building_robot_factory
[07:10:46] planet 40: queue busy, throttled building_robot_factory
[2026-05-12 07:11:06] ==== loop 9/∞ | seed=750097226857509259 archetype=balanced personality=minero focus=tech actions_per_loop=3 ====
[07:11:06] planet 40: queue busy, throttled building_robot_factory
[07:11:06] planet 40: queue busy, throttled building_robot_factory
[07:11:06] planet 40: queue busy, throttled building_robot_factory
[2026-05-12 07:11:25] ==== loop 10/∞ | seed=750097226857509259 archetype=balanced personality=minero focus=tech actions_per_loop=3 ====
[07:11:25] planet 40: queue busy, throttled building_robot_factory
[07:11:25] planet 40: queue busy, throttled building_robot_factory
[07:11:25] planet 40: queue busy, throttled building_robot_factory
[07:11:25] research: blocked research_energy_technology (building_laboratory 0/1)
[2026-05-12 07:11:45] ==== loop 11/∞ | seed=750097226857509259 archetype=balanced personality=minero focus=tech actions_per_loop=3 ====
[07:11:45] planet 40: queue busy, throttled building_robot_factory
[07:11:45] planet 40: queue busy, throttled building_robot_factory
[07:11:45] planet 40: queue busy, throttled building_robot_factory
[2026-05-12 07:12:05] ==== loop 12/∞ | seed=750097226857509259 archetype=balanced personality=minero focus=tech actions_per_loop=3 ====
[07:12:05] planet 40: queue busy, throttled building_robot_factory
[07:12:05] planet 40: queue busy, throttled building_robot_factory
[07:12:05] planet 40: queue busy, throttled building_robot_factory
[07:12:05] research: blocked research_energy_technology (building_laboratory 0/1)
[2026-05-12 07:12:27] ==== loop 13/∞ | seed=750097226857509259 archetype=balanced personality=minero focus=tech actions_per_loop=3 ====
[07:12:27] planet 40: queue busy, throttled building_robot_factory
[07:12:27] planet 40: queue busy, throttled building_robot_factory
[07:12:27] research: blocked research_energy_technology (building_laboratory 0/1)
[2026-05-12 07:12:49] ==== loop 14/∞ | seed=750097226857509259 archetype=balanced personality=minero focus=tech actions_per_loop=3 ====
[07:12:49] planet 40: queue busy, throttled building_robot_factory
[07:12:49] planet 40: queue busy, throttled building_robot_factory
[07:12:49] research: blocked research_energy_technology (building_laboratory 0/1)
[2026-05-12 07:13:12] ==== loop 15/∞ | seed=750097226857509259 archetype=balanced personality=minero focus=tech actions_per_loop=3 ====
[07:13:12] planet 40: queue busy, throttled building_robot_factory
[07:13:12] planet 40: queue busy, throttled building_robot_factory
[07:13:12] planet 40: queue busy, throttled building_robot_factory
[07:13:12] research: blocked research_energy_technology (building_laboratory 0/1)
[2026-05-12 07:13:34] ==== loop 16/∞ | seed=750097226857509259 archetype=balanced personality=minero focus=tech actions_per_loop=3 ====
[07:13:34] planet 40: queue busy, throttled building_robot_factory
[07:13:34] planet 40: queue busy, throttled building_robot_factory
[07:13:34] planet 40: queue busy, throttled building_robot_factory
[2026-05-12 07:13:58] ==== loop 17/∞ | seed=750097226857509259 archetype=balanced personality=minero focus=tech actions_per_loop=3 ====
[07:13:58] planet 40: queue busy, throttled building_robot_factory
[07:13:58] planet 40: queue busy, throttled building_robot_factory
[07:13:58] planet 40: queue busy, throttled building_robot_factory
[07:13:58] research: blocked research_energy_technology (building_laboratory 0/1)
[2026-05-12 07:14:19] ==== loop 18/∞ | seed=750097226857509259 archetype=balanced personality=minero focus=tech actions_per_loop=3 ====
[07:14:19] planet 40: queue busy, throttled building_robot_factory
[07:14:19] planet 40: queue busy, throttled building_robot_factory
[07:14:19] planet 40: queue busy, throttled building_robot_factory
[07:14:19] research: blocked research_energy_technology (building_laboratory 0/1)
[2026-05-12 07:14:39] ==== loop 19/∞ | seed=750097226857509259 archetype=balanced personality=minero focus=tech actions_per_loop=3 ====
[07:14:39] planet 40: queue busy, throttled building_robot_factory
[07:14:39] planet 40: queue busy, throttled building_robot_factory
[07:14:39] planet 40: queue busy, throttled building_robot_factory
[07:14:39] research: blocked research_energy_technology (building_laboratory 0/1)
[2026-05-12 07:14:58] ==== loop 20/∞ | seed=750097226857509259 archetype=balanced personality=minero focus=tech actions_per_loop=3 ====
[07:14:58] planet 40: queue busy, throttled building_robot_factory
[07:14:58] planet 40: queue busy, throttled building_robot_factory
[07:14:58] planet 40: queue busy, throttled building_robot_factory
[07:14:58] research: blocked research_energy_technology (building_laboratory 0/1)
[2026-05-12 07:15:20] ==== loop 21/∞ | seed=750097226857509259 archetype=balanced personality=minero focus=tech actions_per_loop=3 ====
[07:15:20] planet 40: queue busy, throttled building_robot_factory
[07:15:20] planet 40: queue busy, throttled building_robot_factory
[07:15:20] planet 40: queue busy, throttled building_robot_factory
[2026-05-12 07:15:38] ==== loop 22/∞ | seed=750097226857509259 archetype=balanced personality=minero focus=tech actions_per_loop=3 ====
[07:15:38] planet 40: queue busy, throttled building_robot_factory
[07:15:38] planet 40: queue busy, throttled building_robot_factory
[2026-05-12 07:15:54] ==== loop 23/∞ | seed=750097226857509259 archetype=balanced personality=minero focus=tech actions_per_loop=3 ====
[07:15:54] planet 40: queue busy, throttled building_robot_factory
[07:15:54] planet 40: queue busy, throttled building_robot_factory
[07:15:54] research: blocked research_energy_technology (building_laboratory 0/1)
[2026-05-12 07:16:11] ==== loop 24/∞ | seed=750097226857509259 archetype=balanced personality=minero focus=tech actions_per_loop=3 ====
[07:16:11] planet 40: queue busy, throttled building_robot_factory
[07:16:11] planet 40: queue busy, throttled building_robot_factory
[07:16:11] planet 40: queue busy, throttled building_robot_factory
[07:16:11] research: blocked research_energy_technology (building_laboratory 0/1)
[2026-05-12 07:16:31] ==== loop 25/∞ | seed=750097226857509259 archetype=balanced personality=minero focus=tech actions_per_loop=3 ====
[07:16:31] planet 40: queue busy, throttled building_robot_factory
[07:16:31] planet 40: queue busy, throttled building_robot_factory
[07:16:31] planet 40: queue busy, throttled building_robot_factory
[07:16:31] research: blocked research_energy_technology (building_laboratory 0/1)
[2026-05-12 07:16:54] ==== loop 26/∞ | seed=750097226857509259 archetype=balanced personality=minero focus=tech actions_per_loop=3 ====
[07:16:54] planet 40: queue busy, throttled building_robot_factory
[07:16:54] planet 40: queue busy, throttled building_robot_factory
[07:16:54] planet 40: queue busy, throttled building_robot_factory
[07:16:54] research: blocked research_energy_technology (building_laboratory 0/1)
[2026-05-12 07:17:12] ==== loop 27/∞ | seed=750097226857509259 archetype=balanced personality=minero focus=tech actions_per_loop=3 ====
[07:17:12] planet 40: queue busy, throttled building_robot_factory
[07:17:12] planet 40: queue busy, throttled building_robot_factory
[07:17:12] planet 40: queue busy, throttled building_robot_factory
[2026-05-12 07:17:30] ==== loop 28/∞ | seed=750097226857509259 archetype=balanced personality=minero focus=tech actions_per_loop=3 ====
[07:17:30] planet 40: queue busy, throttled building_robot_factory
[07:17:30] planet 40: queue busy, throttled building_robot_factory
[2026-05-12 07:17:51] ==== loop 29/∞ | seed=750097226857509259 archetype=balanced personality=minero focus=tech actions_per_loop=3 ====
[07:17:51] planet 40: queue busy, throttled building_robot_factory
[07:17:51] planet 40: queue busy, throttled building_robot_factory
[07:17:51] planet 40: queue busy, throttled building_robot_factory
[2026-05-12 07:18:11] ==== loop 30/∞ | seed=750097226857509259 archetype=balanced personality=minero focus=tech actions_per_loop=3 ====
[07:18:11] planet 40: queue busy, throttled building_robot_factory
[07:18:11] planet 40: queue busy, throttled building_robot_factory
[07:18:11] planet 40: queue busy, throttled building_robot_factory
[07:18:11] research: blocked research_energy_technology (building_laboratory 0/1)
[2026-05-12 07:18:30] ==== loop 31/∞ | seed=750097226857509259 archetype=balanced personality=minero focus=tech actions_per_loop=3 ====
[07:18:30] planet 40: queue busy, throttled building_robot_factory
[07:18:30] planet 40: queue busy, throttled building_robot_factory
[07:18:30] planet 40: queue busy, throttled building_robot_factory
[07:18:30] research: blocked research_energy_technology (building_laboratory 0/1)
[2026-05-12 07:18:47] ==== loop 32/∞ | seed=750097226857509259 archetype=balanced personality=minero focus=tech actions_per_loop=3 ====
[07:18:47] planet 40: queue busy, throttled building_robot_factory
[07:18:47] planet 40: queue busy, throttled building_robot_factory
[07:18:47] planet 40: queue busy, throttled building_robot_factory
[2026-05-12 07:19:06] ==== loop 33/∞ | seed=750097226857509259 archetype=balanced personality=minero focus=tech actions_per_loop=3 ====
[07:19:06] planet 40: queue busy, throttled building_robot_factory
[07:19:06] planet 40: queue busy, throttled building_robot_factory
[07:19:06] planet 40: queue busy, throttled building_robot_factory
[07:19:06] research: blocked research_energy_technology (building_laboratory 0/1)
[2026-05-12 07:19:25] ==== loop 34/∞ | seed=750097226857509259 archetype=balanced personality=minero focus=tech actions_per_loop=3 ====
[07:19:25] planet 40: queue busy, throttled building_robot_factory
[07:19:25] planet 40: queue busy, throttled building_robot_factory
[07:19:25] planet 40: queue busy, throttled building_robot_factory
[2026-05-12 07:19:47] ==== loop 35/∞ | seed=750097226857509259 archetype=balanced personality=minero focus=tech actions_per_loop=3 ====
[07:19:47] planet 40: queue busy, throttled building_robot_factory
[07:19:47] planet 40: queue busy, throttled building_robot_factory
[2026-05-12 07:20:11] ==== loop 36/∞ | seed=750097226857509259 archetype=balanced personality=minero focus=tech actions_per_loop=3 ====
[07:20:11] planet 40: queue busy, throttled building_robot_factory
[07:20:11] planet 40: queue busy, throttled building_robot_factory
[07:20:11] planet 40: queue busy, throttled building_robot_factory
[07:20:11] research: blocked research_energy_technology (building_laboratory 0/1)
[2026-05-12 07:20:30] ==== loop 37/∞ | seed=750097226857509259 archetype=balanced personality=minero focus=tech actions_per_loop=3 ====
[07:20:30] planet 40: queue busy, throttled building_robot_factory
[07:20:30] planet 40: queue busy, throttled building_robot_factory
[07:20:30] planet 40: queue busy, throttled building_robot_factory
[2026-05-12 07:20:51] ==== loop 38/∞ | seed=750097226857509259 archetype=balanced personality=minero focus=tech actions_per_loop=3 ====
[07:20:51] planet 40: queue busy, throttled building_robot_factory
[07:20:51] planet 40: queue busy, throttled building_robot_factory
[07:20:51] research: blocked research_energy_technology (building_laboratory 0/1)
[2026-05-12 07:21:09] ==== loop 39/∞ | seed=750097226857509259 archetype=balanced personality=minero focus=tech actions_per_loop=3 ====
[07:21:09] planet 40: queue busy, throttled building_robot_factory
[07:21:09] planet 40: queue busy, throttled building_robot_factory
[07:21:09] planet 40: queue busy, throttled building_robot_factory
[07:21:09] research: blocked research_energy_technology (building_laboratory 0/1)
[2026-05-12 07:21:27] ==== loop 40/∞ | seed=750097226857509259 archetype=balanced personality=minero focus=tech actions_per_loop=3 ====
[07:21:27] planet 40: queue busy, throttled building_robot_factory
[07:21:27] planet 40: queue busy, throttled building_robot_factory
[07:21:27] planet 40: queue busy, throttled building_robot_factory
[07:21:27] research: blocked research_energy_technology (building_laboratory 0/1)
[2026-05-12 07:21:46] ==== loop 41/∞ | seed=750097226857509259 archetype=balanced personality=minero focus=tech actions_per_loop=3 ====
[07:21:46] planet 40: queue busy, throttled building_robot_factory
[07:21:46] planet 40: queue busy, throttled building_robot_factory
[07:21:46] planet 40: queue busy, throttled building_robot_factory
[07:21:46] research: blocked research_energy_technology (building_laboratory 0/1)
[2026-05-12 07:22:07] ==== loop 42/∞ | seed=750097226857509259 archetype=balanced personality=minero focus=tech actions_per_loop=3 ====
[07:22:07] planet 40: queue busy, throttled building_robot_factory
[07:22:07] planet 40: queue busy, throttled building_robot_factory
[07:22:07] planet 40: queue busy, throttled building_robot_factory
[07:22:07] research: blocked research_energy_technology (building_laboratory 0/1)
[2026-05-12 07:22:28] ==== loop 43/∞ | seed=750097226857509259 archetype=balanced personality=minero focus=tech actions_per_loop=3 ====
[07:22:28] planet 40: queue busy, throttled building_robot_factory
[07:22:28] planet 40: queue busy, throttled building_robot_factory
[07:22:28] planet 40: queue busy, throttled building_robot_factory
[07:22:28] research: blocked research_energy_technology (building_laboratory 0/1)
[2026-05-12 07:22:46] ==== loop 44/∞ | seed=750097226857509259 archetype=balanced personality=minero focus=tech actions_per_loop=3 ====
[07:22:46] planet 40: queue busy, throttled building_robot_factory
[07:22:46] planet 40: queue busy, throttled building_robot_factory
[07:22:46] planet 40: queue busy, throttled building_robot_factory
[07:22:46] research: blocked research_energy_technology (building_laboratory 0/1)
[2026-05-12 07:23:05] ==== loop 45/∞ | seed=750097226857509259 archetype=balanced personality=minero focus=tech actions_per_loop=3 ====
[07:23:05] planet 40: queue busy, throttled building_robot_factory
[07:23:05] planet 40: queue busy, throttled building_robot_factory
[07:23:05] planet 40: queue busy, throttled building_robot_factory
[2026-05-12 07:23:24] ==== loop 46/∞ | seed=750097226857509259 archetype=balanced personality=minero focus=tech actions_per_loop=3 ====
[07:23:24] planet 40: queue busy, throttled building_robot_factory
[07:23:24] planet 40: queue busy, throttled building_robot_factory
[07:23:24] planet 40: queue busy, throttled building_robot_factory
[07:23:24] research: blocked research_energy_technology (building_laboratory 0/1)
[2026-05-12 07:23:42] ==== loop 47/∞ | seed=750097226857509259 archetype=balanced personality=minero focus=tech actions_per_loop=3 ====
[07:23:42] planet 40: queue busy, throttled building_robot_factory
[07:23:42] planet 40: queue busy, throttled building_robot_factory
[07:23:42] planet 40: queue busy, throttled building_robot_factory
[07:23:42] research: blocked research_energy_technology (building_laboratory 0/1)
[2026-05-12 07:24:04] ==== loop 48/∞ | seed=750097226857509259 archetype=balanced personality=minero focus=tech actions_per_loop=3 ====
[07:24:04] planet 40: queue busy, throttled building_robot_factory
[07:24:04] planet 40: queue busy, throttled building_robot_factory
[07:24:04] planet 40: queue busy, throttled building_robot_factory
[2026-05-12 07:24:27] ==== loop 49/∞ | seed=750097226857509259 archetype=balanced personality=minero focus=tech actions_per_loop=3 ====
[07:24:27] planet 40: queue busy, throttled building_robot_factory
[07:24:27] planet 40: queue busy, throttled building_robot_factory
[2026-05-12 07:24:48] ==== loop 50/∞ | seed=750097226857509259 archetype=balanced personality=minero focus=tech actions_per_loop=3 ====
[07:24:48] planet 40: queue busy, throttled building_robot_factory
[07:24:48] planet 40: queue busy, throttled building_robot_factory
[07:24:48] planet 40: queue busy, throttled building_robot_factory
[07:24:48] research: blocked research_energy_technology (building_laboratory 0/1)
[2026-05-12 07:25:11] ==== loop 51/∞ | seed=750097226857509259 archetype=balanced personality=minero focus=tech actions_per_loop=3 ====
[07:25:11] planet 40: queue busy, throttled building_robot_factory
[07:25:11] planet 40: queue busy, throttled building_robot_factory
[07:25:11] planet 40: queue busy, throttled building_robot_factory
[2026-05-12 07:25:35] ==== loop 52/∞ | seed=750097226857509259 archetype=balanced personality=minero focus=tech actions_per_loop=3 ====
[07:25:35] planet 40: queue busy, throttled building_robot_factory
[07:25:35] planet 40: queue busy, throttled building_robot_factory
[07:25:35] planet 40: queue busy, throttled building_robot_factory
[2026-05-12 07:25:58] ==== loop 53/∞ | seed=750097226857509259 archetype=balanced personality=minero focus=tech actions_per_loop=3 ====
[07:25:58] planet 40: queue busy, throttled building_robot_factory
[07:25:58] planet 40: queue busy, throttled building_robot_factory
[07:25:58] planet 40: queue busy, throttled building_robot_factory
[07:25:58] research: blocked research_energy_technology (building_laboratory 0/1)
[2026-05-12 07:26:19] ==== loop 54/∞ | seed=750097226857509259 archetype=balanced personality=minero focus=tech actions_per_loop=3 ====
[07:26:19] planet 40: queue busy, throttled building_robot_factory
[07:26:19] planet 40: queue busy, throttled building_robot_factory
[07:26:19] planet 40: queue busy, throttled building_robot_factory
[07:26:19] research: blocked research_energy_technology (building_laboratory 0/1)
[2026-05-12 07:26:42] ==== loop 55/∞ | seed=750097226857509259 archetype=balanced personality=minero focus=tech actions_per_loop=3 ====
[07:26:42] planet 40: queue busy, throttled building_robot_factory
[07:26:42] planet 40: queue busy, throttled building_robot_factory
[07:26:42] planet 40: queue busy, throttled building_robot_factory
[2026-05-12 07:27:04] ==== loop 56/∞ | seed=750097226857509259 archetype=balanced personality=minero focus=tech actions_per_loop=3 ====
[07:27:04] planet 40: queue busy, throttled building_robot_factory
[07:27:04] planet 40: queue busy, throttled building_robot_factory
[2026-05-12 07:27:19] ==== loop 57/∞ | seed=750097226857509259 archetype=balanced personality=minero focus=tech actions_per_loop=3 ====
[07:27:19] planet 40: queue busy, throttled building_robot_factory
[07:27:19] planet 40: queue busy, throttled building_robot_factory
[07:27:19] planet 40: queue busy, throttled building_robot_factory
[07:27:19] research: blocked research_energy_technology (building_laboratory 0/1)
[2026-05-12 07:27:40] ==== loop 58/∞ | seed=750097226857509259 archetype=balanced personality=minero focus=tech actions_per_loop=3 ====
[07:27:40] planet 40: queue busy, throttled building_robot_factory
[07:27:40] planet 40: queue busy, throttled building_robot_factory
[07:27:40] research: blocked research_energy_technology (building_laboratory 0/1)
[2026-05-12 07:27:58] ==== loop 59/∞ | seed=750097226857509259 archetype=balanced personality=minero focus=tech actions_per_loop=3 ====
[07:27:58] planet 40: queue busy, throttled building_robot_factory
[07:27:58] planet 40: queue busy, throttled building_robot_factory
[07:27:58] planet 40: queue busy, throttled building_robot_factory
[2026-05-12 07:28:20] ==== loop 60/∞ | seed=750097226857509259 archetype=balanced personality=minero focus=tech actions_per_loop=3 ====
[07:28:20] planet 40: queue busy, throttled building_robot_factory
[07:28:20] planet 40: queue busy, throttled building_robot_factory
[07:28:20] planet 40: queue busy, throttled building_robot_factory
[2026-05-12 07:28:44] ==== loop 61/∞ | seed=750097226857509259 archetype=balanced personality=minero focus=tech actions_per_loop=3 ====
[07:28:44] planet 40: queue busy, throttled building_robot_factory
[07:28:44] planet 40: queue busy, throttled building_robot_factory
[07:28:44] planet 40: queue busy, throttled building_robot_factory
[07:28:44] research: blocked research_energy_technology (building_laboratory 0/1)
[2026-05-12 07:29:02] ==== loop 62/∞ | seed=750097226857509259 archetype=balanced personality=minero focus=tech actions_per_loop=3 ====
[07:29:02] planet 40: queue busy, throttled building_robot_factory
[07:29:02] planet 40: queue busy, throttled building_robot_factory
[07:29:02] planet 40: queue busy, throttled building_robot_factory
[07:29:02] research: blocked research_energy_technology (building_laboratory 0/1)
[2026-05-12 07:29:23] ==== loop 63/∞ | seed=750097226857509259 archetype=balanced personality=minero focus=tech actions_per_loop=3 ====
[07:29:23] planet 40: queue busy, throttled building_robot_factory
[07:29:23] planet 40: queue busy, throttled building_robot_factory
[07:29:23] planet 40: queue busy, throttled building_robot_factory
[2026-05-12 07:29:45] ==== loop 64/∞ | seed=750097226857509259 archetype=balanced personality=minero focus=tech actions_per_loop=3 ====
[07:29:45] planet 40: queue busy, throttled building_robot_factory
[07:29:45] planet 40: queue busy, throttled building_robot_factory
[07:29:45] planet 40: queue busy, throttled building_robot_factory
[07:29:45] research: blocked research_energy_technology (building_laboratory 0/1)
[2026-05-12 07:30:09] ==== loop 65/∞ | seed=750097226857509259 archetype=balanced personality=minero focus=tech actions_per_loop=3 ====
[07:30:09] planet 40: queue busy, throttled building_robot_factory
[07:30:09] planet 40: queue busy, throttled building_robot_factory
[07:30:09] planet 40: queue busy, throttled building_robot_factory
[07:30:09] research: blocked research_energy_technology (building_laboratory 0/1)
[2026-05-12 07:30:30] ==== loop 66/∞ | seed=750097226857509259 archetype=balanced personality=minero focus=tech actions_per_loop=3 ====
[07:30:30] planet 40: queue busy, throttled building_robot_factory
[07:30:30] planet 40: queue busy, throttled building_robot_factory
[07:30:30] planet 40: queue busy, throttled building_robot_factory
[07:30:30] research: blocked research_energy_technology (building_laboratory 0/1)
[2026-05-12 07:30:52] ==== loop 67/∞ | seed=750097226857509259 archetype=balanced personality=minero focus=tech actions_per_loop=3 ====
[07:30:52] planet 40: queue busy, throttled building_robot_factory
[07:30:52] planet 40: queue busy, throttled building_robot_factory
[07:30:52] planet 40: queue busy, throttled building_robot_factory
[07:30:52] research: blocked research_energy_technology (building_laboratory 0/1)
[2026-05-12 07:31:14] ==== loop 68/∞ | seed=750097226857509259 archetype=balanced personality=minero focus=tech actions_per_loop=3 ====
[07:31:14] planet 40: queue busy, throttled building_robot_factory
[07:31:14] planet 40: queue busy, throttled building_robot_factory
[07:31:14] planet 40: queue busy, throttled building_robot_factory
[07:31:14] research: blocked research_energy_technology (building_laboratory 0/1)
[2026-05-12 07:31:35] ==== loop 69/∞ | seed=750097226857509259 archetype=balanced personality=minero focus=tech actions_per_loop=3 ====
[07:31:35] planet 40: queue busy, throttled building_robot_factory
[07:31:35] planet 40: queue busy, throttled building_robot_factory
[07:31:35] planet 40: queue busy, throttled building_robot_factory
[2026-05-12 07:31:53] ==== loop 70/∞ | seed=750097226857509259 archetype=balanced personality=minero focus=tech actions_per_loop=3 ====
[07:31:53] planet 40: queue busy, throttled building_robot_factory
[07:31:53] planet 40: queue busy, throttled building_robot_factory
[07:31:53] planet 40: queue busy, throttled building_robot_factory
[2026-05-12 07:32:16] ==== loop 71/∞ | seed=750097226857509259 archetype=balanced personality=minero focus=tech actions_per_loop=3 ====
[07:32:16] planet 40: queue busy, throttled building_robot_factory
[07:32:16] planet 40: queue busy, throttled building_robot_factory
[07:32:16] planet 40: queue busy, throttled building_robot_factory
[2026-05-12 07:32:37] ==== loop 72/∞ | seed=750097226857509259 archetype=balanced personality=minero focus=tech actions_per_loop=3 ====
[07:32:37] planet 40: queue busy, throttled building_robot_factory
[07:32:37] planet 40: queue busy, throttled building_robot_factory
[07:32:37] planet 40: queue busy, throttled building_robot_factory
[07:32:37] research: blocked research_energy_technology (building_laboratory 0/1)
[2026-05-12 07:32:56] ==== loop 73/∞ | seed=750097226857509259 archetype=balanced personality=minero focus=tech actions_per_loop=3 ====
[07:32:56] planet 40: queue busy, throttled building_robot_factory
[07:32:56] planet 40: queue busy, throttled building_robot_factory
[07:32:56] planet 40: queue busy, throttled building_robot_factory
[07:32:56] research: blocked research_energy_technology (building_laboratory 0/1)
[2026-05-12 07:33:18] ==== loop 74/∞ | seed=750097226857509259 archetype=balanced personality=minero focus=tech actions_per_loop=3 ====
[07:33:18] planet 40: queue busy, throttled building_robot_factory
[07:33:18] planet 40: queue busy, throttled building_robot_factory
[07:33:18] planet 40: queue busy, throttled building_robot_factory
[2026-05-12 07:33:43] ==== loop 75/∞ | seed=750097226857509259 archetype=balanced personality=minero focus=tech actions_per_loop=3 ====
[07:33:43] planet 40: queue busy, throttled building_robot_factory
[07:33:43] planet 40: queue busy, throttled building_robot_factory
[2026-05-12 07:34:03] ==== loop 76/∞ | seed=750097226857509259 archetype=balanced personality=minero focus=tech actions_per_loop=3 ====
[07:34:03] planet 40: queue busy, throttled building_robot_factory
[07:34:03] planet 40: queue busy, throttled building_robot_factory
[07:34:03] planet 40: queue busy, throttled building_robot_factory
[07:34:03] research: blocked research_energy_technology (building_laboratory 0/1)
[2026-05-12 07:34:22] ==== loop 77/∞ | seed=750097226857509259 archetype=balanced personality=minero focus=tech actions_per_loop=3 ====
[07:34:22] planet 40: queue busy, throttled building_robot_factory
[07:34:22] planet 40: queue busy, throttled building_robot_factory
[07:34:22] planet 40: queue busy, throttled building_robot_factory
[07:34:22] research: blocked research_energy_technology (building_laboratory 0/1)
[2026-05-12 07:34:42] ==== loop 78/∞ | seed=750097226857509259 archetype=balanced personality=minero focus=tech actions_per_loop=3 ====
[07:34:42] planet 40: queue busy, throttled building_robot_factory
[07:34:42] planet 40: queue busy, throttled building_robot_factory
[07:34:42] planet 40: queue busy, throttled building_robot_factory
[2026-05-12 07:35:01] ==== loop 79/∞ | seed=750097226857509259 archetype=balanced personality=minero focus=tech actions_per_loop=3 ====
[07:35:01] planet 40: queue busy, throttled building_robot_factory
[07:35:01] planet 40: queue busy, throttled building_robot_factory
[07:35:01] planet 40: queue busy, throttled building_robot_factory
[2026-05-12 07:35:23] ==== loop 80/∞ | seed=750097226857509259 archetype=balanced personality=minero focus=tech actions_per_loop=3 ====
[07:35:23] planet 40: queue busy, throttled building_robot_factory
[07:35:23] planet 40: queue busy, throttled building_robot_factory
[07:35:23] planet 40: queue busy, throttled building_robot_factory
[2026-05-12 07:35:44] ==== loop 81/∞ | seed=750097226857509259 archetype=balanced personality=minero focus=tech actions_per_loop=3 ====
[07:35:44] planet 40: queue busy, throttled building_robot_factory
[07:35:44] planet 40: queue busy, throttled building_robot_factory
[07:35:44] planet 40: queue busy, throttled building_robot_factory
[07:35:44] research: blocked research_energy_technology (building_laboratory 0/1)
[2026-05-12 07:36:05] ==== loop 82/∞ | seed=750097226857509259 archetype=balanced personality=minero focus=tech actions_per_loop=3 ====
[07:36:05] planet 40: queue busy, throttled building_robot_factory
[07:36:05] planet 40: queue busy, throttled building_robot_factory
[07:36:05] planet 40: queue busy, throttled building_robot_factory
[2026-05-12 07:36:28] ==== loop 83/∞ | seed=750097226857509259 archetype=balanced personality=minero focus=tech actions_per_loop=3 ====
[07:36:28] planet 40: queue busy, throttled building_robot_factory
[07:36:28] planet 40: queue busy, throttled building_robot_factory
[07:36:28] research: blocked research_energy_technology (building_laboratory 0/1)
[2026-05-12 07:36:50] ==== loop 84/∞ | seed=750097226857509259 archetype=balanced personality=minero focus=tech actions_per_loop=3 ====
[07:36:50] planet 40: queue busy, throttled building_robot_factory
[07:36:50] planet 40: queue busy, throttled building_robot_factory
[07:36:50] research: blocked research_energy_technology (building_laboratory 0/1)
[2026-05-12 07:37:12] ==== loop 85/∞ | seed=750097226857509259 archetype=balanced personality=minero focus=tech actions_per_loop=3 ====
[07:37:12] planet 40: queue busy, throttled building_robot_factory
[07:37:12] planet 40: queue busy, throttled building_robot_factory
[07:37:12] research: blocked research_energy_technology (building_laboratory 0/1)
[2026-05-12 07:37:33] ==== loop 86/∞ | seed=750097226857509259 archetype=balanced personality=minero focus=tech actions_per_loop=3 ====
[07:37:33] planet 40: queue busy, throttled building_robot_factory
[07:37:33] planet 40: queue busy, throttled building_robot_factory
[07:37:33] planet 40: queue busy, throttled building_robot_factory
[07:37:33] research: blocked research_energy_technology (building_laboratory 0/1)
[2026-05-12 07:37:54] ==== loop 87/∞ | seed=750097226857509259 archetype=balanced personality=minero focus=tech actions_per_loop=3 ====
[07:37:54] planet 40: queue busy, throttled building_robot_factory
[07:37:54] planet 40: queue busy, throttled building_robot_factory
[07:37:54] planet 40: queue busy, throttled building_robot_factory
[07:37:54] research: blocked research_energy_technology (building_laboratory 0/1)
[2026-05-12 07:38:17] ==== loop 88/∞ | seed=750097226857509259 archetype=balanced personality=minero focus=tech actions_per_loop=3 ====
[07:38:17] planet 40: queue busy, throttled building_robot_factory
[07:38:17] planet 40: queue busy, throttled building_robot_factory
[07:38:17] research: blocked research_energy_technology (building_laboratory 0/1)
[2026-05-12 07:38:39] ==== loop 89/∞ | seed=750097226857509259 archetype=balanced personality=minero focus=tech actions_per_loop=3 ====
[07:38:39] planet 40: queue busy, throttled building_robot_factory
[07:38:39] planet 40: queue busy, throttled building_robot_factory
[07:38:39] planet 40: queue busy, throttled building_robot_factory
[2026-05-12 07:39:01] ==== loop 90/∞ | seed=750097226857509259 archetype=balanced personality=minero focus=tech actions_per_loop=3 ====
[07:39:01] planet 40: queue busy, throttled building_robot_factory
[07:39:01] planet 40: queue busy, throttled building_robot_factory
[07:39:01] planet 40: queue busy, throttled building_robot_factory
[2026-05-12 07:39:19] ==== loop 91/∞ | seed=750097226857509259 archetype=balanced personality=minero focus=tech actions_per_loop=3 ====
[07:39:19] planet 40: queue busy, throttled building_robot_factory
[07:39:19] planet 40: queue busy, throttled building_robot_factory
[2026-05-12 07:39:36] ==== loop 92/∞ | seed=750097226857509259 archetype=balanced personality=minero focus=tech actions_per_loop=3 ====
[07:39:36] planet 40: queue busy, throttled building_robot_factory
[07:39:36] planet 40: queue busy, throttled building_robot_factory
[2026-05-12 07:39:56] ==== loop 93/∞ | seed=750097226857509259 archetype=balanced personality=minero focus=tech actions_per_loop=3 ====
[07:39:56] planet 40: queue busy, throttled building_robot_factory
[07:39:56] planet 40: queue busy, throttled building_robot_factory
[07:39:56] planet 40: queue busy, throttled building_robot_factory
[07:39:56] research: blocked research_energy_technology (building_laboratory 0/1)
[2026-05-12 07:40:16] ==== loop 94/∞ | seed=750097226857509259 archetype=balanced personality=minero focus=tech actions_per_loop=3 ====
[07:40:16] planet 40: queue busy, throttled building_robot_factory
[07:40:16] planet 40: queue busy, throttled building_robot_factory
[07:40:16] planet 40: queue busy, throttled building_robot_factory
[07:40:16] research: blocked research_energy_technology (building_laboratory 0/1)
[2026-05-12 07:40:34] ==== loop 95/∞ | seed=750097226857509259 archetype=balanced personality=minero focus=tech actions_per_loop=3 ====
[07:40:34] planet 40: queue busy, throttled building_robot_factory
[07:40:34] planet 40: queue busy, throttled building_robot_factory
[07:40:34] planet 40: queue busy, throttled building_robot_factory
[2026-05-12 07:40:53] ==== loop 96/∞ | seed=750097226857509259 archetype=balanced personality=minero focus=tech actions_per_loop=3 ====
[07:40:53] planet 40: queue busy, throttled building_robot_factory
[07:40:53] planet 40: queue busy, throttled building_robot_factory
[07:40:53] planet 40: queue busy, throttled building_robot_factory
[07:40:53] research: blocked research_energy_technology (building_laboratory 0/1)
[2026-05-12 07:41:13] ==== loop 97/∞ | seed=750097226857509259 archetype=balanced personality=minero focus=tech actions_per_loop=3 ====
[07:41:13] planet 40: queue busy, throttled building_robot_factory
[07:41:13] planet 40: queue busy, throttled building_robot_factory
[07:41:13] planet 40: queue busy, throttled building_robot_factory
[07:41:13] research: blocked research_energy_technology (building_laboratory 0/1)
[2026-05-12 07:41:32] ==== loop 98/∞ | seed=750097226857509259 archetype=balanced personality=minero focus=tech actions_per_loop=3 ====
[07:41:32] planet 40: queue busy, throttled building_robot_factory
[07:41:32] planet 40: queue busy, throttled building_robot_factory
[07:41:32] planet 40: queue busy, throttled building_robot_factory
[07:41:32] research: blocked research_energy_technology (building_laboratory 0/1)
[2026-05-12 07:41:54] ==== loop 99/∞ | seed=750097226857509259 archetype=balanced personality=minero focus=tech actions_per_loop=3 ====
[07:41:54] planet 40: queue busy, throttled building_robot_factory
[07:41:54] planet 40: queue busy, throttled building_robot_factory
[07:41:54] planet 40: queue busy, throttled building_robot_factory
[2026-05-12 07:42:14] ==== loop 100/∞ | seed=750097226857509259 archetype=balanced personality=minero focus=tech actions_per_loop=3 ====
[07:42:15] planet 40: queue busy, throttled building_robot_factory
[07:42:15] planet 40: queue busy, throttled building_robot_factory
[2026-05-12 07:42:37] ==== loop 101/∞ | seed=750097226857509259 archetype=balanced personality=minero focus=tech actions_per_loop=3 ====
[07:42:37] planet 40: queue busy, throttled building_robot_factory
[07:42:37] planet 40: queue busy, throttled building_robot_factory
[07:42:37] planet 40: queue busy, throttled building_robot_factory
[07:42:37] research: blocked research_energy_technology (building_laboratory 0/1)
[2026-05-12 07:42:59] ==== loop 102/∞ | seed=750097226857509259 archetype=balanced personality=minero focus=tech actions_per_loop=3 ====
[07:42:59] planet 40: queue busy, throttled building_robot_factory
[07:42:59] planet 40: queue busy, throttled building_robot_factory
[07:42:59] planet 40: queue busy, throttled building_robot_factory
[07:42:59] research: blocked research_energy_technology (building_laboratory 0/1)
[2026-05-12 07:43:20] ==== loop 103/∞ | seed=750097226857509259 archetype=balanced personality=minero focus=tech actions_per_loop=3 ====
[07:43:20] planet 40: queue busy, throttled building_robot_factory
[07:43:20] planet 40: queue busy, throttled building_robot_factory
[07:43:20] planet 40: queue busy, throttled building_robot_factory
[07:43:20] research: blocked research_energy_technology (building_laboratory 0/1)
[2026-05-12 07:43:42] ==== loop 104/∞ | seed=750097226857509259 archetype=balanced personality=minero focus=tech actions_per_loop=3 ====
[07:43:42] planet 40: queue busy, throttled building_robot_factory
[07:43:42] planet 40: queue busy, throttled building_robot_factory
[07:43:42] research: blocked research_energy_technology (building_laboratory 0/1)
[2026-05-12 07:44:04] ==== loop 105/∞ | seed=750097226857509259 archetype=balanced personality=minero focus=tech actions_per_loop=3 ====
[07:44:04] planet 40: queue busy, throttled building_robot_factory
[07:44:04] planet 40: queue busy, throttled building_robot_factory
[07:44:04] planet 40: queue busy, throttled building_robot_factory
[2026-05-12 07:44:27] ==== loop 106/∞ | seed=750097226857509259 archetype=balanced personality=minero focus=tech actions_per_loop=3 ====
[07:44:27] planet 40: queue busy, throttled building_robot_factory
[07:44:27] planet 40: queue busy, throttled building_robot_factory
[07:44:27] planet 40: queue busy, throttled building_robot_factory
[2026-05-12 07:44:51] ==== loop 107/∞ | seed=750097226857509259 archetype=balanced personality=minero focus=tech actions_per_loop=3 ====
[07:44:51] planet 40: queue busy, throttled building_robot_factory
[07:44:51] planet 40: queue busy, throttled building_robot_factory
[07:44:51] planet 40: queue busy, throttled building_robot_factory
[2026-05-12 07:45:12] ==== loop 108/∞ | seed=750097226857509259 archetype=balanced personality=minero focus=tech actions_per_loop=3 ====
[07:45:12] planet 40: queue busy, throttled building_robot_factory
[07:45:12] planet 40: queue busy, throttled building_robot_factory
[07:45:12] planet 40: queue busy, throttled building_robot_factory
[2026-05-12 07:45:33] ==== loop 109/∞ | seed=750097226857509259 archetype=balanced personality=minero focus=tech actions_per_loop=3 ====
[07:45:33] planet 40: queue busy, throttled building_robot_factory
[07:45:33] planet 40: queue busy, throttled building_robot_factory
[07:45:33] planet 40: queue busy, throttled building_robot_factory
[07:45:33] research: blocked research_energy_technology (building_laboratory 0/1)
[2026-05-12 07:45:54] ==== loop 110/∞ | seed=750097226857509259 archetype=balanced personality=minero focus=tech actions_per_loop=3 ====
[07:45:54] planet 40: queue busy, throttled building_robot_factory
[07:45:54] planet 40: queue busy, throttled building_robot_factory
[07:45:54] planet 40: queue busy, throttled building_robot_factory
[2026-05-12 07:46:13] ==== loop 111/∞ | seed=750097226857509259 archetype=balanced personality=minero focus=tech actions_per_loop=3 ====
[07:46:13] planet 40: queue busy, throttled building_robot_factory
[07:46:13] planet 40: queue busy, throttled building_robot_factory
[07:46:13] planet 40: queue busy, throttled building_robot_factory
[2026-05-12 07:46:36] ==== loop 112/∞ | seed=750097226857509259 archetype=balanced personality=minero focus=tech actions_per_loop=3 ====
[07:46:36] planet 40: queue busy, throttled building_robot_factory
[07:46:36] planet 40: queue busy, throttled building_robot_factory
[07:46:36] planet 40: queue busy, throttled building_robot_factory
[2026-05-12 07:46:56] ==== loop 113/∞ | seed=750097226857509259 archetype=balanced personality=minero focus=tech actions_per_loop=3 ====
[07:46:56] planet 40: queue busy, throttled building_robot_factory
[07:46:56] planet 40: queue busy, throttled building_robot_factory
[07:46:56] planet 40: queue busy, throttled building_robot_factory
[07:46:56] research: blocked research_energy_technology (building_laboratory 0/1)
[2026-05-12 07:47:16] ==== loop 114/∞ | seed=750097226857509259 archetype=balanced personality=minero focus=tech actions_per_loop=3 ====
[07:47:16] planet 40: queue busy, throttled building_robot_factory
[07:47:16] planet 40: queue busy, throttled building_robot_factory
[07:47:16] planet 40: queue busy, throttled building_robot_factory
[2026-05-12 07:47:38] ==== loop 115/∞ | seed=750097226857509259 archetype=balanced personality=minero focus=tech actions_per_loop=3 ====
[07:47:38] planet 40: queue busy, throttled building_robot_factory
[07:47:38] planet 40: queue busy, throttled building_robot_factory
[07:47:38] planet 40: queue busy, throttled building_robot_factory
[2026-05-12 07:47:58] ==== loop 116/∞ | seed=750097226857509259 archetype=balanced personality=minero focus=tech actions_per_loop=3 ====
[07:47:58] planet 40: queue busy, throttled building_robot_factory
[07:47:58] planet 40: queue busy, throttled building_robot_factory
[07:47:58] planet 40: queue busy, throttled building_robot_factory
[2026-05-12 07:48:17] ==== loop 117/∞ | seed=750097226857509259 archetype=balanced personality=minero focus=tech actions_per_loop=3 ====
[07:48:17] planet 40: queue busy, throttled building_robot_factory
[07:48:17] planet 40: queue busy, throttled building_robot_factory
[07:48:17] planet 40: queue busy, throttled building_robot_factory
[2026-05-12 07:48:38] ==== loop 118/∞ | seed=750097226857509259 archetype=balanced personality=minero focus=tech actions_per_loop=3 ====
[07:48:38] planet 40: queue busy, throttled building_robot_factory
[07:48:38] planet 40: queue busy, throttled building_robot_factory
[07:48:38] planet 40: queue busy, throttled building_robot_factory
[2026-05-12 07:48:56] ==== loop 119/∞ | seed=750097226857509259 archetype=balanced personality=minero focus=tech actions_per_loop=3 ====
[07:48:56] planet 40: queue busy, throttled building_robot_factory
[07:48:56] planet 40: queue busy, throttled building_robot_factory
[07:48:56] planet 40: queue busy, throttled building_robot_factory
[07:48:56] research: blocked research_energy_technology (building_laboratory 0/1)
[2026-05-12 07:49:17] ==== loop 120/∞ | seed=750097226857509259 archetype=balanced personality=minero focus=tech actions_per_loop=3 ====
[07:49:17] planet 40: queue busy, throttled building_robot_factory
[07:49:17] planet 40: queue busy, throttled building_robot_factory
[07:49:17] planet 40: queue busy, throttled building_robot_factory
[2026-05-12 07:49:34] ==== loop 121/∞ | seed=750097226857509259 archetype=balanced personality=minero focus=tech actions_per_loop=3 ====
[07:49:34] planet 40: queue busy, throttled building_robot_factory
[07:49:34] planet 40: queue busy, throttled building_robot_factory
[07:49:34] planet 40: queue busy, throttled building_robot_factory
[07:49:34] research: blocked research_energy_technology (building_laboratory 0/1)
[2026-05-12 07:49:57] ==== loop 122/∞ | seed=750097226857509259 archetype=balanced personality=minero focus=tech actions_per_loop=3 ====
[07:49:57] planet 40: queue busy, throttled building_robot_factory
[07:49:57] planet 40: queue busy, throttled building_robot_factory
[07:49:57] planet 40: queue busy, throttled building_robot_factory
[2026-05-12 07:50:18] ==== loop 123/∞ | seed=750097226857509259 archetype=balanced personality=minero focus=tech actions_per_loop=3 ====
[07:50:18] planet 40: queue busy, throttled building_robot_factory
[07:50:18] planet 40: queue busy, throttled building_robot_factory
[2026-05-12 07:50:38] ==== loop 124/∞ | seed=750097226857509259 archetype=balanced personality=minero focus=tech actions_per_loop=3 ====
[07:50:38] planet 40: queue busy, throttled building_robot_factory
[07:50:38] planet 40: queue busy, throttled building_robot_factory
[07:50:38] planet 40: queue busy, throttled building_robot_factory
[2026-05-12 07:50:57] ==== loop 125/∞ | seed=750097226857509259 archetype=balanced personality=minero focus=tech actions_per_loop=3 ====
[07:50:58] planet 40: queue busy, throttled building_robot_factory
[07:50:58] planet 40: queue busy, throttled building_robot_factory
[07:50:58] planet 40: queue busy, throttled building_robot_factory
[07:50:58] research: blocked research_energy_technology (building_laboratory 0/1)
[2026-05-12 07:51:18] ==== loop 126/∞ | seed=750097226857509259 archetype=balanced personality=minero focus=tech actions_per_loop=3 ====
[07:51:18] planet 40: queue busy, throttled building_robot_factory
[07:51:18] planet 40: queue busy, throttled building_robot_factory
[2026-05-12 07:51:36] ==== loop 127/∞ | seed=750097226857509259 archetype=balanced personality=minero focus=tech actions_per_loop=3 ====
[07:51:36] planet 40: queue busy, throttled building_robot_factory
[07:51:36] planet 40: queue busy, throttled building_robot_factory
[2026-05-12 07:51:57] ==== loop 128/∞ | seed=750097226857509259 archetype=balanced personality=minero focus=tech actions_per_loop=3 ====
[07:51:57] planet 40: queue busy, throttled building_robot_factory
[07:51:57] planet 40: queue busy, throttled building_robot_factory
[07:51:57] planet 40: queue busy, throttled building_robot_factory
[2026-05-12 07:52:15] ==== loop 129/∞ | seed=750097226857509259 archetype=balanced personality=minero focus=tech actions_per_loop=3 ====
[07:52:15] planet 40: queue busy, throttled building_robot_factory
[07:52:15] planet 40: queue busy, throttled building_robot_factory
[07:52:15] planet 40: queue busy, throttled building_robot_factory
[2026-05-12 07:52:34] ==== loop 130/∞ | seed=750097226857509259 archetype=balanced personality=minero focus=tech actions_per_loop=3 ====
[07:52:34] planet 40: queue busy, throttled building_robot_factory
[07:52:34] planet 40: queue busy, throttled building_robot_factory
[07:52:34] planet 40: queue busy, throttled building_robot_factory
[2026-05-12 07:52:55] ==== loop 131/∞ | seed=750097226857509259 archetype=balanced personality=minero focus=tech actions_per_loop=3 ====
[07:52:55] planet 40: queue busy, throttled building_robot_factory
[07:52:55] planet 40: queue busy, throttled building_robot_factory
[07:52:55] research: blocked research_energy_technology (building_laboratory 0/1)
[2026-05-12 07:53:15] ==== loop 132/∞ | seed=750097226857509259 archetype=balanced personality=minero focus=tech actions_per_loop=3 ====
[07:53:15] planet 40: queue busy, throttled building_robot_factory
[07:53:15] planet 40: queue busy, throttled building_robot_factory
[07:53:15] planet 40: queue busy, throttled building_robot_factory
[07:53:15] research: blocked research_energy_technology (building_laboratory 0/1)
[2026-05-12 07:53:35] ==== loop 133/∞ | seed=750097226857509259 archetype=balanced personality=minero focus=tech actions_per_loop=3 ====
[07:53:35] planet 40: queue busy, throttled building_robot_factory
[07:53:35] planet 40: queue busy, throttled building_robot_factory
[07:53:35] planet 40: queue busy, throttled building_robot_factory
[07:53:35] research: blocked research_energy_technology (building_laboratory 0/1)
[2026-05-12 07:53:54] ==== loop 134/∞ | seed=750097226857509259 archetype=balanced personality=minero focus=tech actions_per_loop=3 ====
[07:53:54] planet 40: queue busy, throttled building_robot_factory
[07:53:54] planet 40: queue busy, throttled building_robot_factory
[07:53:54] research: blocked research_energy_technology (building_laboratory 0/1)
[2026-05-12 07:54:13] ==== loop 135/∞ | seed=750097226857509259 archetype=balanced personality=minero focus=tech actions_per_loop=3 ====
[07:54:13] planet 40: queue busy, throttled building_robot_factory
[07:54:13] planet 40: queue busy, throttled building_robot_factory
[07:54:13] planet 40: queue busy, throttled building_robot_factory
[2026-05-12 07:54:33] ==== loop 136/∞ | seed=750097226857509259 archetype=balanced personality=minero focus=tech actions_per_loop=3 ====
[07:54:33] planet 40: queue busy, throttled building_robot_factory
[07:54:33] planet 40: queue busy, throttled building_robot_factory
[07:54:33] planet 40: queue busy, throttled building_robot_factory
[2026-05-12 07:54:52] ==== loop 137/∞ | seed=750097226857509259 archetype=balanced personality=minero focus=tech actions_per_loop=3 ====
[07:54:52] planet 40: queue busy, throttled building_robot_factory
[07:54:52] planet 40: queue busy, throttled building_robot_factory
[07:54:52] planet 40: queue busy, throttled building_robot_factory
[07:54:52] research: blocked research_energy_technology (building_laboratory 0/1)
[2026-05-12 07:55:12] ==== loop 138/∞ | seed=750097226857509259 archetype=balanced personality=minero focus=tech actions_per_loop=3 ====
[07:55:12] planet 40: queue busy, throttled building_robot_factory
[07:55:12] planet 40: queue busy, throttled building_robot_factory
[07:55:12] planet 40: queue busy, throttled building_robot_factory
[07:55:12] research: blocked research_energy_technology (building_laboratory 0/1)
[2026-05-12 07:55:35] ==== loop 139/∞ | seed=750097226857509259 archetype=balanced personality=minero focus=tech actions_per_loop=3 ====
[07:55:35] planet 40: queue busy, throttled building_robot_factory
[07:55:35] planet 40: queue busy, throttled building_robot_factory
[07:55:35] planet 40: queue busy, throttled building_robot_factory
[07:55:35] research: blocked research_energy_technology (building_laboratory 0/1)
[2026-05-12 07:55:57] ==== loop 140/∞ | seed=750097226857509259 archetype=balanced personality=minero focus=tech actions_per_loop=3 ====
[07:55:57] planet 40: queue busy, throttled building_robot_factory
[07:55:57] planet 40: queue busy, throttled building_robot_factory
[07:55:57] research: blocked research_energy_technology (building_laboratory 0/1)
[2026-05-12 07:56:17] ==== loop 141/∞ | seed=750097226857509259 archetype=balanced personality=minero focus=tech actions_per_loop=3 ====
[07:56:17] planet 40: queue busy, throttled building_robot_factory
[07:56:17] planet 40: queue busy, throttled building_robot_factory
[2026-05-12 07:56:37] ==== loop 142/∞ | seed=750097226857509259 archetype=balanced personality=minero focus=tech actions_per_loop=3 ====
[07:56:37] planet 40: queue busy, throttled building_robot_factory
[07:56:37] planet 40: queue busy, throttled building_robot_factory
[07:56:37] planet 40: queue busy, throttled building_robot_factory
[07:56:37] research: blocked research_energy_technology (building_laboratory 0/1)
[2026-05-12 07:56:57] ==== loop 143/∞ | seed=750097226857509259 archetype=balanced personality=minero focus=tech actions_per_loop=3 ====
[07:56:57] planet 40: queue busy, throttled building_robot_factory
[07:56:57] planet 40: queue busy, throttled building_robot_factory
[07:56:57] planet 40: queue busy, throttled building_robot_factory
[07:56:57] research: blocked research_energy_technology (building_laboratory 0/1)
[2026-05-12 07:57:17] ==== loop 144/∞ | seed=750097226857509259 archetype=balanced personality=minero focus=tech actions_per_loop=3 ====
[07:57:17] planet 40: queue busy, throttled building_robot_factory
[07:57:17] planet 40: queue busy, throttled building_robot_factory
[07:57:17] research: blocked research_energy_technology (building_laboratory 0/1)
[2026-05-12 07:57:34] ==== loop 145/∞ | seed=750097226857509259 archetype=balanced personality=minero focus=tech actions_per_loop=3 ====
[07:57:34] planet 40: queue busy, throttled building_robot_factory
[07:57:34] planet 40: queue busy, throttled building_robot_factory
[07:57:34] planet 40: queue busy, throttled building_robot_factory
[2026-05-12 07:57:53] ==== loop 146/∞ | seed=750097226857509259 archetype=balanced personality=minero focus=tech actions_per_loop=3 ====
[07:57:53] planet 40: queue busy, throttled building_robot_factory
[07:57:53] planet 40: queue busy, throttled building_robot_factory
[07:57:53] planet 40: queue busy, throttled building_robot_factory
[07:57:53] research: blocked research_energy_technology (building_laboratory 0/1)
[2026-05-12 07:58:17] ==== loop 147/∞ | seed=750097226857509259 archetype=balanced personality=minero focus=tech actions_per_loop=3 ====
[07:58:17] planet 40: queue busy, throttled building_robot_factory
[07:58:17] planet 40: queue busy, throttled building_robot_factory
[2026-05-12 07:58:40] ==== loop 148/∞ | seed=750097226857509259 archetype=balanced personality=minero focus=tech actions_per_loop=3 ====
[07:58:40] planet 40: queue busy, throttled building_robot_factory
[07:58:40] planet 40: queue busy, throttled building_robot_factory
[07:58:40] planet 40: queue busy, throttled building_robot_factory
[2026-05-12 07:59:03] ==== loop 149/∞ | seed=750097226857509259 archetype=balanced personality=minero focus=tech actions_per_loop=3 ====
[07:59:03] planet 40: queue busy, throttled building_robot_factory
[07:59:03] planet 40: queue busy, throttled building_robot_factory
[2026-05-12 07:59:26] ==== loop 150/∞ | seed=750097226857509259 archetype=balanced personality=minero focus=tech actions_per_loop=3 ====
[07:59:26] planet 40: queue busy, throttled building_robot_factory
[07:59:26] planet 40: queue busy, throttled building_robot_factory
[07:59:26] planet 40: queue busy, throttled building_robot_factory
[07:59:26] research: blocked research_energy_technology (building_laboratory 0/1)
[2026-05-12 07:59:47] ==== loop 151/∞ | seed=750097226857509259 archetype=balanced personality=minero focus=tech actions_per_loop=3 ====
[07:59:47] planet 40: queue busy, throttled building_robot_factory
[07:59:47] planet 40: queue busy, throttled building_robot_factory
[07:59:47] planet 40: queue busy, throttled building_robot_factory
[07:59:47] research: blocked research_energy_technology (building_laboratory 0/1)
[2026-05-12 08:00:08] ==== loop 152/∞ | seed=750097226857509259 archetype=balanced personality=minero focus=tech actions_per_loop=3 ====
[08:00:09] planet 40: queue busy, throttled building_robot_factory
[08:00:09] planet 40: queue busy, throttled building_robot_factory
[08:00:09] planet 40: queue busy, throttled building_robot_factory
[08:00:09] research: blocked research_energy_technology (building_laboratory 0/1)
[2026-05-12 08:00:29] ==== loop 153/∞ | seed=750097226857509259 archetype=balanced personality=minero focus=tech actions_per_loop=3 ====
[08:00:29] planet 40: queue busy, throttled building_robot_factory
[08:00:29] planet 40: queue busy, throttled building_robot_factory
[08:00:29] planet 40: queue busy, throttled building_robot_factory
[08:00:29] research: blocked research_energy_technology (building_laboratory 0/1)
[2026-05-12 08:00:51] ==== loop 154/∞ | seed=750097226857509259 archetype=balanced personality=minero focus=tech actions_per_loop=3 ====
[08:00:51] planet 40: queue busy, throttled building_robot_factory
[08:00:51] planet 40: queue busy, throttled building_robot_factory
[08:00:51] planet 40: queue busy, throttled building_robot_factory
[08:00:51] research: blocked research_energy_technology (building_laboratory 0/1)
[2026-05-12 08:01:13] ==== loop 155/∞ | seed=750097226857509259 archetype=balanced personality=minero focus=tech actions_per_loop=3 ====
[08:01:13] planet 40: queue busy, throttled building_robot_factory
[08:01:13] planet 40: queue busy, throttled building_robot_factory
[08:01:13] planet 40: queue busy, throttled building_robot_factory
[2026-05-12 08:01:33] ==== loop 156/∞ | seed=750097226857509259 archetype=balanced personality=minero focus=tech actions_per_loop=3 ====
[08:01:33] planet 40: queue busy, throttled building_robot_factory
[08:01:33] planet 40: queue busy, throttled building_robot_factory
[08:01:33] planet 40: queue busy, throttled building_robot_factory
[2026-05-12 08:01:53] ==== loop 157/∞ | seed=750097226857509259 archetype=balanced personality=minero focus=tech actions_per_loop=3 ====
[08:01:53] planet 40: queue busy, throttled building_robot_factory
[08:01:53] planet 40: queue busy, throttled building_robot_factory
[08:01:53] planet 40: queue busy, throttled building_robot_factory
[2026-05-12 08:02:17] ==== loop 158/∞ | seed=750097226857509259 archetype=balanced personality=minero focus=tech actions_per_loop=3 ====
[08:02:17] planet 40: queue busy, throttled building_robot_factory
[08:02:17] planet 40: queue busy, throttled building_robot_factory
[08:02:17] planet 40: queue busy, throttled building_robot_factory
[2026-05-12 08:02:36] ==== loop 159/∞ | seed=750097226857509259 archetype=balanced personality=minero focus=tech actions_per_loop=3 ====
[08:02:36] planet 40: queue busy, throttled building_robot_factory
[08:02:36] planet 40: queue busy, throttled building_robot_factory
[08:02:36] planet 40: queue busy, throttled building_robot_factory
[08:02:36] research: blocked research_energy_technology (building_laboratory 0/1)
[2026-05-12 08:02:55] ==== loop 160/∞ | seed=750097226857509259 archetype=balanced personality=minero focus=tech actions_per_loop=3 ====
[08:02:55] planet 40: queue busy, throttled building_robot_factory
[08:02:55] planet 40: queue busy, throttled building_robot_factory
[08:02:55] planet 40: queue busy, throttled building_robot_factory
[2026-05-12 08:03:14] ==== loop 161/∞ | seed=750097226857509259 archetype=balanced personality=minero focus=tech actions_per_loop=3 ====
[08:03:14] planet 40: queue busy, throttled building_robot_factory
[08:03:14] planet 40: queue busy, throttled building_robot_factory
[08:03:14] planet 40: queue busy, throttled building_robot_factory
[2026-05-12 08:03:35] ==== loop 162/∞ | seed=750097226857509259 archetype=balanced personality=minero focus=tech actions_per_loop=3 ====
[08:03:35] planet 40: queue busy, throttled building_robot_factory
[08:03:35] planet 40: queue busy, throttled building_robot_factory
[08:03:35] planet 40: queue busy, throttled building_robot_factory
[08:03:35] research: blocked research_energy_technology (building_laboratory 0/1)
[2026-05-12 08:03:54] ==== loop 163/∞ | seed=750097226857509259 archetype=balanced personality=minero focus=tech actions_per_loop=3 ====
[08:03:54] planet 40: queue busy, throttled building_robot_factory
[08:03:54] planet 40: queue busy, throttled building_robot_factory
[08:03:54] research: blocked research_energy_technology (building_laboratory 0/1)
[2026-05-12 08:04:14] ==== loop 164/∞ | seed=750097226857509259 archetype=balanced personality=minero focus=tech actions_per_loop=3 ====
[08:04:14] planet 40: queue busy, throttled building_robot_factory
[08:04:14] planet 40: queue busy, throttled building_robot_factory
[08:04:14] planet 40: queue busy, throttled building_robot_factory
[2026-05-12 08:04:32] ==== loop 165/∞ | seed=750097226857509259 archetype=balanced personality=minero focus=tech actions_per_loop=3 ====
[08:04:32] planet 40: queue busy, throttled building_robot_factory
[08:04:32] planet 40: queue busy, throttled building_robot_factory
[2026-05-12 08:04:56] ==== loop 166/∞ | seed=750097226857509259 archetype=balanced personality=minero focus=tech actions_per_loop=3 ====
[08:04:56] planet 40: queue busy, throttled building_robot_factory
[08:04:56] planet 40: queue busy, throttled building_robot_factory
[08:04:56] research: blocked research_energy_technology (building_laboratory 0/1)
[2026-05-12 08:05:19] ==== loop 167/∞ | seed=750097226857509259 archetype=balanced personality=minero focus=tech actions_per_loop=3 ====
[08:05:19] planet 40: queue busy, throttled building_robot_factory
[08:05:19] planet 40: queue busy, throttled building_robot_factory
[08:05:19] planet 40: queue busy, throttled building_robot_factory
[08:05:19] research: blocked research_energy_technology (building_laboratory 0/1)
[2026-05-12 08:05:40] ==== loop 168/∞ | seed=750097226857509259 archetype=balanced personality=minero focus=tech actions_per_loop=3 ====
[08:05:40] planet 40: queue busy, throttled building_robot_factory
[08:05:40] planet 40: queue busy, throttled building_robot_factory
[08:05:40] planet 40: queue busy, throttled building_robot_factory
[2026-05-12 08:05:59] ==== loop 169/∞ | seed=750097226857509259 archetype=balanced personality=minero focus=tech actions_per_loop=3 ====
[08:05:59] planet 40: queue busy, throttled building_robot_factory
[08:05:59] planet 40: queue busy, throttled building_robot_factory
[08:05:59] planet 40: queue busy, throttled building_robot_factory
[08:05:59] research: blocked research_energy_technology (building_laboratory 0/1)
[2026-05-12 08:06:19] ==== loop 170/∞ | seed=750097226857509259 archetype=balanced personality=minero focus=tech actions_per_loop=3 ====
[08:06:19] planet 40: queue busy, throttled building_robot_factory
[08:06:19] planet 40: queue busy, throttled building_robot_factory
[08:06:19] planet 40: queue busy, throttled building_robot_factory
[2026-05-12 08:06:38] ==== loop 171/∞ | seed=750097226857509259 archetype=balanced personality=minero focus=tech actions_per_loop=3 ====
[08:06:38] planet 40: queue busy, throttled building_robot_factory
[08:06:38] planet 40: queue busy, throttled building_robot_factory
[08:06:38] planet 40: queue busy, throttled building_robot_factory
[08:06:38] research: blocked research_energy_technology (building_laboratory 0/1)
[2026-05-12 08:07:00] ==== loop 172/∞ | seed=750097226857509259 archetype=balanced personality=minero focus=tech actions_per_loop=3 ====
[08:07:00] planet 40: queue busy, throttled building_robot_factory
[08:07:00] planet 40: queue busy, throttled building_robot_factory
[08:07:00] research: blocked research_energy_technology (building_laboratory 0/1)
[2026-05-12 08:07:20] ==== loop 173/∞ | seed=750097226857509259 archetype=balanced personality=minero focus=tech actions_per_loop=3 ====
[08:07:20] planet 40: queue busy, throttled building_robot_factory
[08:07:20] planet 40: queue busy, throttled building_robot_factory
[08:07:20] planet 40: queue busy, throttled building_robot_factory
[2026-05-12 08:07:42] ==== loop 174/∞ | seed=750097226857509259 archetype=balanced personality=minero focus=tech actions_per_loop=3 ====
[08:07:42] planet 40: queue busy, throttled building_robot_factory
[08:07:42] planet 40: queue busy, throttled building_robot_factory
[08:07:42] research: blocked research_energy_technology (building_laboratory 0/1)
[2026-05-12 08:08:02] ==== loop 175/∞ | seed=750097226857509259 archetype=balanced personality=minero focus=tech actions_per_loop=3 ====
[08:08:02] planet 40: queue busy, throttled building_robot_factory
[08:08:02] planet 40: queue busy, throttled building_robot_factory
[2026-05-12 08:08:24] ==== loop 176/∞ | seed=750097226857509259 archetype=balanced personality=minero focus=tech actions_per_loop=3 ====
[08:08:24] planet 40: queue busy, throttled building_robot_factory
[08:08:24] planet 40: queue busy, throttled building_robot_factory
[08:08:24] planet 40: queue busy, throttled building_robot_factory
[08:08:24] research: blocked research_energy_technology (building_laboratory 0/1)
[2026-05-12 08:08:46] ==== loop 177/∞ | seed=750097226857509259 archetype=balanced personality=minero focus=tech actions_per_loop=3 ====
[08:08:46] planet 40: queue busy, throttled building_robot_factory
[08:08:46] planet 40: queue busy, throttled building_robot_factory
[08:08:46] planet 40: queue busy, throttled building_robot_factory
[2026-05-12 08:09:09] ==== loop 178/∞ | seed=750097226857509259 archetype=balanced personality=minero focus=tech actions_per_loop=3 ====
[08:09:09] planet 40: queue busy, throttled building_robot_factory
[08:09:09] planet 40: queue busy, throttled building_robot_factory
[08:09:09] planet 40: queue busy, throttled building_robot_factory
[08:09:09] research: blocked research_energy_technology (building_laboratory 0/1)
[2026-05-12 08:09:31] ==== loop 179/∞ | seed=750097226857509259 archetype=balanced personality=minero focus=tech actions_per_loop=3 ====
[08:09:31] planet 40: queue busy, throttled building_robot_factory
[08:09:31] planet 40: queue busy, throttled building_robot_factory
[08:09:31] planet 40: queue busy, throttled building_robot_factory
[2026-05-12 08:09:50] ==== loop 180/∞ | seed=750097226857509259 archetype=balanced personality=minero focus=tech actions_per_loop=3 ====
[08:09:50] planet 40: queue busy, throttled building_robot_factory
[08:09:50] planet 40: queue busy, throttled building_robot_factory
[08:09:50] planet 40: queue busy, throttled building_robot_factory
[2026-05-12 08:10:13] ==== loop 181/∞ | seed=750097226857509259 archetype=balanced personality=minero focus=tech actions_per_loop=3 ====
[08:10:13] planet 40: queue busy, throttled building_robot_factory
[08:10:13] planet 40: queue busy, throttled building_robot_factory
[08:10:13] planet 40: queue busy, throttled building_robot_factory
[08:10:13] research: blocked research_energy_technology (building_laboratory 0/1)
[2026-05-12 08:10:36] ==== loop 182/∞ | seed=750097226857509259 archetype=balanced personality=minero focus=tech actions_per_loop=3 ====
[08:10:36] planet 40: queue busy, throttled building_robot_factory
[08:10:36] planet 40: queue busy, throttled building_robot_factory
[08:10:36] planet 40: queue busy, throttled building_robot_factory
[2026-05-12 08:10:59] ==== loop 183/∞ | seed=750097226857509259 archetype=balanced personality=minero focus=tech actions_per_loop=3 ====
[08:10:59] planet 40: queue busy, throttled building_robot_factory
[08:10:59] planet 40: queue busy, throttled building_robot_factory
[08:10:59] planet 40: queue busy, throttled building_robot_factory
[2026-05-12 08:11:23] ==== loop 184/∞ | seed=750097226857509259 archetype=balanced personality=minero focus=tech actions_per_loop=3 ====
[08:11:23] planet 40: queue busy, throttled building_robot_factory
[08:11:23] planet 40: queue busy, throttled building_robot_factory
[2026-05-12 08:11:43] ==== loop 185/∞ | seed=750097226857509259 archetype=balanced personality=minero focus=tech actions_per_loop=3 ====
[08:11:43] planet 40: queue busy, throttled building_robot_factory
[08:11:43] planet 40: queue busy, throttled building_robot_factory
[08:11:43] research: blocked research_energy_technology (building_laboratory 0/1)
[2026-05-12 08:12:02] ==== loop 186/∞ | seed=750097226857509259 archetype=balanced personality=minero focus=tech actions_per_loop=3 ====
[08:12:02] planet 40: queue busy, throttled building_robot_factory
[08:12:02] planet 40: queue busy, throttled building_robot_factory
[08:12:02] planet 40: queue busy, throttled building_robot_factory
[2026-05-12 08:12:25] ==== loop 187/∞ | seed=750097226857509259 archetype=balanced personality=minero focus=tech actions_per_loop=3 ====
[08:12:25] planet 40: queue busy, throttled building_robot_factory
[08:12:25] planet 40: queue busy, throttled building_robot_factory
[08:12:25] research: blocked research_energy_technology (building_laboratory 0/1)
[2026-05-12 08:12:47] ==== loop 188/∞ | seed=750097226857509259 archetype=balanced personality=minero focus=tech actions_per_loop=3 ====
[08:12:47] planet 40: queue busy, throttled building_robot_factory
[08:12:47] planet 40: queue busy, throttled building_robot_factory
[2026-05-12 08:13:09] ==== loop 189/∞ | seed=750097226857509259 archetype=balanced personality=minero focus=tech actions_per_loop=3 ====
[08:13:09] planet 40: queue busy, throttled building_robot_factory
[08:13:09] planet 40: queue busy, throttled building_robot_factory
[08:13:09] planet 40: queue busy, throttled building_robot_factory
[08:13:09] research: blocked research_energy_technology (building_laboratory 0/1)
[2026-05-12 08:13:32] ==== loop 190/∞ | seed=750097226857509259 archetype=balanced personality=minero focus=tech actions_per_loop=3 ====
[08:13:32] planet 40: queue busy, throttled building_robot_factory
[08:13:32] planet 40: queue busy, throttled building_robot_factory
[08:13:32] planet 40: queue busy, throttled building_robot_factory
[08:13:32] research: blocked research_energy_technology (building_laboratory 0/1)
[2026-05-12 08:13:55] ==== loop 191/∞ | seed=750097226857509259 archetype=balanced personality=minero focus=tech actions_per_loop=3 ====
[08:13:55] planet 40: queue busy, throttled building_robot_factory
[08:13:55] planet 40: queue busy, throttled building_robot_factory
[08:13:55] planet 40: queue busy, throttled building_robot_factory
[2026-05-12 08:14:18] ==== loop 192/∞ | seed=750097226857509259 archetype=balanced personality=minero focus=tech actions_per_loop=3 ====
[08:14:18] planet 40: queue busy, throttled building_robot_factory
[08:14:18] planet 40: queue busy, throttled building_robot_factory
[2026-05-12 08:14:38] ==== loop 193/∞ | seed=750097226857509259 archetype=balanced personality=minero focus=tech actions_per_loop=3 ====
[08:14:38] planet 40: queue busy, throttled building_robot_factory
[08:14:38] planet 40: queue busy, throttled building_robot_factory
[08:14:38] planet 40: queue busy, throttled building_robot_factory
[08:14:38] research: blocked research_energy_technology (building_laboratory 0/1)
[2026-05-12 08:15:00] ==== loop 194/∞ | seed=750097226857509259 archetype=balanced personality=minero focus=tech actions_per_loop=3 ====
[08:15:00] planet 40: queue busy, throttled building_robot_factory
[08:15:00] planet 40: queue busy, throttled building_robot_factory
[08:15:00] planet 40: queue busy, throttled building_robot_factory
[08:15:00] research: blocked research_energy_technology (building_laboratory 0/1)
[2026-05-12 08:15:24] ==== loop 195/∞ | seed=750097226857509259 archetype=balanced personality=minero focus=tech actions_per_loop=3 ====
[08:15:24] planet 40: queue busy, throttled building_robot_factory
[08:15:24] planet 40: queue busy, throttled building_robot_factory
[08:15:24] planet 40: queue busy, throttled building_robot_factory
[08:15:24] research: blocked research_energy_technology (building_laboratory 0/1)
[2026-05-12 08:15:46] ==== loop 196/∞ | seed=750097226857509259 archetype=balanced personality=minero focus=tech actions_per_loop=3 ====
[08:15:46] planet 40: queue busy, throttled building_robot_factory
[08:15:46] planet 40: queue busy, throttled building_robot_factory
[08:15:46] planet 40: queue busy, throttled building_robot_factory
[2026-05-12 08:16:10] ==== loop 197/∞ | seed=750097226857509259 archetype=balanced personality=minero focus=tech actions_per_loop=3 ====
[08:16:10] planet 40: queue busy, throttled building_robot_factory
[08:16:10] planet 40: queue busy, throttled building_robot_factory
[08:16:10] planet 40: queue busy, throttled building_robot_factory
[2026-05-12 08:16:32] ==== loop 198/∞ | seed=750097226857509259 archetype=balanced personality=minero focus=tech actions_per_loop=3 ====
[08:16:32] planet 40: queue busy, throttled building_robot_factory
[08:16:32] planet 40: queue busy, throttled building_robot_factory
[08:16:32] planet 40: queue busy, throttled building_robot_factory
[2026-05-12 08:16:53] ==== loop 199/∞ | seed=750097226857509259 archetype=balanced personality=minero focus=tech actions_per_loop=3 ====
[08:16:53] planet 40: queue busy, throttled building_robot_factory
[08:16:53] planet 40: queue busy, throttled building_robot_factory
[08:16:53] planet 40: queue busy, throttled building_robot_factory
[08:16:53] research: blocked research_energy_technology (building_laboratory 0/1)
[2026-05-12 08:17:15] ==== loop 200/∞ | seed=750097226857509259 archetype=balanced personality=minero focus=tech actions_per_loop=3 ====
[08:17:15] planet 40: queue busy, throttled building_robot_factory
[08:17:15] planet 40: queue busy, throttled building_robot_factory
[08:17:15] planet 40: queue busy, throttled building_robot_factory
[2026-05-12 08:17:39] ==== loop 201/∞ | seed=750097226857509259 archetype=balanced personality=minero focus=tech actions_per_loop=3 ====
[08:17:39] planet 40: queue busy, throttled building_robot_factory
[08:17:39] planet 40: queue busy, throttled building_robot_factory
[08:17:39] planet 40: queue busy, throttled building_robot_factory
[08:17:39] research: blocked research_energy_technology (building_laboratory 0/1)
[2026-05-12 08:17:58] ==== loop 202/∞ | seed=750097226857509259 archetype=balanced personality=minero focus=tech actions_per_loop=3 ====
[08:17:58] planet 40: queue busy, throttled building_robot_factory
[08:17:58] planet 40: queue busy, throttled building_robot_factory
[08:17:58] planet 40: queue busy, throttled building_robot_factory
[08:17:58] research: blocked research_energy_technology (building_laboratory 0/1)
[2026-05-12 08:18:23] ==== loop 203/∞ | seed=750097226857509259 archetype=balanced personality=minero focus=tech actions_per_loop=3 ====
[08:18:23] planet 40: queue busy, throttled building_robot_factory
[08:18:23] planet 40: queue busy, throttled building_robot_factory
[08:18:23] planet 40: queue busy, throttled building_robot_factory
[2026-05-12 08:18:45] ==== loop 204/∞ | seed=750097226857509259 archetype=balanced personality=minero focus=tech actions_per_loop=3 ====
[08:18:45] planet 40: queue busy, throttled building_robot_factory
[08:18:45] planet 40: queue busy, throttled building_robot_factory
[2026-05-12 08:19:09] ==== loop 205/∞ | seed=750097226857509259 archetype=balanced personality=minero focus=tech actions_per_loop=3 ====
[08:19:09] planet 40: queue busy, throttled building_robot_factory
[08:19:09] planet 40: queue busy, throttled building_robot_factory
[08:19:09] planet 40: queue busy, throttled building_robot_factory
[2026-05-12 08:19:29] ==== loop 206/∞ | seed=750097226857509259 archetype=balanced personality=minero focus=tech actions_per_loop=3 ====
[08:19:29] planet 40: queue busy, throttled building_robot_factory
[08:19:29] planet 40: queue busy, throttled building_robot_factory
[2026-05-12 08:19:47] ==== loop 207/∞ | seed=750097226857509259 archetype=balanced personality=minero focus=tech actions_per_loop=3 ====
[08:19:47] planet 40: queue busy, throttled building_robot_factory
[08:19:47] planet 40: queue busy, throttled building_robot_factory
[08:19:47] planet 40: queue busy, throttled building_robot_factory
[2026-05-12 08:20:09] ==== loop 208/∞ | seed=750097226857509259 archetype=balanced personality=minero focus=tech actions_per_loop=3 ====
[08:20:09] planet 40: queue busy, throttled building_robot_factory
[08:20:09] planet 40: queue busy, throttled building_robot_factory
[08:20:09] planet 40: queue busy, throttled building_robot_factory
[2026-05-12 08:20:32] ==== loop 209/∞ | seed=750097226857509259 archetype=balanced personality=minero focus=tech actions_per_loop=3 ====
[08:20:32] planet 40: queue busy, throttled building_robot_factory
[08:20:32] planet 40: queue busy, throttled building_robot_factory
[08:20:32] planet 40: queue busy, throttled building_robot_factory
[08:20:32] research: blocked research_energy_technology (building_laboratory 0/1)
[2026-05-12 08:20:55] ==== loop 210/∞ | seed=750097226857509259 archetype=balanced personality=minero focus=tech actions_per_loop=3 ====
[08:20:55] planet 40: queue busy, throttled building_robot_factory
[08:20:55] planet 40: queue busy, throttled building_robot_factory
[08:20:55] planet 40: queue busy, throttled building_robot_factory
[08:20:55] research: blocked research_energy_technology (building_laboratory 0/1)
[2026-05-12 08:21:18] ==== loop 211/∞ | seed=750097226857509259 archetype=balanced personality=minero focus=tech actions_per_loop=3 ====
[08:21:18] planet 40: queue busy, throttled building_robot_factory
[08:21:18] planet 40: queue busy, throttled building_robot_factory
[08:21:18] research: blocked research_energy_technology (building_laboratory 0/1)
[2026-05-12 08:21:39] ==== loop 212/∞ | seed=750097226857509259 archetype=balanced personality=minero focus=tech actions_per_loop=3 ====
[08:21:39] planet 40: queue busy, throttled building_robot_factory
[08:21:39] planet 40: queue busy, throttled building_robot_factory
[08:21:39] research: blocked research_energy_technology (building_laboratory 0/1)
[2026-05-12 08:22:01] ==== loop 213/∞ | seed=750097226857509259 archetype=balanced personality=minero focus=tech actions_per_loop=3 ====
[08:22:01] planet 40: queue busy, throttled building_robot_factory
[08:22:01] planet 40: queue busy, throttled building_robot_factory
[08:22:01] research: blocked research_energy_technology (building_laboratory 0/1)
[2026-05-12 08:22:21] ==== loop 214/∞ | seed=750097226857509259 archetype=balanced personality=minero focus=tech actions_per_loop=3 ====
[08:22:22] planet 40: queue busy, throttled building_robot_factory
[08:22:22] planet 40: queue busy, throttled building_robot_factory
[08:22:22] planet 40: queue busy, throttled building_robot_factory
[08:22:22] research: blocked research_energy_technology (building_laboratory 0/1)
[2026-05-12 08:22:42] ==== loop 215/∞ | seed=750097226857509259 archetype=balanced personality=minero focus=tech actions_per_loop=3 ====
[08:22:43] planet 40: queue busy, throttled building_robot_factory
[08:22:43] planet 40: queue busy, throttled building_robot_factory
[2026-05-12 08:23:04] ==== loop 216/∞ | seed=750097226857509259 archetype=balanced personality=minero focus=tech actions_per_loop=3 ====
[08:23:04] planet 40: queue busy, throttled building_robot_factory
[08:23:04] planet 40: queue busy, throttled building_robot_factory
[08:23:04] planet 40: queue busy, throttled building_robot_factory
[08:23:04] research: blocked research_energy_technology (building_laboratory 0/1)
[2026-05-12 08:23:28] ==== loop 217/∞ | seed=750097226857509259 archetype=balanced personality=minero focus=tech actions_per_loop=3 ====
[08:23:28] planet 40: queue busy, throttled building_robot_factory
[08:23:28] planet 40: queue busy, throttled building_robot_factory
[2026-05-12 08:23:53] ==== loop 218/∞ | seed=750097226857509259 archetype=balanced personality=minero focus=tech actions_per_loop=3 ====
[08:23:53] planet 40: queue busy, throttled building_robot_factory
[08:23:53] planet 40: queue busy, throttled building_robot_factory
[08:23:53] planet 40: queue busy, throttled building_robot_factory
[2026-05-12 08:24:18] ==== loop 219/∞ | seed=750097226857509259 archetype=balanced personality=minero focus=tech actions_per_loop=3 ====
[08:24:18] planet 40: queue busy, throttled building_robot_factory
[08:24:18] planet 40: queue busy, throttled building_robot_factory
[08:24:18] planet 40: queue busy, throttled building_robot_factory
[2026-05-12 08:24:44] ==== loop 220/∞ | seed=750097226857509259 archetype=balanced personality=minero focus=tech actions_per_loop=3 ====
[08:24:44] planet 40: queue busy, throttled building_robot_factory
[08:24:44] planet 40: queue busy, throttled building_robot_factory
[08:24:44] planet 40: queue busy, throttled building_robot_factory
[2026-05-12 08:25:09] ==== loop 221/∞ | seed=750097226857509259 archetype=balanced personality=minero focus=tech actions_per_loop=3 ====
[08:25:09] planet 40: queue busy, throttled building_robot_factory
[08:25:09] planet 40: queue busy, throttled building_robot_factory
[08:25:09] planet 40: queue busy, throttled building_robot_factory
[2026-05-12 08:25:33] ==== loop 222/∞ | seed=750097226857509259 archetype=balanced personality=minero focus=tech actions_per_loop=3 ====
[08:25:33] planet 40: queue busy, throttled building_robot_factory
[08:25:33] planet 40: queue busy, throttled building_robot_factory
[08:25:33] planet 40: queue busy, throttled building_robot_factory
[08:25:33] research: blocked research_energy_technology (building_laboratory 0/1)
[2026-05-12 08:26:00] ==== loop 223/∞ | seed=750097226857509259 archetype=balanced personality=minero focus=tech actions_per_loop=3 ====
[08:26:00] planet 40: queue busy, throttled building_robot_factory
[08:26:00] planet 40: queue busy, throttled building_robot_factory
[08:26:00] planet 40: queue busy, throttled building_robot_factory
[2026-05-12 08:26:26] ==== loop 224/∞ | seed=750097226857509259 archetype=balanced personality=minero focus=tech actions_per_loop=3 ====
[08:26:26] planet 40: queue busy, throttled building_robot_factory
[08:26:26] planet 40: queue busy, throttled building_robot_factory
[08:26:26] planet 40: queue busy, throttled building_robot_factory
[08:26:26] research: blocked research_energy_technology (building_laboratory 0/1)
[2026-05-12 08:26:51] ==== loop 225/∞ | seed=750097226857509259 archetype=balanced personality=minero focus=tech actions_per_loop=3 ====
[08:26:51] planet 40: queue busy, throttled building_robot_factory
[08:26:51] planet 40: queue busy, throttled building_robot_factory
[08:26:51] planet 40: queue busy, throttled building_robot_factory
[2026-05-12 08:27:18] ==== loop 226/∞ | seed=750097226857509259 archetype=balanced personality=minero focus=tech actions_per_loop=3 ====
[08:27:18] planet 40: queue busy, throttled building_robot_factory
[08:27:18] planet 40: queue busy, throttled building_robot_factory
[08:27:18] planet 40: queue busy, throttled building_robot_factory
[2026-05-12 08:27:45] ==== loop 227/∞ | seed=750097226857509259 archetype=balanced personality=minero focus=tech actions_per_loop=3 ====
[08:27:45] planet 40: queue busy, throttled building_robot_factory
[08:27:45] planet 40: queue busy, throttled building_robot_factory
[08:27:45] planet 40: queue busy, throttled building_robot_factory
[2026-05-12 08:28:13] ==== loop 228/∞ | seed=750097226857509259 archetype=balanced personality=minero focus=tech actions_per_loop=3 ====
[08:28:13] planet 40: queue busy, throttled building_robot_factory
[08:28:13] planet 40: queue busy, throttled building_robot_factory
[08:28:13] planet 40: queue busy, throttled building_robot_factory
[08:28:13] research: blocked research_energy_technology (building_laboratory 0/1)
[2026-05-12 08:28:39] ==== loop 229/∞ | seed=750097226857509259 archetype=balanced personality=minero focus=tech actions_per_loop=3 ====
[08:28:39] planet 40: queue busy, throttled building_robot_factory
[08:28:39] planet 40: queue busy, throttled building_robot_factory
[08:28:39] planet 40: queue busy, throttled building_robot_factory
[2026-05-12 08:29:02] ==== loop 230/∞ | seed=750097226857509259 archetype=balanced personality=minero focus=tech actions_per_loop=3 ====
[08:29:02] planet 40: queue busy, throttled building_robot_factory
[08:29:02] planet 40: queue busy, throttled building_robot_factory
[08:29:02] planet 40: queue busy, throttled building_robot_factory
[2026-05-12 08:29:27] ==== loop 231/∞ | seed=750097226857509259 archetype=balanced personality=minero focus=tech actions_per_loop=3 ====
[08:29:27] planet 40: queue busy, throttled building_robot_factory
[08:29:27] planet 40: queue busy, throttled building_robot_factory
[08:29:27] planet 40: queue busy, throttled building_robot_factory
[2026-05-12 08:29:53] ==== loop 232/∞ | seed=750097226857509259 archetype=balanced personality=minero focus=tech actions_per_loop=3 ====
[08:29:53] planet 40: queue busy, throttled building_robot_factory
[08:29:53] planet 40: queue busy, throttled building_robot_factory
[08:29:53] planet 40: queue busy, throttled building_robot_factory
[2026-05-12 08:30:20] ==== loop 233/∞ | seed=750097226857509259 archetype=balanced personality=minero focus=tech actions_per_loop=3 ====
[08:30:20] planet 40: queue busy, throttled building_robot_factory
[08:30:20] planet 40: queue busy, throttled building_robot_factory
[08:30:20] research: blocked research_energy_technology (building_laboratory 0/1)
[2026-05-12 08:30:45] ==== loop 234/∞ | seed=750097226857509259 archetype=balanced personality=minero focus=tech actions_per_loop=3 ====
[08:30:45] planet 40: queue busy, throttled building_robot_factory
[08:30:45] planet 40: queue busy, throttled building_robot_factory
[08:30:45] planet 40: queue busy, throttled building_robot_factory
[2026-05-12 08:31:10] ==== loop 235/∞ | seed=750097226857509259 archetype=balanced personality=minero focus=tech actions_per_loop=3 ====
[08:31:10] planet 40: queue busy, throttled building_robot_factory
[08:31:10] planet 40: queue busy, throttled building_robot_factory
[08:31:10] planet 40: queue busy, throttled building_robot_factory
[2026-05-12 08:31:32] ==== loop 236/∞ | seed=750097226857509259 archetype=balanced personality=minero focus=tech actions_per_loop=3 ====
[08:31:32] planet 40: queue busy, throttled building_robot_factory
[08:31:32] planet 40: queue busy, throttled building_robot_factory
[2026-05-12 08:31:53] ==== loop 237/∞ | seed=750097226857509259 archetype=balanced personality=minero focus=tech actions_per_loop=3 ====
[08:31:53] planet 40: queue busy, throttled building_robot_factory
[08:31:53] planet 40: queue busy, throttled building_robot_factory
[08:31:53] planet 40: queue busy, throttled building_robot_factory
[08:31:53] research: blocked research_energy_technology (building_laboratory 0/1)
[2026-05-12 08:32:16] ==== loop 238/∞ | seed=750097226857509259 archetype=balanced personality=minero focus=tech actions_per_loop=3 ====
[08:32:16] planet 40: queue busy, throttled building_robot_factory
[08:32:16] planet 40: queue busy, throttled building_robot_factory
[08:32:16] planet 40: queue busy, throttled building_robot_factory
[2026-05-12 08:32:39] ==== loop 239/∞ | seed=750097226857509259 archetype=balanced personality=minero focus=tech actions_per_loop=3 ====
[08:32:39] planet 40: queue busy, throttled building_robot_factory
[08:32:39] planet 40: queue busy, throttled building_robot_factory
[08:32:39] research: blocked research_energy_technology (building_laboratory 0/1)
[2026-05-12 08:33:03] ==== loop 240/∞ | seed=750097226857509259 archetype=balanced personality=minero focus=tech actions_per_loop=3 ====
[08:33:03] planet 40: queue busy, throttled building_robot_factory
[08:33:03] planet 40: queue busy, throttled building_robot_factory
[08:33:03] planet 40: queue busy, throttled building_robot_factory
[08:33:03] research: blocked research_energy_technology (building_laboratory 0/1)
[2026-05-12 08:33:26] ==== loop 241/∞ | seed=750097226857509259 archetype=balanced personality=minero focus=tech actions_per_loop=3 ====
[08:33:26] planet 40: queue busy, throttled building_robot_factory
[08:33:26] planet 40: queue busy, throttled building_robot_factory
[08:33:26] planet 40: queue busy, throttled building_robot_factory
[2026-05-12 08:33:44] ==== loop 242/∞ | seed=750097226857509259 archetype=balanced personality=minero focus=tech actions_per_loop=3 ====
[08:33:44] planet 40: queue busy, throttled building_robot_factory
[08:33:44] planet 40: queue busy, throttled building_robot_factory
[08:33:44] planet 40: queue busy, throttled building_robot_factory
[08:33:44] research: blocked research_energy_technology (building_laboratory 0/1)
[2026-05-12 08:34:08] ==== loop 243/∞ | seed=750097226857509259 archetype=balanced personality=minero focus=tech actions_per_loop=3 ====
[08:34:08] planet 40: queue busy, throttled building_robot_factory
[08:34:08] planet 40: queue busy, throttled building_robot_factory
[08:34:08] planet 40: queue busy, throttled building_robot_factory
[08:34:08] research: blocked research_energy_technology (building_laboratory 0/1)
[2026-05-12 08:34:28] ==== loop 244/∞ | seed=750097226857509259 archetype=balanced personality=minero focus=tech actions_per_loop=3 ====
[08:34:28] planet 40: queue busy, throttled building_robot_factory
[08:34:28] planet 40: queue busy, throttled building_robot_factory
[08:34:28] planet 40: queue busy, throttled building_robot_factory
[2026-05-12 08:34:50] ==== loop 245/∞ | seed=750097226857509259 archetype=balanced personality=minero focus=tech actions_per_loop=3 ====
[08:34:50] planet 40: queue busy, throttled building_robot_factory
[08:34:50] planet 40: queue busy, throttled building_robot_factory
[08:34:50] planet 40: queue busy, throttled building_robot_factory
[2026-05-12 08:35:13] ==== loop 246/∞ | seed=750097226857509259 archetype=balanced personality=minero focus=tech actions_per_loop=3 ====
[08:35:13] planet 40: queue busy, throttled building_robot_factory
[08:35:13] planet 40: queue busy, throttled building_robot_factory
[08:35:13] planet 40: queue busy, throttled building_robot_factory
[2026-05-12 08:35:35] ==== loop 247/∞ | seed=750097226857509259 archetype=balanced personality=minero focus=tech actions_per_loop=3 ====
[08:35:35] planet 40: queue busy, throttled building_robot_factory
[08:35:35] planet 40: queue busy, throttled building_robot_factory
[08:35:35] planet 40: queue busy, throttled building_robot_factory
[2026-05-12 08:35:55] ==== loop 248/∞ | seed=750097226857509259 archetype=balanced personality=minero focus=tech actions_per_loop=3 ====
[08:35:55] planet 40: queue busy, throttled building_robot_factory
[08:35:55] planet 40: queue busy, throttled building_robot_factory
[08:35:55] planet 40: queue busy, throttled building_robot_factory
[2026-05-12 08:36:18] ==== loop 249/∞ | seed=750097226857509259 archetype=balanced personality=minero focus=tech actions_per_loop=3 ====
[08:36:18] planet 40: queue busy, throttled building_robot_factory
[08:36:18] planet 40: queue busy, throttled building_robot_factory
[08:36:18] planet 40: queue busy, throttled building_robot_factory
[2026-05-12 08:36:40] ==== loop 250/∞ | seed=750097226857509259 archetype=balanced personality=minero focus=tech actions_per_loop=3 ====
[08:36:40] planet 40: queue busy, throttled building_robot_factory
[08:36:40] planet 40: queue busy, throttled building_robot_factory
[08:36:40] planet 40: queue busy, throttled building_robot_factory
[08:36:40] research: blocked research_energy_technology (building_laboratory 0/1)
[2026-05-12 08:37:05] ==== loop 251/∞ | seed=750097226857509259 archetype=balanced personality=minero focus=tech actions_per_loop=3 ====
[08:37:05] planet 40: queue busy, throttled building_robot_factory
[08:37:05] planet 40: queue busy, throttled building_robot_factory
[08:37:05] planet 40: queue busy, throttled building_robot_factory
[08:37:05] research: blocked research_energy_technology (building_laboratory 0/1)
[2026-05-12 08:37:27] ==== loop 252/∞ | seed=750097226857509259 archetype=balanced personality=minero focus=tech actions_per_loop=3 ====
[08:37:27] planet 40: queue busy, throttled building_robot_factory
[08:37:27] planet 40: queue busy, throttled building_robot_factory
[08:37:27] planet 40: queue busy, throttled building_robot_factory
[08:37:27] research: blocked research_energy_technology (building_laboratory 0/1)
[2026-05-12 08:37:51] ==== loop 253/∞ | seed=750097226857509259 archetype=balanced personality=minero focus=tech actions_per_loop=3 ====
[08:37:51] planet 40: queue busy, throttled building_robot_factory
[08:37:51] planet 40: queue busy, throttled building_robot_factory
[08:37:51] research: blocked research_energy_technology (building_laboratory 0/1)
[2026-05-12 08:38:13] ==== loop 254/∞ | seed=750097226857509259 archetype=balanced personality=minero focus=tech actions_per_loop=3 ====
[08:38:13] planet 40: queue busy, throttled building_robot_factory
[08:38:13] planet 40: queue busy, throttled building_robot_factory
[08:38:13] planet 40: queue busy, throttled building_robot_factory
[08:38:13] research: blocked research_energy_technology (building_laboratory 0/1)
[2026-05-12 08:38:35] ==== loop 255/∞ | seed=750097226857509259 archetype=balanced personality=minero focus=tech actions_per_loop=3 ====
[08:38:35] planet 40: queue busy, throttled building_robot_factory
[08:38:35] planet 40: queue busy, throttled building_robot_factory
[08:38:35] planet 40: queue busy, throttled building_robot_factory
[2026-05-12 08:39:00] ==== loop 256/∞ | seed=750097226857509259 archetype=balanced personality=minero focus=tech actions_per_loop=3 ====
[08:39:00] planet 40: queue busy, throttled building_robot_factory
[08:39:00] planet 40: queue busy, throttled building_robot_factory
[08:39:00] planet 40: queue busy, throttled building_robot_factory
[08:39:00] research: blocked research_energy_technology (building_laboratory 0/1)
[2026-05-12 08:39:22] ==== loop 257/∞ | seed=750097226857509259 archetype=balanced personality=minero focus=tech actions_per_loop=3 ====
[08:39:22] planet 40: queue busy, throttled building_robot_factory
[08:39:22] planet 40: queue busy, throttled building_robot_factory
[08:39:22] planet 40: queue busy, throttled building_robot_factory
[08:39:22] research: blocked research_energy_technology (building_laboratory 0/1)
[2026-05-12 08:39:43] ==== loop 258/∞ | seed=750097226857509259 archetype=balanced personality=minero focus=tech actions_per_loop=3 ====
[08:39:43] planet 40: queue busy, throttled building_robot_factory
[08:39:43] planet 40: queue busy, throttled building_robot_factory
[08:39:43] planet 40: queue busy, throttled building_robot_factory
[2026-05-12 08:40:03] ==== loop 259/∞ | seed=750097226857509259 archetype=balanced personality=minero focus=tech actions_per_loop=3 ====
[08:40:03] planet 40: queue busy, throttled building_robot_factory
[08:40:03] planet 40: queue busy, throttled building_robot_factory
[08:40:03] planet 40: queue busy, throttled building_robot_factory
[2026-05-12 08:40:24] ==== loop 260/∞ | seed=750097226857509259 archetype=balanced personality=minero focus=tech actions_per_loop=3 ====
[08:40:24] planet 40: queue busy, throttled building_robot_factory
[08:40:24] planet 40: queue busy, throttled building_robot_factory
[08:40:24] planet 40: queue busy, throttled building_robot_factory
[08:40:24] research: blocked research_energy_technology (building_laboratory 0/1)
[2026-05-12 08:40:48] ==== loop 261/∞ | seed=750097226857509259 archetype=balanced personality=minero focus=tech actions_per_loop=3 ====
[08:40:48] planet 40: queue busy, throttled building_robot_factory
[08:40:48] planet 40: queue busy, throttled building_robot_factory
[08:40:48] planet 40: queue busy, throttled building_robot_factory
[2026-05-12 08:41:08] ==== loop 262/∞ | seed=750097226857509259 archetype=balanced personality=minero focus=tech actions_per_loop=3 ====
[08:41:08] planet 40: queue busy, throttled building_robot_factory
[08:41:08] planet 40: queue busy, throttled building_robot_factory
[08:41:08] planet 40: queue busy, throttled building_robot_factory
[08:41:08] research: blocked research_energy_technology (building_laboratory 0/1)
[2026-05-12 08:41:30] ==== loop 263/∞ | seed=750097226857509259 archetype=balanced personality=minero focus=tech actions_per_loop=3 ====
[08:41:30] planet 40: queue busy, throttled building_robot_factory
[08:41:30] planet 40: queue busy, throttled building_robot_factory
[08:41:30] planet 40: queue busy, throttled building_robot_factory
[2026-05-12 08:41:50] ==== loop 264/∞ | seed=750097226857509259 archetype=balanced personality=minero focus=tech actions_per_loop=3 ====
[08:41:50] planet 40: queue busy, throttled building_robot_factory
[08:41:50] planet 40: queue busy, throttled building_robot_factory
[08:41:50] planet 40: queue busy, throttled building_robot_factory
[08:41:50] research: blocked research_energy_technology (building_laboratory 0/1)
[2026-05-12 08:42:11] ==== loop 265/∞ | seed=750097226857509259 archetype=balanced personality=minero focus=tech actions_per_loop=3 ====
[08:42:11] planet 40: queue busy, throttled building_robot_factory
[08:42:11] planet 40: queue busy, throttled building_robot_factory
[08:42:11] planet 40: queue busy, throttled building_robot_factory
[08:42:11] research: blocked research_energy_technology (building_laboratory 0/1)
[2026-05-12 08:42:34] ==== loop 266/∞ | seed=750097226857509259 archetype=balanced personality=minero focus=tech actions_per_loop=3 ====
[08:42:34] planet 40: queue busy, throttled building_robot_factory
[08:42:34] planet 40: queue busy, throttled building_robot_factory
[08:42:34] planet 40: queue busy, throttled building_robot_factory
[2026-05-12 08:42:55] ==== loop 267/∞ | seed=750097226857509259 archetype=balanced personality=minero focus=tech actions_per_loop=3 ====
[08:42:55] planet 40: queue busy, throttled building_robot_factory
[08:42:55] planet 40: queue busy, throttled building_robot_factory
[08:42:55] planet 40: queue busy, throttled building_robot_factory
[08:42:55] research: blocked research_energy_technology (building_laboratory 0/1)
[2026-05-12 08:43:14] ==== loop 268/∞ | seed=750097226857509259 archetype=balanced personality=minero focus=tech actions_per_loop=3 ====
[08:43:14] planet 40: queue busy, throttled building_robot_factory
[08:43:14] planet 40: queue busy, throttled building_robot_factory
[08:43:14] planet 40: queue busy, throttled building_robot_factory
[08:43:14] research: blocked research_energy_technology (building_laboratory 0/1)
[2026-05-12 08:43:34] ==== loop 269/∞ | seed=750097226857509259 archetype=balanced personality=minero focus=tech actions_per_loop=3 ====
[08:43:34] planet 40: queue busy, throttled building_robot_factory
[08:43:34] planet 40: queue busy, throttled building_robot_factory
[08:43:34] planet 40: queue busy, throttled building_robot_factory
[08:43:34] research: blocked research_energy_technology (building_laboratory 0/1)
[2026-05-12 08:43:55] ==== loop 270/∞ | seed=750097226857509259 archetype=balanced personality=minero focus=tech actions_per_loop=3 ====
[08:43:55] planet 40: queue busy, throttled building_robot_factory
[08:43:55] planet 40: queue busy, throttled building_robot_factory
[08:43:55] research: blocked research_energy_technology (building_laboratory 0/1)
[2026-05-12 08:44:13] ==== loop 271/∞ | seed=750097226857509259 archetype=balanced personality=minero focus=tech actions_per_loop=3 ====
[08:44:13] planet 40: queue busy, throttled building_robot_factory
[08:44:13] planet 40: queue busy, throttled building_robot_factory
[08:44:13] planet 40: queue busy, throttled building_robot_factory
[08:44:13] research: blocked research_energy_technology (building_laboratory 0/1)
[2026-05-12 08:44:30] ==== loop 272/∞ | seed=750097226857509259 archetype=balanced personality=minero focus=tech actions_per_loop=3 ====
[08:44:30] planet 40: queue busy, throttled building_robot_factory
[08:44:30] planet 40: queue busy, throttled building_robot_factory
[08:44:30] planet 40: queue busy, throttled building_robot_factory
[08:44:30] research: blocked research_energy_technology (building_laboratory 0/1)
[2026-05-12 08:44:52] ==== loop 273/∞ | seed=750097226857509259 archetype=balanced personality=minero focus=tech actions_per_loop=3 ====
[08:44:52] planet 40: queue busy, throttled building_robot_factory
[08:44:52] planet 40: queue busy, throttled building_robot_factory
[08:44:52] planet 40: queue busy, throttled building_robot_factory
[08:44:52] research: blocked research_energy_technology (building_laboratory 0/1)
[2026-05-12 08:45:13] ==== loop 274/∞ | seed=750097226857509259 archetype=balanced personality=minero focus=tech actions_per_loop=3 ====
[08:45:13] planet 40: queue busy, throttled building_robot_factory
[08:45:13] planet 40: queue busy, throttled building_robot_factory
[08:45:13] research: blocked research_energy_technology (building_laboratory 0/1)
[2026-05-12 08:45:31] ==== loop 275/∞ | seed=750097226857509259 archetype=balanced personality=minero focus=tech actions_per_loop=3 ====
[08:45:31] planet 40: queue busy, throttled building_robot_factory
[08:45:31] planet 40: queue busy, throttled building_robot_factory
[08:45:31] planet 40: queue busy, throttled building_robot_factory
[08:45:31] research: blocked research_energy_technology (building_laboratory 0/1)
[2026-05-12 08:45:53] ==== loop 276/∞ | seed=750097226857509259 archetype=balanced personality=minero focus=tech actions_per_loop=3 ====
[08:45:53] planet 40: queue busy, throttled building_robot_factory
[08:45:53] planet 40: queue busy, throttled building_robot_factory
[08:45:53] planet 40: queue busy, throttled building_robot_factory
[08:45:53] research: blocked research_energy_technology (building_laboratory 0/1)
[2026-05-12 08:46:16] ==== loop 277/∞ | seed=750097226857509259 archetype=balanced personality=minero focus=tech actions_per_loop=3 ====
[08:46:16] planet 40: queue busy, throttled building_robot_factory
[08:46:16] planet 40: queue busy, throttled building_robot_factory
[08:46:16] planet 40: queue busy, throttled building_robot_factory
[2026-05-12 08:46:36] ==== loop 278/∞ | seed=750097226857509259 archetype=balanced personality=minero focus=tech actions_per_loop=3 ====
[08:46:36] planet 40: queue busy, throttled building_robot_factory
[08:46:36] planet 40: queue busy, throttled building_robot_factory
[08:46:36] research: blocked research_energy_technology (building_laboratory 0/1)
[2026-05-12 08:46:57] ==== loop 279/∞ | seed=750097226857509259 archetype=balanced personality=minero focus=tech actions_per_loop=3 ====
[08:46:57] planet 40: queue busy, throttled building_robot_factory
[08:46:57] planet 40: queue busy, throttled building_robot_factory
[08:46:57] research: blocked research_energy_technology (building_laboratory 0/1)
[2026-05-12 08:47:18] ==== loop 280/∞ | seed=750097226857509259 archetype=balanced personality=minero focus=tech actions_per_loop=3 ====
[08:47:18] planet 40: queue busy, throttled building_robot_factory
[08:47:18] planet 40: queue busy, throttled building_robot_factory
[08:47:18] research: blocked research_energy_technology (building_laboratory 0/1)
[2026-05-12 08:47:37] ==== loop 281/∞ | seed=750097226857509259 archetype=balanced personality=minero focus=tech actions_per_loop=3 ====
[08:47:37] planet 40: queue busy, throttled building_robot_factory
[08:47:37] planet 40: queue busy, throttled building_robot_factory
[08:47:37] planet 40: queue busy, throttled building_robot_factory
[2026-05-12 08:47:58] ==== loop 282/∞ | seed=750097226857509259 archetype=balanced personality=minero focus=tech actions_per_loop=3 ====
[08:47:58] planet 40: queue busy, throttled building_robot_factory
[08:47:58] planet 40: queue busy, throttled building_robot_factory
[08:47:58] planet 40: queue busy, throttled building_robot_factory
[08:47:58] research: blocked research_energy_technology (building_laboratory 0/1)
[2026-05-12 08:48:16] ==== loop 283/∞ | seed=750097226857509259 archetype=balanced personality=minero focus=tech actions_per_loop=3 ====
[08:48:16] planet 40: queue busy, throttled building_robot_factory
[08:48:16] planet 40: queue busy, throttled building_robot_factory
[08:48:16] planet 40: queue busy, throttled building_robot_factory
[2026-05-12 08:48:36] ==== loop 284/∞ | seed=750097226857509259 archetype=balanced personality=minero focus=tech actions_per_loop=3 ====
[08:48:36] planet 40: queue busy, throttled building_robot_factory
[08:48:36] planet 40: queue busy, throttled building_robot_factory
[08:48:36] planet 40: queue busy, throttled building_robot_factory
[08:48:36] research: blocked research_energy_technology (building_laboratory 0/1)
[2026-05-12 08:48:56] ==== loop 285/∞ | seed=750097226857509259 archetype=balanced personality=minero focus=tech actions_per_loop=3 ====
[08:48:56] planet 40: queue busy, throttled building_robot_factory
[08:48:56] planet 40: queue busy, throttled building_robot_factory
[08:48:56] planet 40: queue busy, throttled building_robot_factory
[08:48:56] research: blocked research_energy_technology (building_laboratory 0/1)
[2026-05-12 08:49:13] ==== loop 286/∞ | seed=750097226857509259 archetype=balanced personality=minero focus=tech actions_per_loop=3 ====
[08:49:13] planet 40: queue busy, throttled building_robot_factory
[08:49:13] planet 40: queue busy, throttled building_robot_factory
[08:49:13] planet 40: queue busy, throttled building_robot_factory
[2026-05-12 08:49:30] ==== loop 287/∞ | seed=750097226857509259 archetype=balanced personality=minero focus=tech actions_per_loop=3 ====
[08:49:30] planet 40: queue busy, throttled building_robot_factory
[08:49:30] planet 40: queue busy, throttled building_robot_factory
[08:49:30] planet 40: queue busy, throttled building_robot_factory
[2026-05-12 08:49:48] ==== loop 288/∞ | seed=750097226857509259 archetype=balanced personality=minero focus=tech actions_per_loop=3 ====
[08:49:48] planet 40: queue busy, throttled building_robot_factory
[08:49:48] planet 40: queue busy, throttled building_robot_factory
[2026-05-12 08:50:08] ==== loop 289/∞ | seed=750097226857509259 archetype=balanced personality=minero focus=tech actions_per_loop=3 ====
[08:50:08] planet 40: queue busy, throttled building_robot_factory
[08:50:08] planet 40: queue busy, throttled building_robot_factory
[08:50:08] planet 40: queue busy, throttled building_robot_factory
[08:50:08] research: blocked research_energy_technology (building_laboratory 0/1)
[2026-05-12 08:50:27] ==== loop 290/∞ | seed=750097226857509259 archetype=balanced personality=minero focus=tech actions_per_loop=3 ====
[08:50:27] planet 40: queue busy, throttled building_robot_factory
[08:50:27] planet 40: queue busy, throttled building_robot_factory
[08:50:27] planet 40: queue busy, throttled building_robot_factory
[2026-05-12 08:50:46] ==== loop 291/∞ | seed=750097226857509259 archetype=balanced personality=minero focus=tech actions_per_loop=3 ====
[08:50:46] planet 40: queue busy, throttled building_robot_factory
[08:50:46] planet 40: queue busy, throttled building_robot_factory
[08:50:46] planet 40: queue busy, throttled building_robot_factory
[08:50:46] research: blocked research_energy_technology (building_laboratory 0/1)
[2026-05-12 08:51:09] ==== loop 292/∞ | seed=750097226857509259 archetype=balanced personality=minero focus=tech actions_per_loop=3 ====
[08:51:09] planet 40: queue busy, throttled building_robot_factory
[08:51:09] planet 40: queue busy, throttled building_robot_factory
[08:51:09] planet 40: queue busy, throttled building_robot_factory
[08:51:09] research: blocked research_energy_technology (building_laboratory 0/1)
[2026-05-12 08:51:29] ==== loop 293/∞ | seed=750097226857509259 archetype=balanced personality=minero focus=tech actions_per_loop=3 ====
[08:51:29] planet 40: queue busy, throttled building_robot_factory
[08:51:29] planet 40: queue busy, throttled building_robot_factory
[08:51:29] planet 40: queue busy, throttled building_robot_factory
[2026-05-12 08:51:54] ==== loop 294/∞ | seed=750097226857509259 archetype=balanced personality=minero focus=tech actions_per_loop=3 ====
[08:51:54] planet 40: queue busy, throttled building_robot_factory
[08:51:54] planet 40: queue busy, throttled building_robot_factory
[08:51:54] planet 40: queue busy, throttled building_robot_factory
[08:51:54] research: blocked research_energy_technology (building_laboratory 0/1)
[2026-05-12 08:52:16] ==== loop 295/∞ | seed=750097226857509259 archetype=balanced personality=minero focus=tech actions_per_loop=3 ====
[08:52:16] planet 40: queue busy, throttled building_robot_factory
[08:52:16] planet 40: queue busy, throttled building_robot_factory
[2026-05-12 08:52:40] ==== loop 296/∞ | seed=750097226857509259 archetype=balanced personality=minero focus=tech actions_per_loop=3 ====
[08:52:40] planet 40: queue busy, throttled building_robot_factory
[08:52:40] planet 40: queue busy, throttled building_robot_factory
[08:52:40] planet 40: queue busy, throttled building_robot_factory
[2026-05-12 08:53:03] ==== loop 297/∞ | seed=750097226857509259 archetype=balanced personality=minero focus=tech actions_per_loop=3 ====
[08:53:03] planet 40: queue busy, throttled building_robot_factory
[08:53:03] planet 40: queue busy, throttled building_robot_factory
[08:53:03] research: blocked research_energy_technology (building_laboratory 0/1)
[2026-05-12 08:53:28] ==== loop 298/∞ | seed=750097226857509259 archetype=balanced personality=minero focus=tech actions_per_loop=3 ====
[08:53:28] planet 40: queue busy, throttled building_robot_factory
[08:53:28] planet 40: queue busy, throttled building_robot_factory
[08:53:28] planet 40: queue busy, throttled building_robot_factory
[2026-05-12 08:53:50] ==== loop 299/∞ | seed=750097226857509259 archetype=balanced personality=minero focus=tech actions_per_loop=3 ====
[08:53:50] planet 40: queue busy, throttled building_robot_factory
[08:53:50] planet 40: queue busy, throttled building_robot_factory
[08:53:50] planet 40: queue busy, throttled building_robot_factory
[08:53:50] research: blocked research_energy_technology (building_laboratory 0/1)
[2026-05-12 08:54:13] ==== loop 300/∞ | seed=750097226857509259 archetype=balanced personality=minero focus=tech actions_per_loop=3 ====
[08:54:13] planet 40: queue busy, throttled building_robot_factory
[08:54:13] planet 40: queue busy, throttled building_robot_factory
[08:54:13] planet 40: queue busy, throttled building_robot_factory
[08:54:13] research: blocked research_energy_technology (building_laboratory 0/1)
[2026-05-12 08:54:34] ==== loop 301/∞ | seed=750097226857509259 archetype=balanced personality=minero focus=tech actions_per_loop=3 ====
[08:54:34] planet 40: queue busy, throttled building_robot_factory
[08:54:34] planet 40: queue busy, throttled building_robot_factory
[08:54:34] planet 40: queue busy, throttled building_robot_factory
[08:54:34] research: blocked research_energy_technology (building_laboratory 0/1)
[2026-05-12 08:54:56] ==== loop 302/∞ | seed=750097226857509259 archetype=balanced personality=minero focus=tech actions_per_loop=3 ====
[08:54:56] planet 40: queue busy, throttled building_robot_factory
[08:54:56] planet 40: queue busy, throttled building_robot_factory
[2026-05-12 08:55:17] ==== loop 303/∞ | seed=750097226857509259 archetype=balanced personality=minero focus=tech actions_per_loop=3 ====
[08:55:17] planet 40: queue busy, throttled building_robot_factory
[08:55:17] planet 40: queue busy, throttled building_robot_factory
[08:55:17] planet 40: queue busy, throttled building_robot_factory
[08:55:17] research: blocked research_energy_technology (building_laboratory 0/1)
[2026-05-12 08:55:41] ==== loop 304/∞ | seed=750097226857509259 archetype=balanced personality=minero focus=tech actions_per_loop=3 ====
[08:55:41] planet 40: queue busy, throttled building_robot_factory
[08:55:41] planet 40: queue busy, throttled building_robot_factory
[08:55:41] planet 40: queue busy, throttled building_robot_factory
[08:55:41] research: blocked research_energy_technology (building_laboratory 0/1)
[2026-05-12 08:56:02] ==== loop 305/∞ | seed=750097226857509259 archetype=balanced personality=minero focus=tech actions_per_loop=3 ====
[08:56:02] planet 40: queue busy, throttled building_robot_factory
[08:56:02] planet 40: queue busy, throttled building_robot_factory
[08:56:02] planet 40: queue busy, throttled building_robot_factory
[08:56:02] research: blocked research_energy_technology (building_laboratory 0/1)
[2026-05-12 08:56:25] ==== loop 306/∞ | seed=750097226857509259 archetype=balanced personality=minero focus=tech actions_per_loop=3 ====
[08:56:25] planet 40: queue busy, throttled building_robot_factory
[08:56:25] planet 40: queue busy, throttled building_robot_factory
[08:56:25] planet 40: queue busy, throttled building_robot_factory
[08:56:25] research: blocked research_energy_technology (building_laboratory 0/1)
[2026-05-12 08:56:49] ==== loop 307/∞ | seed=750097226857509259 archetype=balanced personality=minero focus=tech actions_per_loop=3 ====
[08:56:49] planet 40: queue busy, throttled building_robot_factory
[08:56:49] planet 40: queue busy, throttled building_robot_factory
[08:56:49] planet 40: queue busy, throttled building_robot_factory
[2026-05-12 08:57:10] ==== loop 308/∞ | seed=750097226857509259 archetype=balanced personality=minero focus=tech actions_per_loop=3 ====
[08:57:10] planet 40: queue busy, throttled building_robot_factory
[08:57:10] planet 40: queue busy, throttled building_robot_factory
[08:57:10] planet 40: queue busy, throttled building_robot_factory
[08:57:10] research: blocked research_energy_technology (building_laboratory 0/1)
[2026-05-12 08:57:34] ==== loop 309/∞ | seed=750097226857509259 archetype=balanced personality=minero focus=tech actions_per_loop=3 ====
[08:57:34] planet 40: queue busy, throttled building_robot_factory
[08:57:34] planet 40: queue busy, throttled building_robot_factory
[08:57:34] research: blocked research_energy_technology (building_laboratory 0/1)
[2026-05-12 08:57:59] ==== loop 310/∞ | seed=750097226857509259 archetype=balanced personality=minero focus=tech actions_per_loop=3 ====
[08:57:59] planet 40: queue busy, throttled building_robot_factory
[08:57:59] planet 40: queue busy, throttled building_robot_factory
[08:57:59] planet 40: queue busy, throttled building_robot_factory
[2026-05-12 08:58:22] ==== loop 311/∞ | seed=750097226857509259 archetype=balanced personality=minero focus=tech actions_per_loop=3 ====
[08:58:22] planet 40: queue busy, throttled building_robot_factory
[08:58:22] planet 40: queue busy, throttled building_robot_factory
[08:58:22] planet 40: queue busy, throttled building_robot_factory
[2026-05-12 08:58:44] ==== loop 312/∞ | seed=750097226857509259 archetype=balanced personality=minero focus=tech actions_per_loop=3 ====
[08:58:44] planet 40: queue busy, throttled building_robot_factory
[08:58:44] planet 40: queue busy, throttled building_robot_factory
[08:58:44] planet 40: queue busy, throttled building_robot_factory
[2026-05-12 08:59:10] ==== loop 313/∞ | seed=750097226857509259 archetype=balanced personality=minero focus=tech actions_per_loop=3 ====
[08:59:10] planet 40: queue busy, throttled building_robot_factory
[08:59:10] planet 40: queue busy, throttled building_robot_factory
[08:59:10] planet 40: queue busy, throttled building_robot_factory
[2026-05-12 08:59:36] ==== loop 314/∞ | seed=750097226857509259 archetype=balanced personality=minero focus=tech actions_per_loop=3 ====
[08:59:36] planet 40: queue busy, throttled building_robot_factory
[08:59:36] planet 40: queue busy, throttled building_robot_factory
[08:59:36] planet 40: queue busy, throttled building_robot_factory
[2026-05-12 08:59:55] ==== loop 315/∞ | seed=750097226857509259 archetype=balanced personality=minero focus=tech actions_per_loop=3 ====
[08:59:55] planet 40: queue busy, throttled building_robot_factory
[08:59:55] planet 40: queue busy, throttled building_robot_factory
[08:59:55] planet 40: queue busy, throttled building_robot_factory
[08:59:55] research: blocked research_energy_technology (building_laboratory 0/1)
[2026-05-12 09:00:19] ==== loop 316/∞ | seed=750097226857509259 archetype=balanced personality=minero focus=tech actions_per_loop=3 ====
[09:00:19] planet 40: queue busy, throttled building_robot_factory
[09:00:19] planet 40: queue busy, throttled building_robot_factory
[09:00:19] research: blocked research_energy_technology (building_laboratory 0/1)
[2026-05-12 09:00:41] ==== loop 317/∞ | seed=750097226857509259 archetype=balanced personality=minero focus=tech actions_per_loop=3 ====
[09:00:41] planet 40: queue busy, throttled building_robot_factory
[09:00:41] planet 40: queue busy, throttled building_robot_factory
[09:00:41] planet 40: queue busy, throttled building_robot_factory
[09:00:41] research: blocked research_energy_technology (building_laboratory 0/1)
[2026-05-12 09:01:05] ==== loop 318/∞ | seed=750097226857509259 archetype=balanced personality=minero focus=tech actions_per_loop=3 ====
[09:01:05] planet 40: queue busy, throttled building_robot_factory
[09:01:05] planet 40: queue busy, throttled building_robot_factory
[09:01:05] planet 40: queue busy, throttled building_robot_factory
[2026-05-12 09:01:24] ==== loop 319/∞ | seed=750097226857509259 archetype=balanced personality=minero focus=tech actions_per_loop=3 ====
[09:01:24] planet 40: queue busy, throttled building_robot_factory
[09:01:24] planet 40: queue busy, throttled building_robot_factory
[09:01:24] planet 40: queue busy, throttled building_robot_factory
[09:01:24] research: blocked research_energy_technology (building_laboratory 0/1)
[2026-05-12 09:01:46] ==== loop 320/∞ | seed=750097226857509259 archetype=balanced personality=minero focus=tech actions_per_loop=3 ====
[09:01:46] planet 40: queue busy, throttled building_robot_factory
[09:01:46] planet 40: queue busy, throttled building_robot_factory
[09:01:46] research: blocked research_energy_technology (building_laboratory 0/1)
[2026-05-12 09:02:09] ==== loop 321/∞ | seed=750097226857509259 archetype=balanced personality=minero focus=tech actions_per_loop=3 ====
[09:02:09] planet 40: queue busy, throttled building_robot_factory
[09:02:09] planet 40: queue busy, throttled building_robot_factory
[09:02:09] planet 40: queue busy, throttled building_robot_factory
[2026-05-12 09:02:30] ==== loop 322/∞ | seed=750097226857509259 archetype=balanced personality=minero focus=tech actions_per_loop=3 ====
[09:02:30] planet 40: queue busy, throttled building_robot_factory
[09:02:30] planet 40: queue busy, throttled building_robot_factory
[09:02:30] planet 40: queue busy, throttled building_robot_factory
[2026-05-12 09:02:51] ==== loop 1/∞ | seed=750097226857509259 archetype=balanced personality=minero focus=tech actions_per_loop=3 ====
[09:02:51] planet 40: queued building_solar_plant to 19
[2026-05-12 09:03:35] ==== loop 2/∞ | seed=750097226857509259 archetype=balanced personality=minero focus=tech actions_per_loop=3 ====
[09:03:37] planet 40: building queue full (5)
[09:03:37] planet 40: building queue full (5)
[09:03:37] planet 40: building queue full (5)
[2026-05-12 09:04:15] ==== loop 3/∞ | seed=750097226857509259 archetype=balanced personality=minero focus=tech actions_per_loop=3 ====
[09:04:16] planet 40: building queue full (5)
[09:04:16] planet 40: building queue full (5)
[09:04:16] research: blocked research_energy_technology (building_laboratory 0/1)
[2026-05-12 09:04:57] ==== loop 4/∞ | seed=750097226857509259 archetype=balanced personality=minero focus=tech actions_per_loop=3 ====
[09:05:00] planet 40: building queue full (5)
[09:05:00] planet 40: building queue full (5)
[09:05:00] planet 40: building queue full (5)
[2026-05-12 09:05:43] ==== loop 5/∞ | seed=750097226857509259 archetype=balanced personality=minero focus=tech actions_per_loop=3 ====
[09:05:44] planet 40: building queue full (5)
[09:05:44] planet 40: building queue full (5)
[09:05:44] planet 40: building queue full (5)
[2026-05-12 09:06:20] ==== loop 6/∞ | seed=750097226857509259 archetype=balanced personality=minero focus=tech actions_per_loop=3 ====
[09:06:22] planet 40: building queue full (5)
[09:06:22] planet 40: building queue full (5)
[09:06:22] planet 40: building queue full (5)
[2026-05-12 09:07:05] ==== loop 7/∞ | seed=750097226857509259 archetype=balanced personality=minero focus=tech actions_per_loop=3 ====
[09:07:07] planet 40: building queue full (5)
[09:07:07] planet 40: building queue full (5)
[09:07:07] planet 40: building queue full (5)
[09:07:07] research: blocked research_energy_technology (building_laboratory 0/1)
[2026-05-12 09:07:53] ==== loop 8/∞ | seed=750097226857509259 archetype=balanced personality=minero focus=tech actions_per_loop=3 ====
[09:07:56] planet 40: building queue full (5)
[09:07:56] planet 40: building queue full (5)
[09:07:56] planet 40: building queue full (5)
[09:07:56] research: blocked research_energy_technology (building_laboratory 0/1)
[2026-05-12 09:08:32] ==== loop 9/∞ | seed=750097226857509259 archetype=balanced personality=minero focus=tech actions_per_loop=3 ====
[09:08:34] planet 40: building queue full (5)
[09:08:34] planet 40: building queue full (5)
[09:08:34] planet 40: building queue full (5)
[2026-05-12 09:09:16] ==== loop 10/∞ | seed=750097226857509259 archetype=balanced personality=minero focus=tech actions_per_loop=3 ====
[09:09:17] planet 40: building queue full (5)
[09:09:17] planet 40: building queue full (5)
[09:09:17] planet 40: building queue full (5)
[09:09:17] research: blocked research_energy_technology (building_laboratory 0/1)
[2026-05-12 09:10:04] ==== loop 11/∞ | seed=750097226857509259 archetype=balanced personality=minero focus=tech actions_per_loop=3 ====
[09:10:06] planet 40: building queue full (5)
[09:10:06] planet 40: building queue full (5)
[09:10:06] planet 40: building queue full (5)
[09:10:06] research: blocked research_energy_technology (building_laboratory 0/1)
[2026-05-12 09:10:44] ==== loop 12/∞ | seed=750097226857509259 archetype=balanced personality=minero focus=tech actions_per_loop=3 ====
[09:10:46] planet 40: building queue full (5)
[09:10:46] planet 40: building queue full (5)
[09:10:46] planet 40: building queue full (5)
[09:10:46] research: blocked research_energy_technology (building_laboratory 0/1)
[2026-05-12 09:11:24] ==== loop 13/∞ | seed=750097226857509259 archetype=balanced personality=minero focus=tech actions_per_loop=3 ====
[09:11:26] planet 40: building queue full (5)
[09:11:26] planet 40: building queue full (5)
[09:11:26] planet 40: building queue full (5)
[2026-05-12 09:12:08] ==== loop 14/∞ | seed=750097226857509259 archetype=balanced personality=minero focus=tech actions_per_loop=3 ====
[09:12:11] planet 40: building queue full (5)
[09:12:11] planet 40: building queue full (5)
[09:12:11] planet 40: building queue full (5)
[2026-05-12 09:12:56] ==== loop 15/∞ | seed=750097226857509259 archetype=balanced personality=minero focus=tech actions_per_loop=3 ====
[09:12:57] planet 40: building queue full (5)
[09:12:57] planet 40: building queue full (5)
[09:12:57] planet 40: building queue full (5)
[2026-05-12 09:13:42] ==== loop 16/∞ | seed=750097226857509259 archetype=balanced personality=minero focus=tech actions_per_loop=3 ====
[09:13:45] planet 40: building queue full (5)
[09:13:45] planet 40: building queue full (5)
[09:13:45] planet 40: building queue full (5)
[2026-05-12 09:14:32] ==== loop 17/∞ | seed=750097226857509259 archetype=balanced personality=minero focus=tech actions_per_loop=3 ====
[09:14:34] planet 40: building queue full (5)
[09:14:34] planet 40: building queue full (5)
[09:14:34] planet 40: building queue full (5)
[2026-05-12 09:15:16] ==== loop 18/∞ | seed=750097226857509259 archetype=balanced personality=minero focus=tech actions_per_loop=3 ====
[09:15:17] planet 40: building queue full (5)
[09:15:17] planet 40: building queue full (5)
[2026-05-12 09:16:03] ==== loop 19/∞ | seed=750097226857509259 archetype=balanced personality=minero focus=tech actions_per_loop=3 ====
[09:16:06] planet 40: building queue full (5)
[09:16:06] planet 40: building queue full (5)
[09:16:06] planet 40: building queue full (5)
[09:16:06] research: blocked research_energy_technology (building_laboratory 0/1)
[2026-05-12 09:16:49] ==== loop 20/∞ | seed=750097226857509259 archetype=balanced personality=minero focus=tech actions_per_loop=3 ====
[09:16:51] planet 40: building queue full (5)
[09:16:51] planet 40: building queue full (5)
[09:16:51] planet 40: building queue full (5)
[09:16:51] research: blocked research_energy_technology (building_laboratory 0/1)
[2026-05-12 09:17:35] ==== loop 21/∞ | seed=750097226857509259 archetype=balanced personality=minero focus=tech actions_per_loop=3 ====
[09:17:37] planet 40: building queue full (5)
[09:17:37] planet 40: building queue full (5)
[2026-05-12 09:18:24] ==== loop 22/∞ | seed=750097226857509259 archetype=balanced personality=minero focus=tech actions_per_loop=3 ====
[09:18:25] planet 40: building queue full (5)
[09:18:25] planet 40: building queue full (5)
[09:18:25] planet 40: building queue full (5)
[2026-05-12 09:18:56] ==== loop 1/∞ | seed=750097226857509259 archetype=balanced personality=minero focus=tech actions_per_loop=3 ====
[09:18:59] planet 40: building queue full (5)
[09:18:59] planet 40: building queue full (5)
[09:18:59] planet 40: building queue full (5)
[2026-05-12 09:19:48] ==== loop 2/∞ | seed=750097226857509259 archetype=balanced personality=minero focus=tech actions_per_loop=3 ====
[09:19:51] planet 40: building queue full (5)
[09:19:51] planet 40: building queue full (5)
[09:19:51] planet 40: building queue full (5)
[2026-05-12 09:20:30] ==== loop 3/∞ | seed=750097226857509259 archetype=balanced personality=minero focus=tech actions_per_loop=3 ====
[09:20:31] planet 40: building queue full (5)
[09:20:31] planet 40: building queue full (5)
[09:20:31] planet 40: building queue full (5)
[09:20:31] research: blocked research_energy_technology (building_laboratory 0/1)
[2026-05-12 09:21:17] ==== loop 4/∞ | seed=750097226857509259 archetype=balanced personality=minero focus=tech actions_per_loop=3 ====
[09:21:18] planet 40: building queue full (5)
[09:21:18] planet 40: building queue full (5)
[09:21:18] research: blocked research_energy_technology (building_laboratory 0/1)
[2026-05-12 09:22:07] ==== loop 5/∞ | seed=750097226857509259 archetype=balanced personality=minero focus=tech actions_per_loop=3 ====
[09:22:09] planet 40: building queue full (5)
[09:22:09] planet 40: building queue full (5)
[09:22:09] planet 40: building queue full (5)
[09:22:09] research: blocked research_energy_technology (building_laboratory 0/1)
[2026-05-12 09:22:54] ==== loop 6/∞ | seed=750097226857509259 archetype=balanced personality=minero focus=tech actions_per_loop=3 ====
[09:22:57] planet 40: building queue full (5)
[09:22:57] planet 40: building queue full (5)
[09:22:57] planet 40: building queue full (5)
[2026-05-12 09:23:41] ==== loop 7/∞ | seed=750097226857509259 archetype=balanced personality=minero focus=tech actions_per_loop=3 ====
[09:23:43] planet 40: building queue full (5)
[09:23:43] planet 40: building queue full (5)
[09:23:43] planet 40: building queue full (5)
[2026-05-12 09:24:23] ==== loop 8/∞ | seed=750097226857509259 archetype=balanced personality=minero focus=tech actions_per_loop=3 ====
[09:24:23] planet 40: building queue full (5)
[09:24:23] planet 40: building queue full (5)
[2026-05-12 09:25:08] ==== loop 9/∞ | seed=750097226857509259 archetype=balanced personality=minero focus=tech actions_per_loop=3 ====
[09:25:11] planet 40: building queue full (5)
[09:25:11] planet 40: building queue full (5)
[09:25:11] planet 40: building queue full (5)
[09:25:11] research: blocked research_energy_technology (building_laboratory 0/1)
[2026-05-12 09:25:56] ==== loop 10/∞ | seed=750097226857509259 archetype=balanced personality=minero focus=tech actions_per_loop=3 ====
[09:25:58] planet 40: building queue full (5)
[09:25:58] planet 40: building queue full (5)
[09:25:58] planet 40: building queue full (5)
[2026-05-12 09:26:43] ==== loop 11/∞ | seed=750097226857509259 archetype=balanced personality=minero focus=tech actions_per_loop=3 ====
[09:26:45] planet 40: building queue full (5)
[09:26:45] planet 40: building queue full (5)
[09:26:45] planet 40: building queue full (5)
[2026-05-12 09:27:29] ==== loop 12/∞ | seed=750097226857509259 archetype=balanced personality=minero focus=tech actions_per_loop=3 ====
[09:27:31] planet 40: building queue full (5)
[09:27:31] planet 40: building queue full (5)
[09:27:31] planet 40: building queue full (5)
[2026-05-12 09:28:18] ==== loop 13/∞ | seed=750097226857509259 archetype=balanced personality=minero focus=tech actions_per_loop=3 ====
[09:28:20] planet 40: building queue full (5)
[09:28:20] planet 40: building queue full (5)
[09:28:20] planet 40: building queue full (5)
[2026-05-12 09:29:06] ==== loop 14/∞ | seed=750097226857509259 archetype=balanced personality=minero focus=tech actions_per_loop=3 ====
[09:29:08] planet 40: building queue full (5)
[09:29:08] planet 40: building queue full (5)
[09:29:08] planet 40: building queue full (5)
[2026-05-12 09:29:52] ==== loop 15/∞ | seed=750097226857509259 archetype=balanced personality=minero focus=tech actions_per_loop=3 ====
[09:29:52] planet 40: building queue full (5)
[09:29:52] planet 40: building queue full (5)
[09:29:52] research: blocked research_energy_technology (building_laboratory 0/1)
[2026-05-12 09:30:36] ==== loop 16/∞ | seed=750097226857509259 archetype=balanced personality=minero focus=tech actions_per_loop=3 ====
[09:30:39] planet 40: building queue full (5)
[09:30:39] planet 40: building queue full (5)
[09:30:39] planet 40: building queue full (5)
[09:30:39] research: blocked research_energy_technology (building_laboratory 0/1)
[2026-05-12 09:31:21] ==== loop 17/∞ | seed=750097226857509259 archetype=balanced personality=minero focus=tech actions_per_loop=3 ====
[09:31:23] planet 40: building queue full (5)
[09:31:23] planet 40: building queue full (5)
[09:31:23] planet 40: building queue full (5)
[2026-05-12 09:32:09] ==== loop 18/∞ | seed=750097226857509259 archetype=balanced personality=minero focus=tech actions_per_loop=3 ====
[09:32:10] planet 40: building queue full (5)
[09:32:10] planet 40: building queue full (5)
[09:32:10] research: blocked research_energy_technology (building_laboratory 0/1)
[2026-05-12 09:32:50] ==== loop 19/∞ | seed=750097226857509259 archetype=balanced personality=minero focus=tech actions_per_loop=3 ====
[09:32:52] planet 40: building queue full (5)
[09:32:52] planet 40: building queue full (5)
[09:32:52] planet 40: building queue full (5)
[2026-05-12 09:33:33] ==== loop 20/∞ | seed=750097226857509259 archetype=balanced personality=minero focus=tech actions_per_loop=3 ====
[09:33:34] planet 40: building queue full (5)
[09:33:34] planet 40: building queue full (5)
[09:33:34] planet 40: building queue full (5)
[2026-05-12 09:34:29] ==== loop 1/∞ | seed=750097226857509259 archetype=balanced personality=minero focus=tech actions_per_loop=3 ====
[09:34:30] planet 40: building queue full (5)
[09:34:30] planet 40: building queue full (5)
[09:34:30] planet 40: building queue full (5)
[09:34:30] research: blocked research_energy_technology (building_laboratory 0/1)
[2026-05-12 09:35:10] ==== loop 2/∞ | seed=750097226857509259 archetype=balanced personality=minero focus=tech actions_per_loop=3 ====
[09:35:11] planet 40: building queue full (5)
[09:35:11] planet 40: building queue full (5)
[09:35:11] research: blocked research_energy_technology (building_laboratory 0/1)
[2026-05-12 09:35:52] ==== loop 3/∞ | seed=750097226857509259 archetype=balanced personality=minero focus=tech actions_per_loop=3 ====
[09:35:54] planet 40: building queue full (5)
[09:35:54] planet 40: building queue full (5)
[09:35:54] planet 40: building queue full (5)
[09:35:54] research: blocked research_energy_technology (building_laboratory 0/1)
[2026-05-12 09:36:34] ==== loop 4/∞ | seed=750097226857509259 archetype=balanced personality=minero focus=tech actions_per_loop=3 ====
[09:36:35] planet 40: building queue full (5)
[09:36:35] planet 40: building queue full (5)
[09:36:35] planet 40: building queue full (5)
[09:36:35] research: blocked research_energy_technology (building_laboratory 0/1)
[2026-05-12 09:37:18] ==== loop 5/∞ | seed=750097226857509259 archetype=balanced personality=minero focus=tech actions_per_loop=3 ====
[09:37:19] planet 40: building queue full (5)
[09:37:19] planet 40: building queue full (5)
[2026-05-12 09:38:03] ==== loop 6/∞ | seed=750097226857509259 archetype=balanced personality=minero focus=tech actions_per_loop=3 ====
[09:38:05] planet 40: building queue full (5)
[09:38:05] planet 40: building queue full (5)
[09:38:05] planet 40: building queue full (5)
[2026-05-12 09:38:40] ==== loop 7/∞ | seed=750097226857509259 archetype=balanced personality=minero focus=tech actions_per_loop=3 ====
[09:38:41] planet 40: building queue full (5)
[09:38:41] planet 40: building queue full (5)
[09:38:41] research: blocked research_energy_technology (building_laboratory 0/1)
[2026-05-12 09:39:20] ==== loop 8/∞ | seed=750097226857509259 archetype=balanced personality=minero focus=tech actions_per_loop=3 ====
[09:39:22] planet 40: building queue full (5)
[09:39:22] planet 40: building queue full (5)
[09:39:22] research: blocked research_energy_technology (building_laboratory 0/1)
[2026-05-12 09:40:02] ==== loop 9/∞ | seed=750097226857509259 archetype=balanced personality=minero focus=tech actions_per_loop=3 ====
[09:40:04] planet 40: building queue full (5)
[09:40:04] planet 40: building queue full (5)
[09:40:04] planet 40: building queue full (5)
[2026-05-12 09:40:46] ==== loop 10/∞ | seed=750097226857509259 archetype=balanced personality=minero focus=tech actions_per_loop=3 ====
[09:40:47] planet 40: building queue full (5)
[09:40:47] planet 40: building queue full (5)
[09:40:47] planet 40: building queue full (5)
[2026-05-12 09:41:26] ==== loop 11/∞ | seed=750097226857509259 archetype=balanced personality=minero focus=tech actions_per_loop=3 ====
[09:41:28] planet 40: building queue full (5)
[09:41:28] planet 40: building queue full (5)
[09:41:28] planet 40: building queue full (5)
[2026-05-12 09:42:13] ==== loop 12/∞ | seed=750097226857509259 archetype=balanced personality=minero focus=tech actions_per_loop=3 ====
[09:42:14] planet 40: building queue full (5)
[09:42:14] planet 40: building queue full (5)
[2026-05-12 09:42:57] ==== loop 13/∞ | seed=750097226857509259 archetype=balanced personality=minero focus=tech actions_per_loop=3 ====
[09:42:59] planet 40: building queue full (5)
[09:42:59] planet 40: building queue full (5)
[09:42:59] planet 40: building queue full (5)
[09:42:59] research: blocked research_energy_technology (building_laboratory 0/1)
[2026-05-12 09:43:40] ==== loop 14/∞ | seed=750097226857509259 archetype=balanced personality=minero focus=tech actions_per_loop=3 ====
[09:43:42] planet 40: building queue full (5)
[09:43:42] planet 40: building queue full (5)
[09:43:42] planet 40: building queue full (5)
[2026-05-12 09:44:20] ==== loop 15/∞ | seed=750097226857509259 archetype=balanced personality=minero focus=tech actions_per_loop=3 ====
[09:44:21] planet 40: building queue full (5)
[09:44:21] planet 40: building queue full (5)
[09:44:21] research: blocked research_energy_technology (building_laboratory 0/1)
[2026-05-12 09:45:06] ==== loop 16/∞ | seed=750097226857509259 archetype=balanced personality=minero focus=tech actions_per_loop=3 ====
[09:45:09] planet 40: building queue full (5)
[09:45:09] planet 40: building queue full (5)
[09:45:09] planet 40: building queue full (5)
[09:45:09] research: blocked research_energy_technology (building_laboratory 0/1)
[2026-05-12 09:45:51] ==== loop 17/∞ | seed=750097226857509259 archetype=balanced personality=minero focus=tech actions_per_loop=3 ====
[09:45:53] planet 40: building queue full (5)
[09:45:53] planet 40: building queue full (5)
[09:45:53] planet 40: building queue full (5)
[09:45:53] research: blocked research_energy_technology (building_laboratory 0/1)
[2026-05-12 09:46:37] ==== loop 18/∞ | seed=750097226857509259 archetype=balanced personality=minero focus=tech actions_per_loop=3 ====
[09:46:39] planet 40: building queue full (5)
[09:46:39] planet 40: building queue full (5)
[09:46:39] planet 40: building queue full (5)
[2026-05-12 09:47:21] ==== loop 19/∞ | seed=750097226857509259 archetype=balanced personality=minero focus=tech actions_per_loop=3 ====
[09:47:22] planet 40: building queue full (5)
[09:47:22] planet 40: building queue full (5)
[09:47:22] research: blocked research_energy_technology (building_laboratory 0/1)
[2026-05-12 09:48:03] ==== loop 20/∞ | seed=750097226857509259 archetype=balanced personality=minero focus=tech actions_per_loop=3 ====
[09:48:06] planet 40: building queue full (5)
[09:48:06] planet 40: building queue full (5)
[09:48:06] planet 40: building queue full (5)
[09:48:06] research: blocked research_energy_technology (building_laboratory 0/1)
[2026-05-12 09:48:51] ==== loop 21/∞ | seed=750097226857509259 archetype=balanced personality=minero focus=tech actions_per_loop=3 ====
[09:48:53] planet 40: building queue full (5)
[09:48:53] planet 40: building queue full (5)
[09:48:53] planet 40: building queue full (5)
[09:48:53] research: blocked research_energy_technology (building_laboratory 0/1)
[2026-05-12 09:49:41] ==== loop 22/∞ | seed=750097226857509259 archetype=balanced personality=minero focus=tech actions_per_loop=3 ====
[09:49:42] planet 40: building queue full (5)
[09:49:42] planet 40: building queue full (5)
[09:49:42] planet 40: building queue full (5)
[2026-05-12 09:50:22] ==== loop 23/∞ | seed=750097226857509259 archetype=balanced personality=minero focus=tech actions_per_loop=3 ====
[09:50:24] planet 40: building queue full (5)
[09:50:24] planet 40: building queue full (5)
[09:50:24] planet 40: building queue full (5)
[2026-05-12 09:51:05] ==== loop 24/∞ | seed=750097226857509259 archetype=balanced personality=minero focus=tech actions_per_loop=3 ====
[09:51:07] planet 40: building queue full (5)
[09:51:07] planet 40: building queue full (5)
[09:51:07] planet 40: building queue full (5)
[09:51:07] research: blocked research_energy_technology (building_laboratory 0/1)
[2026-05-12 09:51:43] ==== loop 25/∞ | seed=750097226857509259 archetype=balanced personality=minero focus=tech actions_per_loop=3 ====
[09:51:46] planet 40: building queue full (5)
[09:51:46] planet 40: building queue full (5)
[09:51:46] planet 40: building queue full (5)
[09:51:46] research: blocked research_energy_technology (building_laboratory 0/1)
[2026-05-12 09:52:25] ==== loop 26/∞ | seed=750097226857509259 archetype=balanced personality=minero focus=tech actions_per_loop=3 ====
[09:52:27] planet 40: building queue full (5)
[09:52:27] planet 40: building queue full (5)
[09:52:27] planet 40: building queue full (5)
[09:52:27] research: blocked research_energy_technology (building_laboratory 0/1)
[2026-05-12 09:53:04] ==== loop 27/∞ | seed=750097226857509259 archetype=balanced personality=minero focus=tech actions_per_loop=3 ====
[09:53:06] planet 40: building queue full (5)
[09:53:06] planet 40: building queue full (5)
[09:53:06] planet 40: building queue full (5)
[09:53:06] research: blocked research_energy_technology (building_laboratory 0/1)
[2026-05-12 09:53:47] ==== loop 28/∞ | seed=750097226857509259 archetype=balanced personality=minero focus=tech actions_per_loop=3 ====
[09:53:50] planet 40: building queue full (5)
[09:53:50] planet 40: building queue full (5)
[09:53:50] planet 40: building queue full (5)
[2026-05-12 09:54:31] ==== loop 29/∞ | seed=750097226857509259 archetype=balanced personality=minero focus=tech actions_per_loop=3 ====
[09:54:33] planet 40: building queue full (5)
[09:54:33] planet 40: building queue full (5)
[09:54:33] planet 40: building queue full (5)
[2026-05-12 09:55:13] ==== loop 30/∞ | seed=750097226857509259 archetype=balanced personality=minero focus=tech actions_per_loop=3 ====
[09:55:15] planet 40: building queue full (5)
[09:55:15] planet 40: building queue full (5)
[09:55:15] planet 40: building queue full (5)
[09:55:15] research: blocked research_energy_technology (building_laboratory 0/1)
[2026-05-12 09:55:57] ==== loop 31/∞ | seed=750097226857509259 archetype=balanced personality=minero focus=tech actions_per_loop=3 ====
[09:55:58] planet 40: building queue full (5)
[09:55:58] planet 40: building queue full (5)
[09:55:58] planet 40: building queue full (5)
[09:55:58] research: blocked research_energy_technology (building_laboratory 0/1)
[2026-05-12 09:56:44] ==== loop 32/∞ | seed=750097226857509259 archetype=balanced personality=minero focus=tech actions_per_loop=3 ====
[09:56:45] planet 40: building queue full (5)
[09:56:45] planet 40: building queue full (5)
[09:56:45] planet 40: building queue full (5)
[09:56:45] research: blocked research_energy_technology (building_laboratory 0/1)
[2026-05-12 09:57:32] ==== loop 33/∞ | seed=750097226857509259 archetype=balanced personality=minero focus=tech actions_per_loop=3 ====
[09:57:34] planet 40: building queue full (5)
[09:57:34] planet 40: building queue full (5)
[09:57:34] research: blocked research_energy_technology (building_laboratory 0/1)
[2026-05-12 09:58:16] ==== loop 34/∞ | seed=750097226857509259 archetype=balanced personality=minero focus=tech actions_per_loop=3 ====
[09:58:18] planet 40: building queue full (5)
[09:58:18] planet 40: building queue full (5)
[09:58:18] planet 40: building queue full (5)
[2026-05-12 09:59:01] ==== loop 35/∞ | seed=750097226857509259 archetype=balanced personality=minero focus=tech actions_per_loop=3 ====
[09:59:02] planet 40: building queue full (5)
[09:59:02] planet 40: building queue full (5)
[09:59:02] planet 40: building queue full (5)
[09:59:02] research: blocked research_energy_technology (building_laboratory 0/1)
[2026-05-12 09:59:42] ==== loop 36/∞ | seed=750097226857509259 archetype=balanced personality=minero focus=tech actions_per_loop=3 ====
[09:59:43] planet 40: building queue full (5)
[09:59:43] planet 40: building queue full (5)
[2026-05-12 10:00:26] ==== loop 37/∞ | seed=750097226857509259 archetype=balanced personality=minero focus=tech actions_per_loop=3 ====
[10:00:28] planet 40: building queue full (5)
[10:00:28] planet 40: building queue full (5)
[10:00:28] planet 40: building queue full (5)
[10:00:28] research: blocked research_energy_technology (building_laboratory 0/1)
[2026-05-12 10:01:10] ==== loop 38/∞ | seed=750097226857509259 archetype=balanced personality=minero focus=tech actions_per_loop=3 ====
[10:01:12] planet 40: building queue full (5)
[10:01:12] planet 40: building queue full (5)
[10:01:12] planet 40: building queue full (5)
[2026-05-12 10:01:54] ==== loop 39/∞ | seed=750097226857509259 archetype=balanced personality=minero focus=tech actions_per_loop=3 ====
[10:01:55] planet 40: building queue full (5)
[10:01:55] planet 40: building queue full (5)
[10:01:55] planet 40: building queue full (5)
[10:01:55] research: blocked research_energy_technology (building_laboratory 0/1)
[2026-05-12 10:02:35] ==== loop 40/∞ | seed=750097226857509259 archetype=balanced personality=minero focus=tech actions_per_loop=3 ====
[10:02:37] planet 40: building queue full (5)
[10:02:37] planet 40: building queue full (5)
[10:02:37] planet 40: building queue full (5)
[10:02:37] research: blocked research_energy_technology (building_laboratory 0/1)
[2026-05-12 10:03:19] ==== loop 41/∞ | seed=750097226857509259 archetype=balanced personality=minero focus=tech actions_per_loop=3 ====
[10:03:20] planet 40: building queue full (5)
[10:03:20] planet 40: building queue full (5)
[10:03:20] research: blocked research_energy_technology (building_laboratory 0/1)
[2026-05-12 10:04:01] ==== loop 42/∞ | seed=750097226857509259 archetype=balanced personality=minero focus=tech actions_per_loop=3 ====
[10:04:02] planet 40: building queue full (5)
[10:04:02] planet 40: building queue full (5)
[10:04:02] research: blocked research_energy_technology (building_laboratory 0/1)
[2026-05-12 10:04:45] ==== loop 43/∞ | seed=750097226857509259 archetype=balanced personality=minero focus=tech actions_per_loop=3 ====
[10:04:47] planet 40: building queue full (5)
[10:04:47] planet 40: building queue full (5)
[10:04:47] planet 40: building queue full (5)
[10:04:47] research: blocked research_energy_technology (building_laboratory 0/1)
[2026-05-12 10:05:31] ==== loop 44/∞ | seed=750097226857509259 archetype=balanced personality=minero focus=tech actions_per_loop=3 ====
[10:05:32] planet 40: building queue full (5)
[10:05:32] planet 40: building queue full (5)
[10:05:32] planet 40: building queue full (5)
[2026-05-12 10:06:14] ==== loop 45/∞ | seed=750097226857509259 archetype=balanced personality=minero focus=tech actions_per_loop=3 ====
[10:06:16] planet 40: building queue full (5)
[10:06:16] planet 40: building queue full (5)
[10:06:16] planet 40: building queue full (5)
[10:06:16] research: blocked research_energy_technology (building_laboratory 0/1)
[2026-05-12 10:06:59] ==== loop 46/∞ | seed=750097226857509259 archetype=balanced personality=minero focus=tech actions_per_loop=3 ====
[10:07:01] planet 40: building queue full (5)
[10:07:01] planet 40: building queue full (5)
[10:07:01] planet 40: building queue full (5)
[2026-05-12 10:07:43] ==== loop 47/∞ | seed=750097226857509259 archetype=balanced personality=minero focus=tech actions_per_loop=3 ====
[10:07:46] planet 40: building queue full (5)
[10:07:46] planet 40: building queue full (5)
[10:07:46] planet 40: building queue full (5)
[2026-05-12 10:08:29] ==== loop 48/∞ | seed=750097226857509259 archetype=balanced personality=minero focus=tech actions_per_loop=3 ====
[10:08:30] planet 40: building queue full (5)
[10:08:30] planet 40: building queue full (5)
[10:08:30] planet 40: building queue full (5)
[2026-05-12 10:09:12] ==== loop 49/∞ | seed=750097226857509259 archetype=balanced personality=minero focus=tech actions_per_loop=3 ====
[10:09:13] planet 40: building queue full (5)
[10:09:13] planet 40: building queue full (5)
[10:09:13] research: blocked research_energy_technology (building_laboratory 0/1)
[2026-05-12 10:09:55] ==== loop 50/∞ | seed=750097226857509259 archetype=balanced personality=minero focus=tech actions_per_loop=3 ====
[10:09:57] planet 40: building queue full (5)
[10:09:57] planet 40: building queue full (5)
[10:09:57] planet 40: building queue full (5)
[2026-05-12 10:10:36] ==== loop 51/∞ | seed=750097226857509259 archetype=balanced personality=minero focus=tech actions_per_loop=3 ====
[10:10:37] planet 40: building queue full (5)
[10:10:37] planet 40: building queue full (5)
[10:10:37] research: blocked research_energy_technology (building_laboratory 0/1)
[2026-05-12 10:11:28] ==== loop 1/∞ | seed=750097226857509259 archetype=balanced personality=minero focus=tech actions_per_loop=3 ====
[10:11:29] planet 40: building queue full (5)
[10:11:29] planet 40: building queue full (5)
[10:11:29] planet 40: building queue full (5)
[10:11:29] research: blocked research_energy_technology (building_laboratory 0/1)
[2026-05-12 10:12:01] ==== loop 2/∞ | seed=750097226857509259 archetype=balanced personality=minero focus=tech actions_per_loop=3 ====
[10:12:03] planet 40: building queue full (5)
[10:12:03] planet 40: building queue full (5)
[10:12:03] planet 40: building queue full (5)
[2026-05-12 10:12:37] ==== loop 3/∞ | seed=750097226857509259 archetype=balanced personality=minero focus=tech actions_per_loop=3 ====
[10:12:39] planet 40: building queue full (5)
[10:12:39] planet 40: building queue full (5)
[10:12:39] planet 40: building queue full (5)
[2026-05-12 10:13:12] ==== loop 4/∞ | seed=750097226857509259 archetype=balanced personality=minero focus=tech actions_per_loop=3 ====
[10:13:13] planet 40: building queue full (5)
[10:13:13] planet 40: building queue full (5)
[10:13:13] planet 40: building queue full (5)
[10:13:13] research: blocked research_energy_technology (building_laboratory 0/1)
[2026-05-12 10:13:44] ==== loop 5/∞ | seed=750097226857509259 archetype=balanced personality=minero focus=tech actions_per_loop=3 ====
[10:13:45] planet 40: building queue full (5)
[10:13:45] planet 40: building queue full (5)
[2026-05-12 10:14:19] ==== loop 6/∞ | seed=750097226857509259 archetype=balanced personality=minero focus=tech actions_per_loop=3 ====
[10:14:20] planet 40: building queue full (5)
[10:14:20] planet 40: building queue full (5)
[10:14:20] planet 40: building queue full (5)
[10:14:20] research: blocked research_energy_technology (building_laboratory 0/1)
[2026-05-12 10:14:52] ==== loop 7/∞ | seed=750097226857509259 archetype=balanced personality=minero focus=tech actions_per_loop=3 ====
[10:14:54] planet 40: building queue full (5)
[10:14:54] planet 40: building queue full (5)
[10:14:54] planet 40: building queue full (5)
[10:14:54] research: blocked research_energy_technology (building_laboratory 0/1)
[2026-05-12 10:15:32] ==== loop 8/∞ | seed=750097226857509259 archetype=balanced personality=minero focus=tech actions_per_loop=3 ====
[10:15:36] planet 40: building queue full (5)
[10:15:36] planet 40: building queue full (5)
[10:15:36] planet 40: building queue full (5)
[2026-05-12 10:16:11] ==== loop 9/∞ | seed=750097226857509259 archetype=balanced personality=minero focus=tech actions_per_loop=3 ====
[10:16:13] planet 40: building queue full (5)
[10:16:13] planet 40: building queue full (5)
[2026-05-12 10:16:49] ==== loop 10/∞ | seed=750097226857509259 archetype=balanced personality=minero focus=tech actions_per_loop=3 ====
[10:16:51] planet 40: building queue full (5)
[10:16:51] planet 40: building queue full (5)
[10:16:51] planet 40: building queue full (5)
[10:16:51] research: blocked research_energy_technology (building_laboratory 0/1)
[2026-05-12 10:17:23] ==== loop 11/∞ | seed=750097226857509259 archetype=balanced personality=minero focus=tech actions_per_loop=3 ====
[10:17:25] planet 40: building queue full (5)
[10:17:25] planet 40: building queue full (5)
[10:17:25] planet 40: building queue full (5)
[10:17:25] research: blocked research_energy_technology (building_laboratory 0/1)
[2026-05-12 10:18:02] ==== loop 12/∞ | seed=750097226857509259 archetype=balanced personality=minero focus=tech actions_per_loop=3 ====
[10:18:05] planet 40: building queue full (5)
[10:18:05] planet 40: building queue full (5)
[10:18:05] planet 40: building queue full (5)
[2026-05-12 10:18:40] ==== loop 13/∞ | seed=750097226857509259 archetype=balanced personality=minero focus=tech actions_per_loop=3 ====
[10:18:42] planet 40: building queue full (5)
[10:18:42] planet 40: building queue full (5)
[10:18:42] planet 40: building queue full (5)
[2026-05-12 10:19:19] ==== loop 14/∞ | seed=750097226857509259 archetype=balanced personality=minero focus=tech actions_per_loop=3 ====
[10:19:20] planet 40: building queue full (5)
[10:19:20] planet 40: building queue full (5)
[10:19:20] planet 40: building queue full (5)
[2026-05-12 10:19:56] ==== loop 15/∞ | seed=750097226857509259 archetype=balanced personality=minero focus=tech actions_per_loop=3 ====
[10:19:57] planet 40: building queue full (5)
[10:19:57] planet 40: building queue full (5)
[10:19:57] planet 40: building queue full (5)
[2026-05-12 10:20:35] ==== loop 16/∞ | seed=750097226857509259 archetype=balanced personality=minero focus=tech actions_per_loop=3 ====
[10:20:36] planet 40: building queue full (5)
[10:20:36] planet 40: building queue full (5)
[10:20:36] research: blocked research_energy_technology (building_laboratory 0/1)
[2026-05-12 10:21:11] ==== loop 17/∞ | seed=750097226857509259 archetype=balanced personality=minero focus=tech actions_per_loop=3 ====
[10:21:12] planet 40: building queue full (5)
[10:21:12] planet 40: building queue full (5)
[10:21:12] planet 40: building queue full (5)
[10:21:12] research: blocked research_energy_technology (building_laboratory 0/1)
[2026-05-12 10:21:46] ==== loop 18/∞ | seed=750097226857509259 archetype=balanced personality=minero focus=tech actions_per_loop=3 ====
[10:21:47] planet 40: building queue full (5)
[10:21:47] planet 40: building queue full (5)
[10:21:47] planet 40: building queue full (5)
[10:21:47] research: blocked research_energy_technology (building_laboratory 0/1)
[2026-05-12 10:22:22] ==== loop 19/∞ | seed=750097226857509259 archetype=balanced personality=minero focus=tech actions_per_loop=3 ====
[10:22:24] planet 40: building queue full (5)
[10:22:24] planet 40: building queue full (5)
[10:22:24] planet 40: building queue full (5)
[10:22:24] research: blocked research_energy_technology (building_laboratory 0/1)
[2026-05-12 10:22:59] ==== loop 20/∞ | seed=750097226857509259 archetype=balanced personality=minero focus=tech actions_per_loop=3 ====
[10:23:00] planet 40: building queue full (5)
[10:23:00] planet 40: building queue full (5)
[10:23:00] research: blocked research_energy_technology (building_laboratory 0/1)
[2026-05-12 10:23:36] ==== loop 21/∞ | seed=750097226857509259 archetype=balanced personality=minero focus=tech actions_per_loop=3 ====
[10:23:38] planet 40: building queue full (5)
[10:23:38] planet 40: building queue full (5)
[10:23:38] planet 40: building queue full (5)
[2026-05-12 10:24:13] ==== loop 22/∞ | seed=750097226857509259 archetype=balanced personality=minero focus=tech actions_per_loop=3 ====
[10:24:15] planet 40: building queue full (5)
[10:24:15] planet 40: building queue full (5)
[10:24:15] planet 40: building queue full (5)
[2026-05-12 10:24:50] ==== loop 23/∞ | seed=750097226857509259 archetype=balanced personality=minero focus=tech actions_per_loop=3 ====
[10:24:52] planet 40: building queue full (5)
[10:24:52] planet 40: building queue full (5)
[10:24:52] planet 40: building queue full (5)
[2026-05-12 10:25:25] ==== loop 24/∞ | seed=750097226857509259 archetype=balanced personality=minero focus=tech actions_per_loop=3 ====
[10:25:28] planet 40: building queue full (5)
[10:25:28] planet 40: building queue full (5)
[10:25:28] planet 40: building queue full (5)
[2026-05-12 10:26:05] ==== loop 25/∞ | seed=750097226857509259 archetype=balanced personality=minero focus=tech actions_per_loop=3 ====
[10:26:06] planet 40: building queue full (5)
[10:26:06] planet 40: building queue full (5)
[10:26:06] research: blocked research_energy_technology (building_laboratory 0/1)
[2026-05-12 10:26:41] ==== loop 26/∞ | seed=750097226857509259 archetype=balanced personality=minero focus=tech actions_per_loop=3 ====
[10:26:43] planet 40: building queue full (5)
[10:26:43] planet 40: building queue full (5)
[10:26:43] planet 40: building queue full (5)
[2026-05-12 10:27:18] ==== loop 27/∞ | seed=750097226857509259 archetype=balanced personality=minero focus=tech actions_per_loop=3 ====
[10:27:20] planet 40: building queue full (5)
[10:27:20] planet 40: building queue full (5)
[10:27:20] planet 40: building queue full (5)
[2026-05-12 10:27:59] ==== loop 28/∞ | seed=750097226857509259 archetype=balanced personality=minero focus=tech actions_per_loop=3 ====
[10:28:02] planet 40: building queue full (5)
[10:28:02] planet 40: building queue full (5)
[10:28:02] planet 40: building queue full (5)
[2026-05-12 10:28:40] ==== loop 29/∞ | seed=750097226857509259 archetype=balanced personality=minero focus=tech actions_per_loop=3 ====
[10:28:41] planet 40: building queue full (5)
[10:28:41] planet 40: building queue full (5)
[10:28:41] research: blocked research_energy_technology (building_laboratory 0/1)
[2026-05-12 10:29:17] ==== loop 30/∞ | seed=750097226857509259 archetype=balanced personality=minero focus=tech actions_per_loop=3 ====
[10:29:18] planet 40: building queue full (5)
[10:29:18] planet 40: building queue full (5)
[10:29:18] research: blocked research_energy_technology (building_laboratory 0/1)
[2026-05-12 10:29:56] ==== loop 31/∞ | seed=750097226857509259 archetype=balanced personality=minero focus=tech actions_per_loop=3 ====
[10:29:57] planet 40: building queue full (5)
[10:29:57] planet 40: building queue full (5)
[2026-05-12 10:30:33] ==== loop 32/∞ | seed=750097226857509259 archetype=balanced personality=minero focus=tech actions_per_loop=3 ====
[10:30:34] planet 40: building queue full (5)
[10:30:34] planet 40: building queue full (5)
[2026-05-12 10:31:12] ==== loop 33/∞ | seed=750097226857509259 archetype=balanced personality=minero focus=tech actions_per_loop=3 ====
[10:31:14] planet 40: building queue full (5)
[10:31:14] planet 40: building queue full (5)
[10:31:14] planet 40: building queue full (5)
[10:31:14] research: blocked research_energy_technology (building_laboratory 0/1)
[2026-05-12 10:31:54] ==== loop 34/∞ | seed=750097226857509259 archetype=balanced personality=minero focus=tech actions_per_loop=3 ====
[10:31:56] planet 40: building queue full (5)
[10:31:56] planet 40: building queue full (5)
[10:31:56] planet 40: building queue full (5)
[2026-05-12 10:32:37] ==== loop 35/∞ | seed=750097226857509259 archetype=balanced personality=minero focus=tech actions_per_loop=3 ====
[10:32:39] planet 40: building queue full (5)
[10:32:39] planet 40: building queue full (5)
[10:32:39] planet 40: building queue full (5)
[10:32:39] research: blocked research_energy_technology (building_laboratory 0/1)
[2026-05-12 10:33:21] ==== loop 36/∞ | seed=750097226857509259 archetype=balanced personality=minero focus=tech actions_per_loop=3 ====
[10:33:23] planet 40: building queue full (5)
[10:33:23] planet 40: building queue full (5)
[10:33:23] planet 40: building queue full (5)
[10:33:23] research: blocked research_energy_technology (building_laboratory 0/1)
[2026-05-12 10:34:03] ==== loop 37/∞ | seed=750097226857509259 archetype=balanced personality=minero focus=tech actions_per_loop=3 ====
[10:34:04] planet 40: building queue full (5)
[10:34:04] planet 40: building queue full (5)
[10:34:04] planet 40: building queue full (5)
[2026-05-12 10:34:43] ==== loop 38/∞ | seed=750097226857509259 archetype=balanced personality=minero focus=tech actions_per_loop=3 ====
[10:34:45] planet 40: building queue full (5)
[10:34:45] planet 40: building queue full (5)
[10:34:45] planet 40: building queue full (5)
[10:34:45] research: blocked research_energy_technology (building_laboratory 0/1)
[2026-05-12 10:35:24] ==== loop 39/∞ | seed=750097226857509259 archetype=balanced personality=minero focus=tech actions_per_loop=3 ====
[10:35:25] planet 40: building queue full (5)
[10:35:25] planet 40: building queue full (5)
[10:35:25] planet 40: building queue full (5)
[2026-05-12 10:36:04] ==== loop 40/∞ | seed=750097226857509259 archetype=balanced personality=minero focus=tech actions_per_loop=3 ====
[10:36:07] planet 40: building queue full (5)
[10:36:07] planet 40: building queue full (5)
[10:36:07] planet 40: building queue full (5)
[10:36:07] research: blocked research_energy_technology (building_laboratory 0/1)
[2026-05-12 10:36:43] ==== loop 41/∞ | seed=750097226857509259 archetype=balanced personality=minero focus=tech actions_per_loop=3 ====
[10:36:45] planet 40: building queue full (5)
[10:36:45] planet 40: building queue full (5)
[10:36:45] planet 40: building queue full (5)
[2026-05-12 10:37:29] ==== loop 42/∞ | seed=750097226857509259 archetype=balanced personality=minero focus=tech actions_per_loop=3 ====
[10:37:32] planet 40: building queue full (5)
[10:37:32] planet 40: building queue full (5)
[10:37:32] planet 40: building queue full (5)
[2026-05-12 10:38:14] ==== loop 43/∞ | seed=750097226857509259 archetype=balanced personality=minero focus=tech actions_per_loop=3 ====
[10:38:16] planet 40: building queue full (5)
[10:38:16] planet 40: building queue full (5)
[10:38:16] planet 40: building queue full (5)
[10:38:16] research: blocked research_energy_technology (building_laboratory 0/1)
[2026-05-12 10:39:00] ==== loop 44/∞ | seed=750097226857509259 archetype=balanced personality=minero focus=tech actions_per_loop=3 ====
[10:39:01] planet 40: building queue full (5)
[10:39:01] planet 40: building queue full (5)
[10:39:01] planet 40: building queue full (5)
[10:39:01] research: blocked research_energy_technology (building_laboratory 0/1)
[2026-05-12 10:39:49] ==== loop 45/∞ | seed=750097226857509259 archetype=balanced personality=minero focus=tech actions_per_loop=3 ====
[10:39:50] planet 40: building queue full (5)
[10:39:50] planet 40: building queue full (5)
[10:39:50] planet 40: building queue full (5)
[10:39:50] research: blocked research_energy_technology (building_laboratory 0/1)
[2026-05-12 10:40:26] ==== loop 46/∞ | seed=750097226857509259 archetype=balanced personality=minero focus=tech actions_per_loop=3 ====
[10:40:27] planet 40: building queue full (5)
[10:40:27] planet 40: building queue full (5)
[10:40:27] planet 40: building queue full (5)
[2026-05-12 10:41:07] ==== loop 47/∞ | seed=750097226857509259 archetype=balanced personality=minero focus=tech actions_per_loop=3 ====
[10:41:10] planet 40: building queue full (5)
[10:41:10] planet 40: building queue full (5)
[10:41:10] planet 40: building queue full (5)
[2026-05-12 10:41:50] ==== loop 48/∞ | seed=750097226857509259 archetype=balanced personality=minero focus=tech actions_per_loop=3 ====
[10:41:51] planet 40: building queue full (5)
[10:41:51] planet 40: building queue full (5)
[2026-05-12 10:42:30] ==== loop 49/∞ | seed=750097226857509259 archetype=balanced personality=minero focus=tech actions_per_loop=3 ====
[10:42:33] planet 40: building queue full (5)
[10:42:33] planet 40: building queue full (5)
[10:42:33] planet 40: building queue full (5)
[2026-05-12 10:43:14] ==== loop 50/∞ | seed=750097226857509259 archetype=balanced personality=minero focus=tech actions_per_loop=3 ====
[10:43:16] planet 40: building queue full (5)
[10:43:16] planet 40: building queue full (5)
[10:43:16] planet 40: building queue full (5)
[10:43:16] research: blocked research_energy_technology (building_laboratory 0/1)
[2026-05-12 10:44:02] ==== loop 51/∞ | seed=750097226857509259 archetype=balanced personality=minero focus=tech actions_per_loop=3 ====
[10:44:04] planet 40: building queue full (5)
[10:44:04] planet 40: building queue full (5)
[10:44:04] research: blocked research_energy_technology (building_laboratory 0/1)
[2026-05-12 10:44:46] ==== loop 1/∞ | seed=750097226857509259 archetype=balanced personality=minero focus=tech actions_per_loop=3 ====
[10:44:48] planet 40: building queue full (5)
[10:44:48] planet 40: building queue full (5)
[10:44:48] planet 40: building queue full (5)
[2026-05-12 10:45:33] ==== loop 2/∞ | seed=750097226857509259 archetype=balanced personality=minero focus=tech actions_per_loop=3 ====
[10:45:35] planet 40: building queue full (5)
[10:45:35] planet 40: building queue full (5)
[10:45:35] planet 40: building queue full (5)
[2026-05-12 10:46:17] ==== loop 3/∞ | seed=750097226857509259 archetype=balanced personality=minero focus=tech actions_per_loop=3 ====
[10:46:18] planet 40: building queue full (5)
[10:46:18] planet 40: building queue full (5)
[10:46:18] planet 40: building queue full (5)
[10:46:18] research: blocked research_energy_technology (building_laboratory 0/1)
[2026-05-12 10:46:58] ==== loop 4/∞ | seed=750097226857509259 archetype=balanced personality=minero focus=tech actions_per_loop=3 ====
[10:47:00] planet 40: building queue full (5)
[10:47:00] planet 40: building queue full (5)
[2026-05-12 10:47:37] ==== loop 5/∞ | seed=750097226857509259 archetype=balanced personality=minero focus=tech actions_per_loop=3 ====
[10:47:38] planet 40: building queue full (5)
[10:47:38] planet 40: building queue full (5)
[10:47:38] planet 40: building queue full (5)
[2026-05-12 10:48:17] ==== loop 6/∞ | seed=750097226857509259 archetype=balanced personality=minero focus=tech actions_per_loop=3 ====
[10:48:20] planet 40: building queue full (5)
[10:48:20] planet 40: building queue full (5)
[10:48:20] planet 40: building queue full (5)
[2026-05-12 10:48:56] ==== loop 7/∞ | seed=750097226857509259 archetype=balanced personality=minero focus=tech actions_per_loop=3 ====
[10:48:57] planet 40: building queue full (5)
[10:48:57] planet 40: building queue full (5)
[2026-05-12 10:49:36] ==== loop 8/∞ | seed=750097226857509259 archetype=balanced personality=minero focus=tech actions_per_loop=3 ====
[10:49:38] planet 40: building queue full (5)
[10:49:38] planet 40: building queue full (5)
[10:49:38] research: blocked research_energy_technology (building_laboratory 0/1)
[2026-05-12 10:50:19] ==== loop 9/∞ | seed=750097226857509259 archetype=balanced personality=minero focus=tech actions_per_loop=3 ====
[10:50:21] planet 40: building queue full (5)
[10:50:21] planet 40: building queue full (5)
[10:50:21] planet 40: building queue full (5)
[10:50:21] research: blocked research_energy_technology (building_laboratory 0/1)
[2026-05-12 10:51:04] ==== loop 10/∞ | seed=750097226857509259 archetype=balanced personality=minero focus=tech actions_per_loop=3 ====
[10:51:06] planet 40: building queue full (5)
[10:51:06] planet 40: building queue full (5)
[10:51:06] planet 40: building queue full (5)
[10:51:06] research: blocked research_energy_technology (building_laboratory 0/1)
[2026-05-12 10:51:52] ==== loop 11/∞ | seed=750097226857509259 archetype=balanced personality=minero focus=tech actions_per_loop=3 ====
[10:51:54] planet 40: building queue full (5)
[10:51:54] planet 40: building queue full (5)
[10:51:54] planet 40: building queue full (5)
[10:51:54] research: blocked research_energy_technology (building_laboratory 0/1)
[2026-05-12 10:52:33] ==== loop 12/∞ | seed=750097226857509259 archetype=balanced personality=minero focus=tech actions_per_loop=3 ====
[10:52:35] planet 40: building queue full (5)
[10:52:35] planet 40: building queue full (5)
[10:52:35] research: blocked research_energy_technology (building_laboratory 0/1)
[2026-05-12 10:53:17] ==== loop 13/∞ | seed=750097226857509259 archetype=balanced personality=minero focus=tech actions_per_loop=3 ====
[10:53:19] planet 40: building queue full (5)
[10:53:19] planet 40: building queue full (5)
[10:53:19] planet 40: building queue full (5)
[2026-05-12 10:54:03] ==== loop 14/∞ | seed=750097226857509259 archetype=balanced personality=minero focus=tech actions_per_loop=3 ====
[10:54:05] planet 40: building queue full (5)
[10:54:05] planet 40: building queue full (5)
[10:54:05] planet 40: building queue full (5)
[2026-05-12 10:54:48] ==== loop 15/∞ | seed=750097226857509259 archetype=balanced personality=minero focus=tech actions_per_loop=3 ====
[10:54:50] planet 40: building queue full (5)
[10:54:50] planet 40: building queue full (5)
[10:54:50] planet 40: building queue full (5)
[2026-05-12 10:55:31] ==== loop 16/∞ | seed=750097226857509259 archetype=balanced personality=minero focus=tech actions_per_loop=3 ====
[10:55:33] planet 40: building queue full (5)
[10:55:33] planet 40: building queue full (5)
[10:55:33] planet 40: building queue full (5)
[2026-05-12 10:56:17] ==== loop 17/∞ | seed=750097226857509259 archetype=balanced personality=minero focus=tech actions_per_loop=3 ====
[10:56:18] planet 40: building queue full (5)
[10:56:18] planet 40: building queue full (5)
[2026-05-12 10:56:58] ==== loop 18/∞ | seed=750097226857509259 archetype=balanced personality=minero focus=tech actions_per_loop=3 ====
[10:57:00] planet 40: building queue full (5)
[10:57:00] planet 40: building queue full (5)
[10:57:00] planet 40: building queue full (5)
[2026-05-12 10:57:42] ==== loop 19/∞ | seed=750097226857509259 archetype=balanced personality=minero focus=tech actions_per_loop=3 ====
[10:57:45] planet 40: building queue full (5)
[10:57:45] planet 40: building queue full (5)
[10:57:45] planet 40: building queue full (5)
[2026-05-12 10:58:28] ==== loop 20/∞ | seed=750097226857509259 archetype=balanced personality=minero focus=tech actions_per_loop=3 ====
[10:58:30] planet 40: building queue full (5)
[10:58:30] planet 40: building queue full (5)
[10:58:30] planet 40: building queue full (5)
[2026-05-12 10:59:13] ==== loop 21/∞ | seed=750097226857509259 archetype=balanced personality=minero focus=tech actions_per_loop=3 ====
[10:59:14] planet 40: building queue full (5)
[10:59:14] planet 40: building queue full (5)
[10:59:14] planet 40: building queue full (5)
[2026-05-12 10:59:53] ==== loop 22/∞ | seed=750097226857509259 archetype=balanced personality=minero focus=tech actions_per_loop=3 ====
[10:59:54] planet 40: building queue full (5)
[10:59:54] planet 40: building queue full (5)
[10:59:54] planet 40: building queue full (5)
[10:59:54] research: blocked research_energy_technology (building_laboratory 0/1)
[2026-05-12 11:00:36] ==== loop 23/∞ | seed=750097226857509259 archetype=balanced personality=minero focus=tech actions_per_loop=3 ====
[11:00:39] planet 40: building queue full (5)
[11:00:39] planet 40: building queue full (5)
[11:00:39] planet 40: building queue full (5)
[2026-05-12 11:01:24] ==== loop 24/∞ | seed=750097226857509259 archetype=balanced personality=minero focus=tech actions_per_loop=3 ====
[11:01:26] planet 40: building queue full (5)
[11:01:26] planet 40: building queue full (5)
[11:01:26] research: blocked research_energy_technology (building_laboratory 0/1)
[2026-05-12 11:02:04] ==== loop 25/∞ | seed=750097226857509259 archetype=balanced personality=minero focus=tech actions_per_loop=3 ====
[11:02:04] planet 40: building queue full (5)
[11:02:04] planet 40: building queue full (5)
[11:02:04] planet 40: building queue full (5)
[11:02:04] research: blocked research_energy_technology (building_laboratory 0/1)
[2026-05-12 11:02:51] ==== loop 26/∞ | seed=750097226857509259 archetype=balanced personality=minero focus=tech actions_per_loop=3 ====
[11:02:53] planet 40: building queue full (5)
[11:02:53] planet 40: building queue full (5)
[11:02:53] planet 40: building queue full (5)
[11:02:53] research: blocked research_energy_technology (building_laboratory 0/1)
[2026-05-12 11:03:38] ==== loop 27/∞ | seed=750097226857509259 archetype=balanced personality=minero focus=tech actions_per_loop=3 ====
[11:03:41] planet 40: building queue full (5)
[11:03:41] planet 40: building queue full (5)
[11:03:41] planet 40: building queue full (5)
[11:03:41] research: blocked research_energy_technology (building_laboratory 0/1)
[2026-05-12 11:04:25] ==== loop 28/∞ | seed=750097226857509259 archetype=balanced personality=minero focus=tech actions_per_loop=3 ====
[11:04:26] planet 40: building queue full (5)
[11:04:26] planet 40: building queue full (5)
[11:04:26] planet 40: building queue full (5)
[11:04:26] research: blocked research_energy_technology (building_laboratory 0/1)
[2026-05-12 11:05:12] ==== loop 29/∞ | seed=750097226857509259 archetype=balanced personality=minero focus=tech actions_per_loop=3 ====
[11:05:13] planet 40: building queue full (5)
[11:05:13] planet 40: building queue full (5)
[11:05:13] planet 40: building queue full (5)
[11:05:13] research: blocked research_energy_technology (building_laboratory 0/1)
[2026-05-12 11:05:59] ==== loop 30/∞ | seed=750097226857509259 archetype=balanced personality=minero focus=tech actions_per_loop=3 ====
[11:06:00] planet 40: building queue full (5)
[11:06:00] planet 40: building queue full (5)
[11:06:00] planet 40: building queue full (5)
[11:06:00] research: blocked research_energy_technology (building_laboratory 0/1)
[2026-05-12 11:06:43] ==== loop 31/∞ | seed=750097226857509259 archetype=balanced personality=minero focus=tech actions_per_loop=3 ====
[11:06:45] planet 40: building queue full (5)
[11:06:45] planet 40: building queue full (5)
[11:06:45] planet 40: building queue full (5)
[2026-05-12 11:07:35] ==== loop 32/∞ | seed=750097226857509259 archetype=balanced personality=minero focus=tech actions_per_loop=3 ====
[11:07:37] planet 40: building queue full (5)
[11:07:37] planet 40: building queue full (5)
[11:07:37] planet 40: building queue full (5)
[2026-05-12 11:08:17] ==== loop 33/∞ | seed=750097226857509259 archetype=balanced personality=minero focus=tech actions_per_loop=3 ====
[11:08:20] planet 40: building queue full (5)
[11:08:20] planet 40: building queue full (5)
[11:08:20] planet 40: building queue full (5)
[2026-05-12 11:09:00] ==== loop 34/∞ | seed=750097226857509259 archetype=balanced personality=minero focus=tech actions_per_loop=3 ====
[11:09:01] planet 40: building queue full (5)
[11:09:01] planet 40: building queue full (5)
[2026-05-12 11:09:49] ==== loop 35/∞ | seed=750097226857509259 archetype=balanced personality=minero focus=tech actions_per_loop=3 ====
[11:09:50] planet 40: building queue full (5)
[11:09:50] planet 40: building queue full (5)
[11:09:50] planet 40: building queue full (5)
[2026-05-12 11:10:34] ==== loop 36/∞ | seed=750097226857509259 archetype=balanced personality=minero focus=tech actions_per_loop=3 ====
[11:10:35] planet 40: building queue full (5)
[11:10:35] planet 40: building queue full (5)
[11:10:35] planet 40: building queue full (5)
[11:10:35] research: blocked research_energy_technology (building_laboratory 0/1)
[2026-05-12 11:11:18] ==== loop 37/∞ | seed=750097226857509259 archetype=balanced personality=minero focus=tech actions_per_loop=3 ====
[11:11:20] planet 40: building queue full (5)
[11:11:20] planet 40: building queue full (5)
[11:11:20] planet 40: building queue full (5)
[2026-05-12 11:12:02] ==== loop 38/∞ | seed=750097226857509259 archetype=balanced personality=minero focus=tech actions_per_loop=3 ====
[11:12:03] planet 40: building queue full (5)
[11:12:03] planet 40: building queue full (5)
[11:12:03] research: blocked research_energy_technology (building_laboratory 0/1)
[2026-05-12 11:12:42] ==== loop 39/∞ | seed=750097226857509259 archetype=balanced personality=minero focus=tech actions_per_loop=3 ====
[11:12:44] planet 40: building queue full (5)
[11:12:44] planet 40: building queue full (5)
[11:12:44] planet 40: building queue full (5)
[2026-05-12 11:13:24] ==== loop 40/∞ | seed=750097226857509259 archetype=balanced personality=minero focus=tech actions_per_loop=3 ====
[11:13:26] planet 40: building queue full (5)
[11:13:26] planet 40: building queue full (5)
[2026-05-12 11:14:10] ==== loop 41/∞ | seed=750097226857509259 archetype=balanced personality=minero focus=tech actions_per_loop=3 ====
[11:14:12] planet 40: building queue full (5)
[11:14:12] planet 40: building queue full (5)
[11:14:12] planet 40: building queue full (5)
[2026-05-12 11:14:50] ==== loop 42/∞ | seed=750097226857509259 archetype=balanced personality=minero focus=tech actions_per_loop=3 ====
[11:14:52] planet 40: building queue full (5)
[11:14:52] planet 40: building queue full (5)
[11:14:52] planet 40: building queue full (5)
[2026-05-12 11:15:41] ==== loop 43/∞ | seed=750097226857509259 archetype=balanced personality=minero focus=tech actions_per_loop=3 ====
[11:15:43] planet 40: building queue full (5)
[11:15:43] planet 40: building queue full (5)
[11:15:43] planet 40: building queue full (5)
[11:15:43] research: blocked research_energy_technology (building_laboratory 0/1)
[2026-05-12 11:16:30] ==== loop 44/∞ | seed=750097226857509259 archetype=balanced personality=minero focus=tech actions_per_loop=3 ====
[11:16:33] planet 40: building queue full (5)
[11:16:33] planet 40: building queue full (5)
[2026-05-12 11:17:18] ==== loop 45/∞ | seed=750097226857509259 archetype=balanced personality=minero focus=tech actions_per_loop=3 ====
[11:17:19] planet 40: building queue full (5)
[11:17:19] planet 40: building queue full (5)
[11:17:19] planet 40: building queue full (5)
[11:17:19] research: blocked research_energy_technology (building_laboratory 0/1)
[2026-05-12 11:18:08] ==== loop 46/∞ | seed=750097226857509259 archetype=balanced personality=minero focus=tech actions_per_loop=3 ====
[11:18:10] planet 40: building queue full (5)
[11:18:10] planet 40: building queue full (5)
[11:18:10] research: blocked research_energy_technology (building_laboratory 0/1)
[2026-05-12 11:18:53] ==== loop 47/∞ | seed=750097226857509259 archetype=balanced personality=minero focus=tech actions_per_loop=3 ====
[11:18:55] planet 40: building queue full (5)
[11:18:55] planet 40: building queue full (5)
[11:18:55] planet 40: building queue full (5)
[2026-05-12 11:19:40] ==== loop 48/∞ | seed=750097226857509259 archetype=balanced personality=minero focus=tech actions_per_loop=3 ====
[11:19:41] planet 40: building queue full (5)
[11:19:41] planet 40: building queue full (5)
[11:19:41] planet 40: building queue full (5)
[11:19:41] research: blocked research_energy_technology (building_laboratory 0/1)
[2026-05-12 11:20:22] ==== loop 49/∞ | seed=750097226857509259 archetype=balanced personality=minero focus=tech actions_per_loop=3 ====
[11:20:24] planet 40: building queue full (5)
[11:20:24] planet 40: building queue full (5)
[2026-05-12 11:21:06] ==== loop 50/∞ | seed=750097226857509259 archetype=balanced personality=minero focus=tech actions_per_loop=3 ====
[11:21:07] planet 40: building queue full (5)
[11:21:07] planet 40: building queue full (5)
[2026-05-12 11:21:47] ==== loop 51/∞ | seed=750097226857509259 archetype=balanced personality=minero focus=tech actions_per_loop=3 ====
[11:21:49] planet 40: building queue full (5)
[11:21:49] planet 40: building queue full (5)
[11:21:49] planet 40: building queue full (5)
[11:21:49] research: blocked research_energy_technology (building_laboratory 0/1)
[2026-05-12 11:22:29] ==== loop 52/∞ | seed=750097226857509259 archetype=balanced personality=minero focus=tech actions_per_loop=3 ====
[11:22:31] planet 40: building queue full (5)
[11:22:31] planet 40: building queue full (5)
[11:22:31] planet 40: building queue full (5)
[2026-05-12 11:23:11] ==== loop 53/∞ | seed=750097226857509259 archetype=balanced personality=minero focus=tech actions_per_loop=3 ====
[11:23:13] planet 40: building queue full (5)
[11:23:13] planet 40: building queue full (5)
[11:23:13] planet 40: building queue full (5)
[11:23:13] research: blocked research_energy_technology (building_laboratory 0/1)
[2026-05-12 11:23:54] ==== loop 54/∞ | seed=750097226857509259 archetype=balanced personality=minero focus=tech actions_per_loop=3 ====
[11:23:56] planet 40: building queue full (5)
[11:23:56] planet 40: building queue full (5)
[11:23:56] planet 40: building queue full (5)
[2026-05-12 11:24:34] ==== loop 55/∞ | seed=750097226857509259 archetype=balanced personality=minero focus=tech actions_per_loop=3 ====
[11:24:36] planet 40: building queue full (5)
[11:24:36] planet 40: building queue full (5)
[11:24:36] planet 40: building queue full (5)
[11:24:36] research: blocked research_energy_technology (building_laboratory 0/1)
[2026-05-12 11:25:15] ==== loop 56/∞ | seed=750097226857509259 archetype=balanced personality=minero focus=tech actions_per_loop=3 ====
[11:25:18] planet 40: building queue full (5)
[11:25:18] planet 40: building queue full (5)
[11:25:18] planet 40: building queue full (5)
[2026-05-12 11:25:58] ==== loop 57/∞ | seed=750097226857509259 archetype=balanced personality=minero focus=tech actions_per_loop=3 ====
[11:26:00] planet 40: building queue full (5)
[11:26:00] planet 40: building queue full (5)
[2026-05-12 11:26:38] ==== loop 58/∞ | seed=750097226857509259 archetype=balanced personality=minero focus=tech actions_per_loop=3 ====
[11:26:40] planet 40: building queue full (5)
[11:26:40] planet 40: building queue full (5)
[11:26:40] planet 40: building queue full (5)
[2026-05-12 11:27:17] ==== loop 59/∞ | seed=750097226857509259 archetype=balanced personality=minero focus=tech actions_per_loop=3 ====
[11:27:20] planet 40: building queue full (5)
[11:27:20] planet 40: building queue full (5)
[11:27:20] planet 40: building queue full (5)
[11:27:20] research: blocked research_energy_technology (building_laboratory 0/1)
[2026-05-12 11:28:00] ==== loop 60/∞ | seed=750097226857509259 archetype=balanced personality=minero focus=tech actions_per_loop=3 ====
[11:28:03] planet 40: building queue full (5)
[11:28:03] planet 40: building queue full (5)
[11:28:03] planet 40: building queue full (5)
[11:28:03] research: blocked research_energy_technology (building_laboratory 0/1)
[2026-05-12 11:28:43] ==== loop 61/∞ | seed=750097226857509259 archetype=balanced personality=minero focus=tech actions_per_loop=3 ====
[11:28:45] planet 40: building queue full (5)
[11:28:45] planet 40: building queue full (5)
[11:28:45] planet 40: building queue full (5)
[11:28:45] research: blocked research_energy_technology (building_laboratory 0/1)
[2026-05-12 11:29:29] ==== loop 62/∞ | seed=750097226857509259 archetype=balanced personality=minero focus=tech actions_per_loop=3 ====
[11:29:30] planet 40: building queue full (5)
[11:29:30] planet 40: building queue full (5)
[2026-05-12 11:30:09] ==== loop 63/∞ | seed=750097226857509259 archetype=balanced personality=minero focus=tech actions_per_loop=3 ====
[11:30:10] planet 40: building queue full (5)
[11:30:10] planet 40: building queue full (5)
[11:30:10] planet 40: building queue full (5)
[2026-05-12 11:30:48] ==== loop 64/∞ | seed=750097226857509259 archetype=balanced personality=minero focus=tech actions_per_loop=3 ====
[11:30:50] planet 40: building queue full (5)
[11:30:50] planet 40: building queue full (5)
[11:30:50] planet 40: building queue full (5)
[2026-05-12 11:31:30] ==== loop 65/∞ | seed=750097226857509259 archetype=balanced personality=minero focus=tech actions_per_loop=3 ====
[11:31:31] planet 40: building queue full (5)
[11:31:31] planet 40: building queue full (5)
[2026-05-12 11:32:15] ==== loop 66/∞ | seed=750097226857509259 archetype=balanced personality=minero focus=tech actions_per_loop=3 ====
[11:32:17] planet 40: building queue full (5)
[11:32:17] planet 40: building queue full (5)
[11:32:17] planet 40: building queue full (5)
[11:32:17] research: blocked research_energy_technology (building_laboratory 0/1)
[2026-05-12 11:32:58] ==== loop 67/∞ | seed=750097226857509259 archetype=balanced personality=minero focus=tech actions_per_loop=3 ====
[11:33:00] planet 40: building queue full (5)
[11:33:00] planet 40: building queue full (5)
[11:33:00] research: blocked research_energy_technology (building_laboratory 0/1)
[2026-05-12 11:33:38] ==== loop 68/∞ | seed=750097226857509259 archetype=balanced personality=minero focus=tech actions_per_loop=3 ====
[11:33:39] planet 40: building queue full (5)
[11:33:39] planet 40: building queue full (5)
[2026-05-12 11:34:22] ==== loop 69/∞ | seed=750097226857509259 archetype=balanced personality=minero focus=tech actions_per_loop=3 ====
[11:34:23] planet 40: building queue full (5)
[11:34:23] planet 40: building queue full (5)
[2026-05-12 11:35:11] ==== loop 70/∞ | seed=750097226857509259 archetype=balanced personality=minero focus=tech actions_per_loop=3 ====
[11:35:14] planet 40: building queue full (5)
[11:35:14] planet 40: building queue full (5)
[11:35:14] planet 40: building queue full (5)
[2026-05-12 11:35:59] ==== loop 71/∞ | seed=750097226857509259 archetype=balanced personality=minero focus=tech actions_per_loop=3 ====
[11:36:02] planet 40: building queue full (5)
[11:36:02] planet 40: building queue full (5)
[11:36:02] planet 40: building queue full (5)
[2026-05-12 11:36:45] ==== loop 72/∞ | seed=750097226857509259 archetype=balanced personality=minero focus=tech actions_per_loop=3 ====
[11:36:48] planet 40: building queue full (5)
[11:36:48] planet 40: building queue full (5)
[11:36:48] planet 40: building queue full (5)
[2026-05-12 11:37:35] ==== loop 73/∞ | seed=750097226857509259 archetype=balanced personality=minero focus=tech actions_per_loop=3 ====
[11:37:36] planet 40: building queue full (5)
[11:37:36] planet 40: building queue full (5)
[2026-05-12 11:38:23] ==== loop 74/∞ | seed=750097226857509259 archetype=balanced personality=minero focus=tech actions_per_loop=3 ====
[11:38:26] planet 40: building queue full (5)
[11:38:26] planet 40: building queue full (5)
[11:38:26] planet 40: building queue full (5)
[11:38:26] research: blocked research_energy_technology (building_laboratory 0/1)
[2026-05-12 11:39:13] ==== loop 75/∞ | seed=750097226857509259 archetype=balanced personality=minero focus=tech actions_per_loop=3 ====
[11:39:15] planet 40: building queue full (5)
[11:39:15] planet 40: building queue full (5)
[11:39:15] planet 40: building queue full (5)
[11:39:15] research: blocked research_energy_technology (building_laboratory 0/1)
[2026-05-12 11:39:55] ==== loop 76/∞ | seed=750097226857509259 archetype=balanced personality=minero focus=tech actions_per_loop=3 ====
[11:39:56] planet 40: building queue full (5)
[11:39:56] planet 40: building queue full (5)
[11:39:56] planet 40: building queue full (5)
[2026-05-12 11:40:37] ==== loop 77/∞ | seed=750097226857509259 archetype=balanced personality=minero focus=tech actions_per_loop=3 ====
[11:40:39] planet 40: building queue full (5)
[11:40:39] planet 40: building queue full (5)
[11:40:39] planet 40: building queue full (5)
[2026-05-12 11:41:28] ==== loop 78/∞ | seed=750097226857509259 archetype=balanced personality=minero focus=tech actions_per_loop=3 ====
[11:41:29] planet 40: building queue full (5)
[11:41:29] planet 40: building queue full (5)
[11:41:29] planet 40: building queue full (5)
[11:41:29] research: blocked research_energy_technology (building_laboratory 0/1)
[2026-05-12 11:42:17] ==== loop 79/∞ | seed=750097226857509259 archetype=balanced personality=minero focus=tech actions_per_loop=3 ====
[11:42:18] planet 40: building queue full (5)
[11:42:18] planet 40: building queue full (5)
[11:42:18] planet 40: building queue full (5)
[11:42:18] research: blocked research_energy_technology (building_laboratory 0/1)
[2026-05-12 11:43:07] ==== loop 80/∞ | seed=750097226857509259 archetype=balanced personality=minero focus=tech actions_per_loop=3 ====
[11:43:09] planet 40: building queue full (5)
[11:43:09] planet 40: building queue full (5)
[11:43:09] planet 40: building queue full (5)
[11:43:09] research: blocked research_energy_technology (building_laboratory 0/1)
[2026-05-12 11:43:54] ==== loop 81/∞ | seed=750097226857509259 archetype=balanced personality=minero focus=tech actions_per_loop=3 ====
[11:43:55] planet 40: building queue full (5)
[11:43:55] planet 40: building queue full (5)
[2026-05-12 11:44:42] ==== loop 82/∞ | seed=750097226857509259 archetype=balanced personality=minero focus=tech actions_per_loop=3 ====
[11:44:45] planet 40: building queue full (5)
[11:44:45] planet 40: building queue full (5)
[11:44:45] planet 40: building queue full (5)
[2026-05-12 11:45:32] ==== loop 83/∞ | seed=750097226857509259 archetype=balanced personality=minero focus=tech actions_per_loop=3 ====
[11:45:33] planet 40: building queue full (5)
[11:45:33] planet 40: building queue full (5)
[11:45:33] planet 40: building queue full (5)
[2026-05-12 11:46:15] ==== loop 84/∞ | seed=750097226857509259 archetype=balanced personality=minero focus=tech actions_per_loop=3 ====
[11:46:17] planet 40: building queue full (5)
[11:46:17] planet 40: building queue full (5)
[11:46:17] planet 40: building queue full (5)
[2026-05-12 11:47:02] ==== loop 85/∞ | seed=750097226857509259 archetype=balanced personality=minero focus=tech actions_per_loop=3 ====
[11:47:04] planet 40: building queue full (5)
[11:47:04] planet 40: building queue full (5)
[11:47:04] planet 40: building queue full (5)
[11:47:04] research: blocked research_energy_technology (building_laboratory 0/1)
[2026-05-12 11:47:50] ==== loop 86/∞ | seed=750097226857509259 archetype=balanced personality=minero focus=tech actions_per_loop=3 ====
[11:47:52] planet 40: building queue full (5)
[11:47:52] planet 40: building queue full (5)
[11:47:52] planet 40: building queue full (5)
[2026-05-12 11:48:33] ==== loop 87/∞ | seed=750097226857509259 archetype=balanced personality=minero focus=tech actions_per_loop=3 ====
[11:48:35] planet 40: building queue full (5)
[11:48:35] planet 40: building queue full (5)
[11:48:35] planet 40: building queue full (5)
[2026-05-12 11:49:22] ==== loop 88/∞ | seed=750097226857509259 archetype=balanced personality=minero focus=tech actions_per_loop=3 ====
[11:49:23] planet 40: building queue full (5)
[11:49:23] planet 40: building queue full (5)
[11:49:23] planet 40: building queue full (5)
[2026-05-12 11:50:09] ==== loop 89/∞ | seed=750097226857509259 archetype=balanced personality=minero focus=tech actions_per_loop=3 ====
[11:50:10] planet 40: building queue full (5)
[11:50:10] planet 40: building queue full (5)
[11:50:10] planet 40: building queue full (5)
[11:50:10] research: blocked research_energy_technology (building_laboratory 0/1)
[2026-05-12 11:50:51] ==== loop 90/∞ | seed=750097226857509259 archetype=balanced personality=minero focus=tech actions_per_loop=3 ====
[11:50:54] planet 40: building queue full (5)
[11:50:54] planet 40: building queue full (5)
[11:50:54] planet 40: building queue full (5)
[2026-05-12 11:51:39] ==== loop 91/∞ | seed=750097226857509259 archetype=balanced personality=minero focus=tech actions_per_loop=3 ====
[11:51:40] planet 40: building queue full (5)
[11:51:40] planet 40: building queue full (5)
[11:51:40] planet 40: building queue full (5)
[2026-05-12 11:52:25] ==== loop 92/∞ | seed=750097226857509259 archetype=balanced personality=minero focus=tech actions_per_loop=3 ====
[11:52:26] planet 40: building queue full (5)
[11:52:26] planet 40: building queue full (5)
[11:52:26] planet 40: building queue full (5)
[2026-05-12 11:53:11] ==== loop 93/∞ | seed=750097226857509259 archetype=balanced personality=minero focus=tech actions_per_loop=3 ====
[11:53:13] planet 40: building queue full (5)
[11:53:13] planet 40: building queue full (5)
[11:53:13] planet 40: building queue full (5)
[11:53:13] research: blocked research_energy_technology (building_laboratory 0/1)
[2026-05-12 11:53:52] ==== loop 94/∞ | seed=750097226857509259 archetype=balanced personality=minero focus=tech actions_per_loop=3 ====
[11:53:54] planet 40: building queue full (5)
[11:53:54] planet 40: building queue full (5)
[11:53:54] planet 40: building queue full (5)
[2026-05-12 11:54:42] ==== loop 95/∞ | seed=750097226857509259 archetype=balanced personality=minero focus=tech actions_per_loop=3 ====
[11:54:44] planet 40: building queue full (5)
[11:54:44] planet 40: building queue full (5)
[11:54:44] planet 40: building queue full (5)
[2026-05-12 11:55:30] ==== loop 96/∞ | seed=750097226857509259 archetype=balanced personality=minero focus=tech actions_per_loop=3 ====
[11:55:32] planet 40: building queue full (5)
[11:55:32] planet 40: building queue full (5)
[11:55:32] planet 40: building queue full (5)
[2026-05-12 11:56:17] ==== loop 97/∞ | seed=750097226857509259 archetype=balanced personality=minero focus=tech actions_per_loop=3 ====
[11:56:19] planet 40: building queue full (5)
[11:56:19] planet 40: building queue full (5)
[11:56:19] planet 40: building queue full (5)
[2026-05-12 11:57:01] ==== loop 98/∞ | seed=750097226857509259 archetype=balanced personality=minero focus=tech actions_per_loop=3 ====
[11:57:03] planet 40: building queue full (5)
[11:57:03] planet 40: building queue full (5)
[11:57:03] planet 40: building queue full (5)
[2026-05-12 11:57:50] ==== loop 99/∞ | seed=750097226857509259 archetype=balanced personality=minero focus=tech actions_per_loop=3 ====
[11:57:50] planet 40: building queue full (5)
[11:57:50] planet 40: building queue full (5)
[2026-05-12 11:58:33] ==== loop 100/∞ | seed=750097226857509259 archetype=balanced personality=minero focus=tech actions_per_loop=3 ====
[11:58:36] planet 40: building queue full (5)
[11:58:36] planet 40: building queue full (5)
[11:58:36] planet 40: building queue full (5)
[2026-05-12 11:59:19] ==== loop 101/∞ | seed=750097226857509259 archetype=balanced personality=minero focus=tech actions_per_loop=3 ====
[11:59:22] planet 40: building queue full (5)
[11:59:22] planet 40: building queue full (5)
[11:59:22] planet 40: building queue full (5)
[2026-05-12 12:00:05] ==== loop 102/∞ | seed=750097226857509259 archetype=balanced personality=minero focus=tech actions_per_loop=3 ====
[12:00:07] planet 40: building queue full (5)
[12:00:07] planet 40: building queue full (5)
[12:00:07] planet 40: building queue full (5)
[2026-05-12 12:00:45] ==== loop 103/∞ | seed=750097226857509259 archetype=balanced personality=minero focus=tech actions_per_loop=3 ====
[12:00:47] planet 40: building queue full (5)
[12:00:47] planet 40: building queue full (5)
[12:00:47] planet 40: building queue full (5)
[2026-05-12 12:01:35] ==== loop 104/∞ | seed=750097226857509259 archetype=balanced personality=minero focus=tech actions_per_loop=3 ====
[12:01:38] planet 40: building queue full (5)
[12:01:38] planet 40: building queue full (5)
[12:01:38] planet 40: building queue full (5)
[12:01:38] research: blocked research_energy_technology (building_laboratory 0/1)
[2026-05-12 12:02:19] ==== loop 105/∞ | seed=750097226857509259 archetype=balanced personality=minero focus=tech actions_per_loop=3 ====
[12:02:20] planet 40: building queue full (5)
[12:02:20] planet 40: building queue full (5)
[12:02:20] planet 40: building queue full (5)
[12:02:20] research: blocked research_energy_technology (building_laboratory 0/1)
[2026-05-12 12:03:05] ==== loop 106/∞ | seed=750097226857509259 archetype=balanced personality=minero focus=tech actions_per_loop=3 ====
[12:03:07] planet 40: building queue full (5)
[12:03:07] planet 40: building queue full (5)
[12:03:07] research: blocked research_energy_technology (building_laboratory 0/1)
[2026-05-12 12:03:51] ==== loop 107/∞ | seed=750097226857509259 archetype=balanced personality=minero focus=tech actions_per_loop=3 ====
[12:03:53] planet 40: building queue full (5)
[12:03:53] planet 40: building queue full (5)
[12:03:53] planet 40: building queue full (5)
[2026-05-12 12:04:33] ==== loop 108/∞ | seed=750097226857509259 archetype=balanced personality=minero focus=tech actions_per_loop=3 ====
[12:04:35] planet 40: building queue full (5)
[12:04:35] planet 40: building queue full (5)
[12:04:35] planet 40: building queue full (5)
[12:04:35] research: blocked research_energy_technology (building_laboratory 0/1)
[2026-05-12 12:05:15] ==== loop 109/∞ | seed=750097226857509259 archetype=balanced personality=minero focus=tech actions_per_loop=3 ====
[12:05:18] planet 40: building queue full (5)
[12:05:18] planet 40: building queue full (5)
[12:05:18] planet 40: building queue full (5)
[2026-05-12 12:06:02] ==== loop 110/∞ | seed=750097226857509259 archetype=balanced personality=minero focus=tech actions_per_loop=3 ====
[12:06:04] planet 40: building queue full (5)
[12:06:04] planet 40: building queue full (5)
[12:06:04] planet 40: building queue full (5)
[2026-05-12 12:06:44] ==== loop 111/∞ | seed=750097226857509259 archetype=balanced personality=minero focus=tech actions_per_loop=3 ====
[12:06:45] planet 40: building queue full (5)
[12:06:45] planet 40: building queue full (5)
[12:06:45] planet 40: building queue full (5)
[2026-05-12 12:07:26] ==== loop 112/∞ | seed=750097226857509259 archetype=balanced personality=minero focus=tech actions_per_loop=3 ====
[12:07:28] planet 40: building queue full (5)
[12:07:28] planet 40: building queue full (5)
[12:07:28] planet 40: building queue full (5)
[12:07:28] research: blocked research_energy_technology (building_laboratory 0/1)
[2026-05-12 12:08:09] ==== loop 113/∞ | seed=750097226857509259 archetype=balanced personality=minero focus=tech actions_per_loop=3 ====
[12:08:11] planet 40: building queue full (5)
[12:08:11] planet 40: building queue full (5)
[12:08:11] planet 40: building queue full (5)
[12:08:11] research: blocked research_energy_technology (building_laboratory 0/1)
[2026-05-12 12:08:53] ==== loop 114/∞ | seed=750097226857509259 archetype=balanced personality=minero focus=tech actions_per_loop=3 ====
[12:08:56] planet 40: building queue full (5)
[12:08:56] planet 40: building queue full (5)
[12:08:56] planet 40: building queue full (5)
[12:08:56] research: blocked research_energy_technology (building_laboratory 0/1)
[2026-05-12 12:09:35] ==== loop 115/∞ | seed=750097226857509259 archetype=balanced personality=minero focus=tech actions_per_loop=3 ====
[12:09:35] planet 40: building queue full (5)
[12:09:35] planet 40: building queue full (5)
[12:09:35] research: blocked research_energy_technology (building_laboratory 0/1)
[2026-05-12 12:10:15] ==== loop 116/∞ | seed=750097226857509259 archetype=balanced personality=minero focus=tech actions_per_loop=3 ====
[12:10:18] planet 40: building queue full (5)
[12:10:18] planet 40: building queue full (5)
[12:10:18] planet 40: building queue full (5)
[12:10:18] research: blocked research_energy_technology (building_laboratory 0/1)
[2026-05-12 12:10:59] ==== loop 117/∞ | seed=750097226857509259 archetype=balanced personality=minero focus=tech actions_per_loop=3 ====
[12:11:01] planet 40: building queue full (5)
[12:11:01] planet 40: building queue full (5)
[12:11:01] planet 40: building queue full (5)
[2026-05-12 12:11:45] ==== loop 118/∞ | seed=750097226857509259 archetype=balanced personality=minero focus=tech actions_per_loop=3 ====
[12:11:46] planet 40: building queue full (5)
[12:11:46] planet 40: building queue full (5)
[12:11:46] planet 40: building queue full (5)
[2026-05-12 12:12:28] ==== loop 119/∞ | seed=750097226857509259 archetype=balanced personality=minero focus=tech actions_per_loop=3 ====
[12:12:30] planet 40: building queue full (5)
[12:12:30] planet 40: building queue full (5)
[12:12:30] planet 40: building queue full (5)
[2026-05-12 12:13:13] ==== loop 120/∞ | seed=750097226857509259 archetype=balanced personality=minero focus=tech actions_per_loop=3 ====
[12:13:14] planet 40: building queue full (5)
[12:13:14] planet 40: building queue full (5)
[12:13:14] research: blocked research_energy_technology (building_laboratory 0/1)
[2026-05-12 12:13:53] ==== loop 121/∞ | seed=750097226857509259 archetype=balanced personality=minero focus=tech actions_per_loop=3 ====
[12:13:56] planet 40: building queue full (5)
[12:13:56] planet 40: building queue full (5)
[12:13:56] planet 40: building queue full (5)
[2026-05-12 12:14:38] ==== loop 122/∞ | seed=750097226857509259 archetype=balanced personality=minero focus=tech actions_per_loop=3 ====
[12:14:41] planet 40: building queue full (5)
[12:14:41] planet 40: building queue full (5)
[12:14:41] planet 40: building queue full (5)
[12:14:41] research: blocked research_energy_technology (building_laboratory 0/1)
[2026-05-12 12:15:25] ==== loop 123/∞ | seed=750097226857509259 archetype=balanced personality=minero focus=tech actions_per_loop=3 ====
[12:15:27] planet 40: building queue full (5)
[12:15:27] planet 40: building queue full (5)
[12:15:27] planet 40: building queue full (5)
[12:15:27] research: blocked research_energy_technology (building_laboratory 0/1)
[2026-05-12 12:16:10] ==== loop 124/∞ | seed=750097226857509259 archetype=balanced personality=minero focus=tech actions_per_loop=3 ====
[12:16:12] planet 40: building queue full (5)
[12:16:12] planet 40: building queue full (5)
[2026-05-12 12:16:58] ==== loop 125/∞ | seed=750097226857509259 archetype=balanced personality=minero focus=tech actions_per_loop=3 ====
[12:16:59] planet 40: building queue full (5)
[12:16:59] planet 40: building queue full (5)
[12:16:59] planet 40: building queue full (5)
[12:16:59] research: blocked research_energy_technology (building_laboratory 0/1)
[2026-05-12 12:17:42] ==== loop 126/∞ | seed=750097226857509259 archetype=balanced personality=minero focus=tech actions_per_loop=3 ====
[12:17:45] planet 40: building queue full (5)
[12:17:45] planet 40: building queue full (5)
[12:17:45] planet 40: building queue full (5)
[2026-05-12 12:18:26] ==== loop 127/∞ | seed=750097226857509259 archetype=balanced personality=minero focus=tech actions_per_loop=3 ====
[12:18:27] planet 40: building queue full (5)
[12:18:27] planet 40: building queue full (5)
[12:18:27] planet 40: building queue full (5)
[2026-05-12 12:19:12] ==== loop 128/∞ | seed=750097226857509259 archetype=balanced personality=minero focus=tech actions_per_loop=3 ====
[12:19:13] planet 40: building queue full (5)
[12:19:13] planet 40: building queue full (5)
[12:19:13] planet 40: building queue full (5)
[2026-05-12 12:19:58] ==== loop 129/∞ | seed=750097226857509259 archetype=balanced personality=minero focus=tech actions_per_loop=3 ====
[12:20:01] planet 40: building queue full (5)
[12:20:01] planet 40: building queue full (5)
[12:20:01] planet 40: building queue full (5)
[2026-05-12 12:20:41] ==== loop 130/∞ | seed=750097226857509259 archetype=balanced personality=minero focus=tech actions_per_loop=3 ====
[12:20:44] planet 40: building queue full (5)
[12:20:44] planet 40: building queue full (5)
[12:20:44] planet 40: building queue full (5)
[2026-05-12 12:21:26] ==== loop 131/∞ | seed=750097226857509259 archetype=balanced personality=minero focus=tech actions_per_loop=3 ====
[12:21:28] planet 40: building queue full (5)
[12:21:28] planet 40: building queue full (5)
[12:21:28] planet 40: building queue full (5)
[2026-05-12 12:22:10] ==== loop 132/∞ | seed=750097226857509259 archetype=balanced personality=minero focus=tech actions_per_loop=3 ====
[12:22:12] planet 40: building queue full (5)
[12:22:12] planet 40: building queue full (5)
[12:22:12] planet 40: building queue full (5)
[12:22:12] research: blocked research_energy_technology (building_laboratory 0/1)
[2026-05-12 12:22:55] ==== loop 133/∞ | seed=750097226857509259 archetype=balanced personality=minero focus=tech actions_per_loop=3 ====
[12:22:57] planet 40: building queue full (5)
[12:22:57] planet 40: building queue full (5)
[12:22:57] planet 40: building queue full (5)
[2026-05-12 12:23:41] ==== loop 134/∞ | seed=750097226857509259 archetype=balanced personality=minero focus=tech actions_per_loop=3 ====
[12:23:43] planet 40: building queue full (5)
[12:23:43] planet 40: building queue full (5)
[2026-05-12 12:24:29] ==== loop 135/∞ | seed=750097226857509259 archetype=balanced personality=minero focus=tech actions_per_loop=3 ====
[12:24:31] planet 40: building queue full (5)
[12:24:31] planet 40: building queue full (5)
[12:24:31] planet 40: building queue full (5)
[2026-05-12 12:25:12] ==== loop 136/∞ | seed=750097226857509259 archetype=balanced personality=minero focus=tech actions_per_loop=3 ====
[12:25:15] planet 40: building queue full (5)
[12:25:15] planet 40: building queue full (5)
[12:25:15] planet 40: building queue full (5)
[2026-05-12 12:26:00] ==== loop 137/∞ | seed=750097226857509259 archetype=balanced personality=minero focus=tech actions_per_loop=3 ====
[12:26:02] planet 40: building queue full (5)
[12:26:02] planet 40: building queue full (5)
[12:26:02] planet 40: building queue full (5)
[12:26:02] research: blocked research_energy_technology (building_laboratory 0/1)
[2026-05-12 12:26:50] ==== loop 138/∞ | seed=750097226857509259 archetype=balanced personality=minero focus=tech actions_per_loop=3 ====
[12:26:53] planet 40: building queue full (5)
[12:26:53] planet 40: building queue full (5)
[12:26:53] planet 40: building queue full (5)
[12:26:53] research: blocked research_energy_technology (building_laboratory 0/1)
[2026-05-12 12:27:40] ==== loop 139/∞ | seed=750097226857509259 archetype=balanced personality=minero focus=tech actions_per_loop=3 ====
[12:27:41] planet 40: building queue full (5)
[12:27:41] planet 40: building queue full (5)
[12:27:41] research: blocked research_energy_technology (building_laboratory 0/1)
[2026-05-12 12:28:24] ==== loop 140/∞ | seed=750097226857509259 archetype=balanced personality=minero focus=tech actions_per_loop=3 ====
[12:28:26] planet 40: building queue full (5)
[12:28:26] planet 40: building queue full (5)
[12:28:26] planet 40: building queue full (5)
[12:28:26] research: blocked research_energy_technology (building_laboratory 0/1)
[2026-05-12 12:29:12] ==== loop 141/∞ | seed=750097226857509259 archetype=balanced personality=minero focus=tech actions_per_loop=3 ====
[12:29:13] planet 40: building queue full (5)
[12:29:13] planet 40: building queue full (5)
[12:29:13] planet 40: building queue full (5)
[12:29:13] research: blocked research_energy_technology (building_laboratory 0/1)
[2026-05-12 12:29:59] ==== loop 142/∞ | seed=750097226857509259 archetype=balanced personality=minero focus=tech actions_per_loop=3 ====
[12:30:00] planet 40: building queue full (5)
[12:30:00] planet 40: building queue full (5)
[12:30:00] planet 40: building queue full (5)
[12:30:00] research: blocked research_energy_technology (building_laboratory 0/1)
[2026-05-12 12:30:40] ==== loop 143/∞ | seed=750097226857509259 archetype=balanced personality=minero focus=tech actions_per_loop=3 ====
[12:30:41] planet 40: building queue full (5)
[12:30:41] planet 40: building queue full (5)
[2026-05-12 12:31:27] ==== loop 144/∞ | seed=750097226857509259 archetype=balanced personality=minero focus=tech actions_per_loop=3 ====
[12:31:29] planet 40: building queue full (5)
[12:31:29] planet 40: building queue full (5)
[12:31:29] planet 40: building queue full (5)
[12:31:29] research: blocked research_energy_technology (building_laboratory 0/1)
[2026-05-12 12:32:14] ==== loop 145/∞ | seed=750097226857509259 archetype=balanced personality=minero focus=tech actions_per_loop=3 ====
[12:32:15] planet 40: building queue full (5)
[12:32:15] planet 40: building queue full (5)
[12:32:15] planet 40: building queue full (5)
[12:32:15] research: blocked research_energy_technology (building_laboratory 0/1)
[2026-05-12 12:33:03] ==== loop 146/∞ | seed=750097226857509259 archetype=balanced personality=minero focus=tech actions_per_loop=3 ====
[12:33:05] planet 40: building queue full (5)
[12:33:05] planet 40: building queue full (5)
[12:33:05] planet 40: building queue full (5)
[12:33:05] research: blocked research_energy_technology (building_laboratory 0/1)
[2026-05-12 12:33:49] ==== loop 147/∞ | seed=750097226857509259 archetype=balanced personality=minero focus=tech actions_per_loop=3 ====
[12:33:50] planet 40: building queue full (5)
[12:33:50] planet 40: building queue full (5)
[12:33:50] planet 40: building queue full (5)
[12:33:50] research: blocked research_energy_technology (building_laboratory 0/1)
[2026-05-12 12:34:32] ==== loop 148/∞ | seed=750097226857509259 archetype=balanced personality=minero focus=tech actions_per_loop=3 ====
[12:34:35] planet 40: building queue full (5)
[12:34:35] planet 40: building queue full (5)
[12:34:35] planet 40: building queue full (5)
[12:34:35] research: blocked research_energy_technology (building_laboratory 0/1)
[2026-05-12 12:35:21] ==== loop 149/∞ | seed=750097226857509259 archetype=balanced personality=minero focus=tech actions_per_loop=3 ====
[12:35:22] planet 40: building queue full (5)
[12:35:22] planet 40: building queue full (5)
[12:35:22] planet 40: building queue full (5)
[2026-05-12 12:36:05] ==== loop 150/∞ | seed=750097226857509259 archetype=balanced personality=minero focus=tech actions_per_loop=3 ====
[12:36:07] planet 40: building queue full (5)
[12:36:07] planet 40: building queue full (5)
[12:36:07] planet 40: building queue full (5)
[12:36:07] research: blocked research_energy_technology (building_laboratory 0/1)
[2026-05-12 12:36:49] ==== loop 151/∞ | seed=750097226857509259 archetype=balanced personality=minero focus=tech actions_per_loop=3 ====
[12:36:51] planet 40: building queue full (5)
[12:36:51] planet 40: building queue full (5)
[12:36:51] planet 40: building queue full (5)
[2026-05-12 12:37:36] ==== loop 152/∞ | seed=750097226857509259 archetype=balanced personality=minero focus=tech actions_per_loop=3 ====
[12:37:37] planet 40: building queue full (5)
[12:37:37] planet 40: building queue full (5)
[12:37:37] planet 40: building queue full (5)
[2026-05-12 12:38:21] ==== loop 153/∞ | seed=750097226857509259 archetype=balanced personality=minero focus=tech actions_per_loop=3 ====
[12:38:21] planet 40: building queue full (5)
[12:38:21] planet 40: building queue full (5)
[2026-05-12 12:39:07] ==== loop 154/∞ | seed=750097226857509259 archetype=balanced personality=minero focus=tech actions_per_loop=3 ====
[12:39:08] planet 40: building queue full (5)
[12:39:08] planet 40: building queue full (5)
[12:39:08] planet 40: building queue full (5)
[12:39:08] research: blocked research_energy_technology (building_laboratory 0/1)
[2026-05-12 12:39:53] ==== loop 155/∞ | seed=750097226857509259 archetype=balanced personality=minero focus=tech actions_per_loop=3 ====
[12:39:55] planet 40: building queue full (5)
[12:39:55] planet 40: building queue full (5)
[12:39:55] research: blocked research_energy_technology (building_laboratory 0/1)
[2026-05-12 12:40:36] ==== loop 156/∞ | seed=750097226857509259 archetype=balanced personality=minero focus=tech actions_per_loop=3 ====
[12:40:38] planet 40: building queue full (5)
[12:40:38] planet 40: building queue full (5)
[12:40:38] research: blocked research_energy_technology (building_laboratory 0/1)
[2026-05-12 12:41:19] ==== loop 157/∞ | seed=750097226857509259 archetype=balanced personality=minero focus=tech actions_per_loop=3 ====
[12:41:20] planet 40: building queue full (5)
[12:41:20] planet 40: building queue full (5)
[12:41:20] planet 40: building queue full (5)
[12:41:20] research: blocked research_energy_technology (building_laboratory 0/1)
[2026-05-12 12:41:59] ==== loop 158/∞ | seed=750097226857509259 archetype=balanced personality=minero focus=tech actions_per_loop=3 ====
[12:42:01] planet 40: building queue full (5)
[12:42:01] planet 40: building queue full (5)
[12:42:01] planet 40: building queue full (5)
[12:42:01] research: blocked research_energy_technology (building_laboratory 0/1)
[2026-05-12 12:42:48] ==== loop 1/∞ | seed=750097226857509259 archetype=balanced personality=minero focus=tech actions_per_loop=3 ====
[12:42:50] planet 40: building queue full (5)
[12:42:50] planet 40: building queue full (5)
[12:42:50] planet 40: building queue full (5)
[12:42:50] research: blocked research_energy_technology (building_laboratory 0/1)
[2026-05-12 12:43:33] ==== loop 2/∞ | seed=750097226857509259 archetype=balanced personality=minero focus=tech actions_per_loop=3 ====
[12:43:35] planet 40: building queue full (5)
[12:43:35] planet 40: building queue full (5)
[12:43:35] planet 40: building queue full (5)
[12:43:35] research: blocked research_energy_technology (building_laboratory 0/1)
[2026-05-12 12:44:16] ==== loop 3/∞ | seed=750097226857509259 archetype=balanced personality=minero focus=tech actions_per_loop=3 ====
[12:44:18] planet 40: building queue full (5)
[12:44:18] planet 40: building queue full (5)
[12:44:18] research: blocked research_energy_technology (building_laboratory 0/1)
[2026-05-12 12:44:57] ==== loop 4/∞ | seed=750097226857509259 archetype=balanced personality=minero focus=tech actions_per_loop=3 ====
[12:44:59] planet 40: building queue full (5)
[12:44:59] planet 40: building queue full (5)
[12:44:59] planet 40: building queue full (5)
[12:44:59] research: blocked research_energy_technology (building_laboratory 0/1)
[2026-05-12 12:45:36] ==== loop 5/∞ | seed=750097226857509259 archetype=balanced personality=minero focus=tech actions_per_loop=3 ====
[12:45:38] planet 40: building queue full (5)
[12:45:38] planet 40: building queue full (5)
[12:45:38] planet 40: building queue full (5)
[12:45:38] research: blocked research_energy_technology (building_laboratory 0/1)
[2026-05-12 12:46:14] ==== loop 6/∞ | seed=750097226857509259 archetype=balanced personality=minero focus=tech actions_per_loop=3 ====
[12:46:16] planet 40: building queue full (5)
[12:46:16] planet 40: building queue full (5)
[12:46:16] planet 40: building queue full (5)
[2026-05-12 12:46:53] ==== loop 7/∞ | seed=750097226857509259 archetype=balanced personality=minero focus=tech actions_per_loop=3 ====
[12:46:55] planet 40: building queue full (5)
[12:46:55] planet 40: building queue full (5)
[12:46:55] planet 40: building queue full (5)
[12:46:55] research: blocked research_energy_technology (building_laboratory 0/1)
[2026-05-12 12:47:36] ==== loop 8/∞ | seed=750097226857509259 archetype=balanced personality=minero focus=tech actions_per_loop=3 ====
[12:47:38] planet 40: building queue full (5)
[12:47:38] planet 40: building queue full (5)
[2026-05-12 12:48:19] ==== loop 9/∞ | seed=750097226857509259 archetype=balanced personality=minero focus=tech actions_per_loop=3 ====
[12:48:21] planet 40: building queue full (5)
[12:48:21] planet 40: building queue full (5)
[12:48:21] planet 40: building queue full (5)
[2026-05-12 12:49:00] ==== loop 10/∞ | seed=750097226857509259 archetype=balanced personality=minero focus=tech actions_per_loop=3 ====
[12:49:02] planet 40: building queue full (5)
[12:49:02] planet 40: building queue full (5)
[12:49:02] planet 40: building queue full (5)
[2026-05-12 12:49:42] ==== loop 11/∞ | seed=750097226857509259 archetype=balanced personality=minero focus=tech actions_per_loop=3 ====
[12:49:45] planet 40: building queue full (5)
[12:49:45] planet 40: building queue full (5)
[12:49:45] planet 40: building queue full (5)
[2026-05-12 12:50:25] ==== loop 12/∞ | seed=750097226857509259 archetype=balanced personality=minero focus=tech actions_per_loop=3 ====
[12:50:26] planet 40: building queue full (5)
[12:50:26] planet 40: building queue full (5)
[12:50:26] planet 40: building queue full (5)
[2026-05-12 12:51:06] ==== loop 13/∞ | seed=750097226857509259 archetype=balanced personality=minero focus=tech actions_per_loop=3 ====
[12:51:08] planet 40: building queue full (5)
[12:51:08] planet 40: building queue full (5)
[12:51:08] planet 40: building queue full (5)
[12:51:08] research: blocked research_energy_technology (building_laboratory 0/1)
[2026-05-12 12:51:49] ==== loop 14/∞ | seed=750097226857509259 archetype=balanced personality=minero focus=tech actions_per_loop=3 ====
[12:51:51] planet 40: building queue full (5)
[12:51:51] planet 40: building queue full (5)
[12:51:51] planet 40: building queue full (5)
[12:51:51] research: blocked research_energy_technology (building_laboratory 0/1)
[2026-05-12 12:52:29] ==== loop 15/∞ | seed=750097226857509259 archetype=balanced personality=minero focus=tech actions_per_loop=3 ====
[12:52:31] planet 40: building queue full (5)
[12:52:31] planet 40: building queue full (5)
[12:52:31] planet 40: building queue full (5)
[12:52:31] research: blocked research_energy_technology (building_laboratory 0/1)
[2026-05-12 12:53:12] ==== loop 16/∞ | seed=750097226857509259 archetype=balanced personality=minero focus=tech actions_per_loop=3 ====
[12:53:14] planet 40: building queue full (5)
[12:53:14] planet 40: building queue full (5)
[12:53:14] planet 40: building queue full (5)
[12:53:14] research: blocked research_energy_technology (building_laboratory 0/1)
[2026-05-12 12:53:50] ==== loop 1/∞ | seed=750097226857509259 archetype=balanced personality=minero focus=tech actions_per_loop=3 ====
[12:53:53] planet 40: building queue full (5)
[12:53:53] planet 40: building queue full (5)
[12:53:53] planet 40: building queue full (5)
[2026-05-12 12:54:35] ==== loop 2/∞ | seed=750097226857509259 archetype=balanced personality=minero focus=tech actions_per_loop=3 ====
[12:54:36] planet 40: building queue full (5)
[12:54:36] planet 40: building queue full (5)
[12:54:36] research: blocked research_energy_technology (building_laboratory 0/1)
[2026-05-12 12:55:18] ==== loop 3/∞ | seed=750097226857509259 archetype=balanced personality=minero focus=tech actions_per_loop=3 ====
[12:55:19] planet 40: building queue full (5)
[12:55:19] planet 40: building queue full (5)
[12:55:19] research: blocked research_energy_technology (building_laboratory 0/1)
[2026-05-12 12:56:01] ==== loop 4/∞ | seed=750097226857509259 archetype=balanced personality=minero focus=tech actions_per_loop=3 ====
[12:56:02] planet 40: building queue full (5)
[12:56:02] planet 40: building queue full (5)
[2026-05-12 12:56:44] ==== loop 5/∞ | seed=750097226857509259 archetype=balanced personality=minero focus=tech actions_per_loop=3 ====
[12:56:46] planet 40: building queue full (5)
[12:56:46] planet 40: building queue full (5)
[12:56:46] planet 40: building queue full (5)
[12:56:46] research: blocked research_energy_technology (building_laboratory 0/1)
[2026-05-12 12:57:27] ==== loop 6/∞ | seed=750097226857509259 archetype=balanced personality=minero focus=tech actions_per_loop=3 ====
[12:57:29] planet 40: building queue full (5)
[12:57:29] planet 40: building queue full (5)
[12:57:29] planet 40: building queue full (5)
[12:57:29] research: blocked research_energy_technology (building_laboratory 0/1)
[2026-05-12 12:58:10] ==== loop 7/∞ | seed=750097226857509259 archetype=balanced personality=minero focus=tech actions_per_loop=3 ====
[12:58:12] planet 40: building queue full (5)
[12:58:12] planet 40: building queue full (5)
[12:58:12] planet 40: building queue full (5)
[2026-05-12 12:58:53] ==== loop 8/∞ | seed=750097226857509259 archetype=balanced personality=minero focus=tech actions_per_loop=3 ====
[12:58:54] planet 40: building queue full (5)
[12:58:54] planet 40: building queue full (5)
[12:58:54] planet 40: building queue full (5)
[12:58:54] research: blocked research_energy_technology (building_laboratory 0/1)
llm_inbox: encolado job_id=12 message_id=2412
[2026-05-12 12:59:34] ==== loop 1/1 | seed=750097226857509259 archetype=balanced personality=minero focus=tech actions_per_loop=3 ====
[2026-05-12 12:59:36] ==== loop 9/∞ | seed=750097226857509259 archetype=balanced personality=minero focus=tech actions_per_loop=3 ====
[12:59:36] planet 40: building queue full (5)
[12:59:36] planet 40: building queue full (5)
[12:59:36] planet 40: building queue full (5)
[12:59:36] research: blocked research_energy_technology (building_laboratory 0/1)
[12:59:38] planet 40: building queue full (5)
[12:59:38] planet 40: building queue full (5)
[12:59:38] planet 40: building queue full (5)
[2026-05-12 13:00:19] ==== loop 10/∞ | seed=750097226857509259 archetype=balanced personality=minero focus=tech actions_per_loop=3 ====
[13:00:21] planet 40: building queue full (5)
[13:00:21] planet 40: building queue full (5)
[13:00:21] planet 40: building queue full (5)
[13:00:21] research: blocked research_energy_technology (building_laboratory 0/1)
llm_inbox: job 12 fallido (incoming)
[2026-05-12 13:01:00] ==== loop 11/∞ | seed=750097226857509259 archetype=balanced personality=minero focus=tech actions_per_loop=3 ====
[13:01:02] planet 40: building queue full (5)
[13:01:02] planet 40: building queue full (5)
[13:01:02] planet 40: building queue full (5)
[13:01:02] research: blocked research_energy_technology (building_laboratory 0/1)
[2026-05-12 13:01:41] ==== loop 12/∞ | seed=750097226857509259 archetype=balanced personality=minero focus=tech actions_per_loop=3 ====
[13:01:43] planet 40: building queue full (5)
[13:01:43] planet 40: building queue full (5)
[2026-05-12 13:02:27] ==== loop 13/∞ | seed=750097226857509259 archetype=balanced personality=minero focus=tech actions_per_loop=3 ====
[13:02:28] planet 40: building queue full (5)
[13:02:28] planet 40: building queue full (5)
[13:02:28] research: blocked research_energy_technology (building_laboratory 0/1)
[2026-05-12 13:03:09] ==== loop 14/∞ | seed=750097226857509259 archetype=balanced personality=minero focus=tech actions_per_loop=3 ====
[13:03:12] planet 40: building queue full (5)
[13:03:12] planet 40: building queue full (5)
[13:03:12] planet 40: building queue full (5)
[13:03:12] research: blocked research_energy_technology (building_laboratory 0/1)
[2026-05-12 13:03:57] ==== loop 15/∞ | seed=750097226857509259 archetype=balanced personality=minero focus=tech actions_per_loop=3 ====
[13:03:58] planet 40: building queue full (5)
[13:03:58] planet 40: building queue full (5)
[13:03:58] planet 40: building queue full (5)
[2026-05-12 13:04:38] ==== loop 16/∞ | seed=750097226857509259 archetype=balanced personality=minero focus=tech actions_per_loop=3 ====
[13:04:39] planet 40: building queue full (5)
[13:04:39] planet 40: building queue full (5)
[2026-05-12 13:05:26] ==== loop 17/∞ | seed=750097226857509259 archetype=balanced personality=minero focus=tech actions_per_loop=3 ====
[13:05:27] planet 40: building queue full (5)
[13:05:27] planet 40: building queue full (5)
[13:05:27] planet 40: building queue full (5)
[13:05:27] research: blocked research_energy_technology (building_laboratory 0/1)
[2026-05-12 13:06:10] ==== loop 18/∞ | seed=750097226857509259 archetype=balanced personality=minero focus=tech actions_per_loop=3 ====
[13:06:12] planet 40: building queue full (5)
[13:06:12] planet 40: building queue full (5)
llm_inbox: recuperados 1 job(s) fallido→respondido (reintento aplicar)
llm_inbox: job 12 done (mensaje ya no existe)
[2026-05-12 13:06:47] ==== loop 1/1 | seed=750097226857509259 archetype=balanced personality=minero focus=tech actions_per_loop=3 ====
[13:06:47] planet 40: queued ship_solar_satellite +9
[13:06:47] planet 40: skipped duplicate ship_solar_satellite this loop
[2026-05-12 13:06:49] ==== loop 19/∞ | seed=750097226857509259 archetype=balanced personality=minero focus=tech actions_per_loop=3 ====
[13:06:50] planet 40: queued ship_solar_satellite +5
[13:06:50] planet 40: skipped duplicate ship_solar_satellite this loop
[13:06:50] planet 40: skipped duplicate ship_solar_satellite this loop
[2026-05-12 13:07:31] ==== loop 20/∞ | seed=750097226857509259 archetype=balanced personality=minero focus=tech actions_per_loop=3 ====
[13:07:31] planet 40: queued ship_solar_satellite +5
[13:07:31] planet 40: skipped duplicate ship_solar_satellite this loop
[13:07:31] planet 40: skipped duplicate ship_solar_satellite this loop
[2026-05-12 13:08:10] ==== loop 21/∞ | seed=750097226857509259 archetype=balanced personality=minero focus=tech actions_per_loop=3 ====
[13:08:11] planet 40: queued ship_solar_satellite +5
[13:08:11] planet 40: skipped duplicate ship_solar_satellite this loop
[13:08:11] planet 40: skipped duplicate ship_solar_satellite this loop
[2026-05-12 13:08:55] ==== loop 22/∞ | seed=750097226857509259 archetype=balanced personality=minero focus=tech actions_per_loop=3 ====
[13:08:56] planet 40: queued ship_solar_satellite +5
[13:08:56] planet 40: skipped duplicate ship_solar_satellite this loop
[13:08:56] planet 40: skipped duplicate ship_solar_satellite this loop
[13:08:56] research: blocked research_energy_technology (building_laboratory 0/1)
[2026-05-12 13:09:28] ==== loop 1/∞ | seed=750097226857509259 archetype=balanced personality=minero focus=tech actions_per_loop=3 ====
[13:09:29] planet 40: queued ship_solar_satellite +5
[13:09:29] planet 40: skipped duplicate ship_solar_satellite this loop
[13:09:29] planet 40: skipped duplicate ship_solar_satellite this loop
[13:09:29] research: blocked research_energy_technology (building_laboratory 0/1)
[2026-05-12 13:10:08] ==== loop 2/∞ | seed=750097226857509259 archetype=balanced personality=minero focus=tech actions_per_loop=3 ====
[13:10:09] planet 40: queued ship_solar_satellite +5
[13:10:09] planet 40: skipped duplicate ship_solar_satellite this loop
[13:10:09] planet 40: skipped duplicate ship_solar_satellite this loop
[13:10:09] research: blocked research_energy_technology (building_laboratory 0/1)
[2026-05-12 13:10:49] ==== loop 3/∞ | seed=750097226857509259 archetype=balanced personality=minero focus=tech actions_per_loop=3 ====
[13:10:49] planet 40: queued ship_solar_satellite +5
[13:10:49] planet 40: skipped duplicate ship_solar_satellite this loop
[13:10:49] planet 40: skipped duplicate ship_solar_satellite this loop
[13:10:49] research: blocked research_energy_technology (building_laboratory 0/1)
[2026-05-12 13:11:31] ==== loop 4/∞ | seed=750097226857509259 archetype=balanced personality=minero focus=tech actions_per_loop=3 ====
[13:11:32] planet 40: queued ship_solar_satellite +5
[13:11:32] planet 40: skipped duplicate ship_solar_satellite this loop
[13:11:32] planet 40: skipped duplicate ship_solar_satellite this loop
[2026-05-12 13:12:15] ==== loop 5/∞ | seed=750097226857509259 archetype=balanced personality=minero focus=tech actions_per_loop=3 ====
[13:12:16] planet 40: queued ship_solar_satellite +5
[13:12:16] planet 40: skipped duplicate ship_solar_satellite this loop
[13:12:16] research: blocked research_energy_technology (building_laboratory 0/1)
[2026-05-12 13:12:53] ==== loop 6/∞ | seed=750097226857509259 archetype=balanced personality=minero focus=tech actions_per_loop=3 ====
[13:12:54] planet 40: queued ship_solar_satellite +5
[13:12:54] planet 40: skipped duplicate ship_solar_satellite this loop
[13:12:54] planet 40: skipped duplicate ship_solar_satellite this loop
[2026-05-12 13:13:36] ==== loop 7/∞ | seed=750097226857509259 archetype=balanced personality=minero focus=tech actions_per_loop=3 ====
[13:13:36] planet 40: queued ship_solar_satellite +5
[13:13:36] planet 40: skipped duplicate ship_solar_satellite this loop
[13:13:36] planet 40: skipped duplicate ship_solar_satellite this loop
[13:13:36] research: blocked research_energy_technology (building_laboratory 0/1)
[2026-05-12 13:14:20] ==== loop 8/∞ | seed=750097226857509259 archetype=balanced personality=minero focus=tech actions_per_loop=3 ====
[13:14:22] planet 40: queued building_laboratory to 1
[13:14:22] research: blocked research_energy_technology (building_laboratory 0/1)
[2026-05-12 13:15:02] ==== loop 9/∞ | seed=750097226857509259 archetype=balanced personality=minero focus=tech actions_per_loop=3 ====
[13:15:03] planet 40: queued building_laboratory to 2
[13:15:03] research: queued research_energy_technology on planet 40 (5s)
[2026-05-12 13:15:45] ==== loop 10/∞ | seed=750097226857509259 archetype=balanced personality=minero focus=tech actions_per_loop=3 ====
[13:15:47] planet 40: queued building_laboratory to 3
[13:15:47] planet 40: queued defense_heavy_laser +3
[13:15:47] planet 40: queued defense_rocket_launcher +8
[13:15:47] research: already in progress
[2026-05-12 13:16:34] ==== loop 11/∞ | seed=750097226857509259 archetype=balanced personality=minero focus=tech actions_per_loop=3 ====
[13:16:36] planet 40: queued defense_rocket_launcher +7
[13:16:36] planet 40: queued building_laboratory to 4
[13:16:36] research: already in progress
[2026-05-12 13:17:19] ==== loop 12/∞ | seed=750097226857509259 archetype=balanced personality=minero focus=tech actions_per_loop=3 ====
[13:17:20] planet 40: queued building_laboratory to 5
[2026-05-12 13:18:03] ==== loop 13/∞ | seed=750097226857509259 archetype=balanced personality=minero focus=tech actions_per_loop=3 ====
[13:18:03] planet 40: queued building_laboratory to 6
[13:18:03] research: already in progress
[2026-05-12 13:18:46] ==== loop 14/∞ | seed=750097226857509259 archetype=balanced personality=minero focus=tech actions_per_loop=3 ====
[13:18:47] planet 40: queued building_laboratory to 7
[13:18:47] research: already in progress
[2026-05-12 13:19:30] ==== loop 15/∞ | seed=750097226857509259 archetype=balanced personality=minero focus=tech actions_per_loop=3 ====
[13:19:31] planet 40: queued building_laboratory to 8
[13:19:31] research: already in progress
[2026-05-12 13:20:10] ==== loop 16/∞ | seed=750097226857509259 archetype=balanced personality=minero focus=tech actions_per_loop=3 ====
[13:20:11] planet 40: queued building_metal_store to 13
[2026-05-12 13:20:53] ==== loop 17/∞ | seed=750097226857509259 archetype=balanced personality=minero focus=tech actions_per_loop=3 ====
[13:20:56] planet 40: building queue full (5)
[13:20:56] planet 40: building queue full (5)
[13:20:56] planet 40: building queue full (5)
[13:20:56] research: already in progress
[2026-05-12 13:21:40] ==== loop 18/∞ | seed=750097226857509259 archetype=balanced personality=minero focus=tech actions_per_loop=3 ====
[13:21:41] planet 40: building queue full (5)
[13:21:41] planet 40: building queue full (5)
[13:21:41] planet 40: building queue full (5)
[13:21:41] research: already in progress
[2026-05-12 13:22:45] ==== loop 1/∞ | seed=750097226857509259 archetype=balanced personality=minero focus=tech actions_per_loop=3 ====
[13:22:47] planet 40: building queue full (5)
[13:22:47] planet 40: building queue full (5)
[13:22:47] planet 40: building queue full (5)
[2026-05-12 13:23:25] ==== loop 2/∞ | seed=750097226857509259 archetype=balanced personality=minero focus=tech actions_per_loop=3 ====
[13:23:28] planet 40: building queue full (5)
[13:23:28] planet 40: building queue full (5)
[13:23:28] planet 40: building queue full (5)
[13:23:28] research: already in progress
[2026-05-12 13:24:06] ==== loop 3/∞ | seed=750097226857509259 archetype=balanced personality=minero focus=tech actions_per_loop=3 ====
[13:24:08] planet 40: building queue full (5)
[13:24:08] planet 40: building queue full (5)
[13:24:08] planet 40: building queue full (5)
[13:24:08] research: already in progress
[2026-05-12 13:24:42] ==== loop 4/∞ | seed=750097226857509259 archetype=balanced personality=minero focus=tech actions_per_loop=3 ====
[13:24:44] planet 40: building queue full (5)
[13:24:44] planet 40: building queue full (5)
[13:24:44] planet 40: building queue full (5)
[13:24:44] research: already in progress
[2026-05-12 13:25:22] ==== loop 5/∞ | seed=750097226857509259 archetype=balanced personality=minero focus=tech actions_per_loop=3 ====
[13:25:23] planet 40: building queue full (5)
[13:25:23] planet 40: building queue full (5)
[13:25:23] planet 40: building queue full (5)
[13:25:23] research: already in progress
[2026-05-12 13:26:06] ==== loop 6/∞ | seed=750097226857509259 archetype=balanced personality=minero focus=tech actions_per_loop=3 ====
[13:26:09] planet 40: building queue full (5)
[13:26:09] planet 40: building queue full (5)
[13:26:09] planet 40: building queue full (5)
[2026-05-12 13:26:51] ==== loop 7/∞ | seed=750097226857509259 archetype=balanced personality=minero focus=tech actions_per_loop=3 ====
[13:26:53] planet 40: building queue full (5)
[13:26:53] planet 40: building queue full (5)
[13:26:53] planet 40: building queue full (5)
[2026-05-12 13:27:28] ==== loop 8/∞ | seed=750097226857509259 archetype=balanced personality=minero focus=tech actions_per_loop=3 ====
[13:27:30] planet 40: building queue full (5)
[13:27:30] planet 40: building queue full (5)
[13:27:30] planet 40: building queue full (5)
[2026-05-12 13:28:31] ==== loop 1/∞ | seed=750097226857509259 archetype=balanced personality=minero focus=tech actions_per_loop=3 ====
[13:28:34] planet 40: building queue full (5)
[13:28:34] planet 40: building queue full (5)
[13:28:34] planet 40: building queue full (5)
[2026-05-12 13:29:17] ==== loop 2/∞ | seed=750097226857509259 archetype=balanced personality=minero focus=tech actions_per_loop=3 ====
[13:29:18] planet 40: building queue full (5)
[13:29:18] planet 40: building queue full (5)
[13:29:18] research: already in progress
[2026-05-12 13:29:59] ==== loop 3/∞ | seed=750097226857509259 archetype=balanced personality=minero focus=tech actions_per_loop=3 ====
[13:30:00] planet 40: building queue full (5)
[13:30:00] planet 40: building queue full (5)
[2026-05-12 13:30:36] ==== loop 4/∞ | seed=750097226857509259 archetype=balanced personality=minero focus=tech actions_per_loop=3 ====
[13:30:37] planet 40: queued defense_gauss_cannon +8
[13:30:37] planet 40: skipped duplicate defense_gauss_cannon this loop
[13:30:37] planet 40: skipped duplicate defense_gauss_cannon this loop
[13:30:37] research: already in progress
[2026-05-12 13:31:14] ==== loop 5/∞ | seed=750097226857509259 archetype=balanced personality=minero focus=tech actions_per_loop=3 ====
[13:31:15] planet 40: queued defense_gauss_cannon +8
[13:31:15] planet 40: skipped duplicate defense_gauss_cannon this loop
[13:31:15] planet 40: skipped duplicate defense_gauss_cannon this loop
[13:31:15] research: already in progress
[2026-05-12 13:31:49] ==== loop 6/∞ | seed=750097226857509259 archetype=balanced personality=minero focus=tech actions_per_loop=3 ====
[13:31:50] planet 40: queued defense_gauss_cannon +8
[13:31:50] planet 40: skipped duplicate defense_gauss_cannon this loop
[13:31:50] planet 40: skipped duplicate defense_gauss_cannon this loop
[2026-05-12 13:32:28] ==== loop 7/∞ | seed=750097226857509259 archetype=balanced personality=minero focus=tech actions_per_loop=3 ====
[13:32:29] planet 40: queued defense_gauss_cannon +8
[13:32:29] planet 40: skipped duplicate defense_gauss_cannon this loop
[13:32:29] research: already in progress
[2026-05-12 13:33:10] ==== loop 8/∞ | seed=750097226857509259 archetype=balanced personality=minero focus=tech actions_per_loop=3 ====
[13:33:10] planet 40: queued defense_gauss_cannon +8
[13:33:10] planet 40: skipped duplicate defense_gauss_cannon this loop
[13:33:10] research: already in progress
[2026-05-12 13:33:47] ==== loop 9/∞ | seed=750097226857509259 archetype=balanced personality=minero focus=tech actions_per_loop=3 ====
[13:33:48] planet 40: queued defense_gauss_cannon +8
[13:33:48] planet 40: skipped duplicate defense_gauss_cannon this loop
[2026-05-12 13:34:22] ==== loop 10/∞ | seed=750097226857509259 archetype=balanced personality=minero focus=tech actions_per_loop=3 ====
[13:34:23] planet 40: queued defense_gauss_cannon +8
[13:34:23] planet 40: skipped duplicate defense_gauss_cannon this loop
[2026-05-12 13:35:01] ==== loop 11/∞ | seed=750097226857509259 archetype=balanced personality=minero focus=tech actions_per_loop=3 ====
[13:35:02] planet 40: queued defense_gauss_cannon +8
[13:35:02] planet 40: skipped duplicate defense_gauss_cannon this loop
[13:35:02] planet 40: skipped duplicate defense_gauss_cannon this loop
[2026-05-12 13:35:41] ==== loop 12/∞ | seed=750097226857509259 archetype=balanced personality=minero focus=tech actions_per_loop=3 ====
[13:35:42] planet 40: queued defense_gauss_cannon +8
[13:35:42] planet 40: skipped duplicate defense_gauss_cannon this loop
[13:35:42] planet 40: skipped duplicate defense_gauss_cannon this loop
[13:35:42] research: already in progress
[2026-05-12 13:36:19] ==== loop 13/∞ | seed=750097226857509259 archetype=balanced personality=minero focus=tech actions_per_loop=3 ====
[13:36:20] planet 40: queued defense_gauss_cannon +8
[13:36:20] planet 40: skipped duplicate defense_gauss_cannon this loop
[13:36:20] planet 40: skipped duplicate defense_gauss_cannon this loop
[13:36:20] research: already in progress
[2026-05-12 13:36:55] ==== loop 14/∞ | seed=750097226857509259 archetype=balanced personality=minero focus=tech actions_per_loop=3 ====
[13:36:55] planet 40: queued defense_gauss_cannon +8
[13:36:55] planet 40: skipped duplicate defense_gauss_cannon this loop
[13:36:55] planet 40: skipped duplicate defense_gauss_cannon this loop
[2026-05-12 13:37:32] ==== loop 15/∞ | seed=750097226857509259 archetype=balanced personality=minero focus=tech actions_per_loop=3 ====
[13:37:32] planet 40: queued defense_gauss_cannon +8
[13:37:32] planet 40: skipped duplicate defense_gauss_cannon this loop
[13:37:32] planet 40: skipped duplicate defense_gauss_cannon this loop
[13:37:32] research: already in progress
[2026-05-12 13:38:11] ==== loop 16/∞ | seed=750097226857509259 archetype=balanced personality=minero focus=tech actions_per_loop=3 ====
[13:38:12] planet 40: queued defense_gauss_cannon +8
[13:38:12] planet 40: skipped duplicate defense_gauss_cannon this loop
[2026-05-12 13:38:49] ==== loop 17/∞ | seed=750097226857509259 archetype=balanced personality=minero focus=tech actions_per_loop=3 ====
[13:38:49] planet 40: queued defense_gauss_cannon +8
[13:38:49] planet 40: skipped duplicate defense_gauss_cannon this loop
[13:38:49] planet 40: skipped duplicate defense_gauss_cannon this loop
[13:38:49] research: already in progress
[2026-05-12 13:39:35] ==== loop 1/∞ | seed=750097226857509259 archetype=balanced personality=minero focus=tech actions_per_loop=3 ====
[13:39:35] planet 40: queued defense_gauss_cannon +8
[13:39:35] planet 40: skipped duplicate defense_gauss_cannon this loop
[2026-05-12 13:40:11] ==== loop 2/∞ | seed=750097226857509259 archetype=balanced personality=minero focus=tech actions_per_loop=3 ====
[13:40:12] planet 40: queued building_metal_mine to 33
[2026-05-12 13:40:50] ==== loop 1/∞ | seed=750097226857509259 archetype=balanced personality=minero focus=tech actions_per_loop=3 ====
[13:40:50] planet 40: queued building_robot_factory to 8
[13:40:50] research: already in progress
[2026-05-12 13:41:25] ==== loop 2/∞ | seed=750097226857509259 archetype=balanced personality=minero focus=tech actions_per_loop=3 ====
[13:41:25] planet 40: queue busy, throttled building_robot_factory
[13:41:25] planet 40: queue busy, throttled building_robot_factory
[13:41:25] planet 40: queue busy, throttled building_robot_factory
[13:41:25] research: already in progress
[2026-05-12 13:42:00] ==== loop 3/∞ | seed=750097226857509259 archetype=balanced personality=minero focus=tech actions_per_loop=3 ====
[13:42:00] planet 40: queue busy, throttled building_robot_factory
[13:42:00] planet 40: queue busy, throttled building_robot_factory
[13:42:00] planet 40: queue busy, throttled building_robot_factory
[13:42:00] research: already in progress
[2026-05-12 13:42:36] ==== loop 4/∞ | seed=750097226857509259 archetype=balanced personality=minero focus=tech actions_per_loop=3 ====
[13:42:36] planet 40: queue busy, throttled building_robot_factory
[13:42:36] planet 40: queue busy, throttled building_robot_factory
[13:42:36] planet 40: queue busy, throttled building_robot_factory
[2026-05-12 13:43:14] ==== loop 5/∞ | seed=750097226857509259 archetype=balanced personality=minero focus=tech actions_per_loop=3 ====
[13:43:14] planet 40: queue busy, throttled building_robot_factory
[13:43:14] planet 40: queue busy, throttled building_robot_factory
[2026-05-12 13:43:55] ==== loop 6/∞ | seed=750097226857509259 archetype=balanced personality=minero focus=tech actions_per_loop=3 ====
[13:43:55] planet 40: queue busy, throttled building_robot_factory
[13:43:55] planet 40: queue busy, throttled building_robot_factory
[13:43:55] research: already in progress
[2026-05-12 13:44:46] ==== loop 1/∞ | seed=750097226857509259 archetype=balanced personality=minero focus=tech actions_per_loop=3 ====
[13:44:47] planet 40: queue busy, throttled building_robot_factory
[13:44:47] planet 40: queue busy, throttled building_robot_factory
[13:44:47] planet 40: queue busy, throttled building_robot_factory
[2026-05-12 13:45:22] ==== loop 2/∞ | seed=750097226857509259 archetype=balanced personality=minero focus=tech actions_per_loop=3 ====
[13:45:22] planet 40: queue busy, throttled building_robot_factory
[13:45:22] planet 40: queue busy, throttled building_robot_factory
[13:45:22] planet 40: queue busy, throttled building_robot_factory
[2026-05-12 13:45:56] ==== loop 3/∞ | seed=750097226857509259 archetype=balanced personality=minero focus=tech actions_per_loop=3 ====
[13:45:56] planet 40: queue busy, throttled building_robot_factory
[13:45:56] planet 40: queue busy, throttled building_robot_factory
[13:45:56] planet 40: queue busy, throttled building_robot_factory
[13:45:56] research: already in progress
[2026-05-12 13:46:35] ==== loop 4/∞ | seed=750097226857509259 archetype=balanced personality=minero focus=tech actions_per_loop=3 ====
[13:46:35] planet 40: queue busy, throttled building_robot_factory
[13:46:35] planet 40: queue busy, throttled building_robot_factory
[13:46:35] planet 40: queue busy, throttled building_robot_factory
[13:46:35] research: already in progress
[2026-05-12 13:47:09] ==== loop 5/∞ | seed=750097226857509259 archetype=balanced personality=minero focus=tech actions_per_loop=3 ====
[13:47:09] planet 40: queue busy, throttled building_robot_factory
[13:47:09] planet 40: queue busy, throttled building_robot_factory
[13:47:09] research: already in progress
[2026-05-12 13:47:48] ==== loop 6/∞ | seed=750097226857509259 archetype=balanced personality=minero focus=tech actions_per_loop=3 ====
[13:47:48] planet 40: queue busy, throttled building_robot_factory
[13:47:48] planet 40: queue busy, throttled building_robot_factory
[13:47:48] planet 40: queue busy, throttled building_robot_factory
[2026-05-12 13:48:27] ==== loop 7/∞ | seed=750097226857509259 archetype=balanced personality=minero focus=tech actions_per_loop=3 ====
[13:48:27] planet 40: queue busy, throttled building_robot_factory
[13:48:27] planet 40: queue busy, throttled building_robot_factory
[13:48:27] planet 40: queue busy, throttled building_robot_factory
[13:48:27] research: already in progress
[2026-05-12 13:49:06] ==== loop 8/∞ | seed=750097226857509259 archetype=balanced personality=minero focus=tech actions_per_loop=3 ====
[13:49:06] planet 40: queue busy, throttled building_robot_factory
[13:49:06] planet 40: queue busy, throttled building_robot_factory
[13:49:06] planet 40: queue busy, throttled building_robot_factory
[2026-05-12 13:49:46] ==== loop 9/∞ | seed=750097226857509259 archetype=balanced personality=minero focus=tech actions_per_loop=3 ====
[13:49:46] planet 40: queue busy, throttled building_robot_factory
[13:49:46] planet 40: queue busy, throttled building_robot_factory
[13:49:46] planet 40: queue busy, throttled building_robot_factory
[13:49:46] research: already in progress
[2026-05-12 13:50:22] ==== loop 10/∞ | seed=750097226857509259 archetype=balanced personality=minero focus=tech actions_per_loop=3 ====
[13:50:22] planet 40: queue busy, throttled building_robot_factory
[13:50:22] planet 40: queue busy, throttled building_robot_factory
[13:50:22] planet 40: queue busy, throttled building_robot_factory
[2026-05-12 13:50:56] ==== loop 11/∞ | seed=750097226857509259 archetype=balanced personality=minero focus=tech actions_per_loop=3 ====
[13:50:56] planet 40: queue busy, throttled building_robot_factory
[13:50:56] planet 40: queue busy, throttled building_robot_factory
[13:50:56] planet 40: queue busy, throttled building_robot_factory
[2026-05-12 13:51:32] ==== loop 12/∞ | seed=750097226857509259 archetype=balanced personality=minero focus=tech actions_per_loop=3 ====
[13:51:32] planet 40: queue busy, throttled building_robot_factory
[13:51:32] planet 40: queue busy, throttled building_robot_factory
[13:51:32] research: already in progress
[2026-05-12 13:52:07] ==== loop 13/∞ | seed=750097226857509259 archetype=balanced personality=minero focus=tech actions_per_loop=3 ====
[13:52:07] planet 40: queue busy, throttled building_robot_factory
[13:52:07] planet 40: queue busy, throttled building_robot_factory
[13:52:07] planet 40: queue busy, throttled building_robot_factory
[2026-05-12 13:52:40] ==== loop 14/∞ | seed=750097226857509259 archetype=balanced personality=minero focus=tech actions_per_loop=3 ====
[13:52:40] planet 40: queue busy, throttled building_robot_factory
[13:52:40] planet 40: queue busy, throttled building_robot_factory
[13:52:40] planet 40: queue busy, throttled building_robot_factory
[2026-05-12 13:53:16] ==== loop 15/∞ | seed=750097226857509259 archetype=balanced personality=minero focus=tech actions_per_loop=3 ====
[13:53:16] planet 40: queue busy, throttled building_robot_factory
[13:53:16] planet 40: queue busy, throttled building_robot_factory
[13:53:16] planet 40: queue busy, throttled building_robot_factory
[2026-05-12 13:53:52] ==== loop 16/∞ | seed=750097226857509259 archetype=balanced personality=minero focus=tech actions_per_loop=3 ====
[13:53:52] planet 40: queue busy, throttled building_robot_factory
[13:53:52] planet 40: queue busy, throttled building_robot_factory
[13:53:52] research: already in progress
[2026-05-12 13:54:29] ==== loop 17/∞ | seed=750097226857509259 archetype=balanced personality=minero focus=tech actions_per_loop=3 ====
[13:54:29] planet 40: queue busy, throttled building_robot_factory
[13:54:29] planet 40: queue busy, throttled building_robot_factory
[2026-05-12 13:55:06] ==== loop 18/∞ | seed=750097226857509259 archetype=balanced personality=minero focus=tech actions_per_loop=3 ====
[13:55:06] planet 40: queue busy, throttled building_robot_factory
[13:55:06] planet 40: queue busy, throttled building_robot_factory
[2026-05-12 13:55:46] ==== loop 19/∞ | seed=750097226857509259 archetype=balanced personality=minero focus=tech actions_per_loop=3 ====
[13:55:46] planet 40: queue busy, throttled building_robot_factory
[13:55:46] planet 40: queue busy, throttled building_robot_factory
[13:55:46] planet 40: queue busy, throttled building_robot_factory
[13:55:46] research: already in progress
[2026-05-12 13:56:21] ==== loop 20/∞ | seed=750097226857509259 archetype=balanced personality=minero focus=tech actions_per_loop=3 ====
[13:56:21] planet 40: queue busy, throttled building_robot_factory
[13:56:21] planet 40: queue busy, throttled building_robot_factory
[13:56:21] planet 40: queue busy, throttled building_robot_factory
[2026-05-12 13:56:56] ==== loop 21/∞ | seed=750097226857509259 archetype=balanced personality=minero focus=tech actions_per_loop=3 ====
[13:56:56] planet 40: queue busy, throttled building_robot_factory
[13:56:56] planet 40: queue busy, throttled building_robot_factory
[2026-05-12 13:57:35] ==== loop 22/∞ | seed=750097226857509259 archetype=balanced personality=minero focus=tech actions_per_loop=3 ====
[13:57:35] planet 40: queue busy, throttled building_robot_factory
[13:57:35] planet 40: queue busy, throttled building_robot_factory
[13:57:35] planet 40: queue busy, throttled building_robot_factory
[13:57:35] research: already in progress
[2026-05-12 13:58:12] ==== loop 23/∞ | seed=750097226857509259 archetype=balanced personality=minero focus=tech actions_per_loop=3 ====
[13:58:12] planet 40: queue busy, throttled building_robot_factory
[13:58:12] planet 40: queue busy, throttled building_robot_factory
[13:58:12] research: already in progress
[2026-05-12 13:58:46] ==== loop 24/∞ | seed=750097226857509259 archetype=balanced personality=minero focus=tech actions_per_loop=3 ====
[13:58:46] planet 40: queue busy, throttled building_robot_factory
[13:58:46] planet 40: queue busy, throttled building_robot_factory
[13:58:46] planet 40: queue busy, throttled building_robot_factory
[2026-05-12 13:59:23] ==== loop 25/∞ | seed=750097226857509259 archetype=balanced personality=minero focus=tech actions_per_loop=3 ====
[13:59:23] planet 40: queue busy, throttled building_robot_factory
[13:59:23] planet 40: queue busy, throttled building_robot_factory
[13:59:23] planet 40: queue busy, throttled building_robot_factory
[2026-05-12 13:59:56] ==== loop 26/∞ | seed=750097226857509259 archetype=balanced personality=minero focus=tech actions_per_loop=3 ====
[13:59:56] planet 40: queue busy, throttled building_robot_factory
[13:59:56] planet 40: queue busy, throttled building_robot_factory
[13:59:56] planet 40: queue busy, throttled building_robot_factory
[2026-05-12 14:00:29] ==== loop 27/∞ | seed=750097226857509259 archetype=balanced personality=minero focus=tech actions_per_loop=3 ====
[14:00:29] planet 40: queue busy, throttled building_robot_factory
[14:00:29] planet 40: queue busy, throttled building_robot_factory
[14:00:29] planet 40: queue busy, throttled building_robot_factory
[2026-05-12 14:01:05] ==== loop 28/∞ | seed=750097226857509259 archetype=balanced personality=minero focus=tech actions_per_loop=3 ====
[14:01:05] planet 40: queue busy, throttled building_robot_factory
[14:01:05] planet 40: queue busy, throttled building_robot_factory
[14:01:05] planet 40: queue busy, throttled building_robot_factory
[2026-05-12 14:01:44] ==== loop 29/∞ | seed=750097226857509259 archetype=balanced personality=minero focus=tech actions_per_loop=3 ====
[14:01:44] planet 40: queue busy, throttled building_robot_factory
[14:01:44] planet 40: queue busy, throttled building_robot_factory
[14:01:44] planet 40: queue busy, throttled building_robot_factory
[14:01:44] research: already in progress
[2026-05-12 14:02:25] ==== loop 30/∞ | seed=750097226857509259 archetype=balanced personality=minero focus=tech actions_per_loop=3 ====
[14:02:28] planet 40: building queue full (5)
[14:02:28] planet 40: building queue full (5)
[14:02:28] planet 40: building queue full (5)
[14:02:28] research: already in progress
[2026-05-12 14:03:04] ==== loop 31/∞ | seed=750097226857509259 archetype=balanced personality=minero focus=tech actions_per_loop=3 ====
[14:03:06] planet 40: building queue full (5)
[14:03:06] planet 40: building queue full (5)
[14:03:06] planet 40: building queue full (5)
[14:03:06] research: already in progress
[2026-05-12 14:03:45] ==== loop 32/∞ | seed=750097226857509259 archetype=balanced personality=minero focus=tech actions_per_loop=3 ====
[14:03:48] planet 40: building queue full (5)
[14:03:48] planet 40: building queue full (5)
[14:03:48] planet 40: building queue full (5)
[14:03:48] research: already in progress
[2026-05-12 14:04:28] ==== loop 33/∞ | seed=750097226857509259 archetype=balanced personality=minero focus=tech actions_per_loop=3 ====
[14:04:30] planet 40: building queue full (5)
[14:04:30] planet 40: building queue full (5)
[14:04:30] planet 40: building queue full (5)
[2026-05-12 14:05:08] ==== loop 34/∞ | seed=750097226857509259 archetype=balanced personality=minero focus=tech actions_per_loop=3 ====
[14:05:09] planet 40: building queue full (5)
[14:05:09] planet 40: building queue full (5)
[14:05:09] planet 40: building queue full (5)
[2026-05-12 14:05:43] ==== loop 35/∞ | seed=750097226857509259 archetype=balanced personality=minero focus=tech actions_per_loop=3 ====
[14:05:46] planet 40: building queue full (5)
[14:05:46] planet 40: building queue full (5)
[14:05:46] planet 40: building queue full (5)
[2026-05-12 14:06:23] ==== loop 36/∞ | seed=750097226857509259 archetype=balanced personality=minero focus=tech actions_per_loop=3 ====
[14:06:25] planet 40: building queue full (5)
[14:06:25] planet 40: building queue full (5)
[2026-05-12 14:07:02] ==== loop 37/∞ | seed=750097226857509259 archetype=balanced personality=minero focus=tech actions_per_loop=3 ====
[14:07:04] planet 40: building queue full (5)
[14:07:04] planet 40: building queue full (5)
[14:07:04] planet 40: building queue full (5)
[14:07:04] research: already in progress
[2026-05-12 14:07:42] ==== loop 38/∞ | seed=750097226857509259 archetype=balanced personality=minero focus=tech actions_per_loop=3 ====
[14:07:43] planet 40: building queue full (5)
[14:07:43] planet 40: building queue full (5)
[14:07:43] planet 40: building queue full (5)
[2026-05-12 14:08:21] ==== loop 39/∞ | seed=750097226857509259 archetype=balanced personality=minero focus=tech actions_per_loop=3 ====
[14:08:22] planet 40: building queue full (5)
[14:08:22] planet 40: building queue full (5)
[14:08:22] planet 40: building queue full (5)
[14:08:22] research: already in progress
[2026-05-12 14:09:04] ==== loop 40/∞ | seed=750097226857509259 archetype=balanced personality=minero focus=tech actions_per_loop=3 ====
[14:09:05] planet 40: building queue full (5)
[14:09:05] planet 40: building queue full (5)
[14:09:05] planet 40: building queue full (5)
[14:09:05] research: already in progress
[2026-05-12 14:09:48] ==== loop 41/∞ | seed=750097226857509259 archetype=balanced personality=minero focus=tech actions_per_loop=3 ====
[14:09:50] planet 40: building queue full (5)
[14:09:50] planet 40: building queue full (5)
[14:09:50] planet 40: building queue full (5)
[14:09:50] research: already in progress
[2026-05-12 14:10:26] ==== loop 42/∞ | seed=750097226857509259 archetype=balanced personality=minero focus=tech actions_per_loop=3 ====
[14:10:28] planet 40: building queue full (5)
[14:10:28] planet 40: building queue full (5)
[14:10:28] planet 40: building queue full (5)
[14:10:28] research: already in progress
[2026-05-12 14:11:04] ==== loop 43/∞ | seed=750097226857509259 archetype=balanced personality=minero focus=tech actions_per_loop=3 ====
[14:11:06] planet 40: building queue full (5)
[14:11:06] planet 40: building queue full (5)
[14:11:06] research: already in progress
[2026-05-12 14:11:44] ==== loop 44/∞ | seed=750097226857509259 archetype=balanced personality=minero focus=tech actions_per_loop=3 ====
[14:11:46] planet 40: building queue full (5)
[14:11:46] planet 40: building queue full (5)
[14:11:46] research: already in progress
[2026-05-12 14:12:22] ==== loop 45/∞ | seed=750097226857509259 archetype=balanced personality=minero focus=tech actions_per_loop=3 ====
[14:12:24] planet 40: building queue full (5)
[14:12:24] planet 40: building queue full (5)
[14:12:24] planet 40: building queue full (5)
[2026-05-12 14:12:57] ==== loop 46/∞ | seed=750097226857509259 archetype=balanced personality=minero focus=tech actions_per_loop=3 ====
[14:12:59] planet 40: building queue full (5)
[14:12:59] planet 40: building queue full (5)
[14:12:59] planet 40: building queue full (5)
[2026-05-12 14:13:33] ==== loop 47/∞ | seed=750097226857509259 archetype=balanced personality=minero focus=tech actions_per_loop=3 ====
[14:13:35] planet 40: building queue full (5)
[14:13:35] planet 40: building queue full (5)
[14:13:35] planet 40: building queue full (5)
[2026-05-12 14:14:10] ==== loop 48/∞ | seed=750097226857509259 archetype=balanced personality=minero focus=tech actions_per_loop=3 ====
[14:14:12] planet 40: building queue full (5)
[14:14:12] planet 40: building queue full (5)
[14:14:12] planet 40: building queue full (5)
[14:14:12] research: already in progress
[2026-05-12 14:14:48] ==== loop 49/∞ | seed=750097226857509259 archetype=balanced personality=minero focus=tech actions_per_loop=3 ====
[14:14:50] planet 40: building queue full (5)
[14:14:50] planet 40: building queue full (5)
[14:14:50] planet 40: building queue full (5)
[2026-05-12 14:15:27] ==== loop 50/∞ | seed=750097226857509259 archetype=balanced personality=minero focus=tech actions_per_loop=3 ====
[14:15:29] planet 40: building queue full (5)
[14:15:29] planet 40: building queue full (5)
[14:15:29] planet 40: building queue full (5)
[2026-05-12 14:16:02] ==== loop 51/∞ | seed=750097226857509259 archetype=balanced personality=minero focus=tech actions_per_loop=3 ====
[14:16:04] planet 40: building queue full (5)
[14:16:04] planet 40: building queue full (5)
[14:16:04] planet 40: building queue full (5)
[14:16:04] research: already in progress
[2026-05-12 14:16:35] ==== loop 52/∞ | seed=750097226857509259 archetype=balanced personality=minero focus=tech actions_per_loop=3 ====
[14:16:37] planet 40: building queue full (5)
[14:16:37] planet 40: building queue full (5)
[14:16:37] planet 40: building queue full (5)
[14:16:37] research: already in progress
[2026-05-12 14:17:12] ==== loop 53/∞ | seed=750097226857509259 archetype=balanced personality=minero focus=tech actions_per_loop=3 ====
[14:17:14] planet 40: building queue full (5)
[14:17:14] planet 40: building queue full (5)
[14:17:14] planet 40: building queue full (5)
[2026-05-12 14:17:46] ==== loop 54/∞ | seed=750097226857509259 archetype=balanced personality=minero focus=tech actions_per_loop=3 ====
[14:17:48] planet 40: building queue full (5)
[14:17:48] planet 40: building queue full (5)
[14:17:48] planet 40: building queue full (5)
[2026-05-12 14:18:24] ==== loop 55/∞ | seed=750097226857509259 archetype=balanced personality=minero focus=tech actions_per_loop=3 ====
[14:18:26] planet 40: building queue full (5)
[14:18:26] planet 40: building queue full (5)
[14:18:26] planet 40: building queue full (5)
[2026-05-12 14:18:58] ==== loop 56/∞ | seed=750097226857509259 archetype=balanced personality=minero focus=tech actions_per_loop=3 ====
[14:19:00] planet 40: building queue full (5)
[14:19:00] planet 40: building queue full (5)
[14:19:00] planet 40: building queue full (5)
[2026-05-12 14:19:39] ==== loop 57/∞ | seed=750097226857509259 archetype=balanced personality=minero focus=tech actions_per_loop=3 ====
[14:19:40] planet 40: building queue full (5)
[14:19:40] planet 40: building queue full (5)
[14:19:40] planet 40: building queue full (5)
[14:19:40] research: already in progress
[2026-05-12 14:20:16] ==== loop 58/∞ | seed=750097226857509259 archetype=balanced personality=minero focus=tech actions_per_loop=3 ====
[14:20:19] planet 40: building queue full (5)
[14:20:19] planet 40: building queue full (5)
[14:20:19] planet 40: building queue full (5)
[2026-05-12 14:20:57] ==== loop 59/∞ | seed=750097226857509259 archetype=balanced personality=minero focus=tech actions_per_loop=3 ====
[14:20:58] planet 40: building queue full (5)
[14:20:58] planet 40: building queue full (5)
[14:20:58] planet 40: building queue full (5)
[2026-05-12 14:21:40] ==== loop 60/∞ | seed=750097226857509259 archetype=balanced personality=minero focus=tech actions_per_loop=3 ====
[14:21:41] planet 40: building queue full (5)
[14:21:41] planet 40: building queue full (5)
[14:21:41] planet 40: building queue full (5)
[14:21:41] research: already in progress
[2026-05-12 14:22:23] ==== loop 61/∞ | seed=750097226857509259 archetype=balanced personality=minero focus=tech actions_per_loop=3 ====
[14:22:25] planet 40: building queue full (5)
[14:22:25] planet 40: building queue full (5)
[14:22:25] planet 40: building queue full (5)
[2026-05-12 14:23:11] ==== loop 62/∞ | seed=750097226857509259 archetype=balanced personality=minero focus=tech actions_per_loop=3 ====
[14:23:13] planet 40: building queue full (5)
[14:23:13] planet 40: building queue full (5)
[14:23:13] planet 40: building queue full (5)
[14:23:13] research: already in progress
[2026-05-12 14:23:56] ==== loop 63/∞ | seed=750097226857509259 archetype=balanced personality=minero focus=tech actions_per_loop=3 ====
[14:23:58] planet 40: building queue full (5)
[14:23:58] planet 40: building queue full (5)
[14:23:58] planet 40: building queue full (5)
[2026-05-12 14:24:36] ==== loop 64/∞ | seed=750097226857509259 archetype=balanced personality=minero focus=tech actions_per_loop=3 ====
[14:24:37] planet 40: building queue full (5)
[14:24:37] planet 40: building queue full (5)
[14:24:37] research: already in progress
[2026-05-12 14:25:18] ==== loop 65/∞ | seed=750097226857509259 archetype=balanced personality=minero focus=tech actions_per_loop=3 ====
[14:25:19] planet 40: building queue full (5)
[14:25:19] planet 40: building queue full (5)
[14:25:19] planet 40: building queue full (5)
[14:25:19] research: already in progress
[2026-05-12 14:25:55] ==== loop 66/∞ | seed=750097226857509259 archetype=balanced personality=minero focus=tech actions_per_loop=3 ====
[14:25:57] planet 40: building queue full (5)
[14:25:57] planet 40: building queue full (5)
[14:25:57] planet 40: building queue full (5)
[14:25:57] research: already in progress
[2026-05-12 14:26:39] ==== loop 67/∞ | seed=750097226857509259 archetype=balanced personality=minero focus=tech actions_per_loop=3 ====
[14:26:41] planet 40: building queue full (5)
[14:26:41] planet 40: building queue full (5)
[2026-05-12 14:27:22] ==== loop 68/∞ | seed=750097226857509259 archetype=balanced personality=minero focus=tech actions_per_loop=3 ====
[14:27:25] planet 40: building queue full (5)
[14:27:25] planet 40: building queue full (5)
[14:27:25] planet 40: building queue full (5)
[2026-05-12 14:28:06] ==== loop 69/∞ | seed=750097226857509259 archetype=balanced personality=minero focus=tech actions_per_loop=3 ====
[14:28:07] planet 40: building queue full (5)
[14:28:07] planet 40: building queue full (5)
[14:28:07] research: already in progress
[2026-05-12 14:28:47] ==== loop 70/∞ | seed=750097226857509259 archetype=balanced personality=minero focus=tech actions_per_loop=3 ====
[14:28:48] planet 40: building queue full (5)
[14:28:48] planet 40: building queue full (5)
[2026-05-12 14:29:29] ==== loop 71/∞ | seed=750097226857509259 archetype=balanced personality=minero focus=tech actions_per_loop=3 ====
[14:29:31] planet 40: building queue full (5)
[14:29:31] planet 40: building queue full (5)
[14:29:31] planet 40: building queue full (5)
[2026-05-12 14:30:14] ==== loop 72/∞ | seed=750097226857509259 archetype=balanced personality=minero focus=tech actions_per_loop=3 ====
[14:30:16] planet 40: building queue full (5)
[14:30:16] planet 40: building queue full (5)
[14:30:16] planet 40: building queue full (5)
[14:30:16] research: already in progress
[2026-05-12 14:30:55] ==== loop 73/∞ | seed=750097226857509259 archetype=balanced personality=minero focus=tech actions_per_loop=3 ====
[14:30:58] planet 40: building queue full (5)
[14:30:58] planet 40: building queue full (5)
[14:30:58] planet 40: building queue full (5)
[2026-05-12 14:31:49] ==== loop 74/∞ | seed=750097226857509259 archetype=balanced personality=minero focus=tech actions_per_loop=3 ====
[14:31:51] planet 40: building queue full (5)
[14:31:51] planet 40: building queue full (5)
[14:31:51] planet 40: building queue full (5)
[14:31:51] research: already in progress
[2026-05-12 14:32:33] ==== loop 75/∞ | seed=750097226857509259 archetype=balanced personality=minero focus=tech actions_per_loop=3 ====
[14:32:34] planet 40: building queue full (5)
[14:32:34] planet 40: building queue full (5)
[14:32:34] planet 40: building queue full (5)
[14:32:34] research: already in progress
[2026-05-12 14:33:20] ==== loop 76/∞ | seed=750097226857509259 archetype=balanced personality=minero focus=tech actions_per_loop=3 ====
[14:33:22] planet 40: building queue full (5)
[14:33:22] planet 40: building queue full (5)
[14:33:22] planet 40: building queue full (5)
[2026-05-12 14:34:08] ==== loop 77/∞ | seed=750097226857509259 archetype=balanced personality=minero focus=tech actions_per_loop=3 ====
[14:34:10] planet 40: building queue full (5)
[14:34:10] planet 40: building queue full (5)
[14:34:10] planet 40: building queue full (5)
[2026-05-12 14:35:13] ==== loop 1/∞ | seed=750097226857509259 archetype=balanced personality=minero focus=tech actions_per_loop=3 ====
[14:35:15] planet 40: building queue full (5)
[14:35:15] planet 40: building queue full (5)
[14:35:15] research: already in progress
[2026-05-12 14:35:57] ==== loop 2/∞ | seed=750097226857509259 archetype=balanced personality=minero focus=tech actions_per_loop=3 ====
[14:35:59] planet 40: building queue full (5)
[14:35:59] planet 40: building queue full (5)
[14:35:59] planet 40: building queue full (5)
[2026-05-12 14:36:42] ==== loop 3/∞ | seed=750097226857509259 archetype=balanced personality=minero focus=tech actions_per_loop=3 ====
[14:36:44] planet 40: building queue full (5)
[14:36:44] planet 40: building queue full (5)
[14:36:44] planet 40: building queue full (5)
[14:36:44] research: already in progress
[2026-05-12 14:37:27] ==== loop 4/∞ | seed=750097226857509259 archetype=balanced personality=minero focus=tech actions_per_loop=3 ====
[14:37:29] planet 40: building queue full (5)
[14:37:29] planet 40: building queue full (5)
[14:37:29] planet 40: building queue full (5)
[14:37:29] research: already in progress
[2026-05-12 14:38:15] ==== loop 5/∞ | seed=750097226857509259 archetype=balanced personality=minero focus=tech actions_per_loop=3 ====
[14:38:17] planet 40: building queue full (5)
[14:38:17] planet 40: building queue full (5)
[14:38:17] planet 40: building queue full (5)
[14:38:17] research: already in progress
[2026-05-12 14:39:01] ==== loop 6/∞ | seed=750097226857509259 archetype=balanced personality=minero focus=tech actions_per_loop=3 ====
[14:39:03] planet 40: building queue full (5)
[14:39:03] planet 40: building queue full (5)
[14:39:03] planet 40: building queue full (5)
[14:39:03] research: already in progress
[2026-05-12 14:39:44] ==== loop 7/∞ | seed=750097226857509259 archetype=balanced personality=minero focus=tech actions_per_loop=3 ====
[14:39:46] planet 40: building queue full (5)
[14:39:46] planet 40: building queue full (5)
[14:39:46] planet 40: building queue full (5)
[14:39:46] research: already in progress
[2026-05-12 14:40:33] ==== loop 8/∞ | seed=750097226857509259 archetype=balanced personality=minero focus=tech actions_per_loop=3 ====
[14:40:35] planet 40: building queue full (5)
[14:40:35] planet 40: building queue full (5)
[14:40:35] planet 40: building queue full (5)
[14:40:35] research: already in progress
[2026-05-12 14:41:16] ==== loop 9/∞ | seed=750097226857509259 archetype=balanced personality=minero focus=tech actions_per_loop=3 ====
[14:41:18] planet 40: building queue full (5)
[14:41:18] planet 40: building queue full (5)
[14:41:18] planet 40: building queue full (5)
[2026-05-12 14:42:03] ==== loop 10/∞ | seed=750097226857509259 archetype=balanced personality=minero focus=tech actions_per_loop=3 ====
[14:42:05] planet 40: building queue full (5)
[14:42:05] planet 40: building queue full (5)
[14:42:05] planet 40: building queue full (5)
[2026-05-12 14:42:43] ==== loop 11/∞ | seed=750097226857509259 archetype=balanced personality=minero focus=tech actions_per_loop=3 ====
[14:42:45] planet 40: building queue full (5)
[14:42:45] planet 40: building queue full (5)
[14:42:45] planet 40: building queue full (5)
[14:42:45] research: already in progress
[2026-05-12 14:43:29] ==== loop 12/∞ | seed=750097226857509259 archetype=balanced personality=minero focus=tech actions_per_loop=3 ====
[14:43:31] planet 40: building queue full (5)
[14:43:31] planet 40: building queue full (5)
[14:43:31] planet 40: building queue full (5)
[14:43:31] research: already in progress
[2026-05-12 14:44:14] ==== loop 13/∞ | seed=750097226857509259 archetype=balanced personality=minero focus=tech actions_per_loop=3 ====
[14:44:16] planet 40: building queue full (5)
[14:44:16] planet 40: building queue full (5)
[14:44:16] research: already in progress
[2026-05-12 14:44:59] ==== loop 14/∞ | seed=750097226857509259 archetype=balanced personality=minero focus=tech actions_per_loop=3 ====
[14:45:01] planet 40: building queue full (5)
[14:45:01] planet 40: building queue full (5)
[2026-05-12 14:45:41] ==== loop 15/∞ | seed=750097226857509259 archetype=balanced personality=minero focus=tech actions_per_loop=3 ====
[14:45:43] planet 40: building queue full (5)
[14:45:43] planet 40: building queue full (5)
[14:45:43] planet 40: building queue full (5)
[14:45:43] research: already in progress
[2026-05-12 14:46:22] ==== loop 16/∞ | seed=750097226857509259 archetype=balanced personality=minero focus=tech actions_per_loop=3 ====
[14:46:24] planet 40: building queue full (5)
[14:46:24] planet 40: building queue full (5)
[14:46:24] planet 40: building queue full (5)
[14:46:24] research: already in progress
[2026-05-12 14:47:06] ==== loop 17/∞ | seed=750097226857509259 archetype=balanced personality=minero focus=tech actions_per_loop=3 ====
[14:47:08] planet 40: building queue full (5)
[14:47:08] planet 40: building queue full (5)
[14:47:08] planet 40: building queue full (5)
[2026-05-12 14:47:50] ==== loop 18/∞ | seed=750097226857509259 archetype=balanced personality=minero focus=tech actions_per_loop=3 ====
[14:47:52] planet 40: building queue full (5)
[14:47:52] planet 40: building queue full (5)
