[2026-05-11 10:30:20] ==== loop 1/∞ | seed=680570410771701182 archetype=turbo personality=flotero focus=eco actions_per_loop=3 ====
[10:30:21] planet 37: queued ship_cruiser +5
[10:30:21] planet 37: skipped duplicate ship_cruiser this loop
[10:30:21] planet 37: skipped duplicate ship_cruiser this loop
[2026-05-11 10:31:00] ==== loop 2/∞ | seed=680570410771701182 archetype=turbo personality=flotero focus=eco actions_per_loop=3 ====
[10:31:01] planet 37: queued ship_cruiser +5
[10:31:01] planet 37: skipped duplicate ship_cruiser this loop
[10:31:01] planet 37: skipped duplicate ship_cruiser this loop
[2026-05-11 10:31:38] ==== loop 3/∞ | seed=680570410771701182 archetype=turbo personality=flotero focus=eco actions_per_loop=3 ====
[10:31:39] planet 37: queued ship_cruiser +5
[10:31:39] planet 37: skipped duplicate ship_cruiser this loop
[10:31:39] planet 37: skipped duplicate ship_cruiser this loop
[2026-05-11 10:32:15] ==== loop 4/∞ | seed=680570410771701182 archetype=turbo personality=flotero focus=eco actions_per_loop=3 ====
[10:32:15] planet 37: queued ship_cruiser +5
[10:32:15] planet 37: skipped duplicate ship_cruiser this loop
[10:32:15] planet 37: skipped duplicate ship_cruiser this loop
[10:32:15] research: blocked research_energy_technology (building_laboratory 0/1)
[2026-05-11 10:32:53] ==== loop 5/∞ | seed=680570410771701182 archetype=turbo personality=flotero focus=eco actions_per_loop=3 ====
[10:32:54] planet 37: queued ship_cruiser +5
[10:32:54] planet 37: skipped duplicate ship_cruiser this loop
[10:32:54] planet 37: skipped duplicate ship_cruiser this loop
[10:32:54] research: blocked research_energy_technology (building_laboratory 0/1)
[2026-05-11 10:33:35] ==== loop 6/∞ | seed=680570410771701182 archetype=turbo personality=flotero focus=eco actions_per_loop=3 ====
[10:33:36] planet 37: queued ship_cruiser +5
[10:33:36] planet 37: skipped duplicate ship_cruiser this loop
[10:33:36] planet 37: skipped duplicate ship_cruiser this loop
[10:33:36] research: blocked research_energy_technology (building_laboratory 0/1)
[2026-05-11 10:34:18] ==== loop 7/∞ | seed=680570410771701182 archetype=turbo personality=flotero focus=eco actions_per_loop=3 ====
[10:34:18] planet 37: queued ship_cruiser +5
[10:34:18] planet 37: skipped duplicate ship_cruiser this loop
[10:34:18] planet 37: skipped duplicate ship_cruiser this loop
[2026-05-11 10:35:01] ==== loop 8/∞ | seed=680570410771701182 archetype=turbo personality=flotero focus=eco actions_per_loop=3 ====
[10:35:01] planet 37: queued ship_cruiser +5
[10:35:01] planet 37: skipped duplicate ship_cruiser this loop
[10:35:01] planet 37: skipped duplicate ship_cruiser this loop
[10:35:01] research: blocked research_energy_technology (building_laboratory 0/1)
[2026-05-11 10:35:39] ==== loop 9/∞ | seed=680570410771701182 archetype=turbo personality=flotero focus=eco actions_per_loop=3 ====
[10:35:39] planet 37: queued ship_cruiser +5
[10:35:39] planet 37: skipped duplicate ship_cruiser this loop
[10:35:39] planet 37: skipped duplicate ship_cruiser this loop
[10:35:39] research: blocked research_energy_technology (building_laboratory 0/1)
[2026-05-11 10:36:13] ==== loop 10/∞ | seed=680570410771701182 archetype=turbo personality=flotero focus=eco actions_per_loop=3 ====
[10:36:14] planet 37: queued ship_cruiser +5
[10:36:14] planet 37: skipped duplicate ship_cruiser this loop
[10:36:14] planet 37: skipped duplicate ship_cruiser this loop
[10:36:14] research: blocked research_energy_technology (building_laboratory 0/1)
[2026-05-11 10:36:51] ==== loop 11/∞ | seed=680570410771701182 archetype=turbo personality=flotero focus=eco actions_per_loop=3 ====
[10:36:51] planet 37: queued ship_cruiser +5
[10:36:51] planet 37: skipped duplicate ship_cruiser this loop
[10:36:51] planet 37: skipped duplicate ship_cruiser this loop
[2026-05-11 10:37:34] ==== loop 12/∞ | seed=680570410771701182 archetype=turbo personality=flotero focus=eco actions_per_loop=3 ====
[10:37:35] planet 37: queued ship_cruiser +5
[10:37:35] planet 37: skipped duplicate ship_cruiser this loop
[10:37:35] planet 37: skipped duplicate ship_cruiser this loop
[2026-05-11 10:38:17] ==== loop 13/∞ | seed=680570410771701182 archetype=turbo personality=flotero focus=eco actions_per_loop=3 ====
[10:38:18] planet 37: queued ship_cruiser +5
[10:38:18] planet 37: skipped duplicate ship_cruiser this loop
[10:38:18] planet 37: skipped duplicate ship_cruiser this loop
[10:38:18] research: blocked research_energy_technology (building_laboratory 0/1)
[2026-05-11 10:38:55] ==== loop 14/∞ | seed=680570410771701182 archetype=turbo personality=flotero focus=eco actions_per_loop=3 ====
[10:38:55] planet 37: queued ship_cruiser +5
[10:38:55] planet 37: skipped duplicate ship_cruiser this loop
[10:38:55] planet 37: skipped duplicate ship_cruiser this loop
[2026-05-11 10:39:34] ==== loop 15/∞ | seed=680570410771701182 archetype=turbo personality=flotero focus=eco actions_per_loop=3 ====
[10:39:35] planet 37: queued ship_cruiser +5
[10:39:35] planet 37: skipped duplicate ship_cruiser this loop
[10:39:35] planet 37: skipped duplicate ship_cruiser this loop
[10:39:35] research: blocked research_energy_technology (building_laboratory 0/1)
[2026-05-11 10:40:11] ==== loop 16/∞ | seed=680570410771701182 archetype=turbo personality=flotero focus=eco actions_per_loop=3 ====
[10:40:13] planet 37: building queue full (5)
[10:40:13] planet 37: building queue full (5)
[10:40:13] planet 37: building queue full (5)
[10:40:13] research: blocked research_energy_technology (building_laboratory 0/1)
[2026-05-11 10:40:53] ==== loop 17/∞ | seed=680570410771701182 archetype=turbo personality=flotero focus=eco actions_per_loop=3 ====
[10:40:54] planet 37: building queue full (5)
[10:40:54] planet 37: building queue full (5)
[10:40:54] planet 37: building queue full (5)
[2026-05-11 10:41:39] ==== loop 18/∞ | seed=680570410771701182 archetype=turbo personality=flotero focus=eco actions_per_loop=3 ====
[10:41:40] planet 37: building queue full (5)
[10:41:40] planet 37: building queue full (5)
[10:41:40] planet 37: building queue full (5)
[10:41:40] research: blocked research_energy_technology (building_laboratory 0/1)
[2026-05-11 10:42:11] ==== loop 1/∞ | seed=680570410771701182 archetype=turbo personality=flotero focus=eco actions_per_loop=3 ====
[10:42:12] planet 37: building queue full (5)
[10:42:12] planet 37: building queue full (5)
[10:42:12] planet 37: building queue full (5)
[2026-05-11 10:42:52] ==== loop 2/∞ | seed=680570410771701182 archetype=turbo personality=flotero focus=eco actions_per_loop=3 ====
[10:42:54] planet 37: building queue full (5)
[10:42:54] planet 37: building queue full (5)
[10:42:54] planet 37: building queue full (5)
[2026-05-11 10:43:37] ==== loop 3/∞ | seed=680570410771701182 archetype=turbo personality=flotero focus=eco actions_per_loop=3 ====
[10:43:38] planet 37: building queue full (5)
[10:43:38] planet 37: building queue full (5)
[10:43:38] planet 37: building queue full (5)
[2026-05-11 10:44:18] ==== loop 4/∞ | seed=680570410771701182 archetype=turbo personality=flotero focus=eco actions_per_loop=3 ====
[10:44:20] planet 37: building queue full (5)
[10:44:20] planet 37: building queue full (5)
[10:44:20] planet 37: building queue full (5)
[2026-05-11 10:45:06] ==== loop 5/∞ | seed=680570410771701182 archetype=turbo personality=flotero focus=eco actions_per_loop=3 ====
[10:45:08] planet 37: building queue full (5)
[10:45:08] planet 37: building queue full (5)
[10:45:08] planet 37: building queue full (5)
[2026-05-11 10:46:04] ==== loop 1/∞ | seed=680570410771701182 archetype=turbo personality=flotero focus=eco actions_per_loop=3 ====
[10:46:07] planet 37: building queue full (5)
[10:46:07] planet 37: building queue full (5)
[10:46:07] planet 37: building queue full (5)
[10:46:07] research: blocked research_energy_technology (building_laboratory 0/1)
[2026-05-11 10:46:47] ==== loop 2/∞ | seed=680570410771701182 archetype=turbo personality=flotero focus=eco actions_per_loop=3 ====
[10:46:49] planet 37: building queue full (5)
[10:46:49] planet 37: building queue full (5)
[10:46:49] planet 37: building queue full (5)
[2026-05-11 10:47:35] ==== loop 3/∞ | seed=680570410771701182 archetype=turbo personality=flotero focus=eco actions_per_loop=3 ====
[10:47:37] planet 37: building queue full (5)
[10:47:37] planet 37: building queue full (5)
[10:47:37] planet 37: building queue full (5)
[10:47:37] research: blocked research_energy_technology (building_laboratory 0/1)
[2026-05-11 10:48:23] ==== loop 4/∞ | seed=680570410771701182 archetype=turbo personality=flotero focus=eco actions_per_loop=3 ====
[10:48:24] planet 37: building queue full (5)
[10:48:24] planet 37: building queue full (5)
[10:48:24] planet 37: building queue full (5)
[2026-05-11 10:49:07] ==== loop 5/∞ | seed=680570410771701182 archetype=turbo personality=flotero focus=eco actions_per_loop=3 ====
[10:49:10] planet 37: building queue full (5)
[10:49:10] planet 37: building queue full (5)
[10:49:10] planet 37: building queue full (5)
[10:49:10] research: blocked research_energy_technology (building_laboratory 0/1)
[2026-05-11 10:49:52] ==== loop 6/∞ | seed=680570410771701182 archetype=turbo personality=flotero focus=eco actions_per_loop=3 ====
[10:49:53] planet 37: building queue full (5)
[10:49:53] planet 37: building queue full (5)
[10:49:53] planet 37: building queue full (5)
[10:49:53] research: blocked research_energy_technology (building_laboratory 0/1)
[2026-05-11 10:50:42] ==== loop 7/∞ | seed=680570410771701182 archetype=turbo personality=flotero focus=eco actions_per_loop=3 ====
[10:50:44] planet 37: building queue full (5)
[10:50:44] planet 37: building queue full (5)
[10:50:44] planet 37: building queue full (5)
[2026-05-11 10:51:23] ==== loop 8/∞ | seed=680570410771701182 archetype=turbo personality=flotero focus=eco actions_per_loop=3 ====
[10:51:24] planet 37: building queue full (5)
[10:51:24] planet 37: building queue full (5)
[10:51:24] planet 37: building queue full (5)
[10:51:24] research: blocked research_energy_technology (building_laboratory 0/1)
[2026-05-11 10:52:07] ==== loop 9/∞ | seed=680570410771701182 archetype=turbo personality=flotero focus=eco actions_per_loop=3 ====
[10:52:08] planet 37: building queue full (5)
[10:52:08] planet 37: building queue full (5)
[10:52:08] planet 37: building queue full (5)
[10:52:08] research: blocked research_energy_technology (building_laboratory 0/1)
[2026-05-11 10:52:47] ==== loop 10/∞ | seed=680570410771701182 archetype=turbo personality=flotero focus=eco actions_per_loop=3 ====
[10:52:48] planet 37: building queue full (5)
[10:52:48] planet 37: building queue full (5)
[10:52:48] planet 37: building queue full (5)
[2026-05-11 10:53:26] ==== loop 11/∞ | seed=680570410771701182 archetype=turbo personality=flotero focus=eco actions_per_loop=3 ====
[10:53:28] planet 37: building queue full (5)
[10:53:28] planet 37: building queue full (5)
[10:53:28] planet 37: building queue full (5)
[2026-05-11 10:54:12] ==== loop 12/∞ | seed=680570410771701182 archetype=turbo personality=flotero focus=eco actions_per_loop=3 ====
[10:54:15] planet 37: building queue full (5)
[10:54:15] planet 37: building queue full (5)
[10:54:15] planet 37: building queue full (5)
[2026-05-11 10:55:00] ==== loop 13/∞ | seed=680570410771701182 archetype=turbo personality=flotero focus=eco actions_per_loop=3 ====
[10:55:03] planet 37: building queue full (5)
[10:55:03] planet 37: building queue full (5)
[10:55:03] planet 37: building queue full (5)
[2026-05-11 10:55:41] ==== loop 14/∞ | seed=680570410771701182 archetype=turbo personality=flotero focus=eco actions_per_loop=3 ====
[10:55:43] planet 37: queued ship_solar_satellite +10
[10:55:43] planet 37: queued building_metal_mine to 29
[2026-05-11 10:56:26] ==== loop 15/∞ | seed=680570410771701182 archetype=turbo personality=flotero focus=eco actions_per_loop=3 ====
[10:56:28] planet 37: building queue full (5)
[10:56:28] planet 37: building queue full (5)
[10:56:28] planet 37: building queue full (5)
[2026-05-11 10:57:12] ==== loop 16/∞ | seed=680570410771701182 archetype=turbo personality=flotero focus=eco actions_per_loop=3 ====
[10:57:13] planet 37: queued building_metal_mine to 30
[2026-05-11 10:57:56] ==== loop 17/∞ | seed=680570410771701182 archetype=turbo personality=flotero focus=eco actions_per_loop=3 ====
[10:57:58] planet 37: building queue full (5)
[10:57:58] planet 37: building queue full (5)
[10:57:58] planet 37: building queue full (5)
[2026-05-11 10:58:37] ==== loop 18/∞ | seed=680570410771701182 archetype=turbo personality=flotero focus=eco actions_per_loop=3 ====
[10:58:39] planet 37: building queue full (5)
[10:58:39] planet 37: building queue full (5)
[10:58:39] planet 37: building queue full (5)
[2026-05-11 10:59:23] ==== loop 19/∞ | seed=680570410771701182 archetype=turbo personality=flotero focus=eco actions_per_loop=3 ====
[10:59:26] planet 37: building queue full (5)
[10:59:26] planet 37: building queue full (5)
[10:59:26] planet 37: building queue full (5)
[2026-05-11 11:00:03] ==== loop 20/∞ | seed=680570410771701182 archetype=turbo personality=flotero focus=eco actions_per_loop=3 ====
[11:00:03] planet 37: queue busy, throttled building_laboratory
[11:00:03] planet 37: queue busy, throttled building_laboratory
[11:00:03] planet 37: queue busy, throttled building_laboratory
[11:00:03] research: blocked research_energy_technology (building_laboratory 0/1)
[2026-05-11 11:00:47] ==== loop 21/∞ | seed=680570410771701182 archetype=turbo personality=flotero focus=eco actions_per_loop=3 ====
[11:00:47] planet 37: queue busy, throttled building_laboratory
[11:00:47] planet 37: queue busy, throttled building_laboratory
[11:00:47] planet 37: queue busy, throttled building_laboratory
[11:00:47] research: blocked research_energy_technology (building_laboratory 0/1)
[2026-05-11 11:01:36] ==== loop 22/∞ | seed=680570410771701182 archetype=turbo personality=flotero focus=eco actions_per_loop=3 ====
[11:01:36] planet 37: queue busy, throttled building_laboratory
[11:01:36] planet 37: queue busy, throttled building_laboratory
[11:01:36] planet 37: queue busy, throttled building_laboratory
[11:01:36] research: blocked research_energy_technology (building_laboratory 0/1)
[2026-05-11 11:02:25] ==== loop 23/∞ | seed=680570410771701182 archetype=turbo personality=flotero focus=eco actions_per_loop=3 ====
[11:02:25] planet 37: queue busy, throttled building_laboratory
[11:02:25] planet 37: queue busy, throttled building_laboratory
[11:02:25] planet 37: queue busy, throttled building_laboratory
[11:02:25] research: blocked research_energy_technology (building_laboratory 0/1)
[2026-05-11 11:03:06] ==== loop 24/∞ | seed=680570410771701182 archetype=turbo personality=flotero focus=eco actions_per_loop=3 ====
[11:03:06] planet 37: queue busy, throttled building_laboratory
[11:03:06] planet 37: queue busy, throttled building_laboratory
[11:03:06] planet 37: queue busy, throttled building_laboratory
[11:03:06] research: blocked research_energy_technology (building_laboratory 0/1)
[2026-05-11 11:03:44] ==== loop 25/∞ | seed=680570410771701182 archetype=turbo personality=flotero focus=eco actions_per_loop=3 ====
[11:03:44] planet 37: queue busy, throttled building_laboratory
[11:03:44] planet 37: queue busy, throttled building_laboratory
[11:03:44] planet 37: queue busy, throttled building_laboratory
[11:03:44] research: blocked research_energy_technology (building_laboratory 0/1)
[2026-05-11 11:04:26] ==== loop 26/∞ | seed=680570410771701182 archetype=turbo personality=flotero focus=eco actions_per_loop=3 ====
[11:04:26] planet 37: queue busy, throttled building_laboratory
[11:04:26] planet 37: queue busy, throttled building_laboratory
[11:04:26] planet 37: queue busy, throttled building_laboratory
[2026-05-11 11:05:07] ==== loop 27/∞ | seed=680570410771701182 archetype=turbo personality=flotero focus=eco actions_per_loop=3 ====
[11:05:07] planet 37: queue busy, throttled building_laboratory
[11:05:07] planet 37: queue busy, throttled building_laboratory
[2026-05-11 11:05:50] ==== loop 28/∞ | seed=680570410771701182 archetype=turbo personality=flotero focus=eco actions_per_loop=3 ====
[11:05:50] planet 37: queue busy, throttled building_laboratory
[11:05:50] planet 37: queue busy, throttled building_laboratory
[11:05:50] planet 37: queue busy, throttled building_laboratory
[2026-05-11 11:06:35] ==== loop 29/∞ | seed=680570410771701182 archetype=turbo personality=flotero focus=eco actions_per_loop=3 ====
[11:06:35] planet 37: queue busy, throttled building_laboratory
[11:06:35] planet 37: queue busy, throttled building_laboratory
[11:06:35] planet 37: queue busy, throttled building_laboratory
[11:06:35] research: blocked research_energy_technology (building_laboratory 0/1)
[2026-05-11 11:07:19] ==== loop 30/∞ | seed=680570410771701182 archetype=turbo personality=flotero focus=eco actions_per_loop=3 ====
[11:07:19] planet 37: queue busy, throttled building_laboratory
[11:07:19] planet 37: queue busy, throttled building_laboratory
[11:07:19] research: blocked research_energy_technology (building_laboratory 0/1)
[2026-05-11 11:08:02] ==== loop 31/∞ | seed=680570410771701182 archetype=turbo personality=flotero focus=eco actions_per_loop=3 ====
[11:08:02] planet 37: queue busy, throttled building_laboratory
[11:08:02] planet 37: queue busy, throttled building_laboratory
[11:08:02] planet 37: queue busy, throttled building_laboratory
[2026-05-11 11:08:42] ==== loop 32/∞ | seed=680570410771701182 archetype=turbo personality=flotero focus=eco actions_per_loop=3 ====
[11:08:42] planet 37: queue busy, throttled building_laboratory
[11:08:42] planet 37: queue busy, throttled building_laboratory
[11:08:42] planet 37: queue busy, throttled building_laboratory
[2026-05-11 11:09:28] ==== loop 33/∞ | seed=680570410771701182 archetype=turbo personality=flotero focus=eco actions_per_loop=3 ====
[11:09:28] planet 37: queue busy, throttled building_laboratory
[11:09:28] planet 37: queue busy, throttled building_laboratory
[11:09:28] planet 37: queue busy, throttled building_laboratory
[2026-05-11 11:10:17] ==== loop 34/∞ | seed=680570410771701182 archetype=turbo personality=flotero focus=eco actions_per_loop=3 ====
[11:10:20] planet 37: building queue full (5)
[11:10:20] planet 37: building queue full (5)
[11:10:20] planet 37: building queue full (5)
[11:10:20] research: blocked research_energy_technology (building_laboratory 0/1)
[2026-05-11 11:11:05] ==== loop 35/∞ | seed=680570410771701182 archetype=turbo personality=flotero focus=eco actions_per_loop=3 ====
[11:11:06] planet 37: building queue full (5)
[11:11:06] planet 37: building queue full (5)
[11:11:06] planet 37: building queue full (5)
[2026-05-11 11:11:49] ==== loop 36/∞ | seed=680570410771701182 archetype=turbo personality=flotero focus=eco actions_per_loop=3 ====
[11:11:52] planet 37: building queue full (5)
[11:11:52] planet 37: building queue full (5)
[11:11:52] planet 37: building queue full (5)
[2026-05-11 11:12:34] ==== loop 37/∞ | seed=680570410771701182 archetype=turbo personality=flotero focus=eco actions_per_loop=3 ====
[11:12:36] planet 37: building queue full (5)
[11:12:36] planet 37: building queue full (5)
[11:12:36] planet 37: building queue full (5)
[2026-05-11 11:13:23] ==== loop 38/∞ | seed=680570410771701182 archetype=turbo personality=flotero focus=eco actions_per_loop=3 ====
[11:13:25] planet 37: building queue full (5)
[11:13:25] planet 37: building queue full (5)
[2026-05-11 11:14:06] ==== loop 39/∞ | seed=680570410771701182 archetype=turbo personality=flotero focus=eco actions_per_loop=3 ====
[11:14:08] planet 37: building queue full (5)
[11:14:08] planet 37: building queue full (5)
[11:14:08] planet 37: building queue full (5)
[2026-05-11 11:14:56] ==== loop 40/∞ | seed=680570410771701182 archetype=turbo personality=flotero focus=eco actions_per_loop=3 ====
[11:14:58] planet 37: building queue full (5)
[11:14:58] planet 37: building queue full (5)
[11:14:58] planet 37: building queue full (5)
[2026-05-11 11:15:38] ==== loop 41/∞ | seed=680570410771701182 archetype=turbo personality=flotero focus=eco actions_per_loop=3 ====
[11:15:39] planet 37: building queue full (5)
[11:15:39] planet 37: building queue full (5)
[11:15:39] planet 37: building queue full (5)
[11:15:39] research: blocked research_energy_technology (building_laboratory 0/1)
[2026-05-11 11:16:17] ==== loop 42/∞ | seed=680570410771701182 archetype=turbo personality=flotero focus=eco actions_per_loop=3 ====
[11:16:19] planet 37: building queue full (5)
[11:16:19] planet 37: building queue full (5)
[11:16:19] planet 37: building queue full (5)
[2026-05-11 11:17:01] ==== loop 43/∞ | seed=680570410771701182 archetype=turbo personality=flotero focus=eco actions_per_loop=3 ====
[11:17:03] planet 37: building queue full (5)
[11:17:03] planet 37: building queue full (5)
[11:17:03] planet 37: building queue full (5)
[2026-05-11 11:17:45] ==== loop 44/∞ | seed=680570410771701182 archetype=turbo personality=flotero focus=eco actions_per_loop=3 ====
[11:17:47] planet 37: building queue full (5)
[11:17:47] planet 37: building queue full (5)
[11:17:47] planet 37: building queue full (5)
[11:17:47] research: blocked research_energy_technology (building_laboratory 0/1)
[2026-05-11 11:18:29] ==== loop 45/∞ | seed=680570410771701182 archetype=turbo personality=flotero focus=eco actions_per_loop=3 ====
[11:18:31] planet 37: building queue full (5)
[11:18:31] planet 37: building queue full (5)
[11:18:31] planet 37: building queue full (5)
[2026-05-11 11:19:20] ==== loop 46/∞ | seed=680570410771701182 archetype=turbo personality=flotero focus=eco actions_per_loop=3 ====
[11:19:23] planet 37: building queue full (5)
[11:19:23] planet 37: building queue full (5)
[11:19:23] planet 37: building queue full (5)
[11:19:23] research: blocked research_energy_technology (building_laboratory 0/1)
[2026-05-11 11:20:06] ==== loop 47/∞ | seed=680570410771701182 archetype=turbo personality=flotero focus=eco actions_per_loop=3 ====
[11:20:07] planet 37: building queue full (5)
[11:20:07] planet 37: building queue full (5)
[11:20:07] research: blocked research_energy_technology (building_laboratory 0/1)
[2026-05-11 11:20:41] ==== loop 48/∞ | seed=680570410771701182 archetype=turbo personality=flotero focus=eco actions_per_loop=3 ====
[11:20:43] planet 37: building queue full (5)
[11:20:43] planet 37: building queue full (5)
[11:20:43] research: blocked research_energy_technology (building_laboratory 0/1)
[2026-05-11 11:21:18] ==== loop 49/∞ | seed=680570410771701182 archetype=turbo personality=flotero focus=eco actions_per_loop=3 ====
[11:21:21] planet 37: building queue full (5)
[11:21:21] planet 37: building queue full (5)
[11:21:21] planet 37: building queue full (5)
[2026-05-11 11:21:52] ==== loop 50/∞ | seed=680570410771701182 archetype=turbo personality=flotero focus=eco actions_per_loop=3 ====
[11:21:53] planet 37: building queue full (5)
[11:21:53] planet 37: building queue full (5)
[2026-05-11 11:22:29] ==== loop 51/∞ | seed=680570410771701182 archetype=turbo personality=flotero focus=eco actions_per_loop=3 ====
[11:22:31] planet 37: building queue full (5)
[11:22:31] planet 37: building queue full (5)
[11:22:31] planet 37: building queue full (5)
[2026-05-11 11:23:10] ==== loop 52/∞ | seed=680570410771701182 archetype=turbo personality=flotero focus=eco actions_per_loop=3 ====
[11:23:11] planet 37: building queue full (5)
[11:23:11] planet 37: building queue full (5)
[11:23:11] planet 37: building queue full (5)
[11:23:11] research: blocked research_energy_technology (building_laboratory 0/1)
[2026-05-11 11:23:48] ==== loop 53/∞ | seed=680570410771701182 archetype=turbo personality=flotero focus=eco actions_per_loop=3 ====
[11:23:49] planet 37: building queue full (5)
[11:23:49] planet 37: building queue full (5)
[11:23:49] planet 37: building queue full (5)
[11:23:49] research: blocked research_energy_technology (building_laboratory 0/1)
[2026-05-11 11:24:23] ==== loop 54/∞ | seed=680570410771701182 archetype=turbo personality=flotero focus=eco actions_per_loop=3 ====
[11:24:25] planet 37: building queue full (5)
[11:24:25] planet 37: building queue full (5)
[11:24:25] planet 37: building queue full (5)
[2026-05-11 11:25:03] ==== loop 55/∞ | seed=680570410771701182 archetype=turbo personality=flotero focus=eco actions_per_loop=3 ====
[11:25:04] planet 37: building queue full (5)
[11:25:04] planet 37: building queue full (5)
[11:25:04] planet 37: building queue full (5)
[2026-05-11 11:25:37] ==== loop 56/∞ | seed=680570410771701182 archetype=turbo personality=flotero focus=eco actions_per_loop=3 ====
[11:25:38] planet 37: building queue full (5)
[11:25:38] planet 37: building queue full (5)
[11:25:38] planet 37: building queue full (5)
[2026-05-11 11:26:12] ==== loop 57/∞ | seed=680570410771701182 archetype=turbo personality=flotero focus=eco actions_per_loop=3 ====
[11:26:14] planet 37: building queue full (5)
[11:26:14] planet 37: building queue full (5)
[11:26:14] planet 37: building queue full (5)
[2026-05-11 11:26:43] ==== loop 58/∞ | seed=680570410771701182 archetype=turbo personality=flotero focus=eco actions_per_loop=3 ====
[11:26:45] planet 37: building queue full (5)
[11:26:45] planet 37: building queue full (5)
[11:26:45] planet 37: building queue full (5)
[2026-05-11 11:27:19] ==== loop 1/∞ | seed=680570410771701182 archetype=turbo personality=flotero focus=eco actions_per_loop=3 ====
[11:27:21] alliance: apply ally=1
[11:27:21] planet 37: building queue full (5)
[11:27:21] planet 37: building queue full (5)
[11:27:21] research: blocked research_energy_technology (building_laboratory 0/1)
[2026-05-11 11:27:57] ==== loop 2/∞ | seed=680570410771701182 archetype=turbo personality=flotero focus=eco actions_per_loop=3 ====
[11:27:58] planet 37: building queue full (5)
[11:27:58] planet 37: building queue full (5)
[11:27:58] planet 37: building queue full (5)
[11:27:58] research: blocked research_energy_technology (building_laboratory 0/1)
[2026-05-11 11:28:36] ==== loop 3/∞ | seed=680570410771701182 archetype=turbo personality=flotero focus=eco actions_per_loop=3 ====
[11:28:37] planet 37: building queue full (5)
[11:28:37] planet 37: building queue full (5)
[11:28:37] planet 37: building queue full (5)
[11:28:37] research: blocked research_energy_technology (building_laboratory 0/1)
[2026-05-11 11:29:09] ==== loop 4/∞ | seed=680570410771701182 archetype=turbo personality=flotero focus=eco actions_per_loop=3 ====
[11:29:11] planet 37: building queue full (5)
[11:29:11] planet 37: building queue full (5)
[11:29:11] planet 37: building queue full (5)
[2026-05-11 11:29:46] ==== loop 5/∞ | seed=680570410771701182 archetype=turbo personality=flotero focus=eco actions_per_loop=3 ====
[11:29:47] planet 37: building queue full (5)
[11:29:47] planet 37: building queue full (5)
[11:29:47] planet 37: building queue full (5)
[11:29:47] research: blocked research_energy_technology (building_laboratory 0/1)
[2026-05-11 11:30:25] ==== loop 6/∞ | seed=680570410771701182 archetype=turbo personality=flotero focus=eco actions_per_loop=3 ====
[11:30:26] alliance: application cleared (rejected or cancelled) ally=1
[11:30:26] alliance: create id=3 tag=BOT119
[11:30:26] planet 37: building queue full (5)
[11:30:26] planet 37: building queue full (5)
[11:30:26] planet 37: building queue full (5)
[2026-05-11 11:31:12] ==== loop 7/∞ | seed=680570410771701182 archetype=turbo personality=flotero focus=eco actions_per_loop=3 ====
[11:31:14] planet 37: building queue full (5)
[11:31:14] planet 37: building queue full (5)
[11:31:14] planet 37: building queue full (5)
[2026-05-11 11:32:01] ==== loop 8/∞ | seed=680570410771701182 archetype=turbo personality=flotero focus=eco actions_per_loop=3 ====
[11:32:03] planet 37: building queue full (5)
[11:32:03] planet 37: building queue full (5)
[11:32:03] planet 37: building queue full (5)
[2026-05-11 11:32:52] ==== loop 9/∞ | seed=680570410771701182 archetype=turbo personality=flotero focus=eco actions_per_loop=3 ====
[11:32:53] planet 37: building queue full (5)
[11:32:53] planet 37: building queue full (5)
[11:32:53] research: blocked research_energy_technology (building_laboratory 0/1)
[2026-05-11 11:33:42] ==== loop 10/∞ | seed=680570410771701182 archetype=turbo personality=flotero focus=eco actions_per_loop=3 ====
[11:33:44] planet 37: building queue full (5)
[11:33:44] planet 37: building queue full (5)
[11:33:44] planet 37: building queue full (5)
[2026-05-11 11:34:25] ==== loop 11/∞ | seed=680570410771701182 archetype=turbo personality=flotero focus=eco actions_per_loop=3 ====
[11:34:25] planet 37: queued ship_solar_satellite +7
[11:34:25] planet 37: queued building_crystal_store to 9
[2026-05-11 11:35:01] ==== loop 1/∞ | seed=680570410771701182 archetype=turbo personality=flotero focus=eco actions_per_loop=3 ====
[11:35:03] planet 37: building queue full (5)
[11:35:03] planet 37: building queue full (5)
[11:35:03] planet 37: building queue full (5)
[11:35:03] research: blocked research_energy_technology (building_laboratory 0/1)
[2026-05-11 11:35:48] ==== loop 2/∞ | seed=680570410771701182 archetype=turbo personality=flotero focus=eco actions_per_loop=3 ====
[11:35:50] planet 37: building queue full (5)
[11:35:50] planet 37: building queue full (5)
[11:35:50] planet 37: building queue full (5)
[11:35:50] research: blocked research_energy_technology (building_laboratory 0/1)
[2026-05-11 11:36:35] ==== loop 3/∞ | seed=680570410771701182 archetype=turbo personality=flotero focus=eco actions_per_loop=3 ====
[11:36:37] planet 37: building queue full (5)
[11:36:37] planet 37: building queue full (5)
[11:36:37] planet 37: building queue full (5)
[11:36:37] research: blocked research_energy_technology (building_laboratory 0/1)
[2026-05-11 11:37:33] ==== loop 1/∞ | seed=680570410771701182 archetype=turbo personality=flotero focus=eco actions_per_loop=3 ====
[11:37:34] alliance: accept user=22
[11:37:34] alliance: kick user=22
[11:37:34] alliance: dissolve
[11:37:34] planet 37: building queue full (5)
[11:37:34] planet 37: building queue full (5)
[11:37:34] planet 37: building queue full (5)
[2026-05-11 11:38:17] ==== loop 2/∞ | seed=680570410771701182 archetype=turbo personality=flotero focus=eco actions_per_loop=3 ====
[11:38:19] planet 37: building queue full (5)
[11:38:19] planet 37: building queue full (5)
[11:38:19] planet 37: building queue full (5)
[2026-05-11 11:39:05] ==== loop 3/∞ | seed=680570410771701182 archetype=turbo personality=flotero focus=eco actions_per_loop=3 ====
[11:39:07] planet 37: building queue full (5)
[11:39:07] planet 37: building queue full (5)
[11:39:07] planet 37: building queue full (5)
[11:39:07] research: blocked research_energy_technology (building_laboratory 0/1)
[2026-05-11 11:39:52] ==== loop 4/∞ | seed=680570410771701182 archetype=turbo personality=flotero focus=eco actions_per_loop=3 ====
[11:39:55] planet 37: building queue full (5)
[11:39:55] planet 37: building queue full (5)
[11:39:55] planet 37: building queue full (5)
[2026-05-11 11:40:40] ==== loop 5/∞ | seed=680570410771701182 archetype=turbo personality=flotero focus=eco actions_per_loop=3 ====
[11:40:41] planet 37: queued ship_espionage_probe +5
[11:40:41] planet 37: skipped duplicate ship_espionage_probe this loop
[11:40:41] planet 37: skipped duplicate ship_espionage_probe this loop
[11:40:41] attack: spy 1:4:6 probes=4 eta=1s
[11:40:41] research: blocked research_energy_technology (building_laboratory 0/1)
[2026-05-11 11:41:26] ==== loop 6/∞ | seed=680570410771701182 archetype=turbo personality=flotero focus=eco actions_per_loop=3 ====
[11:41:27] planet 37: queued ship_espionage_probe +5
[11:41:27] planet 37: skipped duplicate ship_espionage_probe this loop
[11:41:27] planet 37: skipped duplicate ship_espionage_probe this loop
[11:41:27] attack: intel 1:4:6 ships=88 defs=0 res=129352902
[11:41:27] attack: idle no_fleet_slots (used=1 max=1)
[11:41:27] research: blocked research_energy_technology (building_laboratory 0/1)
[2026-05-11 11:42:10] ==== loop 7/∞ | seed=680570410771701182 archetype=turbo personality=flotero focus=eco actions_per_loop=3 ====
[11:42:11] planet 37: queued ship_espionage_probe +5
[11:42:11] planet 37: skipped duplicate ship_espionage_probe this loop
[11:42:11] planet 37: skipped duplicate ship_espionage_probe this loop
[11:42:11] attack: idle no_fleet_slots (used=1 max=1)
[11:42:11] research: blocked research_energy_technology (building_laboratory 0/1)
[2026-05-11 11:42:40] ==== loop 1/∞ | seed=680570410771701182 archetype=turbo personality=flotero focus=eco actions_per_loop=3 ====
[11:42:40] planet 37: queued ship_espionage_probe +5
[11:42:40] planet 37: skipped duplicate ship_espionage_probe this loop
[11:42:40] planet 37: skipped duplicate ship_espionage_probe this loop
[11:42:40] attack: idle no_fleet_slots (used=1 max=1)
[11:42:40] research: blocked research_energy_technology (building_laboratory 0/1)
[2026-05-11 11:43:22] ==== loop 2/∞ | seed=680570410771701182 archetype=turbo personality=flotero focus=eco actions_per_loop=3 ====
[11:43:23] planet 37: queued ship_espionage_probe +5
[11:43:23] planet 37: skipped duplicate ship_espionage_probe this loop
[11:43:23] planet 37: skipped duplicate ship_espionage_probe this loop
[11:43:23] attack: spy 1:2:1 probes=4 eta=1s
[11:43:23] research: blocked research_energy_technology (building_laboratory 0/1)
[2026-05-11 11:44:09] ==== loop 3/∞ | seed=680570410771701182 archetype=turbo personality=flotero focus=eco actions_per_loop=3 ====
[11:44:10] planet 37: queued ship_espionage_probe +5
[11:44:10] planet 37: skipped duplicate ship_espionage_probe this loop
[11:44:10] planet 37: skipped duplicate ship_espionage_probe this loop
[11:44:10] attack: intel 1:2:1 ships=0 defs=0 res=5685962894
[11:44:10] attack: spy 1:2:2 probes=4 eta=1s
[11:44:10] research: blocked research_energy_technology (building_laboratory 0/1)
[2026-05-11 11:44:49] ==== loop 4/∞ | seed=680570410771701182 archetype=turbo personality=flotero focus=eco actions_per_loop=3 ====
[11:44:49] planet 37: queued ship_espionage_probe +5
[11:44:49] planet 37: skipped duplicate ship_espionage_probe this loop
[11:44:49] planet 37: skipped duplicate ship_espionage_probe this loop
[11:44:49] attack: intel 1:2:2 ships=0 defs=0 res=5695296390
[11:44:49] attack: spy 1:2:3 probes=4 eta=1s
[2026-05-11 11:45:16] ==== loop 1/∞ | seed=680570410771701182 archetype=turbo personality=flotero focus=eco actions_per_loop=3 ====
[11:45:17] planet 37: queued ship_espionage_probe +5
[11:45:17] planet 37: skipped duplicate ship_espionage_probe this loop
[11:45:17] planet 37: skipped duplicate ship_espionage_probe this loop
[11:45:17] attack: intel 1:2:3 ships=0 defs=0 res=5697922759
[11:45:17] attack: spy 1:2:4 probes=4 eta=1s
[11:45:17] research: blocked research_energy_technology (building_laboratory 0/1)
[2026-05-11 11:45:56] ==== loop 2/∞ | seed=680570410771701182 archetype=turbo personality=flotero focus=eco actions_per_loop=3 ====
[11:45:57] planet 37: queued ship_espionage_probe +5
[11:45:57] planet 37: skipped duplicate ship_espionage_probe this loop
[11:45:57] planet 37: skipped duplicate ship_espionage_probe this loop
[11:45:57] attack: intel 1:2:4 ships=0 defs=0 res=5697205172
[11:45:57] attack: spy 1:2:5 probes=4 eta=1s
[11:45:57] research: blocked research_energy_technology (building_laboratory 0/1)
[2026-05-11 11:46:34] ==== loop 3/∞ | seed=680570410771701182 archetype=turbo personality=flotero focus=eco actions_per_loop=3 ====
[11:46:35] alliance: create id=6 tag=BOT119
[11:46:35] planet 37: queued ship_espionage_probe +5
[11:46:35] planet 37: skipped duplicate ship_espionage_probe this loop
[11:46:35] planet 37: skipped duplicate ship_espionage_probe this loop
[11:46:35] attack: intel 1:2:5 ships=0 defs=0 res=5563797484
[11:46:35] attack: spy 1:2:6 probes=4 eta=1s
[11:46:35] research: blocked research_energy_technology (building_laboratory 0/1)
[2026-05-11 11:47:15] ==== loop 4/∞ | seed=680570410771701182 archetype=turbo personality=flotero focus=eco actions_per_loop=3 ====
[11:47:15] alliance: accept user=20
[11:47:15] alliance: accept user=22
[11:47:15] planet 37: queued ship_espionage_probe +5
[11:47:15] planet 37: skipped duplicate ship_espionage_probe this loop
[11:47:15] planet 37: skipped duplicate ship_espionage_probe this loop
[11:47:15] attack: intel 1:2:6 ships=0 defs=0 res=5689205588
[11:47:15] attack: spy 1:2:7 probes=4 eta=1s
[11:47:15] research: blocked research_energy_technology (building_laboratory 0/1)
[2026-05-11 11:47:53] ==== loop 5/∞ | seed=680570410771701182 archetype=turbo personality=flotero focus=eco actions_per_loop=3 ====
[11:47:53] planet 37: queued ship_espionage_probe +5
[11:47:53] planet 37: skipped duplicate ship_espionage_probe this loop
[11:47:53] planet 37: skipped duplicate ship_espionage_probe this loop
[11:47:53] attack: intel 1:2:7 ships=0 defs=0 res=5684196739
[11:47:53] attack: spy 1:2:8 probes=4 eta=1s
[2026-05-11 11:48:34] ==== loop 6/∞ | seed=680570410771701182 archetype=turbo personality=flotero focus=eco actions_per_loop=3 ====
[11:48:35] planet 37: queued ship_espionage_probe +5
[11:48:35] planet 37: skipped duplicate ship_espionage_probe this loop
[11:48:35] planet 37: skipped duplicate ship_espionage_probe this loop
[11:48:35] attack: intel 1:2:8 ships=0 defs=0 res=5540228460
[11:48:35] attack: spy 1:2:9 probes=4 eta=1s
[11:48:35] research: blocked research_energy_technology (building_laboratory 0/1)
[2026-05-11 11:49:15] ==== loop 7/∞ | seed=680570410771701182 archetype=turbo personality=flotero focus=eco actions_per_loop=3 ====
[11:49:15] planet 37: queued ship_espionage_probe +5
[11:49:15] planet 37: skipped duplicate ship_espionage_probe this loop
[11:49:15] planet 37: skipped duplicate ship_espionage_probe this loop
[11:49:15] attack: intel 1:2:9 ships=0 defs=0 res=6045522378
[11:49:15] attack: idle no_fleet_slots (used=1 max=1)
[11:49:15] research: blocked research_energy_technology (building_laboratory 0/1)
[2026-05-11 11:49:54] ==== loop 8/∞ | seed=680570410771701182 archetype=turbo personality=flotero focus=eco actions_per_loop=3 ====
[11:49:54] planet 37: queued ship_espionage_probe +5
[11:49:54] planet 37: skipped duplicate ship_espionage_probe this loop
[11:49:54] planet 37: skipped duplicate ship_espionage_probe this loop
[11:49:54] attack: spy 1:2:10 probes=4 eta=1s
[2026-05-11 11:50:35] ==== loop 9/∞ | seed=680570410771701182 archetype=turbo personality=flotero focus=eco actions_per_loop=3 ====
[11:50:36] planet 37: building queue full (5)
[11:50:36] planet 37: building queue full (5)
[11:50:36] planet 37: building queue full (5)
[11:50:36] attack: intel 1:2:10 ships=0 defs=0 res=7248895725
[11:50:36] attack: spy 1:2:11 probes=4 eta=1s
[11:50:36] research: blocked research_energy_technology (building_laboratory 0/1)
[2026-05-11 11:51:13] ==== loop 10/∞ | seed=680570410771701182 archetype=turbo personality=flotero focus=eco actions_per_loop=3 ====
[11:51:14] planet 37: building queue full (5)
[11:51:14] planet 37: building queue full (5)
[11:51:14] planet 37: building queue full (5)
[11:51:14] attack: intel 1:2:11 ships=0 defs=0 res=7250449802
[11:51:14] attack: spy 1:4:6 probes=4 eta=1s
[11:51:14] research: blocked research_energy_technology (building_laboratory 0/1)
[2026-05-11 11:52:00] ==== loop 11/∞ | seed=680570410771701182 archetype=turbo personality=flotero focus=eco actions_per_loop=3 ====
[11:52:02] planet 37: building queue full (5)
[11:52:02] planet 37: building queue full (5)
[11:52:02] planet 37: building queue full (5)
[11:52:02] attack: intel 1:4:6 ships=95 defs=0 res=129426933
[11:52:02] attack: spy 1:2:12 probes=4 eta=1s
[11:52:02] research: blocked research_energy_technology (building_laboratory 0/1)
[2026-05-11 11:52:45] ==== loop 12/∞ | seed=680570410771701182 archetype=turbo personality=flotero focus=eco actions_per_loop=3 ====
[11:52:48] planet 37: building queue full (5)
[11:52:48] planet 37: building queue full (5)
[11:52:48] planet 37: building queue full (5)
[11:52:48] attack: intel 1:2:12 ships=0 defs=0 res=7244266799
[11:52:48] attack: idle no_fleet_slots (used=1 max=1)
[2026-05-11 11:53:22] ==== loop 13/∞ | seed=680570410771701182 archetype=turbo personality=flotero focus=eco actions_per_loop=3 ====
[11:53:23] planet 37: building queue full (5)
[11:53:23] planet 37: building queue full (5)
[11:53:23] attack: idle no_fleet_slots (used=1 max=1)
[11:53:23] research: blocked research_energy_technology (building_laboratory 0/1)
[2026-05-11 11:54:04] ==== loop 14/∞ | seed=680570410771701182 archetype=turbo personality=flotero focus=eco actions_per_loop=3 ====
[11:54:06] planet 37: building queue full (5)
[11:54:06] planet 37: building queue full (5)
[11:54:06] planet 37: building queue full (5)
[11:54:06] attack: spy 1:2:1 probes=4 eta=1s
[11:54:06] research: blocked research_energy_technology (building_laboratory 0/1)
[2026-05-11 11:54:47] ==== loop 15/∞ | seed=680570410771701182 archetype=turbo personality=flotero focus=eco actions_per_loop=3 ====
[11:54:50] planet 37: building queue full (5)
[11:54:50] planet 37: building queue full (5)
[11:54:50] planet 37: building queue full (5)
[11:54:50] attack: intel 1:2:1 ships=0 defs=0 res=5695891282
[11:54:50] attack: spy 1:2:2 probes=4 eta=1s
[11:54:50] research: blocked research_energy_technology (building_laboratory 0/1)
[2026-05-11 11:55:33] ==== loop 16/∞ | seed=680570410771701182 archetype=turbo personality=flotero focus=eco actions_per_loop=3 ====
[11:55:35] planet 37: building queue full (5)
[11:55:35] planet 37: building queue full (5)
[11:55:35] planet 37: building queue full (5)
[11:55:35] attack: intel 1:2:2 ships=0 defs=0 res=5706238322
[11:55:35] attack: spy 1:2:3 probes=4 eta=1s
[2026-05-11 11:56:19] ==== loop 17/∞ | seed=680570410771701182 archetype=turbo personality=flotero focus=eco actions_per_loop=3 ====
[11:56:21] planet 37: building queue full (5)
[11:56:21] planet 37: building queue full (5)
[11:56:21] planet 37: building queue full (5)
[11:56:21] attack: intel 1:2:3 ships=0 defs=0 res=5708538835
[11:56:21] attack: spy 1:2:4 probes=4 eta=1s
[2026-05-11 11:56:58] ==== loop 18/∞ | seed=680570410771701182 archetype=turbo personality=flotero focus=eco actions_per_loop=3 ====
[11:57:00] planet 37: building queue full (5)
[11:57:00] planet 37: building queue full (5)
[11:57:00] planet 37: building queue full (5)
[11:57:00] attack: intel 1:2:4 ships=0 defs=0 res=5708575864
[11:57:00] attack: spy 1:2:5 probes=4 eta=1s
[11:57:00] research: blocked research_energy_technology (building_laboratory 0/1)
[2026-05-11 11:57:40] ==== loop 19/∞ | seed=680570410771701182 archetype=turbo personality=flotero focus=eco actions_per_loop=3 ====
[11:57:42] planet 37: building queue full (5)
[11:57:42] planet 37: building queue full (5)
[11:57:42] planet 37: building queue full (5)
[11:57:42] attack: intel 1:2:5 ships=0 defs=0 res=5575099574
[11:57:42] attack: spy 1:2:6 probes=4 eta=1s
[11:57:42] research: blocked research_energy_technology (building_laboratory 0/1)
[2026-05-11 11:58:25] ==== loop 20/∞ | seed=680570410771701182 archetype=turbo personality=flotero focus=eco actions_per_loop=3 ====
[11:58:25] planet 37: building queue full (5)
[11:58:25] planet 37: building queue full (5)
[11:58:25] attack: intel 1:2:6 ships=0 defs=0 res=5700936438
[11:58:25] attack: spy 1:2:7 probes=4 eta=1s
[2026-05-11 11:59:05] ==== loop 21/∞ | seed=680570410771701182 archetype=turbo personality=flotero focus=eco actions_per_loop=3 ====
[11:59:07] planet 37: building queue full (5)
[11:59:07] planet 37: building queue full (5)
[11:59:07] planet 37: building queue full (5)
[11:59:07] attack: intel 1:2:7 ships=0 defs=0 res=5695790386
[11:59:07] attack: spy 1:2:8 probes=4 eta=1s
[2026-05-11 11:59:56] ==== loop 22/∞ | seed=680570410771701182 archetype=turbo personality=flotero focus=eco actions_per_loop=3 ====
[11:59:58] planet 37: building queue full (5)
[11:59:58] planet 37: building queue full (5)
[11:59:58] planet 37: building queue full (5)
[11:59:58] attack: intel 1:2:8 ships=0 defs=0 res=5552576723
[11:59:58] attack: spy 1:2:9 probes=4 eta=1s
[11:59:58] research: blocked research_energy_technology (building_laboratory 0/1)
[2026-05-11 12:00:39] ==== loop 23/∞ | seed=680570410771701182 archetype=turbo personality=flotero focus=eco actions_per_loop=3 ====
[12:00:40] planet 37: building queue full (5)
[12:00:40] planet 37: building queue full (5)
[12:00:40] attack: intel 1:2:9 ships=0 defs=0 res=6059139767
[12:00:40] attack: idle no_fleet_slots (used=1 max=1)
[12:00:40] research: blocked research_energy_technology (building_laboratory 0/1)
[2026-05-11 12:01:26] ==== loop 24/∞ | seed=680570410771701182 archetype=turbo personality=flotero focus=eco actions_per_loop=3 ====
[12:01:28] planet 37: building queue full (5)
[12:01:28] planet 37: building queue full (5)
[12:01:28] attack: idle no_fleet_slots (used=1 max=1)
[2026-05-11 12:02:07] ==== loop 25/∞ | seed=680570410771701182 archetype=turbo personality=flotero focus=eco actions_per_loop=3 ====
[12:02:09] planet 37: building queue full (5)
[12:02:09] planet 37: building queue full (5)
[12:02:09] planet 37: building queue full (5)
[12:02:09] attack: spy 1:4:6 probes=4 eta=1s
[2026-05-11 12:02:49] ==== loop 26/∞ | seed=680570410771701182 archetype=turbo personality=flotero focus=eco actions_per_loop=3 ====
[12:02:52] planet 37: building queue full (5)
[12:02:52] planet 37: building queue full (5)
[12:02:52] planet 37: building queue full (5)
[12:02:52] attack: intel 1:4:6 ships=121 defs=0 res=129969637
[12:02:52] attack: spy 1:2:10 probes=4 eta=1s
[2026-05-11 12:03:26] ==== loop 27/∞ | seed=680570410771701182 archetype=turbo personality=flotero focus=eco actions_per_loop=3 ====
[12:03:28] planet 37: building queue full (5)
[12:03:28] planet 37: building queue full (5)
[12:03:28] planet 37: building queue full (5)
[12:03:28] attack: intel 1:2:10 ships=0 defs=0 res=7262238708
[12:03:28] attack: spy 1:2:11 probes=4 eta=1s
[12:03:28] research: blocked research_energy_technology (building_laboratory 0/1)
[2026-05-11 12:04:07] ==== loop 28/∞ | seed=680570410771701182 archetype=turbo personality=flotero focus=eco actions_per_loop=3 ====
[12:04:09] planet 37: building queue full (5)
[12:04:09] planet 37: building queue full (5)
[12:04:09] planet 37: building queue full (5)
[12:04:09] attack: intel 1:2:11 ships=0 defs=0 res=7259419442
[12:04:09] attack: idle no_fleet_slots (used=1 max=1)
[2026-05-11 12:04:43] ==== loop 29/∞ | seed=680570410771701182 archetype=turbo personality=flotero focus=eco actions_per_loop=3 ====
[12:04:45] planet 37: building queue full (5)
[12:04:45] planet 37: building queue full (5)
[12:04:45] planet 37: building queue full (5)
[12:04:45] attack: idle no_fleet_slots (used=1 max=1)
[12:04:45] research: blocked research_energy_technology (building_laboratory 0/1)
[2026-05-11 12:05:27] ==== loop 30/∞ | seed=680570410771701182 archetype=turbo personality=flotero focus=eco actions_per_loop=3 ====
[12:05:30] planet 37: building queue full (5)
[12:05:30] planet 37: building queue full (5)
[12:05:30] planet 37: building queue full (5)
[12:05:30] attack: idle no_fleet_slots (used=1 max=1)
[12:05:30] research: blocked research_energy_technology (building_laboratory 0/1)
[2026-05-11 12:06:15] ==== loop 31/∞ | seed=680570410771701182 archetype=turbo personality=flotero focus=eco actions_per_loop=3 ====
[12:06:16] planet 37: building queue full (5)
[12:06:16] planet 37: building queue full (5)
[12:06:16] planet 37: building queue full (5)
[12:06:16] attack: idle no_fleet_slots (used=1 max=1)
[12:06:16] research: blocked research_energy_technology (building_laboratory 0/1)
[2026-05-11 12:06:55] ==== loop 32/∞ | seed=680570410771701182 archetype=turbo personality=flotero focus=eco actions_per_loop=3 ====
[12:06:59] planet 37: building queue full (5)
[12:06:59] planet 37: building queue full (5)
[12:06:59] planet 37: building queue full (5)
[12:06:59] attack: idle no_fleet_slots (used=1 max=1)
[12:06:59] research: blocked research_energy_technology (building_laboratory 0/1)
[2026-05-11 12:07:40] ==== loop 33/∞ | seed=680570410771701182 archetype=turbo personality=flotero focus=eco actions_per_loop=3 ====
[12:07:43] planet 37: building queue full (5)
[12:07:43] planet 37: building queue full (5)
[12:07:43] planet 37: building queue full (5)
[12:07:43] attack: idle no_fleet_slots (used=1 max=1)
[12:07:43] research: blocked research_energy_technology (building_laboratory 0/1)
[2026-05-11 12:08:26] ==== loop 34/∞ | seed=680570410771701182 archetype=turbo personality=flotero focus=eco actions_per_loop=3 ====
[12:08:28] planet 37: building queue full (5)
[12:08:28] planet 37: building queue full (5)
[12:08:28] planet 37: building queue full (5)
[12:08:28] attack: idle no_fleet_slots (used=1 max=1)
[12:08:28] research: blocked research_energy_technology (building_laboratory 0/1)
[2026-05-11 12:09:07] ==== loop 35/∞ | seed=680570410771701182 archetype=turbo personality=flotero focus=eco actions_per_loop=3 ====
[12:09:09] planet 37: building queue full (5)
[12:09:09] planet 37: building queue full (5)
[12:09:09] planet 37: building queue full (5)
[12:09:09] attack: idle no_fleet_slots (used=1 max=1)
[12:09:09] research: blocked research_energy_technology (building_laboratory 0/1)
[2026-05-11 12:09:51] ==== loop 36/∞ | seed=680570410771701182 archetype=turbo personality=flotero focus=eco actions_per_loop=3 ====
[12:09:53] planet 37: building queue full (5)
[12:09:53] planet 37: building queue full (5)
[12:09:53] planet 37: building queue full (5)
[12:09:53] attack: idle no_fleet_slots (used=1 max=1)
[12:09:53] research: blocked research_energy_technology (building_laboratory 0/1)
[2026-05-11 12:10:35] ==== loop 37/∞ | seed=680570410771701182 archetype=turbo personality=flotero focus=eco actions_per_loop=3 ====
[12:10:37] planet 37: building queue full (5)
[12:10:37] planet 37: building queue full (5)
[12:10:37] planet 37: building queue full (5)
[12:10:37] attack: spy 1:2:1 probes=4 eta=1s
[12:10:37] research: blocked research_energy_technology (building_laboratory 0/1)
[2026-05-11 12:11:33] ==== loop 1/∞ | seed=680570410771701182 archetype=turbo personality=flotero focus=eco actions_per_loop=3 ====
[12:11:34] planet 37: building queue full (5)
[12:11:34] planet 37: building queue full (5)
[12:11:34] planet 37: building queue full (5)
[12:11:34] attack: intel 1:2:1 ships=0 defs=0 res=5712612888
[12:11:34] attack: spy 1:2:2 probes=4 eta=1s
[12:11:34] research: blocked research_energy_technology (building_laboratory 0/1)
[2026-05-11 12:12:12] ==== loop 2/∞ | seed=680570410771701182 archetype=turbo personality=flotero focus=eco actions_per_loop=3 ====
[12:12:15] planet 37: building queue full (5)
[12:12:15] planet 37: building queue full (5)
[12:12:15] planet 37: building queue full (5)
[12:12:15] attack: intel 1:2:2 ships=0 defs=0 res=5723491589
[12:12:15] attack: spy 1:4:6 probes=4 eta=1s
[12:12:15] research: blocked research_energy_technology (building_laboratory 0/1)
[2026-05-11 12:12:55] ==== loop 1/∞ | seed=680570410771701182 archetype=turbo personality=flotero focus=eco actions_per_loop=3 ====
[12:12:56] planet 37: building queue full (5)
[12:12:56] planet 37: building queue full (5)
[12:12:56] planet 37: building queue full (5)
[12:12:56] attack: intel 1:4:6 ships=149 defs=0 res=130482623
[12:12:56] attack: spy 1:2:3 probes=4 eta=1s
[2026-05-11 12:13:31] ==== loop 2/∞ | seed=680570410771701182 archetype=turbo personality=flotero focus=eco actions_per_loop=3 ====
[12:13:32] planet 37: building queue full (5)
[12:13:32] planet 37: building queue full (5)
[12:13:32] planet 37: building queue full (5)
[12:13:32] attack: intel 1:2:3 ships=0 defs=0 res=5726460967
[12:13:32] attack: spy 1:2:4 probes=4 eta=1s
[2026-05-11 12:14:08] ==== loop 3/∞ | seed=680570410771701182 archetype=turbo personality=flotero focus=eco actions_per_loop=3 ====
[12:14:10] planet 37: building queue full (5)
[12:14:10] planet 37: building queue full (5)
[12:14:10] planet 37: building queue full (5)
[12:14:10] attack: intel 1:2:4 ships=0 defs=0 res=5726257890
[12:14:10] attack: spy 1:2:5 probes=4 eta=1s
[12:14:10] research: blocked research_energy_technology (building_laboratory 0/1)
[2026-05-11 12:14:41] ==== loop 4/∞ | seed=680570410771701182 archetype=turbo personality=flotero focus=eco actions_per_loop=3 ====
[12:14:43] planet 37: building queue full (5)
[12:14:43] planet 37: building queue full (5)
[12:14:43] planet 37: building queue full (5)
[12:14:43] attack: intel 1:2:5 ships=0 defs=0 res=5593107456
[12:14:43] attack: spy 1:2:6 probes=4 eta=1s
[2026-05-11 12:15:19] ==== loop 5/∞ | seed=680570410771701182 archetype=turbo personality=flotero focus=eco actions_per_loop=3 ====
[12:15:21] planet 37: building queue full (5)
[12:15:21] planet 37: building queue full (5)
[12:15:21] planet 37: building queue full (5)
[12:15:21] attack: intel 1:2:6 ships=0 defs=0 res=5717812396
[12:15:21] attack: spy 1:2:7 probes=4 eta=1s
[12:15:21] research: blocked research_energy_technology (building_laboratory 0/1)
[2026-05-11 12:15:47] ==== loop 1/∞ | seed=680570410771701182 archetype=turbo personality=flotero focus=mil actions_per_loop=3 ====
[12:15:47] planet 37: queue busy, throttled building_hangar
[12:15:47] planet 37: queue busy, throttled building_hangar
[12:15:47] planet 37: queue busy, throttled building_hangar
[12:15:47] attack: intel 1:2:7 ships=0 defs=0 res=5713198005
[12:15:47] attack: spy 1:2:8 probes=4 eta=1s
[2026-05-11 12:16:24] ==== loop 2/∞ | seed=680570410771701182 archetype=turbo personality=flotero focus=mil actions_per_loop=3 ====
[12:16:24] planet 37: queue busy, throttled building_hangar
[12:16:24] planet 37: queue busy, throttled building_hangar
[12:16:24] planet 37: queue busy, throttled building_hangar
[12:16:24] attack: intel 1:2:8 ships=0 defs=0 res=5568972471
[12:16:24] attack: spy 1:2:9 probes=4 eta=1s
[2026-05-11 12:17:07] ==== loop 1/∞ | seed=680570410771701182 archetype=turbo personality=flotero focus=mil actions_per_loop=3 ====
[12:17:07] planet 37: queue busy, throttled building_hangar
[12:17:07] planet 37: queue busy, throttled building_hangar
[12:17:07] planet 37: queue busy, throttled building_hangar
[12:17:07] attack: intel 1:2:9 ships=0 defs=0 res=6077645011
[12:17:07] attack: spy 1:2:10 probes=4 eta=1s
[2026-05-11 12:17:47] ==== loop 2/∞ | seed=680570410771701182 archetype=turbo personality=flotero focus=mil actions_per_loop=3 ====
[12:17:47] planet 37: queue busy, throttled building_hangar
[12:17:47] planet 37: queue busy, throttled building_hangar
[12:17:47] attack: intel 1:2:10 ships=0 defs=0 res=7276867969
[12:17:47] attack: spy 1:2:11 probes=4 eta=1s
[12:17:47] research: blocked research_energy_technology (building_laboratory 0/1)
[2026-05-11 12:18:25] ==== loop 3/∞ | seed=680570410771701182 archetype=turbo personality=flotero focus=mil actions_per_loop=3 ====
[12:18:25] planet 37: queue busy, throttled building_hangar
[12:18:25] planet 37: queue busy, throttled building_hangar
[12:18:25] planet 37: queue busy, throttled building_hangar
[12:18:25] attack: intel 1:2:11 ships=0 defs=0 res=7277856085
[12:18:25] attack: spy 1:2:12 probes=4 eta=1s
[12:18:25] research: blocked research_energy_technology (building_laboratory 0/1)
[2026-05-11 12:19:02] ==== loop 4/∞ | seed=680570410771701182 archetype=turbo personality=flotero focus=mil actions_per_loop=3 ====
[12:19:02] planet 37: queue busy, throttled building_hangar
[12:19:02] planet 37: queue busy, throttled building_hangar
[12:19:02] planet 37: queue busy, throttled building_hangar
[12:19:02] attack: intel 1:2:12 ships=0 defs=0 res=7279527949
[12:19:02] attack: spy 1:2:13 probes=4 eta=1s
[12:19:02] research: blocked research_energy_technology (building_laboratory 0/1)
[2026-05-11 12:19:41] ==== loop 5/∞ | seed=680570410771701182 archetype=turbo personality=flotero focus=mil actions_per_loop=3 ====
[12:19:41] planet 37: queue busy, throttled building_hangar
[12:19:41] planet 37: queue busy, throttled building_hangar
[12:19:41] planet 37: queue busy, throttled building_hangar
[12:19:41] attack: intel 1:2:13 ships=0 defs=0 res=5705191315
[12:19:41] attack: idle no_fleet_slots (used=1 max=1)
[2026-05-11 12:20:20] ==== loop 6/∞ | seed=680570410771701182 archetype=turbo personality=flotero focus=mil actions_per_loop=3 ====
[12:20:23] planet 37: building queue full (5)
[12:20:23] planet 37: building queue full (5)
[12:20:23] planet 37: building queue full (5)
[12:20:23] attack: spy 1:2:14 probes=4 eta=1s
[12:20:23] research: blocked research_energy_technology (building_laboratory 0/1)
[2026-05-11 12:20:55] ==== loop 7/∞ | seed=680570410771701182 archetype=turbo personality=flotero focus=mil actions_per_loop=3 ====
[12:20:58] planet 37: building queue full (5)
[12:20:58] planet 37: building queue full (5)
[12:20:58] planet 37: building queue full (5)
[12:20:58] attack: intel 1:2:14 ships=0 defs=0 res=5922999898
[12:20:58] attack: idle no_fleet_slots (used=1 max=1)
[12:20:58] research: blocked research_energy_technology (building_laboratory 0/1)
[2026-05-11 12:21:28] ==== loop 8/∞ | seed=680570410771701182 archetype=turbo personality=flotero focus=mil actions_per_loop=3 ====
[12:21:30] planet 37: building queue full (5)
[12:21:30] planet 37: building queue full (5)
[12:21:30] planet 37: building queue full (5)
[12:21:30] attack: spy 1:2:1 probes=4 eta=1s
[12:21:30] research: blocked research_energy_technology (building_laboratory 0/1)
[2026-05-11 12:22:07] ==== loop 9/∞ | seed=680570410771701182 archetype=turbo personality=flotero focus=mil actions_per_loop=3 ====
[12:22:09] planet 37: building queue full (5)
[12:22:09] planet 37: building queue full (5)
[12:22:09] planet 37: building queue full (5)
[12:22:09] attack: intel 1:2:1 ships=0 defs=0 res=5715697381
[12:22:09] attack: idle no_fleet_slots (used=1 max=1)
[12:22:09] research: blocked research_energy_technology (building_laboratory 0/1)
[2026-05-11 12:22:43] ==== loop 10/∞ | seed=680570410771701182 archetype=turbo personality=flotero focus=mil actions_per_loop=3 ====
[12:22:44] planet 37: building queue full (5)
[12:22:44] planet 37: building queue full (5)
[12:22:44] attack: idle no_fleet_slots (used=1 max=1)
[12:22:44] research: blocked research_energy_technology (building_laboratory 0/1)
[2026-05-11 12:23:19] ==== loop 11/∞ | seed=680570410771701182 archetype=turbo personality=flotero focus=mil actions_per_loop=3 ====
[12:23:20] planet 37: building queue full (5)
[12:23:20] planet 37: building queue full (5)
[12:23:20] planet 37: building queue full (5)
[12:23:20] attack: spy 1:4:6 probes=4 eta=1s
[2026-05-11 12:23:54] ==== loop 12/∞ | seed=680570410771701182 archetype=turbo personality=flotero focus=mil actions_per_loop=3 ====
[12:23:56] planet 37: building queue full (5)
[12:23:56] planet 37: building queue full (5)
[12:23:56] planet 37: building queue full (5)
[12:23:56] attack: intel 1:4:6 ships=172 defs=0 res=131084997
[12:23:56] attack: idle no_fleet_slots (used=1 max=1)
[12:23:56] research: blocked research_energy_technology (building_laboratory 0/1)
[2026-05-11 12:24:30] ==== loop 13/∞ | seed=680570410771701182 archetype=turbo personality=flotero focus=mil actions_per_loop=3 ====
[12:24:32] planet 37: building queue full (5)
[12:24:32] planet 37: building queue full (5)
[12:24:32] planet 37: building queue full (5)
[12:24:32] attack: spy 1:2:2 probes=4 eta=1s
[12:24:32] research: blocked research_energy_technology (building_laboratory 0/1)
[2026-05-11 12:25:09] ==== loop 14/∞ | seed=680570410771701182 archetype=turbo personality=flotero focus=mil actions_per_loop=3 ====
[12:25:10] planet 37: building queue full (5)
[12:25:10] planet 37: building queue full (5)
[12:25:10] planet 37: building queue full (5)
[12:25:10] attack: intel 1:2:2 ships=0 defs=0 res=5724229054
[12:25:10] attack: idle no_fleet_slots (used=1 max=1)
[2026-05-11 12:25:46] ==== loop 15/∞ | seed=680570410771701182 archetype=turbo personality=flotero focus=mil actions_per_loop=3 ====
[12:25:48] planet 37: building queue full (5)
[12:25:48] planet 37: building queue full (5)
[12:25:48] planet 37: building queue full (5)
[12:25:48] attack: idle no_fleet_slots (used=1 max=1)
[12:25:48] research: blocked research_energy_technology (building_laboratory 0/1)
[2026-05-11 12:26:25] ==== loop 16/∞ | seed=680570410771701182 archetype=turbo personality=flotero focus=mil actions_per_loop=3 ====
[12:26:27] planet 37: building queue full (5)
[12:26:27] planet 37: building queue full (5)
[12:26:27] planet 37: building queue full (5)
[12:26:27] attack: idle no_fleet_slots (used=1 max=1)
[2026-05-11 12:26:59] ==== loop 17/∞ | seed=680570410771701182 archetype=turbo personality=flotero focus=mil actions_per_loop=3 ====
[12:27:01] planet 37: building queue full (5)
[12:27:01] planet 37: building queue full (5)
[12:27:01] planet 37: building queue full (5)
[12:27:01] attack: idle no_fleet_slots (used=1 max=1)
[2026-05-11 12:27:38] ==== loop 18/∞ | seed=680570410771701182 archetype=turbo personality=flotero focus=mil actions_per_loop=3 ====
[12:27:39] planet 37: building queue full (5)
[12:27:39] planet 37: building queue full (5)
[12:27:39] planet 37: building queue full (5)
[12:27:39] attack: spy 1:2:3 probes=4 eta=1s
[12:27:39] research: blocked research_energy_technology (building_laboratory 0/1)
[2026-05-11 12:28:18] ==== loop 19/∞ | seed=680570410771701182 archetype=turbo personality=flotero focus=mil actions_per_loop=3 ====
[12:28:20] planet 37: building queue full (5)
[12:28:20] planet 37: building queue full (5)
[12:28:20] planet 37: building queue full (5)
[12:28:20] attack: intel 1:2:3 ships=0 defs=0 res=5741604737
[12:28:20] attack: spy 1:2:4 probes=4 eta=1s
[12:28:20] research: blocked research_energy_technology (building_laboratory 0/1)
[2026-05-11 12:28:55] ==== loop 20/∞ | seed=680570410771701182 archetype=turbo personality=flotero focus=mil actions_per_loop=3 ====
[12:28:57] planet 37: building queue full (5)
[12:28:57] planet 37: building queue full (5)
[12:28:57] planet 37: building queue full (5)
[12:28:57] attack: intel 1:2:4 ships=0 defs=0 res=5726257890
[12:28:57] attack: idle no_fleet_slots (used=1 max=1)
[12:28:57] research: blocked research_energy_technology (building_laboratory 0/1)
[2026-05-11 12:29:36] ==== loop 21/∞ | seed=680570410771701182 archetype=turbo personality=flotero focus=mil actions_per_loop=3 ====
[12:29:38] planet 37: building queue full (5)
[12:29:38] planet 37: building queue full (5)
[12:29:38] planet 37: building queue full (5)
[12:29:38] attack: idle no_fleet_slots (used=1 max=1)
[2026-05-11 12:30:19] ==== loop 22/∞ | seed=680570410771701182 archetype=turbo personality=flotero focus=mil actions_per_loop=3 ====
[12:30:19] planet 37: queued defense_rocket_launcher +8
[12:30:19] planet 37: queue busy, throttled building_hangar
[12:30:19] attack: idle no_fleet_slots (used=1 max=1)
[12:30:19] research: blocked research_energy_technology (building_laboratory 0/1)
[2026-05-11 12:31:02] ==== loop 23/∞ | seed=680570410771701182 archetype=turbo personality=flotero focus=mil actions_per_loop=3 ====
[12:31:02] planet 37: queue busy, throttled building_hangar
[12:31:02] planet 37: queue busy, throttled building_hangar
[12:31:02] planet 37: queue busy, throttled building_hangar
[12:31:02] attack: idle no_fleet_slots (used=1 max=1)
[12:31:02] research: blocked research_energy_technology (building_laboratory 0/1)
[2026-05-11 12:31:46] ==== loop 24/∞ | seed=680570410771701182 archetype=turbo personality=flotero focus=mil actions_per_loop=3 ====
[12:31:46] planet 37: queue busy, throttled building_hangar
[12:31:46] planet 37: queue busy, throttled building_hangar
[12:31:46] planet 37: queue busy, throttled building_hangar
[12:31:46] attack: idle no_fleet_slots (used=1 max=1)
[2026-05-11 12:32:32] ==== loop 25/∞ | seed=680570410771701182 archetype=turbo personality=flotero focus=mil actions_per_loop=3 ====
[12:32:32] planet 37: queue busy, throttled building_hangar
[12:32:32] planet 37: queue busy, throttled building_hangar
[12:32:32] planet 37: queue busy, throttled building_hangar
[12:32:32] attack: idle no_fleet_slots (used=1 max=1)
[2026-05-11 12:33:17] ==== loop 26/∞ | seed=680570410771701182 archetype=turbo personality=flotero focus=mil actions_per_loop=3 ====
[12:33:18] planet 37: queued ship_solar_satellite +4
[12:33:18] planet 37: queued defense_rocket_launcher +2
[12:33:18] planet 37: queue busy, throttled building_hangar
[12:33:18] attack: idle no_fleet_slots (used=1 max=1)
[12:33:18] research: blocked research_energy_technology (building_laboratory 0/1)
[2026-05-11 12:34:02] ==== loop 27/∞ | seed=680570410771701182 archetype=turbo personality=flotero focus=mil actions_per_loop=3 ====
[12:34:02] planet 37: queue busy, throttled building_hangar
[12:34:02] planet 37: queue busy, throttled building_hangar
[12:34:02] planet 37: queue busy, throttled building_hangar
[12:34:02] attack: idle no_fleet_slots (used=1 max=1)
[2026-05-11 12:34:46] ==== loop 28/∞ | seed=680570410771701182 archetype=turbo personality=flotero focus=mil actions_per_loop=3 ====
[12:34:46] planet 37: queue busy, throttled building_hangar
[12:34:46] planet 37: queue busy, throttled building_hangar
[12:34:46] planet 37: queue busy, throttled building_hangar
[12:34:46] attack: idle no_fleet_slots (used=1 max=1)
[2026-05-11 12:35:31] ==== loop 29/∞ | seed=680570410771701182 archetype=turbo personality=flotero focus=mil actions_per_loop=3 ====
[12:35:31] planet 37: queue busy, throttled building_hangar
[12:35:31] planet 37: queue busy, throttled building_hangar
[12:35:31] planet 37: queue busy, throttled building_hangar
[12:35:31] attack: idle no_fleet_slots (used=1 max=1)
[12:35:31] research: blocked research_energy_technology (building_laboratory 0/1)
[2026-05-11 12:36:15] ==== loop 30/∞ | seed=680570410771701182 archetype=turbo personality=flotero focus=mil actions_per_loop=3 ====
[12:36:15] planet 37: queue busy, throttled building_hangar
[12:36:15] planet 37: queue busy, throttled building_hangar
[12:36:15] planet 37: queue busy, throttled building_hangar
[12:36:15] attack: idle no_fleet_slots (used=1 max=1)
[2026-05-11 12:36:58] ==== loop 31/∞ | seed=680570410771701182 archetype=turbo personality=flotero focus=mil actions_per_loop=3 ====
[12:36:58] planet 37: queue busy, throttled building_hangar
[12:36:58] planet 37: queue busy, throttled building_hangar
[12:36:58] planet 37: queue busy, throttled building_hangar
[12:36:58] attack: idle no_fleet_slots (used=1 max=1)
[2026-05-11 12:37:42] ==== loop 32/∞ | seed=680570410771701182 archetype=turbo personality=flotero focus=mil actions_per_loop=3 ====
[12:37:42] planet 37: queue busy, throttled building_hangar
[12:37:42] planet 37: queue busy, throttled building_hangar
[12:37:42] attack: idle no_fleet_slots (used=1 max=1)
[12:37:42] research: blocked research_energy_technology (building_laboratory 0/1)
[2026-05-11 12:38:27] ==== loop 33/∞ | seed=680570410771701182 archetype=turbo personality=flotero focus=mil actions_per_loop=3 ====
[12:38:27] planet 37: queue busy, throttled building_hangar
[12:38:27] planet 37: queue busy, throttled building_hangar
[12:38:27] planet 37: queue busy, throttled building_hangar
[12:38:27] attack: idle no_fleet_slots (used=1 max=1)
[12:38:27] research: blocked research_energy_technology (building_laboratory 0/1)
[2026-05-11 12:39:10] ==== loop 34/∞ | seed=680570410771701182 archetype=turbo personality=flotero focus=mil actions_per_loop=3 ====
[12:39:10] planet 37: queue busy, throttled building_hangar
[12:39:10] planet 37: queue busy, throttled building_hangar
[12:39:10] planet 37: queue busy, throttled building_hangar
[12:39:10] attack: idle no_fleet_slots (used=1 max=1)
[2026-05-11 12:39:55] ==== loop 35/∞ | seed=680570410771701182 archetype=turbo personality=flotero focus=mil actions_per_loop=3 ====
[12:39:55] planet 37: queue busy, throttled building_hangar
[12:39:55] planet 37: queue busy, throttled building_hangar
[12:39:55] planet 37: queue busy, throttled building_hangar
[12:39:55] attack: idle no_fleet_slots (used=1 max=1)
[12:39:55] research: blocked research_energy_technology (building_laboratory 0/1)
[2026-05-11 12:40:34] ==== loop 36/∞ | seed=680570410771701182 archetype=turbo personality=flotero focus=mil actions_per_loop=3 ====
[12:40:34] planet 37: queued building_metal_store to 12
[12:40:34] attack: idle no_fleet_slots (used=1 max=1)
[12:40:34] research: blocked research_energy_technology (building_laboratory 0/1)
[2026-05-11 12:41:11] ==== loop 37/∞ | seed=680570410771701182 archetype=turbo personality=flotero focus=mil actions_per_loop=3 ====
[12:41:11] planet 37: queued building_metal_store to 13
[12:41:11] attack: idle no_fleet_slots (used=1 max=1)
[2026-05-11 12:41:46] ==== loop 38/∞ | seed=680570410771701182 archetype=turbo personality=flotero focus=mil actions_per_loop=3 ====
[12:41:48] planet 37: building queue full (5)
[12:41:48] planet 37: building queue full (5)
[12:41:48] planet 37: building queue full (5)
[12:41:48] attack: idle no_fleet_slots (used=1 max=1)
[12:41:48] research: blocked research_energy_technology (building_laboratory 0/1)
[2026-05-11 12:42:25] ==== loop 39/∞ | seed=680570410771701182 archetype=turbo personality=flotero focus=mil actions_per_loop=3 ====
[12:42:27] planet 37: building queue full (5)
[12:42:27] planet 37: building queue full (5)
[12:42:27] planet 37: building queue full (5)
[12:42:27] attack: idle no_fleet_slots (used=1 max=1)
[12:42:27] research: blocked research_energy_technology (building_laboratory 0/1)
[2026-05-11 12:43:02] ==== loop 40/∞ | seed=680570410771701182 archetype=turbo personality=flotero focus=mil actions_per_loop=3 ====
[12:43:03] planet 37: building queue full (5)
[12:43:03] planet 37: building queue full (5)
[12:43:03] planet 37: building queue full (5)
[12:43:03] attack: idle no_fleet_slots (used=1 max=1)
[12:43:03] research: blocked research_energy_technology (building_laboratory 0/1)
[2026-05-11 12:43:40] ==== loop 41/∞ | seed=680570410771701182 archetype=turbo personality=flotero focus=mil actions_per_loop=3 ====
[12:43:42] planet 37: building queue full (5)
[12:43:42] planet 37: building queue full (5)
[12:43:42] planet 37: building queue full (5)
[12:43:42] attack: idle no_fleet_slots (used=1 max=1)
[2026-05-11 12:44:17] ==== loop 42/∞ | seed=680570410771701182 archetype=turbo personality=flotero focus=mil actions_per_loop=3 ====
[12:44:19] planet 37: building queue full (5)
[12:44:19] planet 37: building queue full (5)
[12:44:19] planet 37: building queue full (5)
[12:44:19] attack: idle no_fleet_slots (used=1 max=1)
[2026-05-11 12:44:55] ==== loop 43/∞ | seed=680570410771701182 archetype=turbo personality=flotero focus=mil actions_per_loop=3 ====
[12:44:57] planet 37: building queue full (5)
[12:44:57] planet 37: building queue full (5)
[12:44:57] planet 37: building queue full (5)
[12:44:57] attack: idle no_fleet_slots (used=1 max=1)
[2026-05-11 12:45:33] ==== loop 44/∞ | seed=680570410771701182 archetype=turbo personality=flotero focus=mil actions_per_loop=3 ====
[12:45:34] planet 37: building queue full (5)
[12:45:34] planet 37: building queue full (5)
[12:45:34] attack: idle no_fleet_slots (used=1 max=1)
[12:45:34] research: blocked research_energy_technology (building_laboratory 0/1)
[2026-05-11 12:46:11] ==== loop 45/∞ | seed=680570410771701182 archetype=turbo personality=flotero focus=mil actions_per_loop=3 ====
[12:46:13] planet 37: building queue full (5)
[12:46:13] planet 37: building queue full (5)
[12:46:13] planet 37: building queue full (5)
[12:46:13] attack: idle no_fleet_slots (used=1 max=1)
[2026-05-11 12:46:46] ==== loop 46/∞ | seed=680570410771701182 archetype=turbo personality=flotero focus=mil actions_per_loop=3 ====
[12:46:47] planet 37: building queue full (5)
[12:46:47] planet 37: building queue full (5)
[12:46:47] planet 37: building queue full (5)
[12:46:47] attack: idle no_fleet_slots (used=1 max=1)
[2026-05-11 12:47:25] ==== loop 47/∞ | seed=680570410771701182 archetype=turbo personality=flotero focus=mil actions_per_loop=3 ====
[12:47:27] planet 37: building queue full (5)
[12:47:27] planet 37: building queue full (5)
[12:47:27] planet 37: building queue full (5)
[12:47:27] attack: idle no_fleet_slots (used=1 max=1)
[2026-05-11 12:48:00] ==== loop 48/∞ | seed=680570410771701182 archetype=turbo personality=flotero focus=mil actions_per_loop=3 ====
[12:48:01] planet 37: building queue full (5)
[12:48:01] planet 37: building queue full (5)
[12:48:01] planet 37: building queue full (5)
[12:48:01] attack: idle no_fleet_slots (used=1 max=1)
[2026-05-11 12:48:36] ==== loop 49/∞ | seed=680570410771701182 archetype=turbo personality=flotero focus=mil actions_per_loop=3 ====
[12:48:37] planet 37: building queue full (5)
[12:48:37] planet 37: building queue full (5)
[12:48:37] planet 37: building queue full (5)
[12:48:37] attack: idle no_fleet_slots (used=1 max=1)
[2026-05-11 12:49:11] ==== loop 50/∞ | seed=680570410771701182 archetype=turbo personality=flotero focus=mil actions_per_loop=3 ====
[12:49:13] planet 37: building queue full (5)
[12:49:13] planet 37: building queue full (5)
[12:49:13] planet 37: building queue full (5)
[12:49:13] attack: idle no_fleet_slots (used=1 max=1)
[2026-05-11 12:49:50] ==== loop 51/∞ | seed=680570410771701182 archetype=turbo personality=flotero focus=mil actions_per_loop=3 ====
[12:49:51] planet 37: building queue full (5)
[12:49:51] planet 37: building queue full (5)
[12:49:51] attack: idle no_fleet_slots (used=1 max=1)
[2026-05-11 12:50:28] ==== loop 52/∞ | seed=680570410771701182 archetype=turbo personality=flotero focus=mil actions_per_loop=3 ====
[12:50:31] planet 37: building queue full (5)
[12:50:31] planet 37: building queue full (5)
[12:50:31] planet 37: building queue full (5)
[12:50:31] attack: idle no_fleet_slots (used=1 max=1)
[2026-05-11 12:51:08] ==== loop 53/∞ | seed=680570410771701182 archetype=turbo personality=flotero focus=mil actions_per_loop=3 ====
[12:51:10] planet 37: building queue full (5)
[12:51:10] planet 37: building queue full (5)
[12:51:10] planet 37: building queue full (5)
[12:51:10] attack: idle no_fleet_slots (used=1 max=1)
[12:51:10] research: blocked research_energy_technology (building_laboratory 0/1)
[2026-05-11 12:51:43] ==== loop 54/∞ | seed=680570410771701182 archetype=turbo personality=flotero focus=mil actions_per_loop=3 ====
[12:51:46] planet 37: building queue full (5)
[12:51:46] planet 37: building queue full (5)
[12:51:46] planet 37: building queue full (5)
[12:51:46] attack: idle no_fleet_slots (used=1 max=1)
[2026-05-11 12:52:18] ==== loop 55/∞ | seed=680570410771701182 archetype=turbo personality=flotero focus=mil actions_per_loop=3 ====
[12:52:19] planet 37: building queue full (5)
[12:52:19] planet 37: building queue full (5)
[12:52:19] attack: idle no_fleet_slots (used=1 max=1)
[12:52:19] research: blocked research_energy_technology (building_laboratory 0/1)
[2026-05-11 12:52:56] ==== loop 56/∞ | seed=680570410771701182 archetype=turbo personality=flotero focus=mil actions_per_loop=3 ====
[12:52:58] planet 37: building queue full (5)
[12:52:58] planet 37: building queue full (5)
[12:52:58] planet 37: building queue full (5)
[12:52:58] attack: idle no_fleet_slots (used=1 max=1)
[12:52:58] research: blocked research_energy_technology (building_laboratory 0/1)
[2026-05-11 12:53:32] ==== loop 57/∞ | seed=680570410771701182 archetype=turbo personality=flotero focus=mil actions_per_loop=3 ====
[12:53:34] planet 37: building queue full (5)
[12:53:34] planet 37: building queue full (5)
[12:53:34] planet 37: building queue full (5)
[12:53:34] attack: idle no_fleet_slots (used=1 max=1)
[12:53:34] research: blocked research_energy_technology (building_laboratory 0/1)
[2026-05-11 12:54:05] ==== loop 58/∞ | seed=680570410771701182 archetype=turbo personality=flotero focus=mil actions_per_loop=3 ====
[12:54:07] planet 37: building queue full (5)
[12:54:07] planet 37: building queue full (5)
[12:54:07] planet 37: building queue full (5)
[12:54:07] attack: idle no_fleet_slots (used=1 max=1)
[12:54:07] research: blocked research_energy_technology (building_laboratory 0/1)
[2026-05-11 12:54:41] ==== loop 59/∞ | seed=680570410771701182 archetype=turbo personality=flotero focus=mil actions_per_loop=3 ====
[12:54:43] planet 37: building queue full (5)
[12:54:43] planet 37: building queue full (5)
[12:54:43] planet 37: building queue full (5)
[12:54:43] attack: idle no_fleet_slots (used=1 max=1)
[12:54:43] research: blocked research_energy_technology (building_laboratory 0/1)
[2026-05-11 12:55:16] ==== loop 60/∞ | seed=680570410771701182 archetype=turbo personality=flotero focus=mil actions_per_loop=3 ====
[12:55:18] planet 37: building queue full (5)
[12:55:18] planet 37: building queue full (5)
[12:55:18] planet 37: building queue full (5)
[12:55:18] attack: idle no_fleet_slots (used=1 max=1)
[2026-05-11 12:55:52] ==== loop 61/∞ | seed=680570410771701182 archetype=turbo personality=flotero focus=mil actions_per_loop=3 ====
[12:55:54] planet 37: building queue full (5)
[12:55:54] planet 37: building queue full (5)
[12:55:54] planet 37: building queue full (5)
[12:55:54] attack: idle no_fleet_slots (used=1 max=1)
[12:55:54] research: blocked research_energy_technology (building_laboratory 0/1)
[2026-05-11 12:56:24] ==== loop 62/∞ | seed=680570410771701182 archetype=turbo personality=flotero focus=mil actions_per_loop=3 ====
[12:56:26] planet 37: building queue full (5)
[12:56:26] planet 37: building queue full (5)
[12:56:26] planet 37: building queue full (5)
[12:56:26] attack: idle no_fleet_slots (used=1 max=1)
[12:56:26] research: blocked research_energy_technology (building_laboratory 0/1)
[2026-05-11 12:57:00] ==== loop 63/∞ | seed=680570410771701182 archetype=turbo personality=flotero focus=mil actions_per_loop=3 ====
[12:57:02] planet 37: building queue full (5)
[12:57:02] planet 37: building queue full (5)
[12:57:02] planet 37: building queue full (5)
[12:57:02] attack: idle no_fleet_slots (used=1 max=1)
[2026-05-11 12:57:36] ==== loop 64/∞ | seed=680570410771701182 archetype=turbo personality=flotero focus=mil actions_per_loop=3 ====
[12:57:38] planet 37: building queue full (5)
[12:57:38] planet 37: building queue full (5)
[12:57:38] planet 37: building queue full (5)
[12:57:38] attack: idle no_fleet_slots (used=1 max=1)
[2026-05-11 12:58:13] ==== loop 65/∞ | seed=680570410771701182 archetype=turbo personality=flotero focus=mil actions_per_loop=3 ====
[12:58:15] planet 37: building queue full (5)
[12:58:15] planet 37: building queue full (5)
[12:58:15] planet 37: building queue full (5)
[12:58:15] attack: idle no_fleet_slots (used=1 max=1)
[12:58:15] research: blocked research_energy_technology (building_laboratory 0/1)
[2026-05-11 12:58:50] ==== loop 66/∞ | seed=680570410771701182 archetype=turbo personality=flotero focus=mil actions_per_loop=3 ====
[12:58:53] planet 37: building queue full (5)
[12:58:53] planet 37: building queue full (5)
[12:58:53] planet 37: building queue full (5)
[12:58:53] attack: idle no_fleet_slots (used=1 max=1)
[12:58:53] research: blocked research_energy_technology (building_laboratory 0/1)
[2026-05-11 12:59:29] ==== loop 67/∞ | seed=680570410771701182 archetype=turbo personality=flotero focus=mil actions_per_loop=3 ====
[12:59:32] planet 37: building queue full (5)
[12:59:32] planet 37: building queue full (5)
[12:59:32] planet 37: building queue full (5)
[12:59:32] attack: idle no_fleet_slots (used=1 max=1)
[12:59:32] research: blocked research_energy_technology (building_laboratory 0/1)
[2026-05-11 13:00:04] ==== loop 68/∞ | seed=680570410771701182 archetype=turbo personality=flotero focus=mil actions_per_loop=3 ====
[13:00:04] planet 37: queued ship_espionage_probe +5
[13:00:04] planet 37: skipped duplicate ship_espionage_probe this loop
[13:00:04] planet 37: skipped duplicate ship_espionage_probe this loop
[13:00:04] attack: idle no_fleet_slots (used=1 max=1)
[13:00:04] research: blocked research_energy_technology (building_laboratory 0/1)
[2026-05-11 13:00:43] ==== loop 69/∞ | seed=680570410771701182 archetype=turbo personality=flotero focus=mil actions_per_loop=3 ====
[13:00:43] planet 37: queued ship_espionage_probe +5
[13:00:43] planet 37: skipped duplicate ship_espionage_probe this loop
[13:00:43] planet 37: skipped duplicate ship_espionage_probe this loop
[13:00:43] attack: idle no_fleet_slots (used=1 max=1)
[2026-05-11 13:01:20] ==== loop 70/∞ | seed=680570410771701182 archetype=turbo personality=flotero focus=mil actions_per_loop=3 ====
[13:01:20] planet 37: queued ship_espionage_probe +5
[13:01:20] planet 37: skipped duplicate ship_espionage_probe this loop
[13:01:20] planet 37: skipped duplicate ship_espionage_probe this loop
[13:01:20] attack: idle no_fleet_slots (used=1 max=1)
[13:01:20] research: blocked research_energy_technology (building_laboratory 0/1)
[2026-05-11 13:01:56] ==== loop 71/∞ | seed=680570410771701182 archetype=turbo personality=flotero focus=mil actions_per_loop=3 ====
[13:01:57] planet 37: queued ship_espionage_probe +5
[13:01:57] planet 37: skipped duplicate ship_espionage_probe this loop
[13:01:57] planet 37: skipped duplicate ship_espionage_probe this loop
[13:01:57] attack: idle no_fleet_slots (used=1 max=1)
[13:01:57] research: blocked research_energy_technology (building_laboratory 0/1)
[2026-05-11 13:02:31] ==== loop 72/∞ | seed=680570410771701182 archetype=turbo personality=flotero focus=mil actions_per_loop=3 ====
[13:02:31] planet 37: queued ship_espionage_probe +5
[13:02:31] planet 37: skipped duplicate ship_espionage_probe this loop
[13:02:31] planet 37: skipped duplicate ship_espionage_probe this loop
[13:02:31] attack: idle no_fleet_slots (used=1 max=1)
[13:02:31] research: blocked research_energy_technology (building_laboratory 0/1)
[2026-05-11 13:03:07] ==== loop 73/∞ | seed=680570410771701182 archetype=turbo personality=flotero focus=mil actions_per_loop=3 ====
[13:03:07] planet 37: queued ship_espionage_probe +5
[13:03:07] planet 37: skipped duplicate ship_espionage_probe this loop
[13:03:07] planet 37: skipped duplicate ship_espionage_probe this loop
[13:03:07] attack: idle no_fleet_slots (used=1 max=1)
[2026-05-11 13:03:40] ==== loop 74/∞ | seed=680570410771701182 archetype=turbo personality=flotero focus=mil actions_per_loop=3 ====
[13:03:41] planet 37: queued ship_espionage_probe +5
[13:03:41] planet 37: skipped duplicate ship_espionage_probe this loop
[13:03:41] planet 37: skipped duplicate ship_espionage_probe this loop
[13:03:41] attack: idle no_fleet_slots (used=1 max=1)
[13:03:41] research: blocked research_energy_technology (building_laboratory 0/1)
[2026-05-11 13:04:16] ==== loop 75/∞ | seed=680570410771701182 archetype=turbo personality=flotero focus=mil actions_per_loop=3 ====
[13:04:16] planet 37: queued ship_espionage_probe +5
[13:04:16] planet 37: skipped duplicate ship_espionage_probe this loop
[13:04:16] planet 37: skipped duplicate ship_espionage_probe this loop
[13:04:16] attack: idle no_fleet_slots (used=1 max=1)
[13:04:16] research: blocked research_energy_technology (building_laboratory 0/1)
[2026-05-11 13:04:52] ==== loop 76/∞ | seed=680570410771701182 archetype=turbo personality=flotero focus=mil actions_per_loop=3 ====
[13:04:53] planet 37: queued ship_espionage_probe +5
[13:04:53] planet 37: skipped duplicate ship_espionage_probe this loop
[13:04:53] planet 37: skipped duplicate ship_espionage_probe this loop
[13:04:53] attack: idle no_fleet_slots (used=1 max=1)
[2026-05-11 13:05:27] ==== loop 77/∞ | seed=680570410771701182 archetype=turbo personality=flotero focus=mil actions_per_loop=3 ====
[13:05:27] planet 37: queued ship_espionage_probe +5
[13:05:27] planet 37: skipped duplicate ship_espionage_probe this loop
[13:05:27] planet 37: skipped duplicate ship_espionage_probe this loop
[13:05:27] attack: idle no_fleet_slots (used=1 max=1)
[13:05:27] research: blocked research_energy_technology (building_laboratory 0/1)
[2026-05-11 13:06:03] ==== loop 78/∞ | seed=680570410771701182 archetype=turbo personality=flotero focus=mil actions_per_loop=3 ====
[13:06:03] planet 37: queued ship_espionage_probe +5
[13:06:03] planet 37: skipped duplicate ship_espionage_probe this loop
[13:06:03] planet 37: skipped duplicate ship_espionage_probe this loop
[13:06:03] attack: idle no_fleet_slots (used=1 max=1)
[2026-05-11 13:06:36] ==== loop 79/∞ | seed=680570410771701182 archetype=turbo personality=flotero focus=mil actions_per_loop=3 ====
[13:06:36] planet 37: queued ship_espionage_probe +5
[13:06:36] planet 37: skipped duplicate ship_espionage_probe this loop
[13:06:36] planet 37: skipped duplicate ship_espionage_probe this loop
[13:06:36] attack: idle no_fleet_slots (used=1 max=1)
[13:06:36] research: blocked research_energy_technology (building_laboratory 0/1)
[2026-05-11 13:07:12] ==== loop 80/∞ | seed=680570410771701182 archetype=turbo personality=flotero focus=mil actions_per_loop=3 ====
[13:07:13] planet 37: queued ship_espionage_probe +5
[13:07:13] planet 37: skipped duplicate ship_espionage_probe this loop
[13:07:13] planet 37: skipped duplicate ship_espionage_probe this loop
[13:07:13] attack: idle no_fleet_slots (used=1 max=1)
[13:07:13] research: blocked research_energy_technology (building_laboratory 0/1)
[2026-05-11 13:07:48] ==== loop 81/∞ | seed=680570410771701182 archetype=turbo personality=flotero focus=mil actions_per_loop=3 ====
[13:07:48] planet 37: queued ship_espionage_probe +5
[13:07:48] planet 37: skipped duplicate ship_espionage_probe this loop
[13:07:48] attack: idle no_fleet_slots (used=1 max=1)
[2026-05-11 13:08:17] ==== loop 82/∞ | seed=680570410771701182 archetype=turbo personality=flotero focus=mil actions_per_loop=3 ====
[13:08:18] planet 37: queued ship_espionage_probe +5
[13:08:18] planet 37: skipped duplicate ship_espionage_probe this loop
[13:08:18] planet 37: skipped duplicate ship_espionage_probe this loop
[13:08:18] attack: idle no_fleet_slots (used=1 max=1)
[2026-05-11 13:08:50] ==== loop 83/∞ | seed=680570410771701182 archetype=turbo personality=flotero focus=mil actions_per_loop=3 ====
[13:08:51] planet 37: queued ship_espionage_probe +5
[13:08:51] planet 37: skipped duplicate ship_espionage_probe this loop
[13:08:51] planet 37: skipped duplicate ship_espionage_probe this loop
[13:08:51] attack: idle no_fleet_slots (used=1 max=1)
[13:08:51] research: blocked research_energy_technology (building_laboratory 0/1)
[2026-05-11 13:09:24] ==== loop 84/∞ | seed=680570410771701182 archetype=turbo personality=flotero focus=mil actions_per_loop=3 ====
[13:09:26] planet 37: queued ship_espionage_probe +5
[13:09:26] planet 37: skipped duplicate ship_espionage_probe this loop
[13:09:26] planet 37: skipped duplicate ship_espionage_probe this loop
[13:09:26] attack: idle no_fleet_slots (used=1 max=1)
[2026-05-11 13:10:02] ==== loop 85/∞ | seed=680570410771701182 archetype=turbo personality=flotero focus=mil actions_per_loop=3 ====
[13:10:04] planet 37: building queue full (5)
[13:10:04] planet 37: building queue full (5)
[13:10:04] planet 37: building queue full (5)
[13:10:04] attack: idle no_fleet_slots (used=1 max=1)
[2026-05-11 13:10:46] ==== loop 86/∞ | seed=680570410771701182 archetype=turbo personality=flotero focus=mil actions_per_loop=3 ====
[13:10:47] planet 37: building queue full (5)
[13:10:47] planet 37: building queue full (5)
[13:10:47] planet 37: building queue full (5)
[13:10:47] attack: idle no_fleet_slots (used=1 max=1)
[2026-05-11 13:11:31] ==== loop 87/∞ | seed=680570410771701182 archetype=turbo personality=flotero focus=mil actions_per_loop=3 ====
[13:11:33] planet 37: building queue full (5)
[13:11:33] planet 37: building queue full (5)
[13:11:33] planet 37: building queue full (5)
[13:11:33] attack: idle no_fleet_slots (used=1 max=1)
[13:11:33] research: blocked research_energy_technology (building_laboratory 0/1)
[2026-05-11 13:12:14] ==== loop 88/∞ | seed=680570410771701182 archetype=turbo personality=flotero focus=mil actions_per_loop=3 ====
[13:12:16] planet 37: building queue full (5)
[13:12:16] planet 37: building queue full (5)
[13:12:16] attack: idle no_fleet_slots (used=1 max=1)
[13:12:16] research: blocked research_energy_technology (building_laboratory 0/1)
[2026-05-11 13:12:58] ==== loop 89/∞ | seed=680570410771701182 archetype=turbo personality=flotero focus=mil actions_per_loop=3 ====
[13:13:00] planet 37: building queue full (5)
[13:13:00] planet 37: building queue full (5)
[13:13:00] planet 37: building queue full (5)
[13:13:00] attack: idle no_fleet_slots (used=1 max=1)
[13:13:00] research: blocked research_energy_technology (building_laboratory 0/1)
[2026-05-11 13:13:35] ==== loop 90/∞ | seed=680570410771701182 archetype=turbo personality=flotero focus=mil actions_per_loop=3 ====
[13:13:38] planet 37: building queue full (5)
[13:13:38] planet 37: building queue full (5)
[13:13:38] planet 37: building queue full (5)
[13:13:38] attack: idle no_fleet_slots (used=1 max=1)
[2026-05-11 13:14:22] ==== loop 91/∞ | seed=680570410771701182 archetype=turbo personality=flotero focus=mil actions_per_loop=3 ====
[13:14:24] planet 37: building queue full (5)
[13:14:24] planet 37: building queue full (5)
[13:14:24] planet 37: building queue full (5)
[13:14:24] attack: spy 1:4:6 probes=4 eta=1s
[2026-05-11 13:15:07] ==== loop 92/∞ | seed=680570410771701182 archetype=turbo personality=flotero focus=mil actions_per_loop=3 ====
[13:15:08] planet 37: building queue full (5)
[13:15:08] planet 37: building queue full (5)
[13:15:08] planet 37: building queue full (5)
[13:15:08] attack: intel 1:4:6 ships=205 defs=138 res=132531109
[13:15:08] attack: spy 1:2:1 probes=4 eta=1s
[2026-05-11 13:15:54] ==== loop 93/∞ | seed=680570410771701182 archetype=turbo personality=flotero focus=mil actions_per_loop=3 ====
[13:15:55] planet 37: building queue full (5)
[13:15:55] planet 37: building queue full (5)
[13:15:55] planet 37: building queue full (5)
[13:15:55] attack: intel 1:2:1 ships=0 defs=0 res=5777004961
[13:15:55] attack: spy 1:2:2 probes=4 eta=1s
[2026-05-11 13:16:40] ==== loop 94/∞ | seed=680570410771701182 archetype=turbo personality=flotero focus=mil actions_per_loop=3 ====
[13:16:42] planet 37: building queue full (5)
[13:16:42] planet 37: building queue full (5)
[13:16:42] planet 37: building queue full (5)
[13:16:42] attack: intel 1:2:2 ships=0 defs=0 res=5789691995
[13:16:42] attack: spy 1:2:3 probes=4 eta=1s
[13:16:42] research: blocked research_energy_technology (building_laboratory 0/1)
[2026-05-11 13:17:25] ==== loop 95/∞ | seed=680570410771701182 archetype=turbo personality=flotero focus=mil actions_per_loop=3 ====
[13:17:27] planet 37: building queue full (5)
[13:17:27] planet 37: building queue full (5)
[13:17:27] planet 37: building queue full (5)
[13:17:27] attack: intel 1:2:3 ships=0 defs=0 res=5790946336
[13:17:27] attack: idle no_fleet_slots (used=1 max=1)
[2026-05-11 13:18:11] ==== loop 96/∞ | seed=680570410771701182 archetype=turbo personality=flotero focus=mil actions_per_loop=3 ====
[13:18:13] planet 37: building queue full (5)
[13:18:13] planet 37: building queue full (5)
[13:18:13] planet 37: building queue full (5)
[13:18:13] attack: idle no_fleet_slots (used=1 max=1)
[2026-05-11 13:18:58] ==== loop 97/∞ | seed=680570410771701182 archetype=turbo personality=flotero focus=mil actions_per_loop=3 ====
[13:19:01] planet 37: building queue full (5)
[13:19:01] planet 37: building queue full (5)
[13:19:01] planet 37: building queue full (5)
[13:19:01] attack: idle no_fleet_slots (used=1 max=1)
[13:19:01] research: blocked research_energy_technology (building_laboratory 0/1)
[2026-05-11 13:19:45] ==== loop 98/∞ | seed=680570410771701182 archetype=turbo personality=flotero focus=mil actions_per_loop=3 ====
[13:19:46] planet 37: building queue full (5)
[13:19:46] planet 37: building queue full (5)
[13:19:46] planet 37: building queue full (5)
[13:19:46] attack: idle no_fleet_slots (used=1 max=1)
[13:19:46] research: blocked research_energy_technology (building_laboratory 0/1)
[2026-05-11 13:20:23] ==== loop 99/∞ | seed=680570410771701182 archetype=turbo personality=flotero focus=mil actions_per_loop=3 ====
[13:20:26] planet 37: building queue full (5)
[13:20:26] planet 37: building queue full (5)
[13:20:26] planet 37: building queue full (5)
[13:20:26] attack: spy 1:2:4 probes=4 eta=1s
[13:20:26] research: blocked research_energy_technology (building_laboratory 0/1)
[2026-05-11 13:21:10] ==== loop 100/∞ | seed=680570410771701182 archetype=turbo personality=flotero focus=mil actions_per_loop=3 ====
[13:21:11] planet 37: building queue full (5)
[13:21:11] planet 37: building queue full (5)
[13:21:11] planet 37: building queue full (5)
[13:21:11] attack: intel 1:2:4 ships=0 defs=0 res=5795854068
[13:21:11] attack: spy 1:2:5 probes=4 eta=1s
[2026-05-11 13:22:15] ==== loop 1/∞ | seed=680570410771701182 archetype=turbo personality=flotero focus=mil actions_per_loop=3 ====
[13:22:17] planet 37: building queue full (5)
[13:22:17] planet 37: building queue full (5)
[13:22:17] attack: intel 1:2:5 ships=0 defs=0 res=5661983320
[13:22:17] attack: spy 1:2:6 probes=4 eta=1s
[2026-05-11 13:22:57] ==== loop 2/∞ | seed=680570410771701182 archetype=turbo personality=flotero focus=mil actions_per_loop=3 ====
[13:22:59] planet 37: building queue full (5)
[13:22:59] planet 37: building queue full (5)
[13:22:59] planet 37: building queue full (5)
[13:22:59] attack: intel 1:2:6 ships=0 defs=0 res=5787477176
[13:22:59] attack: spy 1:2:7 probes=4 eta=1s
[2026-05-11 13:23:42] ==== loop 3/∞ | seed=680570410771701182 archetype=turbo personality=flotero focus=mil actions_per_loop=3 ====
[13:23:44] planet 37: building queue full (5)
[13:23:44] planet 37: building queue full (5)
[13:23:44] planet 37: building queue full (5)
[13:23:44] attack: intel 1:2:7 ships=0 defs=0 res=5782708433
[13:23:44] attack: spy 1:2:8 probes=4 eta=1s
[13:23:44] research: blocked research_energy_technology (building_laboratory 0/1)
[2026-05-11 13:24:30] ==== loop 4/∞ | seed=680570410771701182 archetype=turbo personality=flotero focus=mil actions_per_loop=3 ====
[13:24:32] planet 37: building queue full (5)
[13:24:32] planet 37: building queue full (5)
[13:24:32] planet 37: building queue full (5)
[13:24:32] attack: intel 1:2:8 ships=0 defs=0 res=5638860206
[13:24:32] attack: spy 1:2:9 probes=4 eta=1s
[13:24:32] research: blocked research_energy_technology (building_laboratory 0/1)
[2026-05-11 13:25:14] ==== loop 5/∞ | seed=680570410771701182 archetype=turbo personality=flotero focus=mil actions_per_loop=3 ====
[13:25:15] planet 37: building queue full (5)
[13:25:15] planet 37: building queue full (5)
[13:25:15] attack: intel 1:2:9 ships=0 defs=0 res=6146572326
[13:25:15] attack: idle no_fleet_slots (used=1 max=1)
[2026-05-11 13:26:00] ==== loop 6/∞ | seed=680570410771701182 archetype=turbo personality=flotero focus=mil actions_per_loop=3 ====
[13:26:00] planet 37: building queue full (5)
[13:26:00] planet 37: building queue full (5)
[13:26:00] attack: idle no_fleet_slots (used=1 max=1)
[2026-05-11 13:26:43] ==== loop 7/∞ | seed=680570410771701182 archetype=turbo personality=flotero focus=mil actions_per_loop=3 ====
[13:26:44] planet 37: building queue full (5)
[13:26:44] planet 37: building queue full (5)
[13:26:44] planet 37: building queue full (5)
[13:26:44] attack: spy 1:4:6 probes=4 eta=1s
[13:26:44] research: blocked research_energy_technology (building_laboratory 0/1)
[2026-05-11 13:27:21] ==== loop 8/∞ | seed=680570410771701182 archetype=turbo personality=flotero focus=mil actions_per_loop=3 ====
[13:27:23] planet 37: building queue full (5)
[13:27:23] planet 37: building queue full (5)
[13:27:23] planet 37: building queue full (5)
[13:27:23] attack: intel 1:4:6 ships=247 defs=157 res=132332791
[13:27:23] attack: spy 1:2:1 probes=4 eta=1s
[2026-05-11 13:28:04] ==== loop 9/∞ | seed=680570410771701182 archetype=turbo personality=flotero focus=mil actions_per_loop=3 ====
[13:28:05] planet 37: building queue full (5)
[13:28:05] planet 37: building queue full (5)
[13:28:05] planet 37: building queue full (5)
[13:28:05] attack: intel 1:2:1 ships=0 defs=0 res=5787689637
[13:28:05] attack: idle no_fleet_slots (used=1 max=1)
[13:28:05] research: blocked research_energy_technology (building_laboratory 0/1)
[2026-05-11 13:28:49] ==== loop 10/∞ | seed=680570410771701182 archetype=turbo personality=flotero focus=mil actions_per_loop=3 ====
[13:28:50] planet 37: building queue full (5)
[13:28:50] planet 37: building queue full (5)
[13:28:50] attack: spy 1:2:2 probes=4 eta=1s
[13:28:50] research: blocked research_energy_technology (building_laboratory 0/1)
[2026-05-11 13:29:26] ==== loop 11/∞ | seed=680570410771701182 archetype=turbo personality=flotero focus=mil actions_per_loop=3 ====
[13:29:27] planet 37: building queue full (5)
[13:29:27] planet 37: building queue full (5)
[13:29:27] planet 37: building queue full (5)
[13:29:27] attack: intel 1:2:2 ships=0 defs=0 res=5800119417
[13:29:27] attack: idle no_fleet_slots (used=1 max=1)
[13:29:27] research: blocked research_energy_technology (building_laboratory 0/1)
[2026-05-11 13:30:06] ==== loop 12/∞ | seed=680570410771701182 archetype=turbo personality=flotero focus=mil actions_per_loop=3 ====
[13:30:09] planet 37: building queue full (5)
[13:30:09] planet 37: building queue full (5)
[13:30:09] planet 37: building queue full (5)
[13:30:09] attack: idle no_fleet_slots (used=1 max=1)
[13:30:09] research: blocked research_energy_technology (building_laboratory 0/1)
[2026-05-11 13:30:46] ==== loop 13/∞ | seed=680570410771701182 archetype=turbo personality=flotero focus=mil actions_per_loop=3 ====
[13:30:48] planet 37: building queue full (5)
[13:30:48] planet 37: building queue full (5)
[13:30:48] planet 37: building queue full (5)
[13:30:48] attack: idle no_fleet_slots (used=1 max=1)
[13:30:48] research: blocked research_energy_technology (building_laboratory 0/1)
[2026-05-11 13:31:30] ==== loop 14/∞ | seed=680570410771701182 archetype=turbo personality=flotero focus=mil actions_per_loop=3 ====
[13:31:33] planet 37: building queue full (5)
[13:31:33] planet 37: building queue full (5)
[13:31:33] planet 37: building queue full (5)
[13:31:33] attack: idle no_fleet_slots (used=1 max=1)
[2026-05-11 13:32:14] ==== loop 15/∞ | seed=680570410771701182 archetype=turbo personality=flotero focus=mil actions_per_loop=3 ====
[13:32:16] planet 37: building queue full (5)
[13:32:16] planet 37: building queue full (5)
[13:32:16] planet 37: building queue full (5)
[13:32:16] attack: idle no_fleet_slots (used=1 max=1)
[13:32:16] research: blocked research_energy_technology (building_laboratory 0/1)
[2026-05-11 13:33:00] ==== loop 16/∞ | seed=680570410771701182 archetype=turbo personality=flotero focus=mil actions_per_loop=3 ====
[13:33:03] planet 37: building queue full (5)
[13:33:03] planet 37: building queue full (5)
[13:33:03] planet 37: building queue full (5)
[13:33:03] attack: idle no_fleet_slots (used=1 max=1)
[2026-05-11 13:33:43] ==== loop 17/∞ | seed=680570410771701182 archetype=turbo personality=flotero focus=mil actions_per_loop=3 ====
[13:33:45] planet 37: building queue full (5)
[13:33:45] planet 37: building queue full (5)
[13:33:45] planet 37: building queue full (5)
[13:33:45] attack: spy 1:2:3 probes=4 eta=1s
[2026-05-11 13:34:31] ==== loop 18/∞ | seed=680570410771701182 archetype=turbo personality=flotero focus=mil actions_per_loop=3 ====
[13:34:34] planet 37: building queue full (5)
[13:34:34] planet 37: building queue full (5)
[13:34:34] planet 37: building queue full (5)
[13:34:34] attack: intel 1:2:3 ships=0 defs=0 res=5810120444
[13:34:34] attack: spy 1:2:4 probes=4 eta=1s
[2026-05-11 13:35:18] ==== loop 19/∞ | seed=680570410771701182 archetype=turbo personality=flotero focus=mil actions_per_loop=3 ====
[13:35:20] planet 37: building queue full (5)
[13:35:20] planet 37: building queue full (5)
[13:35:20] planet 37: building queue full (5)
[13:35:20] attack: intel 1:2:4 ships=0 defs=0 res=5810191774
[13:35:20] attack: spy 1:2:5 probes=4 eta=1s
[13:35:20] research: blocked research_energy_technology (building_laboratory 0/1)
[2026-05-11 13:36:12] ==== loop 20/∞ | seed=680570410771701182 archetype=turbo personality=flotero focus=mil actions_per_loop=3 ====
[13:36:13] planet 37: building queue full (5)
[13:36:13] planet 37: building queue full (5)
[13:36:13] planet 37: building queue full (5)
[13:36:13] attack: intel 1:2:5 ships=0 defs=0 res=5676355326
[13:36:13] attack: spy 1:2:6 probes=4 eta=1s
[2026-05-11 13:36:58] ==== loop 21/∞ | seed=680570410771701182 archetype=turbo personality=flotero focus=mil actions_per_loop=3 ====
[13:37:01] planet 37: building queue full (5)
[13:37:01] planet 37: building queue full (5)
[13:37:01] planet 37: building queue full (5)
[13:37:01] attack: intel 1:2:6 ships=0 defs=0 res=5801711979
[13:37:01] attack: spy 1:2:7 probes=4 eta=1s
[13:37:01] research: blocked research_energy_technology (building_laboratory 0/1)
[2026-05-11 13:37:45] ==== loop 22/∞ | seed=680570410771701182 archetype=turbo personality=flotero focus=mil actions_per_loop=3 ====
[13:37:47] planet 37: building queue full (5)
[13:37:47] planet 37: building queue full (5)
[13:37:47] planet 37: building queue full (5)
[13:37:47] attack: intel 1:2:7 ships=0 defs=0 res=5797354844
[13:37:47] attack: spy 1:2:1 probes=4 eta=1s
[13:37:47] research: blocked research_energy_technology (building_laboratory 0/1)
[2026-05-11 13:38:34] ==== loop 23/∞ | seed=680570410771701182 archetype=turbo personality=flotero focus=mil actions_per_loop=3 ====
[13:38:36] planet 37: building queue full (5)
[13:38:36] planet 37: building queue full (5)
[13:38:36] planet 37: building queue full (5)
[13:38:36] attack: intel 1:2:1 ships=0 defs=0 res=5800157953
[13:38:36] attack: spy 1:2:8 probes=4 eta=1s
[13:38:36] research: blocked research_energy_technology (building_laboratory 0/1)
[2026-05-11 13:39:22] ==== loop 24/∞ | seed=680570410771701182 archetype=turbo personality=flotero focus=mil actions_per_loop=3 ====
[13:39:25] planet 37: building queue full (5)
[13:39:25] planet 37: building queue full (5)
[13:39:25] planet 37: building queue full (5)
[13:39:25] attack: intel 1:2:8 ships=0 defs=0 res=5654912947
[13:39:25] attack: spy 1:2:2 probes=4 eta=1s
[2026-05-11 13:40:08] ==== loop 25/∞ | seed=680570410771701182 archetype=turbo personality=flotero focus=mil actions_per_loop=3 ====
[13:40:09] planet 37: building queue full (5)
[13:40:09] planet 37: building queue full (5)
[13:40:09] planet 37: building queue full (5)
[13:40:09] attack: intel 1:2:2 ships=0 defs=0 res=5813959760
[13:40:09] attack: spy 1:2:9 probes=4 eta=1s
[2026-05-11 13:40:55] ==== loop 26/∞ | seed=680570410771701182 archetype=turbo personality=flotero focus=mil actions_per_loop=3 ====
[13:40:56] planet 37: building queue full (5)
[13:40:56] planet 37: building queue full (5)
[13:40:56] planet 37: building queue full (5)
[13:40:56] attack: intel 1:2:9 ships=0 defs=0 res=6160704226
[13:40:56] attack: idle no_fleet_slots (used=1 max=1)
[13:40:56] research: blocked research_energy_technology (building_laboratory 0/1)
[2026-05-11 13:41:42] ==== loop 27/∞ | seed=680570410771701182 archetype=turbo personality=flotero focus=mil actions_per_loop=3 ====
[13:41:44] planet 37: building queue full (5)
[13:41:44] planet 37: building queue full (5)
[13:41:44] planet 37: building queue full (5)
[13:41:44] attack: idle no_fleet_slots (used=1 max=1)
[13:41:44] research: blocked research_energy_technology (building_laboratory 0/1)
[2026-05-11 13:42:27] ==== loop 28/∞ | seed=680570410771701182 archetype=turbo personality=flotero focus=mil actions_per_loop=3 ====
[13:42:28] planet 37: building queue full (5)
[13:42:28] planet 37: building queue full (5)
[13:42:28] planet 37: building queue full (5)
[13:42:28] attack: idle no_fleet_slots (used=1 max=1)
[2026-05-11 13:43:10] ==== loop 29/∞ | seed=680570410771701182 archetype=turbo personality=flotero focus=mil actions_per_loop=3 ====
[13:43:12] planet 37: building queue full (5)
[13:43:12] planet 37: building queue full (5)
[13:43:12] attack: spy 1:2:10 probes=4 eta=1s
[2026-05-11 13:43:52] ==== loop 30/∞ | seed=680570410771701182 archetype=turbo personality=flotero focus=mil actions_per_loop=3 ====
[13:43:53] planet 37: building queue full (5)
[13:43:53] planet 37: building queue full (5)
[13:43:53] planet 37: building queue full (5)
[13:43:53] attack: intel 1:2:10 ships=0 defs=0 res=7365449601
[13:43:53] attack: spy 1:2:3 probes=4 eta=1s
[2026-05-11 13:44:39] ==== loop 31/∞ | seed=680570410771701182 archetype=turbo personality=flotero focus=mil actions_per_loop=3 ====
[13:44:42] planet 37: building queue full (5)
[13:44:42] planet 37: building queue full (5)
[13:44:42] planet 37: building queue full (5)
[13:44:42] attack: intel 1:2:3 ships=0 defs=0 res=5820547865
[13:44:42] attack: spy 1:2:4 probes=4 eta=1s
[2026-05-11 13:45:26] ==== loop 32/∞ | seed=680570410771701182 archetype=turbo personality=flotero focus=mil actions_per_loop=3 ====
[13:45:28] planet 37: building queue full (5)
[13:45:28] planet 37: building queue full (5)
[13:45:28] planet 37: building queue full (5)
[13:45:28] attack: intel 1:2:4 ships=0 defs=0 res=5820379090
[13:45:28] attack: spy 1:2:5 probes=4 eta=1s
[13:45:28] research: blocked research_energy_technology (building_laboratory 0/1)
[2026-05-11 13:46:12] ==== loop 33/∞ | seed=680570410771701182 archetype=turbo personality=flotero focus=mil actions_per_loop=3 ====
[13:46:14] planet 37: building queue full (5)
[13:46:14] planet 37: building queue full (5)
[13:46:14] planet 37: building queue full (5)
[13:46:14] attack: intel 1:2:5 ships=0 defs=0 res=5687040002
[13:46:14] attack: spy 1:2:6 probes=4 eta=1s
[13:46:14] research: blocked research_energy_technology (building_laboratory 0/1)
[2026-05-11 13:46:57] ==== loop 34/∞ | seed=680570410771701182 archetype=turbo personality=flotero focus=mil actions_per_loop=3 ====
[13:46:58] planet 37: building queue full (5)
[13:46:58] planet 37: building queue full (5)
[13:46:58] planet 37: building queue full (5)
[13:46:58] attack: intel 1:2:6 ships=0 defs=0 res=5812259453
[13:46:58] attack: spy 1:4:6 probes=4 eta=1s
[2026-05-11 13:47:41] ==== loop 35/∞ | seed=680570410771701182 archetype=turbo personality=flotero focus=mil actions_per_loop=3 ====
[13:47:42] planet 37: building queue full (5)
[13:47:42] planet 37: building queue full (5)
[13:47:42] attack: intel 1:4:6 ships=268 defs=157 res=132676276
[13:47:42] attack: spy 1:2:7 probes=4 eta=1s
[13:47:42] research: blocked research_energy_technology (building_laboratory 0/1)
[2026-05-11 13:48:28] ==== loop 36/∞ | seed=680570410771701182 archetype=turbo personality=flotero focus=mil actions_per_loop=3 ====
[13:48:29] planet 37: building queue full (5)
[13:48:29] planet 37: building queue full (5)
[13:48:29] attack: intel 1:2:7 ships=0 defs=0 res=5808159573
[13:48:29] attack: spy 1:2:1 probes=4 eta=1s
[13:48:29] research: blocked research_energy_technology (building_laboratory 0/1)
[2026-05-11 13:49:17] ==== loop 37/∞ | seed=680570410771701182 archetype=turbo personality=flotero focus=mil actions_per_loop=3 ====
[13:49:20] planet 37: building queue full (5)
[13:49:20] planet 37: building queue full (5)
[13:49:20] planet 37: building queue full (5)
[13:49:20] attack: intel 1:2:1 ships=0 defs=0 res=5810859780
[13:49:20] attack: spy 1:2:8 probes=4 eta=1s
[2026-05-11 13:50:05] ==== loop 38/∞ | seed=680570410771701182 archetype=turbo personality=flotero focus=mil actions_per_loop=3 ====
[13:50:06] planet 37: building queue full (5)
[13:50:06] planet 37: building queue full (5)
[13:50:06] planet 37: building queue full (5)
[13:50:06] attack: intel 1:2:8 ships=0 defs=0 res=5665220316
[13:50:06] attack: spy 1:2:2 probes=4 eta=1s
[13:50:06] research: blocked research_energy_technology (building_laboratory 0/1)
[2026-05-11 13:50:47] ==== loop 39/∞ | seed=680570410771701182 archetype=turbo personality=flotero focus=mil actions_per_loop=3 ====
[13:50:48] planet 37: building queue full (5)
[13:50:48] planet 37: building queue full (5)
[13:50:48] planet 37: building queue full (5)
[13:50:48] attack: intel 1:2:2 ships=0 defs=0 res=5825158949
[13:50:48] attack: spy 1:2:9 probes=4 eta=1s
[2026-05-11 13:51:29] ==== loop 40/∞ | seed=680570410771701182 archetype=turbo personality=flotero focus=mil actions_per_loop=3 ====
[13:51:31] planet 37: building queue full (5)
[13:51:31] planet 37: building queue full (5)
[13:51:31] planet 37: building queue full (5)
[13:51:31] attack: intel 1:2:9 ships=0 defs=0 res=6174681774
[13:51:31] attack: spy 1:2:11 probes=4 eta=1s
[13:51:31] research: blocked research_energy_technology (building_laboratory 0/1)
[2026-05-11 13:52:07] ==== loop 41/∞ | seed=680570410771701182 archetype=turbo personality=flotero focus=mil actions_per_loop=3 ====
[13:52:08] planet 37: building queue full (5)
[13:52:08] planet 37: building queue full (5)
[13:52:08] planet 37: building queue full (5)
[13:52:08] attack: intel 1:2:11 ships=0 defs=0 res=7374378336
[13:52:08] attack: spy 1:2:12 probes=4 eta=1s
[2026-05-11 13:53:00] ==== loop 1/∞ | seed=680570410771701182 archetype=turbo personality=flotero focus=mil actions_per_loop=3 ====
[13:53:03] planet 37: building queue full (5)
[13:53:03] planet 37: building queue full (5)
[13:53:03] planet 37: building queue full (5)
[13:53:03] attack: intel 1:2:12 ships=0 defs=0 res=7372311420
[13:53:03] attack: idle no_fleet_slots (used=1 max=1)
[2026-05-11 13:53:44] ==== loop 2/∞ | seed=680570410771701182 archetype=turbo personality=flotero focus=mil actions_per_loop=3 ====
[13:53:46] planet 37: building queue full (5)
[13:53:46] planet 37: building queue full (5)
[13:53:46] planet 37: building queue full (5)
[13:53:46] attack: spy 1:2:10 probes=4 eta=1s
[2026-05-11 13:54:28] ==== loop 3/∞ | seed=680570410771701182 archetype=turbo personality=flotero focus=mil actions_per_loop=3 ====
[13:54:29] planet 37: building queue full (5)
[13:54:29] planet 37: building queue full (5)
[13:54:29] planet 37: building queue full (5)
[13:54:29] attack: intel 1:2:10 ships=0 defs=0 res=7376340083
[13:54:29] attack: spy 1:2:3 probes=4 eta=1s
[2026-05-11 13:55:09] ==== loop 4/∞ | seed=680570410771701182 archetype=turbo personality=flotero focus=mil actions_per_loop=3 ====
[13:55:12] planet 37: building queue full (5)
[13:55:12] planet 37: building queue full (5)
[13:55:12] planet 37: building queue full (5)
[13:55:12] attack: intel 1:2:3 ships=0 defs=0 res=5829826212
[13:55:12] attack: idle no_fleet_slots (used=1 max=1)
[13:55:12] research: blocked research_energy_technology (building_laboratory 0/1)
[2026-05-11 13:55:56] ==== loop 5/∞ | seed=680570410771701182 archetype=turbo personality=flotero focus=mil actions_per_loop=3 ====
[13:55:58] planet 37: building queue full (5)
[13:55:58] planet 37: building queue full (5)
[13:55:58] planet 37: building queue full (5)
[13:55:58] attack: idle no_fleet_slots (used=1 max=1)
[2026-05-11 13:56:41] ==== loop 6/∞ | seed=680570410771701182 archetype=turbo personality=flotero focus=mil actions_per_loop=3 ====
[13:56:43] planet 37: building queue full (5)
[13:56:43] planet 37: building queue full (5)
[13:56:43] planet 37: building queue full (5)
[13:56:43] attack: idle no_fleet_slots (used=1 max=1)
[13:56:43] research: blocked research_energy_technology (building_laboratory 0/1)
[2026-05-11 13:57:22] ==== loop 7/∞ | seed=680570410771701182 archetype=turbo personality=flotero focus=mil actions_per_loop=3 ====
[13:57:23] planet 37: building queue full (5)
[13:57:23] planet 37: building queue full (5)
[13:57:23] planet 37: building queue full (5)
[13:57:23] attack: idle no_fleet_slots (used=1 max=1)
[2026-05-11 13:58:03] ==== loop 8/∞ | seed=680570410771701182 archetype=turbo personality=flotero focus=mil actions_per_loop=3 ====
[13:58:04] planet 37: queued ship_solar_satellite +30
[13:58:04] planet 37: skipped duplicate ship_solar_satellite this loop
[13:58:04] planet 37: skipped duplicate ship_solar_satellite this loop
[13:58:04] attack: spy 1:3:6 probes=4 eta=1s
[13:58:04] research: blocked research_energy_technology (building_laboratory 0/1)
[2026-05-11 13:58:47] ==== loop 9/∞ | seed=680570410771701182 archetype=turbo personality=flotero focus=mil actions_per_loop=3 ====
[13:58:48] planet 37: queued ship_solar_satellite +30
[13:58:48] planet 37: skipped duplicate ship_solar_satellite this loop
[13:58:48] attack: intel 1:3:6 ships=108 defs=372 res=107318868
[13:58:48] attack: spy 1:4:6 probes=4 eta=1s
[13:58:48] research: blocked research_energy_technology (building_laboratory 0/1)
[2026-05-11 13:59:30] ==== loop 10/∞ | seed=680570410771701182 archetype=turbo personality=flotero focus=mil actions_per_loop=3 ====
[13:59:31] planet 37: queued ship_solar_satellite +30
[13:59:31] planet 37: skipped duplicate ship_solar_satellite this loop
[13:59:31] planet 37: skipped duplicate ship_solar_satellite this loop
[13:59:31] attack: intel 1:4:6 ships=144 defs=157 res=133324922
[13:59:31] attack: spy 1:2:1 probes=4 eta=1s
[13:59:31] research: blocked research_energy_technology (building_laboratory 0/1)
[2026-05-11 14:00:09] ==== loop 11/∞ | seed=680570410771701182 archetype=turbo personality=flotero focus=mil actions_per_loop=3 ====
[14:00:10] planet 37: queued ship_solar_satellite +30
[14:00:10] planet 37: skipped duplicate ship_solar_satellite this loop
[14:00:10] planet 37: skipped duplicate ship_solar_satellite this loop
[14:00:10] attack: intel 1:2:1 ships=0 defs=0 res=5822161870
[14:00:10] attack: spy 1:2:2 probes=4 eta=1s
[2026-05-11 14:00:46] ==== loop 12/∞ | seed=680570410771701182 archetype=turbo personality=flotero focus=mil actions_per_loop=3 ====
[14:00:48] planet 37: building queue full (5)
[14:00:48] planet 37: building queue full (5)
[14:00:48] planet 37: building queue full (5)
[14:00:48] attack: intel 1:2:2 ships=0 defs=0 res=5835209063
[14:00:48] attack: spy 1:2:4 probes=4 eta=1s
[2026-05-11 14:01:22] ==== loop 13/∞ | seed=680570410771701182 archetype=turbo personality=flotero focus=mil actions_per_loop=3 ====
[14:01:23] planet 37: building queue full (5)
[14:01:23] planet 37: building queue full (5)
[14:01:23] planet 37: building queue full (5)
[14:01:23] attack: intel 1:2:4 ships=0 defs=0 res=5833910727
[14:01:23] attack: idle no_fleet_slots (used=1 max=1)
[2026-05-11 14:01:59] ==== loop 14/∞ | seed=680570410771701182 archetype=turbo personality=flotero focus=mil actions_per_loop=3 ====
[14:02:01] planet 37: building queue full (5)
[14:02:01] planet 37: building queue full (5)
[14:02:01] planet 37: building queue full (5)
[14:02:01] attack: idle no_fleet_slots (used=1 max=1)
[14:02:01] research: blocked research_energy_technology (building_laboratory 0/1)
[2026-05-11 14:02:42] ==== loop 15/∞ | seed=680570410771701182 archetype=turbo personality=flotero focus=mil actions_per_loop=3 ====
[14:02:44] planet 37: building queue full (5)
[14:02:44] planet 37: building queue full (5)
[14:02:44] planet 37: building queue full (5)
[14:02:44] attack: idle no_fleet_slots (used=1 max=1)
[2026-05-11 14:03:23] ==== loop 16/∞ | seed=680570410771701182 archetype=turbo personality=flotero focus=mil actions_per_loop=3 ====
[14:03:24] planet 37: building queue full (5)
[14:03:24] planet 37: building queue full (5)
[14:03:24] planet 37: building queue full (5)
[14:03:24] attack: idle no_fleet_slots (used=1 max=1)
[14:03:24] research: blocked research_energy_technology (building_laboratory 0/1)
[2026-05-11 14:04:01] ==== loop 17/∞ | seed=680570410771701182 archetype=turbo personality=flotero focus=mil actions_per_loop=3 ====
[14:04:02] planet 37: building queue full (5)
[14:04:02] planet 37: building queue full (5)
[14:04:02] planet 37: building queue full (5)
[14:04:02] attack: idle no_fleet_slots (used=1 max=1)
[14:04:02] research: blocked research_energy_technology (building_laboratory 0/1)
[2026-05-11 14:04:41] ==== loop 18/∞ | seed=680570410771701182 archetype=turbo personality=flotero focus=mil actions_per_loop=3 ====
[14:04:42] planet 37: building queue full (5)
[14:04:42] planet 37: building queue full (5)
[14:04:42] planet 37: building queue full (5)
[14:04:42] attack: idle no_fleet_slots (used=1 max=1)
[2026-05-11 14:05:16] ==== loop 19/∞ | seed=680570410771701182 archetype=turbo personality=flotero focus=mil actions_per_loop=3 ====
[14:05:18] planet 37: building queue full (5)
[14:05:18] planet 37: building queue full (5)
[14:05:18] planet 37: building queue full (5)
[14:05:18] attack: idle no_fleet_slots (used=1 max=1)
[14:05:18] research: blocked research_energy_technology (building_laboratory 0/1)
[2026-05-11 14:05:55] ==== loop 20/∞ | seed=680570410771701182 archetype=turbo personality=flotero focus=mil actions_per_loop=3 ====
[14:05:57] planet 37: building queue full (5)
[14:05:57] planet 37: building queue full (5)
[14:05:57] planet 37: building queue full (5)
[14:05:57] attack: idle no_fleet_slots (used=1 max=1)
[14:05:57] research: blocked research_energy_technology (building_laboratory 0/1)
[2026-05-11 14:06:34] ==== loop 21/∞ | seed=680570410771701182 archetype=turbo personality=flotero focus=mil actions_per_loop=3 ====
[14:06:35] planet 37: building queue full (5)
[14:06:35] planet 37: building queue full (5)
[14:06:35] planet 37: building queue full (5)
[14:06:35] attack: idle no_fleet_slots (used=1 max=1)
[2026-05-11 14:07:09] ==== loop 22/∞ | seed=680570410771701182 archetype=turbo personality=flotero focus=mil actions_per_loop=3 ====
[14:07:11] planet 37: building queue full (5)
[14:07:11] planet 37: building queue full (5)
[14:07:11] planet 37: building queue full (5)
[14:07:11] attack: idle no_fleet_slots (used=1 max=1)
[14:07:11] research: blocked research_energy_technology (building_laboratory 0/1)
[2026-05-11 14:07:43] ==== loop 23/∞ | seed=680570410771701182 archetype=turbo personality=flotero focus=mil actions_per_loop=3 ====
[14:07:46] planet 37: building queue full (5)
[14:07:46] planet 37: building queue full (5)
[14:07:46] planet 37: building queue full (5)
[14:07:46] attack: idle no_fleet_slots (used=1 max=1)
[2026-05-11 14:08:24] ==== loop 24/∞ | seed=680570410771701182 archetype=turbo personality=flotero focus=mil actions_per_loop=3 ====
[14:08:26] planet 37: building queue full (5)
[14:08:26] planet 37: building queue full (5)
[14:08:26] planet 37: building queue full (5)
[14:08:26] attack: idle no_fleet_slots (used=1 max=1)
[14:08:26] research: blocked research_energy_technology (building_laboratory 0/1)
[2026-05-11 14:09:01] ==== loop 25/∞ | seed=680570410771701182 archetype=turbo personality=flotero focus=mil actions_per_loop=3 ====
[14:09:03] planet 37: building queue full (5)
[14:09:03] planet 37: building queue full (5)
[14:09:03] planet 37: building queue full (5)
[14:09:03] attack: idle no_fleet_slots (used=1 max=1)
[2026-05-11 14:09:37] ==== loop 26/∞ | seed=680570410771701182 archetype=turbo personality=flotero focus=mil actions_per_loop=3 ====
[14:09:38] planet 37: building queue full (5)
[14:09:38] planet 37: building queue full (5)
[14:09:38] attack: idle no_fleet_slots (used=1 max=1)
[14:09:38] research: blocked research_energy_technology (building_laboratory 0/1)
[2026-05-11 14:10:18] ==== loop 27/∞ | seed=680570410771701182 archetype=turbo personality=flotero focus=mil actions_per_loop=3 ====
[14:10:18] planet 37: queue busy, throttled building_hangar
[14:10:18] planet 37: queue busy, throttled building_hangar
[14:10:18] planet 37: queue busy, throttled building_hangar
[14:10:18] attack: idle no_fleet_slots (used=1 max=1)
[14:10:18] research: blocked research_energy_technology (building_laboratory 0/1)
[2026-05-11 14:10:58] ==== loop 28/∞ | seed=680570410771701182 archetype=turbo personality=flotero focus=mil actions_per_loop=3 ====
[14:10:58] planet 37: queue busy, throttled building_hangar
[14:10:58] planet 37: queue busy, throttled building_hangar
[14:10:58] planet 37: queue busy, throttled building_hangar
[14:10:58] attack: idle no_fleet_slots (used=1 max=1)
[2026-05-11 14:11:42] ==== loop 29/∞ | seed=680570410771701182 archetype=turbo personality=flotero focus=mil actions_per_loop=3 ====
[14:11:42] planet 37: queue busy, throttled building_hangar
[14:11:42] planet 37: queue busy, throttled building_hangar
[14:11:42] planet 37: queue busy, throttled building_hangar
[14:11:42] attack: idle no_fleet_slots (used=1 max=1)
[2026-05-11 14:12:21] ==== loop 30/∞ | seed=680570410771701182 archetype=turbo personality=flotero focus=mil actions_per_loop=3 ====
[14:12:21] planet 37: queue busy, throttled building_hangar
[14:12:21] planet 37: queue busy, throttled building_hangar
[14:12:21] planet 37: queue busy, throttled building_hangar
[14:12:21] attack: idle no_fleet_slots (used=1 max=1)
[14:12:21] research: blocked research_energy_technology (building_laboratory 0/1)
[2026-05-11 14:13:01] ==== loop 31/∞ | seed=680570410771701182 archetype=turbo personality=flotero focus=mil actions_per_loop=3 ====
[14:13:02] planet 37: queue busy, throttled building_hangar
[14:13:02] planet 37: queue busy, throttled building_hangar
[14:13:02] planet 37: queue busy, throttled building_hangar
[14:13:02] attack: idle no_fleet_slots (used=1 max=1)
[14:13:02] research: blocked research_energy_technology (building_laboratory 0/1)
[2026-05-11 14:13:43] ==== loop 32/∞ | seed=680570410771701182 archetype=turbo personality=flotero focus=mil actions_per_loop=3 ====
[14:13:43] planet 37: queue busy, throttled building_hangar
[14:13:43] planet 37: queue busy, throttled building_hangar
[14:13:43] planet 37: queue busy, throttled building_hangar
[14:13:43] attack: idle no_fleet_slots (used=1 max=1)
[2026-05-11 14:14:25] ==== loop 33/∞ | seed=680570410771701182 archetype=turbo personality=flotero focus=mil actions_per_loop=3 ====
[14:14:25] planet 37: queue busy, throttled building_hangar
[14:14:25] planet 37: queue busy, throttled building_hangar
[14:14:25] planet 37: queue busy, throttled building_hangar
[14:14:25] attack: idle no_fleet_slots (used=1 max=1)
[14:14:25] research: blocked research_energy_technology (building_laboratory 0/1)
[2026-05-11 14:15:05] ==== loop 34/∞ | seed=680570410771701182 archetype=turbo personality=flotero focus=mil actions_per_loop=3 ====
[14:15:05] planet 37: queued ship_solar_satellite +30
[14:15:05] planet 37: skipped duplicate ship_solar_satellite this loop
[14:15:05] attack: idle no_fleet_slots (used=1 max=1)
[2026-05-11 14:15:50] ==== loop 35/∞ | seed=680570410771701182 archetype=turbo personality=flotero focus=mil actions_per_loop=3 ====
[14:15:51] planet 37: queued ship_solar_satellite +30
[14:15:51] planet 37: skipped duplicate ship_solar_satellite this loop
[14:15:51] planet 37: skipped duplicate ship_solar_satellite this loop
[14:15:51] attack: idle no_fleet_slots (used=1 max=1)
[14:15:51] research: blocked research_energy_technology (building_laboratory 0/1)
[2026-05-11 14:16:33] ==== loop 36/∞ | seed=680570410771701182 archetype=turbo personality=flotero focus=mil actions_per_loop=3 ====
[14:16:33] planet 37: queued ship_solar_satellite +24
[14:16:33] planet 37: queue busy, throttled building_hangar
[14:16:33] planet 37: queue busy, throttled building_hangar
[14:16:33] attack: idle no_fleet_slots (used=1 max=1)
[2026-05-11 14:17:12] ==== loop 37/∞ | seed=680570410771701182 archetype=turbo personality=flotero focus=mil actions_per_loop=3 ====
[14:17:12] planet 37: queue busy, throttled building_hangar
[14:17:12] planet 37: queue busy, throttled building_hangar
[14:17:12] planet 37: queue busy, throttled building_hangar
[14:17:12] attack: idle no_fleet_slots (used=1 max=1)
[14:17:12] research: blocked research_energy_technology (building_laboratory 0/1)
[2026-05-11 14:17:51] ==== loop 38/∞ | seed=680570410771701182 archetype=turbo personality=flotero focus=mil actions_per_loop=3 ====
[14:17:51] planet 37: queue busy, throttled building_hangar
[14:17:51] planet 37: queue busy, throttled building_hangar
[14:17:51] planet 37: queue busy, throttled building_hangar
[14:17:51] attack: idle no_fleet_slots (used=1 max=1)
[2026-05-11 14:18:30] ==== loop 39/∞ | seed=680570410771701182 archetype=turbo personality=flotero focus=mil actions_per_loop=3 ====
[14:18:30] planet 37: queue busy, throttled building_hangar
[14:18:30] planet 37: queue busy, throttled building_hangar
[14:18:30] planet 37: queue busy, throttled building_hangar
[14:18:30] attack: idle no_fleet_slots (used=1 max=1)
[2026-05-11 14:19:09] ==== loop 40/∞ | seed=680570410771701182 archetype=turbo personality=flotero focus=mil actions_per_loop=3 ====
[14:19:09] planet 37: queue busy, throttled building_hangar
[14:19:09] planet 37: queue busy, throttled building_hangar
[14:19:09] planet 37: queue busy, throttled building_hangar
[14:19:09] attack: idle no_fleet_slots (used=1 max=1)
[2026-05-11 14:19:49] ==== loop 41/∞ | seed=680570410771701182 archetype=turbo personality=flotero focus=mil actions_per_loop=3 ====
[14:19:49] planet 37: queue busy, throttled building_hangar
[14:19:49] planet 37: queue busy, throttled building_hangar
[14:19:49] planet 37: queue busy, throttled building_hangar
[14:19:49] attack: idle no_fleet_slots (used=1 max=1)
[14:19:49] research: blocked research_energy_technology (building_laboratory 0/1)
[2026-05-11 14:20:19] ==== loop 42/∞ | seed=680570410771701182 archetype=turbo personality=flotero focus=mil actions_per_loop=3 ====
[14:20:20] planet 37: queued ship_cruiser +5
[14:20:20] planet 37: skipped duplicate ship_cruiser this loop
[14:20:20] attack: idle no_fleet_slots (used=1 max=1)
[14:20:20] research: blocked research_energy_technology (building_laboratory 0/1)
[2026-05-11 14:20:58] ==== loop 43/∞ | seed=680570410771701182 archetype=turbo personality=flotero focus=mil actions_per_loop=3 ====
[14:20:58] planet 37: queued ship_cruiser +5
[14:20:58] planet 37: skipped duplicate ship_cruiser this loop
[14:20:58] planet 37: skipped duplicate ship_cruiser this loop
[14:20:58] attack: idle no_fleet_slots (used=1 max=1)
[2026-05-11 14:21:34] ==== loop 44/∞ | seed=680570410771701182 archetype=turbo personality=flotero focus=mil actions_per_loop=3 ====
[14:21:35] planet 37: queued ship_solar_satellite +30
[14:21:35] planet 37: skipped duplicate ship_solar_satellite this loop
[14:21:35] planet 37: skipped duplicate ship_solar_satellite this loop
[14:21:35] attack: spy 1:4:6 probes=4 eta=1s
[2026-05-11 14:22:13] ==== loop 45/∞ | seed=680570410771701182 archetype=turbo personality=flotero focus=mil actions_per_loop=3 ====
[14:22:13] planet 37: queued ship_solar_satellite +30
[14:22:13] planet 37: skipped duplicate ship_solar_satellite this loop
[14:22:13] planet 37: skipped duplicate ship_solar_satellite this loop
[14:22:13] attack: intel 1:4:6 ships=96 defs=157 res=134464718
[14:22:13] attack: idle no_fleet_slots (used=1 max=1)
[14:22:13] research: blocked research_energy_technology (building_laboratory 0/1)
[2026-05-11 14:22:48] ==== loop 46/∞ | seed=680570410771701182 archetype=turbo personality=flotero focus=mil actions_per_loop=3 ====
[14:22:49] planet 37: queued ship_solar_satellite +4
[14:22:49] planet 37: queued ship_cruiser +5
[14:22:49] planet 37: skipped duplicate ship_cruiser this loop
[14:22:49] attack: idle no_fleet_slots (used=1 max=1)
[2026-05-11 14:23:21] ==== loop 47/∞ | seed=680570410771701182 archetype=turbo personality=flotero focus=mil actions_per_loop=3 ====
[14:23:21] planet 37: queued ship_solar_satellite +30
[14:23:21] planet 37: skipped duplicate ship_solar_satellite this loop
[14:23:21] planet 37: skipped duplicate ship_solar_satellite this loop
[2026-05-11 14:23:53] ==== loop 48/∞ | seed=680570410771701182 archetype=turbo personality=flotero focus=mil actions_per_loop=3 ====
[14:23:53] planet 37: queued ship_solar_satellite +30
[14:23:53] planet 37: skipped duplicate ship_solar_satellite this loop
[14:23:53] planet 37: skipped duplicate ship_solar_satellite this loop
[14:23:53] research: blocked research_energy_technology (building_laboratory 0/1)
[2026-05-11 14:24:24] ==== loop 49/∞ | seed=680570410771701182 archetype=turbo personality=flotero focus=mil actions_per_loop=3 ====
[14:24:26] planet 37: queued ship_solar_satellite +30
[14:24:26] planet 37: queued ship_cruiser +5
[2026-05-11 14:24:59] ==== loop 50/∞ | seed=680570410771701182 archetype=turbo personality=flotero focus=mil actions_per_loop=3 ====
[14:25:00] planet 37: queued ship_cruiser +5
[14:25:00] planet 37: skipped duplicate ship_cruiser this loop
[14:25:00] planet 37: skipped duplicate ship_cruiser this loop
[14:25:00] research: blocked research_energy_technology (building_laboratory 0/1)
[2026-05-11 14:25:31] ==== loop 51/∞ | seed=680570410771701182 archetype=turbo personality=flotero focus=mil actions_per_loop=3 ====
[14:25:32] planet 37: queued ship_cruiser +5
[14:25:32] planet 37: skipped duplicate ship_cruiser this loop
[14:25:32] planet 37: skipped duplicate ship_cruiser this loop
[2026-05-11 14:26:04] ==== loop 52/∞ | seed=680570410771701182 archetype=turbo personality=flotero focus=mil actions_per_loop=3 ====
[14:26:05] planet 37: queued ship_solar_satellite +30
[14:26:05] planet 37: skipped duplicate ship_solar_satellite this loop
[14:26:05] planet 37: skipped duplicate ship_solar_satellite this loop
[2026-05-11 14:26:39] ==== loop 53/∞ | seed=680570410771701182 archetype=turbo personality=flotero focus=mil actions_per_loop=3 ====
[14:26:40] planet 37: queued ship_solar_satellite +30
[14:26:40] planet 37: skipped duplicate ship_solar_satellite this loop
[14:26:40] planet 37: skipped duplicate ship_solar_satellite this loop
[14:26:40] research: blocked research_energy_technology (building_laboratory 0/1)
[2026-05-11 14:27:12] ==== loop 54/∞ | seed=680570410771701182 archetype=turbo personality=flotero focus=mil actions_per_loop=3 ====
[14:27:13] planet 37: queued ship_solar_satellite +30
[14:27:13] planet 37: skipped duplicate ship_solar_satellite this loop
[14:27:13] planet 37: skipped duplicate ship_solar_satellite this loop
[2026-05-11 14:27:47] ==== loop 55/∞ | seed=680570410771701182 archetype=turbo personality=flotero focus=mil actions_per_loop=3 ====
[14:27:49] planet 37: queued ship_solar_satellite +4
[14:27:49] planet 37: queued ship_cruiser +5
[14:27:49] planet 37: skipped duplicate ship_cruiser this loop
[14:27:49] research: blocked research_energy_technology (building_laboratory 0/1)
[2026-05-11 14:28:25] ==== loop 56/∞ | seed=680570410771701182 archetype=turbo personality=flotero focus=mil actions_per_loop=3 ====
[14:28:26] planet 37: queued ship_cruiser +5
[14:28:26] planet 37: skipped duplicate ship_cruiser this loop
[14:28:26] planet 37: skipped duplicate ship_cruiser this loop
[2026-05-11 14:28:59] ==== loop 57/∞ | seed=680570410771701182 archetype=turbo personality=flotero focus=mil actions_per_loop=3 ====
[14:28:59] planet 37: queued ship_cruiser +5
[14:28:59] planet 37: skipped duplicate ship_cruiser this loop
[14:28:59] planet 37: skipped duplicate ship_cruiser this loop
[14:28:59] research: blocked research_energy_technology (building_laboratory 0/1)
[2026-05-11 14:29:32] ==== loop 58/∞ | seed=680570410771701182 archetype=turbo personality=flotero focus=mil actions_per_loop=3 ====
[14:29:33] planet 37: queued ship_cruiser +5
[14:29:33] planet 37: skipped duplicate ship_cruiser this loop
[14:29:33] research: blocked research_energy_technology (building_laboratory 0/1)
[2026-05-11 14:30:06] ==== loop 59/∞ | seed=680570410771701182 archetype=turbo personality=flotero focus=mil actions_per_loop=3 ====
[14:30:07] planet 37: queued building_deuterium_sintetizer to 16
[2026-05-11 14:30:46] ==== loop 60/∞ | seed=680570410771701182 archetype=turbo personality=flotero focus=mil actions_per_loop=3 ====
[14:30:49] planet 37: building queue full (5)
[14:30:49] planet 37: building queue full (5)
[14:30:49] planet 37: building queue full (5)
[2026-05-11 14:31:29] ==== loop 61/∞ | seed=680570410771701182 archetype=turbo personality=flotero focus=mil actions_per_loop=3 ====
[14:31:30] planet 37: building queue full (5)
[14:31:30] planet 37: building queue full (5)
[14:31:30] planet 37: building queue full (5)
[14:31:30] research: blocked research_energy_technology (building_laboratory 0/1)
[2026-05-11 14:32:11] ==== loop 62/∞ | seed=680570410771701182 archetype=turbo personality=flotero focus=mil actions_per_loop=3 ====
[14:32:13] planet 37: building queue full (5)
[14:32:13] planet 37: building queue full (5)
[2026-05-11 14:32:55] ==== loop 63/∞ | seed=680570410771701182 archetype=turbo personality=flotero focus=mil actions_per_loop=3 ====
[14:32:55] planet 37: queued ship_solar_satellite +30
[14:32:55] planet 37: skipped duplicate ship_solar_satellite this loop
[14:32:55] planet 37: skipped duplicate ship_solar_satellite this loop
[14:32:55] research: blocked research_energy_technology (building_laboratory 0/1)
[2026-05-11 14:33:35] ==== loop 64/∞ | seed=680570410771701182 archetype=turbo personality=flotero focus=mil actions_per_loop=3 ====
[14:33:36] planet 37: queued ship_solar_satellite +30
[14:33:36] planet 37: skipped duplicate ship_solar_satellite this loop
[14:33:36] planet 37: skipped duplicate ship_solar_satellite this loop
[14:33:36] research: blocked research_energy_technology (building_laboratory 0/1)
[2026-05-11 14:34:16] ==== loop 65/∞ | seed=680570410771701182 archetype=turbo personality=flotero focus=mil actions_per_loop=3 ====
[14:34:17] planet 37: queued ship_solar_satellite +30
[14:34:17] planet 37: skipped duplicate ship_solar_satellite this loop
[14:34:17] planet 37: skipped duplicate ship_solar_satellite this loop
[2026-05-11 14:35:00] ==== loop 66/∞ | seed=680570410771701182 archetype=turbo personality=flotero focus=mil actions_per_loop=3 ====
[14:35:01] planet 37: queued ship_solar_satellite +30
[14:35:01] planet 37: skipped duplicate ship_solar_satellite this loop
[2026-05-11 14:35:38] ==== loop 67/∞ | seed=680570410771701182 archetype=turbo personality=flotero focus=mil actions_per_loop=3 ====
[14:35:39] planet 37: queued ship_solar_satellite +30
[14:35:39] planet 37: skipped duplicate ship_solar_satellite this loop
[14:35:39] planet 37: skipped duplicate ship_solar_satellite this loop
[2026-05-11 14:36:25] ==== loop 68/∞ | seed=680570410771701182 archetype=turbo personality=flotero focus=mil actions_per_loop=3 ====
[14:36:26] planet 37: queued ship_solar_satellite +30
[14:36:26] planet 37: skipped duplicate ship_solar_satellite this loop
[2026-05-11 14:37:04] ==== loop 69/∞ | seed=680570410771701182 archetype=turbo personality=flotero focus=mil actions_per_loop=3 ====
[14:37:04] planet 37: queued ship_solar_satellite +30
[14:37:04] planet 37: skipped duplicate ship_solar_satellite this loop
[14:37:04] planet 37: skipped duplicate ship_solar_satellite this loop
[2026-05-11 14:37:46] ==== loop 70/∞ | seed=680570410771701182 archetype=turbo personality=flotero focus=mil actions_per_loop=3 ====
[14:37:47] planet 37: queued ship_solar_satellite +9
[14:37:47] planet 37: building queue full (5)
[2026-05-11 14:38:30] ==== loop 71/∞ | seed=680570410771701182 archetype=turbo personality=flotero focus=mil actions_per_loop=3 ====
[14:38:31] planet 37: queued ship_solar_satellite +30
[14:38:31] planet 37: skipped duplicate ship_solar_satellite this loop
[14:38:31] planet 37: skipped duplicate ship_solar_satellite this loop
[2026-05-11 14:39:15] ==== loop 72/∞ | seed=680570410771701182 archetype=turbo personality=flotero focus=mil actions_per_loop=3 ====
[14:39:15] planet 37: queued ship_solar_satellite +30
[14:39:15] planet 37: skipped duplicate ship_solar_satellite this loop
[14:39:15] planet 37: skipped duplicate ship_solar_satellite this loop
[14:39:15] research: blocked research_energy_technology (building_laboratory 0/1)
[2026-05-11 14:39:56] ==== loop 73/∞ | seed=680570410771701182 archetype=turbo personality=flotero focus=mil actions_per_loop=3 ====
[14:39:59] planet 37: queued ship_solar_satellite +4
[14:39:59] planet 37: building queue full (5)
[14:39:59] planet 37: building queue full (5)
[2026-05-11 14:40:42] ==== loop 1/1 | seed=680570410771701182 archetype=turbo personality=flotero focus=mil actions_per_loop=3 ====
[2026-05-11 14:40:43] ==== loop 74/∞ | seed=680570410771701182 archetype=turbo personality=flotero focus=mil actions_per_loop=3 ====
[14:40:43] planet 37: queued ship_solar_satellite +30
[14:40:43] planet 37: skipped duplicate ship_solar_satellite this loop
[14:40:43] planet 37: skipped duplicate ship_solar_satellite this loop
[14:40:43] planet 37: queued ship_solar_satellite +30
[14:40:43] planet 37: skipped duplicate ship_solar_satellite this loop
[14:40:43] planet 37: skipped duplicate ship_solar_satellite this loop
[14:40:43] research: blocked research_energy_technology (building_laboratory 0/1)
[2026-05-11 14:41:28] ==== loop 75/∞ | seed=680570410771701182 archetype=turbo personality=flotero focus=mil actions_per_loop=3 ====
[14:41:30] planet 37: queued ship_solar_satellite +30
[14:41:30] planet 37: building queue full (5)
[14:41:30] planet 37: building queue full (5)
[2026-05-11 14:42:14] ==== loop 76/∞ | seed=680570410771701182 archetype=turbo personality=flotero focus=mil actions_per_loop=3 ====
[14:42:15] planet 37: building queue full (5)
[14:42:15] planet 37: building queue full (5)
[14:42:15] planet 37: building queue full (5)
[2026-05-11 14:42:58] ==== loop 77/∞ | seed=680570410771701182 archetype=turbo personality=flotero focus=mil actions_per_loop=3 ====
[14:43:00] planet 37: building queue full (5)
[14:43:00] planet 37: building queue full (5)
[14:43:00] planet 37: building queue full (5)
[14:43:00] research: blocked research_energy_technology (building_laboratory 0/1)
[2026-05-11 14:43:41] ==== loop 78/∞ | seed=680570410771701182 archetype=turbo personality=flotero focus=mil actions_per_loop=3 ====
[14:43:42] planet 37: queued ship_solar_satellite +30
[14:43:42] planet 37: skipped duplicate ship_solar_satellite this loop
[2026-05-11 14:44:17] ==== loop 79/∞ | seed=680570410771701182 archetype=turbo personality=flotero focus=mil actions_per_loop=3 ====
[14:44:17] planet 37: queued ship_solar_satellite +30
[14:44:17] planet 37: skipped duplicate ship_solar_satellite this loop
[14:44:17] planet 37: skipped duplicate ship_solar_satellite this loop
[14:44:17] research: blocked research_energy_technology (building_laboratory 0/1)
[2026-05-11 14:44:58] ==== loop 80/∞ | seed=680570410771701182 archetype=turbo personality=flotero focus=mil actions_per_loop=3 ====
[14:45:00] planet 37: queued ship_solar_satellite +4
[14:45:00] planet 37: building queue full (5)
[14:45:00] planet 37: building queue full (5)
[14:45:00] research: blocked research_energy_technology (building_laboratory 0/1)
