[2026-05-13 10:11:32] ==== loop 1/∞ | seed=819596940460494666 archetype=balanced personality=tecnologico focus=tech actions_per_loop=4 ====
[10:11:34] planet 27: queued ship_solar_satellite +5
[10:11:34] planet 83: queued building_crystal_mine to 11
[10:11:34] planet 84: queued building_crystal_mine to 15
[10:11:34] planet 90: queue busy, throttled building_robot_factory
[10:11:34] planet 27: skipped duplicate ship_solar_satellite this loop
[2026-05-13 10:12:09] ==== loop 2/∞ | seed=819596940460494666 archetype=balanced personality=tecnologico focus=tech actions_per_loop=4 ====
[10:12:12] planet 27: queued ship_solar_satellite +5
[10:12:12] planet 84: building queue full (5)
[10:12:12] planet 83: queued building_crystal_mine to 12
[10:12:12] planet 90: queue busy, throttled building_robot_factory
[10:12:12] planet 27: skipped duplicate ship_solar_satellite this loop
[10:12:12] planet 84: building queue full (5)
[2026-05-13 10:12:48] ==== loop 3/∞ | seed=819596940460494666 archetype=balanced personality=tecnologico focus=tech actions_per_loop=4 ====
[10:12:52] planet 27: queued ship_solar_satellite +5
[10:12:52] planet 84: queued ship_solar_satellite +2
[10:12:52] planet 83: building queue full (5)
[10:12:52] planet 90: queue busy, throttled building_robot_factory
[10:12:52] planet 27: skipped duplicate ship_solar_satellite this loop
[10:12:52] planet 84: queued building_crystal_mine to 16
[10:12:52] planet 83: building queue full (5)
[10:12:52] research: blocked research_intergalactic_research_network (research_hyperspace_technology 6/8)
[2026-05-13 10:13:30] ==== loop 4/∞ | seed=819596940460494666 archetype=balanced personality=tecnologico focus=tech actions_per_loop=4 ====
[10:13:32] planet 27: queued ship_solar_satellite +5
[10:13:32] planet 84: building queue full (5)
[10:13:32] planet 83: queued building_crystal_mine to 13
[10:13:32] planet 90: queue busy, throttled building_robot_factory
[10:13:32] planet 27: skipped duplicate ship_solar_satellite this loop
[10:13:32] planet 84: building queue full (5)
[2026-05-13 10:14:07] ==== loop 5/∞ | seed=819596940460494666 archetype=balanced personality=tecnologico focus=tech actions_per_loop=4 ====
[10:14:11] planet 27: queued ship_solar_satellite +5
[10:14:11] planet 84: building queue full (5)
[10:14:11] planet 83: building queue full (5)
[10:14:11] planet 90: queue busy, throttled building_robot_factory
[10:14:11] planet 27: skipped duplicate ship_solar_satellite this loop
[10:14:11] planet 84: building queue full (5)
[10:14:11] planet 83: building queue full (5)
[10:14:11] research: blocked research_intergalactic_research_network (research_hyperspace_technology 6/8)
[2026-05-13 10:14:50] ==== loop 6/∞ | seed=819596940460494666 archetype=balanced personality=tecnologico focus=tech actions_per_loop=4 ====
[10:14:53] planet 27: queued ship_solar_satellite +5
[10:14:53] planet 84: queued ship_solar_satellite +4
[10:14:53] planet 83: building queue full (5)
[10:14:53] planet 90: queue busy, throttled building_robot_factory
[10:14:53] planet 27: skipped duplicate ship_solar_satellite this loop
[10:14:53] planet 84: queued building_crystal_mine to 17
[10:14:53] planet 83: building queue full (5)
[10:14:53] research: blocked research_intergalactic_research_network (research_hyperspace_technology 6/8)
[2026-05-13 10:15:30] ==== loop 7/∞ | seed=819596940460494666 archetype=balanced personality=tecnologico focus=tech actions_per_loop=4 ====
[10:15:34] planet 27: queued ship_solar_satellite +5
[10:15:34] planet 84: building queue full (5)
[10:15:34] planet 83: queued ship_solar_satellite +2
[10:15:34] planet 90: queue busy, throttled building_robot_factory
[10:15:34] planet 27: skipped duplicate ship_solar_satellite this loop
[10:15:34] planet 84: building queue full (5)
[10:15:34] planet 83: queued building_crystal_mine to 14
[10:15:34] research: blocked research_intergalactic_research_network (research_hyperspace_technology 6/8)
[2026-05-13 10:16:15] ==== loop 8/∞ | seed=819596940460494666 archetype=balanced personality=tecnologico focus=tech actions_per_loop=4 ====
[10:16:19] planet 27: queued ship_solar_satellite +5
[10:16:19] planet 84: building queue full (5)
[10:16:19] planet 83: building queue full (5)
[10:16:19] planet 90: queue busy, throttled building_robot_factory
[10:16:19] planet 27: skipped duplicate ship_solar_satellite this loop
[10:16:19] planet 84: building queue full (5)
[10:16:19] planet 83: building queue full (5)
[10:16:19] research: blocked research_intergalactic_research_network (research_hyperspace_technology 6/8)
[2026-05-13 10:16:57] ==== loop 9/∞ | seed=819596940460494666 archetype=balanced personality=tecnologico focus=tech actions_per_loop=4 ====
[10:17:02] planet 27: queued ship_solar_satellite +5
[10:17:02] planet 84: building queue full (5)
[10:17:02] planet 83: building queue full (5)
[10:17:02] planet 90: queue busy, throttled building_robot_factory
[10:17:02] planet 27: skipped duplicate ship_solar_satellite this loop
[10:17:02] planet 84: building queue full (5)
[10:17:02] planet 83: building queue full (5)
[2026-05-13 10:17:43] ==== loop 10/∞ | seed=819596940460494666 archetype=balanced personality=tecnologico focus=tech actions_per_loop=4 ====
[10:17:45] planet 27: queued ship_solar_satellite +5
[10:17:45] planet 84: queued ship_solar_satellite +4
[10:17:45] planet 83: building queue full (5)
[10:17:45] planet 90: queue busy, throttled building_robot_factory
[10:17:45] planet 27: skipped duplicate ship_solar_satellite this loop
[10:17:45] planet 84: queued building_crystal_mine to 18
[10:17:45] planet 83: building queue full (5)
[10:17:45] research: blocked research_intergalactic_research_network (research_hyperspace_technology 6/8)
[2026-05-13 10:18:26] ==== loop 11/∞ | seed=819596940460494666 archetype=balanced personality=tecnologico focus=tech actions_per_loop=4 ====
[10:18:31] planet 27: queued ship_solar_satellite +5
[10:18:31] planet 84: building queue full (5)
[10:18:31] planet 83: queued ship_solar_satellite +3
[10:18:31] planet 90: queue busy, throttled building_robot_factory
[10:18:31] planet 27: skipped duplicate ship_solar_satellite this loop
[10:18:31] planet 84: building queue full (5)
[10:18:31] planet 83: queued building_crystal_mine to 15
[10:18:31] research: blocked research_intergalactic_research_network (research_hyperspace_technology 6/8)
[2026-05-13 10:19:14] ==== loop 12/∞ | seed=819596940460494666 archetype=balanced personality=tecnologico focus=tech actions_per_loop=4 ====
[10:19:18] planet 27: queued ship_solar_satellite +5
[10:19:18] planet 84: building queue full (5)
[10:19:18] planet 83: building queue full (5)
[10:19:18] planet 90: queue busy, throttled building_robot_factory
[10:19:18] planet 27: skipped duplicate ship_solar_satellite this loop
[10:19:18] planet 84: building queue full (5)
[10:19:18] planet 83: building queue full (5)
[10:19:18] research: blocked research_intergalactic_research_network (research_hyperspace_technology 6/8)
[2026-05-13 10:20:02] ==== loop 13/∞ | seed=819596940460494666 archetype=balanced personality=tecnologico focus=tech actions_per_loop=4 ====
[10:20:04] planet 27: queued ship_solar_satellite +5
[10:20:04] planet 84: queued building_solar_plant to 17
[10:20:04] planet 83: queued building_hangar to 7
[10:20:04] planet 90: queue busy, throttled building_robot_factory
[10:20:04] planet 27: skipped duplicate ship_solar_satellite this loop
[2026-05-13 10:20:39] ==== loop 14/∞ | seed=819596940460494666 archetype=balanced personality=tecnologico focus=tech actions_per_loop=4 ====
[10:20:42] planet 27: queued ship_solar_satellite +5
[10:20:42] planet 84: building queue full (5)
[10:20:42] planet 83: queued building_crystal_store to 5
[10:20:42] planet 90: queue busy, throttled building_robot_factory
[10:20:42] planet 27: skipped duplicate ship_solar_satellite this loop
[10:20:42] planet 84: building queue full (5)
[2026-05-13 10:21:27] ==== loop 15/∞ | seed=819596940460494666 archetype=balanced personality=tecnologico focus=tech actions_per_loop=4 ====
[10:21:30] planet 27: queued ship_solar_satellite +5
[10:21:30] planet 84: queued ship_solar_satellite +5
[10:21:30] planet 83: building queue full (5)
[10:21:30] planet 90: queue busy, throttled building_robot_factory
[10:21:30] planet 27: skipped duplicate ship_solar_satellite this loop
[10:21:30] planet 84: building queue full (5)
[10:21:30] planet 83: building queue full (5)
[10:21:30] research: blocked research_intergalactic_research_network (research_hyperspace_technology 6/8)
[2026-05-13 10:22:10] ==== loop 16/∞ | seed=819596940460494666 archetype=balanced personality=tecnologico focus=tech actions_per_loop=4 ====
[10:22:14] planet 27: queued ship_solar_satellite +5
[10:22:14] planet 84: building queue full (5)
[10:22:14] planet 83: building queue full (5)
[10:22:14] planet 90: queue busy, throttled building_robot_factory
[10:22:14] planet 27: skipped duplicate ship_solar_satellite this loop
[10:22:14] planet 84: building queue full (5)
[10:22:14] planet 83: building queue full (5)
[10:22:14] research: blocked research_intergalactic_research_network (research_hyperspace_technology 6/8)
[2026-05-13 10:22:59] ==== loop 17/∞ | seed=819596940460494666 archetype=balanced personality=tecnologico focus=tech actions_per_loop=4 ====
[10:23:01] planet 27: queued ship_solar_satellite +5
[10:23:01] planet 84: queued building_deuterium_tank to 7
[10:23:01] planet 83: queued building_solar_plant to 14
[10:23:01] planet 90: queue busy, throttled building_robot_factory
[10:23:01] planet 27: skipped duplicate ship_solar_satellite this loop
[10:23:01] research: blocked research_intergalactic_research_network (research_hyperspace_technology 6/8)
[2026-05-13 10:23:44] ==== loop 18/∞ | seed=819596940460494666 archetype=balanced personality=tecnologico focus=tech actions_per_loop=4 ====
[10:23:46] planet 27: queued ship_solar_satellite +5
[10:23:46] planet 84: building queue full (5)
[10:23:46] planet 83: building queue full (5)
[10:23:46] planet 90: queue busy, throttled building_robot_factory
[10:23:46] planet 27: skipped duplicate ship_solar_satellite this loop
[10:23:46] planet 84: building queue full (5)
[10:23:46] research: blocked research_intergalactic_research_network (research_hyperspace_technology 6/8)
[2026-05-13 10:24:31] ==== loop 19/∞ | seed=819596940460494666 archetype=balanced personality=tecnologico focus=tech actions_per_loop=4 ====
[10:24:35] planet 27: queued ship_solar_satellite +5
[10:24:35] planet 84: building queue full (5)
[10:24:35] planet 83: building queue full (5)
[10:24:35] planet 90: queue busy, throttled building_robot_factory
[10:24:35] planet 27: skipped duplicate ship_solar_satellite this loop
[10:24:35] planet 84: building queue full (5)
[10:24:35] planet 83: building queue full (5)
[10:24:35] research: blocked research_intergalactic_research_network (research_hyperspace_technology 6/8)
[2026-05-13 10:25:21] ==== loop 20/∞ | seed=819596940460494666 archetype=balanced personality=tecnologico focus=tech actions_per_loop=4 ====
[10:25:25] planet 27: queued ship_solar_satellite +3
[10:25:25] planet 84: queued building_deuterium_tank to 8
[10:25:25] planet 83: queued ship_solar_satellite +4
[10:25:25] planet 90: queue busy, throttled building_robot_factory
[10:25:25] planet 27: queued building_crystal_store to 19
[10:25:25] planet 83: queued building_laboratory to 10
[10:25:25] research: blocked research_intergalactic_research_network (research_hyperspace_technology 6/8)
[2026-05-13 10:26:06] ==== loop 21/∞ | seed=819596940460494666 archetype=balanced personality=tecnologico focus=tech actions_per_loop=4 ====
[10:26:09] planet 27: no resources for building_crystal_store+1
[10:26:09] planet 84: building queue full (5)
[10:26:09] planet 83: queue busy, throttled building_laboratory
[10:26:09] planet 90: queue busy, throttled building_robot_factory
[10:26:09] planet 84: building queue full (5)
[10:26:09] planet 83: queue busy, throttled building_laboratory
[2026-05-13 10:26:54] ==== loop 22/∞ | seed=819596940460494666 archetype=balanced personality=tecnologico focus=tech actions_per_loop=4 ====
[10:26:57] planet 27: no resources for building_crystal_store+1
[10:26:57] planet 84: building queue full (5)
[10:26:57] planet 83: building queue full (5)
[10:26:57] planet 90: queue busy, throttled building_robot_factory
[10:26:57] planet 84: building queue full (5)
[10:26:57] planet 83: building queue full (5)
[10:26:57] research: blocked research_intergalactic_research_network (research_hyperspace_technology 6/8)
[2026-05-13 10:27:37] ==== loop 23/∞ | seed=819596940460494666 archetype=balanced personality=tecnologico focus=tech actions_per_loop=4 ====
[10:27:41] planet 27: no resources for building_crystal_store+1
[10:27:41] planet 84: building queue full (5)
[10:27:41] planet 83: building queue full (5)
[10:27:41] planet 90: queue busy, throttled building_robot_factory
[10:27:41] planet 84: building queue full (5)
[10:27:41] planet 83: building queue full (5)
[2026-05-13 10:28:24] ==== loop 24/∞ | seed=819596940460494666 archetype=balanced personality=tecnologico focus=tech actions_per_loop=4 ====
[10:28:27] planet 27: no resources for building_crystal_store+1
[10:28:27] planet 84: building queue full (5)
[10:28:27] planet 83: building queue full (5)
[10:28:27] planet 90: queue busy, throttled building_robot_factory
[10:28:27] planet 84: building queue full (5)
[10:28:27] planet 83: building queue full (5)
[10:28:27] research: blocked research_intergalactic_research_network (research_hyperspace_technology 6/8)
[2026-05-13 10:29:12] ==== loop 25/∞ | seed=819596940460494666 archetype=balanced personality=tecnologico focus=tech actions_per_loop=4 ====
[10:29:16] planet 27: no resources for building_crystal_store+1
[10:29:16] planet 84: building queue full (5)
[10:29:16] planet 83: building queue full (5)
[10:29:16] planet 90: queue busy, throttled building_robot_factory
[10:29:16] planet 84: building queue full (5)
[10:29:16] planet 83: building queue full (5)
[10:29:16] research: blocked research_intergalactic_research_network (research_hyperspace_technology 6/8)
[2026-05-13 10:29:58] ==== loop 26/∞ | seed=819596940460494666 archetype=balanced personality=tecnologico focus=tech actions_per_loop=4 ====
[10:30:00] planet 27: no resources for building_crystal_store+1
[10:30:00] planet 84: queued building_deuterium_tank to 9
[10:30:00] planet 83: building queue full (5)
[10:30:00] planet 90: queue busy, throttled building_robot_factory
[10:30:00] planet 83: building queue full (5)
[2026-05-13 10:30:40] ==== loop 27/∞ | seed=819596940460494666 archetype=balanced personality=tecnologico focus=tech actions_per_loop=4 ====
[10:30:41] planet 27: queued ship_cruiser +5
[10:30:41] planet 84: queued building_hangar to 6
[10:30:41] planet 83: queued building_crystal_store to 6
[10:30:41] planet 90: queue busy, throttled building_robot_factory
[10:30:41] planet 27: skipped duplicate ship_cruiser this loop
[2026-05-13 10:31:21] ==== loop 28/∞ | seed=819596940460494666 archetype=balanced personality=tecnologico focus=tech actions_per_loop=4 ====
[10:31:23] planet 27: queued ship_cruiser +5
[10:31:23] planet 84: queued building_crystal_store to 10
[10:31:23] planet 83: building queue full (5)
[10:31:23] planet 90: queue busy, throttled building_robot_factory
[10:31:23] planet 27: skipped duplicate ship_cruiser this loop
[10:31:23] planet 83: building queue full (5)
[10:31:23] research: blocked research_intergalactic_research_network (research_hyperspace_technology 6/8)
[2026-05-13 10:32:02] ==== loop 29/∞ | seed=819596940460494666 archetype=balanced personality=tecnologico focus=tech actions_per_loop=4 ====
[10:32:05] planet 27: queued ship_cruiser +5
[10:32:05] planet 84: building queue full (5)
[10:32:05] planet 83: building queue full (5)
[10:32:05] planet 90: queue busy, throttled building_robot_factory
[10:32:05] planet 27: skipped duplicate ship_cruiser this loop
[10:32:05] planet 84: building queue full (5)
[10:32:05] planet 83: building queue full (5)
[10:32:05] research: blocked research_intergalactic_research_network (research_hyperspace_technology 6/8)
[2026-05-13 10:32:44] ==== loop 30/∞ | seed=819596940460494666 archetype=balanced personality=tecnologico focus=tech actions_per_loop=4 ====
[10:32:48] planet 27: queued ship_cruiser +5
[10:32:48] planet 84: building queue full (5)
[10:32:48] planet 83: building queue full (5)
[10:32:48] planet 90: queue busy, throttled building_robot_factory
[10:32:48] planet 27: skipped duplicate ship_cruiser this loop
[10:32:48] planet 84: building queue full (5)
[10:32:48] planet 83: building queue full (5)
[2026-05-13 10:33:29] ==== loop 31/∞ | seed=819596940460494666 archetype=balanced personality=tecnologico focus=tech actions_per_loop=4 ====
[10:33:34] planet 27: queued ship_cruiser +5
[10:33:34] planet 84: building queue full (5)
[10:33:34] planet 83: building queue full (5)
[10:33:34] planet 90: queue busy, throttled building_robot_factory
[10:33:34] planet 27: skipped duplicate ship_cruiser this loop
[10:33:34] planet 84: building queue full (5)
[10:33:34] planet 83: building queue full (5)
[10:33:34] research: blocked research_intergalactic_research_network (research_hyperspace_technology 6/8)
[2026-05-13 10:34:14] ==== loop 32/∞ | seed=819596940460494666 archetype=balanced personality=tecnologico focus=tech actions_per_loop=4 ====
[10:34:17] planet 27: queued ship_cruiser +5
[10:34:17] planet 84: building queue full (5)
[10:34:17] planet 83: building queue full (5)
[10:34:17] planet 90: queue busy, throttled building_robot_factory
[10:34:17] planet 27: skipped duplicate ship_cruiser this loop
[10:34:17] planet 84: building queue full (5)
[10:34:17] planet 83: building queue full (5)
[10:34:17] research: blocked research_intergalactic_research_network (research_hyperspace_technology 6/8)
[2026-05-13 10:34:58] ==== loop 33/∞ | seed=819596940460494666 archetype=balanced personality=tecnologico focus=tech actions_per_loop=4 ====
[10:35:00] planet 27: queued ship_cruiser +5
[10:35:00] planet 84: building queue full (5)
[10:35:00] planet 83: building queue full (5)
[10:35:00] planet 90: queue busy, throttled building_robot_factory
[10:35:00] planet 27: skipped duplicate ship_cruiser this loop
[10:35:00] planet 84: building queue full (5)
[10:35:00] planet 83: building queue full (5)
[10:35:00] research: blocked research_intergalactic_research_network (research_hyperspace_technology 6/8)
[2026-05-13 10:35:41] ==== loop 34/∞ | seed=819596940460494666 archetype=balanced personality=tecnologico focus=tech actions_per_loop=4 ====
[10:35:45] planet 27: queued ship_cruiser +5
[10:35:45] planet 84: building queue full (5)
[10:35:45] planet 83: building queue full (5)
[10:35:45] planet 90: queue busy, throttled building_robot_factory
[10:35:45] planet 27: skipped duplicate ship_cruiser this loop
[10:35:45] planet 84: building queue full (5)
[10:35:45] planet 83: building queue full (5)
[2026-05-13 10:36:27] ==== loop 35/∞ | seed=819596940460494666 archetype=balanced personality=tecnologico focus=tech actions_per_loop=4 ====
[10:36:29] planet 27: queued ship_cruiser +5
[10:36:29] planet 84: building queue full (5)
[10:36:29] planet 83: building queue full (5)
[10:36:29] planet 90: queue busy, throttled building_robot_factory
[10:36:29] planet 27: skipped duplicate ship_cruiser this loop
[10:36:29] planet 84: building queue full (5)
[10:36:29] planet 83: building queue full (5)
[10:36:29] research: blocked research_intergalactic_research_network (research_hyperspace_technology 6/8)
[2026-05-13 10:37:05] ==== loop 36/∞ | seed=819596940460494666 archetype=balanced personality=tecnologico focus=tech actions_per_loop=4 ====
[10:37:07] planet 27: queued ship_cruiser +5
[10:37:07] planet 84: building queue full (5)
[10:37:07] planet 83: building queue full (5)
[10:37:07] planet 90: queue busy, throttled building_robot_factory
[10:37:07] planet 27: skipped duplicate ship_cruiser this loop
[10:37:07] planet 84: building queue full (5)
[10:37:07] planet 83: building queue full (5)
[10:37:07] research: blocked research_intergalactic_research_network (research_hyperspace_technology 6/8)
[2026-05-13 10:37:42] ==== loop 37/∞ | seed=819596940460494666 archetype=balanced personality=tecnologico focus=tech actions_per_loop=4 ====
[10:37:46] planet 27: queued ship_cruiser +5
[10:37:46] planet 84: building queue full (5)
[10:37:46] planet 83: building queue full (5)
[10:37:46] planet 90: queue busy, throttled building_robot_factory
[10:37:46] planet 27: skipped duplicate ship_cruiser this loop
[10:37:46] planet 84: building queue full (5)
[10:37:46] planet 83: building queue full (5)
[10:37:46] research: blocked research_intergalactic_research_network (research_hyperspace_technology 6/8)
[2026-05-13 10:38:24] ==== loop 38/∞ | seed=819596940460494666 archetype=balanced personality=tecnologico focus=tech actions_per_loop=4 ====
[10:38:28] planet 27: queued ship_cruiser +5
[10:38:28] planet 84: building queue full (5)
[10:38:28] planet 83: building queue full (5)
[10:38:28] planet 90: queue busy, throttled building_robot_factory
[10:38:28] planet 27: skipped duplicate ship_cruiser this loop
[10:38:28] planet 84: building queue full (5)
[10:38:28] planet 83: building queue full (5)
[10:38:28] research: blocked research_intergalactic_research_network (research_hyperspace_technology 6/8)
[2026-05-13 10:39:07] ==== loop 39/∞ | seed=819596940460494666 archetype=balanced personality=tecnologico focus=tech actions_per_loop=4 ====
[10:39:10] planet 27: queued ship_cruiser +5
[10:39:10] planet 84: queued building_hangar to 7
[10:39:10] planet 83: building queue full (5)
[10:39:10] planet 90: queue busy, throttled building_robot_factory
[10:39:10] planet 27: skipped duplicate ship_cruiser this loop
[10:39:10] planet 83: building queue full (5)
[10:39:10] research: blocked research_intergalactic_research_network (research_hyperspace_technology 6/8)
[2026-05-13 10:39:51] ==== loop 40/∞ | seed=819596940460494666 archetype=balanced personality=tecnologico focus=tech actions_per_loop=4 ====
[10:39:53] planet 27: queued ship_cruiser +5
[10:39:53] planet 84: building queue full (5)
[10:39:53] planet 83: building queue full (5)
[10:39:53] planet 90: queue busy, throttled building_robot_factory
[10:39:53] planet 27: skipped duplicate ship_cruiser this loop
[10:39:53] planet 84: building queue full (5)
[10:39:53] planet 83: building queue full (5)
[10:39:53] research: blocked research_intergalactic_research_network (research_hyperspace_technology 6/8)
[2026-05-13 10:40:29] ==== loop 41/∞ | seed=819596940460494666 archetype=balanced personality=tecnologico focus=tech actions_per_loop=4 ====
[10:40:32] planet 27: queued defense_rocket_launcher +8
[10:40:32] planet 84: building queue full (5)
[10:40:32] planet 83: queued building_deuterium_sintetizer to 8
[10:40:32] planet 90: queue busy, throttled building_robot_factory
[10:40:32] planet 27: skipped duplicate defense_rocket_launcher this loop
[10:40:32] planet 84: building queue full (5)
[10:40:32] research: blocked research_intergalactic_research_network (research_hyperspace_technology 6/8)
[2026-05-13 10:41:14] ==== loop 42/∞ | seed=819596940460494666 archetype=balanced personality=tecnologico focus=tech actions_per_loop=4 ====
[10:41:18] planet 27: queued defense_light_laser +2
[10:41:18] planet 84: building queue full (5)
[10:41:18] planet 83: queued building_metal_store to 11
[10:41:18] planet 90: queue busy, throttled building_robot_factory
[10:41:18] planet 27: queued defense_rocket_launcher +5
[10:41:18] planet 84: building queue full (5)
[10:41:18] research: blocked research_intergalactic_research_network (research_hyperspace_technology 6/8)
[2026-05-13 10:42:01] ==== loop 43/∞ | seed=819596940460494666 archetype=balanced personality=tecnologico focus=tech actions_per_loop=4 ====
[10:42:04] planet 27: queued defense_gauss_cannon +8
[10:42:04] planet 84: building queue full (5)
[10:42:04] planet 83: queue busy, throttled building_robot_factory
[10:42:04] planet 90: queue busy, throttled building_robot_factory
[10:42:04] planet 27: skipped duplicate defense_gauss_cannon this loop
[10:42:04] planet 84: building queue full (5)
[10:42:04] planet 83: queue busy, throttled building_robot_factory
[2026-05-13 10:42:45] ==== loop 44/∞ | seed=819596940460494666 archetype=balanced personality=tecnologico focus=tech actions_per_loop=4 ====
[10:42:46] planet 27: queued defense_gauss_cannon +8
[10:42:46] planet 84: building queue full (5)
[10:42:46] planet 83: queue busy, throttled building_robot_factory
[10:42:46] planet 90: queue busy, throttled building_robot_factory
[10:42:46] planet 27: skipped duplicate defense_gauss_cannon this loop
[10:42:46] planet 84: building queue full (5)
[10:42:46] planet 83: queue busy, throttled building_robot_factory
[10:42:46] research: blocked research_intergalactic_research_network (research_hyperspace_technology 6/8)
[2026-05-13 10:43:32] ==== loop 45/∞ | seed=819596940460494666 archetype=balanced personality=tecnologico focus=tech actions_per_loop=4 ====
[10:43:34] planet 27: queued defense_gauss_cannon +8
[10:43:34] planet 84: building queue full (5)
[10:43:34] planet 83: queue busy, throttled building_robot_factory
[10:43:34] planet 90: queue busy, throttled building_robot_factory
[10:43:34] planet 27: skipped duplicate defense_gauss_cannon this loop
[10:43:34] planet 84: building queue full (5)
[10:43:34] planet 83: queue busy, throttled building_robot_factory
[2026-05-13 10:44:17] ==== loop 46/∞ | seed=819596940460494666 archetype=balanced personality=tecnologico focus=tech actions_per_loop=4 ====
[10:44:20] planet 27: queued defense_gauss_cannon +8
[10:44:20] planet 84: building queue full (5)
[10:44:20] planet 83: queue busy, throttled building_robot_factory
[10:44:20] planet 90: queue busy, throttled building_robot_factory
[10:44:20] planet 27: skipped duplicate defense_gauss_cannon this loop
[10:44:20] planet 84: building queue full (5)
[10:44:20] planet 83: queue busy, throttled building_robot_factory
[10:44:20] research: blocked research_intergalactic_research_network (research_hyperspace_technology 6/8)
[2026-05-13 10:44:59] ==== loop 47/∞ | seed=819596940460494666 archetype=balanced personality=tecnologico focus=tech actions_per_loop=4 ====
[10:45:01] planet 27: queued defense_gauss_cannon +8
[10:45:01] planet 84: building queue full (5)
[10:45:01] planet 83: queue busy, throttled building_robot_factory
[10:45:01] planet 90: queue busy, throttled building_robot_factory
[10:45:01] planet 27: skipped duplicate defense_gauss_cannon this loop
[10:45:01] planet 84: building queue full (5)
[10:45:01] planet 83: queue busy, throttled building_robot_factory
[10:45:01] research: blocked research_intergalactic_research_network (research_hyperspace_technology 6/8)
[2026-05-13 10:45:47] ==== loop 48/∞ | seed=819596940460494666 archetype=balanced personality=tecnologico focus=tech actions_per_loop=4 ====
[10:45:49] planet 27: queued defense_gauss_cannon +8
[10:45:49] planet 84: building queue full (5)
[10:45:49] planet 83: queue busy, throttled building_robot_factory
[10:45:49] planet 90: queue busy, throttled building_robot_factory
[10:45:49] planet 27: skipped duplicate defense_gauss_cannon this loop
[10:45:49] planet 84: building queue full (5)
[10:45:49] planet 83: queue busy, throttled building_robot_factory
[10:45:49] research: blocked research_intergalactic_research_network (research_hyperspace_technology 6/8)
[2026-05-13 10:46:33] ==== loop 49/∞ | seed=819596940460494666 archetype=balanced personality=tecnologico focus=tech actions_per_loop=4 ====
[10:46:35] planet 27: queued defense_gauss_cannon +8
[10:46:35] planet 84: building queue full (5)
[10:46:35] planet 83: queue busy, throttled building_robot_factory
[10:46:35] planet 90: queue busy, throttled building_robot_factory
[10:46:35] planet 27: skipped duplicate defense_gauss_cannon this loop
[10:46:35] planet 84: building queue full (5)
[10:46:35] planet 83: queue busy, throttled building_robot_factory
[10:46:35] research: blocked research_intergalactic_research_network (research_hyperspace_technology 6/8)
[2026-05-13 10:47:27] ==== loop 50/∞ | seed=819596940460494666 archetype=balanced personality=tecnologico focus=tech actions_per_loop=4 ====
[10:47:29] planet 27: queued defense_gauss_cannon +8
[10:47:29] planet 84: building queue full (5)
[10:47:29] planet 83: queue busy, throttled building_robot_factory
[10:47:29] planet 90: queue busy, throttled building_robot_factory
[10:47:29] planet 27: skipped duplicate defense_gauss_cannon this loop
[10:47:29] planet 84: building queue full (5)
[10:47:29] planet 83: queue busy, throttled building_robot_factory
[10:47:29] research: blocked research_intergalactic_research_network (research_hyperspace_technology 6/8)
[2026-05-13 10:48:12] ==== loop 51/∞ | seed=819596940460494666 archetype=balanced personality=tecnologico focus=tech actions_per_loop=4 ====
[10:48:15] planet 27: queued defense_gauss_cannon +8
[10:48:15] planet 84: building queue full (5)
[10:48:15] planet 83: queue busy, throttled building_robot_factory
[10:48:15] planet 90: queue busy, throttled building_robot_factory
[10:48:15] planet 27: skipped duplicate defense_gauss_cannon this loop
[10:48:15] planet 84: building queue full (5)
[10:48:15] planet 83: queue busy, throttled building_robot_factory
[10:48:15] research: blocked research_intergalactic_research_network (research_hyperspace_technology 6/8)
[2026-05-13 10:49:00] ==== loop 52/∞ | seed=819596940460494666 archetype=balanced personality=tecnologico focus=tech actions_per_loop=4 ====
[10:49:03] planet 27: queued defense_gauss_cannon +8
[10:49:03] planet 84: building queue full (5)
[10:49:03] planet 83: queue busy, throttled building_robot_factory
[10:49:03] planet 90: queue busy, throttled building_robot_factory
[10:49:03] planet 27: skipped duplicate defense_gauss_cannon this loop
[10:49:03] planet 84: building queue full (5)
[10:49:03] planet 83: queue busy, throttled building_robot_factory
[10:49:03] research: blocked research_intergalactic_research_network (research_hyperspace_technology 6/8)
[2026-05-13 10:49:53] ==== loop 53/∞ | seed=819596940460494666 archetype=balanced personality=tecnologico focus=tech actions_per_loop=4 ====
[10:49:55] planet 27: queued defense_gauss_cannon +8
[10:49:55] planet 84: building queue full (5)
[10:49:55] planet 83: queue busy, throttled building_robot_factory
[10:49:55] planet 90: queue busy, throttled building_robot_factory
[10:49:55] planet 27: skipped duplicate defense_gauss_cannon this loop
[10:49:55] planet 84: building queue full (5)
[10:49:55] planet 83: queue busy, throttled building_robot_factory
[10:49:55] research: blocked research_intergalactic_research_network (research_hyperspace_technology 6/8)
[2026-05-13 10:50:43] ==== loop 54/∞ | seed=819596940460494666 archetype=balanced personality=tecnologico focus=tech actions_per_loop=4 ====
[10:50:44] planet 27: no resources for building_crystal_store+1
[10:50:44] planet 84: queued building_deuterium_sintetizer to 15
[10:50:44] planet 83: queue busy, throttled building_robot_factory
[10:50:44] planet 90: queue busy, throttled building_robot_factory
[10:50:44] planet 83: queue busy, throttled building_robot_factory
[2026-05-13 10:51:33] ==== loop 55/∞ | seed=819596940460494666 archetype=balanced personality=tecnologico focus=tech actions_per_loop=4 ====
[10:51:35] planet 27: no resources for building_crystal_store+1
[10:51:35] planet 84: building queue full (5)
[10:51:35] planet 83: queue busy, throttled building_robot_factory
[10:51:35] planet 90: queue busy, throttled building_robot_factory
[10:51:35] planet 84: building queue full (5)
[10:51:35] planet 83: queue busy, throttled building_robot_factory
[10:51:35] ally: transport: 1:1:6 -> 1:282:9 [ally_bot] m=0 c=0 d=58167 ships=0B+9S eta=86s fuel=610
[10:51:35] research: blocked research_intergalactic_research_network (research_hyperspace_technology 6/8)
[2026-05-13 10:52:20] ==== loop 56/∞ | seed=819596940460494666 archetype=balanced personality=tecnologico focus=tech actions_per_loop=4 ====
[10:52:22] planet 27: no resources for building_crystal_store+1
[10:52:22] planet 84: queued building_crystal_store to 11
[10:52:22] planet 83: queue busy, throttled building_robot_factory
[10:52:22] planet 90: queue busy, throttled building_robot_factory
[10:52:22] planet 83: queue busy, throttled building_robot_factory
[10:52:22] research: blocked research_intergalactic_research_network (research_hyperspace_technology 6/8)
[2026-05-13 10:53:04] ==== loop 57/∞ | seed=819596940460494666 archetype=balanced personality=tecnologico focus=tech actions_per_loop=4 ====
[10:53:06] planet 27: no resources for building_crystal_store+1
[10:53:06] planet 84: building queue full (5)
[10:53:06] planet 83: queue busy, throttled building_robot_factory
[10:53:06] planet 90: queue busy, throttled building_robot_factory
[10:53:06] planet 84: building queue full (5)
[10:53:06] planet 83: queue busy, throttled building_robot_factory
[10:53:06] research: blocked research_intergalactic_research_network (research_hyperspace_technology 6/8)
[2026-05-13 10:53:48] ==== loop 58/∞ | seed=819596940460494666 archetype=balanced personality=tecnologico focus=tech actions_per_loop=4 ====
[10:53:51] planet 27: no resources for building_crystal_store+1
[10:53:51] planet 84: building queue full (5)
[10:53:51] planet 83: queued building_robot_factory to 2
[10:53:51] planet 90: queue busy, throttled building_robot_factory
[10:53:51] planet 84: building queue full (5)
[10:53:51] research: blocked research_intergalactic_research_network (research_hyperspace_technology 6/8)
[2026-05-13 10:54:36] ==== loop 59/∞ | seed=819596940460494666 archetype=balanced personality=tecnologico focus=tech actions_per_loop=4 ====
[10:54:40] planet 27: no resources for building_crystal_store+1
[10:54:40] planet 84: building queue full (5)
[10:54:40] planet 83: building queue full (5)
[10:54:40] planet 90: queue busy, throttled building_robot_factory
[10:54:40] planet 84: building queue full (5)
[10:54:40] planet 83: building queue full (5)
[10:54:40] research: blocked research_intergalactic_research_network (research_hyperspace_technology 6/8)
[2026-05-13 10:55:24] ==== loop 60/∞ | seed=819596940460494666 archetype=balanced personality=tecnologico focus=tech actions_per_loop=4 ====
[10:55:27] planet 27: no resources for building_crystal_store+1
[10:55:27] planet 84: building queue full (5)
[10:55:27] planet 83: building queue full (5)
[10:55:27] planet 90: queue busy, throttled building_robot_factory
[10:55:27] planet 84: building queue full (5)
[10:55:27] planet 83: building queue full (5)
[2026-05-13 10:56:11] ==== loop 61/∞ | seed=819596940460494666 archetype=balanced personality=tecnologico focus=tech actions_per_loop=4 ====
[10:56:14] planet 27: no resources for building_crystal_store+1
[10:56:14] planet 84: building queue full (5)
[10:56:14] planet 83: building queue full (5)
[10:56:14] planet 90: queue busy, throttled building_robot_factory
[10:56:14] planet 84: building queue full (5)
[10:56:14] planet 83: building queue full (5)
[2026-05-13 10:56:59] ==== loop 62/∞ | seed=819596940460494666 archetype=balanced personality=tecnologico focus=tech actions_per_loop=4 ====
[10:57:02] planet 27: no resources for building_crystal_store+1
[10:57:02] planet 84: building queue full (5)
[10:57:02] planet 83: building queue full (5)
[10:57:02] planet 90: queue busy, throttled building_robot_factory
[10:57:02] planet 84: building queue full (5)
[10:57:02] planet 83: building queue full (5)
[10:57:02] research: blocked research_intergalactic_research_network (research_hyperspace_technology 6/8)
[2026-05-13 10:57:45] ==== loop 63/∞ | seed=819596940460494666 archetype=balanced personality=tecnologico focus=tech actions_per_loop=4 ====
[10:57:46] planet 27: no resources for building_crystal_store+1
[10:57:46] planet 84: building queue full (5)
[10:57:46] planet 83: building queue full (5)
[10:57:46] planet 90: queue busy, throttled building_robot_factory
[10:57:46] planet 84: building queue full (5)
[10:57:46] planet 83: building queue full (5)
[10:57:46] research: blocked research_intergalactic_research_network (research_hyperspace_technology 6/8)
[2026-05-13 10:58:28] ==== loop 64/∞ | seed=819596940460494666 archetype=balanced personality=tecnologico focus=tech actions_per_loop=4 ====
[10:58:31] planet 27: no resources for building_crystal_store+1
[10:58:31] planet 84: building queue full (5)
[10:58:31] planet 83: building queue full (5)
[10:58:31] planet 90: queue busy, throttled building_robot_factory
[10:58:31] planet 84: building queue full (5)
[10:58:31] planet 83: building queue full (5)
[2026-05-13 10:59:14] ==== loop 65/∞ | seed=819596940460494666 archetype=balanced personality=tecnologico focus=tech actions_per_loop=4 ====
[10:59:18] planet 27: no resources for building_crystal_store+1
[10:59:18] planet 84: building queue full (5)
[10:59:18] planet 83: building queue full (5)
[10:59:18] planet 90: queue busy, throttled building_robot_factory
[10:59:18] planet 84: building queue full (5)
[10:59:18] planet 83: building queue full (5)
[10:59:18] research: blocked research_intergalactic_research_network (research_hyperspace_technology 6/8)
[2026-05-13 11:00:03] ==== loop 66/∞ | seed=819596940460494666 archetype=balanced personality=tecnologico focus=tech actions_per_loop=4 ====
[11:00:07] planet 27: no resources for building_crystal_store+1
[11:00:07] planet 84: queued building_metal_mine to 19
[11:00:07] planet 83: building queue full (5)
[11:00:07] planet 90: queue busy, throttled building_robot_factory
[11:00:07] planet 83: building queue full (5)
[11:00:07] research: blocked research_intergalactic_research_network (research_hyperspace_technology 6/8)
[2026-05-13 11:00:56] ==== loop 67/∞ | seed=819596940460494666 archetype=balanced personality=tecnologico focus=tech actions_per_loop=4 ====
[11:00:58] planet 27: no resources for building_crystal_store+1
[11:00:58] planet 84: building queue full (5)
[11:00:58] planet 83: building queue full (5)
[11:00:58] planet 90: queue busy, throttled building_robot_factory
[11:00:58] planet 84: building queue full (5)
[11:00:58] planet 83: building queue full (5)
[2026-05-13 11:01:40] ==== loop 68/∞ | seed=819596940460494666 archetype=balanced personality=tecnologico focus=tech actions_per_loop=4 ====
[11:01:44] planet 27: no resources for building_crystal_store+1
[11:01:44] planet 84: building queue full (5)
[11:01:44] planet 83: building queue full (5)
[11:01:44] planet 90: queue busy, throttled building_robot_factory
[11:01:44] planet 84: building queue full (5)
[11:01:44] planet 83: building queue full (5)
[11:01:44] research: blocked research_intergalactic_research_network (research_hyperspace_technology 6/8)
[2026-05-13 11:02:33] ==== loop 69/∞ | seed=819596940460494666 archetype=balanced personality=tecnologico focus=tech actions_per_loop=4 ====
[11:02:36] planet 27: no resources for building_crystal_store+1
[11:02:36] planet 84: building queue full (5)
[11:02:36] planet 83: building queue full (5)
[11:02:36] planet 90: queue busy, throttled building_robot_factory
[11:02:36] planet 84: building queue full (5)
[11:02:36] planet 83: building queue full (5)
[2026-05-13 11:03:22] ==== loop 70/∞ | seed=819596940460494666 archetype=balanced personality=tecnologico focus=tech actions_per_loop=4 ====
[11:03:24] planet 27: no resources for building_crystal_store+1
[11:03:24] planet 84: building queue full (5)
[11:03:24] planet 83: building queue full (5)
[11:03:24] planet 90: queue busy, throttled building_robot_factory
[11:03:24] planet 84: building queue full (5)
[11:03:24] planet 83: building queue full (5)
[2026-05-13 11:04:11] ==== loop 71/∞ | seed=819596940460494666 archetype=balanced personality=tecnologico focus=tech actions_per_loop=4 ====
[11:04:15] planet 27: no resources for building_crystal_store+1
[11:04:15] planet 84: building queue full (5)
[11:04:15] planet 83: building queue full (5)
[11:04:15] planet 90: queue busy, throttled building_robot_factory
[11:04:15] planet 84: building queue full (5)
[11:04:15] planet 83: building queue full (5)
[11:04:15] research: blocked research_intergalactic_research_network (research_hyperspace_technology 6/8)
[2026-05-13 11:05:01] ==== loop 72/∞ | seed=819596940460494666 archetype=balanced personality=tecnologico focus=tech actions_per_loop=4 ====
[11:05:03] planet 27: no resources for building_crystal_store+1
[11:05:03] planet 84: building queue full (5)
[11:05:03] planet 83: building queue full (5)
[11:05:03] planet 90: queue busy, throttled building_robot_factory
[11:05:03] planet 84: building queue full (5)
[11:05:03] planet 83: building queue full (5)
[11:05:03] research: blocked research_intergalactic_research_network (research_hyperspace_technology 6/8)
[2026-05-13 11:05:48] ==== loop 73/∞ | seed=819596940460494666 archetype=balanced personality=tecnologico focus=tech actions_per_loop=4 ====
[11:05:52] planet 27: no resources for building_crystal_store+1
[11:05:52] planet 84: building queue full (5)
[11:05:52] planet 83: building queue full (5)
[11:05:52] planet 90: queue busy, throttled building_robot_factory
[11:05:52] planet 84: building queue full (5)
[11:05:52] planet 83: building queue full (5)
[11:05:52] research: blocked research_intergalactic_research_network (research_hyperspace_technology 6/8)
[2026-05-13 11:06:32] ==== loop 74/∞ | seed=819596940460494666 archetype=balanced personality=tecnologico focus=tech actions_per_loop=4 ====
[11:06:35] planet 27: no resources for building_crystal_store+1
[11:06:35] planet 84: building queue full (5)
[11:06:35] planet 83: building queue full (5)
[11:06:35] planet 90: queue busy, throttled building_robot_factory
[11:06:35] planet 84: building queue full (5)
[11:06:35] planet 83: building queue full (5)
[11:06:35] research: blocked research_intergalactic_research_network (research_hyperspace_technology 6/8)
[2026-05-13 11:07:20] ==== loop 75/∞ | seed=819596940460494666 archetype=balanced personality=tecnologico focus=tech actions_per_loop=4 ====
[11:07:24] planet 27: no resources for building_crystal_store+1
[11:07:24] planet 84: building queue full (5)
[11:07:24] planet 83: building queue full (5)
[11:07:24] planet 90: queue busy, throttled building_robot_factory
[11:07:24] planet 84: building queue full (5)
[11:07:24] planet 83: building queue full (5)
[11:07:24] research: blocked research_intergalactic_research_network (research_hyperspace_technology 6/8)
[2026-05-13 11:08:08] ==== loop 76/∞ | seed=819596940460494666 archetype=balanced personality=tecnologico focus=tech actions_per_loop=4 ====
[11:08:11] planet 27: no resources for building_crystal_store+1
[11:08:11] planet 84: building queue full (5)
[11:08:11] planet 83: building queue full (5)
[11:08:11] planet 90: queue busy, throttled building_robot_factory
[11:08:11] planet 84: building queue full (5)
[11:08:11] planet 83: building queue full (5)
[11:08:11] research: blocked research_intergalactic_research_network (research_hyperspace_technology 6/8)
[2026-05-13 11:08:59] ==== loop 77/∞ | seed=819596940460494666 archetype=balanced personality=tecnologico focus=tech actions_per_loop=4 ====
[11:09:01] planet 27: no resources for building_crystal_store+1
[11:09:01] planet 84: building queue full (5)
[11:09:01] planet 83: queued building_crystal_store to 7
[11:09:01] planet 90: queue busy, throttled building_robot_factory
[11:09:01] planet 84: building queue full (5)
[2026-05-13 11:09:46] ==== loop 78/∞ | seed=819596940460494666 archetype=balanced personality=tecnologico focus=tech actions_per_loop=4 ====
[11:09:48] planet 27: no resources for building_crystal_store+1
[11:09:48] planet 84: building queue full (5)
[11:09:48] planet 83: queue busy, throttled building_robot_factory
[11:09:48] planet 90: queue busy, throttled building_robot_factory
[11:09:48] planet 84: building queue full (5)
[2026-05-13 11:10:27] ==== loop 79/∞ | seed=819596940460494666 archetype=balanced personality=tecnologico focus=tech actions_per_loop=4 ====
[11:10:28] planet 27: queued building_metal_store to 19
[11:10:28] planet 84: building queue full (5)
[11:10:28] planet 83: queue busy, throttled building_robot_factory
[11:10:28] planet 90: queue busy, throttled building_robot_factory
[11:10:28] planet 84: building queue full (5)
[11:10:28] planet 83: queue busy, throttled building_robot_factory
[2026-05-13 11:11:16] ==== loop 80/∞ | seed=819596940460494666 archetype=balanced personality=tecnologico focus=tech actions_per_loop=4 ====
[11:11:17] planet 27: no resources for building_metal_store+1
[11:11:17] planet 84: building queue full (5)
[11:11:17] planet 83: queue busy, throttled building_robot_factory
[11:11:17] planet 90: queue busy, throttled building_robot_factory
[11:11:17] planet 84: building queue full (5)
[11:11:17] planet 83: queue busy, throttled building_robot_factory
[11:11:17] research: blocked research_intergalactic_research_network (research_hyperspace_technology 6/8)
[2026-05-13 11:12:01] ==== loop 81/∞ | seed=819596940460494666 archetype=balanced personality=tecnologico focus=tech actions_per_loop=4 ====
[11:12:03] planet 27: no resources for building_metal_store+1
[11:12:03] planet 84: building queue full (5)
[11:12:03] planet 83: queue busy, throttled building_robot_factory
[11:12:03] planet 90: queue busy, throttled building_robot_factory
[11:12:03] planet 84: building queue full (5)
[11:12:03] planet 83: queue busy, throttled building_robot_factory
[2026-05-13 11:12:41] ==== loop 82/∞ | seed=819596940460494666 archetype=balanced personality=tecnologico focus=tech actions_per_loop=4 ====
[11:12:43] planet 27: no resources for building_metal_store+1
[11:12:43] planet 84: building queue full (5)
[11:12:43] planet 83: queue busy, throttled building_robot_factory
[11:12:43] planet 90: queue busy, throttled building_robot_factory
[11:12:43] planet 84: building queue full (5)
[11:12:43] planet 83: queue busy, throttled building_robot_factory
[11:12:43] research: blocked research_intergalactic_research_network (research_hyperspace_technology 6/8)
[2026-05-13 11:13:26] ==== loop 83/∞ | seed=819596940460494666 archetype=balanced personality=tecnologico focus=tech actions_per_loop=4 ====
[11:13:29] planet 27: no resources for building_metal_store+1
[11:13:29] planet 84: building queue full (5)
[11:13:29] planet 83: queue busy, throttled building_robot_factory
[11:13:29] planet 90: queue busy, throttled building_robot_factory
[11:13:29] planet 84: building queue full (5)
[11:13:29] planet 83: queue busy, throttled building_robot_factory
[2026-05-13 11:14:08] ==== loop 84/∞ | seed=819596940460494666 archetype=balanced personality=tecnologico focus=tech actions_per_loop=4 ====
[11:14:10] planet 27: no resources for building_metal_store+1
[11:14:10] planet 84: building queue full (5)
[11:14:10] planet 83: queue busy, throttled building_robot_factory
[11:14:10] planet 90: queue busy, throttled building_robot_factory
[11:14:10] planet 84: building queue full (5)
[11:14:10] planet 83: queue busy, throttled building_robot_factory
[11:14:10] research: blocked research_intergalactic_research_network (research_hyperspace_technology 6/8)
[2026-05-13 11:14:50] ==== loop 85/∞ | seed=819596940460494666 archetype=balanced personality=tecnologico focus=tech actions_per_loop=4 ====
[11:14:52] planet 27: no resources for building_metal_store+1
[11:14:52] planet 84: building queue full (5)
[11:14:52] planet 83: queue busy, throttled building_robot_factory
[11:14:52] planet 90: queue busy, throttled building_robot_factory
[11:14:52] planet 84: building queue full (5)
[11:14:52] planet 83: queue busy, throttled building_robot_factory
[11:14:52] research: blocked research_intergalactic_research_network (research_hyperspace_technology 6/8)
[2026-05-13 11:15:34] ==== loop 86/∞ | seed=819596940460494666 archetype=balanced personality=tecnologico focus=tech actions_per_loop=4 ====
[11:15:37] planet 27: no resources for building_metal_store+1
[11:15:37] planet 84: building queue full (5)
[11:15:37] planet 83: building queue full (5)
[11:15:37] planet 90: queue busy, throttled building_robot_factory
[11:15:37] planet 84: building queue full (5)
[11:15:37] planet 83: building queue full (5)
[2026-05-13 11:16:18] ==== loop 87/∞ | seed=819596940460494666 archetype=balanced personality=tecnologico focus=tech actions_per_loop=4 ====
[11:16:21] planet 27: no resources for building_metal_store+1
[11:16:21] planet 84: building queue full (5)
[11:16:21] planet 83: building queue full (5)
[11:16:21] planet 90: queue busy, throttled building_robot_factory
[11:16:21] planet 84: building queue full (5)
[11:16:21] planet 83: building queue full (5)
[11:16:21] research: blocked research_intergalactic_research_network (research_hyperspace_technology 6/8)
[2026-05-13 11:17:07] ==== loop 88/∞ | seed=819596940460494666 archetype=balanced personality=tecnologico focus=tech actions_per_loop=4 ====
[11:17:11] planet 27: no resources for building_metal_store+1
[11:17:11] planet 84: building queue full (5)
[11:17:11] planet 83: building queue full (5)
[11:17:11] planet 90: queue busy, throttled building_robot_factory
[11:17:11] planet 84: building queue full (5)
[11:17:11] planet 83: building queue full (5)
[11:17:11] research: blocked research_intergalactic_research_network (research_hyperspace_technology 6/8)
[2026-05-13 11:17:55] ==== loop 89/∞ | seed=819596940460494666 archetype=balanced personality=tecnologico focus=tech actions_per_loop=4 ====
[11:17:58] planet 27: no resources for building_metal_store+1
[11:17:58] planet 84: building queue full (5)
[11:17:58] planet 83: building queue full (5)
[11:17:58] planet 90: queue busy, throttled building_robot_factory
[11:17:58] planet 84: building queue full (5)
[11:17:58] planet 83: building queue full (5)
[11:17:58] research: blocked research_intergalactic_research_network (research_hyperspace_technology 6/8)
[2026-05-13 11:18:47] ==== loop 90/∞ | seed=819596940460494666 archetype=balanced personality=tecnologico focus=tech actions_per_loop=4 ====
[11:18:49] planet 27: no resources for building_metal_store+1
[11:18:49] planet 84: building queue full (5)
[11:18:49] planet 83: building queue full (5)
[11:18:49] planet 90: queue busy, throttled building_robot_factory
[11:18:49] planet 84: building queue full (5)
[11:18:49] planet 83: building queue full (5)
[11:18:49] research: blocked research_intergalactic_research_network (research_hyperspace_technology 6/8)
[2026-05-13 11:19:32] ==== loop 91/∞ | seed=819596940460494666 archetype=balanced personality=tecnologico focus=tech actions_per_loop=4 ====
[11:19:35] planet 27: no resources for building_metal_store+1
[11:19:35] planet 84: building queue full (5)
[11:19:35] planet 83: building queue full (5)
[11:19:35] planet 90: queue busy, throttled building_robot_factory
[11:19:35] planet 84: building queue full (5)
[11:19:35] planet 83: building queue full (5)
[11:19:35] ally: transport: 1:1:6 -> 1:179:5 [ally_bot] m=45001 c=0 d=0 ships=0B+7S eta=70s fuel=319
[2026-05-13 11:20:20] ==== loop 92/∞ | seed=819596940460494666 archetype=balanced personality=tecnologico focus=tech actions_per_loop=4 ====
[11:20:22] planet 27: queued defense_gauss_cannon +8
[11:20:22] planet 84: queued building_laboratory to 6
[11:20:22] planet 83: queued building_metal_mine to 18
[11:20:22] planet 90: queue busy, throttled building_robot_factory
[11:20:22] planet 27: skipped duplicate defense_gauss_cannon this loop
[11:20:22] research: blocked research_intergalactic_research_network (research_hyperspace_technology 6/8)
[2026-05-13 11:21:07] ==== loop 93/∞ | seed=819596940460494666 archetype=balanced personality=tecnologico focus=tech actions_per_loop=4 ====
[11:21:09] planet 27: queued defense_gauss_cannon +8
[11:21:09] planet 84: queued ship_solar_satellite +4
[11:21:09] planet 83: building queue full (5)
[11:21:09] planet 90: queue busy, throttled building_robot_factory
[11:21:09] planet 27: skipped duplicate defense_gauss_cannon this loop
[11:21:09] planet 84: skipped duplicate ship_solar_satellite this loop
[11:21:09] planet 83: building queue full (5)
[11:21:09] research: blocked research_intergalactic_research_network (research_hyperspace_technology 6/8)
[2026-05-13 11:21:53] ==== loop 94/∞ | seed=819596940460494666 archetype=balanced personality=tecnologico focus=tech actions_per_loop=4 ====
[11:21:57] planet 27: queued defense_gauss_cannon +8
[11:21:57] planet 84: queued building_hangar to 8
[11:21:57] planet 83: building queue full (5)
[11:21:57] planet 90: queue busy, throttled building_robot_factory
[11:21:57] planet 27: skipped duplicate defense_gauss_cannon this loop
[11:21:57] planet 83: building queue full (5)
[11:21:57] research: blocked research_intergalactic_research_network (research_hyperspace_technology 6/8)
[2026-05-13 11:22:33] ==== loop 95/∞ | seed=819596940460494666 archetype=balanced personality=tecnologico focus=tech actions_per_loop=4 ====
[11:22:35] planet 27: queued defense_gauss_cannon +8
[11:22:35] planet 84: queued building_crystal_store to 12
[11:22:35] planet 83: building queue full (5)
[11:22:35] planet 90: queue busy, throttled building_robot_factory
[11:22:35] planet 27: skipped duplicate defense_gauss_cannon this loop
[11:22:35] planet 83: building queue full (5)
[11:22:35] research: blocked research_intergalactic_research_network (research_hyperspace_technology 6/8)
[2026-05-13 11:23:17] ==== loop 96/∞ | seed=819596940460494666 archetype=balanced personality=tecnologico focus=tech actions_per_loop=4 ====
[11:23:21] planet 27: queued defense_gauss_cannon +8
[11:23:21] planet 84: queued building_hangar to 9
[11:23:21] planet 83: building queue full (5)
[11:23:21] planet 90: queue busy, throttled building_robot_factory
[11:23:21] planet 27: skipped duplicate defense_gauss_cannon this loop
[11:23:21] planet 83: building queue full (5)
[11:23:21] research: blocked research_intergalactic_research_network (research_hyperspace_technology 6/8)
[2026-05-13 11:24:03] ==== loop 97/∞ | seed=819596940460494666 archetype=balanced personality=tecnologico focus=tech actions_per_loop=4 ====
[11:24:05] planet 27: queued defense_gauss_cannon +8
[11:24:05] planet 84: building queue full (5)
[11:24:05] planet 83: building queue full (5)
[11:24:05] planet 90: queue busy, throttled building_robot_factory
[11:24:05] planet 27: skipped duplicate defense_gauss_cannon this loop
[11:24:05] planet 84: building queue full (5)
[2026-05-13 11:24:48] ==== loop 98/∞ | seed=819596940460494666 archetype=balanced personality=tecnologico focus=tech actions_per_loop=4 ====
[11:24:50] planet 27: queued defense_gauss_cannon +8
[11:24:50] planet 84: building queue full (5)
[11:24:50] planet 83: building queue full (5)
[11:24:50] planet 90: queue busy, throttled building_robot_factory
[11:24:50] planet 27: skipped duplicate defense_gauss_cannon this loop
[11:24:50] planet 84: building queue full (5)
[2026-05-13 11:25:35] ==== loop 99/∞ | seed=819596940460494666 archetype=balanced personality=tecnologico focus=tech actions_per_loop=4 ====
[11:25:39] planet 27: queued defense_gauss_cannon +8
[11:25:39] planet 84: building queue full (5)
[11:25:39] planet 83: building queue full (5)
[11:25:39] planet 90: queue busy, throttled building_robot_factory
[11:25:39] planet 27: skipped duplicate defense_gauss_cannon this loop
[11:25:39] planet 84: building queue full (5)
[11:25:39] planet 83: building queue full (5)
[11:25:39] research: blocked research_intergalactic_research_network (research_hyperspace_technology 6/8)
[2026-05-13 11:26:26] ==== loop 100/∞ | seed=819596940460494666 archetype=balanced personality=tecnologico focus=tech actions_per_loop=4 ====
[11:26:29] planet 27: queued defense_gauss_cannon +8
[11:26:29] planet 84: building queue full (5)
[11:26:29] planet 83: building queue full (5)
[11:26:29] planet 90: queue busy, throttled building_robot_factory
[11:26:29] planet 27: skipped duplicate defense_gauss_cannon this loop
[11:26:29] planet 84: building queue full (5)
[11:26:29] planet 83: building queue full (5)
[11:26:29] research: blocked research_intergalactic_research_network (research_hyperspace_technology 6/8)
[2026-05-13 11:27:13] ==== loop 101/∞ | seed=819596940460494666 archetype=balanced personality=tecnologico focus=tech actions_per_loop=4 ====
[11:27:16] planet 27: queued defense_gauss_cannon +8
[11:27:16] planet 84: building queue full (5)
[11:27:16] planet 83: building queue full (5)
[11:27:16] planet 90: queue busy, throttled building_robot_factory
[11:27:16] planet 27: skipped duplicate defense_gauss_cannon this loop
[11:27:16] planet 84: building queue full (5)
[11:27:16] planet 83: building queue full (5)
[11:27:16] research: blocked research_intergalactic_research_network (research_hyperspace_technology 6/8)
[2026-05-13 11:27:59] ==== loop 102/∞ | seed=819596940460494666 archetype=balanced personality=tecnologico focus=tech actions_per_loop=4 ====
[11:28:01] planet 27: queued defense_gauss_cannon +8
[11:28:01] planet 84: building queue full (5)
[11:28:01] planet 83: building queue full (5)
[11:28:01] planet 90: queue busy, throttled building_robot_factory
[11:28:01] planet 27: skipped duplicate defense_gauss_cannon this loop
[11:28:01] planet 84: building queue full (5)
[11:28:01] planet 83: building queue full (5)
[11:28:01] research: blocked research_intergalactic_research_network (research_hyperspace_technology 6/8)
[2026-05-13 11:28:47] ==== loop 103/∞ | seed=819596940460494666 archetype=balanced personality=tecnologico focus=tech actions_per_loop=4 ====
[11:28:51] planet 27: queued defense_gauss_cannon +8
[11:28:51] planet 84: building queue full (5)
[11:28:51] planet 83: building queue full (5)
[11:28:51] planet 90: queue busy, throttled building_robot_factory
[11:28:51] planet 27: skipped duplicate defense_gauss_cannon this loop
[11:28:51] planet 84: building queue full (5)
[11:28:51] planet 83: building queue full (5)
[2026-05-13 11:29:27] ==== loop 104/∞ | seed=819596940460494666 archetype=balanced personality=tecnologico focus=tech actions_per_loop=4 ====
[11:29:30] planet 27: queued defense_gauss_cannon +8
[11:29:30] planet 84: building queue full (5)
[11:29:30] planet 83: building queue full (5)
[11:29:30] planet 90: queue busy, throttled building_robot_factory
[11:29:30] planet 27: skipped duplicate defense_gauss_cannon this loop
[11:29:30] planet 84: building queue full (5)
[11:29:30] planet 83: building queue full (5)
[11:29:30] research: blocked research_intergalactic_research_network (research_hyperspace_technology 6/8)
[2026-05-13 11:30:10] ==== loop 105/∞ | seed=819596940460494666 archetype=balanced personality=tecnologico focus=tech actions_per_loop=4 ====
[11:30:12] planet 27: no resources for building_crystal_store+1
[11:30:12] planet 84: queued building_metal_mine to 20
[11:30:12] planet 83: building queue full (5)
[11:30:12] planet 90: queue busy, throttled building_robot_factory
[11:30:12] planet 83: building queue full (5)
[2026-05-13 11:30:53] ==== loop 106/∞ | seed=819596940460494666 archetype=balanced personality=tecnologico focus=tech actions_per_loop=4 ====
[11:30:56] planet 27: no resources for building_crystal_store+1
[11:30:56] planet 84: building queue full (5)
[11:30:56] planet 83: building queue full (5)
[11:30:56] planet 90: queue busy, throttled building_robot_factory
[11:30:56] planet 84: building queue full (5)
[11:30:56] planet 83: building queue full (5)
[11:30:56] research: blocked research_intergalactic_research_network (research_hyperspace_technology 6/8)
[2026-05-13 11:31:35] ==== loop 107/∞ | seed=819596940460494666 archetype=balanced personality=tecnologico focus=tech actions_per_loop=4 ====
[11:31:37] planet 27: no resources for building_crystal_store+1
[11:31:37] planet 84: building queue full (5)
[11:31:37] planet 83: building queue full (5)
[11:31:37] planet 90: queue busy, throttled building_robot_factory
[11:31:37] planet 84: building queue full (5)
[11:31:37] research: blocked research_intergalactic_research_network (research_hyperspace_technology 6/8)
[2026-05-13 11:32:20] ==== loop 108/∞ | seed=819596940460494666 archetype=balanced personality=tecnologico focus=tech actions_per_loop=4 ====
[11:32:25] planet 27: no resources for building_crystal_store+1
[11:32:25] planet 84: building queue full (5)
[11:32:25] planet 83: building queue full (5)
[11:32:25] planet 90: queue busy, throttled building_robot_factory
[11:32:25] planet 84: building queue full (5)
[11:32:25] planet 83: building queue full (5)
[11:32:25] research: blocked research_intergalactic_research_network (research_hyperspace_technology 6/8)
[2026-05-13 11:33:02] ==== loop 109/∞ | seed=819596940460494666 archetype=balanced personality=tecnologico focus=tech actions_per_loop=4 ====
[11:33:05] planet 27: no resources for building_crystal_store+1
[11:33:05] planet 84: building queue full (5)
[11:33:05] planet 83: building queue full (5)
[11:33:05] planet 90: queue busy, throttled building_robot_factory
[11:33:05] planet 84: building queue full (5)
[11:33:05] planet 83: building queue full (5)
[11:33:05] research: blocked research_intergalactic_research_network (research_hyperspace_technology 6/8)
[2026-05-13 11:33:45] ==== loop 110/∞ | seed=819596940460494666 archetype=balanced personality=tecnologico focus=tech actions_per_loop=4 ====
[11:33:49] planet 27: no resources for building_crystal_store+1
[11:33:49] planet 84: building queue full (5)
[11:33:49] planet 83: building queue full (5)
[11:33:49] planet 90: queue busy, throttled building_robot_factory
[11:33:49] planet 84: building queue full (5)
[11:33:49] planet 83: building queue full (5)
[11:33:49] research: blocked research_intergalactic_research_network (research_hyperspace_technology 6/8)
[2026-05-13 11:34:35] ==== loop 111/∞ | seed=819596940460494666 archetype=balanced personality=tecnologico focus=tech actions_per_loop=4 ====
[11:34:37] planet 27: no resources for building_crystal_store+1
[11:34:37] planet 84: building queue full (5)
[11:34:37] planet 83: building queue full (5)
[11:34:37] planet 90: queue busy, throttled building_robot_factory
[11:34:37] planet 84: building queue full (5)
[11:34:37] research: blocked research_intergalactic_research_network (research_hyperspace_technology 6/8)
[2026-05-13 11:35:17] ==== loop 112/∞ | seed=819596940460494666 archetype=balanced personality=tecnologico focus=tech actions_per_loop=4 ====
[11:35:18] planet 27: no resources for building_crystal_store+1
[11:35:18] planet 84: building queue full (5)
[11:35:18] planet 83: building queue full (5)
[11:35:18] planet 90: queue busy, throttled building_robot_factory
[11:35:18] planet 84: building queue full (5)
[11:35:18] planet 83: building queue full (5)
[11:35:18] research: blocked research_intergalactic_research_network (research_hyperspace_technology 6/8)
[2026-05-13 11:36:01] ==== loop 113/∞ | seed=819596940460494666 archetype=balanced personality=tecnologico focus=tech actions_per_loop=4 ====
[11:36:05] planet 27: no resources for building_crystal_store+1
[11:36:05] planet 84: building queue full (5)
[11:36:05] planet 83: building queue full (5)
[11:36:05] planet 90: queue busy, throttled building_robot_factory
[11:36:05] planet 84: building queue full (5)
[11:36:05] planet 83: building queue full (5)
[11:36:05] research: blocked research_intergalactic_research_network (research_hyperspace_technology 6/8)
[2026-05-13 11:36:40] ==== loop 114/∞ | seed=819596940460494666 archetype=balanced personality=tecnologico focus=tech actions_per_loop=4 ====
[11:36:43] planet 27: no resources for building_crystal_store+1
[11:36:43] planet 84: building queue full (5)
[11:36:43] planet 83: building queue full (5)
[11:36:43] planet 90: queue busy, throttled building_robot_factory
[11:36:43] planet 84: building queue full (5)
[11:36:43] planet 83: building queue full (5)
[11:36:43] research: blocked research_intergalactic_research_network (research_hyperspace_technology 6/8)
[2026-05-13 11:37:25] ==== loop 115/∞ | seed=819596940460494666 archetype=balanced personality=tecnologico focus=tech actions_per_loop=4 ====
[11:37:28] planet 27: no resources for building_crystal_store+1
[11:37:28] planet 84: building queue full (5)
[11:37:28] planet 83: building queue full (5)
[11:37:28] planet 90: queue busy, throttled building_robot_factory
[11:37:28] planet 84: building queue full (5)
[11:37:28] planet 83: building queue full (5)
[11:37:28] research: blocked research_intergalactic_research_network (research_hyperspace_technology 6/8)
[2026-05-13 11:38:11] ==== loop 116/∞ | seed=819596940460494666 archetype=balanced personality=tecnologico focus=tech actions_per_loop=4 ====
[11:38:13] planet 27: no resources for building_crystal_store+1
[11:38:13] planet 84: building queue full (5)
[11:38:13] planet 83: building queue full (5)
[11:38:13] planet 90: queue busy, throttled building_robot_factory
[11:38:13] planet 84: building queue full (5)
[11:38:13] planet 83: building queue full (5)
[11:38:13] research: blocked research_intergalactic_research_network (research_hyperspace_technology 6/8)
[2026-05-13 11:38:59] ==== loop 117/∞ | seed=819596940460494666 archetype=balanced personality=tecnologico focus=tech actions_per_loop=4 ====
[11:39:04] planet 27: no resources for building_crystal_store+1
[11:39:04] planet 84: building queue full (5)
[11:39:04] planet 83: building queue full (5)
[11:39:04] planet 90: queue busy, throttled building_robot_factory
[11:39:04] planet 84: building queue full (5)
[11:39:04] planet 83: building queue full (5)
[11:39:04] research: blocked research_intergalactic_research_network (research_hyperspace_technology 6/8)
[2026-05-13 11:39:49] ==== loop 118/∞ | seed=819596940460494666 archetype=balanced personality=tecnologico focus=tech actions_per_loop=4 ====
[11:39:52] planet 27: no resources for building_crystal_store+1
[11:39:52] planet 84: building queue full (5)
[11:39:52] planet 83: building queue full (5)
[11:39:52] planet 90: queue busy, throttled building_robot_factory
[11:39:52] planet 84: building queue full (5)
[11:39:52] planet 83: building queue full (5)
[11:39:52] research: blocked research_intergalactic_research_network (research_hyperspace_technology 6/8)
[2026-05-13 11:40:35] ==== loop 119/∞ | seed=819596940460494666 archetype=balanced personality=tecnologico focus=tech actions_per_loop=4 ====
[11:40:37] planet 27: no resources for building_crystal_store+1
[11:40:37] planet 84: queued building_deuterium_tank to 10
[11:40:37] planet 83: queued building_crystal_mine to 16
[11:40:37] planet 90: queue busy, throttled building_robot_factory
[11:40:37] research: blocked research_intergalactic_research_network (research_hyperspace_technology 6/8)
[2026-05-13 11:41:19] ==== loop 120/∞ | seed=819596940460494666 archetype=balanced personality=tecnologico focus=tech actions_per_loop=4 ====
[11:41:21] planet 27: no resources for building_crystal_store+1
[11:41:21] planet 84: building queue full (5)
[11:41:21] planet 83: building queue full (5)
[11:41:21] planet 90: queue busy, throttled building_robot_factory
[11:41:21] planet 84: building queue full (5)
[2026-05-13 11:42:07] ==== loop 121/∞ | seed=819596940460494666 archetype=balanced personality=tecnologico focus=tech actions_per_loop=4 ====
[11:42:10] planet 27: no resources for building_crystal_store+1
[11:42:10] planet 84: building queue full (5)
[11:42:10] planet 83: building queue full (5)
[11:42:10] planet 90: queue busy, throttled building_robot_factory
[11:42:10] planet 84: building queue full (5)
[11:42:10] planet 83: building queue full (5)
[11:42:10] ally: transport: 1:1:6 -> 1:33:9 [ally_bot] m=0 c=34429 d=2306 ships=0B+6S eta=38s fuel=81
[11:42:10] research: blocked research_intergalactic_research_network (research_hyperspace_technology 6/8)
[2026-05-13 11:42:59] ==== loop 122/∞ | seed=819596940460494666 archetype=balanced personality=tecnologico focus=tech actions_per_loop=4 ====
[11:43:01] planet 27: no resources for building_crystal_store+1
[11:43:01] planet 84: building queue full (5)
[11:43:01] planet 83: building queue full (5)
[11:43:01] planet 90: queue busy, throttled building_robot_factory
[11:43:01] planet 84: building queue full (5)
[11:43:01] planet 83: building queue full (5)
[11:43:01] research: blocked research_intergalactic_research_network (research_hyperspace_technology 6/8)
[2026-05-13 11:43:44] ==== loop 123/∞ | seed=819596940460494666 archetype=balanced personality=tecnologico focus=tech actions_per_loop=4 ====
[11:43:49] planet 27: no resources for building_crystal_store+1
[11:43:49] planet 84: building queue full (5)
[11:43:49] planet 83: building queue full (5)
[11:43:49] planet 90: queue busy, throttled building_robot_factory
[11:43:49] planet 84: building queue full (5)
[11:43:49] planet 83: building queue full (5)
[11:43:49] research: blocked research_intergalactic_research_network (research_hyperspace_technology 6/8)
[2026-05-13 11:44:33] ==== loop 124/∞ | seed=819596940460494666 archetype=balanced personality=tecnologico focus=tech actions_per_loop=4 ====
[11:44:37] planet 27: no resources for building_crystal_store+1
[11:44:37] planet 84: building queue full (5)
[11:44:37] planet 83: building queue full (5)
[11:44:37] planet 90: queue busy, throttled building_robot_factory
[11:44:37] planet 84: building queue full (5)
[11:44:37] planet 83: building queue full (5)
[11:44:37] research: blocked research_intergalactic_research_network (research_hyperspace_technology 6/8)
[2026-05-13 11:45:21] ==== loop 125/∞ | seed=819596940460494666 archetype=balanced personality=tecnologico focus=tech actions_per_loop=4 ====
[11:45:24] planet 27: no resources for building_crystal_store+1
[11:45:24] planet 84: building queue full (5)
[11:45:24] planet 83: building queue full (5)
[11:45:24] planet 90: queue busy, throttled building_robot_factory
[11:45:24] planet 84: building queue full (5)
[11:45:24] planet 83: building queue full (5)
[11:45:24] research: blocked research_intergalactic_research_network (research_hyperspace_technology 6/8)
[2026-05-13 11:46:06] ==== loop 126/∞ | seed=819596940460494666 archetype=balanced personality=tecnologico focus=tech actions_per_loop=4 ====
[11:46:09] planet 27: no resources for building_crystal_store+1
[11:46:09] planet 84: building queue full (5)
[11:46:09] planet 83: building queue full (5)
[11:46:09] planet 90: queue busy, throttled building_robot_factory
[11:46:09] planet 84: building queue full (5)
[11:46:09] planet 83: building queue full (5)
[11:46:09] research: blocked research_intergalactic_research_network (research_hyperspace_technology 6/8)
[2026-05-13 11:46:50] ==== loop 127/∞ | seed=819596940460494666 archetype=balanced personality=tecnologico focus=tech actions_per_loop=4 ====
[11:46:51] planet 27: no resources for building_crystal_store+1
[11:46:51] planet 84: building queue full (5)
[11:46:51] planet 83: building queue full (5)
[11:46:51] planet 90: queue busy, throttled building_robot_factory
[11:46:51] planet 84: building queue full (5)
[11:46:51] planet 83: building queue full (5)
[11:46:51] research: blocked research_intergalactic_research_network (research_hyperspace_technology 6/8)
[2026-05-13 11:47:41] ==== loop 128/∞ | seed=819596940460494666 archetype=balanced personality=tecnologico focus=tech actions_per_loop=4 ====
[11:47:44] planet 27: no resources for building_crystal_store+1
[11:47:44] planet 84: building queue full (5)
[11:47:44] planet 83: building queue full (5)
[11:47:44] planet 90: queue busy, throttled building_robot_factory
[11:47:44] planet 84: building queue full (5)
[11:47:44] planet 83: building queue full (5)
[11:47:44] research: blocked research_intergalactic_research_network (research_hyperspace_technology 6/8)
[2026-05-13 11:48:24] ==== loop 129/∞ | seed=819596940460494666 archetype=balanced personality=tecnologico focus=tech actions_per_loop=4 ====
[11:48:27] planet 27: no resources for building_crystal_store+1
[11:48:27] planet 84: building queue full (5)
[11:48:27] planet 83: building queue full (5)
[11:48:27] planet 90: queue busy, throttled building_robot_factory
[11:48:27] planet 84: building queue full (5)
[11:48:27] planet 83: building queue full (5)
[11:48:27] research: blocked research_intergalactic_research_network (research_hyperspace_technology 6/8)
[2026-05-13 11:49:13] ==== loop 130/∞ | seed=819596940460494666 archetype=balanced personality=tecnologico focus=tech actions_per_loop=4 ====
[11:49:17] planet 27: no resources for building_crystal_store+1
[11:49:17] planet 84: building queue full (5)
[11:49:17] planet 83: building queue full (5)
[11:49:17] planet 90: queue busy, throttled building_robot_factory
[11:49:17] planet 84: building queue full (5)
[11:49:17] planet 83: building queue full (5)
[11:49:17] research: blocked research_intergalactic_research_network (research_hyperspace_technology 6/8)
[2026-05-13 11:50:05] ==== loop 131/∞ | seed=819596940460494666 archetype=balanced personality=tecnologico focus=tech actions_per_loop=4 ====
[11:50:09] planet 27: no resources for building_metal_store+1
[11:50:09] planet 84: building queue full (5)
[11:50:09] planet 83: building queue full (5)
[11:50:09] planet 90: queue busy, throttled building_robot_factory
[11:50:09] planet 84: building queue full (5)
[11:50:09] planet 83: building queue full (5)
[11:50:09] research: blocked research_intergalactic_research_network (research_hyperspace_technology 6/8)
[2026-05-13 11:50:54] ==== loop 132/∞ | seed=819596940460494666 archetype=balanced personality=tecnologico focus=tech actions_per_loop=4 ====
[11:50:56] planet 27: no resources for building_metal_store+1
[11:50:56] planet 84: building queue full (5)
[11:50:56] planet 83: building queue full (5)
[11:50:56] planet 90: queue busy, throttled building_robot_factory
[11:50:56] planet 84: building queue full (5)
[11:50:56] planet 83: building queue full (5)
[11:50:56] research: blocked research_intergalactic_research_network (research_hyperspace_technology 6/8)
[2026-05-13 11:51:42] ==== loop 133/∞ | seed=819596940460494666 archetype=balanced personality=tecnologico focus=tech actions_per_loop=4 ====
[11:51:45] planet 27: no resources for building_metal_store+1
[11:51:45] planet 84: building queue full (5)
[11:51:45] planet 83: building queue full (5)
[11:51:45] planet 90: queue busy, throttled building_robot_factory
[11:51:45] planet 84: building queue full (5)
[11:51:45] planet 83: building queue full (5)
[11:51:45] research: blocked research_intergalactic_research_network (research_hyperspace_technology 6/8)
[2026-05-13 11:52:30] ==== loop 134/∞ | seed=819596940460494666 archetype=balanced personality=tecnologico focus=tech actions_per_loop=4 ====
[11:52:34] planet 27: no resources for building_metal_store+1
[11:52:34] planet 84: building queue full (5)
[11:52:34] planet 83: building queue full (5)
[11:52:34] planet 90: queue busy, throttled building_robot_factory
[11:52:34] planet 84: building queue full (5)
[11:52:34] planet 83: building queue full (5)
[11:52:34] research: blocked research_intergalactic_research_network (research_hyperspace_technology 6/8)
[2026-05-13 11:53:16] ==== loop 135/∞ | seed=819596940460494666 archetype=balanced personality=tecnologico focus=tech actions_per_loop=4 ====
[11:53:19] planet 27: no resources for building_metal_store+1
[11:53:19] planet 84: building queue full (5)
[11:53:19] planet 83: building queue full (5)
[11:53:19] planet 90: queue busy, throttled building_robot_factory
[11:53:19] planet 84: building queue full (5)
[11:53:19] research: blocked research_intergalactic_research_network (research_hyperspace_technology 6/8)
[2026-05-13 11:53:58] ==== loop 136/∞ | seed=819596940460494666 archetype=balanced personality=tecnologico focus=tech actions_per_loop=4 ====
[11:54:01] planet 27: no resources for building_metal_store+1
[11:54:01] planet 84: building queue full (5)
[11:54:01] planet 83: building queue full (5)
[11:54:01] planet 90: queue busy, throttled building_robot_factory
[11:54:01] planet 84: building queue full (5)
[11:54:01] planet 83: building queue full (5)
[11:54:01] research: blocked research_intergalactic_research_network (research_hyperspace_technology 6/8)
[2026-05-13 11:54:38] ==== loop 137/∞ | seed=819596940460494666 archetype=balanced personality=tecnologico focus=tech actions_per_loop=4 ====
[11:54:42] planet 27: no resources for building_metal_store+1
[11:54:42] planet 84: building queue full (5)
[11:54:42] planet 83: building queue full (5)
[11:54:42] planet 90: queue busy, throttled building_robot_factory
[11:54:42] planet 84: building queue full (5)
[11:54:42] planet 83: building queue full (5)
[2026-05-13 11:55:21] ==== loop 138/∞ | seed=819596940460494666 archetype=balanced personality=tecnologico focus=tech actions_per_loop=4 ====
[11:55:24] planet 27: no resources for building_metal_store+1
[11:55:24] planet 84: building queue full (5)
[11:55:24] planet 83: building queue full (5)
[11:55:24] planet 90: queue busy, throttled building_robot_factory
[11:55:24] planet 84: building queue full (5)
[11:55:24] planet 83: building queue full (5)
[2026-05-13 11:56:14] ==== loop 139/∞ | seed=819596940460494666 archetype=balanced personality=tecnologico focus=tech actions_per_loop=4 ====
[11:56:15] planet 27: no resources for building_metal_store+1
[11:56:15] planet 84: building queue full (5)
[11:56:15] planet 83: building queue full (5)
[11:56:15] planet 90: queue busy, throttled building_robot_factory
[11:56:15] planet 84: building queue full (5)
[11:56:15] planet 83: building queue full (5)
[11:56:15] research: blocked research_intergalactic_research_network (research_hyperspace_technology 6/8)
[2026-05-13 11:56:57] ==== loop 140/∞ | seed=819596940460494666 archetype=balanced personality=tecnologico focus=tech actions_per_loop=4 ====
[11:57:01] planet 27: no resources for building_metal_store+1
[11:57:01] planet 84: building queue full (5)
[11:57:01] planet 83: building queue full (5)
[11:57:01] planet 90: queue busy, throttled building_robot_factory
[11:57:01] planet 84: building queue full (5)
[11:57:01] planet 83: building queue full (5)
[11:57:01] research: blocked research_intergalactic_research_network (research_hyperspace_technology 6/8)
[2026-05-13 11:57:46] ==== loop 141/∞ | seed=819596940460494666 archetype=balanced personality=tecnologico focus=tech actions_per_loop=4 ====
[11:57:50] planet 27: no resources for building_metal_store+1
[11:57:50] planet 84: building queue full (5)
[11:57:50] planet 83: building queue full (5)
[11:57:50] planet 90: queue busy, throttled building_robot_factory
[11:57:50] planet 84: building queue full (5)
[11:57:50] planet 83: building queue full (5)
[11:57:50] research: blocked research_intergalactic_research_network (research_hyperspace_technology 6/8)
[2026-05-13 11:58:29] ==== loop 142/∞ | seed=819596940460494666 archetype=balanced personality=tecnologico focus=tech actions_per_loop=4 ====
[11:58:32] planet 27: no resources for building_metal_store+1
[11:58:32] planet 84: building queue full (5)
[11:58:32] planet 83: building queue full (5)
[11:58:32] planet 90: queue busy, throttled building_robot_factory
[11:58:32] planet 84: building queue full (5)
[2026-05-13 11:59:12] ==== loop 143/∞ | seed=819596940460494666 archetype=balanced personality=tecnologico focus=tech actions_per_loop=4 ====
[11:59:15] planet 27: no resources for building_metal_store+1
[11:59:15] planet 84: building queue full (5)
[11:59:15] planet 83: building queue full (5)
[11:59:15] planet 90: queue busy, throttled building_robot_factory
[11:59:15] planet 84: building queue full (5)
[11:59:15] planet 83: building queue full (5)
[2026-05-13 11:59:53] ==== loop 144/∞ | seed=819596940460494666 archetype=balanced personality=tecnologico focus=tech actions_per_loop=4 ====
[11:59:56] planet 27: no resources for building_metal_store+1
[11:59:56] planet 84: building queue full (5)
[11:59:56] planet 83: building queue full (5)
[11:59:56] planet 90: queue busy, throttled building_robot_factory
[11:59:56] planet 84: building queue full (5)
[11:59:56] planet 83: building queue full (5)
[11:59:56] research: blocked research_intergalactic_research_network (research_hyperspace_technology 6/8)
[2026-05-13 12:00:40] ==== loop 145/∞ | seed=819596940460494666 archetype=balanced personality=tecnologico focus=tech actions_per_loop=4 ====
[12:00:42] planet 27: queued building_metal_mine to 35
[12:00:42] planet 84: queued building_solar_plant to 18
[12:00:42] planet 83: building queue full (5)
[12:00:42] planet 90: queue busy, throttled building_robot_factory
[12:00:42] planet 83: building queue full (5)
[12:00:42] research: blocked research_intergalactic_research_network (research_hyperspace_technology 6/8)
[2026-05-13 12:01:27] ==== loop 146/∞ | seed=819596940460494666 archetype=balanced personality=tecnologico focus=tech actions_per_loop=4 ====
[12:01:30] planet 27: building queue full (5)
[12:01:30] planet 84: building queue full (5)
[12:01:30] planet 83: building queue full (5)
[12:01:30] planet 90: queue busy, throttled building_robot_factory
[12:01:30] planet 27: building queue full (5)
[12:01:30] planet 84: building queue full (5)
[12:01:30] planet 83: building queue full (5)
[12:01:30] research: blocked research_intergalactic_research_network (research_hyperspace_technology 6/8)
[2026-05-13 12:02:13] ==== loop 147/∞ | seed=819596940460494666 archetype=balanced personality=tecnologico focus=tech actions_per_loop=4 ====
[12:02:18] planet 27: building queue full (5)
[12:02:18] planet 84: building queue full (5)
[12:02:18] planet 83: building queue full (5)
[12:02:18] planet 90: queue busy, throttled building_robot_factory
[12:02:18] planet 27: building queue full (5)
[12:02:18] planet 84: building queue full (5)
[12:02:18] research: blocked research_intergalactic_research_network (research_hyperspace_technology 6/8)
[2026-05-13 12:02:59] ==== loop 148/∞ | seed=819596940460494666 archetype=balanced personality=tecnologico focus=tech actions_per_loop=4 ====
[12:03:03] planet 27: building queue full (5)
[12:03:03] planet 84: building queue full (5)
[12:03:03] planet 83: building queue full (5)
[12:03:03] planet 90: queue busy, throttled building_robot_factory
[12:03:03] planet 27: building queue full (5)
[12:03:03] planet 84: building queue full (5)
[12:03:03] planet 83: building queue full (5)
[12:03:03] research: blocked research_intergalactic_research_network (research_hyperspace_technology 6/8)
[2026-05-13 12:03:47] ==== loop 149/∞ | seed=819596940460494666 archetype=balanced personality=tecnologico focus=tech actions_per_loop=4 ====
[12:03:52] planet 27: building queue full (5)
[12:03:52] planet 84: building queue full (5)
[12:03:52] planet 83: building queue full (5)
[12:03:52] planet 90: queue busy, throttled building_robot_factory
[12:03:52] planet 27: building queue full (5)
[12:03:52] planet 84: building queue full (5)
[12:03:52] planet 83: building queue full (5)
[12:03:52] research: blocked research_intergalactic_research_network (research_hyperspace_technology 6/8)
[2026-05-13 12:04:35] ==== loop 150/∞ | seed=819596940460494666 archetype=balanced personality=tecnologico focus=tech actions_per_loop=4 ====
[12:04:39] planet 27: building queue full (5)
[12:04:39] planet 84: building queue full (5)
[12:04:39] planet 83: building queue full (5)
[12:04:39] planet 90: queue busy, throttled building_robot_factory
[12:04:39] planet 27: building queue full (5)
[12:04:39] planet 84: building queue full (5)
[12:04:39] planet 83: building queue full (5)
[2026-05-13 12:05:21] ==== loop 151/∞ | seed=819596940460494666 archetype=balanced personality=tecnologico focus=tech actions_per_loop=4 ====
[12:05:26] planet 27: building queue full (5)
[12:05:26] planet 84: building queue full (5)
[12:05:26] planet 83: building queue full (5)
[12:05:26] planet 90: queue busy, throttled building_robot_factory
[12:05:26] planet 27: building queue full (5)
[12:05:26] planet 84: building queue full (5)
[12:05:26] planet 83: building queue full (5)
[12:05:26] research: blocked research_intergalactic_research_network (research_hyperspace_technology 6/8)
[2026-05-13 12:06:10] ==== loop 152/∞ | seed=819596940460494666 archetype=balanced personality=tecnologico focus=tech actions_per_loop=4 ====
[12:06:16] planet 27: building queue full (5)
[12:06:16] planet 84: building queue full (5)
[12:06:16] planet 83: building queue full (5)
[12:06:16] planet 90: queue busy, throttled building_robot_factory
[12:06:16] planet 27: building queue full (5)
[12:06:16] planet 84: building queue full (5)
[12:06:16] planet 83: building queue full (5)
[2026-05-13 12:07:00] ==== loop 153/∞ | seed=819596940460494666 archetype=balanced personality=tecnologico focus=tech actions_per_loop=4 ====
[12:07:03] planet 27: building queue full (5)
[12:07:03] planet 84: building queue full (5)
[12:07:03] planet 83: building queue full (5)
[12:07:03] planet 90: queue busy, throttled building_robot_factory
[12:07:03] planet 27: building queue full (5)
[12:07:03] planet 84: building queue full (5)
[12:07:03] planet 83: building queue full (5)
[12:07:03] research: blocked research_intergalactic_research_network (research_hyperspace_technology 6/8)
[2026-05-13 12:07:49] ==== loop 154/∞ | seed=819596940460494666 archetype=balanced personality=tecnologico focus=tech actions_per_loop=4 ====
[12:07:52] planet 27: building queue full (5)
[12:07:52] planet 84: building queue full (5)
[12:07:52] planet 83: building queue full (5)
[12:07:52] planet 90: queue busy, throttled building_robot_factory
[12:07:52] planet 27: building queue full (5)
[12:07:52] planet 84: building queue full (5)
[12:07:52] planet 83: building queue full (5)
[12:07:52] research: blocked research_intergalactic_research_network (research_hyperspace_technology 6/8)
[2026-05-13 12:08:44] ==== loop 155/∞ | seed=819596940460494666 archetype=balanced personality=tecnologico focus=tech actions_per_loop=4 ====
[12:08:47] planet 27: queued ship_solar_satellite +5
[12:08:47] planet 84: building queue full (5)
[12:08:47] planet 83: queued defense_rocket_launcher +8
[12:08:47] planet 90: queue busy, throttled building_robot_factory
[12:08:47] planet 27: skipped duplicate ship_solar_satellite this loop
[12:08:47] planet 84: building queue full (5)
[12:08:47] planet 83: skipped duplicate defense_rocket_launcher this loop
[12:08:47] research: blocked research_intergalactic_research_network (research_hyperspace_technology 6/8)
[2026-05-13 12:09:34] ==== loop 156/∞ | seed=819596940460494666 archetype=balanced personality=tecnologico focus=tech actions_per_loop=4 ====
[12:09:38] planet 27: queued ship_solar_satellite +5
[12:09:38] planet 84: building queue full (5)
[12:09:38] planet 83: queued defense_rocket_launcher +8
[12:09:38] planet 90: queue busy, throttled building_robot_factory
[12:09:38] planet 27: skipped duplicate ship_solar_satellite this loop
[12:09:38] planet 84: building queue full (5)
[12:09:38] research: blocked research_intergalactic_research_network (research_hyperspace_technology 6/8)
[2026-05-13 12:10:17] ==== loop 157/∞ | seed=819596940460494666 archetype=balanced personality=tecnologico focus=tech actions_per_loop=4 ====
[12:10:20] planet 27: queued ship_solar_satellite +5
[12:10:20] planet 84: building queue full (5)
[12:10:20] planet 83: queued ship_espionage_probe +5
[12:10:20] planet 90: queue busy, throttled building_robot_factory
[12:10:20] planet 27: skipped duplicate ship_solar_satellite this loop
[12:10:20] planet 84: building queue full (5)
[12:10:20] planet 83: skipped duplicate ship_espionage_probe this loop
[12:10:20] attack: spy 1:7:8 probes=4 eta=1s
[12:10:20] research: blocked research_intergalactic_research_network (research_hyperspace_technology 6/8)
[2026-05-13 12:11:06] ==== loop 158/∞ | seed=819596940460494666 archetype=balanced personality=tecnologico focus=tech actions_per_loop=4 ====
[12:11:08] planet 27: queued ship_solar_satellite +5
[12:11:08] planet 84: building queue full (5)
[12:11:08] planet 83: queued ship_espionage_probe +5
[12:11:08] planet 90: queue busy, throttled building_robot_factory
[12:11:08] planet 27: skipped duplicate ship_solar_satellite this loop
[12:11:08] planet 84: building queue full (5)
[12:11:08] planet 83: skipped duplicate ship_espionage_probe this loop
[12:11:08] attack: intel 1:7:8 ships=151 defs=200 res=113380660
[12:11:08] attack: spy 1:4:10 probes=4 eta=1s
[12:11:08] research: blocked research_intergalactic_research_network (research_hyperspace_technology 6/8)
[2026-05-13 12:11:52] ==== loop 159/∞ | seed=819596940460494666 archetype=balanced personality=tecnologico focus=tech actions_per_loop=4 ====
[12:11:56] planet 27: queued ship_solar_satellite +5
[12:11:56] planet 84: building queue full (5)
[12:11:56] planet 83: queued ship_espionage_probe +5
[12:11:56] planet 90: queue busy, throttled building_robot_factory
[12:11:56] planet 27: skipped duplicate ship_solar_satellite this loop
[12:11:56] planet 84: building queue full (5)
[12:11:56] planet 83: skipped duplicate ship_espionage_probe this loop
[12:11:56] attack: intel 1:4:10 ships=194 defs=2 res=403935401
[12:11:56] attack: spy 1:6:4 probes=4 eta=1s
[12:11:56] research: blocked research_intergalactic_research_network (research_hyperspace_technology 6/8)
[2026-05-13 12:12:06] ==== loop 1/∞ | seed=819596940460494666 archetype=balanced personality=tecnologico focus=tech actions_per_loop=4 ====
[12:12:09] planet 27: queued ship_solar_satellite +5
[12:12:09] planet 84: building queue full (5)
[12:12:09] planet 83: queued ship_espionage_probe +5
[12:12:09] planet 90: queue busy, throttled building_robot_factory
[12:12:09] planet 27: skipped duplicate ship_solar_satellite this loop
[12:12:09] planet 84: building queue full (5)
[12:12:09] planet 83: skipped duplicate ship_espionage_probe this loop
[12:12:09] attack: intel 1:6:4 ships=755 defs=183 res=337413289
[12:12:09] attack: spy 1:6:8 probes=4 eta=1s
[12:12:09] attack: spy 1:7:10 probes=4 eta=1s
[2026-05-13 12:12:20] ==== loop 1/∞ | seed=819596940460494666 archetype=balanced personality=tecnologico focus=tech actions_per_loop=4 ====
[12:12:23] planet 27: queued ship_solar_satellite +5
[12:12:23] planet 84: building queue full (5)
[12:12:23] planet 83: queued ship_espionage_probe +5
[12:12:23] planet 90: queue busy, throttled building_robot_factory
[12:12:23] planet 27: skipped duplicate ship_solar_satellite this loop
[12:12:23] planet 84: building queue full (5)
[12:12:23] attack: intel 1:6:8 ships=689 defs=262 res=399766069
[12:12:23] attack: intel 1:7:10 ships=468 defs=210 res=118724591
[12:12:23] attack: spy 1:56:9 probes=4 eta=1s
[12:12:23] research: blocked research_intergalactic_research_network (research_hyperspace_technology 6/8)
[2026-05-13 12:12:33] ==== loop 1/∞ | seed=819596940460494666 archetype=balanced personality=tecnologico focus=tech actions_per_loop=4 ====
[12:12:36] planet 27: queued ship_solar_satellite +1
[12:12:36] planet 84: building queue full (5)
[12:12:36] planet 83: queued ship_espionage_probe +5
[12:12:36] planet 90: queue busy, throttled building_robot_factory
[12:12:36] planet 27: no resources for building_metal_store+1
[12:12:36] planet 84: building queue full (5)
[12:12:36] planet 83: skipped duplicate ship_espionage_probe this loop
[12:12:36] attack: intel 1:56:9 ships=15 defs=0 res=163898
[12:12:36] attack: spy 1:57:9 probes=4 eta=1s
[12:12:36] attack: spy 1:58:9 probes=4 eta=1s
[2026-05-13 12:12:46] ==== loop 1/∞ | seed=819596940460494666 archetype=balanced personality=tecnologico focus=tech actions_per_loop=4 ====
[12:12:48] planet 27: no resources for building_metal_store+1
[12:12:48] planet 84: building queue full (5)
[12:12:48] planet 83: queued ship_espionage_probe +5
[12:12:48] planet 90: queue busy, throttled building_robot_factory
[12:12:48] planet 84: building queue full (5)
[12:12:48] planet 83: skipped duplicate ship_espionage_probe this loop
[12:12:48] attack: intel 1:57:9 ships=5 defs=5 res=168160
[12:12:48] attack: intel 1:58:9 ships=0 defs=0 res=84758
[12:12:48] attack: spy 1:2:1 probes=4 eta=1s
[12:12:48] research: blocked research_intergalactic_research_network (research_hyperspace_technology 6/8)
[2026-05-13 12:12:58] ==== loop 1/∞ | seed=819596940460494666 archetype=balanced personality=tecnologico focus=tech actions_per_loop=4 ====
[12:13:00] planet 27: no resources for building_metal_store+1
[12:13:00] planet 84: building queue full (5)
[12:13:00] planet 83: queued ship_espionage_probe +5
[12:13:00] planet 90: queue busy, throttled building_robot_factory
[12:13:00] planet 84: building queue full (5)
[12:13:00] planet 83: skipped duplicate ship_espionage_probe this loop
[12:13:00] attack: intel 1:2:1 ships=5 defs=0 res=8757745478
[12:13:00] attack: spy 1:2:2 probes=4 eta=1s
[12:13:00] attack: spy 1:2:3 probes=4 eta=1s
[12:13:00] research: blocked research_intergalactic_research_network (research_hyperspace_technology 6/8)
[2026-05-13 12:13:10] ==== loop 1/∞ | seed=819596940460494666 archetype=balanced personality=tecnologico focus=tech actions_per_loop=4 ====
[12:13:13] planet 27: no resources for building_metal_store+1
[12:13:13] planet 84: building queue full (5)
[12:13:13] planet 83: queued ship_espionage_probe +5
[12:13:13] planet 90: queue busy, throttled building_robot_factory
[12:13:13] planet 84: building queue full (5)
[12:13:13] planet 83: skipped duplicate ship_espionage_probe this loop
[12:13:13] attack: intel 1:2:2 ships=5 defs=0 res=8681901796
[12:13:13] attack: intel 1:2:3 ships=10 defs=0 res=8673799958
[12:13:13] attack: spy 1:2:4 probes=4 eta=1s
[12:13:13] research: blocked research_intergalactic_research_network (research_hyperspace_technology 6/8)
[2026-05-13 12:13:23] ==== loop 1/∞ | seed=819596940460494666 archetype=balanced personality=tecnologico focus=tech actions_per_loop=4 ====
[12:13:26] planet 27: no resources for building_metal_store+1
[12:13:26] planet 84: building queue full (5)
[12:13:26] planet 83: queued ship_espionage_probe +5
[12:13:26] planet 90: queue busy, throttled building_robot_factory
[12:13:26] planet 84: building queue full (5)
[12:13:26] planet 83: skipped duplicate ship_espionage_probe this loop
[12:13:26] attack: intel 1:2:4 ships=0 defs=0 res=8673544393
[12:13:26] attack: spy 1:2:5 probes=4 eta=1s
[12:13:26] research: blocked research_intergalactic_research_network (research_hyperspace_technology 6/8)
[2026-05-13 12:13:37] ==== loop 1/∞ | seed=819596940460494666 archetype=balanced personality=tecnologico focus=tech actions_per_loop=4 ====
[12:13:39] planet 27: no resources for building_metal_store+1
[12:13:39] planet 84: building queue full (5)
[12:13:39] planet 83: queued ship_espionage_probe +5
[12:13:39] planet 90: queue busy, throttled building_robot_factory
[12:13:39] planet 84: building queue full (5)
[12:13:39] planet 83: skipped duplicate ship_espionage_probe this loop
[12:13:39] attack: intel 1:2:5 ships=0 defs=0 res=8534324942
[12:13:39] attack: spy 1:2:6 probes=4 eta=1s
[2026-05-13 12:13:49] ==== loop 1/∞ | seed=819596940460494666 archetype=balanced personality=tecnologico focus=tech actions_per_loop=4 ====
[12:13:52] planet 27: no resources for building_metal_store+1
[12:13:52] planet 84: building queue full (5)
[12:13:52] planet 83: queued ship_espionage_probe +5
[12:13:52] planet 90: queue busy, throttled building_robot_factory
[12:13:52] planet 84: building queue full (5)
[12:13:52] planet 83: skipped duplicate ship_espionage_probe this loop
[12:13:52] attack: intel 1:2:6 ships=16 defs=0 res=8679347042
[12:13:52] attack: spy 1:2:7 probes=4 eta=1s
[12:13:52] attack: spy 1:2:8 probes=4 eta=1s
[12:13:52] attack: spy 1:2:9 probes=4 eta=1s
[12:13:52] attack: spy 1:2:10 probes=4 eta=1s
[2026-05-13 12:14:02] ==== loop 1/∞ | seed=819596940460494666 archetype=balanced personality=tecnologico focus=tech actions_per_loop=4 ====
[12:14:04] planet 27: no resources for building_metal_store+1
[12:14:04] planet 84: building queue full (5)
[12:14:04] planet 83: queued ship_espionage_probe +5
[12:14:04] planet 90: queue busy, throttled building_robot_factory
[12:14:04] planet 84: building queue full (5)
[12:14:04] planet 83: skipped duplicate ship_espionage_probe this loop
[12:14:04] attack: intel 1:2:7 ships=8 defs=0 res=8653232694
[12:14:04] attack: intel 1:2:8 ships=0 defs=0 res=8509446211
[12:14:04] attack: intel 1:2:9 ships=0 defs=0 res=9017017052
[12:14:04] attack: intel 1:2:10 ships=0 defs=0 res=10215614754
[12:14:04] attack: spy 1:2:11 probes=4 eta=1s
[12:14:04] attack: spy 1:2:12 probes=4 eta=1s
[12:14:04] attack: spy 1:2:13 probes=4 eta=1s
[12:14:04] attack: spy 1:2:14 probes=4 eta=1s
[12:14:04] research: blocked research_intergalactic_research_network (research_hyperspace_technology 6/8)
[2026-05-13 12:14:15] ==== loop 1/∞ | seed=819596940460494666 archetype=balanced personality=tecnologico focus=tech actions_per_loop=4 ====
[12:14:19] planet 27: no resources for building_metal_store+1
[12:14:19] planet 84: building queue full (5)
[12:14:19] planet 83: queued ship_espionage_probe +5
[12:14:19] planet 90: queue busy, throttled building_robot_factory
[12:14:19] planet 84: building queue full (5)
[12:14:19] planet 83: skipped duplicate ship_espionage_probe this loop
[12:14:19] attack: intel 1:2:11 ships=0 defs=0 res=10217091054
[12:14:19] attack: intel 1:2:12 ships=0 defs=0 res=10218141907
[12:14:19] attack: intel 1:2:13 ships=0 defs=0 res=8673366903
[12:14:19] attack: intel 1:2:14 ships=0 defs=0 res=8891682030
[12:14:19] attack: spy 1:2:15 probes=4 eta=1s
[12:14:19] attack: spy 1:3:1 probes=4 eta=1s
[12:14:19] attack: spy 1:3:2 probes=4 eta=1s
[12:14:19] research: blocked research_intergalactic_research_network (research_hyperspace_technology 6/8)
[2026-05-13 12:14:29] ==== loop 1/∞ | seed=819596940460494666 archetype=balanced personality=tecnologico focus=tech actions_per_loop=4 ====
[12:14:32] planet 27: no resources for building_metal_store+1
[12:14:32] planet 84: building queue full (5)
[12:14:32] planet 83: queued ship_espionage_probe +5
[12:14:32] planet 90: queue busy, throttled building_robot_factory
[12:14:32] planet 84: building queue full (5)
[12:14:32] planet 83: skipped duplicate ship_espionage_probe this loop
[12:14:32] attack: intel 1:2:15 ships=0 defs=0 res=8929818031
[12:14:32] attack: intel 1:3:1 ships=0 defs=0 res=9028278406
[12:14:32] attack: intel 1:3:2 ships=0 defs=0 res=9023945587
[12:14:32] attack: idle no_fleet_slots (used=11 max=11)
[2026-05-13 12:14:42] ==== loop 1/∞ | seed=819596940460494666 archetype=balanced personality=tecnologico focus=tech actions_per_loop=4 ====
[12:14:45] planet 27: no resources for building_metal_store+1
[12:14:45] planet 84: building queue full (5)
[12:14:45] planet 83: queued ship_espionage_probe +5
[12:14:45] planet 90: queue busy, throttled building_robot_factory
[12:14:45] planet 84: building queue full (5)
[12:14:45] planet 83: skipped duplicate ship_espionage_probe this loop
[12:14:45] attack: idle no_fleet_slots (used=11 max=11)
[12:14:45] research: blocked research_intergalactic_research_network (research_hyperspace_technology 6/8)
[2026-05-13 12:14:56] ==== loop 1/∞ | seed=819596940460494666 archetype=balanced personality=tecnologico focus=tech actions_per_loop=4 ====
[12:14:58] planet 27: no resources for building_metal_store+1
[12:14:58] planet 84: building queue full (5)
[12:14:58] planet 83: queued ship_espionage_probe +5
[12:14:58] planet 90: queue busy, throttled building_robot_factory
[12:14:58] planet 84: building queue full (5)
[12:14:58] planet 83: skipped duplicate ship_espionage_probe this loop
[12:14:58] attack: idle no_fleet_slots (used=11 max=11)
[12:14:58] research: blocked research_intergalactic_research_network (research_hyperspace_technology 6/8)
[2026-05-13 12:15:08] ==== loop 1/∞ | seed=819596940460494666 archetype=balanced personality=tecnologico focus=tech actions_per_loop=4 ====
[12:15:10] planet 27: no resources for building_metal_store+1
[12:15:10] planet 84: building queue full (5)
[12:15:10] planet 83: queued ship_espionage_probe +5
[12:15:10] planet 90: queue busy, throttled building_robot_factory
[12:15:10] planet 84: building queue full (5)
[12:15:10] planet 83: skipped duplicate ship_espionage_probe this loop
[12:15:10] attack: idle no_fleet_slots (used=11 max=11)
[12:15:10] research: blocked research_intergalactic_research_network (research_hyperspace_technology 6/8)
[2026-05-13 12:15:21] ==== loop 1/∞ | seed=819596940460494666 archetype=balanced personality=tecnologico focus=tech actions_per_loop=4 ====
[12:15:24] planet 27: no resources for building_metal_store+1
[12:15:24] planet 84: building queue full (5)
[12:15:24] planet 83: queued ship_espionage_probe +5
[12:15:24] planet 90: queue busy, throttled building_robot_factory
[12:15:24] planet 84: building queue full (5)
[12:15:24] planet 83: skipped duplicate ship_espionage_probe this loop
[12:15:24] attack: idle no_fleet_slots (used=11 max=11)
[12:15:24] research: blocked research_intergalactic_research_network (research_hyperspace_technology 6/8)
[2026-05-13 12:15:34] ==== loop 1/∞ | seed=819596940460494666 archetype=balanced personality=tecnologico focus=tech actions_per_loop=4 ====
[12:15:37] planet 27: no resources for building_metal_store+1
[12:15:37] planet 84: building queue full (5)
[12:15:37] planet 83: queued ship_espionage_probe +5
[12:15:37] planet 90: queue busy, throttled building_robot_factory
[12:15:37] planet 84: building queue full (5)
[12:15:37] planet 83: skipped duplicate ship_espionage_probe this loop
[12:15:37] attack: idle no_fleet_slots (used=11 max=11)
[12:15:37] research: blocked research_intergalactic_research_network (research_hyperspace_technology 6/8)
[2026-05-13 12:15:47] ==== loop 1/∞ | seed=819596940460494666 archetype=balanced personality=tecnologico focus=tech actions_per_loop=4 ====
[12:15:50] planet 27: no resources for building_metal_store+1
[12:15:50] planet 84: building queue full (5)
[12:15:50] planet 83: queued ship_espionage_probe +5
[12:15:50] planet 90: queue busy, throttled building_robot_factory
[12:15:50] planet 84: building queue full (5)
[12:15:50] planet 83: skipped duplicate ship_espionage_probe this loop
[12:15:50] attack: idle no_fleet_slots (used=11 max=11)
[2026-05-13 12:16:00] ==== loop 1/∞ | seed=819596940460494666 archetype=balanced personality=tecnologico focus=tech actions_per_loop=4 ====
[12:16:02] planet 27: no resources for building_metal_store+1
[12:16:02] planet 84: building queue full (5)
[12:16:02] planet 83: queued ship_espionage_probe +5
[12:16:02] planet 90: queue busy, throttled building_robot_factory
[12:16:02] planet 84: building queue full (5)
[12:16:02] planet 83: skipped duplicate ship_espionage_probe this loop
[12:16:02] attack: idle no_fleet_slots (used=11 max=11)
[12:16:02] research: blocked research_intergalactic_research_network (research_hyperspace_technology 6/8)
[2026-05-13 12:16:13] ==== loop 1/∞ | seed=819596940460494666 archetype=balanced personality=tecnologico focus=tech actions_per_loop=4 ====
[12:16:15] planet 27: no resources for building_metal_store+1
[12:16:15] planet 84: building queue full (5)
[12:16:15] planet 83: queued ship_espionage_probe +5
[12:16:15] planet 90: queue busy, throttled building_robot_factory
[12:16:15] planet 84: building queue full (5)
[12:16:15] attack: idle no_fleet_slots (used=11 max=11)
[12:16:15] research: blocked research_intergalactic_research_network (research_hyperspace_technology 6/8)
[2026-05-13 12:16:25] ==== loop 1/∞ | seed=819596940460494666 archetype=balanced personality=tecnologico focus=tech actions_per_loop=4 ====
[12:16:28] planet 27: no resources for building_metal_store+1
[12:16:28] planet 84: building queue full (5)
[12:16:28] planet 83: queued ship_espionage_probe +5
[12:16:28] planet 90: queue busy, throttled building_robot_factory
[12:16:28] planet 84: building queue full (5)
[12:16:28] planet 83: skipped duplicate ship_espionage_probe this loop
[12:16:28] attack: idle no_fleet_slots (used=11 max=11)
[12:16:28] research: blocked research_intergalactic_research_network (research_hyperspace_technology 6/8)
[2026-05-13 12:16:39] ==== loop 1/∞ | seed=819596940460494666 archetype=balanced personality=tecnologico focus=tech actions_per_loop=4 ====
[12:16:42] planet 27: no resources for building_metal_store+1
[12:16:42] planet 84: queued building_crystal_mine to 19
[12:16:42] planet 83: queued ship_espionage_probe +5
[12:16:42] planet 90: queue busy, throttled building_robot_factory
[12:16:42] planet 83: skipped duplicate ship_espionage_probe this loop
[12:16:42] attack: idle no_fleet_slots (used=11 max=11)
[2026-05-13 12:16:52] ==== loop 1/∞ | seed=819596940460494666 archetype=balanced personality=tecnologico focus=tech actions_per_loop=4 ====
[12:16:54] planet 27: no resources for building_metal_store+1
[12:16:54] planet 84: building queue full (5)
[12:16:54] planet 83: queued ship_espionage_probe +5
[12:16:54] planet 90: queue busy, throttled building_robot_factory
[12:16:54] planet 84: building queue full (5)
[12:16:54] planet 83: skipped duplicate ship_espionage_probe this loop
[12:16:54] attack: idle no_fleet_slots (used=11 max=11)
[12:16:54] research: blocked research_intergalactic_research_network (research_hyperspace_technology 6/8)
[2026-05-13 12:17:04] ==== loop 1/∞ | seed=819596940460494666 archetype=balanced personality=tecnologico focus=tech actions_per_loop=4 ====
[12:17:08] planet 27: no resources for building_metal_store+1
[12:17:08] planet 84: building queue full (5)
[12:17:08] planet 83: queued ship_espionage_probe +5
[12:17:08] planet 90: queue busy, throttled building_robot_factory
[12:17:08] planet 84: building queue full (5)
[12:17:08] planet 83: skipped duplicate ship_espionage_probe this loop
[12:17:08] attack: idle no_fleet_slots (used=11 max=11)
[2026-05-13 12:17:18] ==== loop 1/∞ | seed=819596940460494666 archetype=balanced personality=tecnologico focus=tech actions_per_loop=4 ====
[12:17:23] planet 27: no resources for building_metal_store+1
[12:17:23] planet 84: building queue full (5)
[12:17:23] planet 83: queued ship_espionage_probe +5
[12:17:23] planet 90: queue busy, throttled building_robot_factory
[12:17:23] planet 84: building queue full (5)
[12:17:23] attack: idle no_fleet_slots (used=11 max=11)
[12:17:23] research: blocked research_intergalactic_research_network (research_hyperspace_technology 6/8)
[2026-05-13 12:17:33] ==== loop 1/∞ | seed=819596940460494666 archetype=balanced personality=tecnologico focus=tech actions_per_loop=4 ====
[12:17:35] planet 27: no resources for building_metal_store+1
[12:17:35] planet 84: building queue full (5)
[12:17:35] planet 83: queued ship_espionage_probe +5
[12:17:35] planet 90: queue busy, throttled building_robot_factory
[12:17:35] planet 84: building queue full (5)
[12:17:35] planet 83: skipped duplicate ship_espionage_probe this loop
[12:17:35] attack: idle no_fleet_slots (used=11 max=11)
[2026-05-13 12:17:45] ==== loop 1/∞ | seed=819596940460494666 archetype=balanced personality=tecnologico focus=tech actions_per_loop=4 ====
[12:17:48] planet 27: no resources for building_metal_store+1
[12:17:48] planet 84: building queue full (5)
[12:17:48] planet 83: queued ship_espionage_probe +5
[12:17:48] planet 90: queue busy, throttled building_robot_factory
[12:17:48] planet 84: building queue full (5)
[12:17:48] planet 83: skipped duplicate ship_espionage_probe this loop
[12:17:48] attack: idle no_fleet_slots (used=11 max=11)
[12:17:48] research: blocked research_intergalactic_research_network (research_hyperspace_technology 6/8)
[2026-05-13 12:17:58] ==== loop 1/∞ | seed=819596940460494666 archetype=balanced personality=tecnologico focus=tech actions_per_loop=4 ====
[12:18:00] planet 27: no resources for building_metal_store+1
[12:18:00] planet 84: building queue full (5)
[12:18:00] planet 83: queued ship_espionage_probe +5
[12:18:00] planet 90: queue busy, throttled building_robot_factory
[12:18:00] planet 84: building queue full (5)
[12:18:00] planet 83: skipped duplicate ship_espionage_probe this loop
[12:18:00] attack: idle no_fleet_slots (used=11 max=11)
[2026-05-13 12:18:11] ==== loop 1/∞ | seed=819596940460494666 archetype=balanced personality=tecnologico focus=tech actions_per_loop=4 ====
[12:18:14] planet 27: no resources for building_metal_store+1
[12:18:14] planet 84: building queue full (5)
[12:18:14] planet 83: queued ship_espionage_probe +5
[12:18:14] planet 90: queue busy, throttled building_robot_factory
[12:18:14] planet 84: building queue full (5)
[12:18:14] planet 83: skipped duplicate ship_espionage_probe this loop
[12:18:14] attack: idle no_fleet_slots (used=11 max=11)
[12:18:14] research: blocked research_intergalactic_research_network (research_hyperspace_technology 6/8)
[2026-05-13 12:18:24] ==== loop 1/∞ | seed=819596940460494666 archetype=balanced personality=tecnologico focus=tech actions_per_loop=4 ====
[12:18:26] planet 27: no resources for building_metal_store+1
[12:18:26] planet 84: building queue full (5)
[12:18:26] planet 83: queued ship_espionage_probe +5
[12:18:26] planet 90: queue busy, throttled building_robot_factory
[12:18:26] planet 84: building queue full (5)
[12:18:26] attack: idle no_fleet_slots (used=11 max=11)
[12:18:26] research: blocked research_intergalactic_research_network (research_hyperspace_technology 6/8)
[2026-05-13 12:18:36] ==== loop 1/∞ | seed=819596940460494666 archetype=balanced personality=tecnologico focus=tech actions_per_loop=4 ====
[12:18:39] planet 27: no resources for building_metal_store+1
[12:18:39] planet 84: building queue full (5)
[12:18:39] planet 83: queued ship_espionage_probe +5
[12:18:39] planet 90: queue busy, throttled building_robot_factory
[12:18:39] planet 84: building queue full (5)
[12:18:39] planet 83: skipped duplicate ship_espionage_probe this loop
[12:18:39] attack: idle no_fleet_slots (used=11 max=11)
[12:18:39] research: blocked research_intergalactic_research_network (research_hyperspace_technology 6/8)
[2026-05-13 12:18:49] ==== loop 1/∞ | seed=819596940460494666 archetype=balanced personality=tecnologico focus=tech actions_per_loop=4 ====
[12:18:52] planet 27: no resources for building_metal_store+1
[12:18:52] planet 84: building queue full (5)
[12:18:52] planet 83: queued ship_espionage_probe +5
[12:18:52] planet 90: queue busy, throttled building_robot_factory
[12:18:52] planet 84: building queue full (5)
[12:18:52] attack: idle no_fleet_slots (used=11 max=11)
[12:18:52] research: blocked research_intergalactic_research_network (research_hyperspace_technology 6/8)
[2026-05-13 12:19:02] ==== loop 1/∞ | seed=819596940460494666 archetype=balanced personality=tecnologico focus=tech actions_per_loop=4 ====
[12:19:05] planet 27: no resources for building_metal_store+1
[12:19:05] planet 84: building queue full (5)
[12:19:05] planet 83: queued ship_espionage_probe +5
[12:19:05] planet 90: queue busy, throttled building_robot_factory
[12:19:05] planet 84: building queue full (5)
[12:19:05] planet 83: skipped duplicate ship_espionage_probe this loop
[12:19:05] attack: idle no_fleet_slots (used=11 max=11)
[2026-05-13 12:19:15] ==== loop 1/∞ | seed=819596940460494666 archetype=balanced personality=tecnologico focus=tech actions_per_loop=4 ====
[12:19:19] planet 27: no resources for building_metal_store+1
[12:19:19] planet 84: building queue full (5)
[12:19:19] planet 83: queued ship_espionage_probe +5
[12:19:19] planet 90: queue busy, throttled building_robot_factory
[12:19:19] planet 84: queued ship_solar_satellite +5
[12:19:19] planet 83: skipped duplicate ship_espionage_probe this loop
[12:19:19] attack: idle no_fleet_slots (used=11 max=11)
[2026-05-13 12:19:29] ==== loop 1/∞ | seed=819596940460494666 archetype=balanced personality=tecnologico focus=tech actions_per_loop=4 ====
[12:19:31] planet 27: no resources for building_metal_store+1
[12:19:31] planet 84: queued ship_solar_satellite +2
[12:19:31] planet 83: queued ship_espionage_probe +5
[12:19:31] planet 90: queue busy, throttled building_robot_factory
[12:19:31] planet 84: building queue full (5)
[12:19:31] planet 83: skipped duplicate ship_espionage_probe this loop
[12:19:31] attack: idle no_fleet_slots (used=11 max=11)
[12:19:31] research: blocked research_intergalactic_research_network (research_hyperspace_technology 6/8)
[2026-05-13 12:19:41] ==== loop 1/∞ | seed=819596940460494666 archetype=balanced personality=tecnologico focus=tech actions_per_loop=4 ====
[12:19:45] planet 27: no resources for building_metal_store+1
[12:19:45] planet 84: building queue full (5)
[12:19:45] planet 83: queued ship_espionage_probe +5
[12:19:45] planet 90: queue busy, throttled building_robot_factory
[12:19:45] planet 84: building queue full (5)
[12:19:45] planet 83: skipped duplicate ship_espionage_probe this loop
[12:19:45] attack: idle no_fleet_slots (used=11 max=11)
[12:19:45] research: blocked research_intergalactic_research_network (research_hyperspace_technology 6/8)
[2026-05-13 12:19:55] ==== loop 1/∞ | seed=819596940460494666 archetype=balanced personality=tecnologico focus=tech actions_per_loop=4 ====
[12:19:57] planet 27: no resources for building_metal_store+1
[12:19:57] planet 84: building queue full (5)
[12:19:57] planet 83: queued ship_espionage_probe +5
[12:19:57] planet 90: queue busy, throttled building_robot_factory
[12:19:57] planet 84: building queue full (5)
[12:19:57] planet 83: skipped duplicate ship_espionage_probe this loop
[12:19:57] attack: idle no_fleet_slots (used=11 max=11)
[12:19:57] research: blocked research_intergalactic_research_network (research_hyperspace_technology 6/8)
[2026-05-13 12:20:07] ==== loop 1/∞ | seed=819596940460494666 archetype=balanced personality=tecnologico focus=tech actions_per_loop=4 ====
[12:20:09] planet 27: no resources for building_crystal_store+1
[12:20:09] planet 84: queued building_metal_store to 12
[12:20:09] planet 83: queued building_robot_factory to 3
[12:20:09] planet 90: queue busy, throttled building_robot_factory
[12:20:09] attack: idle no_fleet_slots (used=11 max=11)
[12:20:09] research: blocked research_intergalactic_research_network (research_hyperspace_technology 6/8)
[2026-05-13 12:20:20] ==== loop 1/∞ | seed=819596940460494666 archetype=balanced personality=tecnologico focus=tech actions_per_loop=4 ====
[12:20:23] planet 27: no resources for building_crystal_store+1
[12:20:23] planet 84: building queue full (5)
[12:20:23] planet 83: queued building_crystal_store to 8
[12:20:23] planet 90: queue busy, throttled building_robot_factory
[12:20:23] planet 84: building queue full (5)
[12:20:23] attack: idle no_fleet_slots (used=11 max=11)
[12:20:23] research: blocked research_intergalactic_research_network (research_hyperspace_technology 6/8)
[2026-05-13 12:20:33] ==== loop 1/∞ | seed=819596940460494666 archetype=balanced personality=tecnologico focus=tech actions_per_loop=4 ====
[12:20:36] planet 27: no resources for building_crystal_store+1
[12:20:36] planet 84: building queue full (5)
[12:20:36] planet 83: building queue full (5)
[12:20:36] planet 90: queue busy, throttled building_robot_factory
[12:20:36] planet 84: building queue full (5)
[12:20:36] planet 83: building queue full (5)
[12:20:36] attack: idle no_fleet_slots (used=11 max=11)
[12:20:36] research: blocked research_intergalactic_research_network (research_hyperspace_technology 6/8)
[2026-05-13 12:20:46] ==== loop 1/∞ | seed=819596940460494666 archetype=balanced personality=tecnologico focus=tech actions_per_loop=4 ====
[12:20:49] planet 27: no resources for building_crystal_store+1
[12:20:49] planet 84: building queue full (5)
[12:20:49] planet 83: queued building_solar_plant to 15
[12:20:49] planet 90: queue busy, throttled building_robot_factory
[12:20:49] planet 84: building queue full (5)
[12:20:49] attack: idle no_fleet_slots (used=11 max=11)
[2026-05-13 12:20:59] ==== loop 1/∞ | seed=819596940460494666 archetype=balanced personality=tecnologico focus=tech actions_per_loop=4 ====
[12:21:03] planet 27: no resources for building_crystal_store+1
[12:21:03] planet 84: building queue full (5)
[12:21:03] planet 83: building queue full (5)
[12:21:03] planet 90: queue busy, throttled building_robot_factory
[12:21:03] planet 84: building queue full (5)
[12:21:03] planet 83: building queue full (5)
[12:21:03] attack: idle no_fleet_slots (used=11 max=11)
[12:21:03] research: blocked research_intergalactic_research_network (research_hyperspace_technology 6/8)
[2026-05-13 12:21:13] ==== loop 1/∞ | seed=819596940460494666 archetype=balanced personality=tecnologico focus=tech actions_per_loop=4 ====
[12:21:17] planet 27: no resources for building_crystal_store+1
[12:21:17] planet 84: building queue full (5)
[12:21:17] planet 83: building queue full (5)
[12:21:17] planet 90: queue busy, throttled building_robot_factory
[12:21:17] planet 84: building queue full (5)
[12:21:17] planet 83: building queue full (5)
[12:21:17] attack: idle no_fleet_slots (used=11 max=11)
[12:21:17] research: blocked research_intergalactic_research_network (research_hyperspace_technology 6/8)
[2026-05-13 12:21:27] ==== loop 1/∞ | seed=819596940460494666 archetype=balanced personality=tecnologico focus=tech actions_per_loop=4 ====
[12:21:32] planet 27: no resources for building_crystal_store+1
[12:21:32] planet 84: building queue full (5)
[12:21:32] planet 83: building queue full (5)
[12:21:32] planet 90: queue busy, throttled building_robot_factory
[12:21:32] planet 84: building queue full (5)
[12:21:32] planet 83: building queue full (5)
[12:21:32] attack: idle no_fleet_slots (used=11 max=11)
[2026-05-13 12:21:42] ==== loop 1/∞ | seed=819596940460494666 archetype=balanced personality=tecnologico focus=tech actions_per_loop=4 ====
[12:21:46] planet 27: no resources for building_crystal_store+1
[12:21:46] planet 84: building queue full (5)
[12:21:46] planet 83: building queue full (5)
[12:21:46] planet 90: queue busy, throttled building_robot_factory
[12:21:46] planet 84: building queue full (5)
[12:21:46] planet 83: building queue full (5)
[12:21:46] attack: idle no_fleet_slots (used=11 max=11)
[2026-05-13 12:21:57] ==== loop 1/∞ | seed=819596940460494666 archetype=balanced personality=tecnologico focus=tech actions_per_loop=4 ====
[12:22:00] planet 27: no resources for building_crystal_store+1
[12:22:00] planet 84: building queue full (5)
[12:22:00] planet 83: building queue full (5)
[12:22:00] planet 90: queue busy, throttled building_robot_factory
[12:22:00] planet 84: building queue full (5)
[12:22:00] planet 83: building queue full (5)
[12:22:00] attack: idle no_fleet_slots (used=11 max=11)
[12:22:00] research: blocked research_intergalactic_research_network (research_hyperspace_technology 6/8)
[2026-05-13 12:22:10] ==== loop 1/∞ | seed=819596940460494666 archetype=balanced personality=tecnologico focus=tech actions_per_loop=4 ====
[12:22:13] planet 27: no resources for building_crystal_store+1
[12:22:13] planet 84: building queue full (5)
[12:22:13] planet 83: building queue full (5)
[12:22:13] planet 90: queue busy, throttled building_robot_factory
[12:22:13] planet 84: building queue full (5)
[12:22:13] planet 83: building queue full (5)
[12:22:13] attack: idle no_fleet_slots (used=11 max=11)
[12:22:13] research: blocked research_intergalactic_research_network (research_hyperspace_technology 6/8)
[2026-05-13 12:22:23] ==== loop 1/∞ | seed=819596940460494666 archetype=balanced personality=tecnologico focus=tech actions_per_loop=4 ====
[12:22:27] planet 27: no resources for building_crystal_store+1
[12:22:27] planet 84: building queue full (5)
[12:22:27] planet 83: building queue full (5)
[12:22:27] planet 90: queue busy, throttled building_robot_factory
[12:22:27] planet 84: building queue full (5)
[12:22:27] attack: idle no_fleet_slots (used=11 max=11)
[12:22:27] research: blocked research_intergalactic_research_network (research_hyperspace_technology 6/8)
[2026-05-13 12:22:37] ==== loop 1/∞ | seed=819596940460494666 archetype=balanced personality=tecnologico focus=tech actions_per_loop=4 ====
[12:22:41] planet 27: no resources for building_crystal_store+1
[12:22:41] planet 84: building queue full (5)
[12:22:41] planet 83: building queue full (5)
[12:22:41] planet 90: queue busy, throttled building_robot_factory
[12:22:41] planet 84: building queue full (5)
[12:22:41] planet 83: building queue full (5)
[12:22:41] attack: idle no_fleet_slots (used=11 max=11)
[12:22:41] research: blocked research_intergalactic_research_network (research_hyperspace_technology 6/8)
[2026-05-13 12:22:51] ==== loop 1/∞ | seed=819596940460494666 archetype=balanced personality=tecnologico focus=tech actions_per_loop=4 ====
[12:22:55] planet 27: no resources for building_crystal_store+1
[12:22:55] planet 84: building queue full (5)
[12:22:55] planet 83: building queue full (5)
[12:22:55] planet 90: queue busy, throttled building_robot_factory
[12:22:55] planet 84: building queue full (5)
[12:22:55] planet 83: building queue full (5)
[12:22:55] attack: idle no_fleet_slots (used=11 max=11)
[12:22:55] research: blocked research_intergalactic_research_network (research_hyperspace_technology 6/8)
[2026-05-13 12:23:06] ==== loop 1/∞ | seed=819596940460494666 archetype=balanced personality=tecnologico focus=tech actions_per_loop=4 ====
[12:23:09] planet 27: no resources for building_crystal_store+1
[12:23:09] planet 84: building queue full (5)
[12:23:09] planet 83: building queue full (5)
[12:23:09] planet 90: queue busy, throttled building_robot_factory
[12:23:09] planet 84: building queue full (5)
[12:23:09] attack: idle no_fleet_slots (used=11 max=11)
[12:23:09] research: blocked research_intergalactic_research_network (research_hyperspace_technology 6/8)
[2026-05-13 12:23:20] ==== loop 1/∞ | seed=819596940460494666 archetype=balanced personality=tecnologico focus=tech actions_per_loop=4 ====
[12:23:22] planet 27: no resources for building_crystal_store+1
[12:23:22] planet 84: building queue full (5)
[12:23:22] planet 83: building queue full (5)
[12:23:22] planet 90: queue busy, throttled building_robot_factory
[12:23:22] planet 84: building queue full (5)
[12:23:22] planet 83: building queue full (5)
[12:23:22] attack: idle no_fleet_slots (used=11 max=11)
[2026-05-13 12:23:32] ==== loop 1/∞ | seed=819596940460494666 archetype=balanced personality=tecnologico focus=tech actions_per_loop=4 ====
[12:23:37] planet 27: no resources for building_crystal_store+1
[12:23:37] planet 84: building queue full (5)
[12:23:37] planet 83: building queue full (5)
[12:23:37] planet 90: queue busy, throttled building_robot_factory
[12:23:37] planet 84: building queue full (5)
[12:23:37] planet 83: building queue full (5)
[12:23:37] attack: idle no_fleet_slots (used=11 max=11)
[12:23:37] research: blocked research_intergalactic_research_network (research_hyperspace_technology 6/8)
[2026-05-13 12:23:47] ==== loop 1/∞ | seed=819596940460494666 archetype=balanced personality=tecnologico focus=tech actions_per_loop=4 ====
[12:23:50] planet 27: no resources for building_crystal_store+1
[12:23:50] planet 84: building queue full (5)
[12:23:50] planet 83: building queue full (5)
[12:23:50] planet 90: queue busy, throttled building_robot_factory
[12:23:50] planet 84: building queue full (5)
[12:23:50] attack: idle no_fleet_slots (used=11 max=11)
[12:23:50] research: blocked research_intergalactic_research_network (research_hyperspace_technology 6/8)
[2026-05-13 12:24:01] ==== loop 1/∞ | seed=819596940460494666 archetype=balanced personality=tecnologico focus=tech actions_per_loop=4 ====
[12:24:04] planet 27: no resources for building_crystal_store+1
[12:24:04] planet 84: building queue full (5)
[12:24:04] planet 83: building queue full (5)
[12:24:04] planet 90: queue busy, throttled building_robot_factory
[12:24:04] planet 84: building queue full (5)
[12:24:04] planet 83: building queue full (5)
[12:24:04] attack: idle no_fleet_slots (used=11 max=11)
[12:24:04] research: blocked research_intergalactic_research_network (research_hyperspace_technology 6/8)
[2026-05-13 12:24:15] ==== loop 1/∞ | seed=819596940460494666 archetype=balanced personality=tecnologico focus=tech actions_per_loop=4 ====
[12:24:19] planet 27: no resources for building_crystal_store+1
[12:24:19] planet 84: building queue full (5)
[12:24:19] planet 83: building queue full (5)
[12:24:19] planet 90: queue busy, throttled building_robot_factory
[12:24:19] planet 84: building queue full (5)
[12:24:19] planet 83: building queue full (5)
[12:24:19] attack: idle no_fleet_slots (used=11 max=11)
[12:24:19] research: blocked research_intergalactic_research_network (research_hyperspace_technology 6/8)
[2026-05-13 12:24:29] ==== loop 1/∞ | seed=819596940460494666 archetype=balanced personality=tecnologico focus=tech actions_per_loop=4 ====
[12:24:33] planet 27: no resources for building_crystal_store+1
[12:24:33] planet 84: building queue full (5)
[12:24:33] planet 83: building queue full (5)
[12:24:33] planet 90: queue busy, throttled building_robot_factory
[12:24:33] planet 84: building queue full (5)
[12:24:33] planet 83: building queue full (5)
[12:24:33] attack: idle no_fleet_slots (used=11 max=11)
[2026-05-13 12:24:43] ==== loop 1/∞ | seed=819596940460494666 archetype=balanced personality=tecnologico focus=tech actions_per_loop=4 ====
[12:24:47] planet 27: no resources for building_crystal_store+1
[12:24:47] planet 84: building queue full (5)
[12:24:47] planet 83: building queue full (5)
[12:24:47] planet 90: queue busy, throttled building_robot_factory
[12:24:47] planet 84: building queue full (5)
[12:24:47] planet 83: building queue full (5)
[12:24:47] attack: idle no_fleet_slots (used=11 max=11)
[12:24:47] research: blocked research_intergalactic_research_network (research_hyperspace_technology 6/8)
[2026-05-13 12:24:58] ==== loop 1/∞ | seed=819596940460494666 archetype=balanced personality=tecnologico focus=tech actions_per_loop=4 ====
[12:25:01] planet 27: no resources for building_crystal_store+1
[12:25:01] planet 84: building queue full (5)
[12:25:01] planet 83: building queue full (5)
[12:25:01] planet 90: queue busy, throttled building_robot_factory
[12:25:01] planet 84: building queue full (5)
[12:25:01] planet 83: building queue full (5)
[12:25:01] attack: idle no_fleet_slots (used=11 max=11)
[12:25:01] research: blocked research_intergalactic_research_network (research_hyperspace_technology 6/8)
[2026-05-13 12:25:11] ==== loop 1/∞ | seed=819596940460494666 archetype=balanced personality=tecnologico focus=tech actions_per_loop=4 ====
[12:25:14] planet 27: no resources for building_crystal_store+1
[12:25:14] planet 84: building queue full (5)
[12:25:14] planet 83: building queue full (5)
[12:25:14] planet 90: queue busy, throttled building_robot_factory
[12:25:14] planet 84: building queue full (5)
[12:25:14] planet 83: building queue full (5)
[12:25:14] attack: idle no_fleet_slots (used=11 max=11)
[2026-05-13 12:25:25] ==== loop 1/∞ | seed=819596940460494666 archetype=balanced personality=tecnologico focus=tech actions_per_loop=4 ====
[12:25:27] planet 27: no resources for building_crystal_store+1
[12:25:27] planet 84: building queue full (5)
[12:25:27] planet 83: building queue full (5)
[12:25:27] planet 90: queue busy, throttled building_robot_factory
[12:25:27] planet 84: building queue full (5)
[12:25:27] planet 83: building queue full (5)
[12:25:27] attack: idle no_fleet_slots (used=11 max=11)
[12:25:27] research: blocked research_intergalactic_research_network (research_hyperspace_technology 6/8)
[2026-05-13 12:25:38] ==== loop 1/∞ | seed=819596940460494666 archetype=balanced personality=tecnologico focus=tech actions_per_loop=4 ====
[12:25:39] planet 27: no resources for building_crystal_store+1
[12:25:39] planet 84: building queue full (5)
[12:25:39] planet 83: building queue full (5)
[12:25:39] planet 90: queue busy, throttled building_robot_factory
[12:25:39] planet 84: building queue full (5)
[12:25:39] attack: idle no_fleet_slots (used=11 max=11)
[2026-05-13 12:25:50] ==== loop 1/∞ | seed=819596940460494666 archetype=balanced personality=tecnologico focus=tech actions_per_loop=4 ====
[12:25:52] planet 27: no resources for building_crystal_store+1
[12:25:52] planet 84: building queue full (5)
[12:25:52] planet 83: building queue full (5)
[12:25:52] planet 90: queue busy, throttled building_robot_factory
[12:25:52] planet 84: building queue full (5)
[12:25:52] planet 83: building queue full (5)
[12:25:52] attack: idle no_fleet_slots (used=11 max=11)
[12:25:52] research: blocked research_intergalactic_research_network (research_hyperspace_technology 6/8)
[2026-05-13 12:26:02] ==== loop 1/∞ | seed=819596940460494666 archetype=balanced personality=tecnologico focus=tech actions_per_loop=4 ====
[12:26:05] planet 27: no resources for building_crystal_store+1
[12:26:05] planet 84: building queue full (5)
[12:26:05] planet 83: building queue full (5)
[12:26:05] planet 90: queue busy, throttled building_robot_factory
[12:26:05] planet 84: building queue full (5)
[12:26:05] planet 83: building queue full (5)
[12:26:05] attack: idle no_fleet_slots (used=11 max=11)
[12:26:05] research: blocked research_intergalactic_research_network (research_hyperspace_technology 6/8)
[2026-05-13 12:26:15] ==== loop 1/∞ | seed=819596940460494666 archetype=balanced personality=tecnologico focus=tech actions_per_loop=4 ====
[12:26:17] planet 27: no resources for building_crystal_store+1
[12:26:17] planet 84: building queue full (5)
[12:26:17] planet 83: building queue full (5)
[12:26:17] planet 90: queue busy, throttled building_robot_factory
[12:26:17] planet 84: building queue full (5)
[12:26:17] attack: idle no_fleet_slots (used=11 max=11)
[2026-05-13 12:26:27] ==== loop 1/∞ | seed=819596940460494666 archetype=balanced personality=tecnologico focus=tech actions_per_loop=4 ====
[12:26:31] planet 27: no resources for building_crystal_store+1
[12:26:31] planet 84: building queue full (5)
[12:26:31] planet 83: building queue full (5)
[12:26:31] planet 90: queue busy, throttled building_robot_factory
[12:26:31] planet 84: building queue full (5)
[12:26:31] planet 83: building queue full (5)
[12:26:31] attack: idle no_fleet_slots (used=11 max=11)
[12:26:31] research: blocked research_intergalactic_research_network (research_hyperspace_technology 6/8)
[2026-05-13 12:26:41] ==== loop 1/∞ | seed=819596940460494666 archetype=balanced personality=tecnologico focus=tech actions_per_loop=4 ====
[12:26:45] planet 27: no resources for building_crystal_store+1
[12:26:45] planet 84: building queue full (5)
[12:26:45] planet 83: building queue full (5)
[12:26:45] planet 90: queue busy, throttled building_robot_factory
[12:26:45] planet 84: building queue full (5)
[12:26:45] planet 83: building queue full (5)
[12:26:45] attack: idle no_fleet_slots (used=11 max=11)
[12:26:45] research: blocked research_intergalactic_research_network (research_hyperspace_technology 6/8)
[2026-05-13 12:26:55] ==== loop 1/∞ | seed=819596940460494666 archetype=balanced personality=tecnologico focus=tech actions_per_loop=4 ====
[12:26:58] planet 27: no resources for building_crystal_store+1
[12:26:58] planet 84: building queue full (5)
[12:26:58] planet 83: queued ship_solar_satellite +5
[12:26:58] planet 90: queue busy, throttled building_robot_factory
[12:26:58] planet 84: building queue full (5)
[12:26:58] planet 83: building queue full (5)
[12:26:58] attack: idle no_fleet_slots (used=11 max=11)
[12:26:58] research: blocked research_intergalactic_research_network (research_hyperspace_technology 6/8)
[2026-05-13 12:27:09] ==== loop 1/∞ | seed=819596940460494666 archetype=balanced personality=tecnologico focus=tech actions_per_loop=4 ====
[12:27:12] planet 27: no resources for building_crystal_store+1
[12:27:12] planet 84: building queue full (5)
[12:27:12] planet 83: building queue full (5)
[12:27:12] planet 90: queue busy, throttled building_robot_factory
[12:27:12] planet 84: building queue full (5)
[12:27:12] planet 83: building queue full (5)
[12:27:12] attack: idle no_fleet_slots (used=11 max=11)
[2026-05-13 12:27:23] ==== loop 1/∞ | seed=819596940460494666 archetype=balanced personality=tecnologico focus=tech actions_per_loop=4 ====
[12:27:26] planet 27: no resources for building_crystal_store+1
[12:27:26] planet 84: building queue full (5)
[12:27:26] planet 83: building queue full (5)
[12:27:26] planet 90: queue busy, throttled building_robot_factory
[12:27:26] planet 84: building queue full (5)
[12:27:26] planet 83: building queue full (5)
[12:27:26] attack: idle no_fleet_slots (used=11 max=11)
[12:27:26] research: blocked research_intergalactic_research_network (research_hyperspace_technology 6/8)
[2026-05-13 12:27:37] ==== loop 1/∞ | seed=819596940460494666 archetype=balanced personality=tecnologico focus=tech actions_per_loop=4 ====
[12:27:40] planet 27: no resources for building_crystal_store+1
[12:27:40] planet 84: building queue full (5)
[12:27:40] planet 83: building queue full (5)
[12:27:40] planet 90: queue busy, throttled building_robot_factory
[12:27:40] planet 84: building queue full (5)
[12:27:40] planet 83: building queue full (5)
[12:27:40] attack: idle no_fleet_slots (used=11 max=11)
[12:27:40] research: blocked research_intergalactic_research_network (research_hyperspace_technology 6/8)
[2026-05-13 12:27:50] ==== loop 1/∞ | seed=819596940460494666 archetype=balanced personality=tecnologico focus=tech actions_per_loop=4 ====
[12:27:53] planet 27: no resources for building_crystal_store+1
[12:27:53] planet 84: building queue full (5)
[12:27:53] planet 83: building queue full (5)
[12:27:53] planet 90: queue busy, throttled building_robot_factory
[12:27:53] planet 84: building queue full (5)
[12:27:53] planet 83: building queue full (5)
[12:27:53] attack: idle no_fleet_slots (used=11 max=11)
[2026-05-13 12:28:04] ==== loop 1/∞ | seed=819596940460494666 archetype=balanced personality=tecnologico focus=tech actions_per_loop=4 ====
[12:28:07] planet 27: no resources for building_crystal_store+1
[12:28:07] planet 84: building queue full (5)
[12:28:07] planet 83: building queue full (5)
[12:28:07] planet 90: queue busy, throttled building_robot_factory
[12:28:07] planet 84: building queue full (5)
[12:28:07] planet 83: building queue full (5)
[12:28:07] attack: idle no_fleet_slots (used=11 max=11)
[12:28:07] research: blocked research_intergalactic_research_network (research_hyperspace_technology 6/8)
[2026-05-13 12:28:17] ==== loop 1/∞ | seed=819596940460494666 archetype=balanced personality=tecnologico focus=tech actions_per_loop=4 ====
[12:28:22] planet 27: no resources for building_crystal_store+1
[12:28:22] planet 84: building queue full (5)
[12:28:22] planet 83: building queue full (5)
[12:28:22] planet 90: queue busy, throttled building_robot_factory
[12:28:22] planet 84: building queue full (5)
[12:28:22] planet 83: building queue full (5)
[12:28:22] attack: idle no_fleet_slots (used=11 max=11)
[12:28:22] research: blocked research_intergalactic_research_network (research_hyperspace_technology 6/8)
[2026-05-13 12:28:32] ==== loop 1/∞ | seed=819596940460494666 archetype=balanced personality=tecnologico focus=tech actions_per_loop=4 ====
[12:28:35] planet 27: no resources for building_crystal_store+1
[12:28:35] planet 84: building queue full (5)
[12:28:35] planet 83: building queue full (5)
[12:28:35] planet 90: queue busy, throttled building_robot_factory
[12:28:35] planet 84: building queue full (5)
[12:28:35] planet 83: building queue full (5)
[12:28:35] attack: idle no_fleet_slots (used=11 max=11)
[12:28:35] research: blocked research_intergalactic_research_network (research_hyperspace_technology 6/8)
[2026-05-13 12:28:45] ==== loop 1/∞ | seed=819596940460494666 archetype=balanced personality=tecnologico focus=tech actions_per_loop=4 ====
[12:28:49] planet 27: no resources for building_crystal_store+1
[12:28:49] planet 84: building queue full (5)
[12:28:49] planet 83: building queue full (5)
[12:28:49] planet 90: queue busy, throttled building_robot_factory
[12:28:49] planet 84: building queue full (5)
[12:28:49] planet 83: building queue full (5)
[12:28:49] attack: idle no_fleet_slots (used=11 max=11)
[2026-05-13 12:28:59] ==== loop 1/∞ | seed=819596940460494666 archetype=balanced personality=tecnologico focus=tech actions_per_loop=4 ====
[12:29:02] planet 27: no resources for building_crystal_store+1
[12:29:02] planet 84: building queue full (5)
[12:29:02] planet 83: building queue full (5)
[12:29:02] planet 90: queue busy, throttled building_robot_factory
[12:29:02] planet 84: building queue full (5)
[12:29:02] planet 83: building queue full (5)
[12:29:02] attack: idle no_fleet_slots (used=11 max=11)
[12:29:02] research: blocked research_intergalactic_research_network (research_hyperspace_technology 6/8)
[2026-05-13 12:29:13] ==== loop 1/∞ | seed=819596940460494666 archetype=balanced personality=tecnologico focus=tech actions_per_loop=4 ====
[12:29:16] planet 27: no resources for building_crystal_store+1
[12:29:16] planet 84: building queue full (5)
[12:29:16] planet 83: building queue full (5)
[12:29:16] planet 90: queue busy, throttled building_robot_factory
[12:29:16] planet 84: building queue full (5)
[12:29:16] planet 83: building queue full (5)
[12:29:16] attack: idle no_fleet_slots (used=11 max=11)
[2026-05-13 12:29:26] ==== loop 1/∞ | seed=819596940460494666 archetype=balanced personality=tecnologico focus=tech actions_per_loop=4 ====
[12:29:31] planet 27: no resources for building_crystal_store+1
[12:29:31] planet 84: building queue full (5)
[12:29:31] planet 83: building queue full (5)
[12:29:31] planet 90: queue busy, throttled building_robot_factory
[12:29:31] planet 84: building queue full (5)
[12:29:31] planet 83: building queue full (5)
[12:29:31] attack: idle no_fleet_slots (used=11 max=11)
[12:29:31] research: blocked research_intergalactic_research_network (research_hyperspace_technology 6/8)
[2026-05-13 12:29:41] ==== loop 1/∞ | seed=819596940460494666 archetype=balanced personality=tecnologico focus=tech actions_per_loop=4 ====
[12:29:44] planet 27: no resources for building_crystal_store+1
[12:29:44] planet 84: building queue full (5)
[12:29:44] planet 83: building queue full (5)
[12:29:44] planet 90: queue busy, throttled building_robot_factory
[12:29:44] planet 84: building queue full (5)
[12:29:44] planet 83: building queue full (5)
[12:29:44] attack: idle no_fleet_slots (used=11 max=11)
[12:29:44] research: blocked research_intergalactic_research_network (research_hyperspace_technology 6/8)
[2026-05-13 12:29:54] ==== loop 1/∞ | seed=819596940460494666 archetype=balanced personality=tecnologico focus=tech actions_per_loop=4 ====
[12:29:57] planet 27: no resources for building_crystal_store+1
[12:29:57] planet 84: building queue full (5)
[12:29:57] planet 83: building queue full (5)
[12:29:57] planet 90: queue busy, throttled building_robot_factory
[12:29:57] planet 84: building queue full (5)
[12:29:57] planet 83: building queue full (5)
[12:29:57] attack: idle no_fleet_slots (used=11 max=11)
[12:29:57] research: blocked research_intergalactic_research_network (research_hyperspace_technology 6/8)
[2026-05-13 12:30:07] ==== loop 1/∞ | seed=819596940460494666 archetype=balanced personality=tecnologico focus=tech actions_per_loop=4 ====
[12:30:10] planet 27: no resources for building_metal_store+1
[12:30:10] planet 84: queued building_metal_mine to 21
[12:30:10] planet 83: building queue full (5)
[12:30:10] planet 90: queue busy, throttled building_robot_factory
[12:30:10] planet 83: building queue full (5)
[12:30:10] attack: idle no_fleet_slots (used=11 max=11)
[12:30:10] research: blocked research_intergalactic_research_network (research_hyperspace_technology 6/8)
[2026-05-13 12:30:20] ==== loop 1/∞ | seed=819596940460494666 archetype=balanced personality=tecnologico focus=tech actions_per_loop=4 ====
[12:30:22] planet 27: no resources for building_metal_store+1
[12:30:22] planet 84: building queue full (5)
[12:30:22] planet 83: building queue full (5)
[12:30:22] planet 90: queue busy, throttled building_robot_factory
[12:30:22] planet 84: building queue full (5)
[12:30:22] planet 83: building queue full (5)
[12:30:22] attack: idle no_fleet_slots (used=11 max=11)
[12:30:22] research: blocked research_intergalactic_research_network (research_hyperspace_technology 6/8)
[2026-05-13 12:30:32] ==== loop 1/∞ | seed=819596940460494666 archetype=balanced personality=tecnologico focus=tech actions_per_loop=4 ====
[12:30:36] planet 27: no resources for building_metal_store+1
[12:30:36] planet 84: building queue full (5)
[12:30:36] planet 83: building queue full (5)
[12:30:36] planet 90: queue busy, throttled building_robot_factory
[12:30:36] planet 84: building queue full (5)
[12:30:36] planet 83: building queue full (5)
[12:30:36] attack: idle no_fleet_slots (used=11 max=11)
[2026-05-13 12:30:46] ==== loop 1/∞ | seed=819596940460494666 archetype=balanced personality=tecnologico focus=tech actions_per_loop=4 ====
[12:30:49] planet 27: no resources for building_metal_store+1
[12:30:49] planet 84: building queue full (5)
[12:30:49] planet 83: building queue full (5)
[12:30:49] planet 90: queue busy, throttled building_robot_factory
[12:30:49] planet 84: building queue full (5)
[12:30:49] planet 83: building queue full (5)
[12:30:49] attack: idle no_fleet_slots (used=11 max=11)
[2026-05-13 12:30:59] ==== loop 1/∞ | seed=819596940460494666 archetype=balanced personality=tecnologico focus=tech actions_per_loop=4 ====
[12:31:02] planet 27: no resources for building_metal_store+1
[12:31:02] planet 84: building queue full (5)
[12:31:02] planet 83: building queue full (5)
[12:31:02] planet 90: queue busy, throttled building_robot_factory
[12:31:02] planet 84: building queue full (5)
[12:31:02] planet 83: building queue full (5)
[12:31:02] attack: idle no_fleet_slots (used=11 max=11)
[12:31:02] research: blocked research_intergalactic_research_network (research_hyperspace_technology 6/8)
[2026-05-13 12:31:12] ==== loop 1/∞ | seed=819596940460494666 archetype=balanced personality=tecnologico focus=tech actions_per_loop=4 ====
[12:31:16] planet 27: no resources for building_metal_store+1
[12:31:16] planet 84: building queue full (5)
[12:31:16] planet 83: building queue full (5)
[12:31:16] planet 90: queue busy, throttled building_robot_factory
[12:31:16] planet 84: building queue full (5)
[12:31:16] planet 83: building queue full (5)
[12:31:16] attack: idle no_fleet_slots (used=11 max=11)
[12:31:16] research: blocked research_intergalactic_research_network (research_hyperspace_technology 6/8)
[2026-05-13 12:31:26] ==== loop 1/∞ | seed=819596940460494666 archetype=balanced personality=tecnologico focus=tech actions_per_loop=4 ====
[12:31:28] planet 27: no resources for building_metal_store+1
[12:31:28] planet 84: building queue full (5)
[12:31:28] planet 83: building queue full (5)
[12:31:28] planet 90: queue busy, throttled building_robot_factory
[12:31:28] planet 84: building queue full (5)
[12:31:28] planet 83: building queue full (5)
[12:31:28] attack: idle no_fleet_slots (used=11 max=11)
[12:31:28] research: blocked research_intergalactic_research_network (research_hyperspace_technology 6/8)
[2026-05-13 12:31:38] ==== loop 1/∞ | seed=819596940460494666 archetype=balanced personality=tecnologico focus=tech actions_per_loop=4 ====
[12:31:42] planet 27: no resources for building_metal_store+1
[12:31:42] planet 84: building queue full (5)
[12:31:42] planet 83: building queue full (5)
[12:31:42] planet 90: queue busy, throttled building_robot_factory
[12:31:42] planet 84: building queue full (5)
[12:31:42] planet 83: building queue full (5)
[12:31:42] attack: idle no_fleet_slots (used=11 max=11)
[12:31:42] research: blocked research_intergalactic_research_network (research_hyperspace_technology 6/8)
[2026-05-13 12:31:52] ==== loop 1/∞ | seed=819596940460494666 archetype=balanced personality=tecnologico focus=tech actions_per_loop=4 ====
[12:31:56] planet 27: no resources for building_metal_store+1
[12:31:56] planet 84: building queue full (5)
[12:31:56] planet 83: building queue full (5)
[12:31:56] planet 90: queue busy, throttled building_robot_factory
[12:31:56] planet 84: building queue full (5)
[12:31:56] planet 83: building queue full (5)
[12:31:56] attack: idle no_fleet_slots (used=11 max=11)
[12:31:56] research: blocked research_intergalactic_research_network (research_hyperspace_technology 6/8)
[2026-05-13 12:32:06] ==== loop 1/∞ | seed=819596940460494666 archetype=balanced personality=tecnologico focus=tech actions_per_loop=4 ====
[12:32:10] planet 27: no resources for building_metal_store+1
[12:32:10] planet 84: building queue full (5)
[12:32:10] planet 83: building queue full (5)
[12:32:10] planet 90: queue busy, throttled building_robot_factory
[12:32:10] planet 84: building queue full (5)
[12:32:10] planet 83: building queue full (5)
[12:32:10] attack: idle no_fleet_slots (used=11 max=11)
[12:32:10] research: blocked research_intergalactic_research_network (research_hyperspace_technology 6/8)
[2026-05-13 12:32:21] ==== loop 1/∞ | seed=819596940460494666 archetype=balanced personality=tecnologico focus=tech actions_per_loop=4 ====
[12:32:24] planet 27: no resources for building_metal_store+1
[12:32:24] planet 84: building queue full (5)
[12:32:24] planet 83: building queue full (5)
[12:32:24] planet 90: queue busy, throttled building_robot_factory
[12:32:24] planet 84: building queue full (5)
[12:32:24] planet 83: building queue full (5)
[12:32:24] attack: idle no_fleet_slots (used=11 max=11)
[2026-05-13 12:32:35] ==== loop 1/∞ | seed=819596940460494666 archetype=balanced personality=tecnologico focus=tech actions_per_loop=4 ====
[12:32:38] planet 27: no resources for building_metal_store+1
[12:32:38] planet 84: building queue full (5)
[12:32:38] planet 83: building queue full (5)
[12:32:38] planet 90: queue busy, throttled building_robot_factory
[12:32:38] planet 84: building queue full (5)
[12:32:38] planet 83: building queue full (5)
[12:32:38] attack: idle no_fleet_slots (used=11 max=11)
[12:32:38] research: blocked research_intergalactic_research_network (research_hyperspace_technology 6/8)
[2026-05-13 12:32:48] ==== loop 1/∞ | seed=819596940460494666 archetype=balanced personality=tecnologico focus=tech actions_per_loop=4 ====
[12:32:50] planet 27: no resources for building_metal_store+1
[12:32:50] planet 84: building queue full (5)
[12:32:50] planet 83: building queue full (5)
[12:32:50] planet 90: queue busy, throttled building_robot_factory
[12:32:50] planet 84: building queue full (5)
[12:32:50] planet 83: building queue full (5)
[12:32:50] attack: idle no_fleet_slots (used=11 max=11)
[12:32:50] research: blocked research_intergalactic_research_network (research_hyperspace_technology 6/8)
[2026-05-13 12:33:01] ==== loop 1/∞ | seed=819596940460494666 archetype=balanced personality=tecnologico focus=tech actions_per_loop=4 ====
[12:33:04] planet 27: no resources for building_metal_store+1
[12:33:04] planet 84: building queue full (5)
[12:33:04] planet 83: building queue full (5)
[12:33:04] planet 90: queue busy, throttled building_robot_factory
[12:33:04] planet 84: building queue full (5)
[12:33:04] planet 83: building queue full (5)
[12:33:04] attack: idle no_fleet_slots (used=11 max=11)
[12:33:04] research: blocked research_intergalactic_research_network (research_hyperspace_technology 6/8)
[2026-05-13 12:33:14] ==== loop 1/∞ | seed=819596940460494666 archetype=balanced personality=tecnologico focus=tech actions_per_loop=4 ====
[12:33:17] planet 27: no resources for building_metal_store+1
[12:33:17] planet 84: building queue full (5)
[12:33:17] planet 83: building queue full (5)
[12:33:17] planet 90: queue busy, throttled building_robot_factory
[12:33:17] planet 84: building queue full (5)
[12:33:17] planet 83: building queue full (5)
[12:33:17] attack: idle no_fleet_slots (used=11 max=11)
[2026-05-13 12:33:28] ==== loop 1/∞ | seed=819596940460494666 archetype=balanced personality=tecnologico focus=tech actions_per_loop=4 ====
[12:33:31] planet 27: no resources for building_metal_store+1
[12:33:31] planet 84: building queue full (5)
[12:33:31] planet 83: building queue full (5)
[12:33:31] planet 90: queue busy, throttled building_robot_factory
[12:33:31] planet 84: building queue full (5)
[12:33:31] planet 83: building queue full (5)
[12:33:31] attack: idle no_fleet_slots (used=11 max=11)
[2026-05-13 12:33:41] ==== loop 1/∞ | seed=819596940460494666 archetype=balanced personality=tecnologico focus=tech actions_per_loop=4 ====
[12:33:45] planet 27: no resources for building_metal_store+1
[12:33:45] planet 84: building queue full (5)
[12:33:45] planet 83: building queue full (5)
[12:33:45] planet 90: queue busy, throttled building_robot_factory
[12:33:45] planet 84: building queue full (5)
[12:33:45] planet 83: building queue full (5)
[12:33:45] attack: idle no_fleet_slots (used=11 max=11)
[2026-05-13 12:33:56] ==== loop 1/∞ | seed=819596940460494666 archetype=balanced personality=tecnologico focus=tech actions_per_loop=4 ====
[12:33:59] planet 27: no resources for building_metal_store+1
[12:33:59] planet 84: building queue full (5)
[12:33:59] planet 83: building queue full (5)
[12:33:59] planet 90: queue busy, throttled building_robot_factory
[12:33:59] planet 84: building queue full (5)
[12:33:59] planet 83: building queue full (5)
[12:33:59] attack: idle no_fleet_slots (used=11 max=11)
[2026-05-13 12:34:09] ==== loop 1/∞ | seed=819596940460494666 archetype=balanced personality=tecnologico focus=tech actions_per_loop=4 ====
[12:34:13] planet 27: no resources for building_metal_store+1
[12:34:13] planet 84: building queue full (5)
[12:34:13] planet 83: building queue full (5)
[12:34:13] planet 90: queue busy, throttled building_robot_factory
[12:34:13] planet 84: building queue full (5)
[12:34:13] planet 83: building queue full (5)
[12:34:13] attack: idle no_fleet_slots (used=11 max=11)
[12:34:13] research: blocked research_intergalactic_research_network (research_hyperspace_technology 6/8)
[2026-05-13 12:34:24] ==== loop 1/∞ | seed=819596940460494666 archetype=balanced personality=tecnologico focus=tech actions_per_loop=4 ====
[12:34:26] planet 27: no resources for building_metal_store+1
[12:34:26] planet 84: building queue full (5)
[12:34:26] planet 83: building queue full (5)
[12:34:26] planet 90: queue busy, throttled building_robot_factory
[12:34:26] planet 84: building queue full (5)
[12:34:26] planet 83: building queue full (5)
[12:34:26] attack: idle no_fleet_slots (used=11 max=11)
[12:34:26] research: blocked research_intergalactic_research_network (research_hyperspace_technology 6/8)
[2026-05-13 12:34:36] ==== loop 1/∞ | seed=819596940460494666 archetype=balanced personality=tecnologico focus=tech actions_per_loop=4 ====
[12:34:38] planet 27: no resources for building_metal_store+1
[12:34:38] planet 84: building queue full (5)
[12:34:38] planet 83: building queue full (5)
[12:34:38] planet 90: queue busy, throttled building_robot_factory
[12:34:38] planet 84: building queue full (5)
[12:34:38] planet 83: building queue full (5)
[12:34:38] attack: idle no_fleet_slots (used=11 max=11)
[12:34:38] research: blocked research_intergalactic_research_network (research_hyperspace_technology 6/8)
[2026-05-13 12:34:48] ==== loop 1/∞ | seed=819596940460494666 archetype=balanced personality=tecnologico focus=tech actions_per_loop=4 ====
[12:34:52] planet 27: no resources for building_metal_store+1
[12:34:52] planet 84: building queue full (5)
[12:34:52] planet 83: building queue full (5)
[12:34:52] planet 90: queue busy, throttled building_robot_factory
[12:34:52] planet 84: building queue full (5)
[12:34:52] planet 83: building queue full (5)
[12:34:52] attack: idle no_fleet_slots (used=11 max=11)
[12:34:52] research: blocked research_intergalactic_research_network (research_hyperspace_technology 6/8)
[2026-05-13 12:35:03] ==== loop 1/∞ | seed=819596940460494666 archetype=balanced personality=tecnologico focus=tech actions_per_loop=4 ====
[12:35:05] planet 27: no resources for building_metal_store+1
[12:35:05] planet 84: building queue full (5)
[12:35:05] planet 83: building queue full (5)
[12:35:05] planet 90: queue busy, throttled building_robot_factory
[12:35:05] planet 84: building queue full (5)
[12:35:05] planet 83: building queue full (5)
[12:35:05] attack: idle no_fleet_slots (used=11 max=11)
[12:35:05] research: blocked research_intergalactic_research_network (research_hyperspace_technology 6/8)
[2026-05-13 12:35:16] ==== loop 1/∞ | seed=819596940460494666 archetype=balanced personality=tecnologico focus=tech actions_per_loop=4 ====
[12:35:20] planet 27: no resources for building_metal_store+1
[12:35:20] planet 84: building queue full (5)
[12:35:20] planet 83: building queue full (5)
[12:35:20] planet 90: queue busy, throttled building_robot_factory
[12:35:20] planet 84: building queue full (5)
[12:35:20] planet 83: building queue full (5)
[12:35:20] attack: idle no_fleet_slots (used=11 max=11)
[12:35:20] research: blocked research_intergalactic_research_network (research_hyperspace_technology 6/8)
[2026-05-13 12:35:30] ==== loop 1/∞ | seed=819596940460494666 archetype=balanced personality=tecnologico focus=tech actions_per_loop=4 ====
[12:35:33] planet 27: no resources for building_metal_store+1
[12:35:33] planet 84: building queue full (5)
[12:35:33] planet 83: building queue full (5)
[12:35:33] planet 90: queue busy, throttled building_robot_factory
[12:35:33] planet 84: building queue full (5)
[12:35:33] planet 83: building queue full (5)
[12:35:33] attack: idle no_fleet_slots (used=11 max=11)
[12:35:33] research: blocked research_intergalactic_research_network (research_hyperspace_technology 6/8)
[2026-05-13 12:35:43] ==== loop 1/∞ | seed=819596940460494666 archetype=balanced personality=tecnologico focus=tech actions_per_loop=4 ====
[12:35:46] planet 27: no resources for building_metal_store+1
[12:35:46] planet 84: building queue full (5)
[12:35:46] planet 83: building queue full (5)
[12:35:46] planet 90: queue busy, throttled building_robot_factory
[12:35:46] planet 84: building queue full (5)
[12:35:46] planet 83: building queue full (5)
[12:35:46] attack: idle no_fleet_slots (used=11 max=11)
[2026-05-13 12:35:56] ==== loop 1/∞ | seed=819596940460494666 archetype=balanced personality=tecnologico focus=tech actions_per_loop=4 ====
[12:35:59] planet 27: no resources for building_metal_store+1
[12:35:59] planet 84: building queue full (5)
[12:35:59] planet 83: building queue full (5)
[12:35:59] planet 90: queue busy, throttled building_robot_factory
[12:35:59] planet 84: building queue full (5)
[12:35:59] planet 83: building queue full (5)
[12:35:59] attack: idle no_fleet_slots (used=11 max=11)
[12:35:59] research: blocked research_intergalactic_research_network (research_hyperspace_technology 6/8)
[2026-05-13 12:36:09] ==== loop 1/∞ | seed=819596940460494666 archetype=balanced personality=tecnologico focus=tech actions_per_loop=4 ====
[12:36:11] planet 27: no resources for building_metal_store+1
[12:36:11] planet 84: building queue full (5)
[12:36:11] planet 83: building queue full (5)
[12:36:11] planet 90: queue busy, throttled building_robot_factory
[12:36:11] planet 84: building queue full (5)
[12:36:11] attack: idle no_fleet_slots (used=11 max=11)
[12:36:11] research: blocked research_intergalactic_research_network (research_hyperspace_technology 6/8)
[2026-05-13 12:36:21] ==== loop 1/∞ | seed=819596940460494666 archetype=balanced personality=tecnologico focus=tech actions_per_loop=4 ====
[12:36:24] planet 27: no resources for building_metal_store+1
[12:36:24] planet 84: building queue full (5)
[12:36:24] planet 83: building queue full (5)
[12:36:24] planet 90: queue busy, throttled building_robot_factory
[12:36:24] planet 84: building queue full (5)
[12:36:24] planet 83: building queue full (5)
[12:36:24] attack: idle no_fleet_slots (used=11 max=11)
[2026-05-13 12:36:34] ==== loop 1/∞ | seed=819596940460494666 archetype=balanced personality=tecnologico focus=tech actions_per_loop=4 ====
[12:36:37] planet 27: no resources for building_metal_store+1
[12:36:37] planet 84: building queue full (5)
[12:36:37] planet 83: queued building_hangar to 8
[12:36:37] planet 90: queue busy, throttled building_robot_factory
[12:36:37] planet 84: building queue full (5)
[12:36:37] attack: idle no_fleet_slots (used=11 max=11)
[12:36:37] research: blocked research_intergalactic_research_network (research_hyperspace_technology 6/8)
[2026-05-13 12:36:47] ==== loop 1/∞ | seed=819596940460494666 archetype=balanced personality=tecnologico focus=tech actions_per_loop=4 ====
[12:36:49] planet 27: no resources for building_metal_store+1
[12:36:49] planet 84: building queue full (5)
[12:36:49] planet 83: queued building_metal_store to 12
[12:36:49] planet 90: queue busy, throttled building_robot_factory
[12:36:49] planet 84: building queue full (5)
[12:36:49] attack: idle no_fleet_slots (used=11 max=11)
[12:36:49] research: blocked research_intergalactic_research_network (research_hyperspace_technology 6/8)
[2026-05-13 12:37:00] ==== loop 1/∞ | seed=819596940460494666 archetype=balanced personality=tecnologico focus=tech actions_per_loop=4 ====
[12:37:04] planet 27: no resources for building_metal_store+1
[12:37:04] planet 84: building queue full (5)
[12:37:04] planet 83: queued building_robot_factory to 4
[12:37:04] planet 90: queue busy, throttled building_robot_factory
[12:37:04] planet 84: building queue full (5)
[12:37:04] attack: idle no_fleet_slots (used=11 max=11)
[2026-05-13 12:37:14] ==== loop 1/∞ | seed=819596940460494666 archetype=balanced personality=tecnologico focus=tech actions_per_loop=4 ====
[12:37:15] planet 27: no resources for building_metal_store+1
[12:37:15] planet 84: building queue full (5)
[12:37:15] planet 83: queue busy, throttled building_robot_factory
[12:37:15] planet 90: queue busy, throttled building_robot_factory
[12:37:15] planet 84: building queue full (5)
[12:37:15] planet 83: queue busy, throttled building_robot_factory
[12:37:15] attack: idle no_fleet_slots (used=11 max=11)
[2026-05-13 12:37:26] ==== loop 1/∞ | seed=819596940460494666 archetype=balanced personality=tecnologico focus=tech actions_per_loop=4 ====
[12:37:28] planet 27: no resources for building_metal_store+1
[12:37:28] planet 84: building queue full (5)
[12:37:28] planet 83: queue busy, throttled building_robot_factory
[12:37:28] planet 90: queue busy, throttled building_robot_factory
[12:37:28] planet 84: building queue full (5)
[12:37:28] planet 83: queue busy, throttled building_robot_factory
[12:37:28] attack: idle no_fleet_slots (used=11 max=11)
[2026-05-13 12:37:38] ==== loop 1/∞ | seed=819596940460494666 archetype=balanced personality=tecnologico focus=tech actions_per_loop=4 ====
[12:37:40] planet 27: no resources for building_metal_store+1
[12:37:40] planet 84: building queue full (5)
[12:37:40] planet 83: queue busy, throttled building_robot_factory
[12:37:40] planet 90: queue busy, throttled building_robot_factory
[12:37:40] planet 84: building queue full (5)
[12:37:40] planet 83: queue busy, throttled building_robot_factory
[12:37:40] attack: idle no_fleet_slots (used=11 max=11)
[12:37:40] research: blocked research_intergalactic_research_network (research_hyperspace_technology 6/8)
[2026-05-13 12:37:50] ==== loop 1/∞ | seed=819596940460494666 archetype=balanced personality=tecnologico focus=tech actions_per_loop=4 ====
[12:37:53] planet 27: no resources for building_metal_store+1
[12:37:53] planet 84: building queue full (5)
[12:37:53] planet 83: queue busy, throttled building_robot_factory
[12:37:53] planet 90: queue busy, throttled building_robot_factory
[12:37:53] planet 84: building queue full (5)
[12:37:53] planet 83: queue busy, throttled building_robot_factory
[12:37:53] attack: idle no_fleet_slots (used=11 max=11)
[12:37:53] research: blocked research_intergalactic_research_network (research_hyperspace_technology 6/8)
[2026-05-13 12:38:03] ==== loop 1/∞ | seed=819596940460494666 archetype=balanced personality=tecnologico focus=tech actions_per_loop=4 ====
[12:38:06] planet 27: no resources for building_metal_store+1
[12:38:06] planet 84: building queue full (5)
[12:38:06] planet 83: queue busy, throttled building_robot_factory
[12:38:06] planet 90: queue busy, throttled building_robot_factory
[12:38:06] planet 84: building queue full (5)
[12:38:06] planet 83: queue busy, throttled building_robot_factory
[12:38:06] attack: idle no_fleet_slots (used=11 max=11)
[12:38:06] research: blocked research_intergalactic_research_network (research_hyperspace_technology 6/8)
[2026-05-13 12:38:16] ==== loop 1/∞ | seed=819596940460494666 archetype=balanced personality=tecnologico focus=tech actions_per_loop=4 ====
[12:38:17] planet 27: no resources for building_metal_store+1
[12:38:17] planet 84: building queue full (5)
[12:38:17] planet 83: queue busy, throttled building_robot_factory
[12:38:17] planet 90: queue busy, throttled building_robot_factory
[12:38:17] planet 84: building queue full (5)
[12:38:17] planet 83: queue busy, throttled building_robot_factory
[12:38:17] attack: idle no_fleet_slots (used=11 max=11)
[12:38:17] research: blocked research_intergalactic_research_network (research_hyperspace_technology 6/8)
[2026-05-13 12:38:28] ==== loop 1/∞ | seed=819596940460494666 archetype=balanced personality=tecnologico focus=tech actions_per_loop=4 ====
[12:38:29] planet 27: no resources for building_metal_store+1
[12:38:29] planet 84: building queue full (5)
[12:38:29] planet 83: queue busy, throttled building_robot_factory
[12:38:29] planet 90: queue busy, throttled building_robot_factory
[12:38:29] planet 84: building queue full (5)
[12:38:29] planet 83: queue busy, throttled building_robot_factory
[12:38:29] attack: idle no_fleet_slots (used=11 max=11)
[12:38:29] research: blocked research_intergalactic_research_network (research_hyperspace_technology 6/8)
[2026-05-13 12:38:40] ==== loop 1/∞ | seed=819596940460494666 archetype=balanced personality=tecnologico focus=tech actions_per_loop=4 ====
[12:38:41] planet 27: no resources for building_metal_store+1
[12:38:41] planet 84: building queue full (5)
[12:38:41] planet 83: queue busy, throttled building_robot_factory
[12:38:41] planet 90: queue busy, throttled building_robot_factory
[12:38:41] planet 84: building queue full (5)
[12:38:41] planet 83: queue busy, throttled building_robot_factory
[12:38:41] attack: idle no_fleet_slots (used=11 max=11)
[2026-05-13 12:38:52] ==== loop 1/∞ | seed=819596940460494666 archetype=balanced personality=tecnologico focus=tech actions_per_loop=4 ====
[12:38:56] planet 27: no resources for building_metal_store+1
[12:38:56] planet 84: building queue full (5)
[12:38:56] planet 83: building queue full (5)
[12:38:56] planet 90: queue busy, throttled building_robot_factory
[12:38:56] planet 84: building queue full (5)
[12:38:56] planet 83: building queue full (5)
[12:38:56] attack: idle no_fleet_slots (used=11 max=11)
[12:38:56] research: blocked research_intergalactic_research_network (research_hyperspace_technology 6/8)
[2026-05-13 12:39:06] ==== loop 1/∞ | seed=819596940460494666 archetype=balanced personality=tecnologico focus=tech actions_per_loop=4 ====
[12:39:11] planet 27: no resources for building_metal_store+1
[12:39:11] planet 84: building queue full (5)
[12:39:11] planet 83: building queue full (5)
[12:39:11] planet 90: queue busy, throttled building_robot_factory
[12:39:11] planet 84: building queue full (5)
[12:39:11] planet 83: building queue full (5)
[12:39:11] attack: idle no_fleet_slots (used=11 max=11)
[12:39:11] research: blocked research_intergalactic_research_network (research_hyperspace_technology 6/8)
[2026-05-13 12:39:21] ==== loop 1/∞ | seed=819596940460494666 archetype=balanced personality=tecnologico focus=tech actions_per_loop=4 ====
[12:39:24] planet 27: no resources for building_metal_store+1
[12:39:24] planet 84: building queue full (5)
[12:39:24] planet 83: building queue full (5)
[12:39:24] planet 90: queue busy, throttled building_robot_factory
[12:39:24] planet 84: building queue full (5)
[12:39:24] attack: idle no_fleet_slots (used=11 max=11)
[12:39:24] research: blocked research_intergalactic_research_network (research_hyperspace_technology 6/8)
[2026-05-13 12:39:34] ==== loop 1/∞ | seed=819596940460494666 archetype=balanced personality=tecnologico focus=tech actions_per_loop=4 ====
[12:39:38] planet 27: no resources for building_metal_store+1
[12:39:38] planet 84: building queue full (5)
[12:39:38] planet 83: building queue full (5)
[12:39:38] planet 90: queue busy, throttled building_robot_factory
[12:39:38] planet 84: building queue full (5)
[12:39:38] planet 83: building queue full (5)
[12:39:38] attack: idle no_fleet_slots (used=11 max=11)
[12:39:38] research: blocked research_intergalactic_research_network (research_hyperspace_technology 6/8)
[2026-05-13 12:39:48] ==== loop 1/∞ | seed=819596940460494666 archetype=balanced personality=tecnologico focus=tech actions_per_loop=4 ====
[12:39:52] planet 27: no resources for building_metal_store+1
[12:39:52] planet 84: building queue full (5)
[12:39:52] planet 83: building queue full (5)
[12:39:52] planet 90: queue busy, throttled building_robot_factory
[12:39:52] planet 84: building queue full (5)
[12:39:52] planet 83: building queue full (5)
[12:39:52] attack: idle no_fleet_slots (used=11 max=11)
[12:39:52] research: blocked research_intergalactic_research_network (research_hyperspace_technology 6/8)
[2026-05-13 12:40:02] ==== loop 1/∞ | seed=819596940460494666 archetype=balanced personality=tecnologico focus=tech actions_per_loop=4 ====
[12:40:06] planet 27: queued building_laboratory to 18
[12:40:06] planet 84: building queue full (5)
[12:40:06] planet 83: building queue full (5)
[12:40:06] planet 90: queue busy, throttled building_robot_factory
[12:40:06] planet 84: building queue full (5)
[12:40:06] planet 83: building queue full (5)
[12:40:06] attack: idle no_fleet_slots (used=11 max=11)
[12:40:06] research: blocked research_intergalactic_research_network (research_hyperspace_technology 6/8)
[2026-05-13 12:40:16] ==== loop 1/∞ | seed=819596940460494666 archetype=balanced personality=tecnologico focus=tech actions_per_loop=4 ====
[12:40:19] planet 27: queued building_solar_plant to 22
[12:40:19] planet 84: building queue full (5)
[12:40:19] planet 83: building queue full (5)
[12:40:19] planet 90: queue busy, throttled building_robot_factory
[12:40:19] planet 84: building queue full (5)
[12:40:19] planet 83: building queue full (5)
[12:40:19] attack: idle no_fleet_slots (used=11 max=11)
[2026-05-13 12:40:30] ==== loop 1/∞ | seed=819596940460494666 archetype=balanced personality=tecnologico focus=tech actions_per_loop=4 ====
[12:40:33] planet 27: building queue full (5)
[12:40:33] planet 84: building queue full (5)
[12:40:33] planet 83: building queue full (5)
[12:40:33] planet 90: queue busy, throttled building_robot_factory
[12:40:33] planet 27: building queue full (5)
[12:40:33] planet 84: building queue full (5)
[12:40:33] planet 83: building queue full (5)
[12:40:33] attack: idle no_fleet_slots (used=11 max=11)
[2026-05-13 12:40:44] ==== loop 1/∞ | seed=819596940460494666 archetype=balanced personality=tecnologico focus=tech actions_per_loop=4 ====
[12:40:49] planet 27: building queue full (5)
[12:40:49] planet 84: building queue full (5)
[12:40:49] planet 83: building queue full (5)
[12:40:49] planet 90: queue busy, throttled building_robot_factory
[12:40:49] planet 27: building queue full (5)
[12:40:49] planet 84: building queue full (5)
[12:40:49] planet 83: building queue full (5)
[12:40:49] attack: idle no_fleet_slots (used=11 max=11)
[2026-05-13 12:40:59] ==== loop 1/∞ | seed=819596940460494666 archetype=balanced personality=tecnologico focus=tech actions_per_loop=4 ====
[12:41:03] planet 27: building queue full (5)
[12:41:03] planet 84: building queue full (5)
[12:41:03] planet 83: building queue full (5)
[12:41:03] planet 90: queue busy, throttled building_robot_factory
[12:41:03] planet 27: building queue full (5)
[12:41:03] planet 84: building queue full (5)
[12:41:03] planet 83: building queue full (5)
[12:41:03] attack: idle no_fleet_slots (used=11 max=11)
[2026-05-13 12:41:13] ==== loop 1/∞ | seed=819596940460494666 archetype=balanced personality=tecnologico focus=tech actions_per_loop=4 ====
[12:41:16] planet 27: building queue full (5)
[12:41:16] planet 84: building queue full (5)
[12:41:16] planet 83: building queue full (5)
[12:41:16] planet 90: queue busy, throttled building_robot_factory
[12:41:16] planet 27: building queue full (5)
[12:41:16] planet 84: building queue full (5)
[12:41:16] planet 83: building queue full (5)
[12:41:16] attack: idle no_fleet_slots (used=11 max=11)
[12:41:16] research: blocked research_intergalactic_research_network (research_hyperspace_technology 6/8)
[2026-05-13 12:41:27] ==== loop 1/∞ | seed=819596940460494666 archetype=balanced personality=tecnologico focus=tech actions_per_loop=4 ====
[12:41:30] planet 27: building queue full (5)
[12:41:30] planet 84: building queue full (5)
[12:41:30] planet 83: building queue full (5)
[12:41:30] planet 90: queue busy, throttled building_robot_factory
[12:41:30] planet 27: building queue full (5)
[12:41:30] planet 84: building queue full (5)
[12:41:30] planet 83: building queue full (5)
[12:41:30] attack: idle no_fleet_slots (used=11 max=11)
[12:41:30] research: blocked research_intergalactic_research_network (research_hyperspace_technology 6/8)
[2026-05-13 12:41:41] ==== loop 1/∞ | seed=819596940460494666 archetype=balanced personality=tecnologico focus=tech actions_per_loop=4 ====
[12:41:45] planet 27: building queue full (5)
[12:41:45] planet 84: building queue full (5)
[12:41:45] planet 83: building queue full (5)
[12:41:45] planet 90: queue busy, throttled building_robot_factory
[12:41:45] planet 27: building queue full (5)
[12:41:45] planet 84: building queue full (5)
[12:41:45] planet 83: building queue full (5)
[12:41:45] attack: idle no_fleet_slots (used=11 max=11)
[12:41:45] research: blocked research_intergalactic_research_network (research_hyperspace_technology 6/8)
[2026-05-13 12:41:55] ==== loop 1/∞ | seed=819596940460494666 archetype=balanced personality=tecnologico focus=tech actions_per_loop=4 ====
[12:41:59] planet 27: building queue full (5)
[12:41:59] planet 84: building queue full (5)
[12:41:59] planet 83: building queue full (5)
[12:41:59] planet 90: queue busy, throttled building_robot_factory
[12:41:59] planet 27: building queue full (5)
[12:41:59] planet 84: building queue full (5)
[12:41:59] planet 83: building queue full (5)
[12:41:59] attack: idle no_fleet_slots (used=11 max=11)
[2026-05-13 12:42:09] ==== loop 1/∞ | seed=819596940460494666 archetype=balanced personality=tecnologico focus=tech actions_per_loop=4 ====
[12:42:14] planet 27: building queue full (5)
[12:42:14] planet 84: building queue full (5)
[12:42:14] planet 83: building queue full (5)
[12:42:14] planet 90: queue busy, throttled building_robot_factory
[12:42:14] planet 27: building queue full (5)
[12:42:14] planet 84: building queue full (5)
[12:42:14] planet 83: building queue full (5)
[12:42:14] attack: idle no_fleet_slots (used=11 max=11)
[12:42:14] research: blocked research_intergalactic_research_network (research_hyperspace_technology 6/8)
[2026-05-13 12:42:24] ==== loop 1/∞ | seed=819596940460494666 archetype=balanced personality=tecnologico focus=tech actions_per_loop=4 ====
[12:42:29] planet 27: building queue full (5)
[12:42:29] planet 84: building queue full (5)
[12:42:29] planet 83: building queue full (5)
[12:42:29] planet 90: queue busy, throttled building_robot_factory
[12:42:29] planet 27: building queue full (5)
[12:42:29] planet 84: building queue full (5)
[12:42:29] planet 83: building queue full (5)
[12:42:29] attack: idle no_fleet_slots (used=11 max=11)
[12:42:29] research: blocked research_intergalactic_research_network (research_hyperspace_technology 6/8)
[2026-05-13 12:42:39] ==== loop 1/∞ | seed=819596940460494666 archetype=balanced personality=tecnologico focus=tech actions_per_loop=4 ====
[12:42:44] planet 27: building queue full (5)
[12:42:44] planet 84: building queue full (5)
[12:42:44] planet 83: building queue full (5)
[12:42:44] planet 90: queue busy, throttled building_robot_factory
[12:42:44] planet 27: building queue full (5)
[12:42:44] planet 84: building queue full (5)
[12:42:44] planet 83: building queue full (5)
[12:42:44] attack: idle no_fleet_slots (used=11 max=11)
[2026-05-13 12:42:54] ==== loop 1/∞ | seed=819596940460494666 archetype=balanced personality=tecnologico focus=tech actions_per_loop=4 ====
[12:42:58] planet 27: building queue full (5)
[12:42:58] planet 84: building queue full (5)
[12:42:58] planet 83: building queue full (5)
[12:42:58] planet 90: queue busy, throttled building_robot_factory
[12:42:58] planet 27: building queue full (5)
[12:42:58] planet 84: building queue full (5)
[12:42:58] planet 83: building queue full (5)
[12:42:58] attack: idle no_fleet_slots (used=11 max=11)
[12:42:58] research: blocked research_intergalactic_research_network (research_hyperspace_technology 6/8)
[2026-05-13 12:43:08] ==== loop 1/∞ | seed=819596940460494666 archetype=balanced personality=tecnologico focus=tech actions_per_loop=4 ====
[12:43:10] planet 27: building queue full (5)
[12:43:10] planet 84: building queue full (5)
[12:43:10] planet 83: building queue full (5)
[12:43:10] planet 90: queue busy, throttled building_robot_factory
[12:43:10] planet 27: building queue full (5)
[12:43:10] planet 84: building queue full (5)
[12:43:10] attack: idle no_fleet_slots (used=11 max=11)
[12:43:10] research: blocked research_intergalactic_research_network (research_hyperspace_technology 6/8)
[2026-05-13 12:43:20] ==== loop 1/∞ | seed=819596940460494666 archetype=balanced personality=tecnologico focus=tech actions_per_loop=4 ====
[12:43:25] planet 27: building queue full (5)
[12:43:25] planet 84: building queue full (5)
[12:43:25] planet 83: building queue full (5)
[12:43:25] planet 90: queue busy, throttled building_robot_factory
[12:43:25] planet 27: building queue full (5)
[12:43:25] planet 84: building queue full (5)
[12:43:25] planet 83: building queue full (5)
[12:43:25] attack: idle no_fleet_slots (used=11 max=11)
[2026-05-13 12:43:35] ==== loop 1/∞ | seed=819596940460494666 archetype=balanced personality=tecnologico focus=tech actions_per_loop=4 ====
[12:43:37] planet 27: building queue full (5)
[12:43:37] planet 84: queued building_crystal_mine to 20
[12:43:37] planet 83: building queue full (5)
[12:43:37] planet 90: queue busy, throttled building_robot_factory
[12:43:37] planet 27: building queue full (5)
[12:43:37] planet 83: building queue full (5)
[12:43:37] attack: idle no_fleet_slots (used=11 max=11)
[12:43:37] research: blocked research_intergalactic_research_network (research_hyperspace_technology 6/8)
[2026-05-13 12:43:47] ==== loop 1/∞ | seed=819596940460494666 archetype=balanced personality=tecnologico focus=tech actions_per_loop=4 ====
[12:43:51] planet 27: building queue full (5)
[12:43:51] planet 84: building queue full (5)
[12:43:51] planet 83: building queue full (5)
[12:43:51] planet 90: queue busy, throttled building_robot_factory
[12:43:51] planet 27: building queue full (5)
[12:43:51] planet 84: building queue full (5)
[12:43:51] attack: idle no_fleet_slots (used=11 max=11)
[2026-05-13 12:44:01] ==== loop 1/∞ | seed=819596940460494666 archetype=balanced personality=tecnologico focus=tech actions_per_loop=4 ====
[12:44:05] planet 27: building queue full (5)
[12:44:05] planet 84: building queue full (5)
[12:44:05] planet 83: building queue full (5)
[12:44:05] planet 90: queue busy, throttled building_robot_factory
[12:44:05] planet 27: building queue full (5)
[12:44:05] planet 84: building queue full (5)
[12:44:05] planet 83: building queue full (5)
[12:44:05] attack: idle no_fleet_slots (used=11 max=11)
[12:44:05] research: blocked research_intergalactic_research_network (research_hyperspace_technology 6/8)
[2026-05-13 12:44:15] ==== loop 1/∞ | seed=819596940460494666 archetype=balanced personality=tecnologico focus=tech actions_per_loop=4 ====
[12:44:18] planet 27: building queue full (5)
[12:44:18] planet 84: building queue full (5)
[12:44:18] planet 83: building queue full (5)
[12:44:18] planet 90: queue busy, throttled building_robot_factory
[12:44:18] planet 27: building queue full (5)
[12:44:18] planet 84: building queue full (5)
[12:44:18] planet 83: building queue full (5)
[12:44:18] attack: idle no_fleet_slots (used=11 max=11)
[12:44:18] research: blocked research_intergalactic_research_network (research_hyperspace_technology 6/8)
[2026-05-13 12:44:29] ==== loop 1/∞ | seed=819596940460494666 archetype=balanced personality=tecnologico focus=tech actions_per_loop=4 ====
[12:44:33] planet 27: building queue full (5)
[12:44:33] planet 84: building queue full (5)
[12:44:33] planet 83: building queue full (5)
[12:44:33] planet 90: queue busy, throttled building_robot_factory
[12:44:33] planet 27: building queue full (5)
[12:44:33] planet 84: building queue full (5)
[12:44:33] planet 83: building queue full (5)
[12:44:33] attack: idle no_fleet_slots (used=11 max=11)
[2026-05-13 12:44:43] ==== loop 1/∞ | seed=819596940460494666 archetype=balanced personality=tecnologico focus=tech actions_per_loop=4 ====
[12:44:48] planet 27: building queue full (5)
[12:44:48] planet 84: building queue full (5)
[12:44:48] planet 83: building queue full (5)
[12:44:48] planet 90: queue busy, throttled building_robot_factory
[12:44:48] planet 27: building queue full (5)
[12:44:48] planet 84: building queue full (5)
[12:44:48] planet 83: building queue full (5)
[12:44:48] attack: idle no_fleet_slots (used=11 max=11)
[12:44:48] research: blocked research_intergalactic_research_network (research_hyperspace_technology 6/8)
[2026-05-13 12:44:58] ==== loop 1/∞ | seed=819596940460494666 archetype=balanced personality=tecnologico focus=tech actions_per_loop=4 ====
[12:45:01] planet 27: building queue full (5)
[12:45:01] planet 84: building queue full (5)
[12:45:01] planet 83: building queue full (5)
[12:45:01] planet 90: queue busy, throttled building_robot_factory
[12:45:01] planet 27: building queue full (5)
[12:45:01] planet 84: building queue full (5)
[12:45:01] planet 83: building queue full (5)
[12:45:01] attack: idle no_fleet_slots (used=11 max=11)
[12:45:01] research: blocked research_intergalactic_research_network (research_hyperspace_technology 6/8)
[2026-05-13 12:45:12] ==== loop 1/∞ | seed=819596940460494666 archetype=balanced personality=tecnologico focus=tech actions_per_loop=4 ====
[12:45:17] planet 27: building queue full (5)
[12:45:17] planet 84: building queue full (5)
[12:45:17] planet 83: building queue full (5)
[12:45:17] planet 90: queue busy, throttled building_robot_factory
[12:45:17] planet 27: building queue full (5)
[12:45:17] planet 84: building queue full (5)
[12:45:17] planet 83: building queue full (5)
[12:45:17] attack: idle no_fleet_slots (used=11 max=11)
[2026-05-13 12:45:28] ==== loop 1/∞ | seed=819596940460494666 archetype=balanced personality=tecnologico focus=tech actions_per_loop=4 ====
[12:45:32] planet 27: building queue full (5)
[12:45:32] planet 84: building queue full (5)
[12:45:32] planet 83: building queue full (5)
[12:45:32] planet 90: queue busy, throttled building_robot_factory
[12:45:32] planet 27: building queue full (5)
[12:45:32] planet 84: building queue full (5)
[12:45:32] planet 83: building queue full (5)
[12:45:32] attack: idle no_fleet_slots (used=11 max=11)
[12:45:32] research: blocked research_intergalactic_research_network (research_hyperspace_technology 6/8)
[2026-05-13 12:45:42] ==== loop 1/∞ | seed=819596940460494666 archetype=balanced personality=tecnologico focus=tech actions_per_loop=4 ====
[12:45:47] planet 27: building queue full (5)
[12:45:47] planet 84: building queue full (5)
[12:45:47] planet 83: building queue full (5)
[12:45:47] planet 90: queue busy, throttled building_robot_factory
[12:45:47] planet 27: building queue full (5)
[12:45:47] planet 84: building queue full (5)
[12:45:47] planet 83: building queue full (5)
[12:45:47] attack: idle no_fleet_slots (used=11 max=11)
[12:45:47] research: blocked research_intergalactic_research_network (research_hyperspace_technology 6/8)
[2026-05-13 12:45:57] ==== loop 1/∞ | seed=819596940460494666 archetype=balanced personality=tecnologico focus=tech actions_per_loop=4 ====
[12:46:00] planet 27: building queue full (5)
[12:46:00] planet 84: building queue full (5)
[12:46:00] planet 83: building queue full (5)
[12:46:00] planet 90: queue busy, throttled building_robot_factory
[12:46:00] planet 27: building queue full (5)
[12:46:00] planet 84: building queue full (5)
[12:46:00] attack: idle no_fleet_slots (used=11 max=11)
[2026-05-13 12:46:11] ==== loop 1/∞ | seed=819596940460494666 archetype=balanced personality=tecnologico focus=tech actions_per_loop=4 ====
[12:46:15] planet 27: building queue full (5)
[12:46:15] planet 84: building queue full (5)
[12:46:15] planet 83: building queue full (5)
[12:46:15] planet 90: queue busy, throttled building_robot_factory
[12:46:15] planet 27: building queue full (5)
[12:46:15] planet 84: building queue full (5)
[12:46:15] planet 83: building queue full (5)
[12:46:15] attack: idle no_fleet_slots (used=11 max=11)
[12:46:15] research: blocked research_intergalactic_research_network (research_hyperspace_technology 6/8)
[2026-05-13 12:46:25] ==== loop 1/∞ | seed=819596940460494666 archetype=balanced personality=tecnologico focus=tech actions_per_loop=4 ====
[12:46:29] planet 27: building queue full (5)
[12:46:29] planet 84: building queue full (5)
[12:46:29] planet 83: building queue full (5)
[12:46:29] planet 90: queue busy, throttled building_robot_factory
[12:46:29] planet 27: building queue full (5)
[12:46:29] planet 84: building queue full (5)
[12:46:29] planet 83: building queue full (5)
[12:46:29] attack: idle no_fleet_slots (used=11 max=11)
[12:46:29] research: blocked research_intergalactic_research_network (research_hyperspace_technology 6/8)
[2026-05-13 12:46:40] ==== loop 1/∞ | seed=819596940460494666 archetype=balanced personality=tecnologico focus=tech actions_per_loop=4 ====
[12:46:42] planet 27: building queue full (5)
[12:46:42] planet 84: building queue full (5)
[12:46:42] planet 83: building queue full (5)
[12:46:42] planet 90: queue busy, throttled building_robot_factory
[12:46:42] planet 27: building queue full (5)
[12:46:42] planet 84: building queue full (5)
[12:46:42] planet 83: building queue full (5)
[12:46:42] attack: idle no_fleet_slots (used=11 max=11)
[2026-05-13 12:46:53] ==== loop 1/∞ | seed=819596940460494666 archetype=balanced personality=tecnologico focus=tech actions_per_loop=4 ====
[12:46:57] planet 27: building queue full (5)
[12:46:57] planet 84: building queue full (5)
[12:46:57] planet 83: building queue full (5)
[12:46:57] planet 90: queue busy, throttled building_robot_factory
[12:46:57] planet 27: building queue full (5)
[12:46:57] planet 84: building queue full (5)
[12:46:57] planet 83: building queue full (5)
[12:46:57] attack: idle no_fleet_slots (used=11 max=11)
[12:46:57] research: blocked research_intergalactic_research_network (research_hyperspace_technology 6/8)
[2026-05-13 12:47:08] ==== loop 1/∞ | seed=819596940460494666 archetype=balanced personality=tecnologico focus=tech actions_per_loop=4 ====
[12:47:12] planet 27: building queue full (5)
[12:47:12] planet 84: building queue full (5)
[12:47:12] planet 83: building queue full (5)
[12:47:12] planet 90: queue busy, throttled building_robot_factory
[12:47:12] planet 27: building queue full (5)
[12:47:12] planet 84: building queue full (5)
[12:47:12] planet 83: building queue full (5)
[12:47:12] attack: idle no_fleet_slots (used=11 max=11)
[12:47:12] research: blocked research_intergalactic_research_network (research_hyperspace_technology 6/8)
[2026-05-13 12:47:22] ==== loop 1/∞ | seed=819596940460494666 archetype=balanced personality=tecnologico focus=tech actions_per_loop=4 ====
[12:47:25] planet 27: building queue full (5)
[12:47:25] planet 84: building queue full (5)
[12:47:25] planet 83: building queue full (5)
[12:47:25] planet 90: queue busy, throttled building_robot_factory
[12:47:25] planet 27: building queue full (5)
[12:47:25] planet 84: building queue full (5)
[12:47:25] planet 83: building queue full (5)
[12:47:25] attack: idle no_fleet_slots (used=11 max=11)
[12:47:25] research: blocked research_intergalactic_research_network (research_hyperspace_technology 6/8)
[2026-05-13 12:47:36] ==== loop 1/∞ | seed=819596940460494666 archetype=balanced personality=tecnologico focus=tech actions_per_loop=4 ====
[12:47:41] planet 27: building queue full (5)
[12:47:41] planet 84: building queue full (5)
[12:47:41] planet 83: building queue full (5)
[12:47:41] planet 90: queue busy, throttled building_robot_factory
[12:47:41] planet 27: building queue full (5)
[12:47:41] planet 84: building queue full (5)
[12:47:41] planet 83: building queue full (5)
[12:47:41] attack: idle no_fleet_slots (used=11 max=11)
[12:47:41] research: blocked research_intergalactic_research_network (research_hyperspace_technology 6/8)
[2026-05-13 12:47:51] ==== loop 1/∞ | seed=819596940460494666 archetype=balanced personality=tecnologico focus=tech actions_per_loop=4 ====
[12:47:56] planet 27: building queue full (5)
[12:47:56] planet 84: building queue full (5)
[12:47:56] planet 83: building queue full (5)
[12:47:56] planet 90: queue busy, throttled building_robot_factory
[12:47:56] planet 27: building queue full (5)
[12:47:56] planet 84: building queue full (5)
[12:47:56] planet 83: building queue full (5)
[12:47:56] attack: idle no_fleet_slots (used=11 max=11)
[2026-05-13 12:48:07] ==== loop 1/∞ | seed=819596940460494666 archetype=balanced personality=tecnologico focus=tech actions_per_loop=4 ====
[12:48:10] planet 27: building queue full (5)
[12:48:10] planet 84: building queue full (5)
[12:48:10] planet 83: building queue full (5)
[12:48:10] planet 90: queue busy, throttled building_robot_factory
[12:48:10] planet 27: building queue full (5)
[12:48:10] planet 84: building queue full (5)
[12:48:10] planet 83: building queue full (5)
[12:48:10] attack: idle no_fleet_slots (used=11 max=11)
[12:48:10] research: blocked research_intergalactic_research_network (research_hyperspace_technology 6/8)
[2026-05-13 12:48:21] ==== loop 1/∞ | seed=819596940460494666 archetype=balanced personality=tecnologico focus=tech actions_per_loop=4 ====
[12:48:25] planet 27: building queue full (5)
[12:48:25] planet 84: building queue full (5)
[12:48:25] planet 83: building queue full (5)
[12:48:25] planet 90: queue busy, throttled building_robot_factory
[12:48:25] planet 27: building queue full (5)
[12:48:25] planet 84: building queue full (5)
[12:48:25] planet 83: building queue full (5)
[12:48:25] attack: idle no_fleet_slots (used=11 max=11)
[2026-05-13 12:48:36] ==== loop 1/∞ | seed=819596940460494666 archetype=balanced personality=tecnologico focus=tech actions_per_loop=4 ====
[12:48:39] planet 27: building queue full (5)
[12:48:39] planet 84: building queue full (5)
[12:48:39] planet 83: building queue full (5)
[12:48:39] planet 90: queue busy, throttled building_robot_factory
[12:48:39] planet 27: building queue full (5)
[12:48:39] planet 84: building queue full (5)
[12:48:39] planet 83: building queue full (5)
[12:48:39] attack: idle no_fleet_slots (used=11 max=11)
[2026-05-13 12:48:49] ==== loop 1/∞ | seed=819596940460494666 archetype=balanced personality=tecnologico focus=tech actions_per_loop=4 ====
[12:48:53] planet 27: queued building_deuterium_tank to 15
[12:48:53] planet 84: building queue full (5)
[12:48:53] planet 83: building queue full (5)
[12:48:53] planet 90: queue busy, throttled building_robot_factory
[12:48:53] planet 84: building queue full (5)
[12:48:53] planet 83: building queue full (5)
[12:48:53] attack: idle no_fleet_slots (used=11 max=11)
[12:48:53] research: blocked research_intergalactic_research_network (research_hyperspace_technology 6/8)
[2026-05-13 12:49:03] ==== loop 1/∞ | seed=819596940460494666 archetype=balanced personality=tecnologico focus=tech actions_per_loop=4 ====
[12:49:08] planet 27: building queue full (5)
[12:49:08] planet 84: building queue full (5)
[12:49:08] planet 83: building queue full (5)
[12:49:08] planet 90: queue busy, throttled building_robot_factory
[12:49:08] planet 27: building queue full (5)
[12:49:08] planet 84: building queue full (5)
[12:49:08] planet 83: building queue full (5)
[12:49:08] attack: idle no_fleet_slots (used=11 max=11)
[2026-05-13 12:49:18] ==== loop 1/∞ | seed=819596940460494666 archetype=balanced personality=tecnologico focus=tech actions_per_loop=4 ====
[12:49:22] planet 27: building queue full (5)
[12:49:22] planet 84: building queue full (5)
[12:49:22] planet 83: building queue full (5)
[12:49:22] planet 90: queue busy, throttled building_robot_factory
[12:49:22] planet 27: building queue full (5)
[12:49:22] planet 84: building queue full (5)
[12:49:22] planet 83: building queue full (5)
[12:49:22] attack: idle no_fleet_slots (used=11 max=11)
[12:49:22] research: blocked research_intergalactic_research_network (research_hyperspace_technology 6/8)
[2026-05-13 12:49:32] ==== loop 1/∞ | seed=819596940460494666 archetype=balanced personality=tecnologico focus=tech actions_per_loop=4 ====
[12:49:36] planet 27: building queue full (5)
[12:49:36] planet 84: building queue full (5)
[12:49:36] planet 83: building queue full (5)
[12:49:36] planet 90: queue busy, throttled building_robot_factory
[12:49:36] planet 27: building queue full (5)
[12:49:36] planet 84: building queue full (5)
[12:49:36] planet 83: building queue full (5)
[12:49:36] attack: idle no_fleet_slots (used=11 max=11)
[12:49:36] research: blocked research_intergalactic_research_network (research_hyperspace_technology 6/8)
[2026-05-13 12:49:46] ==== loop 1/∞ | seed=819596940460494666 archetype=balanced personality=tecnologico focus=tech actions_per_loop=4 ====
[12:49:49] planet 27: building queue full (5)
[12:49:49] planet 84: building queue full (5)
[12:49:49] planet 83: building queue full (5)
[12:49:49] planet 90: queue busy, throttled building_robot_factory
[12:49:49] planet 27: building queue full (5)
[12:49:49] planet 84: building queue full (5)
[12:49:49] planet 83: building queue full (5)
[12:49:49] attack: idle no_fleet_slots (used=11 max=11)
[2026-05-13 12:50:00] ==== loop 1/∞ | seed=819596940460494666 archetype=balanced personality=tecnologico focus=tech actions_per_loop=4 ====
[12:50:03] planet 27: no resources for building_metal_store+1
[12:50:03] planet 84: queued building_deuterium_sintetizer to 16
[12:50:03] planet 83: building queue full (5)
[12:50:03] planet 90: queue busy, throttled building_robot_factory
[12:50:03] planet 83: building queue full (5)
[12:50:03] attack: idle no_fleet_slots (used=11 max=11)
[12:50:03] research: blocked research_intergalactic_research_network (research_hyperspace_technology 6/8)
[2026-05-13 12:50:13] ==== loop 1/∞ | seed=819596940460494666 archetype=balanced personality=tecnologico focus=tech actions_per_loop=4 ====
[12:50:17] planet 27: no resources for building_metal_store+1
[12:50:17] planet 84: building queue full (5)
[12:50:17] planet 83: building queue full (5)
[12:50:17] planet 90: queue busy, throttled building_robot_factory
[12:50:17] planet 84: building queue full (5)
[12:50:17] planet 83: building queue full (5)
[12:50:17] attack: idle no_fleet_slots (used=11 max=11)
[12:50:17] research: blocked research_intergalactic_research_network (research_hyperspace_technology 6/8)
[2026-05-13 12:50:27] ==== loop 1/∞ | seed=819596940460494666 archetype=balanced personality=tecnologico focus=tech actions_per_loop=4 ====
[12:50:30] planet 27: no resources for building_metal_store+1
[12:50:30] planet 84: building queue full (5)
[12:50:30] planet 83: building queue full (5)
[12:50:30] planet 90: queue busy, throttled building_robot_factory
[12:50:30] planet 84: building queue full (5)
[12:50:30] planet 83: building queue full (5)
[12:50:30] attack: idle no_fleet_slots (used=11 max=11)
[12:50:30] research: blocked research_intergalactic_research_network (research_hyperspace_technology 6/8)
[2026-05-13 12:50:40] ==== loop 1/∞ | seed=819596940460494666 archetype=balanced personality=tecnologico focus=tech actions_per_loop=4 ====
[12:50:43] planet 27: no resources for building_metal_store+1
[12:50:43] planet 84: building queue full (5)
[12:50:43] planet 83: building queue full (5)
[12:50:43] planet 90: queue busy, throttled building_robot_factory
[12:50:43] planet 84: building queue full (5)
[12:50:43] planet 83: building queue full (5)
[12:50:43] attack: idle no_fleet_slots (used=11 max=11)
[12:50:43] research: blocked research_intergalactic_research_network (research_hyperspace_technology 6/8)
[2026-05-13 12:50:53] ==== loop 1/∞ | seed=819596940460494666 archetype=balanced personality=tecnologico focus=tech actions_per_loop=4 ====
[12:50:57] planet 27: no resources for building_metal_store+1
[12:50:57] planet 84: building queue full (5)
[12:50:57] planet 83: building queue full (5)
[12:50:57] planet 90: queue busy, throttled building_robot_factory
[12:50:57] planet 84: building queue full (5)
[12:50:57] planet 83: building queue full (5)
[12:50:57] attack: idle no_fleet_slots (used=11 max=11)
[12:50:57] research: blocked research_intergalactic_research_network (research_hyperspace_technology 6/8)
[2026-05-13 12:51:07] ==== loop 1/∞ | seed=819596940460494666 archetype=balanced personality=tecnologico focus=tech actions_per_loop=4 ====
[12:51:11] planet 27: no resources for building_metal_store+1
[12:51:11] planet 84: building queue full (5)
[12:51:11] planet 83: building queue full (5)
[12:51:11] planet 90: queue busy, throttled building_robot_factory
[12:51:11] planet 84: building queue full (5)
[12:51:11] planet 83: building queue full (5)
[12:51:11] attack: idle no_fleet_slots (used=11 max=11)
[12:51:11] research: blocked research_intergalactic_research_network (research_hyperspace_technology 6/8)
[2026-05-13 12:51:21] ==== loop 1/∞ | seed=819596940460494666 archetype=balanced personality=tecnologico focus=tech actions_per_loop=4 ====
[12:51:24] planet 27: no resources for building_metal_store+1
[12:51:24] planet 84: building queue full (5)
[12:51:24] planet 83: building queue full (5)
[12:51:24] planet 90: queue busy, throttled building_robot_factory
[12:51:24] planet 84: building queue full (5)
[12:51:24] attack: idle no_fleet_slots (used=11 max=11)
[12:51:24] research: blocked research_intergalactic_research_network (research_hyperspace_technology 6/8)
[2026-05-13 12:51:34] ==== loop 1/∞ | seed=819596940460494666 archetype=balanced personality=tecnologico focus=tech actions_per_loop=4 ====
[12:51:38] planet 27: no resources for building_metal_store+1
[12:51:38] planet 84: building queue full (5)
[12:51:38] planet 83: building queue full (5)
[12:51:38] planet 90: queue busy, throttled building_robot_factory
[12:51:38] planet 84: building queue full (5)
[12:51:38] planet 83: building queue full (5)
[12:51:38] attack: idle no_fleet_slots (used=11 max=11)
[12:51:38] research: blocked research_intergalactic_research_network (research_hyperspace_technology 6/8)
[2026-05-13 12:51:48] ==== loop 1/∞ | seed=819596940460494666 archetype=balanced personality=tecnologico focus=tech actions_per_loop=4 ====
[12:51:52] planet 27: no resources for building_metal_store+1
[12:51:52] planet 84: building queue full (5)
[12:51:52] planet 83: building queue full (5)
[12:51:52] planet 90: queue busy, throttled building_robot_factory
[12:51:52] planet 84: building queue full (5)
[12:51:52] planet 83: building queue full (5)
[12:51:52] attack: idle no_fleet_slots (used=11 max=11)
[2026-05-13 12:52:02] ==== loop 1/∞ | seed=819596940460494666 archetype=balanced personality=tecnologico focus=tech actions_per_loop=4 ====
[12:52:06] planet 27: no resources for building_metal_store+1
[12:52:06] planet 84: building queue full (5)
[12:52:06] planet 83: building queue full (5)
[12:52:06] planet 90: queue busy, throttled building_robot_factory
[12:52:06] planet 84: building queue full (5)
[12:52:06] planet 83: building queue full (5)
[12:52:06] attack: idle no_fleet_slots (used=11 max=11)
[12:52:06] research: blocked research_intergalactic_research_network (research_hyperspace_technology 6/8)
[2026-05-13 12:52:17] ==== loop 1/∞ | seed=819596940460494666 archetype=balanced personality=tecnologico focus=tech actions_per_loop=4 ====
[12:52:20] planet 27: no resources for building_metal_store+1
[12:52:20] planet 84: building queue full (5)
[12:52:20] planet 83: building queue full (5)
[12:52:20] planet 90: queue busy, throttled building_robot_factory
[12:52:20] planet 84: building queue full (5)
[12:52:20] planet 83: building queue full (5)
[12:52:20] attack: idle no_fleet_slots (used=11 max=11)
[12:52:20] research: blocked research_intergalactic_research_network (research_hyperspace_technology 6/8)
[2026-05-13 12:52:30] ==== loop 1/∞ | seed=819596940460494666 archetype=balanced personality=tecnologico focus=tech actions_per_loop=4 ====
[12:52:34] planet 27: no resources for building_metal_store+1
[12:52:34] planet 84: building queue full (5)
[12:52:34] planet 83: building queue full (5)
[12:52:34] planet 90: queue busy, throttled building_robot_factory
[12:52:34] planet 84: building queue full (5)
[12:52:34] planet 83: building queue full (5)
[12:52:34] attack: idle no_fleet_slots (used=11 max=11)
[2026-05-13 12:52:44] ==== loop 1/∞ | seed=819596940460494666 archetype=balanced personality=tecnologico focus=tech actions_per_loop=4 ====
[12:52:47] planet 27: no resources for building_metal_store+1
[12:52:47] planet 84: building queue full (5)
[12:52:47] planet 83: building queue full (5)
[12:52:47] planet 90: queue busy, throttled building_robot_factory
[12:52:47] planet 84: building queue full (5)
[12:52:47] planet 83: building queue full (5)
[12:52:47] attack: idle no_fleet_slots (used=11 max=11)
[12:52:47] research: blocked research_intergalactic_research_network (research_hyperspace_technology 6/8)
[2026-05-13 12:52:58] ==== loop 1/∞ | seed=819596940460494666 archetype=balanced personality=tecnologico focus=tech actions_per_loop=4 ====
[12:53:01] planet 27: no resources for building_metal_store+1
[12:53:01] planet 84: building queue full (5)
[12:53:01] planet 83: building queue full (5)
[12:53:01] planet 90: queue busy, throttled building_robot_factory
[12:53:01] planet 84: building queue full (5)
[12:53:01] planet 83: building queue full (5)
[12:53:01] attack: idle no_fleet_slots (used=11 max=11)
[12:53:01] research: blocked research_intergalactic_research_network (research_hyperspace_technology 6/8)
[2026-05-13 12:53:11] ==== loop 1/∞ | seed=819596940460494666 archetype=balanced personality=tecnologico focus=tech actions_per_loop=4 ====
[12:53:14] planet 27: no resources for building_metal_store+1
[12:53:14] planet 84: building queue full (5)
[12:53:14] planet 83: building queue full (5)
[12:53:14] planet 90: queue busy, throttled building_robot_factory
[12:53:14] planet 84: building queue full (5)
[12:53:14] planet 83: building queue full (5)
[12:53:14] attack: idle no_fleet_slots (used=11 max=11)
[12:53:14] research: blocked research_intergalactic_research_network (research_hyperspace_technology 6/8)
[2026-05-13 12:53:25] ==== loop 1/∞ | seed=819596940460494666 archetype=balanced personality=tecnologico focus=tech actions_per_loop=4 ====
[12:53:28] planet 27: no resources for building_metal_store+1
[12:53:28] planet 84: building queue full (5)
[12:53:28] planet 83: building queue full (5)
[12:53:28] planet 90: queue busy, throttled building_robot_factory
[12:53:28] planet 84: building queue full (5)
[12:53:28] planet 83: building queue full (5)
[12:53:28] attack: idle no_fleet_slots (used=11 max=11)
[12:53:28] research: blocked research_intergalactic_research_network (research_hyperspace_technology 6/8)
[2026-05-13 12:53:39] ==== loop 1/∞ | seed=819596940460494666 archetype=balanced personality=tecnologico focus=tech actions_per_loop=4 ====
[12:53:42] planet 27: no resources for building_metal_store+1
[12:53:42] planet 84: building queue full (5)
[12:53:42] planet 83: building queue full (5)
[12:53:42] planet 90: queue busy, throttled building_robot_factory
[12:53:42] planet 84: building queue full (5)
[12:53:42] attack: idle no_fleet_slots (used=11 max=11)
[12:53:42] research: blocked research_intergalactic_research_network (research_hyperspace_technology 6/8)
[2026-05-13 12:53:52] ==== loop 1/∞ | seed=819596940460494666 archetype=balanced personality=tecnologico focus=tech actions_per_loop=4 ====
[12:53:55] planet 27: no resources for building_metal_store+1
[12:53:55] planet 84: building queue full (5)
[12:53:55] planet 83: building queue full (5)
[12:53:55] planet 90: queue busy, throttled building_robot_factory
[12:53:55] planet 84: building queue full (5)
[12:53:55] planet 83: building queue full (5)
[12:53:55] attack: idle no_fleet_slots (used=11 max=11)
[12:53:55] research: blocked research_intergalactic_research_network (research_hyperspace_technology 6/8)
[2026-05-13 12:54:06] ==== loop 1/∞ | seed=819596940460494666 archetype=balanced personality=tecnologico focus=tech actions_per_loop=4 ====
[12:54:08] planet 27: no resources for building_metal_store+1
[12:54:08] planet 84: building queue full (5)
[12:54:08] planet 83: building queue full (5)
[12:54:08] planet 90: queue busy, throttled building_robot_factory
[12:54:08] planet 84: building queue full (5)
[12:54:08] planet 83: building queue full (5)
[12:54:08] attack: idle no_fleet_slots (used=11 max=11)
[12:54:08] research: blocked research_intergalactic_research_network (research_hyperspace_technology 6/8)
[2026-05-13 12:54:18] ==== loop 1/∞ | seed=819596940460494666 archetype=balanced personality=tecnologico focus=tech actions_per_loop=4 ====
[12:54:22] planet 27: no resources for building_metal_store+1
[12:54:22] planet 84: building queue full (5)
[12:54:22] planet 83: building queue full (5)
[12:54:22] planet 90: queue busy, throttled building_robot_factory
[12:54:22] planet 84: building queue full (5)
[12:54:22] planet 83: building queue full (5)
[12:54:22] attack: idle no_fleet_slots (used=11 max=11)
[12:54:22] research: blocked research_intergalactic_research_network (research_hyperspace_technology 6/8)
[2026-05-13 12:54:32] ==== loop 1/∞ | seed=819596940460494666 archetype=balanced personality=tecnologico focus=tech actions_per_loop=4 ====
[12:54:35] planet 27: no resources for building_metal_store+1
[12:54:35] planet 84: building queue full (5)
[12:54:35] planet 83: building queue full (5)
[12:54:35] planet 90: queue busy, throttled building_robot_factory
[12:54:35] planet 84: building queue full (5)
[12:54:35] planet 83: building queue full (5)
[12:54:35] attack: idle no_fleet_slots (used=11 max=11)
[12:54:35] research: blocked research_intergalactic_research_network (research_hyperspace_technology 6/8)
[2026-05-13 12:54:46] ==== loop 1/∞ | seed=819596940460494666 archetype=balanced personality=tecnologico focus=tech actions_per_loop=4 ====
[12:54:50] planet 27: no resources for building_metal_store+1
[12:54:50] planet 84: building queue full (5)
[12:54:50] planet 83: building queue full (5)
[12:54:50] planet 90: queue busy, throttled building_robot_factory
[12:54:50] planet 84: building queue full (5)
[12:54:50] planet 83: building queue full (5)
[12:54:50] attack: idle no_fleet_slots (used=11 max=11)
[12:54:50] research: blocked research_intergalactic_research_network (research_hyperspace_technology 6/8)
[2026-05-13 12:55:00] ==== loop 1/∞ | seed=819596940460494666 archetype=balanced personality=tecnologico focus=tech actions_per_loop=4 ====
[12:55:04] planet 27: no resources for building_metal_store+1
[12:55:04] planet 84: building queue full (5)
[12:55:04] planet 83: building queue full (5)
[12:55:04] planet 90: queue busy, throttled building_robot_factory
[12:55:04] planet 84: building queue full (5)
[12:55:04] planet 83: building queue full (5)
[12:55:04] attack: idle no_fleet_slots (used=11 max=11)
[12:55:04] research: blocked research_intergalactic_research_network (research_hyperspace_technology 6/8)
[2026-05-13 12:55:14] ==== loop 1/∞ | seed=819596940460494666 archetype=balanced personality=tecnologico focus=tech actions_per_loop=4 ====
[12:55:17] planet 27: no resources for building_metal_store+1
[12:55:17] planet 84: building queue full (5)
[12:55:17] planet 83: building queue full (5)
[12:55:17] planet 90: queue busy, throttled building_robot_factory
[12:55:17] planet 84: building queue full (5)
[12:55:17] planet 83: building queue full (5)
[12:55:17] attack: idle no_fleet_slots (used=11 max=11)
[12:55:17] research: blocked research_intergalactic_research_network (research_hyperspace_technology 6/8)
[2026-05-13 12:55:28] ==== loop 1/∞ | seed=819596940460494666 archetype=balanced personality=tecnologico focus=tech actions_per_loop=4 ====
[12:55:31] planet 27: no resources for building_metal_store+1
[12:55:31] planet 84: building queue full (5)
[12:55:31] planet 83: building queue full (5)
[12:55:31] planet 90: queue busy, throttled building_robot_factory
[12:55:31] planet 84: building queue full (5)
[12:55:31] planet 83: building queue full (5)
[12:55:31] attack: idle no_fleet_slots (used=11 max=11)
[12:55:31] research: blocked research_intergalactic_research_network (research_hyperspace_technology 6/8)
[2026-05-13 12:55:42] ==== loop 1/∞ | seed=819596940460494666 archetype=balanced personality=tecnologico focus=tech actions_per_loop=4 ====
[12:55:44] planet 27: no resources for building_metal_store+1
[12:55:44] planet 84: building queue full (5)
[12:55:44] planet 83: building queue full (5)
[12:55:44] planet 90: queue busy, throttled building_robot_factory
[12:55:44] planet 84: building queue full (5)
[12:55:44] planet 83: building queue full (5)
[12:55:44] attack: idle no_fleet_slots (used=11 max=11)
[12:55:44] research: blocked research_intergalactic_research_network (research_hyperspace_technology 6/8)
[2026-05-13 12:55:54] ==== loop 1/∞ | seed=819596940460494666 archetype=balanced personality=tecnologico focus=tech actions_per_loop=4 ====
[12:55:58] planet 27: no resources for building_metal_store+1
[12:55:58] planet 84: building queue full (5)
[12:55:58] planet 83: building queue full (5)
[12:55:58] planet 90: queue busy, throttled building_robot_factory
[12:55:58] planet 84: building queue full (5)
[12:55:58] planet 83: building queue full (5)
[12:55:58] attack: idle no_fleet_slots (used=11 max=11)
[2026-05-13 12:56:09] ==== loop 1/∞ | seed=819596940460494666 archetype=balanced personality=tecnologico focus=tech actions_per_loop=4 ====
[12:56:11] planet 27: no resources for building_metal_store+1
[12:56:11] planet 84: building queue full (5)
[12:56:11] planet 83: building queue full (5)
[12:56:11] planet 90: queue busy, throttled building_robot_factory
[12:56:11] planet 84: building queue full (5)
[12:56:11] planet 83: building queue full (5)
[12:56:11] attack: idle no_fleet_slots (used=11 max=11)
[12:56:11] research: blocked research_intergalactic_research_network (research_hyperspace_technology 6/8)
[2026-05-13 12:56:22] ==== loop 1/∞ | seed=819596940460494666 archetype=balanced personality=tecnologico focus=tech actions_per_loop=4 ====
[12:56:24] planet 27: no resources for building_metal_store+1
[12:56:24] planet 84: building queue full (5)
[12:56:24] planet 83: building queue full (5)
[12:56:24] planet 90: queue busy, throttled building_robot_factory
[12:56:24] planet 84: building queue full (5)
[12:56:24] planet 83: building queue full (5)
[12:56:24] attack: idle no_fleet_slots (used=11 max=11)
[12:56:24] research: blocked research_intergalactic_research_network (research_hyperspace_technology 6/8)
[2026-05-13 12:56:34] ==== loop 1/∞ | seed=819596940460494666 archetype=balanced personality=tecnologico focus=tech actions_per_loop=4 ====
[12:56:38] planet 27: no resources for building_metal_store+1
[12:56:38] planet 84: building queue full (5)
[12:56:38] planet 83: building queue full (5)
[12:56:38] planet 90: queue busy, throttled building_robot_factory
[12:56:38] planet 84: building queue full (5)
[12:56:38] planet 83: building queue full (5)
[12:56:38] attack: idle no_fleet_slots (used=11 max=11)
[12:56:38] research: blocked research_intergalactic_research_network (research_hyperspace_technology 6/8)
[2026-05-13 12:56:48] ==== loop 1/∞ | seed=819596940460494666 archetype=balanced personality=tecnologico focus=tech actions_per_loop=4 ====
[12:56:52] planet 27: no resources for building_metal_store+1
[12:56:52] planet 84: building queue full (5)
[12:56:52] planet 83: building queue full (5)
[12:56:52] planet 90: queue busy, throttled building_robot_factory
[12:56:52] planet 84: building queue full (5)
[12:56:52] planet 83: building queue full (5)
[12:56:52] attack: idle no_fleet_slots (used=11 max=11)
[12:56:52] research: blocked research_intergalactic_research_network (research_hyperspace_technology 6/8)
[2026-05-13 12:57:02] ==== loop 1/∞ | seed=819596940460494666 archetype=balanced personality=tecnologico focus=tech actions_per_loop=4 ====
[12:57:04] planet 27: no resources for building_metal_store+1
[12:57:04] planet 84: building queue full (5)
[12:57:04] planet 83: building queue full (5)
[12:57:04] planet 90: queue busy, throttled building_robot_factory
[12:57:04] planet 84: building queue full (5)
[12:57:04] planet 83: building queue full (5)
[12:57:04] attack: idle no_fleet_slots (used=11 max=11)
[12:57:04] research: blocked research_intergalactic_research_network (research_hyperspace_technology 6/8)
[2026-05-13 12:57:14] ==== loop 1/∞ | seed=819596940460494666 archetype=balanced personality=tecnologico focus=tech actions_per_loop=4 ====
[12:57:16] planet 27: no resources for building_metal_store+1
[12:57:16] planet 84: building queue full (5)
[12:57:16] planet 83: building queue full (5)
[12:57:16] planet 90: queue busy, throttled building_robot_factory
[12:57:16] planet 84: building queue full (5)
[12:57:16] planet 83: building queue full (5)
[12:57:16] attack: idle no_fleet_slots (used=11 max=11)
[12:57:16] research: blocked research_intergalactic_research_network (research_hyperspace_technology 6/8)
[2026-05-13 12:57:26] ==== loop 1/∞ | seed=819596940460494666 archetype=balanced personality=tecnologico focus=tech actions_per_loop=4 ====
[12:57:30] planet 27: no resources for building_metal_store+1
[12:57:30] planet 84: building queue full (5)
[12:57:30] planet 83: building queue full (5)
[12:57:30] planet 90: queue busy, throttled building_robot_factory
[12:57:30] planet 84: building queue full (5)
[12:57:30] planet 83: building queue full (5)
[12:57:30] attack: idle no_fleet_slots (used=11 max=11)
[12:57:30] research: blocked research_intergalactic_research_network (research_hyperspace_technology 6/8)
[2026-05-13 12:57:40] ==== loop 1/∞ | seed=819596940460494666 archetype=balanced personality=tecnologico focus=tech actions_per_loop=4 ====
[12:57:44] planet 27: no resources for building_metal_store+1
[12:57:44] planet 84: building queue full (5)
[12:57:44] planet 83: building queue full (5)
[12:57:44] planet 90: queue busy, throttled building_robot_factory
[12:57:44] planet 84: building queue full (5)
[12:57:44] planet 83: building queue full (5)
[12:57:44] attack: idle no_fleet_slots (used=11 max=11)
[12:57:44] research: blocked research_intergalactic_research_network (research_hyperspace_technology 6/8)
[2026-05-13 12:57:54] ==== loop 1/∞ | seed=819596940460494666 archetype=balanced personality=tecnologico focus=tech actions_per_loop=4 ====
[12:57:58] planet 27: no resources for building_metal_store+1
[12:57:58] planet 84: building queue full (5)
[12:57:58] planet 83: building queue full (5)
[12:57:58] planet 90: queue busy, throttled building_robot_factory
[12:57:58] planet 84: building queue full (5)
[12:57:58] planet 83: building queue full (5)
[12:57:58] attack: idle no_fleet_slots (used=11 max=11)
[12:57:58] research: blocked research_intergalactic_research_network (research_hyperspace_technology 6/8)
[2026-05-13 12:58:09] ==== loop 1/∞ | seed=819596940460494666 archetype=balanced personality=tecnologico focus=tech actions_per_loop=4 ====
[12:58:13] planet 27: no resources for building_metal_store+1
[12:58:13] planet 84: building queue full (5)
[12:58:13] planet 83: building queue full (5)
[12:58:13] planet 90: queue busy, throttled building_robot_factory
[12:58:13] planet 84: building queue full (5)
[12:58:13] planet 83: building queue full (5)
[12:58:13] attack: idle no_fleet_slots (used=11 max=11)
[2026-05-13 12:58:23] ==== loop 1/∞ | seed=819596940460494666 archetype=balanced personality=tecnologico focus=tech actions_per_loop=4 ====
[12:58:26] planet 27: no resources for building_metal_store+1
[12:58:26] planet 84: building queue full (5)
[12:58:26] planet 83: building queue full (5)
[12:58:26] planet 90: queue busy, throttled building_robot_factory
[12:58:26] planet 84: building queue full (5)
[12:58:26] planet 83: building queue full (5)
[12:58:26] attack: idle no_fleet_slots (used=11 max=11)
[12:58:26] research: blocked research_intergalactic_research_network (research_hyperspace_technology 6/8)
[2026-05-13 12:58:37] ==== loop 1/∞ | seed=819596940460494666 archetype=balanced personality=tecnologico focus=tech actions_per_loop=4 ====
[12:58:40] planet 27: no resources for building_metal_store+1
[12:58:40] planet 84: building queue full (5)
[12:58:40] planet 83: building queue full (5)
[12:58:40] planet 90: queue busy, throttled building_robot_factory
[12:58:40] planet 84: building queue full (5)
[12:58:40] planet 83: building queue full (5)
[12:58:40] attack: idle no_fleet_slots (used=11 max=11)
[2026-05-13 12:58:50] ==== loop 1/∞ | seed=819596940460494666 archetype=balanced personality=tecnologico focus=tech actions_per_loop=4 ====
[12:58:53] planet 27: no resources for building_metal_store+1
[12:58:53] planet 84: building queue full (5)
[12:58:53] planet 83: building queue full (5)
[12:58:53] planet 90: queue busy, throttled building_robot_factory
[12:58:53] planet 84: building queue full (5)
[12:58:53] planet 83: building queue full (5)
[12:58:53] attack: idle no_fleet_slots (used=11 max=11)
[2026-05-13 12:59:03] ==== loop 1/∞ | seed=819596940460494666 archetype=balanced personality=tecnologico focus=tech actions_per_loop=4 ====
[12:59:07] planet 27: no resources for building_metal_store+1
[12:59:07] planet 84: building queue full (5)
[12:59:07] planet 83: building queue full (5)
[12:59:07] planet 90: queue busy, throttled building_robot_factory
[12:59:07] planet 84: building queue full (5)
[12:59:07] planet 83: building queue full (5)
[12:59:07] attack: idle no_fleet_slots (used=11 max=11)
[12:59:07] research: blocked research_intergalactic_research_network (research_hyperspace_technology 6/8)
[2026-05-13 12:59:17] ==== loop 1/∞ | seed=819596940460494666 archetype=balanced personality=tecnologico focus=tech actions_per_loop=4 ====
[12:59:21] planet 27: no resources for building_metal_store+1
[12:59:21] planet 84: building queue full (5)
[12:59:21] planet 83: building queue full (5)
[12:59:21] planet 90: queue busy, throttled building_robot_factory
[12:59:21] planet 84: building queue full (5)
[12:59:21] planet 83: building queue full (5)
[12:59:21] attack: idle no_fleet_slots (used=11 max=11)
[12:59:21] research: blocked research_intergalactic_research_network (research_hyperspace_technology 6/8)
[2026-05-13 12:59:31] ==== loop 1/∞ | seed=819596940460494666 archetype=balanced personality=tecnologico focus=tech actions_per_loop=4 ====
[12:59:36] planet 27: no resources for building_metal_store+1
[12:59:36] planet 84: building queue full (5)
[12:59:36] planet 83: building queue full (5)
[12:59:36] planet 90: queue busy, throttled building_robot_factory
[12:59:36] planet 84: building queue full (5)
[12:59:36] planet 83: building queue full (5)
[12:59:36] attack: idle no_fleet_slots (used=11 max=11)
[12:59:36] research: blocked research_intergalactic_research_network (research_hyperspace_technology 6/8)
[2026-05-13 12:59:46] ==== loop 1/∞ | seed=819596940460494666 archetype=balanced personality=tecnologico focus=tech actions_per_loop=4 ====
[12:59:49] planet 27: no resources for building_metal_store+1
[12:59:49] planet 84: building queue full (5)
[12:59:49] planet 83: building queue full (5)
[12:59:49] planet 90: queue busy, throttled building_robot_factory
[12:59:49] planet 84: building queue full (5)
[12:59:49] planet 83: building queue full (5)
[12:59:49] attack: idle no_fleet_slots (used=11 max=11)
[12:59:49] research: blocked research_intergalactic_research_network (research_hyperspace_technology 6/8)
[2026-05-13 12:59:59] ==== loop 1/∞ | seed=819596940460494666 archetype=balanced personality=tecnologico focus=tech actions_per_loop=4 ====
[13:00:02] planet 27: no resources for building_metal_store+1
[13:00:02] planet 84: building queue full (5)
[13:00:02] planet 83: queued building_deuterium_sintetizer to 9
[13:00:02] planet 90: queue busy, throttled building_robot_factory
[13:00:02] planet 84: building queue full (5)
[13:00:02] attack: idle no_fleet_slots (used=11 max=11)
[13:00:02] research: blocked research_intergalactic_research_network (research_hyperspace_technology 6/8)
[2026-05-13 13:00:13] ==== loop 1/∞ | seed=819596940460494666 archetype=balanced personality=tecnologico focus=tech actions_per_loop=4 ====
[13:00:16] planet 27: no resources for building_metal_store+1
[13:00:16] planet 84: building queue full (5)
[13:00:16] planet 83: building queue full (5)
[13:00:16] planet 90: queue busy, throttled building_robot_factory
[13:00:16] planet 84: building queue full (5)
[13:00:16] planet 83: building queue full (5)
[13:00:16] attack: idle no_fleet_slots (used=11 max=11)
[13:00:16] research: blocked research_intergalactic_research_network (research_hyperspace_technology 6/8)
[2026-05-13 13:00:27] ==== loop 1/∞ | seed=819596940460494666 archetype=balanced personality=tecnologico focus=tech actions_per_loop=4 ====
[13:00:30] planet 27: no resources for building_metal_store+1
[13:00:30] planet 84: building queue full (5)
[13:00:30] planet 83: building queue full (5)
[13:00:30] planet 90: queue busy, throttled building_robot_factory
[13:00:30] planet 84: building queue full (5)
[13:00:30] planet 83: building queue full (5)
[13:00:30] attack: idle no_fleet_slots (used=11 max=11)
[13:00:30] research: blocked research_intergalactic_research_network (research_hyperspace_technology 6/8)
[2026-05-13 13:00:40] ==== loop 1/∞ | seed=819596940460494666 archetype=balanced personality=tecnologico focus=tech actions_per_loop=4 ====
[13:00:43] planet 27: no resources for building_metal_store+1
[13:00:43] planet 84: building queue full (5)
[13:00:43] planet 83: building queue full (5)
[13:00:43] planet 90: queue busy, throttled building_robot_factory
[13:00:43] planet 84: building queue full (5)
[13:00:43] planet 83: building queue full (5)
[13:00:43] attack: idle no_fleet_slots (used=11 max=11)
[13:00:43] research: blocked research_intergalactic_research_network (research_hyperspace_technology 6/8)
[2026-05-13 13:00:53] ==== loop 1/∞ | seed=819596940460494666 archetype=balanced personality=tecnologico focus=tech actions_per_loop=4 ====
[13:00:56] planet 27: no resources for building_metal_store+1
[13:00:56] planet 84: building queue full (5)
[13:00:56] planet 83: building queue full (5)
[13:00:56] planet 90: queue busy, throttled building_robot_factory
[13:00:56] planet 84: building queue full (5)
[13:00:56] attack: idle no_fleet_slots (used=11 max=11)
[13:00:56] research: blocked research_intergalactic_research_network (research_hyperspace_technology 6/8)
[2026-05-13 13:01:06] ==== loop 1/∞ | seed=819596940460494666 archetype=balanced personality=tecnologico focus=tech actions_per_loop=4 ====
[13:01:10] planet 27: no resources for building_metal_store+1
[13:01:10] planet 84: building queue full (5)
[13:01:10] planet 83: building queue full (5)
[13:01:10] planet 90: queue busy, throttled building_robot_factory
[13:01:10] planet 84: building queue full (5)
[13:01:10] planet 83: building queue full (5)
[13:01:10] attack: idle no_fleet_slots (used=11 max=11)
[13:01:10] research: blocked research_intergalactic_research_network (research_hyperspace_technology 6/8)
[2026-05-13 13:01:21] ==== loop 1/∞ | seed=819596940460494666 archetype=balanced personality=tecnologico focus=tech actions_per_loop=4 ====
[13:01:24] planet 27: no resources for building_metal_store+1
[13:01:24] planet 84: building queue full (5)
[13:01:24] planet 83: building queue full (5)
[13:01:24] planet 90: queue busy, throttled building_robot_factory
[13:01:24] planet 84: building queue full (5)
[13:01:24] planet 83: building queue full (5)
[13:01:24] attack: idle no_fleet_slots (used=11 max=11)
[13:01:24] research: blocked research_intergalactic_research_network (research_hyperspace_technology 6/8)
[2026-05-13 13:01:34] ==== loop 1/∞ | seed=819596940460494666 archetype=balanced personality=tecnologico focus=tech actions_per_loop=4 ====
[13:01:38] planet 27: no resources for building_metal_store+1
[13:01:38] planet 84: building queue full (5)
[13:01:38] planet 83: building queue full (5)
[13:01:38] planet 90: queue busy, throttled building_robot_factory
[13:01:38] planet 84: building queue full (5)
[13:01:38] planet 83: building queue full (5)
[13:01:38] attack: idle no_fleet_slots (used=11 max=11)
[13:01:38] research: blocked research_intergalactic_research_network (research_hyperspace_technology 6/8)
[2026-05-13 13:01:48] ==== loop 1/∞ | seed=819596940460494666 archetype=balanced personality=tecnologico focus=tech actions_per_loop=4 ====
[13:01:51] planet 27: no resources for building_metal_store+1
[13:01:51] planet 84: building queue full (5)
[13:01:51] planet 83: building queue full (5)
[13:01:51] planet 90: queue busy, throttled building_robot_factory
[13:01:51] planet 84: building queue full (5)
[13:01:51] planet 83: building queue full (5)
[13:01:51] attack: idle no_fleet_slots (used=11 max=11)
[2026-05-13 13:02:01] ==== loop 1/∞ | seed=819596940460494666 archetype=balanced personality=tecnologico focus=tech actions_per_loop=4 ====
[13:02:04] planet 27: no resources for building_metal_store+1
[13:02:04] planet 84: building queue full (5)
[13:02:04] planet 83: building queue full (5)
[13:02:04] planet 90: queue busy, throttled building_robot_factory
[13:02:04] planet 84: building queue full (5)
[13:02:04] planet 83: building queue full (5)
[13:02:04] attack: idle no_fleet_slots (used=11 max=11)
[13:02:04] research: blocked research_intergalactic_research_network (research_hyperspace_technology 6/8)
[2026-05-13 13:02:14] ==== loop 1/∞ | seed=819596940460494666 archetype=balanced personality=tecnologico focus=tech actions_per_loop=4 ====
[13:02:18] planet 27: no resources for building_metal_store+1
[13:02:18] planet 84: building queue full (5)
[13:02:18] planet 83: building queue full (5)
[13:02:18] planet 90: queue busy, throttled building_robot_factory
[13:02:18] planet 84: building queue full (5)
[13:02:18] planet 83: building queue full (5)
[13:02:18] attack: idle no_fleet_slots (used=11 max=11)
[2026-05-13 13:02:28] ==== loop 1/∞ | seed=819596940460494666 archetype=balanced personality=tecnologico focus=tech actions_per_loop=4 ====
[13:02:31] planet 27: no resources for building_metal_store+1
[13:02:31] planet 84: building queue full (5)
[13:02:31] planet 83: building queue full (5)
[13:02:31] planet 90: queue busy, throttled building_robot_factory
[13:02:31] planet 84: building queue full (5)
[13:02:31] planet 83: building queue full (5)
[13:02:31] attack: idle no_fleet_slots (used=11 max=11)
[13:02:31] research: blocked research_intergalactic_research_network (research_hyperspace_technology 6/8)
[2026-05-13 13:02:41] ==== loop 1/∞ | seed=819596940460494666 archetype=balanced personality=tecnologico focus=tech actions_per_loop=4 ====
[13:02:44] planet 27: no resources for building_metal_store+1
[13:02:44] planet 84: building queue full (5)
[13:02:44] planet 83: building queue full (5)
[13:02:44] planet 90: queue busy, throttled building_robot_factory
[13:02:44] planet 84: building queue full (5)
[13:02:44] planet 83: building queue full (5)
[13:02:44] attack: idle no_fleet_slots (used=11 max=11)
[13:02:44] research: blocked research_intergalactic_research_network (research_hyperspace_technology 6/8)
[2026-05-13 13:02:54] ==== loop 1/∞ | seed=819596940460494666 archetype=balanced personality=tecnologico focus=tech actions_per_loop=4 ====
[13:02:57] planet 27: no resources for building_metal_store+1
[13:02:57] planet 84: building queue full (5)
[13:02:57] planet 83: building queue full (5)
[13:02:57] planet 90: queue busy, throttled building_robot_factory
[13:02:57] planet 84: building queue full (5)
[13:02:57] planet 83: building queue full (5)
[13:02:57] attack: idle no_fleet_slots (used=11 max=11)
[2026-05-13 13:03:07] ==== loop 1/∞ | seed=819596940460494666 archetype=balanced personality=tecnologico focus=tech actions_per_loop=4 ====
[13:03:09] planet 27: no resources for building_metal_store+1
[13:03:09] planet 84: building queue full (5)
[13:03:09] planet 83: building queue full (5)
[13:03:09] planet 90: queue busy, throttled building_robot_factory
[13:03:09] planet 84: building queue full (5)
[13:03:09] planet 83: building queue full (5)
[13:03:09] attack: idle no_fleet_slots (used=11 max=11)
[2026-05-13 13:03:20] ==== loop 1/∞ | seed=819596940460494666 archetype=balanced personality=tecnologico focus=tech actions_per_loop=4 ====
[13:03:24] planet 27: no resources for building_metal_store+1
[13:03:24] planet 84: building queue full (5)
[13:03:24] planet 83: building queue full (5)
[13:03:24] planet 90: queue busy, throttled building_robot_factory
[13:03:24] planet 84: building queue full (5)
[13:03:24] planet 83: building queue full (5)
[13:03:24] attack: idle no_fleet_slots (used=11 max=11)
[13:03:24] research: blocked research_intergalactic_research_network (research_hyperspace_technology 6/8)
[2026-05-13 13:03:34] ==== loop 1/∞ | seed=819596940460494666 archetype=balanced personality=tecnologico focus=tech actions_per_loop=4 ====
[13:03:37] planet 27: no resources for building_metal_store+1
[13:03:37] planet 84: building queue full (5)
[13:03:37] planet 83: building queue full (5)
[13:03:37] planet 90: queue busy, throttled building_robot_factory
[13:03:37] planet 84: building queue full (5)
[13:03:37] planet 83: building queue full (5)
[13:03:37] attack: idle no_fleet_slots (used=11 max=11)
[13:03:37] research: blocked research_intergalactic_research_network (research_hyperspace_technology 6/8)
[2026-05-13 13:03:47] ==== loop 1/∞ | seed=819596940460494666 archetype=balanced personality=tecnologico focus=tech actions_per_loop=4 ====
[13:03:52] planet 27: no resources for building_metal_store+1
[13:03:52] planet 84: building queue full (5)
[13:03:52] planet 83: building queue full (5)
[13:03:52] planet 90: queue busy, throttled building_robot_factory
[13:03:52] planet 84: building queue full (5)
[13:03:52] planet 83: building queue full (5)
[13:03:52] attack: idle no_fleet_slots (used=11 max=11)
[13:03:52] research: blocked research_intergalactic_research_network (research_hyperspace_technology 6/8)
[2026-05-13 13:04:02] ==== loop 1/∞ | seed=819596940460494666 archetype=balanced personality=tecnologico focus=tech actions_per_loop=4 ====
[13:04:06] planet 27: no resources for building_metal_store+1
[13:04:06] planet 84: building queue full (5)
[13:04:06] planet 83: building queue full (5)
[13:04:06] planet 90: queue busy, throttled building_robot_factory
[13:04:06] planet 84: building queue full (5)
[13:04:06] attack: idle no_fleet_slots (used=11 max=11)
[13:04:06] research: blocked research_intergalactic_research_network (research_hyperspace_technology 6/8)
[2026-05-13 13:04:16] ==== loop 1/∞ | seed=819596940460494666 archetype=balanced personality=tecnologico focus=tech actions_per_loop=4 ====
[13:04:21] planet 27: no resources for building_metal_store+1
[13:04:21] planet 84: building queue full (5)
[13:04:21] planet 83: building queue full (5)
[13:04:21] planet 90: queue busy, throttled building_robot_factory
[13:04:21] planet 84: building queue full (5)
[13:04:21] planet 83: building queue full (5)
[13:04:21] attack: idle no_fleet_slots (used=11 max=11)
[13:04:21] research: blocked research_intergalactic_research_network (research_hyperspace_technology 6/8)
[2026-05-13 13:04:31] ==== loop 1/∞ | seed=819596940460494666 archetype=balanced personality=tecnologico focus=tech actions_per_loop=4 ====
[13:04:34] planet 27: no resources for building_metal_store+1
[13:04:34] planet 84: building queue full (5)
[13:04:34] planet 83: building queue full (5)
[13:04:34] planet 90: queue busy, throttled building_robot_factory
[13:04:34] planet 84: building queue full (5)
[13:04:34] planet 83: building queue full (5)
[13:04:34] attack: idle no_fleet_slots (used=11 max=11)
[2026-05-13 13:04:44] ==== loop 1/∞ | seed=819596940460494666 archetype=balanced personality=tecnologico focus=tech actions_per_loop=4 ====
[13:04:48] planet 27: no resources for building_metal_store+1
[13:04:48] planet 84: building queue full (5)
[13:04:48] planet 83: building queue full (5)
[13:04:48] planet 90: queue busy, throttled building_robot_factory
[13:04:48] planet 84: building queue full (5)
[13:04:48] planet 83: building queue full (5)
[13:04:48] attack: idle no_fleet_slots (used=11 max=11)
[13:04:48] research: blocked research_intergalactic_research_network (research_hyperspace_technology 6/8)
[2026-05-13 13:04:58] ==== loop 1/∞ | seed=819596940460494666 archetype=balanced personality=tecnologico focus=tech actions_per_loop=4 ====
[13:05:02] planet 27: no resources for building_metal_store+1
[13:05:02] planet 84: building queue full (5)
[13:05:02] planet 83: building queue full (5)
[13:05:02] planet 90: queue busy, throttled building_robot_factory
[13:05:02] planet 84: building queue full (5)
[13:05:02] planet 83: building queue full (5)
[13:05:02] attack: idle no_fleet_slots (used=11 max=11)
[13:05:02] research: blocked research_intergalactic_research_network (research_hyperspace_technology 6/8)
[2026-05-13 13:05:12] ==== loop 1/∞ | seed=819596940460494666 archetype=balanced personality=tecnologico focus=tech actions_per_loop=4 ====
[13:05:15] planet 27: no resources for building_metal_store+1
[13:05:15] planet 84: building queue full (5)
[13:05:15] planet 83: building queue full (5)
[13:05:15] planet 90: queue busy, throttled building_robot_factory
[13:05:15] planet 84: building queue full (5)
[13:05:15] planet 83: building queue full (5)
[13:05:15] attack: idle no_fleet_slots (used=11 max=11)
[2026-05-13 13:05:26] ==== loop 1/∞ | seed=819596940460494666 archetype=balanced personality=tecnologico focus=tech actions_per_loop=4 ====
[13:05:30] planet 27: no resources for building_metal_store+1
[13:05:30] planet 84: building queue full (5)
[13:05:30] planet 83: building queue full (5)
[13:05:30] planet 90: queue busy, throttled building_robot_factory
[13:05:30] planet 84: building queue full (5)
[13:05:30] planet 83: building queue full (5)
[13:05:30] attack: idle no_fleet_slots (used=11 max=11)
[13:05:30] research: blocked research_intergalactic_research_network (research_hyperspace_technology 6/8)
[2026-05-13 13:05:40] ==== loop 1/∞ | seed=819596940460494666 archetype=balanced personality=tecnologico focus=tech actions_per_loop=4 ====
[13:05:43] planet 27: no resources for building_metal_store+1
[13:05:43] planet 84: building queue full (5)
[13:05:43] planet 83: building queue full (5)
[13:05:43] planet 90: queue busy, throttled building_robot_factory
[13:05:43] planet 84: building queue full (5)
[13:05:43] planet 83: building queue full (5)
[13:05:43] attack: idle no_fleet_slots (used=11 max=11)
[13:05:43] research: blocked research_intergalactic_research_network (research_hyperspace_technology 6/8)
[2026-05-13 13:05:53] ==== loop 1/∞ | seed=819596940460494666 archetype=balanced personality=tecnologico focus=tech actions_per_loop=4 ====
[13:05:57] planet 27: no resources for building_metal_store+1
[13:05:57] planet 84: building queue full (5)
[13:05:57] planet 83: building queue full (5)
[13:05:57] planet 90: queue busy, throttled building_robot_factory
[13:05:57] planet 84: building queue full (5)
[13:05:57] planet 83: building queue full (5)
[13:05:57] attack: idle no_fleet_slots (used=11 max=11)
[13:05:57] research: blocked research_intergalactic_research_network (research_hyperspace_technology 6/8)
[2026-05-13 13:06:08] ==== loop 1/∞ | seed=819596940460494666 archetype=balanced personality=tecnologico focus=tech actions_per_loop=4 ====
[13:06:11] planet 27: no resources for building_metal_store+1
[13:06:11] planet 84: building queue full (5)
[13:06:11] planet 83: building queue full (5)
[13:06:11] planet 90: queue busy, throttled building_robot_factory
[13:06:11] planet 84: building queue full (5)
[13:06:11] planet 83: building queue full (5)
[13:06:11] attack: idle no_fleet_slots (used=11 max=11)
[13:06:11] research: blocked research_intergalactic_research_network (research_hyperspace_technology 6/8)
[2026-05-13 13:06:21] ==== loop 1/∞ | seed=819596940460494666 archetype=balanced personality=tecnologico focus=tech actions_per_loop=4 ====
[13:06:27] planet 27: no resources for building_metal_store+1
[13:06:27] planet 84: building queue full (5)
[13:06:27] planet 83: building queue full (5)
[13:06:27] planet 90: queue busy, throttled building_robot_factory
[13:06:27] planet 84: building queue full (5)
[13:06:27] planet 83: building queue full (5)
[13:06:27] attack: idle no_fleet_slots (used=11 max=11)
[13:06:27] research: blocked research_intergalactic_research_network (research_hyperspace_technology 6/8)
[2026-05-13 13:06:37] ==== loop 1/∞ | seed=819596940460494666 archetype=balanced personality=tecnologico focus=tech actions_per_loop=4 ====
[13:06:38] planet 27: no resources for building_metal_store+1
[13:06:38] planet 84: building queue full (5)
[13:06:38] planet 83: building queue full (5)
[13:06:38] planet 90: queue busy, throttled building_robot_factory
[13:06:38] planet 84: building queue full (5)
[13:06:38] planet 83: building queue full (5)
[13:06:38] attack: idle no_fleet_slots (used=11 max=11)
[13:06:38] research: blocked research_intergalactic_research_network (research_hyperspace_technology 6/8)
[2026-05-13 13:06:49] ==== loop 1/∞ | seed=819596940460494666 archetype=balanced personality=tecnologico focus=tech actions_per_loop=4 ====
[13:06:53] planet 27: no resources for building_metal_store+1
[13:06:53] planet 84: building queue full (5)
[13:06:53] planet 83: building queue full (5)
[13:06:53] planet 90: queue busy, throttled building_robot_factory
[13:06:53] planet 84: building queue full (5)
[13:06:53] planet 83: building queue full (5)
[13:06:53] attack: idle no_fleet_slots (used=11 max=11)
[13:06:53] research: blocked research_intergalactic_research_network (research_hyperspace_technology 6/8)
[2026-05-13 13:07:03] ==== loop 1/∞ | seed=819596940460494666 archetype=balanced personality=tecnologico focus=tech actions_per_loop=4 ====
[13:07:06] planet 27: no resources for building_metal_store+1
[13:07:06] planet 84: building queue full (5)
[13:07:06] planet 83: building queue full (5)
[13:07:06] planet 90: queue busy, throttled building_robot_factory
[13:07:06] planet 84: building queue full (5)
[13:07:06] planet 83: building queue full (5)
[13:07:06] attack: idle no_fleet_slots (used=11 max=11)
[13:07:06] research: blocked research_intergalactic_research_network (research_hyperspace_technology 6/8)
[2026-05-13 13:07:16] ==== loop 1/∞ | seed=819596940460494666 archetype=balanced personality=tecnologico focus=tech actions_per_loop=4 ====
[13:07:19] planet 27: no resources for building_metal_store+1
[13:07:19] planet 84: building queue full (5)
[13:07:19] planet 83: building queue full (5)
[13:07:19] planet 90: queue busy, throttled building_robot_factory
[13:07:19] planet 84: building queue full (5)
[13:07:19] planet 83: building queue full (5)
[13:07:19] attack: idle no_fleet_slots (used=11 max=11)
[13:07:19] research: blocked research_intergalactic_research_network (research_hyperspace_technology 6/8)
[2026-05-13 13:07:30] ==== loop 1/∞ | seed=819596940460494666 archetype=balanced personality=tecnologico focus=tech actions_per_loop=4 ====
[13:07:33] planet 27: no resources for building_metal_store+1
[13:07:33] planet 84: building queue full (5)
[13:07:33] planet 83: building queue full (5)
[13:07:33] planet 90: queue busy, throttled building_robot_factory
[13:07:33] planet 84: building queue full (5)
[13:07:33] planet 83: building queue full (5)
[13:07:33] attack: idle no_fleet_slots (used=11 max=11)
[13:07:33] research: blocked research_intergalactic_research_network (research_hyperspace_technology 6/8)
[2026-05-13 13:07:44] ==== loop 1/∞ | seed=819596940460494666 archetype=balanced personality=tecnologico focus=tech actions_per_loop=4 ====
[13:07:45] planet 27: no resources for building_metal_store+1
[13:07:45] planet 84: building queue full (5)
[13:07:45] planet 83: building queue full (5)
[13:07:45] planet 90: queue busy, throttled building_robot_factory
[13:07:45] planet 84: building queue full (5)
[13:07:45] attack: idle no_fleet_slots (used=11 max=11)
[13:07:45] research: blocked research_intergalactic_research_network (research_hyperspace_technology 6/8)
[2026-05-13 13:07:55] ==== loop 1/∞ | seed=819596940460494666 archetype=balanced personality=tecnologico focus=tech actions_per_loop=4 ====
[13:07:58] planet 27: no resources for building_metal_store+1
[13:07:58] planet 84: building queue full (5)
[13:07:58] planet 83: building queue full (5)
[13:07:58] planet 90: queue busy, throttled building_robot_factory
[13:07:58] planet 84: building queue full (5)
[13:07:58] planet 83: building queue full (5)
[13:07:58] attack: idle no_fleet_slots (used=11 max=11)
[13:07:58] research: blocked research_intergalactic_research_network (research_hyperspace_technology 6/8)
[2026-05-13 13:08:08] ==== loop 1/∞ | seed=819596940460494666 archetype=balanced personality=tecnologico focus=tech actions_per_loop=4 ====
[13:08:12] planet 27: no resources for building_metal_store+1
[13:08:12] planet 84: building queue full (5)
[13:08:12] planet 83: building queue full (5)
[13:08:12] planet 90: queue busy, throttled building_robot_factory
[13:08:12] planet 84: building queue full (5)
[13:08:12] planet 83: building queue full (5)
[13:08:12] attack: idle no_fleet_slots (used=11 max=11)
[13:08:12] research: blocked research_intergalactic_research_network (research_hyperspace_technology 6/8)
[2026-05-13 13:08:22] ==== loop 1/∞ | seed=819596940460494666 archetype=balanced personality=tecnologico focus=tech actions_per_loop=4 ====
[13:08:24] planet 27: no resources for building_metal_store+1
[13:08:24] planet 84: building queue full (5)
[13:08:24] planet 83: building queue full (5)
[13:08:24] planet 90: queue busy, throttled building_robot_factory
[13:08:24] planet 84: building queue full (5)
[13:08:24] planet 83: building queue full (5)
[13:08:24] attack: idle no_fleet_slots (used=11 max=11)
[13:08:24] research: blocked research_intergalactic_research_network (research_hyperspace_technology 6/8)
[2026-05-13 13:08:35] ==== loop 1/∞ | seed=819596940460494666 archetype=balanced personality=tecnologico focus=tech actions_per_loop=4 ====
[13:08:38] planet 27: no resources for building_metal_store+1
[13:08:38] planet 84: building queue full (5)
[13:08:38] planet 83: building queue full (5)
[13:08:38] planet 90: queue busy, throttled building_robot_factory
[13:08:38] planet 84: building queue full (5)
[13:08:38] planet 83: building queue full (5)
[13:08:38] attack: idle no_fleet_slots (used=11 max=11)
[13:08:38] research: blocked research_intergalactic_research_network (research_hyperspace_technology 6/8)
[2026-05-13 13:08:48] ==== loop 1/∞ | seed=819596940460494666 archetype=balanced personality=tecnologico focus=tech actions_per_loop=4 ====
[13:08:50] planet 27: no resources for building_metal_store+1
[13:08:50] planet 84: building queue full (5)
[13:08:50] planet 83: building queue full (5)
[13:08:50] planet 90: queue busy, throttled building_robot_factory
[13:08:50] planet 84: building queue full (5)
[13:08:50] planet 83: building queue full (5)
[13:08:50] attack: idle no_fleet_slots (used=11 max=11)
[13:08:50] research: blocked research_intergalactic_research_network (research_hyperspace_technology 6/8)
[2026-05-13 13:09:01] ==== loop 1/∞ | seed=819596940460494666 archetype=balanced personality=tecnologico focus=tech actions_per_loop=4 ====
[13:09:03] planet 27: no resources for building_metal_store+1
[13:09:03] planet 84: building queue full (5)
[13:09:03] planet 83: building queue full (5)
[13:09:03] planet 90: queue busy, throttled building_robot_factory
[13:09:03] planet 84: building queue full (5)
[13:09:03] planet 83: building queue full (5)
[13:09:03] attack: idle no_fleet_slots (used=11 max=11)
[13:09:03] research: blocked research_intergalactic_research_network (research_hyperspace_technology 6/8)
[2026-05-13 13:09:14] ==== loop 1/∞ | seed=819596940460494666 archetype=balanced personality=tecnologico focus=tech actions_per_loop=4 ====
[13:09:18] planet 27: no resources for building_metal_store+1
[13:09:18] planet 84: building queue full (5)
[13:09:18] planet 83: building queue full (5)
[13:09:18] planet 90: queue busy, throttled building_robot_factory
[13:09:18] planet 84: building queue full (5)
[13:09:18] planet 83: building queue full (5)
[13:09:18] attack: idle no_fleet_slots (used=11 max=11)
[13:09:18] research: blocked research_intergalactic_research_network (research_hyperspace_technology 6/8)
[2026-05-13 13:09:28] ==== loop 1/∞ | seed=819596940460494666 archetype=balanced personality=tecnologico focus=tech actions_per_loop=4 ====
[13:09:33] planet 27: no resources for building_metal_store+1
[13:09:33] planet 84: building queue full (5)
[13:09:33] planet 83: building queue full (5)
[13:09:33] planet 90: queue busy, throttled building_robot_factory
[13:09:33] planet 84: building queue full (5)
[13:09:33] planet 83: building queue full (5)
[13:09:33] attack: idle no_fleet_slots (used=11 max=11)
[13:09:33] research: blocked research_intergalactic_research_network (research_hyperspace_technology 6/8)
[2026-05-13 13:09:43] ==== loop 1/∞ | seed=819596940460494666 archetype=balanced personality=tecnologico focus=tech actions_per_loop=4 ====
[13:09:47] planet 27: no resources for building_metal_store+1
[13:09:47] planet 84: building queue full (5)
[13:09:47] planet 83: building queue full (5)
[13:09:47] planet 90: queue busy, throttled building_robot_factory
[13:09:47] planet 84: building queue full (5)
[13:09:47] planet 83: building queue full (5)
[13:09:47] attack: idle no_fleet_slots (used=11 max=11)
[13:09:47] research: blocked research_intergalactic_research_network (research_hyperspace_technology 6/8)
[2026-05-13 13:09:57] ==== loop 1/∞ | seed=819596940460494666 archetype=balanced personality=tecnologico focus=tech actions_per_loop=4 ====
[13:10:01] planet 27: no resources for building_metal_store+1
[13:10:01] planet 84: building queue full (5)
[13:10:01] planet 83: building queue full (5)
[13:10:01] planet 90: queue busy, throttled building_robot_factory
[13:10:01] planet 84: building queue full (5)
[13:10:01] planet 83: building queue full (5)
[13:10:01] attack: idle no_fleet_slots (used=11 max=11)
[13:10:01] research: blocked research_intergalactic_research_network (research_hyperspace_technology 6/8)
[2026-05-13 13:10:11] ==== loop 1/∞ | seed=819596940460494666 archetype=balanced personality=tecnologico focus=tech actions_per_loop=4 ====
[13:10:15] planet 27: no resources for building_crystal_store+1
[13:10:15] planet 84: building queue full (5)
[13:10:15] planet 83: building queue full (5)
[13:10:15] planet 90: queue busy, throttled building_robot_factory
[13:10:15] planet 84: building queue full (5)
[13:10:15] planet 83: building queue full (5)
[13:10:15] attack: idle no_fleet_slots (used=11 max=11)
[13:10:15] research: blocked research_intergalactic_research_network (research_hyperspace_technology 6/8)
[2026-05-13 13:10:25] ==== loop 1/∞ | seed=819596940460494666 archetype=balanced personality=tecnologico focus=tech actions_per_loop=4 ====
[13:10:29] planet 27: no resources for building_crystal_store+1
[13:10:29] planet 84: building queue full (5)
[13:10:29] planet 83: building queue full (5)
[13:10:29] planet 90: queue busy, throttled building_robot_factory
[13:10:29] planet 84: building queue full (5)
[13:10:29] planet 83: building queue full (5)
[13:10:29] attack: idle no_fleet_slots (used=11 max=11)
[13:10:29] research: blocked research_intergalactic_research_network (research_hyperspace_technology 6/8)
[2026-05-13 13:10:39] ==== loop 1/∞ | seed=819596940460494666 archetype=balanced personality=tecnologico focus=tech actions_per_loop=4 ====
[13:10:42] planet 27: no resources for building_crystal_store+1
[13:10:42] planet 84: building queue full (5)
[13:10:42] planet 83: building queue full (5)
[13:10:42] planet 90: queue busy, throttled building_robot_factory
[13:10:42] planet 84: building queue full (5)
[13:10:42] planet 83: building queue full (5)
[13:10:42] attack: idle no_fleet_slots (used=11 max=11)
[13:10:42] research: blocked research_intergalactic_research_network (research_hyperspace_technology 6/8)
[2026-05-13 13:10:52] ==== loop 1/∞ | seed=819596940460494666 archetype=balanced personality=tecnologico focus=tech actions_per_loop=4 ====
[13:10:56] planet 27: no resources for building_crystal_store+1
[13:10:56] planet 84: building queue full (5)
[13:10:56] planet 83: building queue full (5)
[13:10:56] planet 90: queue busy, throttled building_robot_factory
[13:10:56] planet 84: building queue full (5)
[13:10:56] planet 83: building queue full (5)
[13:10:56] attack: idle no_fleet_slots (used=11 max=11)
[13:10:56] research: blocked research_intergalactic_research_network (research_hyperspace_technology 6/8)
[2026-05-13 13:11:06] ==== loop 1/∞ | seed=819596940460494666 archetype=balanced personality=tecnologico focus=tech actions_per_loop=4 ====
[13:11:09] planet 27: no resources for building_crystal_store+1
[13:11:09] planet 84: building queue full (5)
[13:11:09] planet 83: building queue full (5)
[13:11:09] planet 90: queue busy, throttled building_robot_factory
[13:11:09] planet 84: building queue full (5)
[13:11:09] planet 83: building queue full (5)
[13:11:09] attack: idle no_fleet_slots (used=11 max=11)
[2026-05-13 13:11:19] ==== loop 1/∞ | seed=819596940460494666 archetype=balanced personality=tecnologico focus=tech actions_per_loop=4 ====
[13:11:22] planet 27: no resources for building_crystal_store+1
[13:11:22] planet 84: building queue full (5)
[13:11:22] planet 83: building queue full (5)
[13:11:22] planet 90: queue busy, throttled building_robot_factory
[13:11:22] planet 84: building queue full (5)
[13:11:22] planet 83: building queue full (5)
[13:11:22] attack: idle no_fleet_slots (used=11 max=11)
[13:11:22] research: blocked research_intergalactic_research_network (research_hyperspace_technology 6/8)
[2026-05-13 13:11:33] ==== loop 1/∞ | seed=819596940460494666 archetype=balanced personality=tecnologico focus=tech actions_per_loop=4 ====
[13:11:36] planet 27: no resources for building_crystal_store+1
[13:11:36] planet 84: building queue full (5)
[13:11:36] planet 83: building queue full (5)
[13:11:36] planet 90: queue busy, throttled building_robot_factory
[13:11:36] planet 84: building queue full (5)
[13:11:36] planet 83: building queue full (5)
[13:11:36] attack: idle no_fleet_slots (used=11 max=11)
[13:11:36] research: blocked research_intergalactic_research_network (research_hyperspace_technology 6/8)
[2026-05-13 13:11:47] ==== loop 1/∞ | seed=819596940460494666 archetype=balanced personality=tecnologico focus=tech actions_per_loop=4 ====
[13:11:49] planet 27: no resources for building_crystal_store+1
[13:11:49] planet 84: building queue full (5)
[13:11:49] planet 83: building queue full (5)
[13:11:49] planet 90: queue busy, throttled building_robot_factory
[13:11:49] planet 84: building queue full (5)
[13:11:49] planet 83: building queue full (5)
[13:11:49] attack: idle no_fleet_slots (used=11 max=11)
[13:11:49] research: blocked research_intergalactic_research_network (research_hyperspace_technology 6/8)
[2026-05-13 13:11:59] ==== loop 1/∞ | seed=819596940460494666 archetype=balanced personality=tecnologico focus=tech actions_per_loop=4 ====
[13:12:02] planet 27: no resources for building_crystal_store+1
[13:12:02] planet 84: building queue full (5)
[13:12:02] planet 83: building queue full (5)
[13:12:02] planet 90: queue busy, throttled building_robot_factory
[13:12:02] planet 84: building queue full (5)
[13:12:02] planet 83: building queue full (5)
[13:12:02] attack: idle no_fleet_slots (used=11 max=11)
[13:12:02] research: blocked research_intergalactic_research_network (research_hyperspace_technology 6/8)
