[2026-05-12 07:07:46] ==== loop 1/∞ | seed=964978156982503991 archetype=turtle personality=minero focus=tech actions_per_loop=4 ====
[07:07:47] planet 38: queued building_metal_store to 14
[07:07:47] attack: idle no_fleet_slots (used=2 max=1)
[07:07:47] research: blocked research_energy_technology (building_laboratory 0/1)
[2026-05-12 07:08:18] ==== loop 2/∞ | seed=964978156982503991 archetype=turtle personality=minero focus=tech actions_per_loop=4 ====
[07:08:18] planet 38: queued building_robot_factory to 6
[07:08:18] attack: idle no_fleet_slots (used=2 max=1)
[2026-05-12 07:08:49] ==== loop 3/∞ | seed=964978156982503991 archetype=turtle personality=minero focus=tech actions_per_loop=4 ====
[07:08:49] planet 38: queued building_robot_factory to 7
[07:08:49] attack: idle no_fleet_slots (used=2 max=1)
[07:08:49] research: blocked research_energy_technology (building_laboratory 0/1)
[2026-05-12 07:09:17] ==== loop 4/∞ | seed=964978156982503991 archetype=turtle personality=minero focus=tech actions_per_loop=4 ====
[07:09:18] planet 38: queue busy, throttled building_robot_factory
[07:09:18] planet 38: queue busy, throttled building_robot_factory
[07:09:18] planet 38: queue busy, throttled building_robot_factory
[07:09:18] planet 38: queue busy, throttled building_robot_factory
[07:09:18] research: blocked research_energy_technology (building_laboratory 0/1)
[2026-05-12 07:09:42] ==== loop 5/∞ | seed=964978156982503991 archetype=turtle personality=minero focus=tech actions_per_loop=4 ====
[07:09:42] planet 38: queue busy, throttled building_robot_factory
[07:09:42] planet 38: queue busy, throttled building_robot_factory
[07:09:42] planet 38: queue busy, throttled building_robot_factory
[07:09:42] planet 38: queue busy, throttled building_robot_factory
[2026-05-12 07:10:04] ==== loop 6/∞ | seed=964978156982503991 archetype=turtle personality=minero focus=tech actions_per_loop=4 ====
[07:10:04] planet 38: queue busy, throttled building_robot_factory
[07:10:04] planet 38: queue busy, throttled building_robot_factory
[07:10:04] planet 38: queue busy, throttled building_robot_factory
[2026-05-12 07:10:25] ==== loop 7/∞ | seed=964978156982503991 archetype=turtle personality=minero focus=tech actions_per_loop=4 ====
[07:10:25] planet 38: queue busy, throttled building_robot_factory
[07:10:25] planet 38: queue busy, throttled building_robot_factory
[07:10:25] planet 38: queue busy, throttled building_robot_factory
[07:10:25] planet 38: queue busy, throttled building_robot_factory
[2026-05-12 07:10:45] ==== loop 8/∞ | seed=964978156982503991 archetype=turtle personality=minero focus=tech actions_per_loop=4 ====
[07:10:46] planet 38: queue busy, throttled building_robot_factory
[07:10:46] planet 38: queue busy, throttled building_robot_factory
[07:10:46] planet 38: queue busy, throttled building_robot_factory
[07:10:46] research: blocked research_energy_technology (building_laboratory 0/1)
[2026-05-12 07:11:04] ==== loop 9/∞ | seed=964978156982503991 archetype=turtle personality=minero focus=tech actions_per_loop=4 ====
[07:11:04] planet 38: queue busy, throttled building_robot_factory
[07:11:04] planet 38: queue busy, throttled building_robot_factory
[07:11:04] planet 38: queue busy, throttled building_robot_factory
[2026-05-12 07:11:23] ==== loop 10/∞ | seed=964978156982503991 archetype=turtle personality=minero focus=tech actions_per_loop=4 ====
[07:11:23] planet 38: queue busy, throttled building_robot_factory
[07:11:23] planet 38: queue busy, throttled building_robot_factory
[07:11:23] planet 38: queue busy, throttled building_robot_factory
[07:11:23] planet 38: queue busy, throttled building_robot_factory
[07:11:23] research: blocked research_energy_technology (building_laboratory 0/1)
[2026-05-12 07:11:42] ==== loop 11/∞ | seed=964978156982503991 archetype=turtle personality=minero focus=tech actions_per_loop=4 ====
[07:11:42] planet 38: queue busy, throttled building_robot_factory
[07:11:42] planet 38: queue busy, throttled building_robot_factory
[07:11:42] planet 38: queue busy, throttled building_robot_factory
[07:11:42] planet 38: queue busy, throttled building_robot_factory
[07:11:42] research: blocked research_energy_technology (building_laboratory 0/1)
[2026-05-12 07:12:03] ==== loop 12/∞ | seed=964978156982503991 archetype=turtle personality=minero focus=tech actions_per_loop=4 ====
[07:12:03] planet 38: queue busy, throttled building_robot_factory
[07:12:03] planet 38: queue busy, throttled building_robot_factory
[07:12:03] planet 38: queue busy, throttled building_robot_factory
[07:12:03] research: blocked research_energy_technology (building_laboratory 0/1)
[2026-05-12 07:12:24] ==== loop 13/∞ | seed=964978156982503991 archetype=turtle personality=minero focus=tech actions_per_loop=4 ====
[07:12:24] planet 38: queue busy, throttled building_robot_factory
[07:12:24] planet 38: queue busy, throttled building_robot_factory
[07:12:24] planet 38: queue busy, throttled building_robot_factory
[07:12:24] planet 38: queue busy, throttled building_robot_factory
[07:12:24] research: blocked research_energy_technology (building_laboratory 0/1)
[2026-05-12 07:12:47] ==== loop 14/∞ | seed=964978156982503991 archetype=turtle personality=minero focus=tech actions_per_loop=4 ====
[07:12:47] planet 38: queue busy, throttled building_robot_factory
[07:12:47] planet 38: queue busy, throttled building_robot_factory
[07:12:47] planet 38: queue busy, throttled building_robot_factory
[07:12:47] research: blocked research_energy_technology (building_laboratory 0/1)
[2026-05-12 07:13:10] ==== loop 15/∞ | seed=964978156982503991 archetype=turtle personality=minero focus=tech actions_per_loop=4 ====
[07:13:10] planet 38: queue busy, throttled building_robot_factory
[07:13:10] planet 38: queue busy, throttled building_robot_factory
[07:13:10] planet 38: queue busy, throttled building_robot_factory
[2026-05-12 07:13:31] ==== loop 16/∞ | seed=964978156982503991 archetype=turtle personality=minero focus=tech actions_per_loop=4 ====
[07:13:31] planet 38: queue busy, throttled building_robot_factory
[07:13:31] planet 38: queue busy, throttled building_robot_factory
[07:13:31] planet 38: queue busy, throttled building_robot_factory
[07:13:31] planet 38: queue busy, throttled building_robot_factory
[2026-05-12 07:13:56] ==== loop 17/∞ | seed=964978156982503991 archetype=turtle personality=minero focus=tech actions_per_loop=4 ====
[07:13:56] planet 38: queue busy, throttled building_robot_factory
[07:13:56] planet 38: queue busy, throttled building_robot_factory
[07:13:56] planet 38: queue busy, throttled building_robot_factory
[07:13:56] research: blocked research_energy_technology (building_laboratory 0/1)
[2026-05-12 07:14:19] ==== loop 18/∞ | seed=964978156982503991 archetype=turtle personality=minero focus=tech actions_per_loop=4 ====
[07:14:19] planet 38: queue busy, throttled building_robot_factory
[07:14:19] planet 38: queue busy, throttled building_robot_factory
[07:14:19] planet 38: queue busy, throttled building_robot_factory
[07:14:19] planet 38: queue busy, throttled building_robot_factory
[07:14:19] research: blocked research_energy_technology (building_laboratory 0/1)
[2026-05-12 07:14:39] ==== loop 19/∞ | seed=964978156982503991 archetype=turtle personality=minero focus=tech actions_per_loop=4 ====
[07:14:39] planet 38: queue busy, throttled building_robot_factory
[07:14:39] planet 38: queue busy, throttled building_robot_factory
[07:14:39] planet 38: queue busy, throttled building_robot_factory
[07:14:39] planet 38: queue busy, throttled building_robot_factory
[2026-05-12 07:14:58] ==== loop 20/∞ | seed=964978156982503991 archetype=turtle personality=minero focus=tech actions_per_loop=4 ====
[07:14:58] planet 38: queue busy, throttled building_robot_factory
[07:14:58] planet 38: queue busy, throttled building_robot_factory
[07:14:58] planet 38: queue busy, throttled building_robot_factory
[2026-05-12 07:15:20] ==== loop 21/∞ | seed=964978156982503991 archetype=turtle personality=minero focus=tech actions_per_loop=4 ====
[07:15:20] planet 38: queue busy, throttled building_robot_factory
[07:15:20] planet 38: queue busy, throttled building_robot_factory
[07:15:20] planet 38: queue busy, throttled building_robot_factory
[07:15:20] planet 38: queue busy, throttled building_robot_factory
[07:15:20] research: blocked research_energy_technology (building_laboratory 0/1)
[2026-05-12 07:15:38] ==== loop 22/∞ | seed=964978156982503991 archetype=turtle personality=minero focus=tech actions_per_loop=4 ====
[07:15:38] planet 38: queue busy, throttled building_robot_factory
[07:15:38] planet 38: queue busy, throttled building_robot_factory
[07:15:38] planet 38: queue busy, throttled building_robot_factory
[07:15:38] research: blocked research_energy_technology (building_laboratory 0/1)
[2026-05-12 07:15:54] ==== loop 23/∞ | seed=964978156982503991 archetype=turtle personality=minero focus=tech actions_per_loop=4 ====
[07:15:54] planet 38: queue busy, throttled building_robot_factory
[07:15:54] planet 38: queue busy, throttled building_robot_factory
[07:15:54] planet 38: queue busy, throttled building_robot_factory
[07:15:54] planet 38: queue busy, throttled building_robot_factory
[2026-05-12 07:16:11] ==== loop 24/∞ | seed=964978156982503991 archetype=turtle personality=minero focus=tech actions_per_loop=4 ====
[07:16:11] planet 38: queue busy, throttled building_robot_factory
[07:16:11] planet 38: queue busy, throttled building_robot_factory
[07:16:11] planet 38: queue busy, throttled building_robot_factory
[07:16:11] planet 38: queue busy, throttled building_robot_factory
[2026-05-12 07:16:31] ==== loop 25/∞ | seed=964978156982503991 archetype=turtle personality=minero focus=tech actions_per_loop=4 ====
[07:16:31] planet 38: queue busy, throttled building_robot_factory
[07:16:31] planet 38: queue busy, throttled building_robot_factory
[07:16:31] planet 38: queue busy, throttled building_robot_factory
[07:16:31] planet 38: queue busy, throttled building_robot_factory
[2026-05-12 07:16:54] ==== loop 26/∞ | seed=964978156982503991 archetype=turtle personality=minero focus=tech actions_per_loop=4 ====
[07:16:54] planet 38: queue busy, throttled building_robot_factory
[07:16:54] planet 38: queue busy, throttled building_robot_factory
[07:16:54] planet 38: queue busy, throttled building_robot_factory
[07:16:54] planet 38: queue busy, throttled building_robot_factory
[07:16:54] research: blocked research_energy_technology (building_laboratory 0/1)
[2026-05-12 07:17:12] ==== loop 27/∞ | seed=964978156982503991 archetype=turtle personality=minero focus=tech actions_per_loop=4 ====
[07:17:12] planet 38: queue busy, throttled building_robot_factory
[07:17:12] planet 38: queue busy, throttled building_robot_factory
[07:17:12] planet 38: queue busy, throttled building_robot_factory
[07:17:12] planet 38: queue busy, throttled building_robot_factory
[07:17:12] research: blocked research_energy_technology (building_laboratory 0/1)
[2026-05-12 07:17:30] ==== loop 28/∞ | seed=964978156982503991 archetype=turtle personality=minero focus=tech actions_per_loop=4 ====
[07:17:30] planet 38: queue busy, throttled building_robot_factory
[07:17:30] planet 38: queue busy, throttled building_robot_factory
[07:17:30] planet 38: queue busy, throttled building_robot_factory
[07:17:30] research: blocked research_energy_technology (building_laboratory 0/1)
[2026-05-12 07:17:51] ==== loop 29/∞ | seed=964978156982503991 archetype=turtle personality=minero focus=tech actions_per_loop=4 ====
[07:17:51] planet 38: queue busy, throttled building_robot_factory
[07:17:51] planet 38: queue busy, throttled building_robot_factory
[07:17:51] planet 38: queue busy, throttled building_robot_factory
[07:17:51] planet 38: queue busy, throttled building_robot_factory
[2026-05-12 07:18:11] ==== loop 30/∞ | seed=964978156982503991 archetype=turtle personality=minero focus=tech actions_per_loop=4 ====
[07:18:11] planet 38: queue busy, throttled building_robot_factory
[07:18:11] planet 38: queue busy, throttled building_robot_factory
[07:18:11] planet 38: queue busy, throttled building_robot_factory
[2026-05-12 07:18:30] ==== loop 31/∞ | seed=964978156982503991 archetype=turtle personality=minero focus=tech actions_per_loop=4 ====
[07:18:30] planet 38: queue busy, throttled building_robot_factory
[07:18:30] planet 38: queue busy, throttled building_robot_factory
[07:18:30] planet 38: queue busy, throttled building_robot_factory
[07:18:30] planet 38: queue busy, throttled building_robot_factory
[2026-05-12 07:18:47] ==== loop 32/∞ | seed=964978156982503991 archetype=turtle personality=minero focus=tech actions_per_loop=4 ====
[07:18:47] planet 38: queue busy, throttled building_robot_factory
[07:18:47] planet 38: queue busy, throttled building_robot_factory
[07:18:47] planet 38: queue busy, throttled building_robot_factory
[07:18:47] planet 38: queue busy, throttled building_robot_factory
[07:18:47] research: blocked research_energy_technology (building_laboratory 0/1)
[2026-05-12 07:19:06] ==== loop 33/∞ | seed=964978156982503991 archetype=turtle personality=minero focus=tech actions_per_loop=4 ====
[07:19:06] planet 38: queue busy, throttled building_robot_factory
[07:19:06] planet 38: queue busy, throttled building_robot_factory
[07:19:06] planet 38: queue busy, throttled building_robot_factory
[07:19:06] research: blocked research_energy_technology (building_laboratory 0/1)
[2026-05-12 07:19:25] ==== loop 34/∞ | seed=964978156982503991 archetype=turtle personality=minero focus=tech actions_per_loop=4 ====
[07:19:25] planet 38: queue busy, throttled building_robot_factory
[07:19:25] planet 38: queue busy, throttled building_robot_factory
[07:19:25] planet 38: queue busy, throttled building_robot_factory
[2026-05-12 07:19:47] ==== loop 35/∞ | seed=964978156982503991 archetype=turtle personality=minero focus=tech actions_per_loop=4 ====
[07:19:47] planet 38: queue busy, throttled building_robot_factory
[07:19:47] planet 38: queue busy, throttled building_robot_factory
[07:19:47] planet 38: queue busy, throttled building_robot_factory
[07:19:47] research: blocked research_energy_technology (building_laboratory 0/1)
[2026-05-12 07:20:11] ==== loop 36/∞ | seed=964978156982503991 archetype=turtle personality=minero focus=tech actions_per_loop=4 ====
[07:20:11] planet 38: queue busy, throttled building_robot_factory
[07:20:11] planet 38: queue busy, throttled building_robot_factory
[07:20:11] planet 38: queue busy, throttled building_robot_factory
[2026-05-12 07:20:30] ==== loop 37/∞ | seed=964978156982503991 archetype=turtle personality=minero focus=tech actions_per_loop=4 ====
[07:20:30] planet 38: queue busy, throttled building_robot_factory
[07:20:30] planet 38: queue busy, throttled building_robot_factory
[07:20:30] planet 38: queue busy, throttled building_robot_factory
[07:20:30] research: blocked research_energy_technology (building_laboratory 0/1)
[2026-05-12 07:20:51] ==== loop 38/∞ | seed=964978156982503991 archetype=turtle personality=minero focus=tech actions_per_loop=4 ====
[07:20:51] planet 38: queue busy, throttled building_robot_factory
[07:20:51] planet 38: queue busy, throttled building_robot_factory
[07:20:51] planet 38: queue busy, throttled building_robot_factory
[07:20:51] research: blocked research_energy_technology (building_laboratory 0/1)
[2026-05-12 07:21:09] ==== loop 39/∞ | seed=964978156982503991 archetype=turtle personality=minero focus=tech actions_per_loop=4 ====
[07:21:09] planet 38: queue busy, throttled building_robot_factory
[07:21:09] planet 38: queue busy, throttled building_robot_factory
[07:21:09] planet 38: queue busy, throttled building_robot_factory
[07:21:09] planet 38: queue busy, throttled building_robot_factory
[2026-05-12 07:21:27] ==== loop 40/∞ | seed=964978156982503991 archetype=turtle personality=minero focus=tech actions_per_loop=4 ====
[07:21:27] planet 38: queue busy, throttled building_robot_factory
[07:21:27] planet 38: queue busy, throttled building_robot_factory
[07:21:27] planet 38: queue busy, throttled building_robot_factory
[07:21:27] planet 38: queue busy, throttled building_robot_factory
[2026-05-12 07:21:46] ==== loop 41/∞ | seed=964978156982503991 archetype=turtle personality=minero focus=tech actions_per_loop=4 ====
[07:21:46] planet 38: queue busy, throttled building_robot_factory
[07:21:46] planet 38: queue busy, throttled building_robot_factory
[07:21:46] planet 38: queue busy, throttled building_robot_factory
[07:21:46] planet 38: queue busy, throttled building_robot_factory
[07:21:46] research: blocked research_energy_technology (building_laboratory 0/1)
[2026-05-12 07:22:06] ==== loop 42/∞ | seed=964978156982503991 archetype=turtle personality=minero focus=tech actions_per_loop=4 ====
[07:22:07] planet 38: queue busy, throttled building_robot_factory
[07:22:07] planet 38: queue busy, throttled building_robot_factory
[07:22:07] planet 38: queue busy, throttled building_robot_factory
[07:22:07] planet 38: queue busy, throttled building_robot_factory
[07:22:07] research: blocked research_energy_technology (building_laboratory 0/1)
[2026-05-12 07:22:28] ==== loop 43/∞ | seed=964978156982503991 archetype=turtle personality=minero focus=tech actions_per_loop=4 ====
[07:22:28] planet 38: queue busy, throttled building_robot_factory
[07:22:28] planet 38: queue busy, throttled building_robot_factory
[07:22:28] planet 38: queue busy, throttled building_robot_factory
[07:22:28] planet 38: queue busy, throttled building_robot_factory
[07:22:28] research: blocked research_energy_technology (building_laboratory 0/1)
[2026-05-12 07:22:46] ==== loop 44/∞ | seed=964978156982503991 archetype=turtle personality=minero focus=tech actions_per_loop=4 ====
[07:22:46] planet 38: queue busy, throttled building_robot_factory
[07:22:46] planet 38: queue busy, throttled building_robot_factory
[07:22:46] planet 38: queue busy, throttled building_robot_factory
[07:22:46] planet 38: queue busy, throttled building_robot_factory
[2026-05-12 07:23:05] ==== loop 45/∞ | seed=964978156982503991 archetype=turtle personality=minero focus=tech actions_per_loop=4 ====
[07:23:05] planet 38: queue busy, throttled building_robot_factory
[07:23:05] planet 38: queue busy, throttled building_robot_factory
[07:23:05] planet 38: queue busy, throttled building_robot_factory
[07:23:05] planet 38: queue busy, throttled building_robot_factory
[2026-05-12 07:23:24] ==== loop 46/∞ | seed=964978156982503991 archetype=turtle personality=minero focus=tech actions_per_loop=4 ====
[07:23:24] planet 38: queue busy, throttled building_robot_factory
[07:23:24] planet 38: queue busy, throttled building_robot_factory
[07:23:24] planet 38: queue busy, throttled building_robot_factory
[07:23:24] research: blocked research_energy_technology (building_laboratory 0/1)
[2026-05-12 07:23:42] ==== loop 47/∞ | seed=964978156982503991 archetype=turtle personality=minero focus=tech actions_per_loop=4 ====
[07:23:42] planet 38: queue busy, throttled building_robot_factory
[07:23:42] planet 38: queue busy, throttled building_robot_factory
[07:23:42] planet 38: queue busy, throttled building_robot_factory
[07:23:42] planet 38: queue busy, throttled building_robot_factory
[2026-05-12 07:24:04] ==== loop 48/∞ | seed=964978156982503991 archetype=turtle personality=minero focus=tech actions_per_loop=4 ====
[07:24:04] planet 38: queue busy, throttled building_robot_factory
[07:24:04] planet 38: queue busy, throttled building_robot_factory
[07:24:04] planet 38: queue busy, throttled building_robot_factory
[2026-05-12 07:24:27] ==== loop 49/∞ | seed=964978156982503991 archetype=turtle personality=minero focus=tech actions_per_loop=4 ====
[07:24:27] planet 38: queue busy, throttled building_robot_factory
[07:24:27] planet 38: queue busy, throttled building_robot_factory
[07:24:27] planet 38: queue busy, throttled building_robot_factory
[07:24:27] planet 38: queue busy, throttled building_robot_factory
[07:24:27] research: blocked research_energy_technology (building_laboratory 0/1)
[2026-05-12 07:24:47] ==== loop 50/∞ | seed=964978156982503991 archetype=turtle personality=minero focus=tech actions_per_loop=4 ====
[07:24:48] planet 38: queue busy, throttled building_robot_factory
[07:24:48] planet 38: queue busy, throttled building_robot_factory
[07:24:48] planet 38: queue busy, throttled building_robot_factory
[07:24:48] planet 38: queue busy, throttled building_robot_factory
[07:24:48] research: blocked research_energy_technology (building_laboratory 0/1)
[2026-05-12 07:25:11] ==== loop 51/∞ | seed=964978156982503991 archetype=turtle personality=minero focus=tech actions_per_loop=4 ====
[07:25:11] planet 38: queue busy, throttled building_robot_factory
[07:25:11] planet 38: queue busy, throttled building_robot_factory
[07:25:11] planet 38: queue busy, throttled building_robot_factory
[07:25:11] planet 38: queue busy, throttled building_robot_factory
[07:25:11] research: blocked research_energy_technology (building_laboratory 0/1)
[2026-05-12 07:25:35] ==== loop 52/∞ | seed=964978156982503991 archetype=turtle personality=minero focus=tech actions_per_loop=4 ====
[07:25:35] planet 38: queue busy, throttled building_robot_factory
[07:25:35] planet 38: queue busy, throttled building_robot_factory
[07:25:35] planet 38: queue busy, throttled building_robot_factory
[07:25:35] planet 38: queue busy, throttled building_robot_factory
[2026-05-12 07:25:58] ==== loop 53/∞ | seed=964978156982503991 archetype=turtle personality=minero focus=tech actions_per_loop=4 ====
[07:25:58] planet 38: queue busy, throttled building_robot_factory
[07:25:58] planet 38: queue busy, throttled building_robot_factory
[07:25:58] planet 38: queue busy, throttled building_robot_factory
[07:25:58] planet 38: queue busy, throttled building_robot_factory
[07:25:58] research: blocked research_energy_technology (building_laboratory 0/1)
[2026-05-12 07:26:19] ==== loop 54/∞ | seed=964978156982503991 archetype=turtle personality=minero focus=tech actions_per_loop=4 ====
[07:26:19] planet 38: queue busy, throttled building_robot_factory
[07:26:19] planet 38: queue busy, throttled building_robot_factory
[07:26:19] planet 38: queue busy, throttled building_robot_factory
[07:26:19] planet 38: queue busy, throttled building_robot_factory
[07:26:19] research: blocked research_energy_technology (building_laboratory 0/1)
[2026-05-12 07:26:42] ==== loop 55/∞ | seed=964978156982503991 archetype=turtle personality=minero focus=tech actions_per_loop=4 ====
[07:26:42] planet 38: queue busy, throttled building_robot_factory
[07:26:42] planet 38: queue busy, throttled building_robot_factory
[07:26:42] planet 38: queue busy, throttled building_robot_factory
[07:26:42] planet 38: queue busy, throttled building_robot_factory
[2026-05-12 07:27:04] ==== loop 56/∞ | seed=964978156982503991 archetype=turtle personality=minero focus=tech actions_per_loop=4 ====
[07:27:04] planet 38: queue busy, throttled building_robot_factory
[07:27:04] planet 38: queue busy, throttled building_robot_factory
[07:27:04] planet 38: queue busy, throttled building_robot_factory
[07:27:04] planet 38: queue busy, throttled building_robot_factory
[07:27:04] research: blocked research_energy_technology (building_laboratory 0/1)
[2026-05-12 07:27:19] ==== loop 57/∞ | seed=964978156982503991 archetype=turtle personality=minero focus=tech actions_per_loop=4 ====
[07:27:19] planet 38: queue busy, throttled building_robot_factory
[07:27:19] planet 38: queue busy, throttled building_robot_factory
[07:27:19] planet 38: queue busy, throttled building_robot_factory
[07:27:19] planet 38: queue busy, throttled building_robot_factory
[07:27:19] research: blocked research_energy_technology (building_laboratory 0/1)
[2026-05-12 07:27:40] ==== loop 58/∞ | seed=964978156982503991 archetype=turtle personality=minero focus=tech actions_per_loop=4 ====
[07:27:40] planet 38: queue busy, throttled building_robot_factory
[07:27:40] planet 38: queue busy, throttled building_robot_factory
[07:27:40] planet 38: queue busy, throttled building_robot_factory
[07:27:40] planet 38: queue busy, throttled building_robot_factory
[2026-05-12 07:27:58] ==== loop 59/∞ | seed=964978156982503991 archetype=turtle personality=minero focus=tech actions_per_loop=4 ====
[07:27:58] planet 38: queue busy, throttled building_robot_factory
[07:27:58] planet 38: queue busy, throttled building_robot_factory
[07:27:58] planet 38: queue busy, throttled building_robot_factory
[07:27:58] research: blocked research_energy_technology (building_laboratory 0/1)
[2026-05-12 07:28:20] ==== loop 60/∞ | seed=964978156982503991 archetype=turtle personality=minero focus=tech actions_per_loop=4 ====
[07:28:20] planet 38: queue busy, throttled building_robot_factory
[07:28:20] planet 38: queue busy, throttled building_robot_factory
[07:28:20] planet 38: queue busy, throttled building_robot_factory
[07:28:20] planet 38: queue busy, throttled building_robot_factory
[07:28:20] research: blocked research_energy_technology (building_laboratory 0/1)
[2026-05-12 07:28:43] ==== loop 61/∞ | seed=964978156982503991 archetype=turtle personality=minero focus=tech actions_per_loop=4 ====
[07:28:43] planet 38: queue busy, throttled building_robot_factory
[07:28:43] planet 38: queue busy, throttled building_robot_factory
[07:28:43] planet 38: queue busy, throttled building_robot_factory
[07:28:43] research: blocked research_energy_technology (building_laboratory 0/1)
[2026-05-12 07:29:02] ==== loop 62/∞ | seed=964978156982503991 archetype=turtle personality=minero focus=tech actions_per_loop=4 ====
[07:29:02] planet 38: queue busy, throttled building_robot_factory
[07:29:02] planet 38: queue busy, throttled building_robot_factory
[07:29:02] planet 38: queue busy, throttled building_robot_factory
[2026-05-12 07:29:23] ==== loop 63/∞ | seed=964978156982503991 archetype=turtle personality=minero focus=tech actions_per_loop=4 ====
[07:29:23] planet 38: queue busy, throttled building_robot_factory
[07:29:23] planet 38: queue busy, throttled building_robot_factory
[07:29:23] planet 38: queue busy, throttled building_robot_factory
[07:29:23] planet 38: queue busy, throttled building_robot_factory
[2026-05-12 07:29:45] ==== loop 64/∞ | seed=964978156982503991 archetype=turtle personality=minero focus=tech actions_per_loop=4 ====
[07:29:45] planet 38: queue busy, throttled building_robot_factory
[07:29:45] planet 38: queue busy, throttled building_robot_factory
[07:29:45] planet 38: queue busy, throttled building_robot_factory
[2026-05-12 07:30:09] ==== loop 65/∞ | seed=964978156982503991 archetype=turtle personality=minero focus=tech actions_per_loop=4 ====
[07:30:09] planet 38: queue busy, throttled building_robot_factory
[07:30:09] planet 38: queue busy, throttled building_robot_factory
[07:30:09] planet 38: queue busy, throttled building_robot_factory
[07:30:09] planet 38: queue busy, throttled building_robot_factory
[2026-05-12 07:30:30] ==== loop 66/∞ | seed=964978156982503991 archetype=turtle personality=minero focus=tech actions_per_loop=4 ====
[07:30:30] planet 38: queue busy, throttled building_robot_factory
[07:30:30] planet 38: queue busy, throttled building_robot_factory
[07:30:30] planet 38: queue busy, throttled building_robot_factory
[07:30:30] planet 38: queue busy, throttled building_robot_factory
[07:30:30] research: blocked research_energy_technology (building_laboratory 0/1)
[2026-05-12 07:30:52] ==== loop 67/∞ | seed=964978156982503991 archetype=turtle personality=minero focus=tech actions_per_loop=4 ====
[07:30:52] planet 38: queue busy, throttled building_robot_factory
[07:30:52] planet 38: queue busy, throttled building_robot_factory
[07:30:52] planet 38: queue busy, throttled building_robot_factory
[07:30:52] planet 38: queue busy, throttled building_robot_factory
[07:30:52] research: blocked research_energy_technology (building_laboratory 0/1)
[2026-05-12 07:31:14] ==== loop 68/∞ | seed=964978156982503991 archetype=turtle personality=minero focus=tech actions_per_loop=4 ====
[07:31:14] planet 38: queue busy, throttled building_robot_factory
[07:31:14] planet 38: queue busy, throttled building_robot_factory
[07:31:14] planet 38: queue busy, throttled building_robot_factory
[2026-05-12 07:31:35] ==== loop 69/∞ | seed=964978156982503991 archetype=turtle personality=minero focus=tech actions_per_loop=4 ====
[07:31:35] planet 38: queue busy, throttled building_robot_factory
[07:31:35] planet 38: queue busy, throttled building_robot_factory
[07:31:35] planet 38: queue busy, throttled building_robot_factory
[2026-05-12 07:31:53] ==== loop 70/∞ | seed=964978156982503991 archetype=turtle personality=minero focus=tech actions_per_loop=4 ====
[07:31:53] planet 38: queue busy, throttled building_robot_factory
[07:31:53] planet 38: queue busy, throttled building_robot_factory
[07:31:53] planet 38: queue busy, throttled building_robot_factory
[07:31:53] planet 38: queue busy, throttled building_robot_factory
[07:31:53] research: blocked research_energy_technology (building_laboratory 0/1)
[2026-05-12 07:32:16] ==== loop 71/∞ | seed=964978156982503991 archetype=turtle personality=minero focus=tech actions_per_loop=4 ====
[07:32:16] planet 38: queue busy, throttled building_robot_factory
[07:32:16] planet 38: queue busy, throttled building_robot_factory
[07:32:16] planet 38: queue busy, throttled building_robot_factory
[07:32:16] planet 38: queue busy, throttled building_robot_factory
[07:32:16] research: blocked research_energy_technology (building_laboratory 0/1)
[2026-05-12 07:32:37] ==== loop 72/∞ | seed=964978156982503991 archetype=turtle personality=minero focus=tech actions_per_loop=4 ====
[07:32:37] planet 38: queue busy, throttled building_robot_factory
[07:32:37] planet 38: queue busy, throttled building_robot_factory
[07:32:37] planet 38: queue busy, throttled building_robot_factory
[07:32:37] planet 38: queue busy, throttled building_robot_factory
[07:32:37] research: blocked research_energy_technology (building_laboratory 0/1)
[2026-05-12 07:32:56] ==== loop 73/∞ | seed=964978156982503991 archetype=turtle personality=minero focus=tech actions_per_loop=4 ====
[07:32:56] planet 38: queue busy, throttled building_robot_factory
[07:32:56] planet 38: queue busy, throttled building_robot_factory
[07:32:56] planet 38: queue busy, throttled building_robot_factory
[07:32:56] research: blocked research_energy_technology (building_laboratory 0/1)
[2026-05-12 07:33:18] ==== loop 74/∞ | seed=964978156982503991 archetype=turtle personality=minero focus=tech actions_per_loop=4 ====
[07:33:18] planet 38: queue busy, throttled building_robot_factory
[07:33:18] planet 38: queue busy, throttled building_robot_factory
[07:33:18] planet 38: queue busy, throttled building_robot_factory
[07:33:18] planet 38: queue busy, throttled building_robot_factory
[07:33:18] research: blocked research_energy_technology (building_laboratory 0/1)
[2026-05-12 07:33:43] ==== loop 75/∞ | seed=964978156982503991 archetype=turtle personality=minero focus=tech actions_per_loop=4 ====
[07:33:43] planet 38: queue busy, throttled building_robot_factory
[07:33:43] planet 38: queue busy, throttled building_robot_factory
[07:33:43] planet 38: queue busy, throttled building_robot_factory
[07:33:43] planet 38: queue busy, throttled building_robot_factory
[07:33:43] research: blocked research_energy_technology (building_laboratory 0/1)
[2026-05-12 07:34:03] ==== loop 76/∞ | seed=964978156982503991 archetype=turtle personality=minero focus=tech actions_per_loop=4 ====
[07:34:03] planet 38: queue busy, throttled building_robot_factory
[07:34:03] planet 38: queue busy, throttled building_robot_factory
[07:34:03] planet 38: queue busy, throttled building_robot_factory
[07:34:03] planet 38: queue busy, throttled building_robot_factory
[2026-05-12 07:34:22] ==== loop 77/∞ | seed=964978156982503991 archetype=turtle personality=minero focus=tech actions_per_loop=4 ====
[07:34:22] planet 38: queue busy, throttled building_robot_factory
[07:34:22] planet 38: queue busy, throttled building_robot_factory
[07:34:22] planet 38: queue busy, throttled building_robot_factory
[07:34:22] planet 38: queue busy, throttled building_robot_factory
[07:34:22] research: blocked research_energy_technology (building_laboratory 0/1)
[2026-05-12 07:34:42] ==== loop 78/∞ | seed=964978156982503991 archetype=turtle personality=minero focus=tech actions_per_loop=4 ====
[07:34:42] planet 38: queue busy, throttled building_robot_factory
[07:34:42] planet 38: queue busy, throttled building_robot_factory
[07:34:42] planet 38: queue busy, throttled building_robot_factory
[07:34:42] planet 38: queue busy, throttled building_robot_factory
[2026-05-12 07:35:01] ==== loop 79/∞ | seed=964978156982503991 archetype=turtle personality=minero focus=tech actions_per_loop=4 ====
[07:35:01] planet 38: queue busy, throttled building_robot_factory
[07:35:01] planet 38: queue busy, throttled building_robot_factory
[07:35:01] planet 38: queue busy, throttled building_robot_factory
[07:35:01] planet 38: queue busy, throttled building_robot_factory
[07:35:01] research: blocked research_energy_technology (building_laboratory 0/1)
[2026-05-12 07:35:23] ==== loop 80/∞ | seed=964978156982503991 archetype=turtle personality=minero focus=tech actions_per_loop=4 ====
[07:35:23] planet 38: queue busy, throttled building_robot_factory
[07:35:23] planet 38: queue busy, throttled building_robot_factory
[07:35:23] planet 38: queue busy, throttled building_robot_factory
[07:35:23] planet 38: queue busy, throttled building_robot_factory
[07:35:23] research: blocked research_energy_technology (building_laboratory 0/1)
[2026-05-12 07:35:44] ==== loop 81/∞ | seed=964978156982503991 archetype=turtle personality=minero focus=tech actions_per_loop=4 ====
[07:35:44] planet 38: queue busy, throttled building_robot_factory
[07:35:44] planet 38: queue busy, throttled building_robot_factory
[07:35:44] planet 38: queue busy, throttled building_robot_factory
[07:35:44] planet 38: queue busy, throttled building_robot_factory
[07:35:44] research: blocked research_energy_technology (building_laboratory 0/1)
[2026-05-12 07:36:05] ==== loop 82/∞ | seed=964978156982503991 archetype=turtle personality=minero focus=tech actions_per_loop=4 ====
[07:36:05] planet 38: queue busy, throttled building_robot_factory
[07:36:05] planet 38: queue busy, throttled building_robot_factory
[07:36:05] planet 38: queue busy, throttled building_robot_factory
[2026-05-12 07:36:28] ==== loop 83/∞ | seed=964978156982503991 archetype=turtle personality=minero focus=tech actions_per_loop=4 ====
[07:36:28] planet 38: queue busy, throttled building_robot_factory
[07:36:28] planet 38: queue busy, throttled building_robot_factory
[07:36:28] planet 38: queue busy, throttled building_robot_factory
[07:36:28] planet 38: queue busy, throttled building_robot_factory
[07:36:28] research: blocked research_energy_technology (building_laboratory 0/1)
[2026-05-12 07:36:50] ==== loop 84/∞ | seed=964978156982503991 archetype=turtle personality=minero focus=tech actions_per_loop=4 ====
[07:36:50] planet 38: queue busy, throttled building_robot_factory
[07:36:50] planet 38: queue busy, throttled building_robot_factory
[07:36:50] planet 38: queue busy, throttled building_robot_factory
[07:36:50] planet 38: queue busy, throttled building_robot_factory
[07:36:50] research: blocked research_energy_technology (building_laboratory 0/1)
[2026-05-12 07:37:12] ==== loop 85/∞ | seed=964978156982503991 archetype=turtle personality=minero focus=tech actions_per_loop=4 ====
[07:37:12] planet 38: queue busy, throttled building_robot_factory
[07:37:12] planet 38: queue busy, throttled building_robot_factory
[07:37:12] planet 38: queue busy, throttled building_robot_factory
[07:37:12] planet 38: queue busy, throttled building_robot_factory
[07:37:12] research: blocked research_energy_technology (building_laboratory 0/1)
[2026-05-12 07:37:33] ==== loop 86/∞ | seed=964978156982503991 archetype=turtle personality=minero focus=tech actions_per_loop=4 ====
[07:37:33] planet 38: queue busy, throttled building_robot_factory
[07:37:33] planet 38: queue busy, throttled building_robot_factory
[07:37:33] planet 38: queue busy, throttled building_robot_factory
[07:37:33] planet 38: queue busy, throttled building_robot_factory
[07:37:33] research: blocked research_energy_technology (building_laboratory 0/1)
[2026-05-12 07:37:54] ==== loop 87/∞ | seed=964978156982503991 archetype=turtle personality=minero focus=tech actions_per_loop=4 ====
[07:37:54] planet 38: queue busy, throttled building_robot_factory
[07:37:54] planet 38: queue busy, throttled building_robot_factory
[07:37:54] planet 38: queue busy, throttled building_robot_factory
[07:37:54] planet 38: queue busy, throttled building_robot_factory
[2026-05-12 07:38:17] ==== loop 88/∞ | seed=964978156982503991 archetype=turtle personality=minero focus=tech actions_per_loop=4 ====
[07:38:17] planet 38: queue busy, throttled building_robot_factory
[07:38:17] planet 38: queue busy, throttled building_robot_factory
[07:38:17] planet 38: queue busy, throttled building_robot_factory
[2026-05-12 07:38:39] ==== loop 89/∞ | seed=964978156982503991 archetype=turtle personality=minero focus=tech actions_per_loop=4 ====
[07:38:39] planet 38: queue busy, throttled building_robot_factory
[07:38:39] planet 38: queue busy, throttled building_robot_factory
[07:38:39] planet 38: queue busy, throttled building_robot_factory
[07:38:39] planet 38: queue busy, throttled building_robot_factory
[2026-05-12 07:39:01] ==== loop 90/∞ | seed=964978156982503991 archetype=turtle personality=minero focus=tech actions_per_loop=4 ====
[07:39:01] planet 38: queue busy, throttled building_robot_factory
[07:39:01] planet 38: queue busy, throttled building_robot_factory
[07:39:01] planet 38: queue busy, throttled building_robot_factory
[2026-05-12 07:39:19] ==== loop 91/∞ | seed=964978156982503991 archetype=turtle personality=minero focus=tech actions_per_loop=4 ====
[07:39:19] planet 38: queue busy, throttled building_robot_factory
[07:39:19] planet 38: queue busy, throttled building_robot_factory
[07:39:19] planet 38: queue busy, throttled building_robot_factory
[2026-05-12 07:39:36] ==== loop 92/∞ | seed=964978156982503991 archetype=turtle personality=minero focus=tech actions_per_loop=4 ====
[07:39:36] planet 38: queue busy, throttled building_robot_factory
[07:39:36] planet 38: queue busy, throttled building_robot_factory
[07:39:36] planet 38: queue busy, throttled building_robot_factory
[07:39:36] planet 38: queue busy, throttled building_robot_factory
[07:39:36] research: blocked research_energy_technology (building_laboratory 0/1)
[2026-05-12 07:39:56] ==== loop 93/∞ | seed=964978156982503991 archetype=turtle personality=minero focus=tech actions_per_loop=4 ====
[07:39:56] planet 38: queue busy, throttled building_robot_factory
[07:39:56] planet 38: queue busy, throttled building_robot_factory
[07:39:56] planet 38: queue busy, throttled building_robot_factory
[07:39:56] planet 38: queue busy, throttled building_robot_factory
[2026-05-12 07:40:16] ==== loop 94/∞ | seed=964978156982503991 archetype=turtle personality=minero focus=tech actions_per_loop=4 ====
[07:40:16] planet 38: queue busy, throttled building_robot_factory
[07:40:16] planet 38: queue busy, throttled building_robot_factory
[07:40:16] planet 38: queue busy, throttled building_robot_factory
[07:40:16] research: blocked research_energy_technology (building_laboratory 0/1)
[2026-05-12 07:40:34] ==== loop 95/∞ | seed=964978156982503991 archetype=turtle personality=minero focus=tech actions_per_loop=4 ====
[07:40:34] planet 38: queue busy, throttled building_robot_factory
[07:40:34] planet 38: queue busy, throttled building_robot_factory
[07:40:34] planet 38: queue busy, throttled building_robot_factory
[07:40:34] planet 38: queue busy, throttled building_robot_factory
[07:40:34] research: blocked research_energy_technology (building_laboratory 0/1)
[2026-05-12 07:40:53] ==== loop 96/∞ | seed=964978156982503991 archetype=turtle personality=minero focus=tech actions_per_loop=4 ====
[07:40:53] planet 38: queue busy, throttled building_robot_factory
[07:40:53] planet 38: queue busy, throttled building_robot_factory
[07:40:53] planet 38: queue busy, throttled building_robot_factory
[07:40:53] planet 38: queue busy, throttled building_robot_factory
[2026-05-12 07:41:13] ==== loop 97/∞ | seed=964978156982503991 archetype=turtle personality=minero focus=tech actions_per_loop=4 ====
[07:41:13] planet 38: queue busy, throttled building_robot_factory
[07:41:13] planet 38: queue busy, throttled building_robot_factory
[07:41:13] planet 38: queue busy, throttled building_robot_factory
[07:41:13] planet 38: queue busy, throttled building_robot_factory
[07:41:13] research: blocked research_energy_technology (building_laboratory 0/1)
[2026-05-12 07:41:32] ==== loop 98/∞ | seed=964978156982503991 archetype=turtle personality=minero focus=tech actions_per_loop=4 ====
[07:41:32] planet 38: queue busy, throttled building_robot_factory
[07:41:32] planet 38: queue busy, throttled building_robot_factory
[07:41:32] planet 38: queue busy, throttled building_robot_factory
[07:41:32] planet 38: queue busy, throttled building_robot_factory
[2026-05-12 07:41:54] ==== loop 99/∞ | seed=964978156982503991 archetype=turtle personality=minero focus=tech actions_per_loop=4 ====
[07:41:54] planet 38: queue busy, throttled building_robot_factory
[07:41:54] planet 38: queue busy, throttled building_robot_factory
[07:41:54] planet 38: queue busy, throttled building_robot_factory
[07:41:54] planet 38: queue busy, throttled building_robot_factory
[2026-05-12 07:42:13] ==== loop 100/∞ | seed=964978156982503991 archetype=turtle personality=minero focus=tech actions_per_loop=4 ====
[07:42:13] planet 38: queue busy, throttled building_robot_factory
[07:42:13] planet 38: queue busy, throttled building_robot_factory
[07:42:13] planet 38: queue busy, throttled building_robot_factory
[07:42:13] planet 38: queue busy, throttled building_robot_factory
[2026-05-12 07:42:36] ==== loop 101/∞ | seed=964978156982503991 archetype=turtle personality=minero focus=tech actions_per_loop=4 ====
[07:42:36] planet 38: queue busy, throttled building_robot_factory
[07:42:36] planet 38: queue busy, throttled building_robot_factory
[07:42:36] planet 38: queue busy, throttled building_robot_factory
[07:42:36] planet 38: queue busy, throttled building_robot_factory
[2026-05-12 07:42:57] ==== loop 102/∞ | seed=964978156982503991 archetype=turtle personality=minero focus=tech actions_per_loop=4 ====
[07:42:57] planet 38: queue busy, throttled building_robot_factory
[07:42:57] planet 38: queue busy, throttled building_robot_factory
[07:42:57] planet 38: queue busy, throttled building_robot_factory
[07:42:57] planet 38: queue busy, throttled building_robot_factory
[2026-05-12 07:43:19] ==== loop 103/∞ | seed=964978156982503991 archetype=turtle personality=minero focus=tech actions_per_loop=4 ====
[07:43:19] planet 38: queue busy, throttled building_robot_factory
[07:43:19] planet 38: queue busy, throttled building_robot_factory
[07:43:19] planet 38: queue busy, throttled building_robot_factory
[07:43:19] research: blocked research_energy_technology (building_laboratory 0/1)
[2026-05-12 07:43:40] ==== loop 104/∞ | seed=964978156982503991 archetype=turtle personality=minero focus=tech actions_per_loop=4 ====
[07:43:40] planet 38: queue busy, throttled building_robot_factory
[07:43:40] planet 38: queue busy, throttled building_robot_factory
[07:43:40] planet 38: queue busy, throttled building_robot_factory
[07:43:40] planet 38: queue busy, throttled building_robot_factory
[2026-05-12 07:44:04] ==== loop 105/∞ | seed=964978156982503991 archetype=turtle personality=minero focus=tech actions_per_loop=4 ====
[07:44:04] planet 38: queue busy, throttled building_robot_factory
[07:44:04] planet 38: queue busy, throttled building_robot_factory
[07:44:04] planet 38: queue busy, throttled building_robot_factory
[07:44:04] planet 38: queue busy, throttled building_robot_factory
[2026-05-12 07:44:25] ==== loop 106/∞ | seed=964978156982503991 archetype=turtle personality=minero focus=tech actions_per_loop=4 ====
[07:44:25] planet 38: queue busy, throttled building_robot_factory
[07:44:25] planet 38: queue busy, throttled building_robot_factory
[07:44:25] planet 38: queue busy, throttled building_robot_factory
[2026-05-12 07:44:51] ==== loop 107/∞ | seed=964978156982503991 archetype=turtle personality=minero focus=tech actions_per_loop=4 ====
[07:44:51] planet 38: queue busy, throttled building_robot_factory
[07:44:51] planet 38: queue busy, throttled building_robot_factory
[07:44:51] planet 38: queue busy, throttled building_robot_factory
[07:44:51] research: blocked research_energy_technology (building_laboratory 0/1)
[2026-05-12 07:45:12] ==== loop 108/∞ | seed=964978156982503991 archetype=turtle personality=minero focus=tech actions_per_loop=4 ====
[07:45:12] planet 38: queue busy, throttled building_robot_factory
[07:45:12] planet 38: queue busy, throttled building_robot_factory
[07:45:12] planet 38: queue busy, throttled building_robot_factory
[07:45:12] planet 38: queue busy, throttled building_robot_factory
[2026-05-12 07:45:33] ==== loop 109/∞ | seed=964978156982503991 archetype=turtle personality=minero focus=tech actions_per_loop=4 ====
[07:45:33] planet 38: queue busy, throttled building_robot_factory
[07:45:33] planet 38: queue busy, throttled building_robot_factory
[07:45:33] planet 38: queue busy, throttled building_robot_factory
[07:45:33] planet 38: queue busy, throttled building_robot_factory
[2026-05-12 07:45:54] ==== loop 110/∞ | seed=964978156982503991 archetype=turtle personality=minero focus=tech actions_per_loop=4 ====
[07:45:54] planet 38: queue busy, throttled building_robot_factory
[07:45:54] planet 38: queue busy, throttled building_robot_factory
[07:45:54] planet 38: queue busy, throttled building_robot_factory
[07:45:54] planet 38: queue busy, throttled building_robot_factory
[07:45:54] research: blocked research_energy_technology (building_laboratory 0/1)
[2026-05-12 07:46:13] ==== loop 111/∞ | seed=964978156982503991 archetype=turtle personality=minero focus=tech actions_per_loop=4 ====
[07:46:13] planet 38: queue busy, throttled building_robot_factory
[07:46:13] planet 38: queue busy, throttled building_robot_factory
[07:46:13] planet 38: queue busy, throttled building_robot_factory
[07:46:13] planet 38: queue busy, throttled building_robot_factory
[07:46:13] research: blocked research_energy_technology (building_laboratory 0/1)
[2026-05-12 07:46:36] ==== loop 112/∞ | seed=964978156982503991 archetype=turtle personality=minero focus=tech actions_per_loop=4 ====
[07:46:36] planet 38: queue busy, throttled building_robot_factory
[07:46:36] planet 38: queue busy, throttled building_robot_factory
[07:46:36] planet 38: queue busy, throttled building_robot_factory
[07:46:36] research: blocked research_energy_technology (building_laboratory 0/1)
[2026-05-12 07:46:56] ==== loop 113/∞ | seed=964978156982503991 archetype=turtle personality=minero focus=tech actions_per_loop=4 ====
[07:46:56] planet 38: queue busy, throttled building_robot_factory
[07:46:56] planet 38: queue busy, throttled building_robot_factory
[07:46:56] planet 38: queue busy, throttled building_robot_factory
[07:46:56] planet 38: queue busy, throttled building_robot_factory
[07:46:56] research: blocked research_energy_technology (building_laboratory 0/1)
[2026-05-12 07:47:16] ==== loop 114/∞ | seed=964978156982503991 archetype=turtle personality=minero focus=tech actions_per_loop=4 ====
[07:47:16] planet 38: queue busy, throttled building_robot_factory
[07:47:16] planet 38: queue busy, throttled building_robot_factory
[07:47:16] planet 38: queue busy, throttled building_robot_factory
[07:47:16] planet 38: queue busy, throttled building_robot_factory
[07:47:16] research: blocked research_energy_technology (building_laboratory 0/1)
[2026-05-12 07:47:38] ==== loop 115/∞ | seed=964978156982503991 archetype=turtle personality=minero focus=tech actions_per_loop=4 ====
[07:47:38] planet 38: queue busy, throttled building_robot_factory
[07:47:38] planet 38: queue busy, throttled building_robot_factory
[07:47:38] planet 38: queue busy, throttled building_robot_factory
[07:47:38] research: blocked research_energy_technology (building_laboratory 0/1)
[2026-05-12 07:47:58] ==== loop 116/∞ | seed=964978156982503991 archetype=turtle personality=minero focus=tech actions_per_loop=4 ====
[07:47:58] planet 38: queue busy, throttled building_robot_factory
[07:47:58] planet 38: queue busy, throttled building_robot_factory
[07:47:58] planet 38: queue busy, throttled building_robot_factory
[07:47:58] research: blocked research_energy_technology (building_laboratory 0/1)
[2026-05-12 07:48:17] ==== loop 117/∞ | seed=964978156982503991 archetype=turtle personality=minero focus=tech actions_per_loop=4 ====
[07:48:17] planet 38: queue busy, throttled building_robot_factory
[07:48:17] planet 38: queue busy, throttled building_robot_factory
[07:48:17] planet 38: queue busy, throttled building_robot_factory
[07:48:17] planet 38: queue busy, throttled building_robot_factory
[2026-05-12 07:48:38] ==== loop 118/∞ | seed=964978156982503991 archetype=turtle personality=minero focus=tech actions_per_loop=4 ====
[07:48:38] planet 38: queue busy, throttled building_robot_factory
[07:48:38] planet 38: queue busy, throttled building_robot_factory
[07:48:38] planet 38: queue busy, throttled building_robot_factory
[07:48:38] planet 38: queue busy, throttled building_robot_factory
[07:48:38] research: blocked research_energy_technology (building_laboratory 0/1)
[2026-05-12 07:48:55] ==== loop 119/∞ | seed=964978156982503991 archetype=turtle personality=minero focus=tech actions_per_loop=4 ====
[07:48:55] planet 38: queue busy, throttled building_robot_factory
[07:48:55] planet 38: queue busy, throttled building_robot_factory
[07:48:55] planet 38: queue busy, throttled building_robot_factory
[07:48:55] planet 38: queue busy, throttled building_robot_factory
[07:48:55] research: blocked research_energy_technology (building_laboratory 0/1)
[2026-05-12 07:49:17] ==== loop 120/∞ | seed=964978156982503991 archetype=turtle personality=minero focus=tech actions_per_loop=4 ====
[07:49:17] planet 38: queue busy, throttled building_robot_factory
[07:49:17] planet 38: queue busy, throttled building_robot_factory
[07:49:17] planet 38: queue busy, throttled building_robot_factory
[2026-05-12 07:49:34] ==== loop 121/∞ | seed=964978156982503991 archetype=turtle personality=minero focus=tech actions_per_loop=4 ====
[07:49:34] planet 38: queue busy, throttled building_robot_factory
[07:49:34] planet 38: queue busy, throttled building_robot_factory
[07:49:34] planet 38: queue busy, throttled building_robot_factory
[07:49:34] planet 38: queue busy, throttled building_robot_factory
[2026-05-12 07:49:57] ==== loop 122/∞ | seed=964978156982503991 archetype=turtle personality=minero focus=tech actions_per_loop=4 ====
[07:49:57] planet 38: queue busy, throttled building_robot_factory
[07:49:57] planet 38: queue busy, throttled building_robot_factory
[07:49:57] planet 38: queue busy, throttled building_robot_factory
[07:49:57] planet 38: queue busy, throttled building_robot_factory
[2026-05-12 07:50:17] ==== loop 123/∞ | seed=964978156982503991 archetype=turtle personality=minero focus=tech actions_per_loop=4 ====
[07:50:17] planet 38: queue busy, throttled building_robot_factory
[07:50:17] planet 38: queue busy, throttled building_robot_factory
[07:50:17] planet 38: queue busy, throttled building_robot_factory
[2026-05-12 07:50:38] ==== loop 124/∞ | seed=964978156982503991 archetype=turtle personality=minero focus=tech actions_per_loop=4 ====
[07:50:38] planet 38: queue busy, throttled building_robot_factory
[07:50:38] planet 38: queue busy, throttled building_robot_factory
[07:50:38] planet 38: queue busy, throttled building_robot_factory
[07:50:38] research: blocked research_energy_technology (building_laboratory 0/1)
[2026-05-12 07:50:57] ==== loop 125/∞ | seed=964978156982503991 archetype=turtle personality=minero focus=tech actions_per_loop=4 ====
[07:50:57] planet 38: queue busy, throttled building_robot_factory
[07:50:57] planet 38: queue busy, throttled building_robot_factory
[07:50:57] planet 38: queue busy, throttled building_robot_factory
[07:50:57] planet 38: queue busy, throttled building_robot_factory
[07:50:57] research: blocked research_energy_technology (building_laboratory 0/1)
[2026-05-12 07:51:18] ==== loop 126/∞ | seed=964978156982503991 archetype=turtle personality=minero focus=tech actions_per_loop=4 ====
[07:51:18] planet 38: queue busy, throttled building_robot_factory
[07:51:18] planet 38: queue busy, throttled building_robot_factory
[07:51:18] planet 38: queue busy, throttled building_robot_factory
[07:51:18] planet 38: queue busy, throttled building_robot_factory
[07:51:18] research: blocked research_energy_technology (building_laboratory 0/1)
[2026-05-12 07:51:36] ==== loop 127/∞ | seed=964978156982503991 archetype=turtle personality=minero focus=tech actions_per_loop=4 ====
[07:51:36] planet 38: queue busy, throttled building_robot_factory
[07:51:36] planet 38: queue busy, throttled building_robot_factory
[07:51:36] planet 38: queue busy, throttled building_robot_factory
[07:51:36] planet 38: queue busy, throttled building_robot_factory
[2026-05-12 07:51:57] ==== loop 128/∞ | seed=964978156982503991 archetype=turtle personality=minero focus=tech actions_per_loop=4 ====
[07:51:57] planet 38: queue busy, throttled building_robot_factory
[07:51:57] planet 38: queue busy, throttled building_robot_factory
[07:51:57] planet 38: queue busy, throttled building_robot_factory
[07:51:57] planet 38: queue busy, throttled building_robot_factory
[07:51:57] research: blocked research_energy_technology (building_laboratory 0/1)
[2026-05-12 07:52:15] ==== loop 129/∞ | seed=964978156982503991 archetype=turtle personality=minero focus=tech actions_per_loop=4 ====
[07:52:15] planet 38: queue busy, throttled building_robot_factory
[07:52:15] planet 38: queue busy, throttled building_robot_factory
[07:52:15] planet 38: queue busy, throttled building_robot_factory
[07:52:15] planet 38: queue busy, throttled building_robot_factory
[2026-05-12 07:52:34] ==== loop 130/∞ | seed=964978156982503991 archetype=turtle personality=minero focus=tech actions_per_loop=4 ====
[07:52:34] planet 38: queue busy, throttled building_robot_factory
[07:52:34] planet 38: queue busy, throttled building_robot_factory
[07:52:34] planet 38: queue busy, throttled building_robot_factory
[07:52:34] planet 38: queue busy, throttled building_robot_factory
[07:52:34] research: blocked research_energy_technology (building_laboratory 0/1)
[2026-05-12 07:52:55] ==== loop 131/∞ | seed=964978156982503991 archetype=turtle personality=minero focus=tech actions_per_loop=4 ====
[07:52:55] planet 38: queue busy, throttled building_robot_factory
[07:52:55] planet 38: queue busy, throttled building_robot_factory
[07:52:55] planet 38: queue busy, throttled building_robot_factory
[2026-05-12 07:53:15] ==== loop 132/∞ | seed=964978156982503991 archetype=turtle personality=minero focus=tech actions_per_loop=4 ====
[07:53:15] planet 38: queue busy, throttled building_robot_factory
[07:53:15] planet 38: queue busy, throttled building_robot_factory
[07:53:15] planet 38: queue busy, throttled building_robot_factory
[07:53:15] planet 38: queue busy, throttled building_robot_factory
[2026-05-12 07:53:35] ==== loop 133/∞ | seed=964978156982503991 archetype=turtle personality=minero focus=tech actions_per_loop=4 ====
[07:53:35] planet 38: queue busy, throttled building_robot_factory
[07:53:35] planet 38: queue busy, throttled building_robot_factory
[07:53:35] planet 38: queue busy, throttled building_robot_factory
[07:53:35] planet 38: queue busy, throttled building_robot_factory
[07:53:35] research: blocked research_energy_technology (building_laboratory 0/1)
[2026-05-12 07:53:54] ==== loop 134/∞ | seed=964978156982503991 archetype=turtle personality=minero focus=tech actions_per_loop=4 ====
[07:53:54] planet 38: queue busy, throttled building_robot_factory
[07:53:54] planet 38: queue busy, throttled building_robot_factory
[07:53:54] planet 38: queue busy, throttled building_robot_factory
[07:53:54] planet 38: queue busy, throttled building_robot_factory
[2026-05-12 07:54:13] ==== loop 135/∞ | seed=964978156982503991 archetype=turtle personality=minero focus=tech actions_per_loop=4 ====
[07:54:13] planet 38: queue busy, throttled building_robot_factory
[07:54:13] planet 38: queue busy, throttled building_robot_factory
[07:54:13] planet 38: queue busy, throttled building_robot_factory
[07:54:13] planet 38: queue busy, throttled building_robot_factory
[2026-05-12 07:54:32] ==== loop 136/∞ | seed=964978156982503991 archetype=turtle personality=minero focus=tech actions_per_loop=4 ====
[07:54:33] planet 38: queue busy, throttled building_robot_factory
[07:54:33] planet 38: queue busy, throttled building_robot_factory
[07:54:33] planet 38: queue busy, throttled building_robot_factory
[07:54:33] planet 38: queue busy, throttled building_robot_factory
[07:54:33] research: blocked research_energy_technology (building_laboratory 0/1)
[2026-05-12 07:54:52] ==== loop 137/∞ | seed=964978156982503991 archetype=turtle personality=minero focus=tech actions_per_loop=4 ====
[07:54:52] planet 38: queue busy, throttled building_robot_factory
[07:54:52] planet 38: queue busy, throttled building_robot_factory
[07:54:52] planet 38: queue busy, throttled building_robot_factory
[07:54:52] planet 38: queue busy, throttled building_robot_factory
[2026-05-12 07:55:12] ==== loop 138/∞ | seed=964978156982503991 archetype=turtle personality=minero focus=tech actions_per_loop=4 ====
[07:55:12] planet 38: queue busy, throttled building_robot_factory
[07:55:12] planet 38: queue busy, throttled building_robot_factory
[07:55:12] planet 38: queue busy, throttled building_robot_factory
[2026-05-12 07:55:34] ==== loop 139/∞ | seed=964978156982503991 archetype=turtle personality=minero focus=tech actions_per_loop=4 ====
[07:55:35] planet 38: queue busy, throttled building_robot_factory
[07:55:35] planet 38: queue busy, throttled building_robot_factory
[07:55:35] planet 38: queue busy, throttled building_robot_factory
[07:55:35] research: blocked research_energy_technology (building_laboratory 0/1)
[2026-05-12 07:55:57] ==== loop 140/∞ | seed=964978156982503991 archetype=turtle personality=minero focus=tech actions_per_loop=4 ====
[07:55:57] planet 38: queue busy, throttled building_robot_factory
[07:55:57] planet 38: queue busy, throttled building_robot_factory
[07:55:57] planet 38: queue busy, throttled building_robot_factory
[2026-05-12 07:56:17] ==== loop 141/∞ | seed=964978156982503991 archetype=turtle personality=minero focus=tech actions_per_loop=4 ====
[07:56:17] planet 38: queue busy, throttled building_robot_factory
[07:56:17] planet 38: queue busy, throttled building_robot_factory
[07:56:17] planet 38: queue busy, throttled building_robot_factory
[2026-05-12 07:56:37] ==== loop 142/∞ | seed=964978156982503991 archetype=turtle personality=minero focus=tech actions_per_loop=4 ====
[07:56:37] planet 38: queue busy, throttled building_robot_factory
[07:56:37] planet 38: queue busy, throttled building_robot_factory
[07:56:37] planet 38: queue busy, throttled building_robot_factory
[07:56:37] research: blocked research_energy_technology (building_laboratory 0/1)
[2026-05-12 07:56:57] ==== loop 143/∞ | seed=964978156982503991 archetype=turtle personality=minero focus=tech actions_per_loop=4 ====
[07:56:57] planet 38: queue busy, throttled building_robot_factory
[07:56:57] planet 38: queue busy, throttled building_robot_factory
[07:56:57] planet 38: queue busy, throttled building_robot_factory
[2026-05-12 07:57:17] ==== loop 144/∞ | seed=964978156982503991 archetype=turtle personality=minero focus=tech actions_per_loop=4 ====
[07:57:17] planet 38: queue busy, throttled building_robot_factory
[07:57:17] planet 38: queue busy, throttled building_robot_factory
[07:57:17] planet 38: queue busy, throttled building_robot_factory
[07:57:17] planet 38: queue busy, throttled building_robot_factory
[2026-05-12 07:57:34] ==== loop 145/∞ | seed=964978156982503991 archetype=turtle personality=minero focus=tech actions_per_loop=4 ====
[07:57:34] planet 38: queue busy, throttled building_robot_factory
[07:57:34] planet 38: queue busy, throttled building_robot_factory
[07:57:34] planet 38: queue busy, throttled building_robot_factory
[07:57:34] planet 38: queue busy, throttled building_robot_factory
[07:57:34] research: blocked research_energy_technology (building_laboratory 0/1)
[2026-05-12 07:57:53] ==== loop 146/∞ | seed=964978156982503991 archetype=turtle personality=minero focus=tech actions_per_loop=4 ====
[07:57:53] planet 38: queue busy, throttled building_robot_factory
[07:57:53] planet 38: queue busy, throttled building_robot_factory
[07:57:53] planet 38: queue busy, throttled building_robot_factory
[07:57:53] planet 38: queue busy, throttled building_robot_factory
[2026-05-12 07:58:17] ==== loop 147/∞ | seed=964978156982503991 archetype=turtle personality=minero focus=tech actions_per_loop=4 ====
[07:58:17] planet 38: queue busy, throttled building_robot_factory
[07:58:17] planet 38: queue busy, throttled building_robot_factory
[07:58:17] planet 38: queue busy, throttled building_robot_factory
[07:58:17] planet 38: queue busy, throttled building_robot_factory
[07:58:17] research: blocked research_energy_technology (building_laboratory 0/1)
[2026-05-12 07:58:40] ==== loop 148/∞ | seed=964978156982503991 archetype=turtle personality=minero focus=tech actions_per_loop=4 ====
[07:58:40] planet 38: queue busy, throttled building_robot_factory
[07:58:40] planet 38: queue busy, throttled building_robot_factory
[07:58:40] planet 38: queue busy, throttled building_robot_factory
[07:58:40] research: blocked research_energy_technology (building_laboratory 0/1)
[2026-05-12 07:59:03] ==== loop 149/∞ | seed=964978156982503991 archetype=turtle personality=minero focus=tech actions_per_loop=4 ====
[07:59:03] planet 38: queue busy, throttled building_robot_factory
[07:59:03] planet 38: queue busy, throttled building_robot_factory
[07:59:03] planet 38: queue busy, throttled building_robot_factory
[07:59:03] planet 38: queue busy, throttled building_robot_factory
[07:59:03] research: blocked research_energy_technology (building_laboratory 0/1)
[2026-05-12 07:59:26] ==== loop 150/∞ | seed=964978156982503991 archetype=turtle personality=minero focus=tech actions_per_loop=4 ====
[07:59:26] planet 38: queue busy, throttled building_robot_factory
[07:59:26] planet 38: queue busy, throttled building_robot_factory
[07:59:26] planet 38: queue busy, throttled building_robot_factory
[07:59:26] planet 38: queue busy, throttled building_robot_factory
[2026-05-12 07:59:47] ==== loop 151/∞ | seed=964978156982503991 archetype=turtle personality=minero focus=tech actions_per_loop=4 ====
[07:59:47] planet 38: queue busy, throttled building_robot_factory
[07:59:47] planet 38: queue busy, throttled building_robot_factory
[07:59:47] planet 38: queue busy, throttled building_robot_factory
[07:59:47] planet 38: queue busy, throttled building_robot_factory
[2026-05-12 08:00:08] ==== loop 152/∞ | seed=964978156982503991 archetype=turtle personality=minero focus=tech actions_per_loop=4 ====
[08:00:08] planet 38: queue busy, throttled building_robot_factory
[08:00:08] planet 38: queue busy, throttled building_robot_factory
[08:00:08] planet 38: queue busy, throttled building_robot_factory
[08:00:08] planet 38: queue busy, throttled building_robot_factory
[08:00:08] research: blocked research_energy_technology (building_laboratory 0/1)
[2026-05-12 08:00:29] ==== loop 153/∞ | seed=964978156982503991 archetype=turtle personality=minero focus=tech actions_per_loop=4 ====
[08:00:29] planet 38: queue busy, throttled building_robot_factory
[08:00:29] planet 38: queue busy, throttled building_robot_factory
[08:00:29] planet 38: queue busy, throttled building_robot_factory
[08:00:29] research: blocked research_energy_technology (building_laboratory 0/1)
[2026-05-12 08:00:51] ==== loop 154/∞ | seed=964978156982503991 archetype=turtle personality=minero focus=tech actions_per_loop=4 ====
[08:00:51] planet 38: queue busy, throttled building_robot_factory
[08:00:51] planet 38: queue busy, throttled building_robot_factory
[08:00:51] planet 38: queue busy, throttled building_robot_factory
[08:00:51] planet 38: queue busy, throttled building_robot_factory
[2026-05-12 08:01:13] ==== loop 155/∞ | seed=964978156982503991 archetype=turtle personality=minero focus=tech actions_per_loop=4 ====
[08:01:13] planet 38: queue busy, throttled building_robot_factory
[08:01:13] planet 38: queue busy, throttled building_robot_factory
[08:01:13] planet 38: queue busy, throttled building_robot_factory
[08:01:13] research: blocked research_energy_technology (building_laboratory 0/1)
[2026-05-12 08:01:33] ==== loop 156/∞ | seed=964978156982503991 archetype=turtle personality=minero focus=tech actions_per_loop=4 ====
[08:01:33] planet 38: queue busy, throttled building_robot_factory
[08:01:33] planet 38: queue busy, throttled building_robot_factory
[08:01:33] planet 38: queue busy, throttled building_robot_factory
[08:01:33] planet 38: queue busy, throttled building_robot_factory
[08:01:33] research: blocked research_energy_technology (building_laboratory 0/1)
[2026-05-12 08:01:53] ==== loop 157/∞ | seed=964978156982503991 archetype=turtle personality=minero focus=tech actions_per_loop=4 ====
[08:01:53] planet 38: queue busy, throttled building_robot_factory
[08:01:53] planet 38: queue busy, throttled building_robot_factory
[08:01:53] planet 38: queue busy, throttled building_robot_factory
[08:01:53] planet 38: queue busy, throttled building_robot_factory
[08:01:53] research: blocked research_energy_technology (building_laboratory 0/1)
[2026-05-12 08:02:17] ==== loop 158/∞ | seed=964978156982503991 archetype=turtle personality=minero focus=tech actions_per_loop=4 ====
[08:02:17] planet 38: queue busy, throttled building_robot_factory
[08:02:17] planet 38: queue busy, throttled building_robot_factory
[08:02:17] planet 38: queue busy, throttled building_robot_factory
[08:02:17] planet 38: queue busy, throttled building_robot_factory
[08:02:17] research: blocked research_energy_technology (building_laboratory 0/1)
[2026-05-12 08:02:36] ==== loop 159/∞ | seed=964978156982503991 archetype=turtle personality=minero focus=tech actions_per_loop=4 ====
[08:02:36] planet 38: queue busy, throttled building_robot_factory
[08:02:36] planet 38: queue busy, throttled building_robot_factory
[08:02:36] planet 38: queue busy, throttled building_robot_factory
[2026-05-12 08:02:55] ==== loop 160/∞ | seed=964978156982503991 archetype=turtle personality=minero focus=tech actions_per_loop=4 ====
[08:02:55] planet 38: queue busy, throttled building_robot_factory
[08:02:55] planet 38: queue busy, throttled building_robot_factory
[08:02:55] planet 38: queue busy, throttled building_robot_factory
[08:02:55] planet 38: queue busy, throttled building_robot_factory
[08:02:55] research: blocked research_energy_technology (building_laboratory 0/1)
[2026-05-12 08:03:14] ==== loop 161/∞ | seed=964978156982503991 archetype=turtle personality=minero focus=tech actions_per_loop=4 ====
[08:03:14] planet 38: queue busy, throttled building_robot_factory
[08:03:14] planet 38: queue busy, throttled building_robot_factory
[08:03:14] planet 38: queue busy, throttled building_robot_factory
[2026-05-12 08:03:35] ==== loop 162/∞ | seed=964978156982503991 archetype=turtle personality=minero focus=tech actions_per_loop=4 ====
[08:03:35] planet 38: queue busy, throttled building_robot_factory
[08:03:35] planet 38: queue busy, throttled building_robot_factory
[08:03:35] planet 38: queue busy, throttled building_robot_factory
[08:03:35] planet 38: queue busy, throttled building_robot_factory
[2026-05-12 08:03:54] ==== loop 163/∞ | seed=964978156982503991 archetype=turtle personality=minero focus=tech actions_per_loop=4 ====
[08:03:54] planet 38: queue busy, throttled building_robot_factory
[08:03:54] planet 38: queue busy, throttled building_robot_factory
[08:03:54] planet 38: queue busy, throttled building_robot_factory
[08:03:54] planet 38: queue busy, throttled building_robot_factory
[08:03:54] research: blocked research_energy_technology (building_laboratory 0/1)
[2026-05-12 08:04:14] ==== loop 164/∞ | seed=964978156982503991 archetype=turtle personality=minero focus=tech actions_per_loop=4 ====
[08:04:14] planet 38: queue busy, throttled building_robot_factory
[08:04:14] planet 38: queue busy, throttled building_robot_factory
[08:04:14] planet 38: queue busy, throttled building_robot_factory
[08:04:14] planet 38: queue busy, throttled building_robot_factory
[2026-05-12 08:04:32] ==== loop 165/∞ | seed=964978156982503991 archetype=turtle personality=minero focus=tech actions_per_loop=4 ====
[08:04:32] planet 38: queue busy, throttled building_robot_factory
[08:04:32] planet 38: queue busy, throttled building_robot_factory
[08:04:32] planet 38: queue busy, throttled building_robot_factory
[08:04:32] planet 38: queue busy, throttled building_robot_factory
[2026-05-12 08:04:56] ==== loop 166/∞ | seed=964978156982503991 archetype=turtle personality=minero focus=tech actions_per_loop=4 ====
[08:04:56] planet 38: queue busy, throttled building_robot_factory
[08:04:56] planet 38: queue busy, throttled building_robot_factory
[08:04:56] planet 38: queue busy, throttled building_robot_factory
[08:04:56] planet 38: queue busy, throttled building_robot_factory
[08:04:56] research: blocked research_energy_technology (building_laboratory 0/1)
[2026-05-12 08:05:19] ==== loop 167/∞ | seed=964978156982503991 archetype=turtle personality=minero focus=tech actions_per_loop=4 ====
[08:05:19] planet 38: queue busy, throttled building_robot_factory
[08:05:19] planet 38: queue busy, throttled building_robot_factory
[08:05:19] planet 38: queue busy, throttled building_robot_factory
[08:05:19] planet 38: queue busy, throttled building_robot_factory
[2026-05-12 08:05:39] ==== loop 168/∞ | seed=964978156982503991 archetype=turtle personality=minero focus=tech actions_per_loop=4 ====
[08:05:39] planet 38: queue busy, throttled building_robot_factory
[08:05:39] planet 38: queue busy, throttled building_robot_factory
[08:05:39] planet 38: queue busy, throttled building_robot_factory
[08:05:39] research: blocked research_energy_technology (building_laboratory 0/1)
[2026-05-12 08:05:59] ==== loop 169/∞ | seed=964978156982503991 archetype=turtle personality=minero focus=tech actions_per_loop=4 ====
[08:05:59] planet 38: queue busy, throttled building_robot_factory
[08:05:59] planet 38: queue busy, throttled building_robot_factory
[08:05:59] planet 38: queue busy, throttled building_robot_factory
[08:05:59] planet 38: queue busy, throttled building_robot_factory
[08:05:59] research: blocked research_energy_technology (building_laboratory 0/1)
[2026-05-12 08:06:19] ==== loop 170/∞ | seed=964978156982503991 archetype=turtle personality=minero focus=tech actions_per_loop=4 ====
[08:06:19] planet 38: queue busy, throttled building_robot_factory
[08:06:19] planet 38: queue busy, throttled building_robot_factory
[08:06:19] planet 38: queue busy, throttled building_robot_factory
[08:06:19] planet 38: queue busy, throttled building_robot_factory
[2026-05-12 08:06:38] ==== loop 171/∞ | seed=964978156982503991 archetype=turtle personality=minero focus=tech actions_per_loop=4 ====
[08:06:38] planet 38: queue busy, throttled building_robot_factory
[08:06:38] planet 38: queue busy, throttled building_robot_factory
[08:06:38] planet 38: queue busy, throttled building_robot_factory
[2026-05-12 08:07:00] ==== loop 172/∞ | seed=964978156982503991 archetype=turtle personality=minero focus=tech actions_per_loop=4 ====
[08:07:00] planet 38: queue busy, throttled building_robot_factory
[08:07:00] planet 38: queue busy, throttled building_robot_factory
[08:07:00] planet 38: queue busy, throttled building_robot_factory
[08:07:00] planet 38: queue busy, throttled building_robot_factory
[08:07:00] research: blocked research_energy_technology (building_laboratory 0/1)
[2026-05-12 08:07:20] ==== loop 173/∞ | seed=964978156982503991 archetype=turtle personality=minero focus=tech actions_per_loop=4 ====
[08:07:20] planet 38: queue busy, throttled building_robot_factory
[08:07:20] planet 38: queue busy, throttled building_robot_factory
[08:07:20] planet 38: queue busy, throttled building_robot_factory
[08:07:20] planet 38: queue busy, throttled building_robot_factory
[2026-05-12 08:07:42] ==== loop 174/∞ | seed=964978156982503991 archetype=turtle personality=minero focus=tech actions_per_loop=4 ====
[08:07:42] planet 38: queue busy, throttled building_robot_factory
[08:07:42] planet 38: queue busy, throttled building_robot_factory
[08:07:42] planet 38: queue busy, throttled building_robot_factory
[08:07:42] planet 38: queue busy, throttled building_robot_factory
[2026-05-12 08:08:02] ==== loop 175/∞ | seed=964978156982503991 archetype=turtle personality=minero focus=tech actions_per_loop=4 ====
[08:08:02] planet 38: queue busy, throttled building_robot_factory
[08:08:02] planet 38: queue busy, throttled building_robot_factory
[08:08:02] planet 38: queue busy, throttled building_robot_factory
[08:08:02] planet 38: queue busy, throttled building_robot_factory
[08:08:02] research: blocked research_energy_technology (building_laboratory 0/1)
[2026-05-12 08:08:24] ==== loop 176/∞ | seed=964978156982503991 archetype=turtle personality=minero focus=tech actions_per_loop=4 ====
[08:08:24] planet 38: queue busy, throttled building_robot_factory
[08:08:24] planet 38: queue busy, throttled building_robot_factory
[08:08:24] planet 38: queue busy, throttled building_robot_factory
[2026-05-12 08:08:46] ==== loop 177/∞ | seed=964978156982503991 archetype=turtle personality=minero focus=tech actions_per_loop=4 ====
[08:08:46] planet 38: queue busy, throttled building_robot_factory
[08:08:46] planet 38: queue busy, throttled building_robot_factory
[08:08:46] planet 38: queue busy, throttled building_robot_factory
[08:08:46] planet 38: queue busy, throttled building_robot_factory
[2026-05-12 08:09:09] ==== loop 178/∞ | seed=964978156982503991 archetype=turtle personality=minero focus=tech actions_per_loop=4 ====
[08:09:09] planet 38: queue busy, throttled building_robot_factory
[08:09:09] planet 38: queue busy, throttled building_robot_factory
[08:09:09] planet 38: queue busy, throttled building_robot_factory
[08:09:09] planet 38: queue busy, throttled building_robot_factory
[08:09:09] research: blocked research_energy_technology (building_laboratory 0/1)
[2026-05-12 08:09:31] ==== loop 179/∞ | seed=964978156982503991 archetype=turtle personality=minero focus=tech actions_per_loop=4 ====
[08:09:31] planet 38: queue busy, throttled building_robot_factory
[08:09:31] planet 38: queue busy, throttled building_robot_factory
[08:09:31] planet 38: queue busy, throttled building_robot_factory
[08:09:31] planet 38: queue busy, throttled building_robot_factory
[2026-05-12 08:09:50] ==== loop 180/∞ | seed=964978156982503991 archetype=turtle personality=minero focus=tech actions_per_loop=4 ====
[08:09:50] planet 38: queue busy, throttled building_robot_factory
[08:09:50] planet 38: queue busy, throttled building_robot_factory
[08:09:50] planet 38: queue busy, throttled building_robot_factory
[08:09:50] planet 38: queue busy, throttled building_robot_factory
[08:09:50] research: blocked research_energy_technology (building_laboratory 0/1)
[2026-05-12 08:10:13] ==== loop 181/∞ | seed=964978156982503991 archetype=turtle personality=minero focus=tech actions_per_loop=4 ====
[08:10:13] planet 38: queue busy, throttled building_robot_factory
[08:10:13] planet 38: queue busy, throttled building_robot_factory
[08:10:13] planet 38: queue busy, throttled building_robot_factory
[08:10:13] planet 38: queue busy, throttled building_robot_factory
[2026-05-12 08:10:36] ==== loop 182/∞ | seed=964978156982503991 archetype=turtle personality=minero focus=tech actions_per_loop=4 ====
[08:10:36] planet 38: queue busy, throttled building_robot_factory
[08:10:36] planet 38: queue busy, throttled building_robot_factory
[08:10:36] planet 38: queue busy, throttled building_robot_factory
[08:10:36] planet 38: queue busy, throttled building_robot_factory
[08:10:36] research: blocked research_energy_technology (building_laboratory 0/1)
[2026-05-12 08:10:59] ==== loop 183/∞ | seed=964978156982503991 archetype=turtle personality=minero focus=tech actions_per_loop=4 ====
[08:10:59] planet 38: queue busy, throttled building_robot_factory
[08:10:59] planet 38: queue busy, throttled building_robot_factory
[08:10:59] planet 38: queue busy, throttled building_robot_factory
[08:10:59] planet 38: queue busy, throttled building_robot_factory
[2026-05-12 08:11:22] ==== loop 184/∞ | seed=964978156982503991 archetype=turtle personality=minero focus=tech actions_per_loop=4 ====
[08:11:23] planet 38: queue busy, throttled building_robot_factory
[08:11:23] planet 38: queue busy, throttled building_robot_factory
[08:11:23] planet 38: queue busy, throttled building_robot_factory
[2026-05-12 08:11:43] ==== loop 185/∞ | seed=964978156982503991 archetype=turtle personality=minero focus=tech actions_per_loop=4 ====
[08:11:43] planet 38: queue busy, throttled building_robot_factory
[08:11:43] planet 38: queue busy, throttled building_robot_factory
[08:11:43] planet 38: queue busy, throttled building_robot_factory
[2026-05-12 08:12:02] ==== loop 186/∞ | seed=964978156982503991 archetype=turtle personality=minero focus=tech actions_per_loop=4 ====
[08:12:02] planet 38: queue busy, throttled building_robot_factory
[08:12:02] planet 38: queue busy, throttled building_robot_factory
[08:12:02] planet 38: queue busy, throttled building_robot_factory
[08:12:02] research: blocked research_energy_technology (building_laboratory 0/1)
[2026-05-12 08:12:25] ==== loop 187/∞ | seed=964978156982503991 archetype=turtle personality=minero focus=tech actions_per_loop=4 ====
[08:12:25] planet 38: queue busy, throttled building_robot_factory
[08:12:25] planet 38: queue busy, throttled building_robot_factory
[08:12:25] planet 38: queue busy, throttled building_robot_factory
[08:12:25] planet 38: queue busy, throttled building_robot_factory
[08:12:25] research: blocked research_energy_technology (building_laboratory 0/1)
[2026-05-12 08:12:47] ==== loop 188/∞ | seed=964978156982503991 archetype=turtle personality=minero focus=tech actions_per_loop=4 ====
[08:12:47] planet 38: queue busy, throttled building_robot_factory
[08:12:47] planet 38: queue busy, throttled building_robot_factory
[08:12:47] planet 38: queue busy, throttled building_robot_factory
[08:12:47] planet 38: queue busy, throttled building_robot_factory
[08:12:47] research: blocked research_energy_technology (building_laboratory 0/1)
[2026-05-12 08:13:09] ==== loop 189/∞ | seed=964978156982503991 archetype=turtle personality=minero focus=tech actions_per_loop=4 ====
[08:13:09] planet 38: queue busy, throttled building_robot_factory
[08:13:09] planet 38: queue busy, throttled building_robot_factory
[08:13:09] planet 38: queue busy, throttled building_robot_factory
[08:13:09] planet 38: queue busy, throttled building_robot_factory
[08:13:09] research: blocked research_energy_technology (building_laboratory 0/1)
[2026-05-12 08:13:32] ==== loop 190/∞ | seed=964978156982503991 archetype=turtle personality=minero focus=tech actions_per_loop=4 ====
[08:13:32] planet 38: queue busy, throttled building_robot_factory
[08:13:32] planet 38: queue busy, throttled building_robot_factory
[08:13:32] planet 38: queue busy, throttled building_robot_factory
[08:13:32] planet 38: queue busy, throttled building_robot_factory
[2026-05-12 08:13:54] ==== loop 191/∞ | seed=964978156982503991 archetype=turtle personality=minero focus=tech actions_per_loop=4 ====
[08:13:55] planet 38: queue busy, throttled building_robot_factory
[08:13:55] planet 38: queue busy, throttled building_robot_factory
[08:13:55] planet 38: queue busy, throttled building_robot_factory
[08:13:55] research: blocked research_energy_technology (building_laboratory 0/1)
[2026-05-12 08:14:18] ==== loop 192/∞ | seed=964978156982503991 archetype=turtle personality=minero focus=tech actions_per_loop=4 ====
[08:14:18] planet 38: queue busy, throttled building_robot_factory
[08:14:18] planet 38: queue busy, throttled building_robot_factory
[08:14:18] planet 38: queue busy, throttled building_robot_factory
[08:14:18] planet 38: queue busy, throttled building_robot_factory
[08:14:18] research: blocked research_energy_technology (building_laboratory 0/1)
[2026-05-12 08:14:38] ==== loop 193/∞ | seed=964978156982503991 archetype=turtle personality=minero focus=tech actions_per_loop=4 ====
[08:14:38] planet 38: queue busy, throttled building_robot_factory
[08:14:38] planet 38: queue busy, throttled building_robot_factory
[08:14:38] planet 38: queue busy, throttled building_robot_factory
[08:14:38] planet 38: queue busy, throttled building_robot_factory
[08:14:38] research: blocked research_energy_technology (building_laboratory 0/1)
[2026-05-12 08:15:00] ==== loop 194/∞ | seed=964978156982503991 archetype=turtle personality=minero focus=tech actions_per_loop=4 ====
[08:15:00] planet 38: queue busy, throttled building_robot_factory
[08:15:00] planet 38: queue busy, throttled building_robot_factory
[08:15:00] planet 38: queue busy, throttled building_robot_factory
[08:15:00] planet 38: queue busy, throttled building_robot_factory
[08:15:00] research: blocked research_energy_technology (building_laboratory 0/1)
[2026-05-12 08:15:24] ==== loop 195/∞ | seed=964978156982503991 archetype=turtle personality=minero focus=tech actions_per_loop=4 ====
[08:15:24] planet 38: queue busy, throttled building_robot_factory
[08:15:24] planet 38: queue busy, throttled building_robot_factory
[08:15:24] planet 38: queue busy, throttled building_robot_factory
[08:15:24] planet 38: queue busy, throttled building_robot_factory
[08:15:24] research: blocked research_energy_technology (building_laboratory 0/1)
[2026-05-12 08:15:46] ==== loop 196/∞ | seed=964978156982503991 archetype=turtle personality=minero focus=tech actions_per_loop=4 ====
[08:15:46] planet 38: queue busy, throttled building_robot_factory
[08:15:46] planet 38: queue busy, throttled building_robot_factory
[08:15:46] planet 38: queue busy, throttled building_robot_factory
[08:15:46] research: blocked research_energy_technology (building_laboratory 0/1)
[2026-05-12 08:16:10] ==== loop 197/∞ | seed=964978156982503991 archetype=turtle personality=minero focus=tech actions_per_loop=4 ====
[08:16:10] planet 38: queue busy, throttled building_robot_factory
[08:16:10] planet 38: queue busy, throttled building_robot_factory
[08:16:10] planet 38: queue busy, throttled building_robot_factory
[08:16:10] planet 38: queue busy, throttled building_robot_factory
[2026-05-12 08:16:32] ==== loop 198/∞ | seed=964978156982503991 archetype=turtle personality=minero focus=tech actions_per_loop=4 ====
[08:16:32] planet 38: queue busy, throttled building_robot_factory
[08:16:32] planet 38: queue busy, throttled building_robot_factory
[08:16:32] planet 38: queue busy, throttled building_robot_factory
[2026-05-12 08:16:53] ==== loop 199/∞ | seed=964978156982503991 archetype=turtle personality=minero focus=tech actions_per_loop=4 ====
[08:16:53] planet 38: queue busy, throttled building_robot_factory
[08:16:53] planet 38: queue busy, throttled building_robot_factory
[08:16:53] planet 38: queue busy, throttled building_robot_factory
[08:16:53] planet 38: queue busy, throttled building_robot_factory
[2026-05-12 08:17:15] ==== loop 200/∞ | seed=964978156982503991 archetype=turtle personality=minero focus=tech actions_per_loop=4 ====
[08:17:15] planet 38: queue busy, throttled building_robot_factory
[08:17:15] planet 38: queue busy, throttled building_robot_factory
[08:17:15] planet 38: queue busy, throttled building_robot_factory
[2026-05-12 08:17:38] ==== loop 201/∞ | seed=964978156982503991 archetype=turtle personality=minero focus=tech actions_per_loop=4 ====
[08:17:38] planet 38: queue busy, throttled building_robot_factory
[08:17:38] planet 38: queue busy, throttled building_robot_factory
[08:17:38] planet 38: queue busy, throttled building_robot_factory
[08:17:38] planet 38: queue busy, throttled building_robot_factory
[08:17:38] research: blocked research_energy_technology (building_laboratory 0/1)
[2026-05-12 08:17:58] ==== loop 202/∞ | seed=964978156982503991 archetype=turtle personality=minero focus=tech actions_per_loop=4 ====
[08:17:58] planet 38: queue busy, throttled building_robot_factory
[08:17:58] planet 38: queue busy, throttled building_robot_factory
[08:17:58] planet 38: queue busy, throttled building_robot_factory
[08:17:58] planet 38: queue busy, throttled building_robot_factory
[2026-05-12 08:18:23] ==== loop 203/∞ | seed=964978156982503991 archetype=turtle personality=minero focus=tech actions_per_loop=4 ====
[08:18:23] planet 38: queue busy, throttled building_robot_factory
[08:18:23] planet 38: queue busy, throttled building_robot_factory
[08:18:23] planet 38: queue busy, throttled building_robot_factory
[08:18:23] planet 38: queue busy, throttled building_robot_factory
[2026-05-12 08:18:45] ==== loop 204/∞ | seed=964978156982503991 archetype=turtle personality=minero focus=tech actions_per_loop=4 ====
[08:18:45] planet 38: queue busy, throttled building_robot_factory
[08:18:45] planet 38: queue busy, throttled building_robot_factory
[08:18:45] planet 38: queue busy, throttled building_robot_factory
[08:18:45] research: blocked research_energy_technology (building_laboratory 0/1)
[2026-05-12 08:19:09] ==== loop 205/∞ | seed=964978156982503991 archetype=turtle personality=minero focus=tech actions_per_loop=4 ====
[08:19:09] planet 38: queue busy, throttled building_robot_factory
[08:19:09] planet 38: queue busy, throttled building_robot_factory
[08:19:09] planet 38: queue busy, throttled building_robot_factory
[08:19:09] planet 38: queue busy, throttled building_robot_factory
[2026-05-12 08:19:29] ==== loop 206/∞ | seed=964978156982503991 archetype=turtle personality=minero focus=tech actions_per_loop=4 ====
[08:19:29] planet 38: queue busy, throttled building_robot_factory
[08:19:29] planet 38: queue busy, throttled building_robot_factory
[08:19:29] planet 38: queue busy, throttled building_robot_factory
[08:19:29] planet 38: queue busy, throttled building_robot_factory
[2026-05-12 08:19:47] ==== loop 207/∞ | seed=964978156982503991 archetype=turtle personality=minero focus=tech actions_per_loop=4 ====
[08:19:47] planet 38: queue busy, throttled building_robot_factory
[08:19:47] planet 38: queue busy, throttled building_robot_factory
[08:19:47] planet 38: queue busy, throttled building_robot_factory
[08:19:47] planet 38: queue busy, throttled building_robot_factory
[08:19:47] research: blocked research_energy_technology (building_laboratory 0/1)
[2026-05-12 08:20:09] ==== loop 208/∞ | seed=964978156982503991 archetype=turtle personality=minero focus=tech actions_per_loop=4 ====
[08:20:09] planet 38: queue busy, throttled building_robot_factory
[08:20:09] planet 38: queue busy, throttled building_robot_factory
[08:20:09] planet 38: queue busy, throttled building_robot_factory
[08:20:09] planet 38: queue busy, throttled building_robot_factory
[08:20:09] research: blocked research_energy_technology (building_laboratory 0/1)
[2026-05-12 08:20:32] ==== loop 209/∞ | seed=964978156982503991 archetype=turtle personality=minero focus=tech actions_per_loop=4 ====
[08:20:32] planet 38: queue busy, throttled building_robot_factory
[08:20:32] planet 38: queue busy, throttled building_robot_factory
[08:20:32] planet 38: queue busy, throttled building_robot_factory
[08:20:32] planet 38: queue busy, throttled building_robot_factory
[2026-05-12 08:20:54] ==== loop 210/∞ | seed=964978156982503991 archetype=turtle personality=minero focus=tech actions_per_loop=4 ====
[08:20:54] planet 38: queue busy, throttled building_robot_factory
[08:20:54] planet 38: queue busy, throttled building_robot_factory
[08:20:54] planet 38: queue busy, throttled building_robot_factory
[08:20:54] planet 38: queue busy, throttled building_robot_factory
[2026-05-12 08:21:18] ==== loop 211/∞ | seed=964978156982503991 archetype=turtle personality=minero focus=tech actions_per_loop=4 ====
[08:21:18] planet 38: queue busy, throttled building_robot_factory
[08:21:18] planet 38: queue busy, throttled building_robot_factory
[08:21:18] planet 38: queue busy, throttled building_robot_factory
[08:21:18] planet 38: queue busy, throttled building_robot_factory
[2026-05-12 08:21:39] ==== loop 212/∞ | seed=964978156982503991 archetype=turtle personality=minero focus=tech actions_per_loop=4 ====
[08:21:39] planet 38: queue busy, throttled building_robot_factory
[08:21:39] planet 38: queue busy, throttled building_robot_factory
[08:21:39] planet 38: queue busy, throttled building_robot_factory
[08:21:39] planet 38: queue busy, throttled building_robot_factory
[08:21:39] research: blocked research_energy_technology (building_laboratory 0/1)
[2026-05-12 08:22:01] ==== loop 213/∞ | seed=964978156982503991 archetype=turtle personality=minero focus=tech actions_per_loop=4 ====
[08:22:01] planet 38: queue busy, throttled building_robot_factory
[08:22:01] planet 38: queue busy, throttled building_robot_factory
[08:22:01] planet 38: queue busy, throttled building_robot_factory
[08:22:01] planet 38: queue busy, throttled building_robot_factory
[2026-05-12 08:22:21] ==== loop 214/∞ | seed=964978156982503991 archetype=turtle personality=minero focus=tech actions_per_loop=4 ====
[08:22:21] planet 38: queue busy, throttled building_robot_factory
[08:22:21] planet 38: queue busy, throttled building_robot_factory
[08:22:21] planet 38: queue busy, throttled building_robot_factory
[08:22:21] planet 38: queue busy, throttled building_robot_factory
[08:22:21] research: blocked research_energy_technology (building_laboratory 0/1)
[2026-05-12 08:22:42] ==== loop 215/∞ | seed=964978156982503991 archetype=turtle personality=minero focus=tech actions_per_loop=4 ====
[08:22:42] planet 38: queue busy, throttled building_robot_factory
[08:22:42] planet 38: queue busy, throttled building_robot_factory
[08:22:42] planet 38: queue busy, throttled building_robot_factory
[08:22:42] planet 38: queue busy, throttled building_robot_factory
[08:22:42] research: blocked research_energy_technology (building_laboratory 0/1)
[2026-05-12 08:23:04] ==== loop 216/∞ | seed=964978156982503991 archetype=turtle personality=minero focus=tech actions_per_loop=4 ====
[08:23:04] planet 38: queue busy, throttled building_robot_factory
[08:23:04] planet 38: queue busy, throttled building_robot_factory
[08:23:04] planet 38: queue busy, throttled building_robot_factory
[08:23:04] planet 38: queue busy, throttled building_robot_factory
[08:23:04] research: blocked research_energy_technology (building_laboratory 0/1)
[2026-05-12 08:23:28] ==== loop 217/∞ | seed=964978156982503991 archetype=turtle personality=minero focus=tech actions_per_loop=4 ====
[08:23:28] planet 38: queue busy, throttled building_robot_factory
[08:23:28] planet 38: queue busy, throttled building_robot_factory
[08:23:28] planet 38: queue busy, throttled building_robot_factory
[08:23:28] planet 38: queue busy, throttled building_robot_factory
[08:23:28] research: blocked research_energy_technology (building_laboratory 0/1)
[2026-05-12 08:23:53] ==== loop 218/∞ | seed=964978156982503991 archetype=turtle personality=minero focus=tech actions_per_loop=4 ====
[08:23:53] planet 38: queue busy, throttled building_robot_factory
[08:23:53] planet 38: queue busy, throttled building_robot_factory
[08:23:53] planet 38: queue busy, throttled building_robot_factory
[08:23:53] research: blocked research_energy_technology (building_laboratory 0/1)
[2026-05-12 08:24:18] ==== loop 219/∞ | seed=964978156982503991 archetype=turtle personality=minero focus=tech actions_per_loop=4 ====
[08:24:18] planet 38: queued building_metal_mine to 31
[08:24:18] research: blocked research_energy_technology (building_laboratory 0/1)
[2026-05-12 08:24:44] ==== loop 220/∞ | seed=964978156982503991 archetype=turtle personality=minero focus=tech actions_per_loop=4 ====
[08:24:44] planet 38: queue busy, throttled building_robot_factory
[08:24:44] planet 38: queue busy, throttled building_robot_factory
[08:24:44] planet 38: queue busy, throttled building_robot_factory
[08:24:44] planet 38: queue busy, throttled building_robot_factory
[08:24:44] research: blocked research_energy_technology (building_laboratory 0/1)
[2026-05-12 08:25:09] ==== loop 221/∞ | seed=964978156982503991 archetype=turtle personality=minero focus=tech actions_per_loop=4 ====
[08:25:09] planet 38: queue busy, throttled building_robot_factory
[08:25:09] planet 38: queue busy, throttled building_robot_factory
[08:25:09] planet 38: queue busy, throttled building_robot_factory
[08:25:09] planet 38: queue busy, throttled building_robot_factory
[2026-05-12 08:25:33] ==== loop 222/∞ | seed=964978156982503991 archetype=turtle personality=minero focus=tech actions_per_loop=4 ====
[08:25:33] planet 38: queue busy, throttled building_robot_factory
[08:25:33] planet 38: queue busy, throttled building_robot_factory
[08:25:33] planet 38: queue busy, throttled building_robot_factory
[08:25:33] planet 38: queue busy, throttled building_robot_factory
[08:25:33] research: blocked research_energy_technology (building_laboratory 0/1)
[2026-05-12 08:26:00] ==== loop 223/∞ | seed=964978156982503991 archetype=turtle personality=minero focus=tech actions_per_loop=4 ====
[08:26:00] planet 38: queue busy, throttled building_robot_factory
[08:26:00] planet 38: queue busy, throttled building_robot_factory
[08:26:00] planet 38: queue busy, throttled building_robot_factory
[08:26:00] planet 38: queue busy, throttled building_robot_factory
[2026-05-12 08:26:26] ==== loop 224/∞ | seed=964978156982503991 archetype=turtle personality=minero focus=tech actions_per_loop=4 ====
[08:26:26] planet 38: queue busy, throttled building_robot_factory
[08:26:26] planet 38: queue busy, throttled building_robot_factory
[08:26:26] planet 38: queue busy, throttled building_robot_factory
[08:26:26] planet 38: queue busy, throttled building_robot_factory
[2026-05-12 08:26:51] ==== loop 225/∞ | seed=964978156982503991 archetype=turtle personality=minero focus=tech actions_per_loop=4 ====
[08:26:51] planet 38: queue busy, throttled building_robot_factory
[08:26:51] planet 38: queue busy, throttled building_robot_factory
[08:26:51] planet 38: queue busy, throttled building_robot_factory
[08:26:51] planet 38: queue busy, throttled building_robot_factory
[2026-05-12 08:27:18] ==== loop 226/∞ | seed=964978156982503991 archetype=turtle personality=minero focus=tech actions_per_loop=4 ====
[08:27:18] planet 38: queue busy, throttled building_robot_factory
[08:27:18] planet 38: queue busy, throttled building_robot_factory
[08:27:18] planet 38: queue busy, throttled building_robot_factory
[08:27:18] planet 38: queue busy, throttled building_robot_factory
[2026-05-12 08:27:45] ==== loop 227/∞ | seed=964978156982503991 archetype=turtle personality=minero focus=tech actions_per_loop=4 ====
[08:27:45] planet 38: queue busy, throttled building_robot_factory
[08:27:45] planet 38: queue busy, throttled building_robot_factory
[08:27:45] planet 38: queue busy, throttled building_robot_factory
[08:27:45] planet 38: queue busy, throttled building_robot_factory
[2026-05-12 08:28:13] ==== loop 228/∞ | seed=964978156982503991 archetype=turtle personality=minero focus=tech actions_per_loop=4 ====
[08:28:13] planet 38: queue busy, throttled building_robot_factory
[08:28:13] planet 38: queue busy, throttled building_robot_factory
[08:28:13] planet 38: queue busy, throttled building_robot_factory
[08:28:13] planet 38: queue busy, throttled building_robot_factory
[08:28:13] research: blocked research_energy_technology (building_laboratory 0/1)
[2026-05-12 08:28:38] ==== loop 229/∞ | seed=964978156982503991 archetype=turtle personality=minero focus=tech actions_per_loop=4 ====
[08:28:38] planet 38: queue busy, throttled building_robot_factory
[08:28:38] planet 38: queue busy, throttled building_robot_factory
[08:28:38] planet 38: queue busy, throttled building_robot_factory
[08:28:38] planet 38: queue busy, throttled building_robot_factory
[2026-05-12 08:29:02] ==== loop 230/∞ | seed=964978156982503991 archetype=turtle personality=minero focus=tech actions_per_loop=4 ====
[08:29:02] planet 38: queue busy, throttled building_robot_factory
[08:29:02] planet 38: queue busy, throttled building_robot_factory
[08:29:02] planet 38: queue busy, throttled building_robot_factory
[08:29:02] planet 38: queue busy, throttled building_robot_factory
[2026-05-12 08:29:27] ==== loop 231/∞ | seed=964978156982503991 archetype=turtle personality=minero focus=tech actions_per_loop=4 ====
[08:29:27] planet 38: queue busy, throttled building_robot_factory
[08:29:27] planet 38: queue busy, throttled building_robot_factory
[08:29:27] planet 38: queue busy, throttled building_robot_factory
[08:29:27] planet 38: queue busy, throttled building_robot_factory
[08:29:27] research: blocked research_energy_technology (building_laboratory 0/1)
[2026-05-12 08:29:53] ==== loop 232/∞ | seed=964978156982503991 archetype=turtle personality=minero focus=tech actions_per_loop=4 ====
[08:29:53] planet 38: queue busy, throttled building_robot_factory
[08:29:53] planet 38: queue busy, throttled building_robot_factory
[08:29:53] planet 38: queue busy, throttled building_robot_factory
[2026-05-12 08:30:20] ==== loop 233/∞ | seed=964978156982503991 archetype=turtle personality=minero focus=tech actions_per_loop=4 ====
[08:30:20] planet 38: queue busy, throttled building_robot_factory
[08:30:20] planet 38: queue busy, throttled building_robot_factory
[08:30:20] planet 38: queue busy, throttled building_robot_factory
[08:30:20] planet 38: queue busy, throttled building_robot_factory
[2026-05-12 08:30:45] ==== loop 234/∞ | seed=964978156982503991 archetype=turtle personality=minero focus=tech actions_per_loop=4 ====
[08:30:45] planet 38: queue busy, throttled building_robot_factory
[08:30:45] planet 38: queue busy, throttled building_robot_factory
[08:30:45] planet 38: queue busy, throttled building_robot_factory
[08:30:45] planet 38: queue busy, throttled building_robot_factory
[2026-05-12 08:31:10] ==== loop 235/∞ | seed=964978156982503991 archetype=turtle personality=minero focus=tech actions_per_loop=4 ====
[08:31:10] planet 38: queue busy, throttled building_robot_factory
[08:31:10] planet 38: queue busy, throttled building_robot_factory
[08:31:10] planet 38: queue busy, throttled building_robot_factory
[08:31:10] planet 38: queue busy, throttled building_robot_factory
[08:31:10] research: blocked research_energy_technology (building_laboratory 0/1)
[2026-05-12 08:31:32] ==== loop 236/∞ | seed=964978156982503991 archetype=turtle personality=minero focus=tech actions_per_loop=4 ====
[08:31:32] planet 38: queue busy, throttled building_robot_factory
[08:31:32] planet 38: queue busy, throttled building_robot_factory
[08:31:32] planet 38: queue busy, throttled building_robot_factory
[08:31:32] planet 38: queue busy, throttled building_robot_factory
[08:31:32] research: blocked research_energy_technology (building_laboratory 0/1)
[2026-05-12 08:31:53] ==== loop 237/∞ | seed=964978156982503991 archetype=turtle personality=minero focus=tech actions_per_loop=4 ====
[08:31:53] planet 38: queue busy, throttled building_robot_factory
[08:31:53] planet 38: queue busy, throttled building_robot_factory
[08:31:53] planet 38: queue busy, throttled building_robot_factory
[08:31:53] planet 38: queue busy, throttled building_robot_factory
[2026-05-12 08:32:16] ==== loop 238/∞ | seed=964978156982503991 archetype=turtle personality=minero focus=tech actions_per_loop=4 ====
[08:32:16] planet 38: queue busy, throttled building_robot_factory
[08:32:16] planet 38: queue busy, throttled building_robot_factory
[08:32:16] planet 38: queue busy, throttled building_robot_factory
[2026-05-12 08:32:39] ==== loop 239/∞ | seed=964978156982503991 archetype=turtle personality=minero focus=tech actions_per_loop=4 ====
[08:32:39] planet 38: queue busy, throttled building_robot_factory
[08:32:39] planet 38: queue busy, throttled building_robot_factory
[08:32:39] planet 38: queue busy, throttled building_robot_factory
[08:32:39] planet 38: queue busy, throttled building_robot_factory
[2026-05-12 08:33:03] ==== loop 240/∞ | seed=964978156982503991 archetype=turtle personality=minero focus=tech actions_per_loop=4 ====
[08:33:03] planet 38: queue busy, throttled building_robot_factory
[08:33:03] planet 38: queue busy, throttled building_robot_factory
[08:33:03] planet 38: queue busy, throttled building_robot_factory
[2026-05-12 08:33:26] ==== loop 241/∞ | seed=964978156982503991 archetype=turtle personality=minero focus=tech actions_per_loop=4 ====
[08:33:26] planet 38: queue busy, throttled building_robot_factory
[08:33:26] planet 38: queue busy, throttled building_robot_factory
[08:33:26] planet 38: queue busy, throttled building_robot_factory
[2026-05-12 08:33:44] ==== loop 242/∞ | seed=964978156982503991 archetype=turtle personality=minero focus=tech actions_per_loop=4 ====
[08:33:44] planet 38: queue busy, throttled building_robot_factory
[08:33:44] planet 38: queue busy, throttled building_robot_factory
[08:33:44] planet 38: queue busy, throttled building_robot_factory
[08:33:44] planet 38: queue busy, throttled building_robot_factory
[2026-05-12 08:34:08] ==== loop 243/∞ | seed=964978156982503991 archetype=turtle personality=minero focus=tech actions_per_loop=4 ====
[08:34:08] planet 38: queue busy, throttled building_robot_factory
[08:34:08] planet 38: queue busy, throttled building_robot_factory
[08:34:08] planet 38: queue busy, throttled building_robot_factory
[08:34:08] planet 38: queue busy, throttled building_robot_factory
[08:34:08] research: blocked research_energy_technology (building_laboratory 0/1)
[2026-05-12 08:34:28] ==== loop 244/∞ | seed=964978156982503991 archetype=turtle personality=minero focus=tech actions_per_loop=4 ====
[08:34:28] planet 38: queue busy, throttled building_robot_factory
[08:34:28] planet 38: queue busy, throttled building_robot_factory
[08:34:28] planet 38: queue busy, throttled building_robot_factory
[08:34:28] planet 38: queue busy, throttled building_robot_factory
[2026-05-12 08:34:50] ==== loop 245/∞ | seed=964978156982503991 archetype=turtle personality=minero focus=tech actions_per_loop=4 ====
[08:34:50] planet 38: queue busy, throttled building_robot_factory
[08:34:50] planet 38: queue busy, throttled building_robot_factory
[08:34:50] planet 38: queue busy, throttled building_robot_factory
[2026-05-12 08:35:13] ==== loop 246/∞ | seed=964978156982503991 archetype=turtle personality=minero focus=tech actions_per_loop=4 ====
[08:35:13] planet 38: queue busy, throttled building_robot_factory
[08:35:13] planet 38: queue busy, throttled building_robot_factory
[08:35:13] planet 38: queue busy, throttled building_robot_factory
[08:35:13] planet 38: queue busy, throttled building_robot_factory
[2026-05-12 08:35:35] ==== loop 247/∞ | seed=964978156982503991 archetype=turtle personality=minero focus=tech actions_per_loop=4 ====
[08:35:35] planet 38: queue busy, throttled building_robot_factory
[08:35:35] planet 38: queue busy, throttled building_robot_factory
[08:35:35] planet 38: queue busy, throttled building_robot_factory
[08:35:35] research: blocked research_energy_technology (building_laboratory 0/1)
[2026-05-12 08:35:55] ==== loop 248/∞ | seed=964978156982503991 archetype=turtle personality=minero focus=tech actions_per_loop=4 ====
[08:35:55] planet 38: queue busy, throttled building_robot_factory
[08:35:55] planet 38: queue busy, throttled building_robot_factory
[08:35:55] planet 38: queue busy, throttled building_robot_factory
[08:35:55] planet 38: queue busy, throttled building_robot_factory
[08:35:55] research: blocked research_energy_technology (building_laboratory 0/1)
[2026-05-12 08:36:18] ==== loop 249/∞ | seed=964978156982503991 archetype=turtle personality=minero focus=tech actions_per_loop=4 ====
[08:36:18] planet 38: queue busy, throttled building_robot_factory
[08:36:18] planet 38: queue busy, throttled building_robot_factory
[08:36:18] planet 38: queue busy, throttled building_robot_factory
[2026-05-12 08:36:40] ==== loop 250/∞ | seed=964978156982503991 archetype=turtle personality=minero focus=tech actions_per_loop=4 ====
[08:36:40] planet 38: queue busy, throttled building_robot_factory
[08:36:40] planet 38: queue busy, throttled building_robot_factory
[08:36:40] planet 38: queue busy, throttled building_robot_factory
[08:36:40] planet 38: queue busy, throttled building_robot_factory
[2026-05-12 08:37:05] ==== loop 251/∞ | seed=964978156982503991 archetype=turtle personality=minero focus=tech actions_per_loop=4 ====
[08:37:05] planet 38: queue busy, throttled building_robot_factory
[08:37:05] planet 38: queue busy, throttled building_robot_factory
[08:37:05] planet 38: queue busy, throttled building_robot_factory
[08:37:05] research: blocked research_energy_technology (building_laboratory 0/1)
[2026-05-12 08:37:27] ==== loop 252/∞ | seed=964978156982503991 archetype=turtle personality=minero focus=tech actions_per_loop=4 ====
[08:37:27] planet 38: queue busy, throttled building_robot_factory
[08:37:27] planet 38: queue busy, throttled building_robot_factory
[08:37:27] planet 38: queue busy, throttled building_robot_factory
[08:37:27] planet 38: queue busy, throttled building_robot_factory
[08:37:27] research: blocked research_energy_technology (building_laboratory 0/1)
[2026-05-12 08:37:51] ==== loop 253/∞ | seed=964978156982503991 archetype=turtle personality=minero focus=tech actions_per_loop=4 ====
[08:37:51] planet 38: queue busy, throttled building_robot_factory
[08:37:51] planet 38: queue busy, throttled building_robot_factory
[08:37:51] planet 38: queue busy, throttled building_robot_factory
[08:37:51] planet 38: queue busy, throttled building_robot_factory
[2026-05-12 08:38:13] ==== loop 254/∞ | seed=964978156982503991 archetype=turtle personality=minero focus=tech actions_per_loop=4 ====
[08:38:13] planet 38: queue busy, throttled building_robot_factory
[08:38:13] planet 38: queue busy, throttled building_robot_factory
[08:38:13] planet 38: queue busy, throttled building_robot_factory
[08:38:13] planet 38: queue busy, throttled building_robot_factory
[2026-05-12 08:38:35] ==== loop 255/∞ | seed=964978156982503991 archetype=turtle personality=minero focus=tech actions_per_loop=4 ====
[08:38:35] planet 38: queue busy, throttled building_robot_factory
[08:38:35] planet 38: queue busy, throttled building_robot_factory
[08:38:35] planet 38: queue busy, throttled building_robot_factory
[08:38:35] planet 38: queue busy, throttled building_robot_factory
[08:38:35] research: blocked research_energy_technology (building_laboratory 0/1)
[2026-05-12 08:39:00] ==== loop 256/∞ | seed=964978156982503991 archetype=turtle personality=minero focus=tech actions_per_loop=4 ====
[08:39:00] planet 38: queue busy, throttled building_robot_factory
[08:39:00] planet 38: queue busy, throttled building_robot_factory
[08:39:00] planet 38: queue busy, throttled building_robot_factory
[08:39:00] planet 38: queue busy, throttled building_robot_factory
[2026-05-12 08:39:22] ==== loop 257/∞ | seed=964978156982503991 archetype=turtle personality=minero focus=tech actions_per_loop=4 ====
[08:39:22] planet 38: queue busy, throttled building_robot_factory
[08:39:22] planet 38: queue busy, throttled building_robot_factory
[08:39:22] planet 38: queue busy, throttled building_robot_factory
[08:39:22] research: blocked research_energy_technology (building_laboratory 0/1)
[2026-05-12 08:39:43] ==== loop 258/∞ | seed=964978156982503991 archetype=turtle personality=minero focus=tech actions_per_loop=4 ====
[08:39:43] planet 38: queue busy, throttled building_robot_factory
[08:39:43] planet 38: queue busy, throttled building_robot_factory
[08:39:43] planet 38: queue busy, throttled building_robot_factory
[08:39:43] planet 38: queue busy, throttled building_robot_factory
[08:39:43] research: blocked research_energy_technology (building_laboratory 0/1)
[2026-05-12 08:40:03] ==== loop 259/∞ | seed=964978156982503991 archetype=turtle personality=minero focus=tech actions_per_loop=4 ====
[08:40:03] planet 38: queue busy, throttled building_robot_factory
[08:40:03] planet 38: queue busy, throttled building_robot_factory
[08:40:03] planet 38: queue busy, throttled building_robot_factory
[2026-05-12 08:40:24] ==== loop 260/∞ | seed=964978156982503991 archetype=turtle personality=minero focus=tech actions_per_loop=4 ====
[08:40:24] planet 38: queue busy, throttled building_robot_factory
[08:40:24] planet 38: queue busy, throttled building_robot_factory
[08:40:24] planet 38: queue busy, throttled building_robot_factory
[08:40:24] planet 38: queue busy, throttled building_robot_factory
[08:40:24] research: blocked research_energy_technology (building_laboratory 0/1)
[2026-05-12 08:40:47] ==== loop 261/∞ | seed=964978156982503991 archetype=turtle personality=minero focus=tech actions_per_loop=4 ====
[08:40:47] planet 38: queue busy, throttled building_robot_factory
[08:40:47] planet 38: queue busy, throttled building_robot_factory
[08:40:47] planet 38: queue busy, throttled building_robot_factory
[2026-05-12 08:41:08] ==== loop 262/∞ | seed=964978156982503991 archetype=turtle personality=minero focus=tech actions_per_loop=4 ====
[08:41:08] planet 38: queue busy, throttled building_robot_factory
[08:41:08] planet 38: queue busy, throttled building_robot_factory
[08:41:08] planet 38: queue busy, throttled building_robot_factory
[08:41:08] planet 38: queue busy, throttled building_robot_factory
[08:41:08] research: blocked research_energy_technology (building_laboratory 0/1)
[2026-05-12 08:41:30] ==== loop 263/∞ | seed=964978156982503991 archetype=turtle personality=minero focus=tech actions_per_loop=4 ====
[08:41:30] planet 38: queue busy, throttled building_robot_factory
[08:41:30] planet 38: queue busy, throttled building_robot_factory
[08:41:30] planet 38: queue busy, throttled building_robot_factory
[08:41:30] planet 38: queue busy, throttled building_robot_factory
[08:41:30] research: blocked research_energy_technology (building_laboratory 0/1)
[2026-05-12 08:41:50] ==== loop 264/∞ | seed=964978156982503991 archetype=turtle personality=minero focus=tech actions_per_loop=4 ====
[08:41:50] planet 38: queue busy, throttled building_robot_factory
[08:41:50] planet 38: queue busy, throttled building_robot_factory
[08:41:50] planet 38: queue busy, throttled building_robot_factory
[08:41:50] planet 38: queue busy, throttled building_robot_factory
[2026-05-12 08:42:10] ==== loop 265/∞ | seed=964978156982503991 archetype=turtle personality=minero focus=tech actions_per_loop=4 ====
[08:42:10] planet 38: queue busy, throttled building_robot_factory
[08:42:10] planet 38: queue busy, throttled building_robot_factory
[08:42:10] planet 38: queue busy, throttled building_robot_factory
[08:42:10] planet 38: queue busy, throttled building_robot_factory
[2026-05-12 08:42:34] ==== loop 266/∞ | seed=964978156982503991 archetype=turtle personality=minero focus=tech actions_per_loop=4 ====
[08:42:34] planet 38: queue busy, throttled building_robot_factory
[08:42:34] planet 38: queue busy, throttled building_robot_factory
[08:42:34] planet 38: queue busy, throttled building_robot_factory
[08:42:34] planet 38: queue busy, throttled building_robot_factory
[08:42:34] research: blocked research_energy_technology (building_laboratory 0/1)
[2026-05-12 08:42:55] ==== loop 267/∞ | seed=964978156982503991 archetype=turtle personality=minero focus=tech actions_per_loop=4 ====
[08:42:55] planet 38: queue busy, throttled building_robot_factory
[08:42:55] planet 38: queue busy, throttled building_robot_factory
[08:42:55] planet 38: queue busy, throttled building_robot_factory
[08:42:55] planet 38: queue busy, throttled building_robot_factory
[08:42:55] research: blocked research_energy_technology (building_laboratory 0/1)
[2026-05-12 08:43:14] ==== loop 268/∞ | seed=964978156982503991 archetype=turtle personality=minero focus=tech actions_per_loop=4 ====
[08:43:14] planet 38: queue busy, throttled building_robot_factory
[08:43:14] planet 38: queue busy, throttled building_robot_factory
[08:43:14] planet 38: queue busy, throttled building_robot_factory
[08:43:14] planet 38: queue busy, throttled building_robot_factory
[2026-05-12 08:43:34] ==== loop 269/∞ | seed=964978156982503991 archetype=turtle personality=minero focus=tech actions_per_loop=4 ====
[08:43:34] planet 38: queue busy, throttled building_robot_factory
[08:43:34] planet 38: queue busy, throttled building_robot_factory
[08:43:34] planet 38: queue busy, throttled building_robot_factory
[08:43:34] planet 38: queue busy, throttled building_robot_factory
[08:43:34] research: blocked research_energy_technology (building_laboratory 0/1)
[2026-05-12 08:43:55] ==== loop 270/∞ | seed=964978156982503991 archetype=turtle personality=minero focus=tech actions_per_loop=4 ====
[08:43:55] planet 38: queue busy, throttled building_robot_factory
[08:43:55] planet 38: queue busy, throttled building_robot_factory
[08:43:55] planet 38: queue busy, throttled building_robot_factory
[08:43:55] planet 38: queue busy, throttled building_robot_factory
[2026-05-12 08:44:13] ==== loop 271/∞ | seed=964978156982503991 archetype=turtle personality=minero focus=tech actions_per_loop=4 ====
[08:44:13] planet 38: queue busy, throttled building_robot_factory
[08:44:13] planet 38: queue busy, throttled building_robot_factory
[08:44:13] planet 38: queue busy, throttled building_robot_factory
[08:44:13] planet 38: queue busy, throttled building_robot_factory
[08:44:13] research: blocked research_energy_technology (building_laboratory 0/1)
[2026-05-12 08:44:30] ==== loop 272/∞ | seed=964978156982503991 archetype=turtle personality=minero focus=tech actions_per_loop=4 ====
[08:44:30] planet 38: queue busy, throttled building_robot_factory
[08:44:30] planet 38: queue busy, throttled building_robot_factory
[08:44:30] planet 38: queue busy, throttled building_robot_factory
[2026-05-12 08:44:52] ==== loop 273/∞ | seed=964978156982503991 archetype=turtle personality=minero focus=tech actions_per_loop=4 ====
[08:44:52] planet 38: queue busy, throttled building_robot_factory
[08:44:52] planet 38: queue busy, throttled building_robot_factory
[08:44:52] planet 38: queue busy, throttled building_robot_factory
[08:44:52] planet 38: queue busy, throttled building_robot_factory
[08:44:52] research: blocked research_energy_technology (building_laboratory 0/1)
[2026-05-12 08:45:13] ==== loop 274/∞ | seed=964978156982503991 archetype=turtle personality=minero focus=tech actions_per_loop=4 ====
[08:45:13] planet 38: queue busy, throttled building_robot_factory
[08:45:13] planet 38: queue busy, throttled building_robot_factory
[08:45:13] planet 38: queue busy, throttled building_robot_factory
[08:45:13] planet 38: queue busy, throttled building_robot_factory
[08:45:13] research: blocked research_energy_technology (building_laboratory 0/1)
[2026-05-12 08:45:31] ==== loop 275/∞ | seed=964978156982503991 archetype=turtle personality=minero focus=tech actions_per_loop=4 ====
[08:45:31] planet 38: queue busy, throttled building_robot_factory
[08:45:31] planet 38: queue busy, throttled building_robot_factory
[08:45:31] planet 38: queue busy, throttled building_robot_factory
[08:45:31] planet 38: queue busy, throttled building_robot_factory
[2026-05-12 08:45:53] ==== loop 276/∞ | seed=964978156982503991 archetype=turtle personality=minero focus=tech actions_per_loop=4 ====
[08:45:53] planet 38: queue busy, throttled building_robot_factory
[08:45:53] planet 38: queue busy, throttled building_robot_factory
[08:45:53] planet 38: queue busy, throttled building_robot_factory
[08:45:53] planet 38: queue busy, throttled building_robot_factory
[2026-05-12 08:46:16] ==== loop 277/∞ | seed=964978156982503991 archetype=turtle personality=minero focus=tech actions_per_loop=4 ====
[08:46:16] planet 38: queue busy, throttled building_robot_factory
[08:46:16] planet 38: queue busy, throttled building_robot_factory
[08:46:16] planet 38: queue busy, throttled building_robot_factory
[08:46:16] research: blocked research_energy_technology (building_laboratory 0/1)
[2026-05-12 08:46:36] ==== loop 278/∞ | seed=964978156982503991 archetype=turtle personality=minero focus=tech actions_per_loop=4 ====
[08:46:36] planet 38: queue busy, throttled building_robot_factory
[08:46:36] planet 38: queue busy, throttled building_robot_factory
[08:46:36] planet 38: queue busy, throttled building_robot_factory
[08:46:36] research: blocked research_energy_technology (building_laboratory 0/1)
[2026-05-12 08:46:57] ==== loop 279/∞ | seed=964978156982503991 archetype=turtle personality=minero focus=tech actions_per_loop=4 ====
[08:46:57] planet 38: queue busy, throttled building_robot_factory
[08:46:57] planet 38: queue busy, throttled building_robot_factory
[08:46:57] planet 38: queue busy, throttled building_robot_factory
[08:46:57] planet 38: queue busy, throttled building_robot_factory
[2026-05-12 08:47:18] ==== loop 280/∞ | seed=964978156982503991 archetype=turtle personality=minero focus=tech actions_per_loop=4 ====
[08:47:18] planet 38: queue busy, throttled building_robot_factory
[08:47:18] planet 38: queue busy, throttled building_robot_factory
[08:47:18] planet 38: queue busy, throttled building_robot_factory
[08:47:18] planet 38: queue busy, throttled building_robot_factory
[08:47:18] research: blocked research_energy_technology (building_laboratory 0/1)
[2026-05-12 08:47:36] ==== loop 281/∞ | seed=964978156982503991 archetype=turtle personality=minero focus=tech actions_per_loop=4 ====
[08:47:37] planet 38: queue busy, throttled building_robot_factory
[08:47:37] planet 38: queue busy, throttled building_robot_factory
[08:47:37] planet 38: queue busy, throttled building_robot_factory
[08:47:37] planet 38: queue busy, throttled building_robot_factory
[2026-05-12 08:47:58] ==== loop 282/∞ | seed=964978156982503991 archetype=turtle personality=minero focus=tech actions_per_loop=4 ====
[08:47:58] planet 38: queue busy, throttled building_robot_factory
[08:47:58] planet 38: queue busy, throttled building_robot_factory
[08:47:58] planet 38: queue busy, throttled building_robot_factory
[08:47:58] research: blocked research_energy_technology (building_laboratory 0/1)
[2026-05-12 08:48:16] ==== loop 283/∞ | seed=964978156982503991 archetype=turtle personality=minero focus=tech actions_per_loop=4 ====
[08:48:16] planet 38: queue busy, throttled building_robot_factory
[08:48:16] planet 38: queue busy, throttled building_robot_factory
[08:48:16] planet 38: queue busy, throttled building_robot_factory
[2026-05-12 08:48:36] ==== loop 284/∞ | seed=964978156982503991 archetype=turtle personality=minero focus=tech actions_per_loop=4 ====
[08:48:36] planet 38: queue busy, throttled building_robot_factory
[08:48:36] planet 38: queue busy, throttled building_robot_factory
[08:48:36] planet 38: queue busy, throttled building_robot_factory
[08:48:36] planet 38: queue busy, throttled building_robot_factory
[2026-05-12 08:48:56] ==== loop 285/∞ | seed=964978156982503991 archetype=turtle personality=minero focus=tech actions_per_loop=4 ====
[08:48:56] planet 38: queue busy, throttled building_robot_factory
[08:48:56] planet 38: queue busy, throttled building_robot_factory
[08:48:56] planet 38: queue busy, throttled building_robot_factory
[08:48:56] planet 38: queue busy, throttled building_robot_factory
[2026-05-12 08:49:13] ==== loop 286/∞ | seed=964978156982503991 archetype=turtle personality=minero focus=tech actions_per_loop=4 ====
[08:49:13] planet 38: queue busy, throttled building_robot_factory
[08:49:13] planet 38: queue busy, throttled building_robot_factory
[08:49:13] planet 38: queue busy, throttled building_robot_factory
[2026-05-12 08:49:30] ==== loop 287/∞ | seed=964978156982503991 archetype=turtle personality=minero focus=tech actions_per_loop=4 ====
[08:49:30] planet 38: queue busy, throttled building_robot_factory
[08:49:30] planet 38: queue busy, throttled building_robot_factory
[08:49:30] planet 38: queue busy, throttled building_robot_factory
[08:49:30] planet 38: queue busy, throttled building_robot_factory
[2026-05-12 08:49:48] ==== loop 288/∞ | seed=964978156982503991 archetype=turtle personality=minero focus=tech actions_per_loop=4 ====
[08:49:48] planet 38: queue busy, throttled building_robot_factory
[08:49:48] planet 38: queue busy, throttled building_robot_factory
[08:49:48] planet 38: queue busy, throttled building_robot_factory
[08:49:48] planet 38: queue busy, throttled building_robot_factory
[08:49:48] research: blocked research_energy_technology (building_laboratory 0/1)
[2026-05-12 08:50:08] ==== loop 289/∞ | seed=964978156982503991 archetype=turtle personality=minero focus=tech actions_per_loop=4 ====
[08:50:08] planet 38: queue busy, throttled building_robot_factory
[08:50:08] planet 38: queue busy, throttled building_robot_factory
[08:50:08] planet 38: queue busy, throttled building_robot_factory
[08:50:08] planet 38: queue busy, throttled building_robot_factory
[08:50:08] research: blocked research_energy_technology (building_laboratory 0/1)
[2026-05-12 08:50:27] ==== loop 290/∞ | seed=964978156982503991 archetype=turtle personality=minero focus=tech actions_per_loop=4 ====
[08:50:27] planet 38: queue busy, throttled building_robot_factory
[08:50:27] planet 38: queue busy, throttled building_robot_factory
[08:50:27] planet 38: queue busy, throttled building_robot_factory
[08:50:27] research: blocked research_energy_technology (building_laboratory 0/1)
[2026-05-12 08:50:46] ==== loop 291/∞ | seed=964978156982503991 archetype=turtle personality=minero focus=tech actions_per_loop=4 ====
[08:50:46] planet 38: queue busy, throttled building_robot_factory
[08:50:46] planet 38: queue busy, throttled building_robot_factory
[08:50:46] planet 38: queue busy, throttled building_robot_factory
[08:50:46] planet 38: queue busy, throttled building_robot_factory
[2026-05-12 08:51:08] ==== loop 292/∞ | seed=964978156982503991 archetype=turtle personality=minero focus=tech actions_per_loop=4 ====
[08:51:08] planet 38: queue busy, throttled building_robot_factory
[08:51:08] planet 38: queue busy, throttled building_robot_factory
[08:51:08] planet 38: queue busy, throttled building_robot_factory
[2026-05-12 08:51:29] ==== loop 293/∞ | seed=964978156982503991 archetype=turtle personality=minero focus=tech actions_per_loop=4 ====
[08:51:29] planet 38: queue busy, throttled building_robot_factory
[08:51:29] planet 38: queue busy, throttled building_robot_factory
[08:51:29] planet 38: queue busy, throttled building_robot_factory
[08:51:29] research: blocked research_energy_technology (building_laboratory 0/1)
[2026-05-12 08:51:54] ==== loop 294/∞ | seed=964978156982503991 archetype=turtle personality=minero focus=tech actions_per_loop=4 ====
[08:51:54] planet 38: queue busy, throttled building_robot_factory
[08:51:54] planet 38: queue busy, throttled building_robot_factory
[08:51:54] planet 38: queue busy, throttled building_robot_factory
[08:51:54] planet 38: queue busy, throttled building_robot_factory
[08:51:54] research: blocked research_energy_technology (building_laboratory 0/1)
[2026-05-12 08:52:16] ==== loop 295/∞ | seed=964978156982503991 archetype=turtle personality=minero focus=tech actions_per_loop=4 ====
[08:52:16] planet 38: queue busy, throttled building_robot_factory
[08:52:16] planet 38: queue busy, throttled building_robot_factory
[08:52:16] planet 38: queue busy, throttled building_robot_factory
[08:52:16] planet 38: queue busy, throttled building_robot_factory
[2026-05-12 08:52:40] ==== loop 296/∞ | seed=964978156982503991 archetype=turtle personality=minero focus=tech actions_per_loop=4 ====
[08:52:40] planet 38: queue busy, throttled building_robot_factory
[08:52:40] planet 38: queue busy, throttled building_robot_factory
[08:52:40] planet 38: queue busy, throttled building_robot_factory
[08:52:40] research: blocked research_energy_technology (building_laboratory 0/1)
[2026-05-12 08:53:03] ==== loop 297/∞ | seed=964978156982503991 archetype=turtle personality=minero focus=tech actions_per_loop=4 ====
[08:53:03] planet 38: queue busy, throttled building_robot_factory
[08:53:03] planet 38: queue busy, throttled building_robot_factory
[08:53:03] planet 38: queue busy, throttled building_robot_factory
[08:53:03] planet 38: queue busy, throttled building_robot_factory
[2026-05-12 08:53:28] ==== loop 298/∞ | seed=964978156982503991 archetype=turtle personality=minero focus=tech actions_per_loop=4 ====
[08:53:28] planet 38: queue busy, throttled building_robot_factory
[08:53:28] planet 38: queue busy, throttled building_robot_factory
[08:53:28] planet 38: queue busy, throttled building_robot_factory
[08:53:28] planet 38: queue busy, throttled building_robot_factory
[08:53:28] research: blocked research_energy_technology (building_laboratory 0/1)
[2026-05-12 08:53:50] ==== loop 299/∞ | seed=964978156982503991 archetype=turtle personality=minero focus=tech actions_per_loop=4 ====
[08:53:50] planet 38: queue busy, throttled building_robot_factory
[08:53:50] planet 38: queue busy, throttled building_robot_factory
[08:53:50] planet 38: queue busy, throttled building_robot_factory
[08:53:50] research: blocked research_energy_technology (building_laboratory 0/1)
[2026-05-12 08:54:13] ==== loop 300/∞ | seed=964978156982503991 archetype=turtle personality=minero focus=tech actions_per_loop=4 ====
[08:54:13] planet 38: queue busy, throttled building_robot_factory
[08:54:13] planet 38: queue busy, throttled building_robot_factory
[08:54:13] planet 38: queue busy, throttled building_robot_factory
[08:54:13] planet 38: queue busy, throttled building_robot_factory
[08:54:13] research: blocked research_energy_technology (building_laboratory 0/1)
[2026-05-12 08:54:33] ==== loop 301/∞ | seed=964978156982503991 archetype=turtle personality=minero focus=tech actions_per_loop=4 ====
[08:54:33] planet 38: queue busy, throttled building_robot_factory
[08:54:33] planet 38: queue busy, throttled building_robot_factory
[08:54:33] planet 38: queue busy, throttled building_robot_factory
[08:54:33] planet 38: queue busy, throttled building_robot_factory
[2026-05-12 08:54:56] ==== loop 302/∞ | seed=964978156982503991 archetype=turtle personality=minero focus=tech actions_per_loop=4 ====
[08:54:56] planet 38: queue busy, throttled building_robot_factory
[08:54:56] planet 38: queue busy, throttled building_robot_factory
[08:54:56] planet 38: queue busy, throttled building_robot_factory
[2026-05-12 08:55:16] ==== loop 303/∞ | seed=964978156982503991 archetype=turtle personality=minero focus=tech actions_per_loop=4 ====
[08:55:17] planet 38: queue busy, throttled building_robot_factory
[08:55:17] planet 38: queue busy, throttled building_robot_factory
[08:55:17] planet 38: queue busy, throttled building_robot_factory
[08:55:17] planet 38: queue busy, throttled building_robot_factory
[08:55:17] research: blocked research_energy_technology (building_laboratory 0/1)
[2026-05-12 08:55:41] ==== loop 304/∞ | seed=964978156982503991 archetype=turtle personality=minero focus=tech actions_per_loop=4 ====
[08:55:41] planet 38: queue busy, throttled building_robot_factory
[08:55:41] planet 38: queue busy, throttled building_robot_factory
[08:55:41] planet 38: queue busy, throttled building_robot_factory
[2026-05-12 08:56:02] ==== loop 305/∞ | seed=964978156982503991 archetype=turtle personality=minero focus=tech actions_per_loop=4 ====
[08:56:02] planet 38: queue busy, throttled building_robot_factory
[08:56:02] planet 38: queue busy, throttled building_robot_factory
[08:56:02] planet 38: queue busy, throttled building_robot_factory
[08:56:02] planet 38: queue busy, throttled building_robot_factory
[08:56:02] research: blocked research_energy_technology (building_laboratory 0/1)
[2026-05-12 08:56:25] ==== loop 306/∞ | seed=964978156982503991 archetype=turtle personality=minero focus=tech actions_per_loop=4 ====
[08:56:25] planet 38: queue busy, throttled building_robot_factory
[08:56:25] planet 38: queue busy, throttled building_robot_factory
[08:56:25] planet 38: queue busy, throttled building_robot_factory
[08:56:25] research: blocked research_energy_technology (building_laboratory 0/1)
[2026-05-12 08:56:49] ==== loop 307/∞ | seed=964978156982503991 archetype=turtle personality=minero focus=tech actions_per_loop=4 ====
[08:56:49] planet 38: queue busy, throttled building_robot_factory
[08:56:49] planet 38: queue busy, throttled building_robot_factory
[08:56:49] planet 38: queue busy, throttled building_robot_factory
[2026-05-12 08:57:10] ==== loop 308/∞ | seed=964978156982503991 archetype=turtle personality=minero focus=tech actions_per_loop=4 ====
[08:57:10] planet 38: queue busy, throttled building_robot_factory
[08:57:10] planet 38: queue busy, throttled building_robot_factory
[08:57:10] planet 38: queue busy, throttled building_robot_factory
[08:57:10] planet 38: queue busy, throttled building_robot_factory
[2026-05-12 08:57:34] ==== loop 309/∞ | seed=964978156982503991 archetype=turtle personality=minero focus=tech actions_per_loop=4 ====
[08:57:34] planet 38: queue busy, throttled building_robot_factory
[08:57:34] planet 38: queue busy, throttled building_robot_factory
[08:57:34] planet 38: queue busy, throttled building_robot_factory
[08:57:34] research: blocked research_energy_technology (building_laboratory 0/1)
[2026-05-12 08:57:59] ==== loop 310/∞ | seed=964978156982503991 archetype=turtle personality=minero focus=tech actions_per_loop=4 ====
[08:57:59] planet 38: queue busy, throttled building_robot_factory
[08:57:59] planet 38: queue busy, throttled building_robot_factory
[08:57:59] planet 38: queue busy, throttled building_robot_factory
[08:57:59] planet 38: queue busy, throttled building_robot_factory
[08:57:59] research: blocked research_energy_technology (building_laboratory 0/1)
[2026-05-12 08:58:22] ==== loop 311/∞ | seed=964978156982503991 archetype=turtle personality=minero focus=tech actions_per_loop=4 ====
[08:58:22] planet 38: queue busy, throttled building_robot_factory
[08:58:22] planet 38: queue busy, throttled building_robot_factory
[08:58:22] planet 38: queue busy, throttled building_robot_factory
[08:58:22] planet 38: queue busy, throttled building_robot_factory
[2026-05-12 08:58:44] ==== loop 312/∞ | seed=964978156982503991 archetype=turtle personality=minero focus=tech actions_per_loop=4 ====
[08:58:44] planet 38: queue busy, throttled building_robot_factory
[08:58:44] planet 38: queue busy, throttled building_robot_factory
[08:58:44] planet 38: queue busy, throttled building_robot_factory
[08:58:44] planet 38: queue busy, throttled building_robot_factory
[08:58:44] research: blocked research_energy_technology (building_laboratory 0/1)
[2026-05-12 08:59:10] ==== loop 313/∞ | seed=964978156982503991 archetype=turtle personality=minero focus=tech actions_per_loop=4 ====
[08:59:10] planet 38: queue busy, throttled building_robot_factory
[08:59:10] planet 38: queue busy, throttled building_robot_factory
[08:59:10] planet 38: queue busy, throttled building_robot_factory
[2026-05-12 08:59:36] ==== loop 314/∞ | seed=964978156982503991 archetype=turtle personality=minero focus=tech actions_per_loop=4 ====
[08:59:36] planet 38: queue busy, throttled building_robot_factory
[08:59:36] planet 38: queue busy, throttled building_robot_factory
[08:59:36] planet 38: queue busy, throttled building_robot_factory
[08:59:36] planet 38: queue busy, throttled building_robot_factory
[08:59:36] research: blocked research_energy_technology (building_laboratory 0/1)
[2026-05-12 08:59:55] ==== loop 315/∞ | seed=964978156982503991 archetype=turtle personality=minero focus=tech actions_per_loop=4 ====
[08:59:55] planet 38: queue busy, throttled building_robot_factory
[08:59:55] planet 38: queue busy, throttled building_robot_factory
[08:59:55] planet 38: queue busy, throttled building_robot_factory
[08:59:55] research: blocked research_energy_technology (building_laboratory 0/1)
[2026-05-12 09:00:19] ==== loop 316/∞ | seed=964978156982503991 archetype=turtle personality=minero focus=tech actions_per_loop=4 ====
[09:00:19] planet 38: queue busy, throttled building_robot_factory
[09:00:19] planet 38: queue busy, throttled building_robot_factory
[09:00:19] planet 38: queue busy, throttled building_robot_factory
[09:00:19] research: blocked research_energy_technology (building_laboratory 0/1)
[2026-05-12 09:00:41] ==== loop 317/∞ | seed=964978156982503991 archetype=turtle personality=minero focus=tech actions_per_loop=4 ====
[09:00:41] planet 38: queue busy, throttled building_robot_factory
[09:00:41] planet 38: queue busy, throttled building_robot_factory
[09:00:41] planet 38: queue busy, throttled building_robot_factory
[09:00:41] planet 38: queue busy, throttled building_robot_factory
[09:00:41] research: blocked research_energy_technology (building_laboratory 0/1)
[2026-05-12 09:01:05] ==== loop 318/∞ | seed=964978156982503991 archetype=turtle personality=minero focus=tech actions_per_loop=4 ====
[09:01:05] planet 38: queue busy, throttled building_robot_factory
[09:01:05] planet 38: queue busy, throttled building_robot_factory
[09:01:05] planet 38: queue busy, throttled building_robot_factory
[09:01:05] planet 38: queue busy, throttled building_robot_factory
[2026-05-12 09:01:24] ==== loop 319/∞ | seed=964978156982503991 archetype=turtle personality=minero focus=tech actions_per_loop=4 ====
[09:01:24] planet 38: queue busy, throttled building_robot_factory
[09:01:24] planet 38: queue busy, throttled building_robot_factory
[09:01:24] planet 38: queue busy, throttled building_robot_factory
[09:01:24] research: blocked research_energy_technology (building_laboratory 0/1)
[2026-05-12 09:01:46] ==== loop 320/∞ | seed=964978156982503991 archetype=turtle personality=minero focus=tech actions_per_loop=4 ====
[09:01:46] planet 38: queue busy, throttled building_robot_factory
[09:01:46] planet 38: queue busy, throttled building_robot_factory
[09:01:46] planet 38: queue busy, throttled building_robot_factory
[09:01:46] planet 38: queue busy, throttled building_robot_factory
[09:01:46] research: blocked research_energy_technology (building_laboratory 0/1)
[2026-05-12 09:02:09] ==== loop 321/∞ | seed=964978156982503991 archetype=turtle personality=minero focus=tech actions_per_loop=4 ====
[09:02:09] planet 38: queue busy, throttled building_robot_factory
[09:02:09] planet 38: queue busy, throttled building_robot_factory
[09:02:09] planet 38: queue busy, throttled building_robot_factory
[2026-05-12 09:02:30] ==== loop 322/∞ | seed=964978156982503991 archetype=turtle personality=minero focus=tech actions_per_loop=4 ====
[09:02:30] planet 38: queue busy, throttled building_robot_factory
[09:02:30] planet 38: queue busy, throttled building_robot_factory
[09:02:30] planet 38: queue busy, throttled building_robot_factory
[2026-05-12 09:02:50] ==== loop 1/∞ | seed=964978156982503991 archetype=turtle personality=minero focus=tech actions_per_loop=4 ====
[09:02:50] planet 38: queued building_solar_plant to 21
[2026-05-12 09:03:28] ==== loop 2/∞ | seed=964978156982503991 archetype=turtle personality=minero focus=tech actions_per_loop=4 ====
[09:03:32] planet 38: building queue full (5)
[09:03:32] planet 38: building queue full (5)
[09:03:32] planet 38: building queue full (5)
[09:03:32] planet 38: building queue full (5)
[09:03:32] research: blocked research_energy_technology (building_laboratory 0/1)
[2026-05-12 09:04:10] ==== loop 3/∞ | seed=964978156982503991 archetype=turtle personality=minero focus=tech actions_per_loop=4 ====
[09:04:12] planet 38: building queue full (5)
[09:04:12] planet 38: building queue full (5)
[09:04:12] planet 38: building queue full (5)
[09:04:12] planet 38: building queue full (5)
[09:04:12] research: blocked research_energy_technology (building_laboratory 0/1)
[2026-05-12 09:04:54] ==== loop 4/∞ | seed=964978156982503991 archetype=turtle personality=minero focus=tech actions_per_loop=4 ====
[09:04:56] planet 38: building queue full (5)
[09:04:56] planet 38: building queue full (5)
[09:04:56] planet 38: building queue full (5)
[09:04:56] planet 38: building queue full (5)
[09:04:56] research: blocked research_energy_technology (building_laboratory 0/1)
[2026-05-12 09:05:38] ==== loop 5/∞ | seed=964978156982503991 archetype=turtle personality=minero focus=tech actions_per_loop=4 ====
[09:05:40] planet 38: building queue full (5)
[09:05:40] planet 38: building queue full (5)
[09:05:40] planet 38: building queue full (5)
[2026-05-12 09:06:16] ==== loop 6/∞ | seed=964978156982503991 archetype=turtle personality=minero focus=tech actions_per_loop=4 ====
[09:06:18] planet 38: building queue full (5)
[09:06:18] planet 38: building queue full (5)
[09:06:18] planet 38: building queue full (5)
[2026-05-12 09:06:59] ==== loop 7/∞ | seed=964978156982503991 archetype=turtle personality=minero focus=tech actions_per_loop=4 ====
[09:07:02] planet 38: building queue full (5)
[09:07:02] planet 38: building queue full (5)
[09:07:02] planet 38: building queue full (5)
[09:07:02] planet 38: building queue full (5)
[2026-05-12 09:07:48] ==== loop 8/∞ | seed=964978156982503991 archetype=turtle personality=minero focus=tech actions_per_loop=4 ====
[09:07:50] planet 38: building queue full (5)
[09:07:50] planet 38: building queue full (5)
[09:07:50] planet 38: building queue full (5)
[09:07:50] planet 38: building queue full (5)
[2026-05-12 09:08:28] ==== loop 9/∞ | seed=964978156982503991 archetype=turtle personality=minero focus=tech actions_per_loop=4 ====
[09:08:30] planet 38: building queue full (5)
[09:08:30] planet 38: building queue full (5)
[09:08:30] planet 38: building queue full (5)
[09:08:30] planet 38: building queue full (5)
[09:08:30] research: blocked research_energy_technology (building_laboratory 0/1)
[2026-05-12 09:09:10] ==== loop 10/∞ | seed=964978156982503991 archetype=turtle personality=minero focus=tech actions_per_loop=4 ====
[09:09:13] planet 38: building queue full (5)
[09:09:13] planet 38: building queue full (5)
[09:09:13] planet 38: building queue full (5)
[09:09:13] planet 38: building queue full (5)
[2026-05-12 09:09:58] ==== loop 11/∞ | seed=964978156982503991 archetype=turtle personality=minero focus=tech actions_per_loop=4 ====
[09:10:02] planet 38: building queue full (5)
[09:10:02] planet 38: building queue full (5)
[09:10:02] planet 38: building queue full (5)
[09:10:02] planet 38: building queue full (5)
[09:10:02] research: blocked research_energy_technology (building_laboratory 0/1)
[2026-05-12 09:10:39] ==== loop 12/∞ | seed=964978156982503991 archetype=turtle personality=minero focus=tech actions_per_loop=4 ====
[09:10:41] planet 38: building queue full (5)
[09:10:41] planet 38: building queue full (5)
[09:10:41] planet 38: building queue full (5)
[09:10:41] research: blocked research_energy_technology (building_laboratory 0/1)
[2026-05-12 09:11:20] ==== loop 13/∞ | seed=964978156982503991 archetype=turtle personality=minero focus=tech actions_per_loop=4 ====
[09:11:22] planet 38: building queue full (5)
[09:11:22] planet 38: building queue full (5)
[09:11:22] planet 38: building queue full (5)
[09:11:22] research: blocked research_energy_technology (building_laboratory 0/1)
[2026-05-12 09:12:03] ==== loop 14/∞ | seed=964978156982503991 archetype=turtle personality=minero focus=tech actions_per_loop=4 ====
[09:12:06] planet 38: building queue full (5)
[09:12:06] planet 38: building queue full (5)
[09:12:06] planet 38: building queue full (5)
[09:12:06] planet 38: building queue full (5)
[09:12:06] research: blocked research_energy_technology (building_laboratory 0/1)
[2026-05-12 09:12:51] ==== loop 15/∞ | seed=964978156982503991 archetype=turtle personality=minero focus=tech actions_per_loop=4 ====
[09:12:53] planet 38: building queue full (5)
[09:12:53] planet 38: building queue full (5)
[09:12:53] planet 38: building queue full (5)
[09:12:53] research: blocked research_energy_technology (building_laboratory 0/1)
[2026-05-12 09:13:36] ==== loop 16/∞ | seed=964978156982503991 archetype=turtle personality=minero focus=tech actions_per_loop=4 ====
[09:13:39] planet 38: building queue full (5)
[09:13:39] planet 38: building queue full (5)
[09:13:39] planet 38: building queue full (5)
[09:13:39] planet 38: building queue full (5)
[09:13:39] research: blocked research_energy_technology (building_laboratory 0/1)
[2026-05-12 09:14:27] ==== loop 17/∞ | seed=964978156982503991 archetype=turtle personality=minero focus=tech actions_per_loop=4 ====
[09:14:29] planet 38: building queue full (5)
[09:14:29] planet 38: building queue full (5)
[09:14:29] planet 38: building queue full (5)
[2026-05-12 09:15:10] ==== loop 18/∞ | seed=964978156982503991 archetype=turtle personality=minero focus=tech actions_per_loop=4 ====
[09:15:13] planet 38: building queue full (5)
[09:15:13] planet 38: building queue full (5)
[09:15:13] planet 38: building queue full (5)
[09:15:13] planet 38: building queue full (5)
[2026-05-12 09:15:59] ==== loop 19/∞ | seed=964978156982503991 archetype=turtle personality=minero focus=tech actions_per_loop=4 ====
[09:16:01] planet 38: building queue full (5)
[09:16:01] planet 38: building queue full (5)
[09:16:01] planet 38: building queue full (5)
[2026-05-12 09:16:43] ==== loop 20/∞ | seed=964978156982503991 archetype=turtle personality=minero focus=tech actions_per_loop=4 ====
[09:16:46] planet 38: building queue full (5)
[09:16:46] planet 38: building queue full (5)
[09:16:46] planet 38: building queue full (5)
[09:16:46] planet 38: building queue full (5)
[2026-05-12 09:17:29] ==== loop 21/∞ | seed=964978156982503991 archetype=turtle personality=minero focus=tech actions_per_loop=4 ====
[09:17:32] planet 38: building queue full (5)
[09:17:32] planet 38: building queue full (5)
[09:17:32] planet 38: building queue full (5)
[09:17:32] planet 38: building queue full (5)
[09:17:32] research: blocked research_energy_technology (building_laboratory 0/1)
[2026-05-12 09:18:18] ==== loop 22/∞ | seed=964978156982503991 archetype=turtle personality=minero focus=tech actions_per_loop=4 ====
[09:18:21] planet 38: building queue full (5)
[09:18:21] planet 38: building queue full (5)
[09:18:21] planet 38: building queue full (5)
[09:18:21] planet 38: building queue full (5)
[09:18:21] research: blocked research_energy_technology (building_laboratory 0/1)
[2026-05-12 09:18:52] ==== loop 1/∞ | seed=964978156982503991 archetype=turtle personality=minero focus=tech actions_per_loop=4 ====
[09:18:54] planet 38: building queue full (5)
[09:18:54] planet 38: building queue full (5)
[09:18:54] planet 38: building queue full (5)
[09:18:54] planet 38: building queue full (5)
[2026-05-12 09:19:42] ==== loop 2/∞ | seed=964978156982503991 archetype=turtle personality=minero focus=tech actions_per_loop=4 ====
[09:19:45] planet 38: building queue full (5)
[09:19:45] planet 38: building queue full (5)
[09:19:45] planet 38: building queue full (5)
[09:19:45] planet 38: building queue full (5)
[09:19:45] research: blocked research_energy_technology (building_laboratory 0/1)
[2026-05-12 09:20:27] ==== loop 3/∞ | seed=964978156982503991 archetype=turtle personality=minero focus=tech actions_per_loop=4 ====
[09:20:29] planet 38: building queue full (5)
[09:20:29] planet 38: building queue full (5)
[09:20:29] planet 38: building queue full (5)
[2026-05-12 09:21:11] ==== loop 4/∞ | seed=964978156982503991 archetype=turtle personality=minero focus=tech actions_per_loop=4 ====
[09:21:14] planet 38: building queue full (5)
[09:21:14] planet 38: building queue full (5)
[09:21:14] planet 38: building queue full (5)
[09:21:14] planet 38: building queue full (5)
[09:21:14] research: blocked research_energy_technology (building_laboratory 0/1)
[2026-05-12 09:22:01] ==== loop 5/∞ | seed=964978156982503991 archetype=turtle personality=minero focus=tech actions_per_loop=4 ====
[09:22:04] planet 38: building queue full (5)
[09:22:04] planet 38: building queue full (5)
[09:22:04] planet 38: building queue full (5)
[09:22:04] planet 38: building queue full (5)
[09:22:04] research: blocked research_energy_technology (building_laboratory 0/1)
[2026-05-12 09:22:48] ==== loop 6/∞ | seed=964978156982503991 archetype=turtle personality=minero focus=tech actions_per_loop=4 ====
[09:22:52] planet 38: building queue full (5)
[09:22:52] planet 38: building queue full (5)
[09:22:52] planet 38: building queue full (5)
[09:22:52] planet 38: building queue full (5)
[09:22:52] research: blocked research_energy_technology (building_laboratory 0/1)
[2026-05-12 09:23:36] ==== loop 7/∞ | seed=964978156982503991 archetype=turtle personality=minero focus=tech actions_per_loop=4 ====
[09:23:39] planet 38: building queue full (5)
[09:23:39] planet 38: building queue full (5)
[09:23:39] planet 38: building queue full (5)
[09:23:39] planet 38: building queue full (5)
[2026-05-12 09:24:18] ==== loop 8/∞ | seed=964978156982503991 archetype=turtle personality=minero focus=tech actions_per_loop=4 ====
[09:24:21] planet 38: building queue full (5)
[09:24:21] planet 38: building queue full (5)
[09:24:21] planet 38: building queue full (5)
[09:24:21] planet 38: building queue full (5)
[2026-05-12 09:25:02] ==== loop 9/∞ | seed=964978156982503991 archetype=turtle personality=minero focus=tech actions_per_loop=4 ====
[09:25:05] planet 38: building queue full (5)
[09:25:05] planet 38: building queue full (5)
[09:25:05] planet 38: building queue full (5)
[09:25:05] planet 38: building queue full (5)
[2026-05-12 09:25:51] ==== loop 10/∞ | seed=964978156982503991 archetype=turtle personality=minero focus=tech actions_per_loop=4 ====
[09:25:54] planet 38: building queue full (5)
[09:25:54] planet 38: building queue full (5)
[09:25:54] planet 38: building queue full (5)
[09:25:54] planet 38: building queue full (5)
[2026-05-12 09:26:38] ==== loop 11/∞ | seed=964978156982503991 archetype=turtle personality=minero focus=tech actions_per_loop=4 ====
[09:26:41] planet 38: building queue full (5)
[09:26:41] planet 38: building queue full (5)
[09:26:41] planet 38: building queue full (5)
[09:26:41] planet 38: building queue full (5)
[09:26:41] research: blocked research_energy_technology (building_laboratory 0/1)
[2026-05-12 09:27:26] ==== loop 12/∞ | seed=964978156982503991 archetype=turtle personality=minero focus=tech actions_per_loop=4 ====
[09:27:28] planet 38: building queue full (5)
[09:27:28] planet 38: building queue full (5)
[09:27:28] planet 38: building queue full (5)
[2026-05-12 09:28:12] ==== loop 13/∞ | seed=964978156982503991 archetype=turtle personality=minero focus=tech actions_per_loop=4 ====
[09:28:14] planet 38: building queue full (5)
[09:28:14] planet 38: building queue full (5)
[09:28:14] planet 38: building queue full (5)
[09:28:14] planet 38: building queue full (5)
[2026-05-12 09:29:01] ==== loop 14/∞ | seed=964978156982503991 archetype=turtle personality=minero focus=tech actions_per_loop=4 ====
[09:29:04] planet 38: building queue full (5)
[09:29:04] planet 38: building queue full (5)
[09:29:04] planet 38: building queue full (5)
[09:29:04] planet 38: building queue full (5)
[2026-05-12 09:29:45] ==== loop 15/∞ | seed=964978156982503991 archetype=turtle personality=minero focus=tech actions_per_loop=4 ====
[09:29:48] planet 38: building queue full (5)
[09:29:48] planet 38: building queue full (5)
[09:29:48] planet 38: building queue full (5)
[2026-05-12 09:30:30] ==== loop 16/∞ | seed=964978156982503991 archetype=turtle personality=minero focus=tech actions_per_loop=4 ====
[09:30:32] planet 38: building queue full (5)
[09:30:32] planet 38: building queue full (5)
[09:30:32] planet 38: building queue full (5)
[09:30:32] planet 38: building queue full (5)
[09:30:32] research: blocked research_energy_technology (building_laboratory 0/1)
[2026-05-12 09:31:17] ==== loop 17/∞ | seed=964978156982503991 archetype=turtle personality=minero focus=tech actions_per_loop=4 ====
[09:31:19] planet 38: building queue full (5)
[09:31:19] planet 38: building queue full (5)
[09:31:19] planet 38: building queue full (5)
[09:31:19] planet 38: building queue full (5)
[09:31:19] research: blocked research_energy_technology (building_laboratory 0/1)
[2026-05-12 09:32:05] ==== loop 18/∞ | seed=964978156982503991 archetype=turtle personality=minero focus=tech actions_per_loop=4 ====
[09:32:07] planet 38: building queue full (5)
[09:32:07] planet 38: building queue full (5)
[09:32:07] planet 38: building queue full (5)
[09:32:07] planet 38: building queue full (5)
[2026-05-12 09:32:45] ==== loop 19/∞ | seed=964978156982503991 archetype=turtle personality=minero focus=tech actions_per_loop=4 ====
[09:32:48] planet 38: building queue full (5)
[09:32:48] planet 38: building queue full (5)
[09:32:48] planet 38: building queue full (5)
[09:32:48] planet 38: building queue full (5)
[2026-05-12 09:33:28] ==== loop 20/∞ | seed=964978156982503991 archetype=turtle personality=minero focus=tech actions_per_loop=4 ====
[09:33:30] planet 38: building queue full (5)
[09:33:30] planet 38: building queue full (5)
[09:33:30] planet 38: building queue full (5)
[2026-05-12 09:34:24] ==== loop 1/∞ | seed=964978156982503991 archetype=turtle personality=minero focus=tech actions_per_loop=4 ====
[09:34:27] planet 38: building queue full (5)
[09:34:27] planet 38: building queue full (5)
[09:34:27] planet 38: building queue full (5)
[2026-05-12 09:35:06] ==== loop 2/∞ | seed=964978156982503991 archetype=turtle personality=minero focus=tech actions_per_loop=4 ====
[09:35:08] planet 38: building queue full (5)
[09:35:08] planet 38: building queue full (5)
[09:35:08] planet 38: building queue full (5)
[09:35:08] research: blocked research_energy_technology (building_laboratory 0/1)
[2026-05-12 09:35:48] ==== loop 3/∞ | seed=964978156982503991 archetype=turtle personality=minero focus=tech actions_per_loop=4 ====
[09:35:51] planet 38: building queue full (5)
[09:35:51] planet 38: building queue full (5)
[09:35:51] planet 38: building queue full (5)
[09:35:51] planet 38: building queue full (5)
[2026-05-12 09:36:30] ==== loop 4/∞ | seed=964978156982503991 archetype=turtle personality=minero focus=tech actions_per_loop=4 ====
[09:36:32] planet 38: building queue full (5)
[09:36:32] planet 38: building queue full (5)
[09:36:32] planet 38: building queue full (5)
[09:36:32] planet 38: building queue full (5)
[2026-05-12 09:37:14] ==== loop 5/∞ | seed=964978156982503991 archetype=turtle personality=minero focus=tech actions_per_loop=4 ====
[09:37:16] planet 38: building queue full (5)
[09:37:16] planet 38: building queue full (5)
[09:37:16] planet 38: building queue full (5)
[09:37:16] research: blocked research_energy_technology (building_laboratory 0/1)
[2026-05-12 09:37:57] ==== loop 6/∞ | seed=964978156982503991 archetype=turtle personality=minero focus=tech actions_per_loop=4 ====
[09:38:00] planet 38: building queue full (5)
[09:38:00] planet 38: building queue full (5)
[09:38:00] planet 38: building queue full (5)
[09:38:00] planet 38: building queue full (5)
[09:38:00] research: blocked research_energy_technology (building_laboratory 0/1)
[2026-05-12 09:38:36] ==== loop 7/∞ | seed=964978156982503991 archetype=turtle personality=minero focus=tech actions_per_loop=4 ====
[09:38:38] planet 38: building queue full (5)
[09:38:38] planet 38: building queue full (5)
[09:38:38] planet 38: building queue full (5)
[09:38:38] research: blocked research_energy_technology (building_laboratory 0/1)
[2026-05-12 09:39:17] ==== loop 8/∞ | seed=964978156982503991 archetype=turtle personality=minero focus=tech actions_per_loop=4 ====
[09:39:19] planet 38: building queue full (5)
[09:39:19] planet 38: building queue full (5)
[09:39:19] planet 38: building queue full (5)
[09:39:19] planet 38: building queue full (5)
[09:39:19] research: blocked research_energy_technology (building_laboratory 0/1)
[2026-05-12 09:39:57] ==== loop 9/∞ | seed=964978156982503991 archetype=turtle personality=minero focus=tech actions_per_loop=4 ====
[09:40:00] planet 38: building queue full (5)
[09:40:00] planet 38: building queue full (5)
[09:40:00] planet 38: building queue full (5)
[09:40:00] planet 38: building queue full (5)
[09:40:00] research: blocked research_energy_technology (building_laboratory 0/1)
[2026-05-12 09:40:42] ==== loop 10/∞ | seed=964978156982503991 archetype=turtle personality=minero focus=tech actions_per_loop=4 ====
[09:40:44] planet 38: building queue full (5)
[09:40:44] planet 38: building queue full (5)
[09:40:44] planet 38: building queue full (5)
[09:40:44] planet 38: building queue full (5)
[2026-05-12 09:41:23] ==== loop 11/∞ | seed=964978156982503991 archetype=turtle personality=minero focus=tech actions_per_loop=4 ====
[09:41:25] planet 38: building queue full (5)
[09:41:25] planet 38: building queue full (5)
[09:41:25] planet 38: building queue full (5)
[09:41:25] planet 38: building queue full (5)
[09:41:25] research: blocked research_energy_technology (building_laboratory 0/1)
[2026-05-12 09:42:08] ==== loop 12/∞ | seed=964978156982503991 archetype=turtle personality=minero focus=tech actions_per_loop=4 ====
[09:42:10] planet 38: building queue full (5)
[09:42:10] planet 38: building queue full (5)
[09:42:10] planet 38: building queue full (5)
[09:42:10] planet 38: building queue full (5)
[09:42:10] research: blocked research_energy_technology (building_laboratory 0/1)
[2026-05-12 09:42:52] ==== loop 13/∞ | seed=964978156982503991 archetype=turtle personality=minero focus=tech actions_per_loop=4 ====
[09:42:54] planet 38: building queue full (5)
[09:42:54] planet 38: building queue full (5)
[09:42:54] planet 38: building queue full (5)
[09:42:54] research: blocked research_energy_technology (building_laboratory 0/1)
[2026-05-12 09:43:35] ==== loop 14/∞ | seed=964978156982503991 archetype=turtle personality=minero focus=tech actions_per_loop=4 ====
[09:43:38] planet 38: building queue full (5)
[09:43:38] planet 38: building queue full (5)
[09:43:38] planet 38: building queue full (5)
[09:43:38] planet 38: building queue full (5)
[2026-05-12 09:44:18] ==== loop 15/∞ | seed=964978156982503991 archetype=turtle personality=minero focus=tech actions_per_loop=4 ====
[09:44:19] planet 38: building queue full (5)
[09:44:19] planet 38: building queue full (5)
[09:44:19] planet 38: building queue full (5)
[2026-05-12 09:45:02] ==== loop 16/∞ | seed=964978156982503991 archetype=turtle personality=minero focus=tech actions_per_loop=4 ====
[09:45:04] planet 38: building queue full (5)
[09:45:04] planet 38: building queue full (5)
[09:45:04] planet 38: building queue full (5)
[09:45:04] planet 38: building queue full (5)
[2026-05-12 09:45:45] ==== loop 17/∞ | seed=964978156982503991 archetype=turtle personality=minero focus=tech actions_per_loop=4 ====
[09:45:48] planet 38: building queue full (5)
[09:45:48] planet 38: building queue full (5)
[09:45:48] planet 38: building queue full (5)
[09:45:48] planet 38: building queue full (5)
[09:45:48] research: blocked research_energy_technology (building_laboratory 0/1)
[2026-05-12 09:46:32] ==== loop 18/∞ | seed=964978156982503991 archetype=turtle personality=minero focus=tech actions_per_loop=4 ====
[09:46:34] planet 38: building queue full (5)
[09:46:34] planet 38: building queue full (5)
[09:46:34] planet 38: building queue full (5)
[09:46:34] research: blocked research_energy_technology (building_laboratory 0/1)
[2026-05-12 09:47:17] ==== loop 19/∞ | seed=964978156982503991 archetype=turtle personality=minero focus=tech actions_per_loop=4 ====
[09:47:19] planet 38: building queue full (5)
[09:47:19] planet 38: building queue full (5)
[09:47:19] planet 38: building queue full (5)
[2026-05-12 09:47:59] ==== loop 20/∞ | seed=964978156982503991 archetype=turtle personality=minero focus=tech actions_per_loop=4 ====
[09:48:00] planet 38: building queue full (5)
[09:48:00] planet 38: building queue full (5)
[09:48:00] planet 38: building queue full (5)
[2026-05-12 09:48:46] ==== loop 21/∞ | seed=964978156982503991 archetype=turtle personality=minero focus=tech actions_per_loop=4 ====
[09:48:49] planet 38: building queue full (5)
[09:48:49] planet 38: building queue full (5)
[09:48:49] planet 38: building queue full (5)
[09:48:49] planet 38: building queue full (5)
[2026-05-12 09:49:35] ==== loop 22/∞ | seed=964978156982503991 archetype=turtle personality=minero focus=tech actions_per_loop=4 ====
[09:49:37] planet 38: building queue full (5)
[09:49:37] planet 38: building queue full (5)
[09:49:37] planet 38: building queue full (5)
[09:49:37] planet 38: building queue full (5)
[09:49:37] research: blocked research_energy_technology (building_laboratory 0/1)
[2026-05-12 09:50:17] ==== loop 23/∞ | seed=964978156982503991 archetype=turtle personality=minero focus=tech actions_per_loop=4 ====
[09:50:20] planet 38: building queue full (5)
[09:50:20] planet 38: building queue full (5)
[09:50:20] planet 38: building queue full (5)
[09:50:20] planet 38: building queue full (5)
[09:50:20] research: blocked research_energy_technology (building_laboratory 0/1)
[2026-05-12 09:51:00] ==== loop 24/∞ | seed=964978156982503991 archetype=turtle personality=minero focus=tech actions_per_loop=4 ====
[09:51:02] planet 38: building queue full (5)
[09:51:02] planet 38: building queue full (5)
[09:51:02] planet 38: building queue full (5)
[09:51:02] planet 38: building queue full (5)
[09:51:02] research: blocked research_energy_technology (building_laboratory 0/1)
[2026-05-12 09:51:40] ==== loop 25/∞ | seed=964978156982503991 archetype=turtle personality=minero focus=tech actions_per_loop=4 ====
[09:51:41] planet 38: building queue full (5)
[09:51:41] planet 38: building queue full (5)
[09:51:41] planet 38: building queue full (5)
[09:51:41] planet 38: building queue full (5)
[09:51:41] research: blocked research_energy_technology (building_laboratory 0/1)
[2026-05-12 09:52:22] ==== loop 26/∞ | seed=964978156982503991 archetype=turtle personality=minero focus=tech actions_per_loop=4 ====
[09:52:23] planet 38: building queue full (5)
[09:52:23] planet 38: building queue full (5)
[09:52:23] planet 38: building queue full (5)
[2026-05-12 09:53:00] ==== loop 27/∞ | seed=964978156982503991 archetype=turtle personality=minero focus=tech actions_per_loop=4 ====
[09:53:01] planet 38: building queue full (5)
[09:53:01] planet 38: building queue full (5)
[09:53:01] planet 38: building queue full (5)
[09:53:01] planet 38: building queue full (5)
[2026-05-12 09:53:42] ==== loop 28/∞ | seed=964978156982503991 archetype=turtle personality=minero focus=tech actions_per_loop=4 ====
[09:53:44] planet 38: building queue full (5)
[09:53:44] planet 38: building queue full (5)
[09:53:44] planet 38: building queue full (5)
[09:53:44] planet 38: building queue full (5)
[2026-05-12 09:54:26] ==== loop 29/∞ | seed=964978156982503991 archetype=turtle personality=minero focus=tech actions_per_loop=4 ====
[09:54:28] planet 38: building queue full (5)
[09:54:28] planet 38: building queue full (5)
[09:54:28] planet 38: building queue full (5)
[2026-05-12 09:55:08] ==== loop 30/∞ | seed=964978156982503991 archetype=turtle personality=minero focus=tech actions_per_loop=4 ====
[09:55:10] planet 38: building queue full (5)
[09:55:10] planet 38: building queue full (5)
[09:55:10] planet 38: building queue full (5)
[09:55:10] planet 38: building queue full (5)
[2026-05-12 09:55:53] ==== loop 31/∞ | seed=964978156982503991 archetype=turtle personality=minero focus=tech actions_per_loop=4 ====
[09:55:55] planet 38: building queue full (5)
[09:55:55] planet 38: building queue full (5)
[09:55:55] planet 38: building queue full (5)
[09:55:55] planet 38: building queue full (5)
[09:55:55] research: blocked research_energy_technology (building_laboratory 0/1)
[2026-05-12 09:56:38] ==== loop 32/∞ | seed=964978156982503991 archetype=turtle personality=minero focus=tech actions_per_loop=4 ====
[09:56:42] planet 38: building queue full (5)
[09:56:42] planet 38: building queue full (5)
[09:56:42] planet 38: building queue full (5)
[09:56:42] planet 38: building queue full (5)
[09:56:42] research: blocked research_energy_technology (building_laboratory 0/1)
[2026-05-12 09:57:26] ==== loop 33/∞ | seed=964978156982503991 archetype=turtle personality=minero focus=tech actions_per_loop=4 ====
[09:57:29] planet 38: building queue full (5)
[09:57:29] planet 38: building queue full (5)
[09:57:29] planet 38: building queue full (5)
[09:57:29] planet 38: building queue full (5)
[2026-05-12 09:58:11] ==== loop 34/∞ | seed=964978156982503991 archetype=turtle personality=minero focus=tech actions_per_loop=4 ====
[09:58:14] planet 38: building queue full (5)
[09:58:14] planet 38: building queue full (5)
[09:58:14] planet 38: building queue full (5)
[09:58:14] planet 38: building queue full (5)
[2026-05-12 09:58:55] ==== loop 35/∞ | seed=964978156982503991 archetype=turtle personality=minero focus=tech actions_per_loop=4 ====
[09:58:58] planet 38: building queue full (5)
[09:58:58] planet 38: building queue full (5)
[09:58:58] planet 38: building queue full (5)
[09:58:58] planet 38: building queue full (5)
[09:58:58] research: blocked research_energy_technology (building_laboratory 0/1)
[2026-05-12 09:59:37] ==== loop 36/∞ | seed=964978156982503991 archetype=turtle personality=minero focus=tech actions_per_loop=4 ====
[09:59:39] planet 38: building queue full (5)
[09:59:39] planet 38: building queue full (5)
[09:59:39] planet 38: building queue full (5)
[2026-05-12 10:00:22] ==== loop 37/∞ | seed=964978156982503991 archetype=turtle personality=minero focus=tech actions_per_loop=4 ====
[10:00:24] planet 38: building queue full (5)
[10:00:24] planet 38: building queue full (5)
[10:00:24] planet 38: building queue full (5)
[10:00:24] planet 38: building queue full (5)
[2026-05-12 10:01:06] ==== loop 38/∞ | seed=964978156982503991 archetype=turtle personality=minero focus=tech actions_per_loop=4 ====
[10:01:08] planet 38: building queue full (5)
[10:01:08] planet 38: building queue full (5)
[10:01:08] planet 38: building queue full (5)
[10:01:08] research: blocked research_energy_technology (building_laboratory 0/1)
[2026-05-12 10:01:51] ==== loop 39/∞ | seed=964978156982503991 archetype=turtle personality=minero focus=tech actions_per_loop=4 ====
[10:01:52] planet 38: building queue full (5)
[10:01:52] planet 38: building queue full (5)
[10:01:52] planet 38: building queue full (5)
[10:01:52] planet 38: building queue full (5)
[2026-05-12 10:02:32] ==== loop 40/∞ | seed=964978156982503991 archetype=turtle personality=minero focus=tech actions_per_loop=4 ====
[10:02:33] planet 38: building queue full (5)
[10:02:33] planet 38: building queue full (5)
[10:02:33] planet 38: building queue full (5)
[10:02:33] planet 38: building queue full (5)
[2026-05-12 10:03:13] ==== loop 41/∞ | seed=964978156982503991 archetype=turtle personality=minero focus=tech actions_per_loop=4 ====
[10:03:16] planet 38: building queue full (5)
[10:03:16] planet 38: building queue full (5)
[10:03:16] planet 38: building queue full (5)
[10:03:16] planet 38: building queue full (5)
[10:03:16] research: blocked research_energy_technology (building_laboratory 0/1)
[2026-05-12 10:03:58] ==== loop 42/∞ | seed=964978156982503991 archetype=turtle personality=minero focus=tech actions_per_loop=4 ====
[10:03:59] planet 38: building queue full (5)
[10:03:59] planet 38: building queue full (5)
[10:03:59] planet 38: building queue full (5)
[2026-05-12 10:04:39] ==== loop 43/∞ | seed=964978156982503991 archetype=turtle personality=minero focus=tech actions_per_loop=4 ====
[10:04:43] planet 38: building queue full (5)
[10:04:43] planet 38: building queue full (5)
[10:04:43] planet 38: building queue full (5)
[10:04:43] planet 38: building queue full (5)
[2026-05-12 10:05:25] ==== loop 44/∞ | seed=964978156982503991 archetype=turtle personality=minero focus=tech actions_per_loop=4 ====
[10:05:27] planet 38: building queue full (5)
[10:05:27] planet 38: building queue full (5)
[10:05:27] planet 38: building queue full (5)
[2026-05-12 10:06:08] ==== loop 45/∞ | seed=964978156982503991 archetype=turtle personality=minero focus=tech actions_per_loop=4 ====
[10:06:11] planet 38: building queue full (5)
[10:06:11] planet 38: building queue full (5)
[10:06:11] planet 38: building queue full (5)
[10:06:11] planet 38: building queue full (5)
[10:06:11] research: blocked research_energy_technology (building_laboratory 0/1)
[2026-05-12 10:06:53] ==== loop 46/∞ | seed=964978156982503991 archetype=turtle personality=minero focus=tech actions_per_loop=4 ====
[10:06:57] planet 38: building queue full (5)
[10:06:57] planet 38: building queue full (5)
[10:06:57] planet 38: building queue full (5)
[10:06:57] planet 38: building queue full (5)
[2026-05-12 10:07:38] ==== loop 47/∞ | seed=964978156982503991 archetype=turtle personality=minero focus=tech actions_per_loop=4 ====
[10:07:41] planet 38: building queue full (5)
[10:07:41] planet 38: building queue full (5)
[10:07:41] planet 38: building queue full (5)
[10:07:41] planet 38: building queue full (5)
[2026-05-12 10:08:24] ==== loop 48/∞ | seed=964978156982503991 archetype=turtle personality=minero focus=tech actions_per_loop=4 ====
[10:08:25] planet 38: building queue full (5)
[10:08:25] planet 38: building queue full (5)
[10:08:25] planet 38: building queue full (5)
[10:08:25] research: blocked research_energy_technology (building_laboratory 0/1)
[2026-05-12 10:09:07] ==== loop 49/∞ | seed=964978156982503991 archetype=turtle personality=minero focus=tech actions_per_loop=4 ====
[10:09:09] planet 38: building queue full (5)
[10:09:09] planet 38: building queue full (5)
[10:09:09] planet 38: building queue full (5)
[10:09:09] planet 38: building queue full (5)
[10:09:09] research: blocked research_energy_technology (building_laboratory 0/1)
[2026-05-12 10:09:52] ==== loop 50/∞ | seed=964978156982503991 archetype=turtle personality=minero focus=tech actions_per_loop=4 ====
[10:09:53] planet 38: building queue full (5)
[10:09:53] planet 38: building queue full (5)
[10:09:53] planet 38: building queue full (5)
[2026-05-12 10:10:33] ==== loop 51/∞ | seed=964978156982503991 archetype=turtle personality=minero focus=tech actions_per_loop=4 ====
[10:10:35] planet 38: building queue full (5)
[10:10:35] planet 38: building queue full (5)
[10:10:35] planet 38: building queue full (5)
[2026-05-12 10:11:23] ==== loop 1/∞ | seed=964978156982503991 archetype=turtle personality=minero focus=tech actions_per_loop=4 ====
[10:11:25] planet 38: building queue full (5)
[10:11:25] planet 38: building queue full (5)
[10:11:25] planet 38: building queue full (5)
[10:11:25] planet 38: building queue full (5)
[10:11:25] research: blocked research_energy_technology (building_laboratory 0/1)
[2026-05-12 10:11:58] ==== loop 2/∞ | seed=964978156982503991 archetype=turtle personality=minero focus=tech actions_per_loop=4 ====
[10:11:59] planet 38: building queue full (5)
[10:11:59] planet 38: building queue full (5)
[10:11:59] planet 38: building queue full (5)
[2026-05-12 10:12:31] ==== loop 3/∞ | seed=964978156982503991 archetype=turtle personality=minero focus=tech actions_per_loop=4 ====
[10:12:34] planet 38: building queue full (5)
[10:12:34] planet 38: building queue full (5)
[10:12:34] planet 38: building queue full (5)
[10:12:34] planet 38: building queue full (5)
[10:12:34] research: blocked research_energy_technology (building_laboratory 0/1)
[2026-05-12 10:13:08] ==== loop 4/∞ | seed=964978156982503991 archetype=turtle personality=minero focus=tech actions_per_loop=4 ====
[10:13:10] planet 38: building queue full (5)
[10:13:10] planet 38: building queue full (5)
[10:13:10] planet 38: building queue full (5)
[10:13:10] planet 38: building queue full (5)
[2026-05-12 10:13:40] ==== loop 5/∞ | seed=964978156982503991 archetype=turtle personality=minero focus=tech actions_per_loop=4 ====
[10:13:43] planet 38: building queue full (5)
[10:13:43] planet 38: building queue full (5)
[10:13:43] planet 38: building queue full (5)
[2026-05-12 10:14:14] ==== loop 6/∞ | seed=964978156982503991 archetype=turtle personality=minero focus=tech actions_per_loop=4 ====
[10:14:16] planet 38: building queue full (5)
[10:14:16] planet 38: building queue full (5)
[10:14:16] planet 38: building queue full (5)
[10:14:16] research: blocked research_energy_technology (building_laboratory 0/1)
[2026-05-12 10:14:47] ==== loop 7/∞ | seed=964978156982503991 archetype=turtle personality=minero focus=tech actions_per_loop=4 ====
[10:14:50] planet 38: building queue full (5)
[10:14:50] planet 38: building queue full (5)
[10:14:50] planet 38: building queue full (5)
[10:14:50] planet 38: building queue full (5)
[10:14:50] research: blocked research_energy_technology (building_laboratory 0/1)
[2026-05-12 10:15:28] ==== loop 8/∞ | seed=964978156982503991 archetype=turtle personality=minero focus=tech actions_per_loop=4 ====
[10:15:30] planet 38: building queue full (5)
[10:15:30] planet 38: building queue full (5)
[10:15:30] planet 38: building queue full (5)
[10:15:30] research: blocked research_energy_technology (building_laboratory 0/1)
[2026-05-12 10:16:06] ==== loop 9/∞ | seed=964978156982503991 archetype=turtle personality=minero focus=tech actions_per_loop=4 ====
[10:16:08] planet 38: building queue full (5)
[10:16:08] planet 38: building queue full (5)
[10:16:08] planet 38: building queue full (5)
[2026-05-12 10:16:44] ==== loop 10/∞ | seed=964978156982503991 archetype=turtle personality=minero focus=tech actions_per_loop=4 ====
[10:16:47] planet 38: building queue full (5)
[10:16:47] planet 38: building queue full (5)
[10:16:47] planet 38: building queue full (5)
[10:16:47] planet 38: building queue full (5)
[10:16:47] research: blocked research_energy_technology (building_laboratory 0/1)
[2026-05-12 10:17:18] ==== loop 11/∞ | seed=964978156982503991 archetype=turtle personality=minero focus=tech actions_per_loop=4 ====
[10:17:21] planet 38: building queue full (5)
[10:17:21] planet 38: building queue full (5)
[10:17:21] planet 38: building queue full (5)
[10:17:21] planet 38: building queue full (5)
[2026-05-12 10:17:57] ==== loop 12/∞ | seed=964978156982503991 archetype=turtle personality=minero focus=tech actions_per_loop=4 ====
[10:17:59] planet 38: building queue full (5)
[10:17:59] planet 38: building queue full (5)
[10:17:59] planet 38: building queue full (5)
[2026-05-12 10:18:37] ==== loop 13/∞ | seed=964978156982503991 archetype=turtle personality=minero focus=tech actions_per_loop=4 ====
[10:18:39] planet 38: building queue full (5)
[10:18:39] planet 38: building queue full (5)
[10:18:39] planet 38: building queue full (5)
[10:18:39] planet 38: building queue full (5)
[2026-05-12 10:19:14] ==== loop 14/∞ | seed=964978156982503991 archetype=turtle personality=minero focus=tech actions_per_loop=4 ====
[10:19:17] planet 38: building queue full (5)
[10:19:17] planet 38: building queue full (5)
[10:19:17] planet 38: building queue full (5)
[10:19:17] planet 38: building queue full (5)
[2026-05-12 10:19:53] ==== loop 15/∞ | seed=964978156982503991 archetype=turtle personality=minero focus=tech actions_per_loop=4 ====
[10:19:54] planet 38: building queue full (5)
[10:19:54] planet 38: building queue full (5)
[10:19:54] planet 38: building queue full (5)
[2026-05-12 10:20:29] ==== loop 16/∞ | seed=964978156982503991 archetype=turtle personality=minero focus=tech actions_per_loop=4 ====
[10:20:32] planet 38: building queue full (5)
[10:20:32] planet 38: building queue full (5)
[10:20:32] planet 38: building queue full (5)
[10:20:32] planet 38: building queue full (5)
[10:20:32] research: blocked research_energy_technology (building_laboratory 0/1)
[2026-05-12 10:21:08] ==== loop 17/∞ | seed=964978156982503991 archetype=turtle personality=minero focus=tech actions_per_loop=4 ====
[10:21:10] planet 38: building queue full (5)
[10:21:10] planet 38: building queue full (5)
[10:21:10] planet 38: building queue full (5)
[10:21:10] planet 38: building queue full (5)
[10:21:10] research: blocked research_energy_technology (building_laboratory 0/1)
[2026-05-12 10:21:42] ==== loop 18/∞ | seed=964978156982503991 archetype=turtle personality=minero focus=tech actions_per_loop=4 ====
[10:21:44] planet 38: building queue full (5)
[10:21:44] planet 38: building queue full (5)
[10:21:44] planet 38: building queue full (5)
[2026-05-12 10:22:18] ==== loop 19/∞ | seed=964978156982503991 archetype=turtle personality=minero focus=tech actions_per_loop=4 ====
[10:22:20] planet 38: building queue full (5)
[10:22:20] planet 38: building queue full (5)
[10:22:20] planet 38: building queue full (5)
[10:22:20] research: blocked research_energy_technology (building_laboratory 0/1)
[2026-05-12 10:22:55] ==== loop 20/∞ | seed=964978156982503991 archetype=turtle personality=minero focus=tech actions_per_loop=4 ====
[10:22:57] planet 38: building queue full (5)
[10:22:57] planet 38: building queue full (5)
[10:22:57] planet 38: building queue full (5)
[10:22:57] planet 38: building queue full (5)
[2026-05-12 10:23:30] ==== loop 21/∞ | seed=964978156982503991 archetype=turtle personality=minero focus=tech actions_per_loop=4 ====
[10:23:33] planet 38: building queue full (5)
[10:23:33] planet 38: building queue full (5)
[10:23:33] planet 38: building queue full (5)
[10:23:33] planet 38: building queue full (5)
[10:23:33] research: blocked research_energy_technology (building_laboratory 0/1)
[2026-05-12 10:24:08] ==== loop 22/∞ | seed=964978156982503991 archetype=turtle personality=minero focus=tech actions_per_loop=4 ====
[10:24:11] planet 38: building queue full (5)
[10:24:11] planet 38: building queue full (5)
[10:24:11] planet 38: building queue full (5)
[10:24:11] planet 38: building queue full (5)
[10:24:11] research: blocked research_energy_technology (building_laboratory 0/1)
[2026-05-12 10:24:45] ==== loop 23/∞ | seed=964978156982503991 archetype=turtle personality=minero focus=tech actions_per_loop=4 ====
[10:24:47] planet 38: building queue full (5)
[10:24:47] planet 38: building queue full (5)
[10:24:47] planet 38: building queue full (5)
[10:24:47] planet 38: building queue full (5)
[10:24:47] research: blocked research_energy_technology (building_laboratory 0/1)
[2026-05-12 10:25:20] ==== loop 24/∞ | seed=964978156982503991 archetype=turtle personality=minero focus=tech actions_per_loop=4 ====
[10:25:22] planet 38: building queue full (5)
[10:25:22] planet 38: building queue full (5)
[10:25:22] planet 38: building queue full (5)
[10:25:22] research: blocked research_energy_technology (building_laboratory 0/1)
[2026-05-12 10:26:00] ==== loop 25/∞ | seed=964978156982503991 archetype=turtle personality=minero focus=tech actions_per_loop=4 ====
[10:26:02] planet 38: building queue full (5)
[10:26:02] planet 38: building queue full (5)
[10:26:02] planet 38: building queue full (5)
[2026-05-12 10:26:35] ==== loop 26/∞ | seed=964978156982503991 archetype=turtle personality=minero focus=tech actions_per_loop=4 ====
[10:26:38] planet 38: building queue full (5)
[10:26:38] planet 38: building queue full (5)
[10:26:38] planet 38: building queue full (5)
[10:26:38] planet 38: building queue full (5)
[10:26:38] research: blocked research_energy_technology (building_laboratory 0/1)
[2026-05-12 10:27:13] ==== loop 27/∞ | seed=964978156982503991 archetype=turtle personality=minero focus=tech actions_per_loop=4 ====
[10:27:16] planet 38: building queue full (5)
[10:27:16] planet 38: building queue full (5)
[10:27:16] planet 38: building queue full (5)
[10:27:16] planet 38: building queue full (5)
[2026-05-12 10:27:53] ==== loop 28/∞ | seed=964978156982503991 archetype=turtle personality=minero focus=tech actions_per_loop=4 ====
[10:27:56] planet 38: building queue full (5)
[10:27:56] planet 38: building queue full (5)
[10:27:56] planet 38: building queue full (5)
[10:27:56] planet 38: building queue full (5)
[2026-05-12 10:28:34] ==== loop 29/∞ | seed=964978156982503991 archetype=turtle personality=minero focus=tech actions_per_loop=4 ====
[10:28:37] planet 38: building queue full (5)
[10:28:37] planet 38: building queue full (5)
[10:28:37] planet 38: building queue full (5)
[10:28:37] planet 38: building queue full (5)
[10:28:37] research: blocked research_energy_technology (building_laboratory 0/1)
[2026-05-12 10:29:12] ==== loop 30/∞ | seed=964978156982503991 archetype=turtle personality=minero focus=tech actions_per_loop=4 ====
[10:29:14] planet 38: building queue full (5)
[10:29:14] planet 38: building queue full (5)
[10:29:14] planet 38: building queue full (5)
[10:29:14] planet 38: building queue full (5)
[10:29:14] research: blocked research_energy_technology (building_laboratory 0/1)
[2026-05-12 10:29:51] ==== loop 31/∞ | seed=964978156982503991 archetype=turtle personality=minero focus=tech actions_per_loop=4 ====
[10:29:53] planet 38: building queue full (5)
[10:29:53] planet 38: building queue full (5)
[10:29:53] planet 38: building queue full (5)
[10:29:53] planet 38: building queue full (5)
[10:29:53] research: blocked research_energy_technology (building_laboratory 0/1)
[2026-05-12 10:30:28] ==== loop 32/∞ | seed=964978156982503991 archetype=turtle personality=minero focus=tech actions_per_loop=4 ====
[10:30:30] planet 38: building queue full (5)
[10:30:30] planet 38: building queue full (5)
[10:30:30] planet 38: building queue full (5)
[10:30:30] planet 38: building queue full (5)
[2026-05-12 10:31:06] ==== loop 33/∞ | seed=964978156982503991 archetype=turtle personality=minero focus=tech actions_per_loop=4 ====
[10:31:09] planet 38: building queue full (5)
[10:31:09] planet 38: building queue full (5)
[10:31:09] planet 38: building queue full (5)
[10:31:09] research: blocked research_energy_technology (building_laboratory 0/1)
[2026-05-12 10:31:49] ==== loop 34/∞ | seed=964978156982503991 archetype=turtle personality=minero focus=tech actions_per_loop=4 ====
[10:31:51] planet 38: building queue full (5)
[10:31:51] planet 38: building queue full (5)
[10:31:51] planet 38: building queue full (5)
[10:31:51] research: blocked research_energy_technology (building_laboratory 0/1)
[2026-05-12 10:32:32] ==== loop 35/∞ | seed=964978156982503991 archetype=turtle personality=minero focus=tech actions_per_loop=4 ====
[10:32:34] planet 38: building queue full (5)
[10:32:34] planet 38: building queue full (5)
[10:32:34] planet 38: building queue full (5)
[10:32:34] planet 38: building queue full (5)
[2026-05-12 10:33:16] ==== loop 36/∞ | seed=964978156982503991 archetype=turtle personality=minero focus=tech actions_per_loop=4 ====
[10:33:18] planet 38: building queue full (5)
[10:33:18] planet 38: building queue full (5)
[10:33:18] planet 38: building queue full (5)
[10:33:18] planet 38: building queue full (5)
[10:33:18] research: blocked research_energy_technology (building_laboratory 0/1)
[2026-05-12 10:33:59] ==== loop 37/∞ | seed=964978156982503991 archetype=turtle personality=minero focus=tech actions_per_loop=4 ====
[10:34:01] planet 38: building queue full (5)
[10:34:01] planet 38: building queue full (5)
[10:34:01] planet 38: building queue full (5)
[10:34:01] planet 38: building queue full (5)
[10:34:01] research: blocked research_energy_technology (building_laboratory 0/1)
[2026-05-12 10:34:39] ==== loop 38/∞ | seed=964978156982503991 archetype=turtle personality=minero focus=tech actions_per_loop=4 ====
[10:34:41] planet 38: building queue full (5)
[10:34:41] planet 38: building queue full (5)
[10:34:41] planet 38: building queue full (5)
[2026-05-12 10:35:21] ==== loop 39/∞ | seed=964978156982503991 archetype=turtle personality=minero focus=tech actions_per_loop=4 ====
[10:35:22] planet 38: building queue full (5)
[10:35:22] planet 38: building queue full (5)
[10:35:22] planet 38: building queue full (5)
[2026-05-12 10:35:59] ==== loop 40/∞ | seed=964978156982503991 archetype=turtle personality=minero focus=tech actions_per_loop=4 ====
[10:36:01] planet 38: building queue full (5)
[10:36:01] planet 38: building queue full (5)
[10:36:01] planet 38: building queue full (5)
[2026-05-12 10:36:38] ==== loop 41/∞ | seed=964978156982503991 archetype=turtle personality=minero focus=tech actions_per_loop=4 ====
[10:36:41] planet 38: building queue full (5)
[10:36:41] planet 38: building queue full (5)
[10:36:41] planet 38: building queue full (5)
[10:36:41] planet 38: building queue full (5)
[2026-05-12 10:37:24] ==== loop 42/∞ | seed=964978156982503991 archetype=turtle personality=minero focus=tech actions_per_loop=4 ====
[10:37:26] planet 38: building queue full (5)
[10:37:26] planet 38: building queue full (5)
[10:37:26] planet 38: building queue full (5)
[10:37:26] planet 38: building queue full (5)
[2026-05-12 10:38:10] ==== loop 43/∞ | seed=964978156982503991 archetype=turtle personality=minero focus=tech actions_per_loop=4 ====
[10:38:12] planet 38: building queue full (5)
[10:38:12] planet 38: building queue full (5)
[10:38:12] planet 38: building queue full (5)
[10:38:12] research: blocked research_energy_technology (building_laboratory 0/1)
[2026-05-12 10:38:54] ==== loop 44/∞ | seed=964978156982503991 archetype=turtle personality=minero focus=tech actions_per_loop=4 ====
[10:38:57] planet 38: building queue full (5)
[10:38:57] planet 38: building queue full (5)
[10:38:57] planet 38: building queue full (5)
[10:38:57] planet 38: building queue full (5)
[2026-05-12 10:39:45] ==== loop 45/∞ | seed=964978156982503991 archetype=turtle personality=minero focus=tech actions_per_loop=4 ====
[10:39:47] planet 38: building queue full (5)
[10:39:47] planet 38: building queue full (5)
[10:39:47] planet 38: building queue full (5)
[10:39:47] research: blocked research_energy_technology (building_laboratory 0/1)
[2026-05-12 10:40:21] ==== loop 46/∞ | seed=964978156982503991 archetype=turtle personality=minero focus=tech actions_per_loop=4 ====
[10:40:24] planet 38: building queue full (5)
[10:40:24] planet 38: building queue full (5)
[10:40:24] planet 38: building queue full (5)
[2026-05-12 10:41:01] ==== loop 47/∞ | seed=964978156982503991 archetype=turtle personality=minero focus=tech actions_per_loop=4 ====
[10:41:04] planet 38: building queue full (5)
[10:41:04] planet 38: building queue full (5)
[10:41:04] planet 38: building queue full (5)
[2026-05-12 10:41:45] ==== loop 48/∞ | seed=964978156982503991 archetype=turtle personality=minero focus=tech actions_per_loop=4 ====
[10:41:47] planet 38: building queue full (5)
[10:41:47] planet 38: building queue full (5)
[10:41:47] planet 38: building queue full (5)
[2026-05-12 10:42:25] ==== loop 49/∞ | seed=964978156982503991 archetype=turtle personality=minero focus=tech actions_per_loop=4 ====
[10:42:28] planet 38: building queue full (5)
[10:42:28] planet 38: building queue full (5)
[10:42:28] planet 38: building queue full (5)
[10:42:28] planet 38: building queue full (5)
[10:42:28] research: blocked research_energy_technology (building_laboratory 0/1)
[2026-05-12 10:43:07] ==== loop 50/∞ | seed=964978156982503991 archetype=turtle personality=minero focus=tech actions_per_loop=4 ====
[10:43:10] planet 38: building queue full (5)
[10:43:10] planet 38: building queue full (5)
[10:43:10] planet 38: building queue full (5)
[10:43:10] planet 38: building queue full (5)
[2026-05-12 10:43:56] ==== loop 51/∞ | seed=964978156982503991 archetype=turtle personality=minero focus=tech actions_per_loop=4 ====
[10:44:00] planet 38: building queue full (5)
[10:44:00] planet 38: building queue full (5)
[10:44:00] planet 38: building queue full (5)
[10:44:00] planet 38: building queue full (5)
[10:44:00] research: blocked research_energy_technology (building_laboratory 0/1)
[2026-05-12 10:44:39] ==== loop 1/∞ | seed=964978156982503991 archetype=turtle personality=minero focus=tech actions_per_loop=4 ====
[10:44:42] planet 38: building queue full (5)
[10:44:42] planet 38: building queue full (5)
[10:44:42] planet 38: building queue full (5)
[2026-05-12 10:45:28] ==== loop 2/∞ | seed=964978156982503991 archetype=turtle personality=minero focus=tech actions_per_loop=4 ====
[10:45:30] planet 38: building queue full (5)
[10:45:30] planet 38: building queue full (5)
[10:45:30] planet 38: building queue full (5)
[2026-05-12 10:46:10] ==== loop 3/∞ | seed=964978156982503991 archetype=turtle personality=minero focus=tech actions_per_loop=4 ====
[10:46:14] planet 38: building queue full (5)
[10:46:14] planet 38: building queue full (5)
[10:46:14] planet 38: building queue full (5)
[10:46:14] planet 38: building queue full (5)
[10:46:14] research: blocked research_energy_technology (building_laboratory 0/1)
[2026-05-12 10:46:52] ==== loop 4/∞ | seed=964978156982503991 archetype=turtle personality=minero focus=tech actions_per_loop=4 ====
[10:46:56] planet 38: building queue full (5)
[10:46:56] planet 38: building queue full (5)
[10:46:56] planet 38: building queue full (5)
[10:46:56] planet 38: building queue full (5)
[2026-05-12 10:47:32] ==== loop 5/∞ | seed=964978156982503991 archetype=turtle personality=minero focus=tech actions_per_loop=4 ====
[10:47:34] planet 38: building queue full (5)
[10:47:34] planet 38: building queue full (5)
[10:47:34] planet 38: building queue full (5)
[2026-05-12 10:48:10] ==== loop 6/∞ | seed=964978156982503991 archetype=turtle personality=minero focus=tech actions_per_loop=4 ====
[10:48:13] planet 38: building queue full (5)
[10:48:13] planet 38: building queue full (5)
[10:48:13] planet 38: building queue full (5)
[10:48:13] planet 38: building queue full (5)
[10:48:13] research: blocked research_energy_technology (building_laboratory 0/1)
[2026-05-12 10:48:51] ==== loop 7/∞ | seed=964978156982503991 archetype=turtle personality=minero focus=tech actions_per_loop=4 ====
[10:48:54] planet 38: building queue full (5)
[10:48:54] planet 38: building queue full (5)
[10:48:54] planet 38: building queue full (5)
[10:48:54] planet 38: building queue full (5)
[10:48:54] research: blocked research_energy_technology (building_laboratory 0/1)
[2026-05-12 10:49:31] ==== loop 8/∞ | seed=964978156982503991 archetype=turtle personality=minero focus=tech actions_per_loop=4 ====
[10:49:33] planet 38: building queue full (5)
[10:49:33] planet 38: building queue full (5)
[10:49:33] planet 38: building queue full (5)
[10:49:33] planet 38: building queue full (5)
[10:49:33] research: blocked research_energy_technology (building_laboratory 0/1)
[2026-05-12 10:50:13] ==== loop 9/∞ | seed=964978156982503991 archetype=turtle personality=minero focus=tech actions_per_loop=4 ====
[10:50:16] planet 38: building queue full (5)
[10:50:16] planet 38: building queue full (5)
[10:50:16] planet 38: building queue full (5)
[10:50:16] planet 38: building queue full (5)
[10:50:16] research: blocked research_energy_technology (building_laboratory 0/1)
[2026-05-12 10:50:59] ==== loop 10/∞ | seed=964978156982503991 archetype=turtle personality=minero focus=tech actions_per_loop=4 ====
[10:51:02] planet 38: building queue full (5)
[10:51:02] planet 38: building queue full (5)
[10:51:02] planet 38: building queue full (5)
[10:51:02] planet 38: building queue full (5)
[10:51:02] research: blocked research_energy_technology (building_laboratory 0/1)
[2026-05-12 10:51:47] ==== loop 11/∞ | seed=964978156982503991 archetype=turtle personality=minero focus=tech actions_per_loop=4 ====
[10:51:49] planet 38: building queue full (5)
[10:51:49] planet 38: building queue full (5)
[10:51:49] planet 38: building queue full (5)
[10:51:49] planet 38: building queue full (5)
[2026-05-12 10:52:30] ==== loop 12/∞ | seed=964978156982503991 archetype=turtle personality=minero focus=tech actions_per_loop=4 ====
[10:52:31] planet 38: building queue full (5)
[10:52:31] planet 38: building queue full (5)
[10:52:31] planet 38: building queue full (5)
[10:52:31] planet 38: building queue full (5)
[2026-05-12 10:53:11] ==== loop 13/∞ | seed=964978156982503991 archetype=turtle personality=minero focus=tech actions_per_loop=4 ====
[10:53:14] planet 38: building queue full (5)
[10:53:14] planet 38: building queue full (5)
[10:53:14] planet 38: building queue full (5)
[10:53:14] planet 38: building queue full (5)
[2026-05-12 10:53:58] ==== loop 14/∞ | seed=964978156982503991 archetype=turtle personality=minero focus=tech actions_per_loop=4 ====
[10:54:00] planet 38: building queue full (5)
[10:54:00] planet 38: building queue full (5)
[10:54:00] planet 38: building queue full (5)
[10:54:00] planet 38: building queue full (5)
[10:54:00] research: blocked research_energy_technology (building_laboratory 0/1)
[2026-05-12 10:54:42] ==== loop 15/∞ | seed=964978156982503991 archetype=turtle personality=minero focus=tech actions_per_loop=4 ====
[10:54:45] planet 38: building queue full (5)
[10:54:45] planet 38: building queue full (5)
[10:54:45] planet 38: building queue full (5)
[10:54:45] planet 38: building queue full (5)
[2026-05-12 10:55:24] ==== loop 16/∞ | seed=964978156982503991 archetype=turtle personality=minero focus=tech actions_per_loop=4 ====
[10:55:27] planet 38: building queue full (5)
[10:55:27] planet 38: building queue full (5)
[10:55:27] planet 38: building queue full (5)
[10:55:27] planet 38: building queue full (5)
[10:55:27] research: blocked research_energy_technology (building_laboratory 0/1)
[2026-05-12 10:56:12] ==== loop 17/∞ | seed=964978156982503991 archetype=turtle personality=minero focus=tech actions_per_loop=4 ====
[10:56:15] planet 38: building queue full (5)
[10:56:15] planet 38: building queue full (5)
[10:56:15] planet 38: building queue full (5)
[10:56:15] planet 38: building queue full (5)
[10:56:15] research: blocked research_energy_technology (building_laboratory 0/1)
[2026-05-12 10:56:54] ==== loop 18/∞ | seed=964978156982503991 archetype=turtle personality=minero focus=tech actions_per_loop=4 ====
[10:56:57] planet 38: building queue full (5)
[10:56:57] planet 38: building queue full (5)
[10:56:57] planet 38: building queue full (5)
[10:56:57] planet 38: building queue full (5)
[10:56:57] research: blocked research_energy_technology (building_laboratory 0/1)
[2026-05-12 10:57:38] ==== loop 19/∞ | seed=964978156982503991 archetype=turtle personality=minero focus=tech actions_per_loop=4 ====
[10:57:41] planet 38: building queue full (5)
[10:57:41] planet 38: building queue full (5)
[10:57:41] planet 38: building queue full (5)
[10:57:41] planet 38: building queue full (5)
[10:57:41] research: blocked research_energy_technology (building_laboratory 0/1)
[2026-05-12 10:58:23] ==== loop 20/∞ | seed=964978156982503991 archetype=turtle personality=minero focus=tech actions_per_loop=4 ====
[10:58:26] planet 38: building queue full (5)
[10:58:26] planet 38: building queue full (5)
[10:58:26] planet 38: building queue full (5)
[10:58:26] planet 38: building queue full (5)
[10:58:26] research: blocked research_energy_technology (building_laboratory 0/1)
[2026-05-12 10:59:08] ==== loop 21/∞ | seed=964978156982503991 archetype=turtle personality=minero focus=tech actions_per_loop=4 ====
[10:59:10] planet 38: building queue full (5)
[10:59:10] planet 38: building queue full (5)
[10:59:10] planet 38: building queue full (5)
[10:59:10] planet 38: building queue full (5)
[2026-05-12 10:59:48] ==== loop 22/∞ | seed=964978156982503991 archetype=turtle personality=minero focus=tech actions_per_loop=4 ====
[10:59:51] planet 38: building queue full (5)
[10:59:51] planet 38: building queue full (5)
[10:59:51] planet 38: building queue full (5)
[10:59:51] planet 38: building queue full (5)
[10:59:51] research: blocked research_energy_technology (building_laboratory 0/1)
[2026-05-12 11:00:32] ==== loop 23/∞ | seed=964978156982503991 archetype=turtle personality=minero focus=tech actions_per_loop=4 ====
[11:00:35] planet 38: building queue full (5)
[11:00:35] planet 38: building queue full (5)
[11:00:35] planet 38: building queue full (5)
[11:00:35] planet 38: building queue full (5)
[11:00:35] research: blocked research_energy_technology (building_laboratory 0/1)
[2026-05-12 11:01:16] ==== loop 24/∞ | seed=964978156982503991 archetype=turtle personality=minero focus=tech actions_per_loop=4 ====
[11:01:20] planet 38: building queue full (5)
[11:01:20] planet 38: building queue full (5)
[11:01:20] planet 38: building queue full (5)
[11:01:20] planet 38: building queue full (5)
[11:01:20] research: blocked research_energy_technology (building_laboratory 0/1)
[2026-05-12 11:01:59] ==== loop 25/∞ | seed=964978156982503991 archetype=turtle personality=minero focus=tech actions_per_loop=4 ====
[11:02:01] planet 38: building queue full (5)
[11:02:01] planet 38: building queue full (5)
[11:02:01] planet 38: building queue full (5)
[2026-05-12 11:02:43] ==== loop 26/∞ | seed=964978156982503991 archetype=turtle personality=minero focus=tech actions_per_loop=4 ====
[11:02:47] planet 38: building queue full (5)
[11:02:47] planet 38: building queue full (5)
[11:02:47] planet 38: building queue full (5)
[11:02:47] planet 38: building queue full (5)
[2026-05-12 11:03:32] ==== loop 27/∞ | seed=964978156982503991 archetype=turtle personality=minero focus=tech actions_per_loop=4 ====
[11:03:35] planet 38: building queue full (5)
[11:03:35] planet 38: building queue full (5)
[11:03:35] planet 38: building queue full (5)
[2026-05-12 11:04:20] ==== loop 28/∞ | seed=964978156982503991 archetype=turtle personality=minero focus=tech actions_per_loop=4 ====
[11:04:23] planet 38: building queue full (5)
[11:04:23] planet 38: building queue full (5)
[11:04:23] planet 38: building queue full (5)
[11:04:23] planet 38: building queue full (5)
[11:04:23] research: blocked research_energy_technology (building_laboratory 0/1)
[2026-05-12 11:05:07] ==== loop 29/∞ | seed=964978156982503991 archetype=turtle personality=minero focus=tech actions_per_loop=4 ====
[11:05:10] planet 38: building queue full (5)
[11:05:10] planet 38: building queue full (5)
[11:05:10] planet 38: building queue full (5)
[11:05:10] planet 38: building queue full (5)
[2026-05-12 11:05:54] ==== loop 30/∞ | seed=964978156982503991 archetype=turtle personality=minero focus=tech actions_per_loop=4 ====
[11:05:56] planet 38: building queue full (5)
[11:05:56] planet 38: building queue full (5)
[11:05:56] planet 38: building queue full (5)
[11:05:56] planet 38: building queue full (5)
[11:05:56] research: blocked research_energy_technology (building_laboratory 0/1)
[2026-05-12 11:06:38] ==== loop 31/∞ | seed=964978156982503991 archetype=turtle personality=minero focus=tech actions_per_loop=4 ====
[11:06:40] planet 38: building queue full (5)
[11:06:40] planet 38: building queue full (5)
[11:06:40] planet 38: building queue full (5)
[11:06:40] planet 38: building queue full (5)
[11:06:40] research: blocked research_energy_technology (building_laboratory 0/1)
[2026-05-12 11:07:29] ==== loop 32/∞ | seed=964978156982503991 archetype=turtle personality=minero focus=tech actions_per_loop=4 ====
[11:07:32] planet 38: building queue full (5)
[11:07:32] planet 38: building queue full (5)
[11:07:32] planet 38: building queue full (5)
[11:07:32] planet 38: building queue full (5)
[2026-05-12 11:08:13] ==== loop 33/∞ | seed=964978156982503991 archetype=turtle personality=minero focus=tech actions_per_loop=4 ====
[11:08:15] planet 38: building queue full (5)
[11:08:15] planet 38: building queue full (5)
[11:08:15] planet 38: building queue full (5)
[2026-05-12 11:08:57] ==== loop 34/∞ | seed=964978156982503991 archetype=turtle personality=minero focus=tech actions_per_loop=4 ====
[11:08:59] planet 38: building queue full (5)
[11:08:59] planet 38: building queue full (5)
[11:08:59] planet 38: building queue full (5)
[11:08:59] research: blocked research_energy_technology (building_laboratory 0/1)
[2026-05-12 11:09:44] ==== loop 35/∞ | seed=964978156982503991 archetype=turtle personality=minero focus=tech actions_per_loop=4 ====
[11:09:47] planet 38: building queue full (5)
[11:09:47] planet 38: building queue full (5)
[11:09:47] planet 38: building queue full (5)
[11:09:47] planet 38: building queue full (5)
[11:09:47] research: blocked research_energy_technology (building_laboratory 0/1)
[2026-05-12 11:10:28] ==== loop 36/∞ | seed=964978156982503991 archetype=turtle personality=minero focus=tech actions_per_loop=4 ====
[11:10:31] planet 38: building queue full (5)
[11:10:31] planet 38: building queue full (5)
[11:10:31] planet 38: building queue full (5)
[11:10:31] planet 38: building queue full (5)
[2026-05-12 11:11:13] ==== loop 37/∞ | seed=964978156982503991 archetype=turtle personality=minero focus=tech actions_per_loop=4 ====
[11:11:16] planet 38: building queue full (5)
[11:11:16] planet 38: building queue full (5)
[11:11:16] planet 38: building queue full (5)
[11:11:16] planet 38: building queue full (5)
[2026-05-12 11:11:57] ==== loop 38/∞ | seed=964978156982503991 archetype=turtle personality=minero focus=tech actions_per_loop=4 ====
[11:11:59] planet 38: building queue full (5)
[11:11:59] planet 38: building queue full (5)
[11:11:59] planet 38: building queue full (5)
[11:11:59] planet 38: building queue full (5)
[11:11:59] research: blocked research_energy_technology (building_laboratory 0/1)
[2026-05-12 11:12:37] ==== loop 39/∞ | seed=964978156982503991 archetype=turtle personality=minero focus=tech actions_per_loop=4 ====
[11:12:40] planet 38: building queue full (5)
[11:12:40] planet 38: building queue full (5)
[11:12:40] planet 38: building queue full (5)
[11:12:40] planet 38: building queue full (5)
[11:12:40] research: blocked research_energy_technology (building_laboratory 0/1)
[2026-05-12 11:13:18] ==== loop 40/∞ | seed=964978156982503991 archetype=turtle personality=minero focus=tech actions_per_loop=4 ====
[11:13:21] planet 38: building queue full (5)
[11:13:21] planet 38: building queue full (5)
[11:13:21] planet 38: building queue full (5)
[11:13:21] planet 38: building queue full (5)
[11:13:21] research: blocked research_energy_technology (building_laboratory 0/1)
[2026-05-12 11:14:05] ==== loop 41/∞ | seed=964978156982503991 archetype=turtle personality=minero focus=tech actions_per_loop=4 ====
[11:14:08] planet 38: building queue full (5)
[11:14:08] planet 38: building queue full (5)
[11:14:08] planet 38: building queue full (5)
[11:14:08] planet 38: building queue full (5)
[2026-05-12 11:14:46] ==== loop 42/∞ | seed=964978156982503991 archetype=turtle personality=minero focus=tech actions_per_loop=4 ====
[11:14:47] planet 38: building queue full (5)
[11:14:47] planet 38: building queue full (5)
[11:14:47] planet 38: building queue full (5)
[11:14:47] research: blocked research_energy_technology (building_laboratory 0/1)
[2026-05-12 11:15:37] ==== loop 43/∞ | seed=964978156982503991 archetype=turtle personality=minero focus=tech actions_per_loop=4 ====
[11:15:39] planet 38: building queue full (5)
[11:15:39] planet 38: building queue full (5)
[11:15:39] planet 38: building queue full (5)
[11:15:39] planet 38: building queue full (5)
[11:15:39] research: blocked research_energy_technology (building_laboratory 0/1)
[2026-05-12 11:16:24] ==== loop 44/∞ | seed=964978156982503991 archetype=turtle personality=minero focus=tech actions_per_loop=4 ====
[11:16:28] planet 38: building queue full (5)
[11:16:28] planet 38: building queue full (5)
[11:16:28] planet 38: building queue full (5)
[11:16:28] planet 38: building queue full (5)
[2026-05-12 11:17:13] ==== loop 45/∞ | seed=964978156982503991 archetype=turtle personality=minero focus=tech actions_per_loop=4 ====
[11:17:15] planet 38: building queue full (5)
[11:17:15] planet 38: building queue full (5)
[11:17:15] planet 38: building queue full (5)
[11:17:15] planet 38: building queue full (5)
[2026-05-12 11:18:02] ==== loop 46/∞ | seed=964978156982503991 archetype=turtle personality=minero focus=tech actions_per_loop=4 ====
[11:18:05] planet 38: building queue full (5)
[11:18:05] planet 38: building queue full (5)
[11:18:05] planet 38: building queue full (5)
[11:18:05] planet 38: building queue full (5)
[11:18:05] research: blocked research_energy_technology (building_laboratory 0/1)
[2026-05-12 11:18:49] ==== loop 47/∞ | seed=964978156982503991 archetype=turtle personality=minero focus=tech actions_per_loop=4 ====
[11:18:51] planet 38: building queue full (5)
[11:18:51] planet 38: building queue full (5)
[11:18:51] planet 38: building queue full (5)
[11:18:51] planet 38: building queue full (5)
[2026-05-12 11:19:35] ==== loop 48/∞ | seed=964978156982503991 archetype=turtle personality=minero focus=tech actions_per_loop=4 ====
[11:19:37] planet 38: building queue full (5)
[11:19:37] planet 38: building queue full (5)
[11:19:37] planet 38: building queue full (5)
[11:19:37] planet 38: building queue full (5)
[2026-05-12 11:20:16] ==== loop 49/∞ | seed=964978156982503991 archetype=turtle personality=minero focus=tech actions_per_loop=4 ====
[11:20:20] planet 38: building queue full (5)
[11:20:20] planet 38: building queue full (5)
[11:20:20] planet 38: building queue full (5)
[11:20:20] planet 38: building queue full (5)
[11:20:20] research: blocked research_energy_technology (building_laboratory 0/1)
[2026-05-12 11:21:03] ==== loop 50/∞ | seed=964978156982503991 archetype=turtle personality=minero focus=tech actions_per_loop=4 ====
[11:21:05] planet 38: building queue full (5)
[11:21:05] planet 38: building queue full (5)
[11:21:05] planet 38: building queue full (5)
[11:21:05] planet 38: building queue full (5)
[11:21:05] research: blocked research_energy_technology (building_laboratory 0/1)
[2026-05-12 11:21:43] ==== loop 51/∞ | seed=964978156982503991 archetype=turtle personality=minero focus=tech actions_per_loop=4 ====
[11:21:46] planet 38: building queue full (5)
[11:21:46] planet 38: building queue full (5)
[11:21:46] planet 38: building queue full (5)
[11:21:46] planet 38: building queue full (5)
[2026-05-12 11:22:24] ==== loop 52/∞ | seed=964978156982503991 archetype=turtle personality=minero focus=tech actions_per_loop=4 ====
[11:22:26] planet 38: building queue full (5)
[11:22:26] planet 38: building queue full (5)
[11:22:26] planet 38: building queue full (5)
[11:22:26] planet 38: building queue full (5)
[11:22:26] research: blocked research_energy_technology (building_laboratory 0/1)
[2026-05-12 11:23:06] ==== loop 53/∞ | seed=964978156982503991 archetype=turtle personality=minero focus=tech actions_per_loop=4 ====
[11:23:09] planet 38: building queue full (5)
[11:23:09] planet 38: building queue full (5)
[11:23:09] planet 38: building queue full (5)
[11:23:09] planet 38: building queue full (5)
[11:23:09] research: blocked research_energy_technology (building_laboratory 0/1)
[2026-05-12 11:23:49] ==== loop 54/∞ | seed=964978156982503991 archetype=turtle personality=minero focus=tech actions_per_loop=4 ====
[11:23:52] planet 38: building queue full (5)
[11:23:52] planet 38: building queue full (5)
[11:23:52] planet 38: building queue full (5)
[11:23:52] planet 38: building queue full (5)
[2026-05-12 11:24:30] ==== loop 55/∞ | seed=964978156982503991 archetype=turtle personality=minero focus=tech actions_per_loop=4 ====
[11:24:31] planet 38: building queue full (5)
[11:24:31] planet 38: building queue full (5)
[11:24:31] planet 38: building queue full (5)
[11:24:31] research: blocked research_energy_technology (building_laboratory 0/1)
[2026-05-12 11:25:09] ==== loop 56/∞ | seed=964978156982503991 archetype=turtle personality=minero focus=tech actions_per_loop=4 ====
[11:25:12] planet 38: building queue full (5)
[11:25:12] planet 38: building queue full (5)
[11:25:12] planet 38: building queue full (5)
[11:25:12] planet 38: building queue full (5)
[11:25:12] research: blocked research_energy_technology (building_laboratory 0/1)
[2026-05-12 11:25:55] ==== loop 57/∞ | seed=964978156982503991 archetype=turtle personality=minero focus=tech actions_per_loop=4 ====
[11:25:56] planet 38: building queue full (5)
[11:25:56] planet 38: building queue full (5)
[11:25:56] planet 38: building queue full (5)
[2026-05-12 11:26:33] ==== loop 58/∞ | seed=964978156982503991 archetype=turtle personality=minero focus=tech actions_per_loop=4 ====
[11:26:36] planet 38: building queue full (5)
[11:26:36] planet 38: building queue full (5)
[11:26:36] planet 38: building queue full (5)
[11:26:36] planet 38: building queue full (5)
[11:26:36] research: blocked research_energy_technology (building_laboratory 0/1)
[2026-05-12 11:27:12] ==== loop 59/∞ | seed=964978156982503991 archetype=turtle personality=minero focus=tech actions_per_loop=4 ====
[11:27:13] planet 38: building queue full (5)
[11:27:13] planet 38: building queue full (5)
[11:27:13] planet 38: building queue full (5)
[2026-05-12 11:27:58] ==== loop 60/∞ | seed=964978156982503991 archetype=turtle personality=minero focus=tech actions_per_loop=4 ====
[11:27:58] planet 38: building queue full (5)
[11:27:58] planet 38: building queue full (5)
[11:27:58] planet 38: building queue full (5)
[2026-05-12 11:28:37] ==== loop 61/∞ | seed=964978156982503991 archetype=turtle personality=minero focus=tech actions_per_loop=4 ====
[11:28:40] planet 38: building queue full (5)
[11:28:40] planet 38: building queue full (5)
[11:28:40] planet 38: building queue full (5)
[11:28:40] planet 38: building queue full (5)
[2026-05-12 11:29:24] ==== loop 62/∞ | seed=964978156982503991 archetype=turtle personality=minero focus=tech actions_per_loop=4 ====
[11:29:27] planet 38: building queue full (5)
[11:29:27] planet 38: building queue full (5)
[11:29:27] planet 38: building queue full (5)
[11:29:27] planet 38: building queue full (5)
[11:29:27] research: blocked research_energy_technology (building_laboratory 0/1)
[2026-05-12 11:30:06] ==== loop 63/∞ | seed=964978156982503991 archetype=turtle personality=minero focus=tech actions_per_loop=4 ====
[11:30:08] planet 38: building queue full (5)
[11:30:08] planet 38: building queue full (5)
[11:30:08] planet 38: building queue full (5)
[11:30:08] planet 38: building queue full (5)
[11:30:08] research: blocked research_energy_technology (building_laboratory 0/1)
[2026-05-12 11:30:45] ==== loop 64/∞ | seed=964978156982503991 archetype=turtle personality=minero focus=tech actions_per_loop=4 ====
[11:30:46] planet 38: building queue full (5)
[11:30:46] planet 38: building queue full (5)
[11:30:46] planet 38: building queue full (5)
[11:30:46] planet 38: building queue full (5)
[11:30:46] research: blocked research_energy_technology (building_laboratory 0/1)
[2026-05-12 11:31:27] ==== loop 65/∞ | seed=964978156982503991 archetype=turtle personality=minero focus=tech actions_per_loop=4 ====
[11:31:27] planet 38: building queue full (5)
[11:31:27] planet 38: building queue full (5)
[11:31:27] planet 38: building queue full (5)
[11:31:27] research: blocked research_energy_technology (building_laboratory 0/1)
[2026-05-12 11:32:09] ==== loop 66/∞ | seed=964978156982503991 archetype=turtle personality=minero focus=tech actions_per_loop=4 ====
[11:32:12] planet 38: building queue full (5)
[11:32:12] planet 38: building queue full (5)
[11:32:12] planet 38: building queue full (5)
[11:32:12] planet 38: building queue full (5)
[11:32:12] research: blocked research_energy_technology (building_laboratory 0/1)
[2026-05-12 11:32:52] ==== loop 67/∞ | seed=964978156982503991 archetype=turtle personality=minero focus=tech actions_per_loop=4 ====
[11:32:55] planet 38: building queue full (5)
[11:32:55] planet 38: building queue full (5)
[11:32:55] planet 38: building queue full (5)
[11:32:55] planet 38: building queue full (5)
[11:32:55] research: blocked research_energy_technology (building_laboratory 0/1)
[2026-05-12 11:33:34] ==== loop 68/∞ | seed=964978156982503991 archetype=turtle personality=minero focus=tech actions_per_loop=4 ====
[11:33:36] planet 38: building queue full (5)
[11:33:36] planet 38: building queue full (5)
[11:33:36] planet 38: building queue full (5)
[11:33:36] planet 38: building queue full (5)
[2026-05-12 11:34:19] ==== loop 69/∞ | seed=964978156982503991 archetype=turtle personality=minero focus=tech actions_per_loop=4 ====
[11:34:20] planet 38: building queue full (5)
[11:34:20] planet 38: building queue full (5)
[11:34:20] planet 38: building queue full (5)
[11:34:20] planet 38: building queue full (5)
[11:34:20] research: blocked research_energy_technology (building_laboratory 0/1)
[2026-05-12 11:35:06] ==== loop 70/∞ | seed=964978156982503991 archetype=turtle personality=minero focus=tech actions_per_loop=4 ====
[11:35:08] planet 38: building queue full (5)
[11:35:08] planet 38: building queue full (5)
[11:35:08] planet 38: building queue full (5)
[11:35:08] planet 38: building queue full (5)
[11:35:08] research: blocked research_energy_technology (building_laboratory 0/1)
[2026-05-12 11:35:54] ==== loop 71/∞ | seed=964978156982503991 archetype=turtle personality=minero focus=tech actions_per_loop=4 ====
[11:35:56] planet 38: building queue full (5)
[11:35:56] planet 38: building queue full (5)
[11:35:56] planet 38: building queue full (5)
[11:35:56] planet 38: building queue full (5)
[11:35:56] research: blocked research_energy_technology (building_laboratory 0/1)
[2026-05-12 11:36:41] ==== loop 72/∞ | seed=964978156982503991 archetype=turtle personality=minero focus=tech actions_per_loop=4 ====
[11:36:44] planet 38: building queue full (5)
[11:36:44] planet 38: building queue full (5)
[11:36:44] planet 38: building queue full (5)
[11:36:44] planet 38: building queue full (5)
[2026-05-12 11:37:29] ==== loop 73/∞ | seed=964978156982503991 archetype=turtle personality=minero focus=tech actions_per_loop=4 ====
[11:37:32] planet 38: building queue full (5)
[11:37:32] planet 38: building queue full (5)
[11:37:32] planet 38: building queue full (5)
[11:37:32] planet 38: building queue full (5)
[2026-05-12 11:38:17] ==== loop 74/∞ | seed=964978156982503991 archetype=turtle personality=minero focus=tech actions_per_loop=4 ====
[11:38:20] planet 38: building queue full (5)
[11:38:20] planet 38: building queue full (5)
[11:38:20] planet 38: building queue full (5)
[11:38:20] planet 38: building queue full (5)
[2026-05-12 11:39:07] ==== loop 75/∞ | seed=964978156982503991 archetype=turtle personality=minero focus=tech actions_per_loop=4 ====
[11:39:10] planet 38: building queue full (5)
[11:39:10] planet 38: building queue full (5)
[11:39:10] planet 38: building queue full (5)
[11:39:10] planet 38: building queue full (5)
[11:39:10] research: blocked research_energy_technology (building_laboratory 0/1)
[2026-05-12 11:39:51] ==== loop 76/∞ | seed=964978156982503991 archetype=turtle personality=minero focus=tech actions_per_loop=4 ====
[11:39:54] planet 38: building queue full (5)
[11:39:54] planet 38: building queue full (5)
[11:39:54] planet 38: building queue full (5)
[11:39:54] planet 38: building queue full (5)
[11:39:54] research: blocked research_energy_technology (building_laboratory 0/1)
[2026-05-12 11:40:32] ==== loop 77/∞ | seed=964978156982503991 archetype=turtle personality=minero focus=tech actions_per_loop=4 ====
[11:40:35] planet 38: building queue full (5)
[11:40:35] planet 38: building queue full (5)
[11:40:35] planet 38: building queue full (5)
[11:40:35] planet 38: building queue full (5)
[2026-05-12 11:41:21] ==== loop 78/∞ | seed=964978156982503991 archetype=turtle personality=minero focus=tech actions_per_loop=4 ====
[11:41:25] planet 38: building queue full (5)
[11:41:25] planet 38: building queue full (5)
[11:41:25] planet 38: building queue full (5)
[11:41:25] planet 38: building queue full (5)
[2026-05-12 11:42:11] ==== loop 79/∞ | seed=964978156982503991 archetype=turtle personality=minero focus=tech actions_per_loop=4 ====
[11:42:15] planet 38: building queue full (5)
[11:42:15] planet 38: building queue full (5)
[11:42:15] planet 38: building queue full (5)
[11:42:15] planet 38: building queue full (5)
[11:42:15] research: blocked research_energy_technology (building_laboratory 0/1)
[2026-05-12 11:43:03] ==== loop 80/∞ | seed=964978156982503991 archetype=turtle personality=minero focus=tech actions_per_loop=4 ====
[11:43:06] planet 38: building queue full (5)
[11:43:06] planet 38: building queue full (5)
[11:43:06] planet 38: building queue full (5)
[11:43:06] planet 38: building queue full (5)
[2026-05-12 11:43:49] ==== loop 81/∞ | seed=964978156982503991 archetype=turtle personality=minero focus=tech actions_per_loop=4 ====
[11:43:51] planet 38: building queue full (5)
[11:43:51] planet 38: building queue full (5)
[11:43:51] planet 38: building queue full (5)
[11:43:51] planet 38: building queue full (5)
[11:43:51] research: blocked research_energy_technology (building_laboratory 0/1)
[2026-05-12 11:44:37] ==== loop 82/∞ | seed=964978156982503991 archetype=turtle personality=minero focus=tech actions_per_loop=4 ====
[11:44:39] planet 38: building queue full (5)
[11:44:39] planet 38: building queue full (5)
[11:44:39] planet 38: building queue full (5)
[11:44:39] planet 38: building queue full (5)
[2026-05-12 11:45:26] ==== loop 83/∞ | seed=964978156982503991 archetype=turtle personality=minero focus=tech actions_per_loop=4 ====
[11:45:29] planet 38: building queue full (5)
[11:45:29] planet 38: building queue full (5)
[11:45:29] planet 38: building queue full (5)
[11:45:29] planet 38: building queue full (5)
[11:45:29] research: blocked research_energy_technology (building_laboratory 0/1)
[2026-05-12 11:46:10] ==== loop 84/∞ | seed=964978156982503991 archetype=turtle personality=minero focus=tech actions_per_loop=4 ====
[11:46:12] planet 38: building queue full (5)
[11:46:12] planet 38: building queue full (5)
[11:46:12] planet 38: building queue full (5)
[11:46:12] planet 38: building queue full (5)
[2026-05-12 11:46:56] ==== loop 85/∞ | seed=964978156982503991 archetype=turtle personality=minero focus=tech actions_per_loop=4 ====
[11:46:59] planet 38: building queue full (5)
[11:46:59] planet 38: building queue full (5)
[11:46:59] planet 38: building queue full (5)
[11:46:59] planet 38: building queue full (5)
[11:46:59] research: blocked research_energy_technology (building_laboratory 0/1)
[2026-05-12 11:47:44] ==== loop 86/∞ | seed=964978156982503991 archetype=turtle personality=minero focus=tech actions_per_loop=4 ====
[11:47:47] planet 38: building queue full (5)
[11:47:47] planet 38: building queue full (5)
[11:47:47] planet 38: building queue full (5)
[11:47:47] planet 38: building queue full (5)
[2026-05-12 11:48:28] ==== loop 87/∞ | seed=964978156982503991 archetype=turtle personality=minero focus=tech actions_per_loop=4 ====
[11:48:31] planet 38: building queue full (5)
[11:48:31] planet 38: building queue full (5)
[11:48:31] planet 38: building queue full (5)
[11:48:31] planet 38: building queue full (5)
[11:48:31] research: blocked research_energy_technology (building_laboratory 0/1)
[2026-05-12 11:49:17] ==== loop 88/∞ | seed=964978156982503991 archetype=turtle personality=minero focus=tech actions_per_loop=4 ====
[11:49:19] planet 38: building queue full (5)
[11:49:19] planet 38: building queue full (5)
[11:49:19] planet 38: building queue full (5)
[2026-05-12 11:50:03] ==== loop 89/∞ | seed=964978156982503991 archetype=turtle personality=minero focus=tech actions_per_loop=4 ====
[11:50:06] planet 38: building queue full (5)
[11:50:06] planet 38: building queue full (5)
[11:50:06] planet 38: building queue full (5)
[11:50:06] planet 38: building queue full (5)
[2026-05-12 11:50:45] ==== loop 90/∞ | seed=964978156982503991 archetype=turtle personality=minero focus=tech actions_per_loop=4 ====
[11:50:48] planet 38: building queue full (5)
[11:50:48] planet 38: building queue full (5)
[11:50:48] planet 38: building queue full (5)
[2026-05-12 11:51:32] ==== loop 91/∞ | seed=964978156982503991 archetype=turtle personality=minero focus=tech actions_per_loop=4 ====
[11:51:36] planet 38: building queue full (5)
[11:51:36] planet 38: building queue full (5)
[11:51:36] planet 38: building queue full (5)
[11:51:36] planet 38: building queue full (5)
[11:51:36] research: blocked research_energy_technology (building_laboratory 0/1)
[2026-05-12 11:52:19] ==== loop 92/∞ | seed=964978156982503991 archetype=turtle personality=minero focus=tech actions_per_loop=4 ====
[11:52:22] planet 38: building queue full (5)
[11:52:22] planet 38: building queue full (5)
[11:52:22] planet 38: building queue full (5)
[11:52:22] planet 38: building queue full (5)
[2026-05-12 11:53:05] ==== loop 93/∞ | seed=964978156982503991 archetype=turtle personality=minero focus=tech actions_per_loop=4 ====
[11:53:09] planet 38: building queue full (5)
[11:53:09] planet 38: building queue full (5)
[11:53:09] planet 38: building queue full (5)
[11:53:09] planet 38: building queue full (5)
[2026-05-12 11:53:47] ==== loop 94/∞ | seed=964978156982503991 archetype=turtle personality=minero focus=tech actions_per_loop=4 ====
[11:53:50] planet 38: building queue full (5)
[11:53:50] planet 38: building queue full (5)
[11:53:50] planet 38: building queue full (5)
[11:53:50] planet 38: building queue full (5)
[11:53:50] research: blocked research_energy_technology (building_laboratory 0/1)
[2026-05-12 11:54:35] ==== loop 95/∞ | seed=964978156982503991 archetype=turtle personality=minero focus=tech actions_per_loop=4 ====
[11:54:39] planet 38: building queue full (5)
[11:54:39] planet 38: building queue full (5)
[11:54:39] planet 38: building queue full (5)
[11:54:39] planet 38: building queue full (5)
[11:54:39] research: blocked research_energy_technology (building_laboratory 0/1)
[2026-05-12 11:55:25] ==== loop 96/∞ | seed=964978156982503991 archetype=turtle personality=minero focus=tech actions_per_loop=4 ====
[11:55:28] planet 38: building queue full (5)
[11:55:28] planet 38: building queue full (5)
[11:55:28] planet 38: building queue full (5)
[11:55:28] planet 38: building queue full (5)
[11:55:28] research: blocked research_energy_technology (building_laboratory 0/1)
[2026-05-12 11:56:12] ==== loop 97/∞ | seed=964978156982503991 archetype=turtle personality=minero focus=tech actions_per_loop=4 ====
[11:56:15] planet 38: building queue full (5)
[11:56:15] planet 38: building queue full (5)
[11:56:15] planet 38: building queue full (5)
[11:56:15] planet 38: building queue full (5)
[2026-05-12 11:56:57] ==== loop 98/∞ | seed=964978156982503991 archetype=turtle personality=minero focus=tech actions_per_loop=4 ====
[11:56:59] planet 38: building queue full (5)
[11:56:59] planet 38: building queue full (5)
[11:56:59] planet 38: building queue full (5)
[11:56:59] planet 38: building queue full (5)
[11:56:59] research: blocked research_energy_technology (building_laboratory 0/1)
[2026-05-12 11:57:45] ==== loop 99/∞ | seed=964978156982503991 archetype=turtle personality=minero focus=tech actions_per_loop=4 ====
[11:57:47] planet 38: building queue full (5)
[11:57:47] planet 38: building queue full (5)
[11:57:47] planet 38: building queue full (5)
[11:57:47] planet 38: building queue full (5)
[2026-05-12 11:58:28] ==== loop 100/∞ | seed=964978156982503991 archetype=turtle personality=minero focus=tech actions_per_loop=4 ====
[11:58:31] planet 38: building queue full (5)
[11:58:31] planet 38: building queue full (5)
[11:58:31] planet 38: building queue full (5)
[11:58:31] planet 38: building queue full (5)
[2026-05-12 11:59:14] ==== loop 101/∞ | seed=964978156982503991 archetype=turtle personality=minero focus=tech actions_per_loop=4 ====
[11:59:17] planet 38: building queue full (5)
[11:59:17] planet 38: building queue full (5)
[11:59:17] planet 38: building queue full (5)
[2026-05-12 12:00:01] ==== loop 102/∞ | seed=964978156982503991 archetype=turtle personality=minero focus=tech actions_per_loop=4 ====
[12:00:03] planet 38: building queue full (5)
[12:00:03] planet 38: building queue full (5)
[12:00:03] planet 38: building queue full (5)
[2026-05-12 12:00:41] ==== loop 103/∞ | seed=964978156982503991 archetype=turtle personality=minero focus=tech actions_per_loop=4 ====
[12:00:42] planet 38: building queue full (5)
[12:00:42] planet 38: building queue full (5)
[12:00:42] planet 38: building queue full (5)
[12:00:42] research: blocked research_energy_technology (building_laboratory 0/1)
[2026-05-12 12:01:30] ==== loop 104/∞ | seed=964978156982503991 archetype=turtle personality=minero focus=tech actions_per_loop=4 ====
[12:01:33] planet 38: building queue full (5)
[12:01:33] planet 38: building queue full (5)
[12:01:33] planet 38: building queue full (5)
[12:01:33] planet 38: building queue full (5)
[2026-05-12 12:02:14] ==== loop 105/∞ | seed=964978156982503991 archetype=turtle personality=minero focus=tech actions_per_loop=4 ====
[12:02:16] planet 38: building queue full (5)
[12:02:16] planet 38: building queue full (5)
[12:02:16] planet 38: building queue full (5)
[12:02:16] planet 38: building queue full (5)
[12:02:16] research: blocked research_energy_technology (building_laboratory 0/1)
[2026-05-12 12:02:59] ==== loop 106/∞ | seed=964978156982503991 archetype=turtle personality=minero focus=tech actions_per_loop=4 ====
[12:03:02] planet 38: building queue full (5)
[12:03:02] planet 38: building queue full (5)
[12:03:02] planet 38: building queue full (5)
[2026-05-12 12:03:46] ==== loop 107/∞ | seed=964978156982503991 archetype=turtle personality=minero focus=tech actions_per_loop=4 ====
[12:03:48] planet 38: building queue full (5)
[12:03:48] planet 38: building queue full (5)
[12:03:48] planet 38: building queue full (5)
[12:03:48] planet 38: building queue full (5)
[2026-05-12 12:04:29] ==== loop 108/∞ | seed=964978156982503991 archetype=turtle personality=minero focus=tech actions_per_loop=4 ====
[12:04:31] planet 38: building queue full (5)
[12:04:31] planet 38: building queue full (5)
[12:04:31] planet 38: building queue full (5)
[12:04:31] research: blocked research_energy_technology (building_laboratory 0/1)
[2026-05-12 12:05:12] ==== loop 109/∞ | seed=964978156982503991 archetype=turtle personality=minero focus=tech actions_per_loop=4 ====
[12:05:14] planet 38: building queue full (5)
[12:05:14] planet 38: building queue full (5)
[12:05:14] planet 38: building queue full (5)
[12:05:14] planet 38: building queue full (5)
[12:05:14] research: blocked research_energy_technology (building_laboratory 0/1)
[2026-05-12 12:05:58] ==== loop 110/∞ | seed=964978156982503991 archetype=turtle personality=minero focus=tech actions_per_loop=4 ====
[12:06:00] planet 38: building queue full (5)
[12:06:00] planet 38: building queue full (5)
[12:06:00] planet 38: building queue full (5)
[12:06:00] research: blocked research_energy_technology (building_laboratory 0/1)
[2026-05-12 12:06:41] ==== loop 111/∞ | seed=964978156982503991 archetype=turtle personality=minero focus=tech actions_per_loop=4 ====
[12:06:43] planet 38: building queue full (5)
[12:06:43] planet 38: building queue full (5)
[12:06:43] planet 38: building queue full (5)
[2026-05-12 12:07:21] ==== loop 112/∞ | seed=964978156982503991 archetype=turtle personality=minero focus=tech actions_per_loop=4 ====
[12:07:23] planet 38: building queue full (5)
[12:07:23] planet 38: building queue full (5)
[12:07:23] planet 38: building queue full (5)
[12:07:23] planet 38: building queue full (5)
[2026-05-12 12:08:04] ==== loop 113/∞ | seed=964978156982503991 archetype=turtle personality=minero focus=tech actions_per_loop=4 ====
[12:08:06] planet 38: building queue full (5)
[12:08:06] planet 38: building queue full (5)
[12:08:06] planet 38: building queue full (5)
[12:08:06] research: blocked research_energy_technology (building_laboratory 0/1)
[2026-05-12 12:08:49] ==== loop 114/∞ | seed=964978156982503991 archetype=turtle personality=minero focus=tech actions_per_loop=4 ====
[12:08:51] planet 38: building queue full (5)
[12:08:51] planet 38: building queue full (5)
[12:08:51] planet 38: building queue full (5)
[12:08:51] planet 38: building queue full (5)
[2026-05-12 12:09:29] ==== loop 115/∞ | seed=964978156982503991 archetype=turtle personality=minero focus=tech actions_per_loop=4 ====
[12:09:32] planet 38: building queue full (5)
[12:09:32] planet 38: building queue full (5)
[12:09:32] planet 38: building queue full (5)
[12:09:32] planet 38: building queue full (5)
[2026-05-12 12:10:11] ==== loop 116/∞ | seed=964978156982503991 archetype=turtle personality=minero focus=tech actions_per_loop=4 ====
[12:10:13] planet 38: building queue full (5)
[12:10:13] planet 38: building queue full (5)
[12:10:13] planet 38: building queue full (5)
[12:10:13] research: blocked research_energy_technology (building_laboratory 0/1)
[2026-05-12 12:10:55] ==== loop 117/∞ | seed=964978156982503991 archetype=turtle personality=minero focus=tech actions_per_loop=4 ====
[12:10:57] planet 38: building queue full (5)
[12:10:57] planet 38: building queue full (5)
[12:10:57] planet 38: building queue full (5)
[12:10:57] planet 38: building queue full (5)
[2026-05-12 12:11:40] ==== loop 118/∞ | seed=964978156982503991 archetype=turtle personality=minero focus=tech actions_per_loop=4 ====
[12:11:43] planet 38: building queue full (5)
[12:11:43] planet 38: building queue full (5)
[12:11:43] planet 38: building queue full (5)
[12:11:43] planet 38: building queue full (5)
[12:11:43] research: blocked research_energy_technology (building_laboratory 0/1)
[2026-05-12 12:12:24] ==== loop 119/∞ | seed=964978156982503991 archetype=turtle personality=minero focus=tech actions_per_loop=4 ====
[12:12:27] planet 38: building queue full (5)
[12:12:27] planet 38: building queue full (5)
[12:12:27] planet 38: building queue full (5)
[12:12:27] planet 38: building queue full (5)
[12:12:27] research: blocked research_energy_technology (building_laboratory 0/1)
[2026-05-12 12:13:09] ==== loop 120/∞ | seed=964978156982503991 archetype=turtle personality=minero focus=tech actions_per_loop=4 ====
[12:13:11] planet 38: building queue full (5)
[12:13:11] planet 38: building queue full (5)
[12:13:11] planet 38: building queue full (5)
[12:13:11] planet 38: building queue full (5)
[12:13:11] research: blocked research_energy_technology (building_laboratory 0/1)
[2026-05-12 12:13:49] ==== loop 121/∞ | seed=964978156982503991 archetype=turtle personality=minero focus=tech actions_per_loop=4 ====
[12:13:52] planet 38: building queue full (5)
[12:13:52] planet 38: building queue full (5)
[12:13:52] planet 38: building queue full (5)
[12:13:52] planet 38: building queue full (5)
[2026-05-12 12:14:32] ==== loop 122/∞ | seed=964978156982503991 archetype=turtle personality=minero focus=tech actions_per_loop=4 ====
[12:14:35] planet 38: building queue full (5)
[12:14:35] planet 38: building queue full (5)
[12:14:35] planet 38: building queue full (5)
[12:14:35] planet 38: building queue full (5)
[2026-05-12 12:15:20] ==== loop 123/∞ | seed=964978156982503991 archetype=turtle personality=minero focus=tech actions_per_loop=4 ====
[12:15:23] planet 38: building queue full (5)
[12:15:23] planet 38: building queue full (5)
[12:15:23] planet 38: building queue full (5)
[12:15:23] planet 38: building queue full (5)
[2026-05-12 12:16:04] ==== loop 124/∞ | seed=964978156982503991 archetype=turtle personality=minero focus=tech actions_per_loop=4 ====
[12:16:08] planet 38: building queue full (5)
[12:16:08] planet 38: building queue full (5)
[12:16:08] planet 38: building queue full (5)
[12:16:08] planet 38: building queue full (5)
[12:16:08] research: blocked research_energy_technology (building_laboratory 0/1)
[2026-05-12 12:16:53] ==== loop 125/∞ | seed=964978156982503991 archetype=turtle personality=minero focus=tech actions_per_loop=4 ====
[12:16:56] planet 38: building queue full (5)
[12:16:56] planet 38: building queue full (5)
[12:16:56] planet 38: building queue full (5)
[12:16:56] planet 38: building queue full (5)
[2026-05-12 12:17:39] ==== loop 126/∞ | seed=964978156982503991 archetype=turtle personality=minero focus=tech actions_per_loop=4 ====
[12:17:40] planet 38: building queue full (5)
[12:17:40] planet 38: building queue full (5)
[12:17:40] planet 38: building queue full (5)
[12:17:40] planet 38: building queue full (5)
[2026-05-12 12:18:22] ==== loop 127/∞ | seed=964978156982503991 archetype=turtle personality=minero focus=tech actions_per_loop=4 ====
[12:18:24] planet 38: building queue full (5)
[12:18:24] planet 38: building queue full (5)
[12:18:24] planet 38: building queue full (5)
[12:18:24] planet 38: building queue full (5)
[12:18:24] research: blocked research_energy_technology (building_laboratory 0/1)
[2026-05-12 12:19:08] ==== loop 128/∞ | seed=964978156982503991 archetype=turtle personality=minero focus=tech actions_per_loop=4 ====
[12:19:11] planet 38: building queue full (5)
[12:19:11] planet 38: building queue full (5)
[12:19:11] planet 38: building queue full (5)
[12:19:11] planet 38: building queue full (5)
[2026-05-12 12:19:53] ==== loop 129/∞ | seed=964978156982503991 archetype=turtle personality=minero focus=tech actions_per_loop=4 ====
[12:19:56] planet 38: building queue full (5)
[12:19:56] planet 38: building queue full (5)
[12:19:56] planet 38: building queue full (5)
[12:19:56] planet 38: building queue full (5)
[12:19:56] research: blocked research_energy_technology (building_laboratory 0/1)
[2026-05-12 12:20:35] ==== loop 130/∞ | seed=964978156982503991 archetype=turtle personality=minero focus=tech actions_per_loop=4 ====
[12:20:39] planet 38: building queue full (5)
[12:20:39] planet 38: building queue full (5)
[12:20:39] planet 38: building queue full (5)
[12:20:39] planet 38: building queue full (5)
[2026-05-12 12:21:22] ==== loop 131/∞ | seed=964978156982503991 archetype=turtle personality=minero focus=tech actions_per_loop=4 ====
[12:21:25] planet 38: building queue full (5)
[12:21:25] planet 38: building queue full (5)
[12:21:25] planet 38: building queue full (5)
[12:21:25] planet 38: building queue full (5)
[2026-05-12 12:22:04] ==== loop 132/∞ | seed=964978156982503991 archetype=turtle personality=minero focus=tech actions_per_loop=4 ====
[12:22:06] planet 38: building queue full (5)
[12:22:06] planet 38: building queue full (5)
[12:22:06] planet 38: building queue full (5)
[12:22:06] planet 38: building queue full (5)
[2026-05-12 12:22:50] ==== loop 133/∞ | seed=964978156982503991 archetype=turtle personality=minero focus=tech actions_per_loop=4 ====
[12:22:51] planet 38: building queue full (5)
[12:22:51] planet 38: building queue full (5)
[12:22:51] planet 38: building queue full (5)
[2026-05-12 12:23:36] ==== loop 134/∞ | seed=964978156982503991 archetype=turtle personality=minero focus=tech actions_per_loop=4 ====
[12:23:38] planet 38: building queue full (5)
[12:23:38] planet 38: building queue full (5)
[12:23:38] planet 38: building queue full (5)
[12:23:38] planet 38: building queue full (5)
[2026-05-12 12:24:26] ==== loop 135/∞ | seed=964978156982503991 archetype=turtle personality=minero focus=tech actions_per_loop=4 ====
[12:24:28] planet 38: building queue full (5)
[12:24:28] planet 38: building queue full (5)
[12:24:28] planet 38: building queue full (5)
[12:24:28] planet 38: building queue full (5)
[12:24:28] research: blocked research_energy_technology (building_laboratory 0/1)
[2026-05-12 12:25:08] ==== loop 136/∞ | seed=964978156982503991 archetype=turtle personality=minero focus=tech actions_per_loop=4 ====
[12:25:10] planet 38: building queue full (5)
[12:25:10] planet 38: building queue full (5)
[12:25:10] planet 38: building queue full (5)
[12:25:10] planet 38: building queue full (5)
[2026-05-12 12:25:56] ==== loop 137/∞ | seed=964978156982503991 archetype=turtle personality=minero focus=tech actions_per_loop=4 ====
[12:25:58] planet 38: building queue full (5)
[12:25:58] planet 38: building queue full (5)
[12:25:58] planet 38: building queue full (5)
[12:25:58] research: blocked research_energy_technology (building_laboratory 0/1)
[2026-05-12 12:26:47] ==== loop 138/∞ | seed=964978156982503991 archetype=turtle personality=minero focus=tech actions_per_loop=4 ====
[12:26:49] planet 38: building queue full (5)
[12:26:49] planet 38: building queue full (5)
[12:26:49] planet 38: building queue full (5)
[12:26:49] planet 38: building queue full (5)
[12:26:49] research: blocked research_energy_technology (building_laboratory 0/1)
[2026-05-12 12:27:35] ==== loop 139/∞ | seed=964978156982503991 archetype=turtle personality=minero focus=tech actions_per_loop=4 ====
[12:27:38] planet 38: building queue full (5)
[12:27:38] planet 38: building queue full (5)
[12:27:38] planet 38: building queue full (5)
[12:27:38] planet 38: building queue full (5)
[2026-05-12 12:28:18] ==== loop 140/∞ | seed=964978156982503991 archetype=turtle personality=minero focus=tech actions_per_loop=4 ====
[12:28:21] planet 38: building queue full (5)
[12:28:21] planet 38: building queue full (5)
[12:28:21] planet 38: building queue full (5)
[12:28:21] planet 38: building queue full (5)
[12:28:21] research: blocked research_energy_technology (building_laboratory 0/1)
[2026-05-12 12:29:06] ==== loop 141/∞ | seed=964978156982503991 archetype=turtle personality=minero focus=tech actions_per_loop=4 ====
[12:29:09] planet 38: building queue full (5)
[12:29:09] planet 38: building queue full (5)
[12:29:09] planet 38: building queue full (5)
[12:29:09] planet 38: building queue full (5)
[2026-05-12 12:29:54] ==== loop 142/∞ | seed=964978156982503991 archetype=turtle personality=minero focus=tech actions_per_loop=4 ====
[12:29:57] planet 38: building queue full (5)
[12:29:57] planet 38: building queue full (5)
[12:29:57] planet 38: building queue full (5)
[12:29:57] planet 38: building queue full (5)
[2026-05-12 12:30:35] ==== loop 143/∞ | seed=964978156982503991 archetype=turtle personality=minero focus=tech actions_per_loop=4 ====
[12:30:38] planet 38: building queue full (5)
[12:30:38] planet 38: building queue full (5)
[12:30:38] planet 38: building queue full (5)
[12:30:38] planet 38: building queue full (5)
[2026-05-12 12:31:22] ==== loop 144/∞ | seed=964978156982503991 archetype=turtle personality=minero focus=tech actions_per_loop=4 ====
[12:31:24] planet 38: building queue full (5)
[12:31:24] planet 38: building queue full (5)
[12:31:24] planet 38: building queue full (5)
[12:31:24] planet 38: building queue full (5)
[12:31:24] research: blocked research_energy_technology (building_laboratory 0/1)
[2026-05-12 12:32:10] ==== loop 145/∞ | seed=964978156982503991 archetype=turtle personality=minero focus=tech actions_per_loop=4 ====
[12:32:12] planet 38: building queue full (5)
[12:32:12] planet 38: building queue full (5)
[12:32:12] planet 38: building queue full (5)
[12:32:12] research: blocked research_energy_technology (building_laboratory 0/1)
[2026-05-12 12:32:58] ==== loop 146/∞ | seed=964978156982503991 archetype=turtle personality=minero focus=tech actions_per_loop=4 ====
[12:33:01] planet 38: building queue full (5)
[12:33:01] planet 38: building queue full (5)
[12:33:01] planet 38: building queue full (5)
[12:33:01] planet 38: building queue full (5)
[12:33:01] research: blocked research_energy_technology (building_laboratory 0/1)
[2026-05-12 12:33:44] ==== loop 147/∞ | seed=964978156982503991 archetype=turtle personality=minero focus=tech actions_per_loop=4 ====
[12:33:46] planet 38: building queue full (5)
[12:33:46] planet 38: building queue full (5)
[12:33:46] planet 38: building queue full (5)
[12:33:46] planet 38: building queue full (5)
[12:33:46] research: blocked research_energy_technology (building_laboratory 0/1)
[2026-05-12 12:34:27] ==== loop 148/∞ | seed=964978156982503991 archetype=turtle personality=minero focus=tech actions_per_loop=4 ====
[12:34:30] planet 38: building queue full (5)
[12:34:30] planet 38: building queue full (5)
[12:34:30] planet 38: building queue full (5)
[12:34:30] planet 38: building queue full (5)
[12:34:30] research: blocked research_energy_technology (building_laboratory 0/1)
[2026-05-12 12:35:16] ==== loop 149/∞ | seed=964978156982503991 archetype=turtle personality=minero focus=tech actions_per_loop=4 ====
[12:35:18] planet 38: building queue full (5)
[12:35:18] planet 38: building queue full (5)
[12:35:18] planet 38: building queue full (5)
[12:35:18] planet 38: building queue full (5)
[2026-05-12 12:36:01] ==== loop 150/∞ | seed=964978156982503991 archetype=turtle personality=minero focus=tech actions_per_loop=4 ====
[12:36:03] planet 38: building queue full (5)
[12:36:03] planet 38: building queue full (5)
[12:36:03] planet 38: building queue full (5)
[12:36:03] planet 38: building queue full (5)
[12:36:03] research: blocked research_energy_technology (building_laboratory 0/1)
[2026-05-12 12:36:45] ==== loop 151/∞ | seed=964978156982503991 archetype=turtle personality=minero focus=tech actions_per_loop=4 ====
[12:36:47] planet 38: building queue full (5)
[12:36:47] planet 38: building queue full (5)
[12:36:47] planet 38: building queue full (5)
[12:36:47] planet 38: building queue full (5)
[2026-05-12 12:37:30] ==== loop 152/∞ | seed=964978156982503991 archetype=turtle personality=minero focus=tech actions_per_loop=4 ====
[12:37:33] planet 38: building queue full (5)
[12:37:33] planet 38: building queue full (5)
[12:37:33] planet 38: building queue full (5)
[12:37:33] planet 38: building queue full (5)
[12:37:33] research: blocked research_energy_technology (building_laboratory 0/1)
[2026-05-12 12:38:16] ==== loop 153/∞ | seed=964978156982503991 archetype=turtle personality=minero focus=tech actions_per_loop=4 ====
[12:38:18] planet 38: building queue full (5)
[12:38:18] planet 38: building queue full (5)
[12:38:18] planet 38: building queue full (5)
[12:38:18] planet 38: building queue full (5)
[12:38:18] research: blocked research_energy_technology (building_laboratory 0/1)
[2026-05-12 12:39:02] ==== loop 154/∞ | seed=964978156982503991 archetype=turtle personality=minero focus=tech actions_per_loop=4 ====
[12:39:04] planet 38: building queue full (5)
[12:39:04] planet 38: building queue full (5)
[12:39:04] planet 38: building queue full (5)
[12:39:04] planet 38: building queue full (5)
[12:39:04] research: blocked research_energy_technology (building_laboratory 0/1)
[2026-05-12 12:39:49] ==== loop 155/∞ | seed=964978156982503991 archetype=turtle personality=minero focus=tech actions_per_loop=4 ====
[12:39:51] planet 38: building queue full (5)
[12:39:51] planet 38: building queue full (5)
[12:39:51] planet 38: building queue full (5)
[12:39:51] planet 38: building queue full (5)
[12:39:51] research: blocked research_energy_technology (building_laboratory 0/1)
[2026-05-12 12:40:30] ==== loop 156/∞ | seed=964978156982503991 archetype=turtle personality=minero focus=tech actions_per_loop=4 ====
[12:40:33] planet 38: building queue full (5)
[12:40:33] planet 38: building queue full (5)
[12:40:33] planet 38: building queue full (5)
[12:40:33] research: blocked research_energy_technology (building_laboratory 0/1)
[2026-05-12 12:41:16] ==== loop 157/∞ | seed=964978156982503991 archetype=turtle personality=minero focus=tech actions_per_loop=4 ====
[12:41:17] planet 38: building queue full (5)
[12:41:17] planet 38: building queue full (5)
[12:41:17] planet 38: building queue full (5)
[12:41:17] research: blocked research_energy_technology (building_laboratory 0/1)
[2026-05-12 12:41:54] ==== loop 158/∞ | seed=964978156982503991 archetype=turtle personality=minero focus=tech actions_per_loop=4 ====
[12:41:57] planet 38: building queue full (5)
[12:41:57] planet 38: building queue full (5)
[12:41:57] planet 38: building queue full (5)
[12:41:57] planet 38: building queue full (5)
[12:41:57] research: blocked research_energy_technology (building_laboratory 0/1)
[2026-05-12 12:42:43] ==== loop 1/∞ | seed=964978156982503991 archetype=turtle personality=minero focus=tech actions_per_loop=4 ====
[12:42:45] planet 38: building queue full (5)
[12:42:45] planet 38: building queue full (5)
[12:42:45] planet 38: building queue full (5)
[12:42:45] planet 38: building queue full (5)
[12:42:45] research: blocked research_energy_technology (building_laboratory 0/1)
[2026-05-12 12:43:28] ==== loop 2/∞ | seed=964978156982503991 archetype=turtle personality=minero focus=tech actions_per_loop=4 ====
[12:43:30] planet 38: building queue full (5)
[12:43:30] planet 38: building queue full (5)
[12:43:30] planet 38: building queue full (5)
[12:43:30] planet 38: building queue full (5)
[12:43:30] research: blocked research_energy_technology (building_laboratory 0/1)
[2026-05-12 12:44:13] ==== loop 3/∞ | seed=964978156982503991 archetype=turtle personality=minero focus=tech actions_per_loop=4 ====
[12:44:15] planet 38: building queue full (5)
[12:44:15] planet 38: building queue full (5)
[12:44:15] planet 38: building queue full (5)
[12:44:15] research: blocked research_energy_technology (building_laboratory 0/1)
[2026-05-12 12:44:53] ==== loop 4/∞ | seed=964978156982503991 archetype=turtle personality=minero focus=tech actions_per_loop=4 ====
[12:44:55] planet 38: building queue full (5)
[12:44:55] planet 38: building queue full (5)
[12:44:55] planet 38: building queue full (5)
[12:44:55] planet 38: building queue full (5)
[12:44:55] research: blocked research_energy_technology (building_laboratory 0/1)
[2026-05-12 12:45:33] ==== loop 5/∞ | seed=964978156982503991 archetype=turtle personality=minero focus=tech actions_per_loop=4 ====
[12:45:34] planet 38: building queue full (5)
[12:45:34] planet 38: building queue full (5)
[12:45:34] planet 38: building queue full (5)
[12:45:34] research: blocked research_energy_technology (building_laboratory 0/1)
[2026-05-12 12:46:09] ==== loop 6/∞ | seed=964978156982503991 archetype=turtle personality=minero focus=tech actions_per_loop=4 ====
[12:46:11] planet 38: building queue full (5)
[12:46:11] planet 38: building queue full (5)
[12:46:11] planet 38: building queue full (5)
[12:46:11] planet 38: building queue full (5)
[2026-05-12 12:46:49] ==== loop 7/∞ | seed=964978156982503991 archetype=turtle personality=minero focus=tech actions_per_loop=4 ====
[12:46:51] planet 38: building queue full (5)
[12:46:51] planet 38: building queue full (5)
[12:46:51] planet 38: building queue full (5)
[12:46:51] planet 38: building queue full (5)
[2026-05-12 12:47:32] ==== loop 8/∞ | seed=964978156982503991 archetype=turtle personality=minero focus=tech actions_per_loop=4 ====
[12:47:34] planet 38: building queue full (5)
[12:47:34] planet 38: building queue full (5)
[12:47:34] planet 38: building queue full (5)
[12:47:34] research: blocked research_energy_technology (building_laboratory 0/1)
[2026-05-12 12:48:14] ==== loop 9/∞ | seed=964978156982503991 archetype=turtle personality=minero focus=tech actions_per_loop=4 ====
[12:48:18] planet 38: building queue full (5)
[12:48:18] planet 38: building queue full (5)
[12:48:18] planet 38: building queue full (5)
[12:48:18] planet 38: building queue full (5)
[2026-05-12 12:48:56] ==== loop 10/∞ | seed=964978156982503991 archetype=turtle personality=minero focus=tech actions_per_loop=4 ====
[12:48:58] planet 38: building queue full (5)
[12:48:58] planet 38: building queue full (5)
[12:48:58] planet 38: building queue full (5)
[2026-05-12 12:49:37] ==== loop 11/∞ | seed=964978156982503991 archetype=turtle personality=minero focus=tech actions_per_loop=4 ====
[12:49:40] planet 38: building queue full (5)
[12:49:40] planet 38: building queue full (5)
[12:49:40] planet 38: building queue full (5)
[12:49:40] research: blocked research_energy_technology (building_laboratory 0/1)
[2026-05-12 12:50:21] ==== loop 12/∞ | seed=964978156982503991 archetype=turtle personality=minero focus=tech actions_per_loop=4 ====
[12:50:23] planet 38: building queue full (5)
[12:50:23] planet 38: building queue full (5)
[12:50:23] planet 38: building queue full (5)
[2026-05-12 12:51:01] ==== loop 13/∞ | seed=964978156982503991 archetype=turtle personality=minero focus=tech actions_per_loop=4 ====
[12:51:04] planet 38: building queue full (5)
[12:51:04] planet 38: building queue full (5)
[12:51:04] planet 38: building queue full (5)
[12:51:04] planet 38: building queue full (5)
[2026-05-12 12:51:44] ==== loop 14/∞ | seed=964978156982503991 archetype=turtle personality=minero focus=tech actions_per_loop=4 ====
[12:51:47] planet 38: building queue full (5)
[12:51:47] planet 38: building queue full (5)
[12:51:47] planet 38: building queue full (5)
[12:51:47] planet 38: building queue full (5)
[2026-05-12 12:52:22] ==== loop 15/∞ | seed=964978156982503991 archetype=turtle personality=minero focus=tech actions_per_loop=4 ====
[12:52:26] planet 38: building queue full (5)
[12:52:26] planet 38: building queue full (5)
[12:52:26] planet 38: building queue full (5)
[12:52:26] planet 38: building queue full (5)
[2026-05-12 12:53:07] ==== loop 16/∞ | seed=964978156982503991 archetype=turtle personality=minero focus=tech actions_per_loop=4 ====
[12:53:09] planet 38: building queue full (5)
[12:53:09] planet 38: building queue full (5)
[12:53:09] planet 38: building queue full (5)
[12:53:09] planet 38: building queue full (5)
[2026-05-12 12:53:47] ==== loop 1/∞ | seed=964978156982503991 archetype=turtle personality=minero focus=tech actions_per_loop=4 ====
[12:53:49] planet 38: building queue full (5)
[12:53:49] planet 38: building queue full (5)
[12:53:49] planet 38: building queue full (5)
[12:53:49] planet 38: building queue full (5)
[2026-05-12 12:54:28] ==== loop 2/∞ | seed=964978156982503991 archetype=turtle personality=minero focus=tech actions_per_loop=4 ====
[12:54:31] planet 38: building queue full (5)
[12:54:31] planet 38: building queue full (5)
[12:54:31] planet 38: building queue full (5)
[12:54:31] research: blocked research_energy_technology (building_laboratory 0/1)
[2026-05-12 12:55:13] ==== loop 3/∞ | seed=964978156982503991 archetype=turtle personality=minero focus=tech actions_per_loop=4 ====
[12:55:15] planet 38: building queue full (5)
[12:55:15] planet 38: building queue full (5)
[12:55:15] planet 38: building queue full (5)
[12:55:15] planet 38: building queue full (5)
[2026-05-12 12:55:54] ==== loop 4/∞ | seed=964978156982503991 archetype=turtle personality=minero focus=tech actions_per_loop=4 ====
[12:55:58] planet 38: building queue full (5)
[12:55:58] planet 38: building queue full (5)
[12:55:58] planet 38: building queue full (5)
[12:55:58] planet 38: building queue full (5)
[12:55:58] research: blocked research_energy_technology (building_laboratory 0/1)
[2026-05-12 12:56:40] ==== loop 5/∞ | seed=964978156982503991 archetype=turtle personality=minero focus=tech actions_per_loop=4 ====
[12:56:42] planet 38: building queue full (5)
[12:56:42] planet 38: building queue full (5)
[12:56:42] planet 38: building queue full (5)
[12:56:42] planet 38: building queue full (5)
[12:56:42] research: blocked research_energy_technology (building_laboratory 0/1)
[2026-05-12 12:57:21] ==== loop 6/∞ | seed=964978156982503991 archetype=turtle personality=minero focus=tech actions_per_loop=4 ====
[12:57:24] planet 38: building queue full (5)
[12:57:24] planet 38: building queue full (5)
[12:57:24] planet 38: building queue full (5)
[12:57:24] planet 38: building queue full (5)
[2026-05-12 12:58:05] ==== loop 7/∞ | seed=964978156982503991 archetype=turtle personality=minero focus=tech actions_per_loop=4 ====
[12:58:09] planet 38: building queue full (5)
[12:58:09] planet 38: building queue full (5)
[12:58:09] planet 38: building queue full (5)
[12:58:09] planet 38: building queue full (5)
[2026-05-12 12:58:48] ==== loop 8/∞ | seed=964978156982503991 archetype=turtle personality=minero focus=tech actions_per_loop=4 ====
[12:58:50] planet 38: building queue full (5)
[12:58:50] planet 38: building queue full (5)
[12:58:50] planet 38: building queue full (5)
[12:58:50] planet 38: building queue full (5)
[12:58:50] research: blocked research_energy_technology (building_laboratory 0/1)
llm_inbox: encolado job_id=10 message_id=2410
[2026-05-12 12:59:28] ==== loop 1/1 | seed=964978156982503991 archetype=turtle personality=minero focus=tech actions_per_loop=4 ====
[2026-05-12 12:59:30] ==== loop 9/∞ | seed=964978156982503991 archetype=turtle personality=minero focus=tech actions_per_loop=4 ====
[12:59:31] planet 38: building queue full (5)
[12:59:31] planet 38: building queue full (5)
[12:59:31] planet 38: building queue full (5)
[12:59:31] planet 38: building queue full (5)
[12:59:31] research: blocked research_energy_technology (building_laboratory 0/1)
[12:59:32] planet 38: building queue full (5)
[12:59:32] planet 38: building queue full (5)
[12:59:32] planet 38: building queue full (5)
[12:59:32] planet 38: building queue full (5)
[12:59:32] research: blocked research_energy_technology (building_laboratory 0/1)
[2026-05-12 13:00:13] ==== loop 10/∞ | seed=964978156982503991 archetype=turtle personality=minero focus=tech actions_per_loop=4 ====
[13:00:16] planet 38: building queue full (5)
[13:00:16] planet 38: building queue full (5)
[13:00:16] planet 38: building queue full (5)
[13:00:16] planet 38: building queue full (5)
llm_inbox: job 10 fallido (incoming)
[2026-05-12 13:00:56] ==== loop 11/∞ | seed=964978156982503991 archetype=turtle personality=minero focus=tech actions_per_loop=4 ====
[13:00:58] planet 38: building queue full (5)
[13:00:58] planet 38: building queue full (5)
[13:00:58] planet 38: building queue full (5)
[13:00:58] planet 38: building queue full (5)
[2026-05-12 13:01:38] ==== loop 12/∞ | seed=964978156982503991 archetype=turtle personality=minero focus=tech actions_per_loop=4 ====
[13:01:40] planet 38: building queue full (5)
[13:01:40] planet 38: building queue full (5)
[13:01:40] planet 38: building queue full (5)
[2026-05-12 13:02:22] ==== loop 13/∞ | seed=964978156982503991 archetype=turtle personality=minero focus=tech actions_per_loop=4 ====
[13:02:24] planet 38: building queue full (5)
[13:02:24] planet 38: building queue full (5)
[13:02:24] planet 38: building queue full (5)
[2026-05-12 13:03:02] ==== loop 14/∞ | seed=964978156982503991 archetype=turtle personality=minero focus=tech actions_per_loop=4 ====
[13:03:05] planet 38: building queue full (5)
[13:03:05] planet 38: building queue full (5)
[13:03:05] planet 38: building queue full (5)
[13:03:05] planet 38: building queue full (5)
[13:03:05] research: blocked research_energy_technology (building_laboratory 0/1)
[2026-05-12 13:03:53] ==== loop 15/∞ | seed=964978156982503991 archetype=turtle personality=minero focus=tech actions_per_loop=4 ====
[13:03:56] planet 38: building queue full (5)
[13:03:56] planet 38: building queue full (5)
[13:03:56] planet 38: building queue full (5)
[13:03:56] planet 38: building queue full (5)
[2026-05-12 13:04:35] ==== loop 16/∞ | seed=964978156982503991 archetype=turtle personality=minero focus=tech actions_per_loop=4 ====
[13:04:37] planet 38: building queue full (5)
[13:04:37] planet 38: building queue full (5)
[13:04:37] planet 38: building queue full (5)
[13:04:37] planet 38: building queue full (5)
[2026-05-12 13:05:20] ==== loop 17/∞ | seed=964978156982503991 archetype=turtle personality=minero focus=tech actions_per_loop=4 ====
[13:05:23] planet 38: building queue full (5)
[13:05:23] planet 38: building queue full (5)
[13:05:23] planet 38: building queue full (5)
[13:05:23] planet 38: building queue full (5)
[2026-05-12 13:06:05] ==== loop 18/∞ | seed=964978156982503991 archetype=turtle personality=minero focus=tech actions_per_loop=4 ====
[13:06:08] planet 38: building queue full (5)
[13:06:08] planet 38: building queue full (5)
[13:06:08] planet 38: building queue full (5)
[13:06:08] planet 38: building queue full (5)
llm_inbox: recuperados 1 job(s) fallido→respondido (reintento aplicar)
llm_inbox: job 10 done (mensaje ya no existe)
[2026-05-12 13:06:43] ==== loop 1/1 | seed=964978156982503991 archetype=turtle personality=minero focus=tech actions_per_loop=4 ====
[13:06:44] planet 38: building queue full (5)
[13:06:44] planet 38: building queue full (5)
[13:06:44] planet 38: building queue full (5)
[13:06:44] planet 38: building queue full (5)
[2026-05-12 13:06:46] ==== loop 19/∞ | seed=964978156982503991 archetype=turtle personality=minero focus=tech actions_per_loop=4 ====
[13:06:48] planet 38: building queue full (5)
[13:06:48] planet 38: building queue full (5)
[13:06:48] planet 38: building queue full (5)
[13:06:48] planet 38: building queue full (5)
[13:06:48] research: blocked research_energy_technology (building_laboratory 0/1)
[2026-05-12 13:07:25] ==== loop 20/∞ | seed=964978156982503991 archetype=turtle personality=minero focus=tech actions_per_loop=4 ====
[13:07:28] planet 38: building queue full (5)
[13:07:28] planet 38: building queue full (5)
[13:07:28] planet 38: building queue full (5)
[2026-05-12 13:08:07] ==== loop 21/∞ | seed=964978156982503991 archetype=turtle personality=minero focus=tech actions_per_loop=4 ====
[13:08:09] planet 38: building queue full (5)
[13:08:09] planet 38: building queue full (5)
[13:08:09] planet 38: building queue full (5)
[13:08:09] planet 38: building queue full (5)
[2026-05-12 13:08:51] ==== loop 22/∞ | seed=964978156982503991 archetype=turtle personality=minero focus=tech actions_per_loop=4 ====
[13:08:53] planet 38: building queue full (5)
[13:08:53] planet 38: building queue full (5)
[13:08:53] planet 38: building queue full (5)
[13:08:53] planet 38: building queue full (5)
[13:08:53] research: blocked research_energy_technology (building_laboratory 0/1)
[2026-05-12 13:09:24] ==== loop 1/∞ | seed=964978156982503991 archetype=turtle personality=minero focus=tech actions_per_loop=4 ====
[13:09:26] planet 38: building queue full (5)
[13:09:26] planet 38: building queue full (5)
[13:09:26] planet 38: building queue full (5)
[13:09:26] planet 38: building queue full (5)
[13:09:26] research: blocked research_energy_technology (building_laboratory 0/1)
[2026-05-12 13:10:04] ==== loop 2/∞ | seed=964978156982503991 archetype=turtle personality=minero focus=tech actions_per_loop=4 ====
[13:10:06] planet 38: building queue full (5)
[13:10:06] planet 38: building queue full (5)
[13:10:06] planet 38: building queue full (5)
[13:10:06] research: blocked research_energy_technology (building_laboratory 0/1)
[2026-05-12 13:10:44] ==== loop 3/∞ | seed=964978156982503991 archetype=turtle personality=minero focus=tech actions_per_loop=4 ====
[13:10:46] planet 38: building queue full (5)
[13:10:46] planet 38: building queue full (5)
[13:10:46] planet 38: building queue full (5)
[13:10:46] planet 38: building queue full (5)
[2026-05-12 13:11:25] ==== loop 4/∞ | seed=964978156982503991 archetype=turtle personality=minero focus=tech actions_per_loop=4 ====
[13:11:29] planet 38: building queue full (5)
[13:11:29] planet 38: building queue full (5)
[13:11:29] planet 38: building queue full (5)
[13:11:29] planet 38: building queue full (5)
[2026-05-12 13:12:09] ==== loop 5/∞ | seed=964978156982503991 archetype=turtle personality=minero focus=tech actions_per_loop=4 ====
[13:12:12] planet 38: building queue full (5)
[13:12:12] planet 38: building queue full (5)
[13:12:12] planet 38: building queue full (5)
[13:12:12] planet 38: building queue full (5)
[13:12:12] research: blocked research_energy_technology (building_laboratory 0/1)
[2026-05-12 13:12:49] ==== loop 6/∞ | seed=964978156982503991 archetype=turtle personality=minero focus=tech actions_per_loop=4 ====
[13:12:51] planet 38: building queue full (5)
[13:12:51] planet 38: building queue full (5)
[13:12:51] planet 38: building queue full (5)
[13:12:51] planet 38: building queue full (5)
[2026-05-12 13:13:29] ==== loop 7/∞ | seed=964978156982503991 archetype=turtle personality=minero focus=tech actions_per_loop=4 ====
[13:13:32] planet 38: building queue full (5)
[13:13:32] planet 38: building queue full (5)
[13:13:32] planet 38: building queue full (5)
[13:13:32] planet 38: building queue full (5)
[13:13:32] research: blocked research_energy_technology (building_laboratory 0/1)
[2026-05-12 13:14:17] ==== loop 8/∞ | seed=964978156982503991 archetype=turtle personality=minero focus=tech actions_per_loop=4 ====
[13:14:19] planet 38: building queue full (5)
[13:14:19] planet 38: building queue full (5)
[13:14:19] planet 38: building queue full (5)
[13:14:19] planet 38: building queue full (5)
[13:14:19] research: blocked research_energy_technology (building_laboratory 0/1)
[2026-05-12 13:14:58] ==== loop 9/∞ | seed=964978156982503991 archetype=turtle personality=minero focus=tech actions_per_loop=4 ====
[13:14:59] planet 38: building queue full (5)
[13:14:59] planet 38: building queue full (5)
[13:14:59] planet 38: building queue full (5)
[13:14:59] planet 38: building queue full (5)
[13:14:59] research: blocked research_energy_technology (building_laboratory 0/1)
[2026-05-12 13:15:41] ==== loop 10/∞ | seed=964978156982503991 archetype=turtle personality=minero focus=tech actions_per_loop=4 ====
[13:15:43] planet 38: building queue full (5)
[13:15:43] planet 38: building queue full (5)
[13:15:43] planet 38: building queue full (5)
[13:15:43] planet 38: building queue full (5)
[13:15:43] research: blocked research_energy_technology (building_laboratory 0/1)
[2026-05-12 13:16:28] ==== loop 11/∞ | seed=964978156982503991 archetype=turtle personality=minero focus=tech actions_per_loop=4 ====
[13:16:30] planet 38: building queue full (5)
[13:16:30] planet 38: building queue full (5)
[13:16:30] planet 38: building queue full (5)
[13:16:30] research: blocked research_energy_technology (building_laboratory 0/1)
[2026-05-12 13:17:15] ==== loop 12/∞ | seed=964978156982503991 archetype=turtle personality=minero focus=tech actions_per_loop=4 ====
[13:17:17] planet 38: building queue full (5)
[13:17:17] planet 38: building queue full (5)
[13:17:17] planet 38: building queue full (5)
[13:17:17] planet 38: building queue full (5)
[13:17:17] research: blocked research_energy_technology (building_laboratory 0/1)
[2026-05-12 13:17:57] ==== loop 13/∞ | seed=964978156982503991 archetype=turtle personality=minero focus=tech actions_per_loop=4 ====
[13:18:00] planet 38: building queue full (5)
[13:18:00] planet 38: building queue full (5)
[13:18:00] planet 38: building queue full (5)
[2026-05-12 13:18:42] ==== loop 14/∞ | seed=964978156982503991 archetype=turtle personality=minero focus=tech actions_per_loop=4 ====
[13:18:44] planet 38: building queue full (5)
[13:18:44] planet 38: building queue full (5)
[13:18:44] planet 38: building queue full (5)
[13:18:44] planet 38: building queue full (5)
[2026-05-12 13:19:25] ==== loop 15/∞ | seed=964978156982503991 archetype=turtle personality=minero focus=tech actions_per_loop=4 ====
[13:19:28] planet 38: building queue full (5)
[13:19:28] planet 38: building queue full (5)
[13:19:28] planet 38: building queue full (5)
[13:19:28] planet 38: building queue full (5)
[13:19:28] research: blocked research_energy_technology (building_laboratory 0/1)
[2026-05-12 13:20:06] ==== loop 16/∞ | seed=964978156982503991 archetype=turtle personality=minero focus=tech actions_per_loop=4 ====
[13:20:07] planet 38: building queue full (5)
[13:20:07] planet 38: building queue full (5)
[13:20:07] planet 38: building queue full (5)
[13:20:07] planet 38: building queue full (5)
[2026-05-12 13:20:47] ==== loop 17/∞ | seed=964978156982503991 archetype=turtle personality=minero focus=tech actions_per_loop=4 ====
[13:20:50] planet 38: building queue full (5)
[13:20:50] planet 38: building queue full (5)
[13:20:50] planet 38: building queue full (5)
[13:20:50] planet 38: building queue full (5)
[2026-05-12 13:21:35] ==== loop 18/∞ | seed=964978156982503991 archetype=turtle personality=minero focus=tech actions_per_loop=4 ====
[13:21:38] planet 38: building queue full (5)
[13:21:38] planet 38: building queue full (5)
[13:21:38] planet 38: building queue full (5)
[13:21:38] planet 38: building queue full (5)
[13:21:38] research: blocked research_energy_technology (building_laboratory 0/1)
[2026-05-12 13:22:43] ==== loop 1/∞ | seed=964978156982503991 archetype=turtle personality=minero focus=tech actions_per_loop=4 ====
[13:22:43] planet 38: queue busy, throttled building_hangar
[13:22:43] planet 38: queue busy, throttled building_hangar
[13:22:43] planet 38: queue busy, throttled building_hangar
[13:22:43] planet 38: queue busy, throttled building_hangar
[2026-05-12 13:23:22] ==== loop 2/∞ | seed=964978156982503991 archetype=turtle personality=minero focus=tech actions_per_loop=4 ====
[13:23:22] planet 38: queue busy, throttled building_hangar
[13:23:22] planet 38: queue busy, throttled building_hangar
[13:23:22] planet 38: queue busy, throttled building_hangar
[13:23:22] research: blocked research_energy_technology (building_laboratory 0/1)
[2026-05-12 13:24:03] ==== loop 3/∞ | seed=964978156982503991 archetype=turtle personality=minero focus=tech actions_per_loop=4 ====
[13:24:03] planet 38: queue busy, throttled building_hangar
[13:24:03] planet 38: queue busy, throttled building_hangar
[13:24:03] planet 38: queue busy, throttled building_hangar
[13:24:03] planet 38: queue busy, throttled building_hangar
[13:24:03] research: blocked research_energy_technology (building_laboratory 0/1)
[2026-05-12 13:24:40] ==== loop 4/∞ | seed=964978156982503991 archetype=turtle personality=minero focus=tech actions_per_loop=4 ====
[13:24:40] planet 38: queue busy, throttled building_hangar
[13:24:40] planet 38: queue busy, throttled building_hangar
[13:24:40] planet 38: queue busy, throttled building_hangar
[13:24:40] planet 38: queue busy, throttled building_hangar
[13:24:40] research: blocked research_energy_technology (building_laboratory 0/1)
[2026-05-12 13:25:20] ==== loop 5/∞ | seed=964978156982503991 archetype=turtle personality=minero focus=tech actions_per_loop=4 ====
[13:25:20] planet 38: queue busy, throttled building_hangar
[13:25:20] planet 38: queue busy, throttled building_hangar
[13:25:20] planet 38: queue busy, throttled building_hangar
[2026-05-12 13:26:03] ==== loop 6/∞ | seed=964978156982503991 archetype=turtle personality=minero focus=tech actions_per_loop=4 ====
[13:26:03] planet 38: queue busy, throttled building_hangar
[13:26:03] planet 38: queue busy, throttled building_hangar
[13:26:03] planet 38: queue busy, throttled building_hangar
[13:26:03] planet 38: queue busy, throttled building_hangar
[2026-05-12 13:26:48] ==== loop 7/∞ | seed=964978156982503991 archetype=turtle personality=minero focus=tech actions_per_loop=4 ====
[13:26:48] planet 38: queue busy, throttled building_hangar
[13:26:48] planet 38: queue busy, throttled building_hangar
[13:26:48] planet 38: queue busy, throttled building_hangar
[13:26:48] planet 38: queue busy, throttled building_hangar
[2026-05-12 13:27:27] ==== loop 8/∞ | seed=964978156982503991 archetype=turtle personality=minero focus=tech actions_per_loop=4 ====
[13:27:27] planet 38: queue busy, throttled building_hangar
[13:27:27] planet 38: queue busy, throttled building_hangar
[13:27:27] planet 38: queue busy, throttled building_hangar
[13:27:27] planet 38: queue busy, throttled building_hangar
[13:27:27] research: blocked research_energy_technology (building_laboratory 0/1)
[2026-05-12 13:28:28] ==== loop 1/∞ | seed=964978156982503991 archetype=turtle personality=minero focus=tech actions_per_loop=4 ====
[13:28:28] planet 38: queue busy, throttled building_hangar
[13:28:28] planet 38: queue busy, throttled building_hangar
[13:28:28] planet 38: queue busy, throttled building_hangar
[13:28:28] planet 38: queue busy, throttled building_hangar
[13:28:28] research: blocked research_energy_technology (building_laboratory 0/1)
[2026-05-12 13:29:15] ==== loop 2/∞ | seed=964978156982503991 archetype=turtle personality=minero focus=tech actions_per_loop=4 ====
[13:29:15] planet 38: queue busy, throttled building_hangar
[13:29:15] planet 38: queue busy, throttled building_hangar
[13:29:15] planet 38: queue busy, throttled building_hangar
[13:29:15] planet 38: queue busy, throttled building_hangar
[2026-05-12 13:29:56] ==== loop 3/∞ | seed=964978156982503991 archetype=turtle personality=minero focus=tech actions_per_loop=4 ====
[13:29:56] planet 38: queue busy, throttled building_hangar
[13:29:56] planet 38: queue busy, throttled building_hangar
[13:29:56] planet 38: queue busy, throttled building_hangar
[13:29:56] planet 38: queue busy, throttled building_hangar
[2026-05-12 13:30:32] ==== loop 4/∞ | seed=964978156982503991 archetype=turtle personality=minero focus=tech actions_per_loop=4 ====
[13:30:32] planet 38: queue busy, throttled building_hangar
[13:30:32] planet 38: queue busy, throttled building_hangar
[13:30:32] planet 38: queue busy, throttled building_hangar
[13:30:32] planet 38: queue busy, throttled building_hangar
[2026-05-12 13:31:12] ==== loop 5/∞ | seed=964978156982503991 archetype=turtle personality=minero focus=tech actions_per_loop=4 ====
[13:31:12] planet 38: queue busy, throttled building_hangar
[13:31:12] planet 38: queue busy, throttled building_hangar
[13:31:12] planet 38: queue busy, throttled building_hangar
[13:31:12] research: blocked research_energy_technology (building_laboratory 0/1)
[2026-05-12 13:31:46] ==== loop 6/∞ | seed=964978156982503991 archetype=turtle personality=minero focus=tech actions_per_loop=4 ====
[13:31:46] planet 38: queue busy, throttled building_hangar
[13:31:46] planet 38: queue busy, throttled building_hangar
[13:31:46] planet 38: queue busy, throttled building_hangar
[13:31:46] planet 38: queue busy, throttled building_hangar
[13:31:46] research: blocked research_energy_technology (building_laboratory 0/1)
[2026-05-12 13:32:25] ==== loop 7/∞ | seed=964978156982503991 archetype=turtle personality=minero focus=tech actions_per_loop=4 ====
[13:32:25] planet 38: queue busy, throttled building_hangar
[13:32:25] planet 38: queue busy, throttled building_hangar
[13:32:25] planet 38: queue busy, throttled building_hangar
[13:32:25] research: blocked research_energy_technology (building_laboratory 0/1)
[2026-05-12 13:33:07] ==== loop 8/∞ | seed=964978156982503991 archetype=turtle personality=minero focus=tech actions_per_loop=4 ====
[13:33:07] planet 38: queue busy, throttled building_hangar
[13:33:07] planet 38: queue busy, throttled building_hangar
[13:33:07] planet 38: queue busy, throttled building_hangar
[13:33:07] planet 38: queue busy, throttled building_hangar
[2026-05-12 13:33:45] ==== loop 9/∞ | seed=964978156982503991 archetype=turtle personality=minero focus=tech actions_per_loop=4 ====
[13:33:45] planet 38: queue busy, throttled building_hangar
[13:33:45] planet 38: queue busy, throttled building_hangar
[13:33:45] planet 38: queue busy, throttled building_hangar
[13:33:45] planet 38: queue busy, throttled building_hangar
[13:33:45] research: blocked research_energy_technology (building_laboratory 0/1)
[2026-05-12 13:34:21] ==== loop 10/∞ | seed=964978156982503991 archetype=turtle personality=minero focus=tech actions_per_loop=4 ====
[13:34:21] planet 38: queue busy, throttled building_hangar
[13:34:21] planet 38: queue busy, throttled building_hangar
[13:34:21] planet 38: queue busy, throttled building_hangar
[13:34:21] planet 38: queue busy, throttled building_hangar
[2026-05-12 13:34:59] ==== loop 11/∞ | seed=964978156982503991 archetype=turtle personality=minero focus=tech actions_per_loop=4 ====
[13:34:59] planet 38: queue busy, throttled building_hangar
[13:34:59] planet 38: queue busy, throttled building_hangar
[13:34:59] planet 38: queue busy, throttled building_hangar
[13:34:59] planet 38: queue busy, throttled building_hangar
[13:34:59] research: blocked research_energy_technology (building_laboratory 0/1)
[2026-05-12 13:35:39] ==== loop 12/∞ | seed=964978156982503991 archetype=turtle personality=minero focus=tech actions_per_loop=4 ====
[13:35:39] planet 38: queue busy, throttled building_hangar
[13:35:39] planet 38: queue busy, throttled building_hangar
[13:35:39] planet 38: queue busy, throttled building_hangar
[13:35:39] planet 38: queue busy, throttled building_hangar
[2026-05-12 13:36:17] ==== loop 13/∞ | seed=964978156982503991 archetype=turtle personality=minero focus=tech actions_per_loop=4 ====
[13:36:17] planet 38: queue busy, throttled building_hangar
[13:36:17] planet 38: queue busy, throttled building_hangar
[13:36:17] planet 38: queue busy, throttled building_hangar
[13:36:17] research: blocked research_energy_technology (building_laboratory 0/1)
[2026-05-12 13:36:53] ==== loop 14/∞ | seed=964978156982503991 archetype=turtle personality=minero focus=tech actions_per_loop=4 ====
[13:36:53] planet 38: queue busy, throttled building_hangar
[13:36:53] planet 38: queue busy, throttled building_hangar
[13:36:53] planet 38: queue busy, throttled building_hangar
[13:36:53] planet 38: queue busy, throttled building_hangar
[13:36:53] research: blocked research_energy_technology (building_laboratory 0/1)
[2026-05-12 13:37:30] ==== loop 15/∞ | seed=964978156982503991 archetype=turtle personality=minero focus=tech actions_per_loop=4 ====
[13:37:30] planet 38: queue busy, throttled building_hangar
[13:37:30] planet 38: queue busy, throttled building_hangar
[13:37:30] planet 38: queue busy, throttled building_hangar
[2026-05-12 13:38:10] ==== loop 16/∞ | seed=964978156982503991 archetype=turtle personality=minero focus=tech actions_per_loop=4 ====
[13:38:10] planet 38: queue busy, throttled building_hangar
[13:38:10] planet 38: queue busy, throttled building_hangar
[13:38:10] planet 38: queue busy, throttled building_hangar
[13:38:10] planet 38: queue busy, throttled building_hangar
[13:38:10] research: blocked research_energy_technology (building_laboratory 0/1)
[2026-05-12 13:38:46] ==== loop 17/∞ | seed=964978156982503991 archetype=turtle personality=minero focus=tech actions_per_loop=4 ====
[13:38:46] planet 38: queue busy, throttled building_hangar
[13:38:46] planet 38: queue busy, throttled building_hangar
[13:38:46] planet 38: queue busy, throttled building_hangar
[13:38:46] planet 38: queue busy, throttled building_hangar
[2026-05-12 13:39:32] ==== loop 1/∞ | seed=964978156982503991 archetype=turtle personality=minero focus=tech actions_per_loop=4 ====
[13:39:32] planet 38: queue busy, throttled building_hangar
[13:39:32] planet 38: queue busy, throttled building_hangar
[13:39:32] planet 38: queue busy, throttled building_hangar
[13:39:32] planet 38: queue busy, throttled building_hangar
[2026-05-12 13:40:09] ==== loop 2/∞ | seed=964978156982503991 archetype=turtle personality=minero focus=tech actions_per_loop=4 ====
[13:40:09] planet 38: queue busy, throttled building_hangar
[13:40:09] planet 38: queue busy, throttled building_hangar
[13:40:09] planet 38: queue busy, throttled building_hangar
[2026-05-12 13:40:45] ==== loop 1/∞ | seed=964978156982503991 archetype=turtle personality=minero focus=tech actions_per_loop=4 ====
[13:40:45] planet 38: queue busy, throttled building_hangar
[13:40:45] planet 38: queue busy, throttled building_hangar
[13:40:45] planet 38: queue busy, throttled building_hangar
[13:40:45] planet 38: queue busy, throttled building_hangar
[13:40:45] research: blocked research_energy_technology (building_laboratory 0/1)
[2026-05-12 13:41:23] ==== loop 2/∞ | seed=964978156982503991 archetype=turtle personality=minero focus=tech actions_per_loop=4 ====
[13:41:23] planet 38: queue busy, throttled building_hangar
[13:41:23] planet 38: queue busy, throttled building_hangar
[13:41:23] planet 38: queue busy, throttled building_hangar
[13:41:23] planet 38: queue busy, throttled building_hangar
[13:41:23] research: blocked research_energy_technology (building_laboratory 0/1)
[2026-05-12 13:41:57] ==== loop 3/∞ | seed=964978156982503991 archetype=turtle personality=minero focus=tech actions_per_loop=4 ====
[13:41:57] planet 38: queue busy, throttled building_hangar
[13:41:57] planet 38: queue busy, throttled building_hangar
[13:41:57] planet 38: queue busy, throttled building_hangar
[13:41:57] planet 38: queue busy, throttled building_hangar
[13:41:57] research: blocked research_energy_technology (building_laboratory 0/1)
[2026-05-12 13:42:32] ==== loop 4/∞ | seed=964978156982503991 archetype=turtle personality=minero focus=tech actions_per_loop=4 ====
[13:42:32] planet 38: queue busy, throttled building_hangar
[13:42:32] planet 38: queue busy, throttled building_hangar
[13:42:32] planet 38: queue busy, throttled building_hangar
[13:42:32] planet 38: queue busy, throttled building_hangar
[2026-05-12 13:43:12] ==== loop 5/∞ | seed=964978156982503991 archetype=turtle personality=minero focus=tech actions_per_loop=4 ====
[13:43:12] planet 38: queue busy, throttled building_hangar
[13:43:12] planet 38: queue busy, throttled building_hangar
[13:43:12] planet 38: queue busy, throttled building_hangar
[13:43:12] planet 38: queue busy, throttled building_hangar
[13:43:12] research: blocked research_energy_technology (building_laboratory 0/1)
[2026-05-12 13:43:53] ==== loop 6/∞ | seed=964978156982503991 archetype=turtle personality=minero focus=tech actions_per_loop=4 ====
[13:43:53] planet 38: queue busy, throttled building_hangar
[13:43:53] planet 38: queue busy, throttled building_hangar
[13:43:53] planet 38: queue busy, throttled building_hangar
[2026-05-12 13:44:45] ==== loop 1/∞ | seed=964978156982503991 archetype=turtle personality=minero focus=tech actions_per_loop=4 ====
[13:44:45] planet 38: queue busy, throttled building_hangar
[13:44:45] planet 38: queue busy, throttled building_hangar
[13:44:45] planet 38: queue busy, throttled building_hangar
[13:44:45] planet 38: queue busy, throttled building_hangar
[2026-05-12 13:45:19] ==== loop 2/∞ | seed=964978156982503991 archetype=turtle personality=minero focus=tech actions_per_loop=4 ====
[13:45:19] planet 38: queue busy, throttled building_hangar
[13:45:19] planet 38: queue busy, throttled building_hangar
[13:45:19] planet 38: queue busy, throttled building_hangar
[13:45:19] research: blocked research_energy_technology (building_laboratory 0/1)
[2026-05-12 13:45:54] ==== loop 3/∞ | seed=964978156982503991 archetype=turtle personality=minero focus=tech actions_per_loop=4 ====
[13:45:54] planet 38: queue busy, throttled building_hangar
[13:45:54] planet 38: queue busy, throttled building_hangar
[13:45:54] planet 38: queue busy, throttled building_hangar
[13:45:54] planet 38: queue busy, throttled building_hangar
[2026-05-12 13:46:31] ==== loop 4/∞ | seed=964978156982503991 archetype=turtle personality=minero focus=tech actions_per_loop=4 ====
[13:46:31] planet 38: queue busy, throttled building_hangar
[13:46:31] planet 38: queue busy, throttled building_hangar
[13:46:31] planet 38: queue busy, throttled building_hangar
[13:46:31] planet 38: queue busy, throttled building_hangar
[2026-05-12 13:47:06] ==== loop 5/∞ | seed=964978156982503991 archetype=turtle personality=minero focus=tech actions_per_loop=4 ====
[13:47:06] planet 38: queue busy, throttled building_hangar
[13:47:06] planet 38: queue busy, throttled building_hangar
[13:47:06] planet 38: queue busy, throttled building_hangar
[13:47:06] planet 38: queue busy, throttled building_hangar
[2026-05-12 13:47:45] ==== loop 6/∞ | seed=964978156982503991 archetype=turtle personality=minero focus=tech actions_per_loop=4 ====
[13:47:45] planet 38: queue busy, throttled building_hangar
[13:47:45] planet 38: queue busy, throttled building_hangar
[13:47:45] planet 38: queue busy, throttled building_hangar
[13:47:45] planet 38: queue busy, throttled building_hangar
[13:47:45] research: blocked research_energy_technology (building_laboratory 0/1)
[2026-05-12 13:48:24] ==== loop 7/∞ | seed=964978156982503991 archetype=turtle personality=minero focus=tech actions_per_loop=4 ====
[13:48:24] planet 38: queue busy, throttled building_hangar
[13:48:24] planet 38: queue busy, throttled building_hangar
[13:48:24] planet 38: queue busy, throttled building_hangar
[13:48:24] planet 38: queue busy, throttled building_hangar
[13:48:24] research: blocked research_energy_technology (building_laboratory 0/1)
[2026-05-12 13:49:04] ==== loop 8/∞ | seed=964978156982503991 archetype=turtle personality=minero focus=tech actions_per_loop=4 ====
[13:49:04] planet 38: queue busy, throttled building_hangar
[13:49:04] planet 38: queue busy, throttled building_hangar
[13:49:04] planet 38: queue busy, throttled building_hangar
[13:49:04] planet 38: queue busy, throttled building_hangar
[13:49:04] research: blocked research_energy_technology (building_laboratory 0/1)
[2026-05-12 13:49:43] ==== loop 9/∞ | seed=964978156982503991 archetype=turtle personality=minero focus=tech actions_per_loop=4 ====
[13:49:43] planet 38: queue busy, throttled building_hangar
[13:49:43] planet 38: queue busy, throttled building_hangar
[13:49:43] planet 38: queue busy, throttled building_hangar
[13:49:43] planet 38: queue busy, throttled building_hangar
[13:49:43] research: blocked research_energy_technology (building_laboratory 0/1)
[2026-05-12 13:50:19] ==== loop 10/∞ | seed=964978156982503991 archetype=turtle personality=minero focus=tech actions_per_loop=4 ====
[13:50:19] planet 38: queue busy, throttled building_hangar
[13:50:19] planet 38: queue busy, throttled building_hangar
[13:50:19] planet 38: queue busy, throttled building_hangar
[13:50:19] planet 38: queue busy, throttled building_hangar
[2026-05-12 13:50:54] ==== loop 11/∞ | seed=964978156982503991 archetype=turtle personality=minero focus=tech actions_per_loop=4 ====
[13:50:54] planet 38: queue busy, throttled building_hangar
[13:50:54] planet 38: queue busy, throttled building_hangar
[13:50:54] planet 38: queue busy, throttled building_hangar
[13:50:54] research: blocked research_energy_technology (building_laboratory 0/1)
[2026-05-12 13:51:31] ==== loop 12/∞ | seed=964978156982503991 archetype=turtle personality=minero focus=tech actions_per_loop=4 ====
[13:51:31] planet 38: queue busy, throttled building_hangar
[13:51:31] planet 38: queue busy, throttled building_hangar
[13:51:31] planet 38: queue busy, throttled building_hangar
[13:51:31] planet 38: queue busy, throttled building_hangar
[13:51:31] research: blocked research_energy_technology (building_laboratory 0/1)
[2026-05-12 13:52:04] ==== loop 13/∞ | seed=964978156982503991 archetype=turtle personality=minero focus=tech actions_per_loop=4 ====
[13:52:04] planet 38: queue busy, throttled building_hangar
[13:52:04] planet 38: queue busy, throttled building_hangar
[13:52:04] planet 38: queue busy, throttled building_hangar
[13:52:04] planet 38: queue busy, throttled building_hangar
[13:52:04] research: blocked research_energy_technology (building_laboratory 0/1)
[2026-05-12 13:52:37] ==== loop 14/∞ | seed=964978156982503991 archetype=turtle personality=minero focus=tech actions_per_loop=4 ====
[13:52:37] planet 38: queue busy, throttled building_hangar
[13:52:37] planet 38: queue busy, throttled building_hangar
[13:52:37] planet 38: queue busy, throttled building_hangar
[13:52:37] planet 38: queue busy, throttled building_hangar
[13:52:37] research: blocked research_energy_technology (building_laboratory 0/1)
[2026-05-12 13:53:13] ==== loop 15/∞ | seed=964978156982503991 archetype=turtle personality=minero focus=tech actions_per_loop=4 ====
[13:53:13] planet 38: queue busy, throttled building_hangar
[13:53:13] planet 38: queue busy, throttled building_hangar
[13:53:13] planet 38: queue busy, throttled building_hangar
[13:53:13] planet 38: queue busy, throttled building_hangar
[2026-05-12 13:53:49] ==== loop 16/∞ | seed=964978156982503991 archetype=turtle personality=minero focus=tech actions_per_loop=4 ====
[13:53:49] planet 38: queue busy, throttled building_hangar
[13:53:49] planet 38: queue busy, throttled building_hangar
[13:53:49] planet 38: queue busy, throttled building_hangar
[13:53:49] planet 38: queue busy, throttled building_hangar
[2026-05-12 13:54:27] ==== loop 17/∞ | seed=964978156982503991 archetype=turtle personality=minero focus=tech actions_per_loop=4 ====
[13:54:27] planet 38: queue busy, throttled building_hangar
[13:54:27] planet 38: queue busy, throttled building_hangar
[13:54:27] planet 38: queue busy, throttled building_hangar
[13:54:27] planet 38: queue busy, throttled building_hangar
[2026-05-12 13:55:04] ==== loop 18/∞ | seed=964978156982503991 archetype=turtle personality=minero focus=tech actions_per_loop=4 ====
[13:55:04] planet 38: queue busy, throttled building_hangar
[13:55:04] planet 38: queue busy, throttled building_hangar
[13:55:04] planet 38: queue busy, throttled building_hangar
[2026-05-12 13:55:42] ==== loop 19/∞ | seed=964978156982503991 archetype=turtle personality=minero focus=tech actions_per_loop=4 ====
[13:55:42] planet 38: queue busy, throttled building_hangar
[13:55:42] planet 38: queue busy, throttled building_hangar
[13:55:42] planet 38: queue busy, throttled building_hangar
[13:55:42] planet 38: queue busy, throttled building_hangar
[2026-05-12 13:56:19] ==== loop 20/∞ | seed=964978156982503991 archetype=turtle personality=minero focus=tech actions_per_loop=4 ====
[13:56:19] planet 38: queue busy, throttled building_hangar
[13:56:19] planet 38: queue busy, throttled building_hangar
[13:56:19] planet 38: queue busy, throttled building_hangar
[13:56:19] planet 38: queue busy, throttled building_hangar
[13:56:19] research: blocked research_energy_technology (building_laboratory 0/1)
[2026-05-12 13:56:54] ==== loop 21/∞ | seed=964978156982503991 archetype=turtle personality=minero focus=tech actions_per_loop=4 ====
[13:56:54] planet 38: queue busy, throttled building_hangar
[13:56:54] planet 38: queue busy, throttled building_hangar
[13:56:54] planet 38: queue busy, throttled building_hangar
[13:56:54] planet 38: queue busy, throttled building_hangar
[2026-05-12 13:57:33] ==== loop 22/∞ | seed=964978156982503991 archetype=turtle personality=minero focus=tech actions_per_loop=4 ====
[13:57:33] planet 38: queue busy, throttled building_hangar
[13:57:33] planet 38: queue busy, throttled building_hangar
[13:57:33] planet 38: queue busy, throttled building_hangar
[2026-05-12 13:58:09] ==== loop 23/∞ | seed=964978156982503991 archetype=turtle personality=minero focus=tech actions_per_loop=4 ====
[13:58:09] planet 38: queue busy, throttled building_hangar
[13:58:09] planet 38: queue busy, throttled building_hangar
[13:58:09] planet 38: queue busy, throttled building_hangar
[13:58:09] planet 38: queue busy, throttled building_hangar
[13:58:09] research: blocked research_energy_technology (building_laboratory 0/1)
[2026-05-12 13:58:43] ==== loop 24/∞ | seed=964978156982503991 archetype=turtle personality=minero focus=tech actions_per_loop=4 ====
[13:58:43] planet 38: queue busy, throttled building_hangar
[13:58:43] planet 38: queue busy, throttled building_hangar
[13:58:43] planet 38: queue busy, throttled building_hangar
[13:58:43] planet 38: queue busy, throttled building_hangar
[13:58:43] research: blocked research_energy_technology (building_laboratory 0/1)
[2026-05-12 13:59:21] ==== loop 25/∞ | seed=964978156982503991 archetype=turtle personality=minero focus=tech actions_per_loop=4 ====
[13:59:21] planet 38: queue busy, throttled building_hangar
[13:59:21] planet 38: queue busy, throttled building_hangar
[13:59:21] planet 38: queue busy, throttled building_hangar
[13:59:21] planet 38: queue busy, throttled building_hangar
[13:59:21] research: blocked research_energy_technology (building_laboratory 0/1)
[2026-05-12 13:59:54] ==== loop 26/∞ | seed=964978156982503991 archetype=turtle personality=minero focus=tech actions_per_loop=4 ====
[13:59:54] planet 38: queue busy, throttled building_hangar
[13:59:54] planet 38: queue busy, throttled building_hangar
[13:59:54] planet 38: queue busy, throttled building_hangar
[2026-05-12 14:00:26] ==== loop 27/∞ | seed=964978156982503991 archetype=turtle personality=minero focus=tech actions_per_loop=4 ====
[14:00:26] planet 38: queue busy, throttled building_hangar
[14:00:26] planet 38: queue busy, throttled building_hangar
[14:00:26] planet 38: queue busy, throttled building_hangar
[14:00:26] planet 38: queue busy, throttled building_hangar
[2026-05-12 14:01:02] ==== loop 28/∞ | seed=964978156982503991 archetype=turtle personality=minero focus=tech actions_per_loop=4 ====
[14:01:02] planet 38: queue busy, throttled building_hangar
[14:01:02] planet 38: queue busy, throttled building_hangar
[14:01:02] planet 38: queue busy, throttled building_hangar
[14:01:02] planet 38: queue busy, throttled building_hangar
[2026-05-12 14:01:42] ==== loop 29/∞ | seed=964978156982503991 archetype=turtle personality=minero focus=tech actions_per_loop=4 ====
[14:01:42] planet 38: queue busy, throttled building_hangar
[14:01:42] planet 38: queue busy, throttled building_hangar
[14:01:42] planet 38: queue busy, throttled building_hangar
[14:01:42] planet 38: queue busy, throttled building_hangar
[2026-05-12 14:02:23] ==== loop 30/∞ | seed=964978156982503991 archetype=turtle personality=minero focus=tech actions_per_loop=4 ====
[14:02:23] planet 38: queue busy, throttled building_hangar
[14:02:23] planet 38: queue busy, throttled building_hangar
[14:02:23] planet 38: queue busy, throttled building_hangar
[14:02:23] research: blocked research_energy_technology (building_laboratory 0/1)
[2026-05-12 14:03:03] ==== loop 31/∞ | seed=964978156982503991 archetype=turtle personality=minero focus=tech actions_per_loop=4 ====
[14:03:03] planet 38: queue busy, throttled building_hangar
[14:03:03] planet 38: queue busy, throttled building_hangar
[14:03:03] planet 38: queue busy, throttled building_hangar
[14:03:03] planet 38: queue busy, throttled building_hangar
[14:03:03] research: blocked research_energy_technology (building_laboratory 0/1)
[2026-05-12 14:03:43] ==== loop 32/∞ | seed=964978156982503991 archetype=turtle personality=minero focus=tech actions_per_loop=4 ====
[14:03:43] planet 38: queue busy, throttled building_hangar
[14:03:43] planet 38: queue busy, throttled building_hangar
[14:03:43] planet 38: queue busy, throttled building_hangar
[14:03:43] research: blocked research_energy_technology (building_laboratory 0/1)
[2026-05-12 14:04:26] ==== loop 33/∞ | seed=964978156982503991 archetype=turtle personality=minero focus=tech actions_per_loop=4 ====
[14:04:26] planet 38: queue busy, throttled building_hangar
[14:04:26] planet 38: queue busy, throttled building_hangar
[14:04:26] planet 38: queue busy, throttled building_hangar
[2026-05-12 14:05:05] ==== loop 34/∞ | seed=964978156982503991 archetype=turtle personality=minero focus=tech actions_per_loop=4 ====
[14:05:05] planet 38: queue busy, throttled building_hangar
[14:05:05] planet 38: queue busy, throttled building_hangar
[14:05:05] planet 38: queue busy, throttled building_hangar
[14:05:05] planet 38: queue busy, throttled building_hangar
[2026-05-12 14:05:40] ==== loop 35/∞ | seed=964978156982503991 archetype=turtle personality=minero focus=tech actions_per_loop=4 ====
[14:05:40] planet 38: queue busy, throttled building_hangar
[14:05:40] planet 38: queue busy, throttled building_hangar
[14:05:40] planet 38: queue busy, throttled building_hangar
[2026-05-12 14:06:22] ==== loop 36/∞ | seed=964978156982503991 archetype=turtle personality=minero focus=tech actions_per_loop=4 ====
[14:06:22] planet 38: queue busy, throttled building_hangar
[14:06:22] planet 38: queue busy, throttled building_hangar
[14:06:22] planet 38: queue busy, throttled building_hangar
[14:06:22] planet 38: queue busy, throttled building_hangar
[14:06:22] research: blocked research_energy_technology (building_laboratory 0/1)
[2026-05-12 14:07:00] ==== loop 37/∞ | seed=964978156982503991 archetype=turtle personality=minero focus=tech actions_per_loop=4 ====
[14:07:00] planet 38: queue busy, throttled building_hangar
[14:07:00] planet 38: queue busy, throttled building_hangar
[14:07:00] planet 38: queue busy, throttled building_hangar
[14:07:00] research: blocked research_energy_technology (building_laboratory 0/1)
[2026-05-12 14:07:40] ==== loop 38/∞ | seed=964978156982503991 archetype=turtle personality=minero focus=tech actions_per_loop=4 ====
[14:07:40] planet 38: queue busy, throttled building_hangar
[14:07:40] planet 38: queue busy, throttled building_hangar
[14:07:40] planet 38: queue busy, throttled building_hangar
[2026-05-12 14:08:19] ==== loop 39/∞ | seed=964978156982503991 archetype=turtle personality=minero focus=tech actions_per_loop=4 ====
[14:08:19] planet 38: queue busy, throttled building_hangar
[14:08:19] planet 38: queue busy, throttled building_hangar
[14:08:19] planet 38: queue busy, throttled building_hangar
[2026-05-12 14:09:01] ==== loop 40/∞ | seed=964978156982503991 archetype=turtle personality=minero focus=tech actions_per_loop=4 ====
[14:09:01] planet 38: queue busy, throttled building_hangar
[14:09:01] planet 38: queue busy, throttled building_hangar
[14:09:01] planet 38: queue busy, throttled building_hangar
[14:09:01] planet 38: queue busy, throttled building_hangar
[2026-05-12 14:09:45] ==== loop 41/∞ | seed=964978156982503991 archetype=turtle personality=minero focus=tech actions_per_loop=4 ====
[14:09:45] planet 38: queue busy, throttled building_hangar
[14:09:45] planet 38: queue busy, throttled building_hangar
[14:09:45] planet 38: queue busy, throttled building_hangar
[14:09:45] planet 38: queue busy, throttled building_hangar
[14:09:45] research: blocked research_energy_technology (building_laboratory 0/1)
[2026-05-12 14:10:23] ==== loop 42/∞ | seed=964978156982503991 archetype=turtle personality=minero focus=tech actions_per_loop=4 ====
[14:10:23] planet 38: queue busy, throttled building_hangar
[14:10:23] planet 38: queue busy, throttled building_hangar
[14:10:23] planet 38: queue busy, throttled building_hangar
[14:10:23] planet 38: queue busy, throttled building_hangar
[2026-05-12 14:11:01] ==== loop 43/∞ | seed=964978156982503991 archetype=turtle personality=minero focus=tech actions_per_loop=4 ====
[14:11:01] planet 38: queue busy, throttled building_hangar
[14:11:01] planet 38: queue busy, throttled building_hangar
[14:11:01] planet 38: queue busy, throttled building_hangar
[14:11:01] planet 38: queue busy, throttled building_hangar
[14:11:01] research: blocked research_energy_technology (building_laboratory 0/1)
[2026-05-12 14:11:41] ==== loop 44/∞ | seed=964978156982503991 archetype=turtle personality=minero focus=tech actions_per_loop=4 ====
[14:11:41] planet 38: queue busy, throttled building_hangar
[14:11:41] planet 38: queue busy, throttled building_hangar
[14:11:41] planet 38: queue busy, throttled building_hangar
[14:11:41] planet 38: queue busy, throttled building_hangar
[14:11:41] research: blocked research_energy_technology (building_laboratory 0/1)
[2026-05-12 14:12:20] ==== loop 45/∞ | seed=964978156982503991 archetype=turtle personality=minero focus=tech actions_per_loop=4 ====
[14:12:20] planet 38: queue busy, throttled building_hangar
[14:12:20] planet 38: queue busy, throttled building_hangar
[14:12:20] planet 38: queue busy, throttled building_hangar
[14:12:20] planet 38: queue busy, throttled building_hangar
[14:12:20] research: blocked research_energy_technology (building_laboratory 0/1)
[2026-05-12 14:12:55] ==== loop 46/∞ | seed=964978156982503991 archetype=turtle personality=minero focus=tech actions_per_loop=4 ====
[14:12:55] planet 38: queue busy, throttled building_hangar
[14:12:55] planet 38: queue busy, throttled building_hangar
[14:12:55] planet 38: queue busy, throttled building_hangar
[14:12:55] planet 38: queue busy, throttled building_hangar
[14:12:55] research: blocked research_energy_technology (building_laboratory 0/1)
[2026-05-12 14:13:32] ==== loop 47/∞ | seed=964978156982503991 archetype=turtle personality=minero focus=tech actions_per_loop=4 ====
[14:13:32] planet 38: queue busy, throttled building_hangar
[14:13:32] planet 38: queue busy, throttled building_hangar
[14:13:32] planet 38: queue busy, throttled building_hangar
[14:13:32] planet 38: queue busy, throttled building_hangar
[14:13:32] research: blocked research_energy_technology (building_laboratory 0/1)
[2026-05-12 14:14:07] ==== loop 48/∞ | seed=964978156982503991 archetype=turtle personality=minero focus=tech actions_per_loop=4 ====
[14:14:07] planet 38: queue busy, throttled building_hangar
[14:14:07] planet 38: queue busy, throttled building_hangar
[14:14:07] planet 38: queue busy, throttled building_hangar
[14:14:07] planet 38: queue busy, throttled building_hangar
[2026-05-12 14:14:46] ==== loop 49/∞ | seed=964978156982503991 archetype=turtle personality=minero focus=tech actions_per_loop=4 ====
[14:14:46] planet 38: queue busy, throttled building_hangar
[14:14:46] planet 38: queue busy, throttled building_hangar
[14:14:46] planet 38: queue busy, throttled building_hangar
[14:14:46] planet 38: queue busy, throttled building_hangar
[14:14:46] research: blocked research_energy_technology (building_laboratory 0/1)
[2026-05-12 14:15:24] ==== loop 50/∞ | seed=964978156982503991 archetype=turtle personality=minero focus=tech actions_per_loop=4 ====
[14:15:24] planet 38: queue busy, throttled building_hangar
[14:15:24] planet 38: queue busy, throttled building_hangar
[14:15:24] planet 38: queue busy, throttled building_hangar
[14:15:24] planet 38: queue busy, throttled building_hangar
[14:15:24] research: blocked research_energy_technology (building_laboratory 0/1)
[2026-05-12 14:16:00] ==== loop 51/∞ | seed=964978156982503991 archetype=turtle personality=minero focus=tech actions_per_loop=4 ====
[14:16:00] planet 38: queue busy, throttled building_hangar
[14:16:00] planet 38: queue busy, throttled building_hangar
[14:16:00] planet 38: queue busy, throttled building_hangar
[14:16:00] planet 38: queue busy, throttled building_hangar
[2026-05-12 14:16:33] ==== loop 52/∞ | seed=964978156982503991 archetype=turtle personality=minero focus=tech actions_per_loop=4 ====
[14:16:33] planet 38: queue busy, throttled building_hangar
[14:16:33] planet 38: queue busy, throttled building_hangar
[14:16:33] planet 38: queue busy, throttled building_hangar
[14:16:33] planet 38: queue busy, throttled building_hangar
[2026-05-12 14:17:10] ==== loop 53/∞ | seed=964978156982503991 archetype=turtle personality=minero focus=tech actions_per_loop=4 ====
[14:17:10] planet 38: queue busy, throttled building_hangar
[14:17:10] planet 38: queue busy, throttled building_hangar
[14:17:10] planet 38: queue busy, throttled building_hangar
[14:17:10] planet 38: queue busy, throttled building_hangar
[14:17:10] research: blocked research_energy_technology (building_laboratory 0/1)
[2026-05-12 14:17:43] ==== loop 54/∞ | seed=964978156982503991 archetype=turtle personality=minero focus=tech actions_per_loop=4 ====
[14:17:43] planet 38: queue busy, throttled building_hangar
[14:17:43] planet 38: queue busy, throttled building_hangar
[14:17:43] planet 38: queue busy, throttled building_hangar
[14:17:43] planet 38: queue busy, throttled building_hangar
[2026-05-12 14:18:22] ==== loop 55/∞ | seed=964978156982503991 archetype=turtle personality=minero focus=tech actions_per_loop=4 ====
[14:18:22] planet 38: queue busy, throttled building_hangar
[14:18:22] planet 38: queue busy, throttled building_hangar
[14:18:22] planet 38: queue busy, throttled building_hangar
[14:18:22] planet 38: queue busy, throttled building_hangar
[2026-05-12 14:18:56] ==== loop 56/∞ | seed=964978156982503991 archetype=turtle personality=minero focus=tech actions_per_loop=4 ====
[14:18:56] planet 38: queue busy, throttled building_hangar
[14:18:56] planet 38: queue busy, throttled building_hangar
[14:18:56] planet 38: queue busy, throttled building_hangar
[2026-05-12 14:19:37] ==== loop 57/∞ | seed=964978156982503991 archetype=turtle personality=minero focus=tech actions_per_loop=4 ====
[14:19:37] planet 38: queue busy, throttled building_hangar
[14:19:37] planet 38: queue busy, throttled building_hangar
[14:19:37] planet 38: queue busy, throttled building_hangar
[14:19:37] planet 38: queue busy, throttled building_hangar
[2026-05-12 14:20:13] ==== loop 58/∞ | seed=964978156982503991 archetype=turtle personality=minero focus=tech actions_per_loop=4 ====
[14:20:13] planet 38: queue busy, throttled building_hangar
[14:20:13] planet 38: queue busy, throttled building_hangar
[14:20:13] planet 38: queue busy, throttled building_hangar
[14:20:13] planet 38: queue busy, throttled building_hangar
[2026-05-12 14:20:56] ==== loop 59/∞ | seed=964978156982503991 archetype=turtle personality=minero focus=tech actions_per_loop=4 ====
[14:20:56] planet 38: queue busy, throttled building_hangar
[14:20:56] planet 38: queue busy, throttled building_hangar
[14:20:56] planet 38: queue busy, throttled building_hangar
[14:20:56] planet 38: queue busy, throttled building_hangar
[2026-05-12 14:21:37] ==== loop 60/∞ | seed=964978156982503991 archetype=turtle personality=minero focus=tech actions_per_loop=4 ====
[14:21:37] planet 38: queue busy, throttled building_hangar
[14:21:37] planet 38: queue busy, throttled building_hangar
[14:21:37] planet 38: queue busy, throttled building_hangar
[14:21:37] planet 38: queue busy, throttled building_hangar
[2026-05-12 14:22:21] ==== loop 61/∞ | seed=964978156982503991 archetype=turtle personality=minero focus=tech actions_per_loop=4 ====
[14:22:21] planet 38: queue busy, throttled building_hangar
[14:22:21] planet 38: queue busy, throttled building_hangar
[14:22:21] planet 38: queue busy, throttled building_hangar
[14:22:21] planet 38: queue busy, throttled building_hangar
[14:22:21] research: blocked research_energy_technology (building_laboratory 0/1)
[2026-05-12 14:23:07] ==== loop 62/∞ | seed=964978156982503991 archetype=turtle personality=minero focus=tech actions_per_loop=4 ====
[14:23:07] planet 38: queue busy, throttled building_hangar
[14:23:07] planet 38: queue busy, throttled building_hangar
[14:23:07] planet 38: queue busy, throttled building_hangar
[14:23:07] planet 38: queue busy, throttled building_hangar
[2026-05-12 14:23:53] ==== loop 63/∞ | seed=964978156982503991 archetype=turtle personality=minero focus=tech actions_per_loop=4 ====
[14:23:53] planet 38: queue busy, throttled building_hangar
[14:23:53] planet 38: queue busy, throttled building_hangar
[14:23:53] planet 38: queue busy, throttled building_hangar
[14:23:53] planet 38: queue busy, throttled building_hangar
[2026-05-12 14:24:34] ==== loop 64/∞ | seed=964978156982503991 archetype=turtle personality=minero focus=tech actions_per_loop=4 ====
[14:24:34] planet 38: queue busy, throttled building_hangar
[14:24:34] planet 38: queue busy, throttled building_hangar
[14:24:34] planet 38: queue busy, throttled building_hangar
[2026-05-12 14:25:16] ==== loop 65/∞ | seed=964978156982503991 archetype=turtle personality=minero focus=tech actions_per_loop=4 ====
[14:25:16] planet 38: queue busy, throttled building_hangar
[14:25:16] planet 38: queue busy, throttled building_hangar
[14:25:16] planet 38: queue busy, throttled building_hangar
[14:25:16] planet 38: queue busy, throttled building_hangar
[2026-05-12 14:25:54] ==== loop 66/∞ | seed=964978156982503991 archetype=turtle personality=minero focus=tech actions_per_loop=4 ====
[14:25:54] planet 38: queue busy, throttled building_hangar
[14:25:54] planet 38: queue busy, throttled building_hangar
[14:25:54] planet 38: queue busy, throttled building_hangar
[14:25:54] planet 38: queue busy, throttled building_hangar
[14:25:54] research: blocked research_energy_technology (building_laboratory 0/1)
[2026-05-12 14:26:38] ==== loop 67/∞ | seed=964978156982503991 archetype=turtle personality=minero focus=tech actions_per_loop=4 ====
[14:26:38] planet 38: queue busy, throttled building_hangar
[14:26:38] planet 38: queue busy, throttled building_hangar
[14:26:38] planet 38: queue busy, throttled building_hangar
[14:26:38] research: blocked research_energy_technology (building_laboratory 0/1)
[2026-05-12 14:27:19] ==== loop 68/∞ | seed=964978156982503991 archetype=turtle personality=minero focus=tech actions_per_loop=4 ====
[14:27:19] planet 38: queue busy, throttled building_hangar
[14:27:19] planet 38: queue busy, throttled building_hangar
[14:27:19] planet 38: queue busy, throttled building_hangar
[14:27:19] research: blocked research_energy_technology (building_laboratory 0/1)
[2026-05-12 14:28:04] ==== loop 69/∞ | seed=964978156982503991 archetype=turtle personality=minero focus=tech actions_per_loop=4 ====
[14:28:04] planet 38: queue busy, throttled building_hangar
[14:28:04] planet 38: queue busy, throttled building_hangar
[14:28:04] planet 38: queue busy, throttled building_hangar
[14:28:04] planet 38: queue busy, throttled building_hangar
[2026-05-12 14:28:46] ==== loop 70/∞ | seed=964978156982503991 archetype=turtle personality=minero focus=tech actions_per_loop=4 ====
[14:28:46] planet 38: queue busy, throttled building_hangar
[14:28:46] planet 38: queue busy, throttled building_hangar
[14:28:46] planet 38: queue busy, throttled building_hangar
[14:28:46] planet 38: queue busy, throttled building_hangar
[2026-05-12 14:29:26] ==== loop 71/∞ | seed=964978156982503991 archetype=turtle personality=minero focus=tech actions_per_loop=4 ====
[14:29:27] planet 38: queue busy, throttled building_hangar
[14:29:27] planet 38: queue busy, throttled building_hangar
[14:29:27] planet 38: queue busy, throttled building_hangar
[14:29:27] planet 38: queue busy, throttled building_hangar
[14:29:27] research: blocked research_energy_technology (building_laboratory 0/1)
[2026-05-12 14:30:11] ==== loop 72/∞ | seed=964978156982503991 archetype=turtle personality=minero focus=tech actions_per_loop=4 ====
[14:30:11] planet 38: queue busy, throttled building_hangar
[14:30:11] planet 38: queue busy, throttled building_hangar
[14:30:11] planet 38: queue busy, throttled building_hangar
[14:30:11] planet 38: queue busy, throttled building_hangar
[2026-05-12 14:30:52] ==== loop 73/∞ | seed=964978156982503991 archetype=turtle personality=minero focus=tech actions_per_loop=4 ====
[14:30:52] planet 38: queue busy, throttled building_hangar
[14:30:52] planet 38: queue busy, throttled building_hangar
[14:30:52] planet 38: queue busy, throttled building_hangar
[14:30:52] planet 38: queue busy, throttled building_hangar
[2026-05-12 14:31:45] ==== loop 74/∞ | seed=964978156982503991 archetype=turtle personality=minero focus=tech actions_per_loop=4 ====
[14:31:45] planet 38: queue busy, throttled building_hangar
[14:31:45] planet 38: queue busy, throttled building_hangar
[14:31:45] planet 38: queue busy, throttled building_hangar
[14:31:45] planet 38: queue busy, throttled building_hangar
[2026-05-12 14:32:31] ==== loop 75/∞ | seed=964978156982503991 archetype=turtle personality=minero focus=tech actions_per_loop=4 ====
[14:32:31] planet 38: queue busy, throttled building_hangar
[14:32:31] planet 38: queue busy, throttled building_hangar
[14:32:31] planet 38: queue busy, throttled building_hangar
[14:32:31] planet 38: queue busy, throttled building_hangar
[2026-05-12 14:33:18] ==== loop 76/∞ | seed=964978156982503991 archetype=turtle personality=minero focus=tech actions_per_loop=4 ====
[14:33:18] planet 38: queue busy, throttled building_hangar
[14:33:18] planet 38: queue busy, throttled building_hangar
[14:33:18] planet 38: queue busy, throttled building_hangar
[14:33:18] planet 38: queue busy, throttled building_hangar
[14:33:18] research: blocked research_energy_technology (building_laboratory 0/1)
[2026-05-12 14:34:05] ==== loop 77/∞ | seed=964978156982503991 archetype=turtle personality=minero focus=tech actions_per_loop=4 ====
[14:34:05] planet 38: queue busy, throttled building_hangar
[14:34:05] planet 38: queue busy, throttled building_hangar
[14:34:05] planet 38: queue busy, throttled building_hangar
[14:34:05] planet 38: queue busy, throttled building_hangar
[14:34:05] research: blocked research_energy_technology (building_laboratory 0/1)
[2026-05-12 14:35:11] ==== loop 1/∞ | seed=964978156982503991 archetype=turtle personality=minero focus=tech actions_per_loop=4 ====
[14:35:11] planet 38: queue busy, throttled building_hangar
[14:35:11] planet 38: queue busy, throttled building_hangar
[14:35:11] planet 38: queue busy, throttled building_hangar
[14:35:11] planet 38: queue busy, throttled building_hangar
[14:35:11] research: blocked research_energy_technology (building_laboratory 0/1)
[2026-05-12 14:35:54] ==== loop 2/∞ | seed=964978156982503991 archetype=turtle personality=minero focus=tech actions_per_loop=4 ====
[14:35:54] planet 38: queue busy, throttled building_hangar
[14:35:54] planet 38: queue busy, throttled building_hangar
[14:35:54] planet 38: queue busy, throttled building_hangar
[14:35:54] planet 38: queue busy, throttled building_hangar
[2026-05-12 14:36:38] ==== loop 3/∞ | seed=964978156982503991 archetype=turtle personality=minero focus=tech actions_per_loop=4 ====
[14:36:38] planet 38: queue busy, throttled building_hangar
[14:36:38] planet 38: queue busy, throttled building_hangar
[14:36:38] planet 38: queue busy, throttled building_hangar
[14:36:38] research: blocked research_energy_technology (building_laboratory 0/1)
[2026-05-12 14:37:23] ==== loop 4/∞ | seed=964978156982503991 archetype=turtle personality=minero focus=tech actions_per_loop=4 ====
[14:37:24] planet 38: queue busy, throttled building_hangar
[14:37:24] planet 38: queue busy, throttled building_hangar
[14:37:24] planet 38: queue busy, throttled building_hangar
[14:37:24] planet 38: queue busy, throttled building_hangar
[14:37:24] research: blocked research_energy_technology (building_laboratory 0/1)
[2026-05-12 14:38:12] ==== loop 5/∞ | seed=964978156982503991 archetype=turtle personality=minero focus=tech actions_per_loop=4 ====
[14:38:12] planet 38: queue busy, throttled building_hangar
[14:38:12] planet 38: queue busy, throttled building_hangar
[14:38:12] planet 38: queue busy, throttled building_hangar
[2026-05-12 14:38:57] ==== loop 6/∞ | seed=964978156982503991 archetype=turtle personality=minero focus=tech actions_per_loop=4 ====
[14:38:57] planet 38: queue busy, throttled building_hangar
[14:38:57] planet 38: queue busy, throttled building_hangar
[14:38:57] planet 38: queue busy, throttled building_hangar
[14:38:57] planet 38: queue busy, throttled building_hangar
[14:38:57] research: blocked research_energy_technology (building_laboratory 0/1)
[2026-05-12 14:39:42] ==== loop 7/∞ | seed=964978156982503991 archetype=turtle personality=minero focus=tech actions_per_loop=4 ====
[14:39:42] planet 38: queue busy, throttled building_hangar
[14:39:42] planet 38: queue busy, throttled building_hangar
[14:39:42] planet 38: queue busy, throttled building_hangar
[14:39:42] planet 38: queue busy, throttled building_hangar
[14:39:42] research: blocked research_energy_technology (building_laboratory 0/1)
[2026-05-12 14:40:30] ==== loop 8/∞ | seed=964978156982503991 archetype=turtle personality=minero focus=tech actions_per_loop=4 ====
[14:40:30] planet 38: queue busy, throttled building_hangar
[14:40:30] planet 38: queue busy, throttled building_hangar
[14:40:30] planet 38: queue busy, throttled building_hangar
[14:40:30] research: blocked research_energy_technology (building_laboratory 0/1)
[2026-05-12 14:41:14] ==== loop 9/∞ | seed=964978156982503991 archetype=turtle personality=minero focus=tech actions_per_loop=4 ====
[14:41:14] planet 38: queue busy, throttled building_hangar
[14:41:14] planet 38: queue busy, throttled building_hangar
[14:41:14] planet 38: queue busy, throttled building_hangar
[14:41:14] planet 38: queue busy, throttled building_hangar
[2026-05-12 14:42:00] ==== loop 10/∞ | seed=964978156982503991 archetype=turtle personality=minero focus=tech actions_per_loop=4 ====
[14:42:00] planet 38: queue busy, throttled building_hangar
[14:42:00] planet 38: queue busy, throttled building_hangar
[14:42:00] planet 38: queue busy, throttled building_hangar
[2026-05-12 14:42:40] ==== loop 11/∞ | seed=964978156982503991 archetype=turtle personality=minero focus=tech actions_per_loop=4 ====
[14:42:40] planet 38: queue busy, throttled building_hangar
[14:42:40] planet 38: queue busy, throttled building_hangar
[14:42:40] planet 38: queue busy, throttled building_hangar
[14:42:40] planet 38: queue busy, throttled building_hangar
[14:42:40] research: blocked research_energy_technology (building_laboratory 0/1)
[2026-05-12 14:43:26] ==== loop 12/∞ | seed=964978156982503991 archetype=turtle personality=minero focus=tech actions_per_loop=4 ====
[14:43:26] planet 38: queue busy, throttled building_hangar
[14:43:26] planet 38: queue busy, throttled building_hangar
[14:43:26] planet 38: queue busy, throttled building_hangar
[14:43:26] planet 38: queue busy, throttled building_hangar
[2026-05-12 14:44:12] ==== loop 13/∞ | seed=964978156982503991 archetype=turtle personality=minero focus=tech actions_per_loop=4 ====
[14:44:12] planet 38: queue busy, throttled building_hangar
[14:44:12] planet 38: queue busy, throttled building_hangar
[14:44:12] planet 38: queue busy, throttled building_hangar
[14:44:12] planet 38: queue busy, throttled building_hangar
[14:44:12] research: blocked research_energy_technology (building_laboratory 0/1)
[2026-05-12 14:44:55] ==== loop 14/∞ | seed=964978156982503991 archetype=turtle personality=minero focus=tech actions_per_loop=4 ====
[14:44:55] planet 38: queue busy, throttled building_hangar
[14:44:55] planet 38: queue busy, throttled building_hangar
[14:44:55] planet 38: queue busy, throttled building_hangar
[14:44:55] planet 38: queue busy, throttled building_hangar
[14:44:55] research: blocked research_energy_technology (building_laboratory 0/1)
[2026-05-12 14:45:39] ==== loop 15/∞ | seed=964978156982503991 archetype=turtle personality=minero focus=tech actions_per_loop=4 ====
[14:45:39] planet 38: queue busy, throttled building_hangar
[14:45:39] planet 38: queue busy, throttled building_hangar
[14:45:39] planet 38: queue busy, throttled building_hangar
[2026-05-12 14:46:19] ==== loop 16/∞ | seed=964978156982503991 archetype=turtle personality=minero focus=tech actions_per_loop=4 ====
[14:46:19] planet 38: queue busy, throttled building_hangar
[14:46:19] planet 38: queue busy, throttled building_hangar
[14:46:19] planet 38: queue busy, throttled building_hangar
[14:46:19] planet 38: queue busy, throttled building_hangar
[2026-05-12 14:47:03] ==== loop 17/∞ | seed=964978156982503991 archetype=turtle personality=minero focus=tech actions_per_loop=4 ====
[14:47:03] planet 38: queue busy, throttled building_hangar
[14:47:03] planet 38: queue busy, throttled building_hangar
[14:47:03] planet 38: queue busy, throttled building_hangar
[14:47:03] planet 38: queue busy, throttled building_hangar
[2026-05-12 14:47:46] ==== loop 18/∞ | seed=964978156982503991 archetype=turtle personality=minero focus=tech actions_per_loop=4 ====
[14:47:46] planet 38: queue busy, throttled building_hangar
[14:47:46] planet 38: queue busy, throttled building_hangar
[14:47:46] planet 38: queue busy, throttled building_hangar
[14:47:46] planet 38: queue busy, throttled building_hangar
