[2026-05-12 07:07:59] ==== loop 1/∞ | seed=1082114626775815843 archetype=turbo personality=minero focus=eco actions_per_loop=3 ====
[07:07:59] planet 76: queued building_solar_plant to 1
[07:07:59] research: blocked research_energy_technology (building_laboratory 0/1)
[2026-05-12 07:08:31] ==== loop 2/∞ | seed=1082114626775815843 archetype=turbo personality=minero focus=eco actions_per_loop=3 ====
[07:08:32] planet 76: queued building_metal_mine to 1
[07:08:32] research: blocked research_energy_technology (building_laboratory 0/1)
[2026-05-12 07:08:58] ==== loop 3/∞ | seed=1082114626775815843 archetype=turbo personality=minero focus=eco actions_per_loop=3 ====
[07:08:59] planet 76: queued building_metal_mine to 2
[07:08:59] research: blocked research_energy_technology (building_laboratory 0/1)
[2026-05-12 07:09:25] ==== loop 4/∞ | seed=1082114626775815843 archetype=turbo personality=minero focus=eco actions_per_loop=3 ====
[07:09:26] planet 76: queued building_solar_plant to 2
[2026-05-12 07:09:47] ==== loop 5/∞ | seed=1082114626775815843 archetype=turbo personality=minero focus=eco actions_per_loop=3 ====
[07:09:49] alliance: application cleared (rejected or cancelled) ally=1
[07:09:49] planet 76: queued building_metal_mine to 3
[07:09:49] research: blocked research_energy_technology (building_laboratory 0/1)
[2026-05-12 07:10:07] ==== loop 6/∞ | seed=1082114626775815843 archetype=turbo personality=minero focus=eco actions_per_loop=3 ====
[07:10:08] planet 76: queued building_solar_plant to 3
[07:10:08] research: blocked research_energy_technology (building_laboratory 0/1)
[2026-05-12 07:10:29] ==== loop 7/∞ | seed=1082114626775815843 archetype=turbo personality=minero focus=eco actions_per_loop=3 ====
[07:10:29] planet 76: queued building_metal_mine to 4
[07:10:29] research: blocked research_energy_technology (building_laboratory 0/1)
[2026-05-12 07:10:48] ==== loop 8/∞ | seed=1082114626775815843 archetype=turbo personality=minero focus=eco actions_per_loop=3 ====
[07:10:49] planet 76: queued building_metal_mine to 5
[2026-05-12 07:11:07] ==== loop 9/∞ | seed=1082114626775815843 archetype=turbo personality=minero focus=eco actions_per_loop=3 ====
[07:11:08] planet 76: queued building_solar_plant to 4
[07:11:08] research: blocked research_energy_technology (building_laboratory 0/1)
[2026-05-12 07:11:27] ==== loop 10/∞ | seed=1082114626775815843 archetype=turbo personality=minero focus=eco actions_per_loop=3 ====
[07:11:28] planet 76: queued building_metal_mine to 6
[07:11:28] research: blocked research_energy_technology (building_laboratory 0/1)
[2026-05-12 07:11:47] ==== loop 11/∞ | seed=1082114626775815843 archetype=turbo personality=minero focus=eco actions_per_loop=3 ====
[07:11:48] planet 76: queued building_metal_mine to 7
[2026-05-12 07:12:08] ==== loop 12/∞ | seed=1082114626775815843 archetype=turbo personality=minero focus=eco actions_per_loop=3 ====
[07:12:08] planet 76: queued building_solar_plant to 5
[07:12:08] research: blocked research_energy_technology (building_laboratory 0/1)
[2026-05-12 07:12:31] ==== loop 13/∞ | seed=1082114626775815843 archetype=turbo personality=minero focus=eco actions_per_loop=3 ====
[07:12:32] planet 76: queued building_metal_mine to 8
[07:12:32] research: blocked research_energy_technology (building_laboratory 0/1)
[2026-05-12 07:12:53] ==== loop 14/∞ | seed=1082114626775815843 archetype=turbo personality=minero focus=eco actions_per_loop=3 ====
[07:12:54] planet 76: queued building_solar_plant to 6
[07:12:54] research: blocked research_energy_technology (building_laboratory 0/1)
[2026-05-12 07:13:17] ==== loop 15/∞ | seed=1082114626775815843 archetype=turbo personality=minero focus=eco actions_per_loop=3 ====
[07:13:17] planet 76: queued building_metal_mine to 9
[07:13:17] research: blocked research_energy_technology (building_laboratory 0/1)
[2026-05-12 07:13:39] ==== loop 16/∞ | seed=1082114626775815843 archetype=turbo personality=minero focus=eco actions_per_loop=3 ====
[07:13:40] planet 76: queued building_solar_plant to 7
[2026-05-12 07:14:03] ==== loop 17/∞ | seed=1082114626775815843 archetype=turbo personality=minero focus=eco actions_per_loop=3 ====
[07:14:04] planet 76: queued building_metal_mine to 10
[07:14:04] research: blocked research_energy_technology (building_laboratory 0/1)
[2026-05-12 07:14:25] ==== loop 18/∞ | seed=1082114626775815843 archetype=turbo personality=minero focus=eco actions_per_loop=3 ====
[07:14:25] planet 76: queued building_metal_mine to 11
[07:14:25] research: blocked research_energy_technology (building_laboratory 0/1)
[2026-05-12 07:14:44] ==== loop 19/∞ | seed=1082114626775815843 archetype=turbo personality=minero focus=eco actions_per_loop=3 ====
[07:14:44] planet 76: queued building_metal_mine to 12
[07:14:44] research: blocked research_energy_technology (building_laboratory 0/1)
[2026-05-12 07:15:03] ==== loop 20/∞ | seed=1082114626775815843 archetype=turbo personality=minero focus=eco actions_per_loop=3 ====
[07:15:04] planet 76: queued building_metal_mine to 13
[07:15:04] research: blocked research_energy_technology (building_laboratory 0/1)
[2026-05-12 07:15:23] ==== loop 21/∞ | seed=1082114626775815843 archetype=turbo personality=minero focus=eco actions_per_loop=3 ====
[07:15:24] planet 76: queued building_solar_plant to 8
[07:15:24] research: blocked research_energy_technology (building_laboratory 0/1)
[2026-05-12 07:15:41] ==== loop 22/∞ | seed=1082114626775815843 archetype=turbo personality=minero focus=eco actions_per_loop=3 ====
[07:15:42] planet 76: queued building_solar_plant to 9
[07:15:42] research: blocked research_energy_technology (building_laboratory 0/1)
[2026-05-12 07:15:57] ==== loop 23/∞ | seed=1082114626775815843 archetype=turbo personality=minero focus=eco actions_per_loop=3 ====
[07:15:57] planet 76: queued building_solar_plant to 10
[2026-05-12 07:16:15] ==== loop 24/∞ | seed=1082114626775815843 archetype=turbo personality=minero focus=eco actions_per_loop=3 ====
[07:16:17] alliance: idle no_candidate
[07:16:17] planet 76: queued building_solar_plant to 11
[07:16:17] research: blocked research_energy_technology (building_laboratory 0/1)
[2026-05-12 07:16:36] ==== loop 25/∞ | seed=1082114626775815843 archetype=turbo personality=minero focus=eco actions_per_loop=3 ====
[07:16:38] planet 76: building queue full (5)
[07:16:38] planet 76: building queue full (5)
[07:16:38] planet 76: building queue full (5)
[2026-05-12 07:16:54] ==== loop 26/∞ | seed=1082114626775815843 archetype=turbo personality=minero focus=eco actions_per_loop=3 ====
[07:16:56] planet 76: building queue full (5)
[07:16:56] planet 76: building queue full (5)
[07:16:56] planet 76: building queue full (5)
[07:16:56] research: blocked research_energy_technology (building_laboratory 0/1)
[2026-05-12 07:17:15] ==== loop 27/∞ | seed=1082114626775815843 archetype=turbo personality=minero focus=eco actions_per_loop=3 ====
[07:17:16] planet 76: building queue full (5)
[07:17:16] planet 76: building queue full (5)
[07:17:16] planet 76: building queue full (5)
[07:17:16] research: blocked research_energy_technology (building_laboratory 0/1)
[2026-05-12 07:17:32] ==== loop 28/∞ | seed=1082114626775815843 archetype=turbo personality=minero focus=eco actions_per_loop=3 ====
[07:17:34] planet 76: building queue full (5)
[07:17:34] planet 76: building queue full (5)
[07:17:34] planet 76: building queue full (5)
[07:17:34] research: blocked research_energy_technology (building_laboratory 0/1)
[2026-05-12 07:17:55] ==== loop 29/∞ | seed=1082114626775815843 archetype=turbo personality=minero focus=eco actions_per_loop=3 ====
[07:17:55] planet 76: queued building_solar_plant to 12
[2026-05-12 07:18:15] ==== loop 30/∞ | seed=1082114626775815843 archetype=turbo personality=minero focus=eco actions_per_loop=3 ====
[07:18:16] planet 76: queued building_solar_plant to 13
[07:18:16] research: blocked research_energy_technology (building_laboratory 0/1)
[2026-05-12 07:18:32] ==== loop 31/∞ | seed=1082114626775815843 archetype=turbo personality=minero focus=eco actions_per_loop=3 ====
[07:18:33] planet 76: queued building_solar_plant to 14
[2026-05-12 07:18:50] ==== loop 32/∞ | seed=1082114626775815843 archetype=turbo personality=minero focus=eco actions_per_loop=3 ====
[07:18:52] planet 76: building queue full (5)
[07:18:52] planet 76: building queue full (5)
[07:18:52] planet 76: building queue full (5)
[07:18:52] research: blocked research_energy_technology (building_laboratory 0/1)
[2026-05-12 07:19:11] ==== loop 33/∞ | seed=1082114626775815843 archetype=turbo personality=minero focus=eco actions_per_loop=3 ====
[07:19:11] planet 76: queued building_metal_mine to 14
[07:19:11] research: blocked research_energy_technology (building_laboratory 0/1)
[2026-05-12 07:19:28] ==== loop 34/∞ | seed=1082114626775815843 archetype=turbo personality=minero focus=eco actions_per_loop=3 ====
[07:19:30] planet 76: building queue full (5)
[07:19:30] planet 76: building queue full (5)
[07:19:30] planet 76: building queue full (5)
[07:19:30] research: blocked research_energy_technology (building_laboratory 0/1)
[2026-05-12 07:19:52] ==== loop 35/∞ | seed=1082114626775815843 archetype=turbo personality=minero focus=eco actions_per_loop=3 ====
[07:19:55] planet 76: building queue full (5)
[07:19:55] planet 76: building queue full (5)
[07:19:55] planet 76: building queue full (5)
[2026-05-12 07:20:16] ==== loop 36/∞ | seed=1082114626775815843 archetype=turbo personality=minero focus=eco actions_per_loop=3 ====
[07:20:16] planet 76: queue busy, throttled building_hangar
[07:20:16] planet 76: queue busy, throttled building_hangar
[07:20:16] planet 76: queue busy, throttled building_hangar
[07:20:16] research: blocked research_energy_technology (building_laboratory 0/1)
[2026-05-12 07:20:34] ==== loop 37/∞ | seed=1082114626775815843 archetype=turbo personality=minero focus=eco actions_per_loop=3 ====
[07:20:34] planet 76: queue busy, throttled building_hangar
[07:20:34] planet 76: queue busy, throttled building_hangar
[07:20:34] planet 76: queue busy, throttled building_hangar
[2026-05-12 07:20:54] ==== loop 38/∞ | seed=1082114626775815843 archetype=turbo personality=minero focus=eco actions_per_loop=3 ====
[07:20:54] planet 76: queue busy, throttled building_hangar
[07:20:54] planet 76: queue busy, throttled building_hangar
[07:20:54] planet 76: queue busy, throttled building_hangar
[07:20:54] research: blocked research_energy_technology (building_laboratory 0/1)
[2026-05-12 07:21:12] ==== loop 39/∞ | seed=1082114626775815843 archetype=turbo personality=minero focus=eco actions_per_loop=3 ====
[07:21:12] planet 76: queue busy, throttled building_hangar
[07:21:12] planet 76: queue busy, throttled building_hangar
[07:21:12] planet 76: queue busy, throttled building_hangar
[07:21:12] research: blocked research_energy_technology (building_laboratory 0/1)
[2026-05-12 07:21:32] ==== loop 40/∞ | seed=1082114626775815843 archetype=turbo personality=minero focus=eco actions_per_loop=3 ====
[07:21:32] planet 76: queue busy, throttled building_hangar
[07:21:32] planet 76: queue busy, throttled building_hangar
[07:21:32] planet 76: queue busy, throttled building_hangar
[2026-05-12 07:21:51] ==== loop 41/∞ | seed=1082114626775815843 archetype=turbo personality=minero focus=eco actions_per_loop=3 ====
[07:21:51] planet 76: queue busy, throttled building_hangar
[07:21:51] planet 76: queue busy, throttled building_hangar
[07:21:51] planet 76: queue busy, throttled building_hangar
[07:21:51] research: blocked research_energy_technology (building_laboratory 0/1)
[2026-05-12 07:22:11] ==== loop 42/∞ | seed=1082114626775815843 archetype=turbo personality=minero focus=eco actions_per_loop=3 ====
[07:22:11] planet 76: queue busy, throttled building_hangar
[07:22:11] planet 76: queue busy, throttled building_hangar
[07:22:11] planet 76: queue busy, throttled building_hangar
[2026-05-12 07:22:31] ==== loop 43/∞ | seed=1082114626775815843 archetype=turbo personality=minero focus=eco actions_per_loop=3 ====
[07:22:31] planet 76: queue busy, throttled building_hangar
[07:22:31] planet 76: queue busy, throttled building_hangar
[07:22:31] planet 76: queue busy, throttled building_hangar
[07:22:31] research: blocked research_energy_technology (building_laboratory 0/1)
[2026-05-12 07:22:49] ==== loop 44/∞ | seed=1082114626775815843 archetype=turbo personality=minero focus=eco actions_per_loop=3 ====
[07:22:49] alliance: idle no_candidate
[07:22:49] planet 76: queue busy, throttled building_hangar
[07:22:49] planet 76: queue busy, throttled building_hangar
[07:22:49] planet 76: queue busy, throttled building_hangar
[07:22:49] research: blocked research_energy_technology (building_laboratory 0/1)
[2026-05-12 07:23:08] ==== loop 45/∞ | seed=1082114626775815843 archetype=turbo personality=minero focus=eco actions_per_loop=3 ====
[07:23:08] planet 76: queue busy, throttled building_hangar
[07:23:08] planet 76: queue busy, throttled building_hangar
[07:23:08] planet 76: queue busy, throttled building_hangar
[07:23:08] research: blocked research_energy_technology (building_laboratory 0/1)
[2026-05-12 07:23:26] ==== loop 46/∞ | seed=1082114626775815843 archetype=turbo personality=minero focus=eco actions_per_loop=3 ====
[07:23:27] planet 76: queue busy, throttled building_hangar
[07:23:27] planet 76: queue busy, throttled building_hangar
[07:23:27] planet 76: queue busy, throttled building_hangar
[07:23:27] research: blocked research_energy_technology (building_laboratory 0/1)
[2026-05-12 07:23:46] ==== loop 47/∞ | seed=1082114626775815843 archetype=turbo personality=minero focus=eco actions_per_loop=3 ====
[07:23:47] planet 76: queued building_hangar to 1
[07:23:47] research: blocked research_energy_technology (building_laboratory 0/1)
[2026-05-12 07:24:10] ==== loop 48/∞ | seed=1082114626775815843 archetype=turbo personality=minero focus=eco actions_per_loop=3 ====
[07:24:10] planet 76: queue busy, throttled building_hangar
[07:24:10] planet 76: queue busy, throttled building_hangar
[07:24:10] planet 76: queue busy, throttled building_hangar
[2026-05-12 07:24:30] ==== loop 49/∞ | seed=1082114626775815843 archetype=turbo personality=minero focus=eco actions_per_loop=3 ====
[07:24:30] planet 76: queue busy, throttled building_hangar
[07:24:30] planet 76: queue busy, throttled building_hangar
[07:24:30] research: blocked research_energy_technology (building_laboratory 0/1)
[2026-05-12 07:24:52] ==== loop 50/∞ | seed=1082114626775815843 archetype=turbo personality=minero focus=eco actions_per_loop=3 ====
[07:24:52] planet 76: queue busy, throttled building_hangar
[07:24:52] planet 76: queue busy, throttled building_hangar
[07:24:52] planet 76: queue busy, throttled building_hangar
[2026-05-12 07:25:15] ==== loop 51/∞ | seed=1082114626775815843 archetype=turbo personality=minero focus=eco actions_per_loop=3 ====
[07:25:15] planet 76: queue busy, throttled building_hangar
[07:25:15] planet 76: queue busy, throttled building_hangar
[07:25:15] planet 76: queue busy, throttled building_hangar
[2026-05-12 07:25:38] ==== loop 52/∞ | seed=1082114626775815843 archetype=turbo personality=minero focus=eco actions_per_loop=3 ====
[07:25:38] planet 76: queue busy, throttled building_hangar
[07:25:38] planet 76: queue busy, throttled building_hangar
[07:25:38] planet 76: queue busy, throttled building_hangar
[2026-05-12 07:26:03] ==== loop 53/∞ | seed=1082114626775815843 archetype=turbo personality=minero focus=eco actions_per_loop=3 ====
[07:26:03] planet 76: queue busy, throttled building_hangar
[07:26:03] planet 76: queue busy, throttled building_hangar
[07:26:03] planet 76: queue busy, throttled building_hangar
[07:26:03] research: blocked research_energy_technology (building_laboratory 0/1)
[2026-05-12 07:26:25] ==== loop 54/∞ | seed=1082114626775815843 archetype=turbo personality=minero focus=eco actions_per_loop=3 ====
[07:26:25] planet 76: queue busy, throttled building_hangar
[07:26:25] planet 76: queue busy, throttled building_hangar
[07:26:25] planet 76: queue busy, throttled building_hangar
[2026-05-12 07:26:46] ==== loop 55/∞ | seed=1082114626775815843 archetype=turbo personality=minero focus=eco actions_per_loop=3 ====
[07:26:46] planet 76: queue busy, throttled building_hangar
[07:26:46] planet 76: queue busy, throttled building_hangar
[07:26:46] planet 76: queue busy, throttled building_hangar
[07:26:46] research: blocked research_energy_technology (building_laboratory 0/1)
[2026-05-12 07:27:05] ==== loop 56/∞ | seed=1082114626775815843 archetype=turbo personality=minero focus=eco actions_per_loop=3 ====
[07:27:06] planet 76: queued building_hangar to 2
[07:27:06] research: blocked research_energy_technology (building_laboratory 0/1)
[2026-05-12 07:27:21] ==== loop 57/∞ | seed=1082114626775815843 archetype=turbo personality=minero focus=eco actions_per_loop=3 ====
[07:27:21] planet 76: queue busy, throttled building_hangar
[07:27:21] planet 76: queue busy, throttled building_hangar
[07:27:21] planet 76: queue busy, throttled building_hangar
[07:27:21] research: blocked research_energy_technology (building_laboratory 0/1)
[2026-05-12 07:27:42] ==== loop 58/∞ | seed=1082114626775815843 archetype=turbo personality=minero focus=eco actions_per_loop=3 ====
[07:27:42] planet 76: queue busy, throttled building_hangar
[07:27:42] planet 76: queue busy, throttled building_hangar
[07:27:42] planet 76: queue busy, throttled building_hangar
[2026-05-12 07:28:02] ==== loop 59/∞ | seed=1082114626775815843 archetype=turbo personality=minero focus=eco actions_per_loop=3 ====
[07:28:02] planet 76: queue busy, throttled building_hangar
[07:28:02] planet 76: queue busy, throttled building_hangar
[07:28:02] planet 76: queue busy, throttled building_hangar
[2026-05-12 07:28:25] ==== loop 60/∞ | seed=1082114626775815843 archetype=turbo personality=minero focus=eco actions_per_loop=3 ====
[07:28:25] planet 76: queue busy, throttled building_hangar
[07:28:25] planet 76: queue busy, throttled building_hangar
[07:28:25] planet 76: queue busy, throttled building_hangar
[07:28:25] research: blocked research_energy_technology (building_laboratory 0/1)
[2026-05-12 07:28:46] ==== loop 61/∞ | seed=1082114626775815843 archetype=turbo personality=minero focus=eco actions_per_loop=3 ====
[07:28:46] planet 76: queue busy, throttled building_hangar
[07:28:46] planet 76: queue busy, throttled building_hangar
[07:28:46] planet 76: queue busy, throttled building_hangar
[07:28:46] research: blocked research_energy_technology (building_laboratory 0/1)
[2026-05-12 07:29:06] ==== loop 62/∞ | seed=1082114626775815843 archetype=turbo personality=minero focus=eco actions_per_loop=3 ====
[07:29:06] planet 76: queue busy, throttled building_hangar
[07:29:06] planet 76: queue busy, throttled building_hangar
[07:29:06] planet 76: queue busy, throttled building_hangar
[2026-05-12 07:29:27] ==== loop 63/∞ | seed=1082114626775815843 archetype=turbo personality=minero focus=eco actions_per_loop=3 ====
[07:29:28] planet 76: queued ship_light_fighter +5
[07:29:28] planet 76: skipped duplicate ship_light_fighter this loop
[07:29:28] planet 76: skipped duplicate ship_light_fighter this loop
[2026-05-12 07:29:50] ==== loop 64/∞ | seed=1082114626775815843 archetype=turbo personality=minero focus=eco actions_per_loop=3 ====
[07:29:51] alliance: idle no_candidate
[07:29:51] planet 76: queued ship_light_fighter +5
[07:29:51] planet 76: skipped duplicate ship_light_fighter this loop
[07:29:51] planet 76: skipped duplicate ship_light_fighter this loop
[07:29:51] research: blocked research_energy_technology (building_laboratory 0/1)
[2026-05-12 07:30:13] ==== loop 65/∞ | seed=1082114626775815843 archetype=turbo personality=minero focus=eco actions_per_loop=3 ====
[07:30:13] planet 76: queued building_crystal_mine to 2
[07:30:13] research: blocked research_energy_technology (building_laboratory 0/1)
[2026-05-12 07:30:33] ==== loop 66/∞ | seed=1082114626775815843 archetype=turbo personality=minero focus=eco actions_per_loop=3 ====
[07:30:34] planet 76: queued building_crystal_mine to 3
[2026-05-12 07:30:55] ==== loop 67/∞ | seed=1082114626775815843 archetype=turbo personality=minero focus=eco actions_per_loop=3 ====
[07:30:56] planet 76: queued building_crystal_mine to 4
[07:30:56] research: blocked research_energy_technology (building_laboratory 0/1)
[2026-05-12 07:31:17] ==== loop 68/∞ | seed=1082114626775815843 archetype=turbo personality=minero focus=eco actions_per_loop=3 ====
[07:31:18] planet 76: queued building_crystal_mine to 5
[2026-05-12 07:31:37] ==== loop 69/∞ | seed=1082114626775815843 archetype=turbo personality=minero focus=eco actions_per_loop=3 ====
[07:31:38] planet 76: queued building_crystal_mine to 6
[2026-05-12 07:31:57] ==== loop 70/∞ | seed=1082114626775815843 archetype=turbo personality=minero focus=eco actions_per_loop=3 ====
[07:31:58] planet 76: queued building_crystal_mine to 7
[07:31:58] research: blocked research_energy_technology (building_laboratory 0/1)
[2026-05-12 07:32:19] ==== loop 71/∞ | seed=1082114626775815843 archetype=turbo personality=minero focus=eco actions_per_loop=3 ====
[07:32:20] planet 76: queued building_crystal_mine to 8
[07:32:20] research: blocked research_energy_technology (building_laboratory 0/1)
[2026-05-12 07:32:39] ==== loop 72/∞ | seed=1082114626775815843 archetype=turbo personality=minero focus=eco actions_per_loop=3 ====
[07:32:40] planet 76: queued building_crystal_mine to 9
[2026-05-12 07:32:59] ==== loop 73/∞ | seed=1082114626775815843 archetype=turbo personality=minero focus=eco actions_per_loop=3 ====
[07:33:00] planet 76: queued building_crystal_mine to 10
[07:33:00] research: blocked research_energy_technology (building_laboratory 0/1)
[2026-05-12 07:33:22] ==== loop 74/∞ | seed=1082114626775815843 archetype=turbo personality=minero focus=eco actions_per_loop=3 ====
[07:33:22] planet 76: queued building_crystal_mine to 11
[2026-05-12 07:33:46] ==== loop 75/∞ | seed=1082114626775815843 archetype=turbo personality=minero focus=eco actions_per_loop=3 ====
[07:33:47] planet 76: queued building_crystal_mine to 12
[07:33:47] research: blocked research_energy_technology (building_laboratory 0/1)
[2026-05-12 07:34:08] ==== loop 76/∞ | seed=1082114626775815843 archetype=turbo personality=minero focus=eco actions_per_loop=3 ====
[07:34:08] planet 76: queued building_crystal_mine to 13
[07:34:08] research: blocked research_energy_technology (building_laboratory 0/1)
[2026-05-12 07:34:25] ==== loop 77/∞ | seed=1082114626775815843 archetype=turbo personality=minero focus=eco actions_per_loop=3 ====
[07:34:26] planet 76: queued building_crystal_mine to 14
[2026-05-12 07:34:46] ==== loop 78/∞ | seed=1082114626775815843 archetype=turbo personality=minero focus=eco actions_per_loop=3 ====
[07:34:47] planet 76: queued building_crystal_mine to 15
[2026-05-12 07:35:04] ==== loop 79/∞ | seed=1082114626775815843 archetype=turbo personality=minero focus=eco actions_per_loop=3 ====
[07:35:06] planet 76: building queue full (5)
[07:35:06] planet 76: building queue full (5)
[07:35:06] planet 76: building queue full (5)
[07:35:06] research: blocked research_energy_technology (building_laboratory 0/1)
[2026-05-12 07:35:26] ==== loop 80/∞ | seed=1082114626775815843 archetype=turbo personality=minero focus=eco actions_per_loop=3 ====
[07:35:26] planet 76: queued building_crystal_mine to 16
[07:35:26] research: blocked research_energy_technology (building_laboratory 0/1)
[2026-05-12 07:35:47] ==== loop 81/∞ | seed=1082114626775815843 archetype=turbo personality=minero focus=eco actions_per_loop=3 ====
[07:35:49] planet 76: building queue full (5)
[07:35:49] planet 76: building queue full (5)
[07:35:49] planet 76: building queue full (5)
[07:35:49] research: blocked research_energy_technology (building_laboratory 0/1)
[2026-05-12 07:36:08] ==== loop 82/∞ | seed=1082114626775815843 archetype=turbo personality=minero focus=eco actions_per_loop=3 ====
[07:36:10] planet 76: building queue full (5)
[07:36:10] planet 76: building queue full (5)
[07:36:10] planet 76: building queue full (5)
[07:36:10] research: blocked research_energy_technology (building_laboratory 0/1)
[2026-05-12 07:36:31] ==== loop 83/∞ | seed=1082114626775815843 archetype=turbo personality=minero focus=eco actions_per_loop=3 ====
[07:36:33] planet 76: building queue full (5)
[07:36:33] planet 76: building queue full (5)
[07:36:33] planet 76: building queue full (5)
[2026-05-12 07:36:53] ==== loop 84/∞ | seed=1082114626775815843 archetype=turbo personality=minero focus=eco actions_per_loop=3 ====
[07:36:55] alliance: idle no_candidate
[07:36:55] planet 76: building queue full (5)
[07:36:55] planet 76: building queue full (5)
[07:36:55] planet 76: building queue full (5)
[07:36:55] research: blocked research_energy_technology (building_laboratory 0/1)
[2026-05-12 07:37:15] ==== loop 85/∞ | seed=1082114626775815843 archetype=turbo personality=minero focus=eco actions_per_loop=3 ====
[07:37:15] planet 76: queued building_crystal_mine to 17
[07:37:15] research: blocked research_energy_technology (building_laboratory 0/1)
[2026-05-12 07:37:36] ==== loop 86/∞ | seed=1082114626775815843 archetype=turbo personality=minero focus=eco actions_per_loop=3 ====
[07:37:37] planet 76: no resources for building_crystal_mine+1
[2026-05-12 07:37:59] ==== loop 87/∞ | seed=1082114626775815843 archetype=turbo personality=minero focus=eco actions_per_loop=3 ====
[07:37:59] planet 76: no resources for building_crystal_mine+1
[2026-05-12 07:38:21] ==== loop 88/∞ | seed=1082114626775815843 archetype=turbo personality=minero focus=eco actions_per_loop=3 ====
[07:38:22] planet 76: no resources for building_crystal_mine+1
[07:38:22] research: blocked research_energy_technology (building_laboratory 0/1)
[2026-05-12 07:38:42] ==== loop 89/∞ | seed=1082114626775815843 archetype=turbo personality=minero focus=eco actions_per_loop=3 ====
[07:38:42] planet 76: no resources for building_crystal_mine+1
[07:38:42] research: blocked research_energy_technology (building_laboratory 0/1)
[2026-05-12 07:39:03] ==== loop 90/∞ | seed=1082114626775815843 archetype=turbo personality=minero focus=eco actions_per_loop=3 ====
[07:39:04] planet 76: no resources for building_crystal_mine+1
[2026-05-12 07:39:22] ==== loop 91/∞ | seed=1082114626775815843 archetype=turbo personality=minero focus=eco actions_per_loop=3 ====
[07:39:23] planet 76: no resources for building_crystal_mine+1
[2026-05-12 07:39:38] ==== loop 92/∞ | seed=1082114626775815843 archetype=turbo personality=minero focus=eco actions_per_loop=3 ====
[07:39:38] planet 76: no resources for building_crystal_mine+1
[07:39:38] research: blocked research_energy_technology (building_laboratory 0/1)
[2026-05-12 07:39:59] ==== loop 93/∞ | seed=1082114626775815843 archetype=turbo personality=minero focus=eco actions_per_loop=3 ====
[07:40:00] planet 76: no resources for building_crystal_mine+1
[2026-05-12 07:40:18] ==== loop 94/∞ | seed=1082114626775815843 archetype=turbo personality=minero focus=eco actions_per_loop=3 ====
[07:40:19] planet 76: building queue full (5)
[07:40:19] planet 76: building queue full (5)
[07:40:19] planet 76: building queue full (5)
[07:40:19] research: blocked research_energy_technology (building_laboratory 0/1)
[2026-05-12 07:40:36] ==== loop 95/∞ | seed=1082114626775815843 archetype=turbo personality=minero focus=eco actions_per_loop=3 ====
[07:40:37] planet 76: queued building_metal_store to 1
[07:40:37] research: blocked research_energy_technology (building_laboratory 0/1)
[2026-05-12 07:40:55] ==== loop 96/∞ | seed=1082114626775815843 archetype=turbo personality=minero focus=eco actions_per_loop=3 ====
[07:40:58] planet 76: building queue full (5)
[07:40:58] planet 76: building queue full (5)
[07:40:58] planet 76: building queue full (5)
[07:40:58] research: blocked research_energy_technology (building_laboratory 0/1)
[2026-05-12 07:41:15] ==== loop 97/∞ | seed=1082114626775815843 archetype=turbo personality=minero focus=eco actions_per_loop=3 ====
[07:41:15] planet 76: building queue full (5)
[07:41:15] planet 76: building queue full (5)
[07:41:15] research: blocked research_energy_technology (building_laboratory 0/1)
[2026-05-12 07:41:34] ==== loop 98/∞ | seed=1082114626775815843 archetype=turbo personality=minero focus=eco actions_per_loop=3 ====
[07:41:37] planet 76: building queue full (5)
[07:41:37] planet 76: building queue full (5)
[07:41:37] planet 76: building queue full (5)
[07:41:37] research: blocked research_energy_technology (building_laboratory 0/1)
[2026-05-12 07:41:57] ==== loop 99/∞ | seed=1082114626775815843 archetype=turbo personality=minero focus=eco actions_per_loop=3 ====
[07:41:59] planet 76: building queue full (5)
[07:41:59] planet 76: building queue full (5)
[07:41:59] planet 76: building queue full (5)
[07:41:59] research: blocked research_energy_technology (building_laboratory 0/1)
[2026-05-12 07:42:18] ==== loop 100/∞ | seed=1082114626775815843 archetype=turbo personality=minero focus=eco actions_per_loop=3 ====
[07:42:21] planet 76: building queue full (5)
[07:42:21] planet 76: building queue full (5)
[07:42:21] planet 76: building queue full (5)
[07:42:21] research: blocked research_energy_technology (building_laboratory 0/1)
[2026-05-12 07:42:39] ==== loop 101/∞ | seed=1082114626775815843 archetype=turbo personality=minero focus=eco actions_per_loop=3 ====
[07:42:41] planet 76: building queue full (5)
[07:42:41] planet 76: building queue full (5)
[07:42:41] planet 76: building queue full (5)
[07:42:41] research: blocked research_energy_technology (building_laboratory 0/1)
[2026-05-12 07:43:02] ==== loop 102/∞ | seed=1082114626775815843 archetype=turbo personality=minero focus=eco actions_per_loop=3 ====
[07:43:04] planet 76: building queue full (5)
[07:43:04] planet 76: building queue full (5)
[07:43:04] planet 76: building queue full (5)
[2026-05-12 07:43:23] ==== loop 103/∞ | seed=1082114626775815843 archetype=turbo personality=minero focus=eco actions_per_loop=3 ====
[07:43:24] planet 76: building queue full (5)
[07:43:24] planet 76: building queue full (5)
[07:43:24] planet 76: building queue full (5)
[2026-05-12 07:43:45] ==== loop 104/∞ | seed=1082114626775815843 archetype=turbo personality=minero focus=eco actions_per_loop=3 ====
[07:43:47] alliance: idle no_candidate
[07:43:47] planet 76: building queue full (5)
[07:43:47] planet 76: building queue full (5)
[07:43:47] planet 76: building queue full (5)
[07:43:47] research: blocked research_energy_technology (building_laboratory 0/1)
[2026-05-12 07:44:08] ==== loop 105/∞ | seed=1082114626775815843 archetype=turbo personality=minero focus=eco actions_per_loop=3 ====
[07:44:10] planet 76: building queue full (5)
[07:44:10] planet 76: building queue full (5)
[07:44:10] planet 76: building queue full (5)
[2026-05-12 07:44:32] ==== loop 106/∞ | seed=1082114626775815843 archetype=turbo personality=minero focus=eco actions_per_loop=3 ====
[07:44:34] planet 76: building queue full (5)
[07:44:34] planet 76: building queue full (5)
[07:44:34] planet 76: building queue full (5)
[07:44:34] research: blocked research_energy_technology (building_laboratory 0/1)
[2026-05-12 07:44:54] ==== loop 107/∞ | seed=1082114626775815843 archetype=turbo personality=minero focus=eco actions_per_loop=3 ====
[07:44:55] planet 76: building queue full (5)
[07:44:55] planet 76: building queue full (5)
[07:44:55] planet 76: building queue full (5)
[2026-05-12 07:45:14] ==== loop 108/∞ | seed=1082114626775815843 archetype=turbo personality=minero focus=eco actions_per_loop=3 ====
[07:45:17] planet 76: building queue full (5)
[07:45:17] planet 76: building queue full (5)
[07:45:17] planet 76: building queue full (5)
[07:45:17] research: blocked research_energy_technology (building_laboratory 0/1)
[2026-05-12 07:45:36] ==== loop 109/∞ | seed=1082114626775815843 archetype=turbo personality=minero focus=eco actions_per_loop=3 ====
[07:45:36] planet 76: queued building_crystal_store to 1
[07:45:36] research: blocked research_energy_technology (building_laboratory 0/1)
[2026-05-12 07:45:56] ==== loop 110/∞ | seed=1082114626775815843 archetype=turbo personality=minero focus=eco actions_per_loop=3 ====
[07:45:57] planet 76: building queue full (5)
[07:45:57] planet 76: building queue full (5)
[07:45:57] planet 76: building queue full (5)
[07:45:57] research: blocked research_energy_technology (building_laboratory 0/1)
[2026-05-12 07:46:18] ==== loop 111/∞ | seed=1082114626775815843 archetype=turbo personality=minero focus=eco actions_per_loop=3 ====
[07:46:20] planet 76: building queue full (5)
[07:46:20] planet 76: building queue full (5)
[07:46:20] planet 76: building queue full (5)
[2026-05-12 07:46:39] ==== loop 112/∞ | seed=1082114626775815843 archetype=turbo personality=minero focus=eco actions_per_loop=3 ====
[07:46:40] planet 76: building queue full (5)
[07:46:40] planet 76: building queue full (5)
[07:46:40] planet 76: building queue full (5)
[07:46:40] research: blocked research_energy_technology (building_laboratory 0/1)
[2026-05-12 07:46:58] ==== loop 113/∞ | seed=1082114626775815843 archetype=turbo personality=minero focus=eco actions_per_loop=3 ====
[07:46:59] planet 76: building queue full (5)
[07:46:59] planet 76: building queue full (5)
[07:46:59] planet 76: building queue full (5)
[07:46:59] research: blocked research_energy_technology (building_laboratory 0/1)
[2026-05-12 07:47:18] ==== loop 114/∞ | seed=1082114626775815843 archetype=turbo personality=minero focus=eco actions_per_loop=3 ====
[07:47:20] planet 76: building queue full (5)
[07:47:20] planet 76: building queue full (5)
[07:47:20] planet 76: building queue full (5)
[07:47:20] research: blocked research_energy_technology (building_laboratory 0/1)
[2026-05-12 07:47:38] ==== loop 115/∞ | seed=1082114626775815843 archetype=turbo personality=minero focus=eco actions_per_loop=3 ====
[07:47:41] planet 76: building queue full (5)
[07:47:41] planet 76: building queue full (5)
[07:47:41] planet 76: building queue full (5)
[07:47:41] research: blocked research_energy_technology (building_laboratory 0/1)
[2026-05-12 07:48:00] ==== loop 116/∞ | seed=1082114626775815843 archetype=turbo personality=minero focus=eco actions_per_loop=3 ====
[07:48:01] planet 76: building queue full (5)
[07:48:01] planet 76: building queue full (5)
[07:48:01] planet 76: building queue full (5)
[07:48:01] research: blocked research_energy_technology (building_laboratory 0/1)
[2026-05-12 07:48:18] ==== loop 117/∞ | seed=1082114626775815843 archetype=turbo personality=minero focus=eco actions_per_loop=3 ====
[07:48:20] planet 76: building queue full (5)
[07:48:20] planet 76: building queue full (5)
[07:48:20] planet 76: building queue full (5)
[07:48:20] research: blocked research_energy_technology (building_laboratory 0/1)
[2026-05-12 07:48:40] ==== loop 118/∞ | seed=1082114626775815843 archetype=turbo personality=minero focus=eco actions_per_loop=3 ====
[07:48:42] planet 76: building queue full (5)
[07:48:42] planet 76: building queue full (5)
[07:48:42] planet 76: building queue full (5)
[07:48:42] research: blocked research_energy_technology (building_laboratory 0/1)
[2026-05-12 07:48:59] ==== loop 119/∞ | seed=1082114626775815843 archetype=turbo personality=minero focus=eco actions_per_loop=3 ====
[07:49:01] planet 76: building queue full (5)
[07:49:01] planet 76: building queue full (5)
[07:49:01] planet 76: building queue full (5)
[2026-05-12 07:49:18] ==== loop 120/∞ | seed=1082114626775815843 archetype=turbo personality=minero focus=eco actions_per_loop=3 ====
[07:49:20] planet 76: building queue full (5)
[07:49:20] planet 76: building queue full (5)
[07:49:20] planet 76: building queue full (5)
[07:49:20] research: blocked research_energy_technology (building_laboratory 0/1)
[2026-05-12 07:49:38] ==== loop 121/∞ | seed=1082114626775815843 archetype=turbo personality=minero focus=eco actions_per_loop=3 ====
[07:49:41] planet 76: building queue full (5)
[07:49:41] planet 76: building queue full (5)
[07:49:41] planet 76: building queue full (5)
[2026-05-12 07:49:59] ==== loop 122/∞ | seed=1082114626775815843 archetype=turbo personality=minero focus=eco actions_per_loop=3 ====
[07:50:01] planet 76: building queue full (5)
[07:50:01] planet 76: building queue full (5)
[07:50:01] planet 76: building queue full (5)
[07:50:01] research: blocked research_energy_technology (building_laboratory 0/1)
[2026-05-12 07:50:21] ==== loop 123/∞ | seed=1082114626775815843 archetype=turbo personality=minero focus=eco actions_per_loop=3 ====
[07:50:23] planet 76: building queue full (5)
[07:50:23] planet 76: building queue full (5)
[07:50:23] planet 76: building queue full (5)
[2026-05-12 07:50:41] ==== loop 124/∞ | seed=1082114626775815843 archetype=turbo personality=minero focus=eco actions_per_loop=3 ====
[07:50:43] alliance: idle no_candidate
[07:50:43] planet 76: building queue full (5)
[07:50:43] planet 76: building queue full (5)
[07:50:43] planet 76: building queue full (5)
[07:50:43] research: blocked research_energy_technology (building_laboratory 0/1)
[2026-05-12 07:51:00] ==== loop 125/∞ | seed=1082114626775815843 archetype=turbo personality=minero focus=eco actions_per_loop=3 ====
[07:51:02] planet 76: building queue full (5)
[07:51:02] planet 76: building queue full (5)
[2026-05-12 07:51:20] ==== loop 126/∞ | seed=1082114626775815843 archetype=turbo personality=minero focus=eco actions_per_loop=3 ====
[07:51:21] planet 76: building queue full (5)
[07:51:21] planet 76: building queue full (5)
[07:51:21] research: blocked research_energy_technology (building_laboratory 0/1)
[2026-05-12 07:51:39] ==== loop 127/∞ | seed=1082114626775815843 archetype=turbo personality=minero focus=eco actions_per_loop=3 ====
[07:51:41] planet 76: building queue full (5)
[07:51:41] planet 76: building queue full (5)
[07:51:41] planet 76: building queue full (5)
[07:51:41] research: blocked research_energy_technology (building_laboratory 0/1)
[2026-05-12 07:51:58] ==== loop 128/∞ | seed=1082114626775815843 archetype=turbo personality=minero focus=eco actions_per_loop=3 ====
[07:52:01] planet 76: building queue full (5)
[07:52:01] planet 76: building queue full (5)
[07:52:01] planet 76: building queue full (5)
[07:52:01] research: blocked research_energy_technology (building_laboratory 0/1)
[2026-05-12 07:52:18] ==== loop 129/∞ | seed=1082114626775815843 archetype=turbo personality=minero focus=eco actions_per_loop=3 ====
[07:52:18] planet 76: building queue full (5)
[07:52:18] planet 76: building queue full (5)
[07:52:18] planet 76: building queue full (5)
[2026-05-12 07:52:35] ==== loop 130/∞ | seed=1082114626775815843 archetype=turbo personality=minero focus=eco actions_per_loop=3 ====
[07:52:38] planet 76: building queue full (5)
[07:52:38] planet 76: building queue full (5)
[07:52:38] planet 76: building queue full (5)
[2026-05-12 07:52:56] ==== loop 131/∞ | seed=1082114626775815843 archetype=turbo personality=minero focus=eco actions_per_loop=3 ====
[07:52:58] planet 76: building queue full (5)
[07:52:58] planet 76: building queue full (5)
[07:52:58] planet 76: building queue full (5)
[2026-05-12 07:53:17] ==== loop 132/∞ | seed=1082114626775815843 archetype=turbo personality=minero focus=eco actions_per_loop=3 ====
[07:53:19] planet 76: building queue full (5)
[07:53:19] planet 76: building queue full (5)
[07:53:19] planet 76: building queue full (5)
[07:53:19] research: blocked research_energy_technology (building_laboratory 0/1)
[2026-05-12 07:53:38] ==== loop 133/∞ | seed=1082114626775815843 archetype=turbo personality=minero focus=eco actions_per_loop=3 ====
[07:53:39] planet 76: building queue full (5)
[07:53:39] planet 76: building queue full (5)
[07:53:39] planet 76: building queue full (5)
[2026-05-12 07:53:57] ==== loop 134/∞ | seed=1082114626775815843 archetype=turbo personality=minero focus=eco actions_per_loop=3 ====
[07:53:58] planet 76: queued building_solar_plant to 15
[07:53:58] research: blocked research_energy_technology (building_laboratory 0/1)
[2026-05-12 07:54:15] ==== loop 135/∞ | seed=1082114626775815843 archetype=turbo personality=minero focus=eco actions_per_loop=3 ====
[07:54:18] planet 76: building queue full (5)
[07:54:18] planet 76: building queue full (5)
[07:54:18] planet 76: building queue full (5)
[2026-05-12 07:54:36] ==== loop 136/∞ | seed=1082114626775815843 archetype=turbo personality=minero focus=eco actions_per_loop=3 ====
[07:54:38] planet 76: building queue full (5)
[07:54:38] planet 76: building queue full (5)
[07:54:38] planet 76: building queue full (5)
[07:54:38] research: blocked research_energy_technology (building_laboratory 0/1)
[2026-05-12 07:54:54] ==== loop 137/∞ | seed=1082114626775815843 archetype=turbo personality=minero focus=eco actions_per_loop=3 ====
[07:54:57] planet 76: building queue full (5)
[07:54:57] planet 76: building queue full (5)
[07:54:57] planet 76: building queue full (5)
[07:54:57] research: blocked research_energy_technology (building_laboratory 0/1)
[2026-05-12 07:55:17] ==== loop 138/∞ | seed=1082114626775815843 archetype=turbo personality=minero focus=eco actions_per_loop=3 ====
[07:55:18] planet 76: building queue full (5)
[07:55:18] planet 76: building queue full (5)
[07:55:18] planet 76: building queue full (5)
[07:55:18] research: blocked research_energy_technology (building_laboratory 0/1)
[2026-05-12 07:55:38] ==== loop 139/∞ | seed=1082114626775815843 archetype=turbo personality=minero focus=eco actions_per_loop=3 ====
[07:55:41] planet 76: building queue full (5)
[07:55:41] planet 76: building queue full (5)
[07:55:41] planet 76: building queue full (5)
[07:55:41] research: blocked research_energy_technology (building_laboratory 0/1)
[2026-05-12 07:55:58] ==== loop 140/∞ | seed=1082114626775815843 archetype=turbo personality=minero focus=eco actions_per_loop=3 ====
[07:56:01] planet 76: building queue full (5)
[07:56:01] planet 76: building queue full (5)
[07:56:01] planet 76: building queue full (5)
[07:56:01] research: blocked research_energy_technology (building_laboratory 0/1)
[2026-05-12 07:56:18] ==== loop 141/∞ | seed=1082114626775815843 archetype=turbo personality=minero focus=eco actions_per_loop=3 ====
[07:56:20] planet 76: building queue full (5)
[07:56:20] planet 76: building queue full (5)
[07:56:20] planet 76: building queue full (5)
[2026-05-12 07:56:39] ==== loop 142/∞ | seed=1082114626775815843 archetype=turbo personality=minero focus=eco actions_per_loop=3 ====
[07:56:41] planet 76: building queue full (5)
[07:56:41] planet 76: building queue full (5)
[07:56:41] planet 76: building queue full (5)
[2026-05-12 07:56:58] ==== loop 143/∞ | seed=1082114626775815843 archetype=turbo personality=minero focus=eco actions_per_loop=3 ====
[07:57:00] planet 76: building queue full (5)
[07:57:00] planet 76: building queue full (5)
[07:57:00] planet 76: building queue full (5)
[2026-05-12 07:57:19] ==== loop 144/∞ | seed=1082114626775815843 archetype=turbo personality=minero focus=eco actions_per_loop=3 ====
[07:57:21] alliance: idle no_candidate
[07:57:21] planet 76: building queue full (5)
[07:57:21] planet 76: building queue full (5)
[2026-05-12 07:57:35] ==== loop 145/∞ | seed=1082114626775815843 archetype=turbo personality=minero focus=eco actions_per_loop=3 ====
[07:57:38] planet 76: building queue full (5)
[07:57:38] planet 76: building queue full (5)
[07:57:38] planet 76: building queue full (5)
[07:57:38] research: blocked research_energy_technology (building_laboratory 0/1)
[2026-05-12 07:57:56] ==== loop 146/∞ | seed=1082114626775815843 archetype=turbo personality=minero focus=eco actions_per_loop=3 ====
[07:57:59] planet 76: building queue full (5)
[07:57:59] planet 76: building queue full (5)
[07:57:59] planet 76: building queue full (5)
[07:57:59] research: blocked research_energy_technology (building_laboratory 0/1)
[2026-05-12 07:58:19] ==== loop 147/∞ | seed=1082114626775815843 archetype=turbo personality=minero focus=eco actions_per_loop=3 ====
[07:58:22] planet 76: building queue full (5)
[07:58:22] planet 76: building queue full (5)
[07:58:22] planet 76: building queue full (5)
[07:58:22] research: blocked research_energy_technology (building_laboratory 0/1)
[2026-05-12 07:58:43] ==== loop 148/∞ | seed=1082114626775815843 archetype=turbo personality=minero focus=eco actions_per_loop=3 ====
[07:58:45] planet 76: building queue full (5)
[07:58:45] planet 76: building queue full (5)
[07:58:45] planet 76: building queue full (5)
[07:58:45] research: blocked research_energy_technology (building_laboratory 0/1)
[2026-05-12 07:59:05] ==== loop 149/∞ | seed=1082114626775815843 archetype=turbo personality=minero focus=eco actions_per_loop=3 ====
[07:59:06] planet 76: building queue full (5)
[07:59:06] planet 76: building queue full (5)
[07:59:06] planet 76: building queue full (5)
[07:59:06] research: blocked research_energy_technology (building_laboratory 0/1)
[2026-05-12 07:59:27] ==== loop 150/∞ | seed=1082114626775815843 archetype=turbo personality=minero focus=eco actions_per_loop=3 ====
[07:59:30] planet 76: building queue full (5)
[07:59:30] planet 76: building queue full (5)
[07:59:30] planet 76: building queue full (5)
[2026-05-12 07:59:50] ==== loop 151/∞ | seed=1082114626775815843 archetype=turbo personality=minero focus=eco actions_per_loop=3 ====
[07:59:52] planet 76: building queue full (5)
[07:59:52] planet 76: building queue full (5)
[07:59:52] planet 76: building queue full (5)
[07:59:52] research: blocked research_energy_technology (building_laboratory 0/1)
[2026-05-12 08:00:11] ==== loop 152/∞ | seed=1082114626775815843 archetype=turbo personality=minero focus=eco actions_per_loop=3 ====
[08:00:11] planet 76: building queue full (5)
[08:00:11] planet 76: building queue full (5)
[08:00:11] planet 76: building queue full (5)
[08:00:11] research: blocked research_energy_technology (building_laboratory 0/1)
[2026-05-12 08:00:32] ==== loop 153/∞ | seed=1082114626775815843 archetype=turbo personality=minero focus=eco actions_per_loop=3 ====
[08:00:35] planet 76: building queue full (5)
[08:00:35] planet 76: building queue full (5)
[08:00:35] planet 76: building queue full (5)
[08:00:35] research: blocked research_energy_technology (building_laboratory 0/1)
[2026-05-12 08:00:53] ==== loop 154/∞ | seed=1082114626775815843 archetype=turbo personality=minero focus=eco actions_per_loop=3 ====
[08:00:55] planet 76: building queue full (5)
[08:00:55] planet 76: building queue full (5)
[08:00:55] planet 76: building queue full (5)
[08:00:55] research: blocked research_energy_technology (building_laboratory 0/1)
[2026-05-12 08:01:15] ==== loop 155/∞ | seed=1082114626775815843 archetype=turbo personality=minero focus=eco actions_per_loop=3 ====
[08:01:16] planet 76: building queue full (5)
[08:01:16] planet 76: building queue full (5)
[08:01:16] planet 76: building queue full (5)
[08:01:16] research: blocked research_energy_technology (building_laboratory 0/1)
[2026-05-12 08:01:36] ==== loop 156/∞ | seed=1082114626775815843 archetype=turbo personality=minero focus=eco actions_per_loop=3 ====
[08:01:38] planet 76: building queue full (5)
[08:01:38] planet 76: building queue full (5)
[08:01:38] planet 76: building queue full (5)
[2026-05-12 08:01:55] ==== loop 157/∞ | seed=1082114626775815843 archetype=turbo personality=minero focus=eco actions_per_loop=3 ====
[08:01:58] planet 76: building queue full (5)
[08:01:58] planet 76: building queue full (5)
[08:01:58] planet 76: building queue full (5)
[2026-05-12 08:02:19] ==== loop 158/∞ | seed=1082114626775815843 archetype=turbo personality=minero focus=eco actions_per_loop=3 ====
[08:02:20] planet 76: building queue full (5)
[08:02:20] planet 76: building queue full (5)
[08:02:20] planet 76: building queue full (5)
[2026-05-12 08:02:37] ==== loop 159/∞ | seed=1082114626775815843 archetype=turbo personality=minero focus=eco actions_per_loop=3 ====
[08:02:39] planet 76: building queue full (5)
[08:02:39] planet 76: building queue full (5)
[2026-05-12 08:02:58] ==== loop 160/∞ | seed=1082114626775815843 archetype=turbo personality=minero focus=eco actions_per_loop=3 ====
[08:02:59] planet 76: building queue full (5)
[08:02:59] planet 76: building queue full (5)
[08:02:59] planet 76: building queue full (5)
[08:02:59] research: blocked research_energy_technology (building_laboratory 0/1)
[2026-05-12 08:03:17] ==== loop 161/∞ | seed=1082114626775815843 archetype=turbo personality=minero focus=eco actions_per_loop=3 ====
[08:03:19] planet 76: building queue full (5)
[08:03:19] planet 76: building queue full (5)
[08:03:19] planet 76: building queue full (5)
[08:03:19] research: blocked research_energy_technology (building_laboratory 0/1)
[2026-05-12 08:03:37] ==== loop 162/∞ | seed=1082114626775815843 archetype=turbo personality=minero focus=eco actions_per_loop=3 ====
[08:03:38] planet 76: building queue full (5)
[08:03:38] planet 76: building queue full (5)
[08:03:38] planet 76: building queue full (5)
[08:03:38] research: blocked research_energy_technology (building_laboratory 0/1)
[2026-05-12 08:03:56] ==== loop 163/∞ | seed=1082114626775815843 archetype=turbo personality=minero focus=eco actions_per_loop=3 ====
[08:03:58] planet 76: building queue full (5)
[08:03:58] planet 76: building queue full (5)
[08:03:58] planet 76: building queue full (5)
[08:03:58] research: blocked research_energy_technology (building_laboratory 0/1)
[2026-05-12 08:04:16] ==== loop 164/∞ | seed=1082114626775815843 archetype=turbo personality=minero focus=eco actions_per_loop=3 ====
[08:04:17] alliance: idle no_candidate
[08:04:17] planet 76: building queue full (5)
[08:04:17] planet 76: building queue full (5)
[08:04:17] planet 76: building queue full (5)
[2026-05-12 08:04:35] ==== loop 165/∞ | seed=1082114626775815843 archetype=turbo personality=minero focus=eco actions_per_loop=3 ====
[08:04:38] planet 76: building queue full (5)
[08:04:38] planet 76: building queue full (5)
[08:04:38] planet 76: building queue full (5)
[08:04:38] research: blocked research_energy_technology (building_laboratory 0/1)
[2026-05-12 08:04:59] ==== loop 166/∞ | seed=1082114626775815843 archetype=turbo personality=minero focus=eco actions_per_loop=3 ====
[08:05:00] planet 76: building queue full (5)
[08:05:00] planet 76: building queue full (5)
[08:05:00] planet 76: building queue full (5)
[08:05:00] research: blocked research_energy_technology (building_laboratory 0/1)
[2026-05-12 08:05:22] ==== loop 167/∞ | seed=1082114626775815843 archetype=turbo personality=minero focus=eco actions_per_loop=3 ====
[08:05:23] planet 76: building queue full (5)
[08:05:23] planet 76: building queue full (5)
[08:05:23] planet 76: building queue full (5)
[2026-05-12 08:05:43] ==== loop 168/∞ | seed=1082114626775815843 archetype=turbo personality=minero focus=eco actions_per_loop=3 ====
[08:05:45] planet 76: building queue full (5)
[08:05:45] planet 76: building queue full (5)
[08:05:45] planet 76: building queue full (5)
[08:05:45] research: blocked research_energy_technology (building_laboratory 0/1)
[2026-05-12 08:06:01] ==== loop 169/∞ | seed=1082114626775815843 archetype=turbo personality=minero focus=eco actions_per_loop=3 ====
[08:06:03] planet 76: building queue full (5)
[08:06:03] planet 76: building queue full (5)
[08:06:03] planet 76: building queue full (5)
[2026-05-12 08:06:22] ==== loop 170/∞ | seed=1082114626775815843 archetype=turbo personality=minero focus=eco actions_per_loop=3 ====
[08:06:24] planet 76: building queue full (5)
[08:06:24] planet 76: building queue full (5)
[08:06:24] planet 76: building queue full (5)
[2026-05-12 08:06:41] ==== loop 171/∞ | seed=1082114626775815843 archetype=turbo personality=minero focus=eco actions_per_loop=3 ====
[08:06:43] planet 76: building queue full (5)
[08:06:43] planet 76: building queue full (5)
[08:06:43] planet 76: building queue full (5)
[08:06:43] research: blocked research_energy_technology (building_laboratory 0/1)
[2026-05-12 08:07:03] ==== loop 172/∞ | seed=1082114626775815843 archetype=turbo personality=minero focus=eco actions_per_loop=3 ====
[08:07:04] planet 76: building queue full (5)
[08:07:04] planet 76: building queue full (5)
[08:07:04] planet 76: building queue full (5)
[08:07:04] research: blocked research_energy_technology (building_laboratory 0/1)
[2026-05-12 08:07:22] ==== loop 173/∞ | seed=1082114626775815843 archetype=turbo personality=minero focus=eco actions_per_loop=3 ====
[08:07:23] planet 76: queued building_solar_plant to 16
[08:07:23] research: blocked research_energy_technology (building_laboratory 0/1)
[2026-05-12 08:07:46] ==== loop 174/∞ | seed=1082114626775815843 archetype=turbo personality=minero focus=eco actions_per_loop=3 ====
[08:07:47] planet 76: building queue full (5)
[08:07:47] planet 76: building queue full (5)
[08:07:47] research: blocked research_energy_technology (building_laboratory 0/1)
[2026-05-12 08:08:05] ==== loop 175/∞ | seed=1082114626775815843 archetype=turbo personality=minero focus=eco actions_per_loop=3 ====
[08:08:07] planet 76: building queue full (5)
[08:08:07] planet 76: building queue full (5)
[08:08:07] planet 76: building queue full (5)
[08:08:07] research: blocked research_energy_technology (building_laboratory 0/1)
[2026-05-12 08:08:26] ==== loop 176/∞ | seed=1082114626775815843 archetype=turbo personality=minero focus=eco actions_per_loop=3 ====
[08:08:29] planet 76: building queue full (5)
[08:08:29] planet 76: building queue full (5)
[08:08:29] planet 76: building queue full (5)
[2026-05-12 08:08:50] ==== loop 177/∞ | seed=1082114626775815843 archetype=turbo personality=minero focus=eco actions_per_loop=3 ====
[08:08:52] planet 76: building queue full (5)
[08:08:52] planet 76: building queue full (5)
[08:08:52] planet 76: building queue full (5)
[2026-05-12 08:09:11] ==== loop 178/∞ | seed=1082114626775815843 archetype=turbo personality=minero focus=eco actions_per_loop=3 ====
[08:09:13] planet 76: building queue full (5)
[08:09:13] planet 76: building queue full (5)
[08:09:13] planet 76: building queue full (5)
[08:09:13] research: blocked research_energy_technology (building_laboratory 0/1)
[2026-05-12 08:09:33] ==== loop 179/∞ | seed=1082114626775815843 archetype=turbo personality=minero focus=eco actions_per_loop=3 ====
[08:09:35] planet 76: building queue full (5)
[08:09:35] planet 76: building queue full (5)
[08:09:35] planet 76: building queue full (5)
[2026-05-12 08:09:52] ==== loop 180/∞ | seed=1082114626775815843 archetype=turbo personality=minero focus=eco actions_per_loop=3 ====
[08:09:54] planet 76: building queue full (5)
[08:09:54] planet 76: building queue full (5)
[08:09:54] planet 76: building queue full (5)
[08:09:54] research: blocked research_energy_technology (building_laboratory 0/1)
[2026-05-12 08:10:16] ==== loop 181/∞ | seed=1082114626775815843 archetype=turbo personality=minero focus=eco actions_per_loop=3 ====
[08:10:18] planet 76: building queue full (5)
[08:10:18] planet 76: building queue full (5)
[08:10:18] planet 76: building queue full (5)
[08:10:18] research: blocked research_energy_technology (building_laboratory 0/1)
[2026-05-12 08:10:39] ==== loop 182/∞ | seed=1082114626775815843 archetype=turbo personality=minero focus=eco actions_per_loop=3 ====
[08:10:42] planet 76: building queue full (5)
[08:10:42] planet 76: building queue full (5)
[08:10:42] planet 76: building queue full (5)
[08:10:42] research: blocked research_energy_technology (building_laboratory 0/1)
[2026-05-12 08:11:02] ==== loop 183/∞ | seed=1082114626775815843 archetype=turbo personality=minero focus=eco actions_per_loop=3 ====
[08:11:04] planet 76: building queue full (5)
[08:11:04] planet 76: building queue full (5)
[08:11:04] planet 76: building queue full (5)
[2026-05-12 08:11:25] ==== loop 184/∞ | seed=1082114626775815843 archetype=turbo personality=minero focus=eco actions_per_loop=3 ====
[08:11:26] alliance: idle no_candidate
[08:11:26] planet 76: building queue full (5)
[08:11:26] planet 76: building queue full (5)
[08:11:26] planet 76: building queue full (5)
[08:11:26] research: blocked research_energy_technology (building_laboratory 0/1)
[2026-05-12 08:11:45] ==== loop 185/∞ | seed=1082114626775815843 archetype=turbo personality=minero focus=eco actions_per_loop=3 ====
[08:11:46] planet 76: building queue full (5)
[08:11:46] planet 76: building queue full (5)
[08:11:46] planet 76: building queue full (5)
[2026-05-12 08:12:04] ==== loop 186/∞ | seed=1082114626775815843 archetype=turbo personality=minero focus=eco actions_per_loop=3 ====
[08:12:07] planet 76: building queue full (5)
[08:12:07] planet 76: building queue full (5)
[08:12:07] planet 76: building queue full (5)
[08:12:07] research: blocked research_energy_technology (building_laboratory 0/1)
[2026-05-12 08:12:28] ==== loop 187/∞ | seed=1082114626775815843 archetype=turbo personality=minero focus=eco actions_per_loop=3 ====
[08:12:29] planet 76: building queue full (5)
[08:12:29] planet 76: building queue full (5)
[08:12:29] planet 76: building queue full (5)
[2026-05-12 08:12:49] ==== loop 188/∞ | seed=1082114626775815843 archetype=turbo personality=minero focus=eco actions_per_loop=3 ====
[08:12:51] planet 76: building queue full (5)
[08:12:51] planet 76: building queue full (5)
[08:12:51] planet 76: building queue full (5)
[2026-05-12 08:13:11] ==== loop 189/∞ | seed=1082114626775815843 archetype=turbo personality=minero focus=eco actions_per_loop=3 ====
[08:13:14] planet 76: building queue full (5)
[08:13:14] planet 76: building queue full (5)
[08:13:14] planet 76: building queue full (5)
[2026-05-12 08:13:35] ==== loop 190/∞ | seed=1082114626775815843 archetype=turbo personality=minero focus=eco actions_per_loop=3 ====
[08:13:37] planet 76: building queue full (5)
[08:13:37] planet 76: building queue full (5)
[08:13:37] planet 76: building queue full (5)
[08:13:37] research: blocked research_energy_technology (building_laboratory 0/1)
[2026-05-12 08:13:58] ==== loop 191/∞ | seed=1082114626775815843 archetype=turbo personality=minero focus=eco actions_per_loop=3 ====
[08:13:59] planet 76: building queue full (5)
[08:13:59] planet 76: building queue full (5)
[08:13:59] planet 76: building queue full (5)
[08:13:59] research: blocked research_energy_technology (building_laboratory 0/1)
[2026-05-12 08:14:20] ==== loop 192/∞ | seed=1082114626775815843 archetype=turbo personality=minero focus=eco actions_per_loop=3 ====
[08:14:21] planet 76: building queue full (5)
[08:14:21] planet 76: building queue full (5)
[08:14:21] planet 76: building queue full (5)
[08:14:21] research: blocked research_energy_technology (building_laboratory 0/1)
[2026-05-12 08:14:41] ==== loop 193/∞ | seed=1082114626775815843 archetype=turbo personality=minero focus=eco actions_per_loop=3 ====
[08:14:42] planet 76: building queue full (5)
[08:14:42] planet 76: building queue full (5)
[08:14:42] planet 76: building queue full (5)
[08:14:42] research: blocked research_energy_technology (building_laboratory 0/1)
[2026-05-12 08:15:03] ==== loop 194/∞ | seed=1082114626775815843 archetype=turbo personality=minero focus=eco actions_per_loop=3 ====
[08:15:05] planet 76: building queue full (5)
[08:15:05] planet 76: building queue full (5)
[08:15:05] planet 76: building queue full (5)
[08:15:05] research: blocked research_energy_technology (building_laboratory 0/1)
[2026-05-12 08:15:26] ==== loop 195/∞ | seed=1082114626775815843 archetype=turbo personality=minero focus=eco actions_per_loop=3 ====
[08:15:28] planet 76: building queue full (5)
[08:15:28] planet 76: building queue full (5)
[08:15:28] planet 76: building queue full (5)
[08:15:28] research: blocked research_energy_technology (building_laboratory 0/1)
[2026-05-12 08:15:48] ==== loop 196/∞ | seed=1082114626775815843 archetype=turbo personality=minero focus=eco actions_per_loop=3 ====
[08:15:50] planet 76: building queue full (5)
[08:15:50] planet 76: building queue full (5)
[08:15:50] planet 76: building queue full (5)
[08:15:50] research: blocked research_energy_technology (building_laboratory 0/1)
[2026-05-12 08:16:14] ==== loop 197/∞ | seed=1082114626775815843 archetype=turbo personality=minero focus=eco actions_per_loop=3 ====
[08:16:15] planet 76: building queue full (5)
[08:16:15] planet 76: building queue full (5)
[08:16:15] planet 76: building queue full (5)
[08:16:15] research: blocked research_energy_technology (building_laboratory 0/1)
[2026-05-12 08:16:34] ==== loop 198/∞ | seed=1082114626775815843 archetype=turbo personality=minero focus=eco actions_per_loop=3 ====
[08:16:36] planet 76: building queue full (5)
[08:16:36] planet 76: building queue full (5)
[08:16:36] planet 76: building queue full (5)
[08:16:36] research: blocked research_energy_technology (building_laboratory 0/1)
[2026-05-12 08:16:54] ==== loop 199/∞ | seed=1082114626775815843 archetype=turbo personality=minero focus=eco actions_per_loop=3 ====
[08:16:57] planet 76: building queue full (5)
[08:16:57] planet 76: building queue full (5)
[08:16:57] planet 76: building queue full (5)
[2026-05-12 08:17:19] ==== loop 200/∞ | seed=1082114626775815843 archetype=turbo personality=minero focus=eco actions_per_loop=3 ====
[08:17:21] planet 76: building queue full (5)
[08:17:21] planet 76: building queue full (5)
[08:17:21] planet 76: building queue full (5)
[2026-05-12 08:17:40] ==== loop 201/∞ | seed=1082114626775815843 archetype=turbo personality=minero focus=eco actions_per_loop=3 ====
[08:17:43] planet 76: building queue full (5)
[08:17:43] planet 76: building queue full (5)
[08:17:43] planet 76: building queue full (5)
[2026-05-12 08:18:02] ==== loop 202/∞ | seed=1082114626775815843 archetype=turbo personality=minero focus=eco actions_per_loop=3 ====
[08:18:04] planet 76: building queue full (5)
[08:18:04] planet 76: building queue full (5)
[08:18:04] planet 76: building queue full (5)
[08:18:04] research: blocked research_energy_technology (building_laboratory 0/1)
[2026-05-12 08:18:25] ==== loop 203/∞ | seed=1082114626775815843 archetype=turbo personality=minero focus=eco actions_per_loop=3 ====
[08:18:27] planet 76: building queue full (5)
[08:18:27] planet 76: building queue full (5)
[08:18:27] planet 76: building queue full (5)
[08:18:27] research: blocked research_energy_technology (building_laboratory 0/1)
[2026-05-12 08:18:49] ==== loop 204/∞ | seed=1082114626775815843 archetype=turbo personality=minero focus=eco actions_per_loop=3 ====
[08:18:51] alliance: idle no_candidate
[08:18:51] planet 76: building queue full (5)
[08:18:51] planet 76: building queue full (5)
[08:18:51] planet 76: building queue full (5)
[08:18:51] research: blocked research_energy_technology (building_laboratory 0/1)
[2026-05-12 08:19:11] ==== loop 205/∞ | seed=1082114626775815843 archetype=turbo personality=minero focus=eco actions_per_loop=3 ====
[08:19:13] planet 76: building queue full (5)
[08:19:13] planet 76: building queue full (5)
[08:19:13] planet 76: building queue full (5)
[2026-05-12 08:19:30] ==== loop 206/∞ | seed=1082114626775815843 archetype=turbo personality=minero focus=eco actions_per_loop=3 ====
[08:19:32] planet 76: building queue full (5)
[08:19:32] planet 76: building queue full (5)
[08:19:32] planet 76: building queue full (5)
[08:19:32] research: blocked research_energy_technology (building_laboratory 0/1)
[2026-05-12 08:19:51] ==== loop 207/∞ | seed=1082114626775815843 archetype=turbo personality=minero focus=eco actions_per_loop=3 ====
[08:19:53] planet 76: building queue full (5)
[08:19:53] planet 76: building queue full (5)
[08:19:53] planet 76: building queue full (5)
[2026-05-12 08:20:13] ==== loop 208/∞ | seed=1082114626775815843 archetype=turbo personality=minero focus=eco actions_per_loop=3 ====
[08:20:14] planet 76: building queue full (5)
[08:20:14] planet 76: building queue full (5)
[08:20:14] research: blocked research_energy_technology (building_laboratory 0/1)
[2026-05-12 08:20:35] ==== loop 209/∞ | seed=1082114626775815843 archetype=turbo personality=minero focus=eco actions_per_loop=3 ====
[08:20:37] planet 76: building queue full (5)
[08:20:37] planet 76: building queue full (5)
[08:20:37] planet 76: building queue full (5)
[08:20:37] research: blocked research_energy_technology (building_laboratory 0/1)
[2026-05-12 08:20:58] ==== loop 210/∞ | seed=1082114626775815843 archetype=turbo personality=minero focus=eco actions_per_loop=3 ====
[08:21:00] planet 76: building queue full (5)
[08:21:00] planet 76: building queue full (5)
[08:21:00] planet 76: building queue full (5)
[08:21:00] research: blocked research_energy_technology (building_laboratory 0/1)
[2026-05-12 08:21:19] ==== loop 211/∞ | seed=1082114626775815843 archetype=turbo personality=minero focus=eco actions_per_loop=3 ====
[08:21:22] planet 76: building queue full (5)
[08:21:22] planet 76: building queue full (5)
[08:21:22] planet 76: building queue full (5)
[08:21:22] research: blocked research_energy_technology (building_laboratory 0/1)
[2026-05-12 08:21:42] ==== loop 212/∞ | seed=1082114626775815843 archetype=turbo personality=minero focus=eco actions_per_loop=3 ====
[08:21:44] planet 76: building queue full (5)
[08:21:44] planet 76: building queue full (5)
[08:21:44] planet 76: building queue full (5)
[2026-05-12 08:22:03] ==== loop 213/∞ | seed=1082114626775815843 archetype=turbo personality=minero focus=eco actions_per_loop=3 ====
[08:22:06] planet 76: building queue full (5)
[08:22:06] planet 76: building queue full (5)
[08:22:06] planet 76: building queue full (5)
[08:22:06] research: blocked research_energy_technology (building_laboratory 0/1)
[2026-05-12 08:22:24] ==== loop 214/∞ | seed=1082114626775815843 archetype=turbo personality=minero focus=eco actions_per_loop=3 ====
[08:22:26] planet 76: building queue full (5)
[08:22:26] planet 76: building queue full (5)
[08:22:26] planet 76: building queue full (5)
[2026-05-12 08:22:45] ==== loop 215/∞ | seed=1082114626775815843 archetype=turbo personality=minero focus=eco actions_per_loop=3 ====
[08:22:47] planet 76: building queue full (5)
[08:22:47] planet 76: building queue full (5)
[08:22:47] planet 76: building queue full (5)
[2026-05-12 08:23:11] ==== loop 216/∞ | seed=1082114626775815843 archetype=turbo personality=minero focus=eco actions_per_loop=3 ====
[08:23:13] planet 76: building queue full (5)
[08:23:13] planet 76: building queue full (5)
[08:23:13] planet 76: building queue full (5)
[2026-05-12 08:23:34] ==== loop 217/∞ | seed=1082114626775815843 archetype=turbo personality=minero focus=eco actions_per_loop=3 ====
[08:23:36] planet 76: building queue full (5)
[08:23:36] planet 76: building queue full (5)
[08:23:36] research: blocked research_energy_technology (building_laboratory 0/1)
[2026-05-12 08:23:59] ==== loop 218/∞ | seed=1082114626775815843 archetype=turbo personality=minero focus=eco actions_per_loop=3 ====
[08:24:00] planet 76: building queue full (5)
[08:24:00] planet 76: building queue full (5)
[08:24:00] planet 76: building queue full (5)
[2026-05-12 08:24:24] ==== loop 219/∞ | seed=1082114626775815843 archetype=turbo personality=minero focus=eco actions_per_loop=3 ====
[08:24:27] planet 76: building queue full (5)
[08:24:27] planet 76: building queue full (5)
[08:24:27] planet 76: building queue full (5)
[08:24:27] research: blocked research_energy_technology (building_laboratory 0/1)
[2026-05-12 08:24:50] ==== loop 220/∞ | seed=1082114626775815843 archetype=turbo personality=minero focus=eco actions_per_loop=3 ====
[08:24:53] planet 76: building queue full (5)
[08:24:53] planet 76: building queue full (5)
[08:24:53] planet 76: building queue full (5)
[08:24:53] research: blocked research_energy_technology (building_laboratory 0/1)
[2026-05-12 08:25:15] ==== loop 221/∞ | seed=1082114626775815843 archetype=turbo personality=minero focus=eco actions_per_loop=3 ====
[08:25:17] planet 76: building queue full (5)
[08:25:17] planet 76: building queue full (5)
[08:25:17] planet 76: building queue full (5)
[08:25:17] research: blocked research_energy_technology (building_laboratory 0/1)
[2026-05-12 08:25:39] ==== loop 222/∞ | seed=1082114626775815843 archetype=turbo personality=minero focus=eco actions_per_loop=3 ====
[08:25:40] planet 76: building queue full (5)
[08:25:40] planet 76: building queue full (5)
[08:25:40] planet 76: building queue full (5)
[08:25:40] research: blocked research_energy_technology (building_laboratory 0/1)
[2026-05-12 08:26:05] ==== loop 223/∞ | seed=1082114626775815843 archetype=turbo personality=minero focus=eco actions_per_loop=3 ====
[08:26:06] planet 76: building queue full (5)
[08:26:06] planet 76: building queue full (5)
[08:26:06] research: blocked research_energy_technology (building_laboratory 0/1)
[2026-05-12 08:26:31] ==== loop 224/∞ | seed=1082114626775815843 archetype=turbo personality=minero focus=eco actions_per_loop=3 ====
[08:26:33] alliance: idle no_candidate
[08:26:33] planet 76: building queue full (5)
[08:26:33] planet 76: building queue full (5)
[2026-05-12 08:26:57] ==== loop 225/∞ | seed=1082114626775815843 archetype=turbo personality=minero focus=eco actions_per_loop=3 ====
[08:26:59] planet 76: building queue full (5)
[08:26:59] planet 76: building queue full (5)
[08:26:59] planet 76: building queue full (5)
[08:26:59] research: blocked research_energy_technology (building_laboratory 0/1)
[2026-05-12 08:27:24] ==== loop 226/∞ | seed=1082114626775815843 archetype=turbo personality=minero focus=eco actions_per_loop=3 ====
[08:27:26] planet 76: building queue full (5)
[08:27:26] planet 76: building queue full (5)
[08:27:26] planet 76: building queue full (5)
[08:27:26] research: blocked research_energy_technology (building_laboratory 0/1)
[2026-05-12 08:27:54] ==== loop 227/∞ | seed=1082114626775815843 archetype=turbo personality=minero focus=eco actions_per_loop=3 ====
[08:27:56] planet 76: building queue full (5)
[08:27:56] planet 76: building queue full (5)
[08:27:56] planet 76: building queue full (5)
[2026-05-12 08:28:19] ==== loop 228/∞ | seed=1082114626775815843 archetype=turbo personality=minero focus=eco actions_per_loop=3 ====
[08:28:20] planet 76: building queue full (5)
[08:28:20] planet 76: building queue full (5)
[08:28:20] research: blocked research_energy_technology (building_laboratory 0/1)
[2026-05-12 08:28:42] ==== loop 229/∞ | seed=1082114626775815843 archetype=turbo personality=minero focus=eco actions_per_loop=3 ====
[08:28:42] planet 76: queued building_solar_plant to 17
[2026-05-12 08:29:09] ==== loop 230/∞ | seed=1082114626775815843 archetype=turbo personality=minero focus=eco actions_per_loop=3 ====
[08:29:11] planet 76: queued building_solar_plant to 18
[2026-05-12 08:29:33] ==== loop 231/∞ | seed=1082114626775815843 archetype=turbo personality=minero focus=eco actions_per_loop=3 ====
[08:29:33] planet 76: queued building_solar_plant to 19
[08:29:33] research: blocked research_energy_technology (building_laboratory 0/1)
[2026-05-12 08:29:59] ==== loop 232/∞ | seed=1082114626775815843 archetype=turbo personality=minero focus=eco actions_per_loop=3 ====
[08:30:02] planet 76: building queue full (5)
[08:30:02] planet 76: building queue full (5)
[08:30:02] planet 76: building queue full (5)
[08:30:02] research: blocked research_energy_technology (building_laboratory 0/1)
[2026-05-12 08:30:25] ==== loop 233/∞ | seed=1082114626775815843 archetype=turbo personality=minero focus=eco actions_per_loop=3 ====
[08:30:26] planet 76: building queue full (5)
[08:30:26] planet 76: building queue full (5)
[08:30:26] planet 76: building queue full (5)
[2026-05-12 08:30:49] ==== loop 234/∞ | seed=1082114626775815843 archetype=turbo personality=minero focus=eco actions_per_loop=3 ====
[08:30:51] planet 76: building queue full (5)
[08:30:51] planet 76: building queue full (5)
[08:30:51] planet 76: building queue full (5)
[2026-05-12 08:31:13] ==== loop 235/∞ | seed=1082114626775815843 archetype=turbo personality=minero focus=eco actions_per_loop=3 ====
[08:31:14] planet 76: building queue full (5)
[08:31:14] planet 76: building queue full (5)
[08:31:14] planet 76: building queue full (5)
[2026-05-12 08:31:35] ==== loop 236/∞ | seed=1082114626775815843 archetype=turbo personality=minero focus=eco actions_per_loop=3 ====
[08:31:37] planet 76: building queue full (5)
[08:31:37] planet 76: building queue full (5)
[08:31:37] planet 76: building queue full (5)
[2026-05-12 08:31:56] ==== loop 237/∞ | seed=1082114626775815843 archetype=turbo personality=minero focus=eco actions_per_loop=3 ====
[08:31:57] planet 76: building queue full (5)
[08:31:57] planet 76: building queue full (5)
[08:31:57] research: blocked research_energy_technology (building_laboratory 0/1)
[2026-05-12 08:32:20] ==== loop 238/∞ | seed=1082114626775815843 archetype=turbo personality=minero focus=eco actions_per_loop=3 ====
[08:32:23] planet 76: building queue full (5)
[08:32:23] planet 76: building queue full (5)
[08:32:23] planet 76: building queue full (5)
[08:32:23] research: blocked research_energy_technology (building_laboratory 0/1)
[2026-05-12 08:32:42] ==== loop 239/∞ | seed=1082114626775815843 archetype=turbo personality=minero focus=eco actions_per_loop=3 ====
[08:32:45] planet 76: building queue full (5)
[08:32:45] planet 76: building queue full (5)
[08:32:45] planet 76: building queue full (5)
[2026-05-12 08:33:06] ==== loop 240/∞ | seed=1082114626775815843 archetype=turbo personality=minero focus=eco actions_per_loop=3 ====
[08:33:08] planet 76: building queue full (5)
[08:33:08] planet 76: building queue full (5)
[08:33:08] planet 76: building queue full (5)
[08:33:08] research: blocked research_energy_technology (building_laboratory 0/1)
[2026-05-12 08:33:28] ==== loop 241/∞ | seed=1082114626775815843 archetype=turbo personality=minero focus=eco actions_per_loop=3 ====
[08:33:29] planet 76: queued building_solar_plant to 20
[08:33:29] research: blocked research_energy_technology (building_laboratory 0/1)
[2026-05-12 08:33:48] ==== loop 242/∞ | seed=1082114626775815843 archetype=turbo personality=minero focus=eco actions_per_loop=3 ====
[08:33:49] planet 76: building queue full (5)
[08:33:49] planet 76: building queue full (5)
[08:33:49] planet 76: building queue full (5)
[2026-05-12 08:34:11] ==== loop 243/∞ | seed=1082114626775815843 archetype=turbo personality=minero focus=eco actions_per_loop=3 ====
[08:34:13] planet 76: building queue full (5)
[08:34:13] planet 76: building queue full (5)
[08:34:13] planet 76: building queue full (5)
[2026-05-12 08:34:32] ==== loop 244/∞ | seed=1082114626775815843 archetype=turbo personality=minero focus=eco actions_per_loop=3 ====
[08:34:34] alliance: idle no_candidate
[08:34:34] planet 76: building queue full (5)
[08:34:34] planet 76: building queue full (5)
[08:34:34] planet 76: building queue full (5)
[2026-05-12 08:34:54] ==== loop 245/∞ | seed=1082114626775815843 archetype=turbo personality=minero focus=eco actions_per_loop=3 ====
[08:34:56] planet 76: building queue full (5)
[08:34:56] planet 76: building queue full (5)
[08:34:56] planet 76: building queue full (5)
[08:34:56] research: blocked research_energy_technology (building_laboratory 0/1)
[2026-05-12 08:35:16] ==== loop 246/∞ | seed=1082114626775815843 archetype=turbo personality=minero focus=eco actions_per_loop=3 ====
[08:35:18] planet 76: building queue full (5)
[08:35:18] planet 76: building queue full (5)
[08:35:18] planet 76: building queue full (5)
[2026-05-12 08:35:38] ==== loop 247/∞ | seed=1082114626775815843 archetype=turbo personality=minero focus=eco actions_per_loop=3 ====
[08:35:39] planet 76: building queue full (5)
[08:35:39] planet 76: building queue full (5)
[08:35:39] planet 76: building queue full (5)
[2026-05-12 08:35:58] ==== loop 248/∞ | seed=1082114626775815843 archetype=turbo personality=minero focus=eco actions_per_loop=3 ====
[08:36:00] planet 76: building queue full (5)
[08:36:00] planet 76: building queue full (5)
[08:36:00] planet 76: building queue full (5)
[08:36:00] research: blocked research_energy_technology (building_laboratory 0/1)
[2026-05-12 08:36:23] ==== loop 249/∞ | seed=1082114626775815843 archetype=turbo personality=minero focus=eco actions_per_loop=3 ====
[08:36:24] planet 76: building queue full (5)
[08:36:24] planet 76: building queue full (5)
[08:36:24] planet 76: building queue full (5)
[2026-05-12 08:36:45] ==== loop 250/∞ | seed=1082114626775815843 archetype=turbo personality=minero focus=eco actions_per_loop=3 ====
[08:36:47] planet 76: building queue full (5)
[08:36:47] planet 76: building queue full (5)
[08:36:47] planet 76: building queue full (5)
[08:36:47] research: blocked research_energy_technology (building_laboratory 0/1)
[2026-05-12 08:37:10] ==== loop 251/∞ | seed=1082114626775815843 archetype=turbo personality=minero focus=eco actions_per_loop=3 ====
[08:37:13] planet 76: building queue full (5)
[08:37:13] planet 76: building queue full (5)
[08:37:13] planet 76: building queue full (5)
[08:37:13] research: blocked research_energy_technology (building_laboratory 0/1)
[2026-05-12 08:37:31] ==== loop 252/∞ | seed=1082114626775815843 archetype=turbo personality=minero focus=eco actions_per_loop=3 ====
[08:37:33] planet 76: building queue full (5)
[08:37:33] planet 76: building queue full (5)
[08:37:33] planet 76: building queue full (5)
[08:37:33] research: blocked research_energy_technology (building_laboratory 0/1)
[2026-05-12 08:37:54] ==== loop 253/∞ | seed=1082114626775815843 archetype=turbo personality=minero focus=eco actions_per_loop=3 ====
[08:37:56] planet 76: building queue full (5)
[08:37:56] planet 76: building queue full (5)
[08:37:56] planet 76: building queue full (5)
[08:37:56] research: blocked research_energy_technology (building_laboratory 0/1)
[2026-05-12 08:38:17] ==== loop 254/∞ | seed=1082114626775815843 archetype=turbo personality=minero focus=eco actions_per_loop=3 ====
[08:38:18] planet 76: building queue full (5)
[08:38:18] planet 76: building queue full (5)
[08:38:18] planet 76: building queue full (5)
[08:38:18] research: blocked research_energy_technology (building_laboratory 0/1)
[2026-05-12 08:38:38] ==== loop 255/∞ | seed=1082114626775815843 archetype=turbo personality=minero focus=eco actions_per_loop=3 ====
[08:38:40] planet 76: building queue full (5)
[08:38:40] planet 76: building queue full (5)
[08:38:40] planet 76: building queue full (5)
[2026-05-12 08:39:03] ==== loop 256/∞ | seed=1082114626775815843 archetype=turbo personality=minero focus=eco actions_per_loop=3 ====
[08:39:05] planet 76: building queue full (5)
[08:39:05] planet 76: building queue full (5)
[08:39:05] planet 76: building queue full (5)
[08:39:05] research: blocked research_energy_technology (building_laboratory 0/1)
[2026-05-12 08:39:24] ==== loop 257/∞ | seed=1082114626775815843 archetype=turbo personality=minero focus=eco actions_per_loop=3 ====
[08:39:26] planet 76: building queue full (5)
[08:39:26] planet 76: building queue full (5)
[2026-05-12 08:39:45] ==== loop 258/∞ | seed=1082114626775815843 archetype=turbo personality=minero focus=eco actions_per_loop=3 ====
[08:39:47] planet 76: building queue full (5)
[08:39:47] planet 76: building queue full (5)
[08:39:47] planet 76: building queue full (5)
[08:39:47] research: blocked research_energy_technology (building_laboratory 0/1)
[2026-05-12 08:40:06] ==== loop 259/∞ | seed=1082114626775815843 archetype=turbo personality=minero focus=eco actions_per_loop=3 ====
[08:40:08] planet 76: building queue full (5)
[08:40:08] planet 76: building queue full (5)
[08:40:08] planet 76: building queue full (5)
[08:40:08] research: blocked research_energy_technology (building_laboratory 0/1)
[2026-05-12 08:40:30] ==== loop 260/∞ | seed=1082114626775815843 archetype=turbo personality=minero focus=eco actions_per_loop=3 ====
[08:40:32] planet 76: building queue full (5)
[08:40:32] planet 76: building queue full (5)
[08:40:32] planet 76: building queue full (5)
[08:40:32] research: blocked research_energy_technology (building_laboratory 0/1)
[2026-05-12 08:40:52] ==== loop 261/∞ | seed=1082114626775815843 archetype=turbo personality=minero focus=eco actions_per_loop=3 ====
[08:40:52] planet 76: queue busy, throttled building_robot_factory
[08:40:52] planet 76: queue busy, throttled building_robot_factory
[08:40:52] planet 76: queue busy, throttled building_robot_factory
[08:40:52] research: blocked research_energy_technology (building_laboratory 0/1)
[2026-05-12 08:41:16] ==== loop 262/∞ | seed=1082114626775815843 archetype=turbo personality=minero focus=eco actions_per_loop=3 ====
[08:41:16] planet 76: queue busy, throttled building_robot_factory
[08:41:16] planet 76: queue busy, throttled building_robot_factory
[08:41:16] planet 76: queue busy, throttled building_robot_factory
[2026-05-12 08:41:34] ==== loop 263/∞ | seed=1082114626775815843 archetype=turbo personality=minero focus=eco actions_per_loop=3 ====
[08:41:34] planet 76: queue busy, throttled building_robot_factory
[08:41:34] planet 76: queue busy, throttled building_robot_factory
[08:41:34] research: blocked research_energy_technology (building_laboratory 0/1)
[2026-05-12 08:41:55] ==== loop 264/∞ | seed=1082114626775815843 archetype=turbo personality=minero focus=eco actions_per_loop=3 ====
[08:41:55] alliance: idle no_candidate
[08:41:55] planet 76: queue busy, throttled building_robot_factory
[08:41:55] planet 76: queue busy, throttled building_robot_factory
[08:41:55] planet 76: queue busy, throttled building_robot_factory
[2026-05-12 08:42:17] ==== loop 265/∞ | seed=1082114626775815843 archetype=turbo personality=minero focus=eco actions_per_loop=3 ====
[08:42:17] planet 76: queue busy, throttled building_robot_factory
[08:42:17] planet 76: queue busy, throttled building_robot_factory
[08:42:17] planet 76: queue busy, throttled building_robot_factory
[2026-05-12 08:42:41] ==== loop 266/∞ | seed=1082114626775815843 archetype=turbo personality=minero focus=eco actions_per_loop=3 ====
[08:42:41] planet 76: queue busy, throttled building_robot_factory
[08:42:41] planet 76: queue busy, throttled building_robot_factory
[08:42:41] planet 76: queue busy, throttled building_robot_factory
[08:42:41] research: blocked research_energy_technology (building_laboratory 0/1)
[2026-05-12 08:43:00] ==== loop 267/∞ | seed=1082114626775815843 archetype=turbo personality=minero focus=eco actions_per_loop=3 ====
[08:43:00] planet 76: queue busy, throttled building_robot_factory
[08:43:00] planet 76: queue busy, throttled building_robot_factory
[08:43:00] planet 76: queue busy, throttled building_robot_factory
[08:43:00] research: blocked research_energy_technology (building_laboratory 0/1)
[2026-05-12 08:43:19] ==== loop 268/∞ | seed=1082114626775815843 archetype=turbo personality=minero focus=eco actions_per_loop=3 ====
[08:43:20] planet 76: queue busy, throttled building_robot_factory
[08:43:20] planet 76: queue busy, throttled building_robot_factory
[08:43:20] planet 76: queue busy, throttled building_robot_factory
[2026-05-12 08:43:38] ==== loop 269/∞ | seed=1082114626775815843 archetype=turbo personality=minero focus=eco actions_per_loop=3 ====
[08:43:38] planet 76: queue busy, throttled building_robot_factory
[08:43:38] planet 76: queue busy, throttled building_robot_factory
[08:43:38] planet 76: queue busy, throttled building_robot_factory
[08:43:38] research: blocked research_energy_technology (building_laboratory 0/1)
[2026-05-12 08:43:58] ==== loop 270/∞ | seed=1082114626775815843 archetype=turbo personality=minero focus=eco actions_per_loop=3 ====
[08:43:58] planet 76: queue busy, throttled building_robot_factory
[08:43:58] planet 76: queue busy, throttled building_robot_factory
[08:43:58] planet 76: queue busy, throttled building_robot_factory
[08:43:58] research: blocked research_energy_technology (building_laboratory 0/1)
[2026-05-12 08:44:16] ==== loop 271/∞ | seed=1082114626775815843 archetype=turbo personality=minero focus=eco actions_per_loop=3 ====
[08:44:16] planet 76: queue busy, throttled building_robot_factory
[08:44:16] planet 76: queue busy, throttled building_robot_factory
[08:44:16] planet 76: queue busy, throttled building_robot_factory
[2026-05-12 08:44:37] ==== loop 272/∞ | seed=1082114626775815843 archetype=turbo personality=minero focus=eco actions_per_loop=3 ====
[08:44:37] planet 76: queue busy, throttled building_robot_factory
[08:44:37] planet 76: queue busy, throttled building_robot_factory
[08:44:37] planet 76: queue busy, throttled building_robot_factory
[08:44:37] research: blocked research_energy_technology (building_laboratory 0/1)
[2026-05-12 08:44:58] ==== loop 273/∞ | seed=1082114626775815843 archetype=turbo personality=minero focus=eco actions_per_loop=3 ====
[08:44:58] planet 76: queue busy, throttled building_robot_factory
[08:44:58] planet 76: queue busy, throttled building_robot_factory
[08:44:58] planet 76: queue busy, throttled building_robot_factory
[08:44:58] research: blocked research_energy_technology (building_laboratory 0/1)
[2026-05-12 08:45:16] ==== loop 274/∞ | seed=1082114626775815843 archetype=turbo personality=minero focus=eco actions_per_loop=3 ====
[08:45:16] planet 76: queue busy, throttled building_robot_factory
[08:45:16] planet 76: queue busy, throttled building_robot_factory
[08:45:16] planet 76: queue busy, throttled building_robot_factory
[08:45:16] research: blocked research_energy_technology (building_laboratory 0/1)
[2026-05-12 08:45:37] ==== loop 275/∞ | seed=1082114626775815843 archetype=turbo personality=minero focus=eco actions_per_loop=3 ====
[08:45:37] planet 76: queue busy, throttled building_robot_factory
[08:45:37] planet 76: queue busy, throttled building_robot_factory
[08:45:37] planet 76: queue busy, throttled building_robot_factory
[08:45:37] research: blocked research_energy_technology (building_laboratory 0/1)
[2026-05-12 08:45:59] ==== loop 276/∞ | seed=1082114626775815843 archetype=turbo personality=minero focus=eco actions_per_loop=3 ====
[08:45:59] planet 76: queue busy, throttled building_robot_factory
[08:45:59] planet 76: queue busy, throttled building_robot_factory
[08:45:59] planet 76: queue busy, throttled building_robot_factory
[2026-05-12 08:46:23] ==== loop 277/∞ | seed=1082114626775815843 archetype=turbo personality=minero focus=eco actions_per_loop=3 ====
[08:46:23] planet 76: queue busy, throttled building_robot_factory
[08:46:23] planet 76: queue busy, throttled building_robot_factory
[08:46:23] research: blocked research_energy_technology (building_laboratory 0/1)
[2026-05-12 08:46:41] ==== loop 278/∞ | seed=1082114626775815843 archetype=turbo personality=minero focus=eco actions_per_loop=3 ====
[08:46:41] planet 76: queue busy, throttled building_robot_factory
[08:46:41] planet 76: queue busy, throttled building_robot_factory
[08:46:41] planet 76: queue busy, throttled building_robot_factory
[08:46:41] research: blocked research_energy_technology (building_laboratory 0/1)
[2026-05-12 08:47:04] ==== loop 279/∞ | seed=1082114626775815843 archetype=turbo personality=minero focus=eco actions_per_loop=3 ====
[08:47:04] planet 76: queue busy, throttled building_robot_factory
[08:47:04] planet 76: queue busy, throttled building_robot_factory
[08:47:04] planet 76: queue busy, throttled building_robot_factory
[2026-05-12 08:47:23] ==== loop 280/∞ | seed=1082114626775815843 archetype=turbo personality=minero focus=eco actions_per_loop=3 ====
[08:47:23] planet 76: queue busy, throttled building_robot_factory
[08:47:23] planet 76: queue busy, throttled building_robot_factory
[08:47:23] planet 76: queue busy, throttled building_robot_factory
[2026-05-12 08:47:41] ==== loop 281/∞ | seed=1082114626775815843 archetype=turbo personality=minero focus=eco actions_per_loop=3 ====
[08:47:41] planet 76: queue busy, throttled building_robot_factory
[08:47:41] planet 76: queue busy, throttled building_robot_factory
[08:47:41] planet 76: queue busy, throttled building_robot_factory
[2026-05-12 08:48:03] ==== loop 282/∞ | seed=1082114626775815843 archetype=turbo personality=minero focus=eco actions_per_loop=3 ====
[08:48:03] planet 76: queue busy, throttled building_robot_factory
[08:48:03] planet 76: queue busy, throttled building_robot_factory
[08:48:03] planet 76: queue busy, throttled building_robot_factory
[2026-05-12 08:48:21] ==== loop 283/∞ | seed=1082114626775815843 archetype=turbo personality=minero focus=eco actions_per_loop=3 ====
[08:48:21] planet 76: queue busy, throttled building_robot_factory
[08:48:21] planet 76: queue busy, throttled building_robot_factory
[08:48:21] planet 76: queue busy, throttled building_robot_factory
[08:48:21] research: blocked research_energy_technology (building_laboratory 0/1)
[2026-05-12 08:48:40] ==== loop 284/∞ | seed=1082114626775815843 archetype=turbo personality=minero focus=eco actions_per_loop=3 ====
[08:48:40] alliance: idle no_candidate
[08:48:40] planet 76: queue busy, throttled building_robot_factory
[08:48:40] planet 76: queue busy, throttled building_robot_factory
[08:48:40] planet 76: queue busy, throttled building_robot_factory
[08:48:40] research: blocked research_energy_technology (building_laboratory 0/1)
[2026-05-12 08:48:59] ==== loop 285/∞ | seed=1082114626775815843 archetype=turbo personality=minero focus=eco actions_per_loop=3 ====
[08:48:59] planet 76: queue busy, throttled building_robot_factory
[08:48:59] planet 76: queue busy, throttled building_robot_factory
[08:48:59] planet 76: queue busy, throttled building_robot_factory
[2026-05-12 08:49:16] ==== loop 286/∞ | seed=1082114626775815843 archetype=turbo personality=minero focus=eco actions_per_loop=3 ====
[08:49:16] planet 76: queue busy, throttled building_robot_factory
[08:49:16] planet 76: queue busy, throttled building_robot_factory
[08:49:16] planet 76: queue busy, throttled building_robot_factory
[08:49:16] research: blocked research_energy_technology (building_laboratory 0/1)
[2026-05-12 08:49:35] ==== loop 287/∞ | seed=1082114626775815843 archetype=turbo personality=minero focus=eco actions_per_loop=3 ====
[08:49:35] planet 76: queue busy, throttled building_robot_factory
[08:49:35] planet 76: queue busy, throttled building_robot_factory
[08:49:35] planet 76: queue busy, throttled building_robot_factory
[2026-05-12 08:49:54] ==== loop 288/∞ | seed=1082114626775815843 archetype=turbo personality=minero focus=eco actions_per_loop=3 ====
[08:49:54] planet 76: queue busy, throttled building_robot_factory
[08:49:54] planet 76: queue busy, throttled building_robot_factory
[08:49:54] planet 76: queue busy, throttled building_robot_factory
[08:49:54] research: blocked research_energy_technology (building_laboratory 0/1)
[2026-05-12 08:50:13] ==== loop 289/∞ | seed=1082114626775815843 archetype=turbo personality=minero focus=eco actions_per_loop=3 ====
[08:50:13] planet 76: queue busy, throttled building_robot_factory
[08:50:13] planet 76: queue busy, throttled building_robot_factory
[08:50:13] planet 76: queue busy, throttled building_robot_factory
[08:50:13] research: blocked research_energy_technology (building_laboratory 0/1)
[2026-05-12 08:50:31] ==== loop 290/∞ | seed=1082114626775815843 archetype=turbo personality=minero focus=eco actions_per_loop=3 ====
[08:50:31] planet 76: queue busy, throttled building_robot_factory
[08:50:31] planet 76: queue busy, throttled building_robot_factory
[08:50:31] planet 76: queue busy, throttled building_robot_factory
[2026-05-12 08:50:53] ==== loop 291/∞ | seed=1082114626775815843 archetype=turbo personality=minero focus=eco actions_per_loop=3 ====
[08:50:53] planet 76: queue busy, throttled building_robot_factory
[08:50:53] planet 76: queue busy, throttled building_robot_factory
[08:50:53] planet 76: queue busy, throttled building_robot_factory
[08:50:53] research: blocked research_energy_technology (building_laboratory 0/1)
[2026-05-12 08:51:13] ==== loop 292/∞ | seed=1082114626775815843 archetype=turbo personality=minero focus=eco actions_per_loop=3 ====
[08:51:13] planet 76: queue busy, throttled building_robot_factory
[08:51:13] planet 76: queue busy, throttled building_robot_factory
[2026-05-12 08:51:36] ==== loop 293/∞ | seed=1082114626775815843 archetype=turbo personality=minero focus=eco actions_per_loop=3 ====
[08:51:36] planet 76: queue busy, throttled building_robot_factory
[08:51:36] planet 76: queue busy, throttled building_robot_factory
[08:51:36] planet 76: queue busy, throttled building_robot_factory
[08:51:36] research: blocked research_energy_technology (building_laboratory 0/1)
[2026-05-12 08:51:59] ==== loop 294/∞ | seed=1082114626775815843 archetype=turbo personality=minero focus=eco actions_per_loop=3 ====
[08:51:59] planet 76: queue busy, throttled building_robot_factory
[08:51:59] planet 76: queue busy, throttled building_robot_factory
[08:51:59] planet 76: queue busy, throttled building_robot_factory
[08:51:59] research: blocked research_energy_technology (building_laboratory 0/1)
[2026-05-12 08:52:22] ==== loop 295/∞ | seed=1082114626775815843 archetype=turbo personality=minero focus=eco actions_per_loop=3 ====
[08:52:22] planet 76: queue busy, throttled building_robot_factory
[08:52:22] planet 76: queue busy, throttled building_robot_factory
[08:52:22] planet 76: queue busy, throttled building_robot_factory
[2026-05-12 08:52:47] ==== loop 296/∞ | seed=1082114626775815843 archetype=turbo personality=minero focus=eco actions_per_loop=3 ====
[08:52:47] planet 76: queue busy, throttled building_robot_factory
[08:52:47] planet 76: queue busy, throttled building_robot_factory
[08:52:47] planet 76: queue busy, throttled building_robot_factory
[08:52:47] research: blocked research_energy_technology (building_laboratory 0/1)
[2026-05-12 08:53:10] ==== loop 297/∞ | seed=1082114626775815843 archetype=turbo personality=minero focus=eco actions_per_loop=3 ====
[08:53:10] planet 76: queue busy, throttled building_robot_factory
[08:53:10] planet 76: queue busy, throttled building_robot_factory
[08:53:10] planet 76: queue busy, throttled building_robot_factory
[08:53:10] research: blocked research_energy_technology (building_laboratory 0/1)
[2026-05-12 08:53:33] ==== loop 298/∞ | seed=1082114626775815843 archetype=turbo personality=minero focus=eco actions_per_loop=3 ====
[08:53:33] planet 76: queue busy, throttled building_robot_factory
[08:53:33] planet 76: queue busy, throttled building_robot_factory
[08:53:33] planet 76: queue busy, throttled building_robot_factory
[2026-05-12 08:53:55] ==== loop 299/∞ | seed=1082114626775815843 archetype=turbo personality=minero focus=eco actions_per_loop=3 ====
[08:53:55] planet 76: queue busy, throttled building_robot_factory
[08:53:55] planet 76: queue busy, throttled building_robot_factory
[08:53:55] planet 76: queue busy, throttled building_robot_factory
[2026-05-12 08:54:17] ==== loop 300/∞ | seed=1082114626775815843 archetype=turbo personality=minero focus=eco actions_per_loop=3 ====
[08:54:17] planet 76: queue busy, throttled building_robot_factory
[08:54:17] planet 76: queue busy, throttled building_robot_factory
[08:54:17] planet 76: queue busy, throttled building_robot_factory
[08:54:17] research: blocked research_energy_technology (building_laboratory 0/1)
[2026-05-12 08:54:39] ==== loop 301/∞ | seed=1082114626775815843 archetype=turbo personality=minero focus=eco actions_per_loop=3 ====
[08:54:39] planet 76: queue busy, throttled building_robot_factory
[08:54:39] planet 76: queue busy, throttled building_robot_factory
[08:54:39] planet 76: queue busy, throttled building_robot_factory
[08:54:39] research: blocked research_energy_technology (building_laboratory 0/1)
[2026-05-12 08:55:01] ==== loop 302/∞ | seed=1082114626775815843 archetype=turbo personality=minero focus=eco actions_per_loop=3 ====
[08:55:01] planet 76: queue busy, throttled building_robot_factory
[08:55:01] planet 76: queue busy, throttled building_robot_factory
[08:55:01] planet 76: queue busy, throttled building_robot_factory
[2026-05-12 08:55:24] ==== loop 303/∞ | seed=1082114626775815843 archetype=turbo personality=minero focus=eco actions_per_loop=3 ====
[08:55:24] planet 76: queue busy, throttled building_robot_factory
[08:55:24] planet 76: queue busy, throttled building_robot_factory
[08:55:24] planet 76: queue busy, throttled building_robot_factory
[2026-05-12 08:55:46] ==== loop 304/∞ | seed=1082114626775815843 archetype=turbo personality=minero focus=eco actions_per_loop=3 ====
[08:55:46] alliance: idle no_candidate
[08:55:46] planet 76: queue busy, throttled building_robot_factory
[08:55:46] planet 76: queue busy, throttled building_robot_factory
[08:55:46] planet 76: queue busy, throttled building_robot_factory
[08:55:46] research: blocked research_energy_technology (building_laboratory 0/1)
[2026-05-12 08:56:09] ==== loop 305/∞ | seed=1082114626775815843 archetype=turbo personality=minero focus=eco actions_per_loop=3 ====
[08:56:09] planet 76: queue busy, throttled building_robot_factory
[08:56:09] planet 76: queue busy, throttled building_robot_factory
[08:56:09] planet 76: queue busy, throttled building_robot_factory
[08:56:09] research: blocked research_energy_technology (building_laboratory 0/1)
[2026-05-12 08:56:32] ==== loop 306/∞ | seed=1082114626775815843 archetype=turbo personality=minero focus=eco actions_per_loop=3 ====
[08:56:32] planet 76: queue busy, throttled building_robot_factory
[08:56:32] planet 76: queue busy, throttled building_robot_factory
[08:56:32] planet 76: queue busy, throttled building_robot_factory
[08:56:32] research: blocked research_energy_technology (building_laboratory 0/1)
[2026-05-12 08:56:55] ==== loop 307/∞ | seed=1082114626775815843 archetype=turbo personality=minero focus=eco actions_per_loop=3 ====
[08:56:55] planet 76: queue busy, throttled building_robot_factory
[08:56:55] planet 76: queue busy, throttled building_robot_factory
[08:56:55] planet 76: queue busy, throttled building_robot_factory
[2026-05-12 08:57:17] ==== loop 308/∞ | seed=1082114626775815843 archetype=turbo personality=minero focus=eco actions_per_loop=3 ====
[08:57:17] planet 76: queue busy, throttled building_robot_factory
[08:57:17] planet 76: queue busy, throttled building_robot_factory
[08:57:17] planet 76: queue busy, throttled building_robot_factory
[08:57:17] research: blocked research_energy_technology (building_laboratory 0/1)
[2026-05-12 08:57:41] ==== loop 309/∞ | seed=1082114626775815843 archetype=turbo personality=minero focus=eco actions_per_loop=3 ====
[08:57:41] planet 76: queue busy, throttled building_robot_factory
[08:57:41] planet 76: queue busy, throttled building_robot_factory
[08:57:41] planet 76: queue busy, throttled building_robot_factory
[2026-05-12 08:58:06] ==== loop 310/∞ | seed=1082114626775815843 archetype=turbo personality=minero focus=eco actions_per_loop=3 ====
[08:58:06] planet 76: queue busy, throttled building_robot_factory
[08:58:06] planet 76: queue busy, throttled building_robot_factory
[08:58:06] planet 76: queue busy, throttled building_robot_factory
[08:58:06] research: blocked research_energy_technology (building_laboratory 0/1)
[2026-05-12 08:58:28] ==== loop 311/∞ | seed=1082114626775815843 archetype=turbo personality=minero focus=eco actions_per_loop=3 ====
[08:58:28] planet 76: queue busy, throttled building_robot_factory
[08:58:28] planet 76: queue busy, throttled building_robot_factory
[08:58:28] planet 76: queue busy, throttled building_robot_factory
[2026-05-12 08:58:51] ==== loop 312/∞ | seed=1082114626775815843 archetype=turbo personality=minero focus=eco actions_per_loop=3 ====
[08:58:51] planet 76: queue busy, throttled building_robot_factory
[08:58:51] planet 76: queue busy, throttled building_robot_factory
[08:58:51] planet 76: queue busy, throttled building_robot_factory
[2026-05-12 08:59:18] ==== loop 313/∞ | seed=1082114626775815843 archetype=turbo personality=minero focus=eco actions_per_loop=3 ====
[08:59:18] planet 76: queue busy, throttled building_robot_factory
[08:59:18] planet 76: queue busy, throttled building_robot_factory
[08:59:18] planet 76: queue busy, throttled building_robot_factory
[08:59:18] research: blocked research_energy_technology (building_laboratory 0/1)
[2026-05-12 08:59:39] ==== loop 314/∞ | seed=1082114626775815843 archetype=turbo personality=minero focus=eco actions_per_loop=3 ====
[08:59:39] planet 76: queue busy, throttled building_robot_factory
[08:59:39] planet 76: queue busy, throttled building_robot_factory
[08:59:39] planet 76: queue busy, throttled building_robot_factory
[2026-05-12 09:00:03] ==== loop 315/∞ | seed=1082114626775815843 archetype=turbo personality=minero focus=eco actions_per_loop=3 ====
[09:00:03] planet 76: queue busy, throttled building_robot_factory
[09:00:03] planet 76: queue busy, throttled building_robot_factory
[09:00:03] planet 76: queue busy, throttled building_robot_factory
[09:00:03] research: blocked research_energy_technology (building_laboratory 0/1)
[2026-05-12 09:00:26] ==== loop 316/∞ | seed=1082114626775815843 archetype=turbo personality=minero focus=eco actions_per_loop=3 ====
[09:00:26] planet 76: queue busy, throttled building_robot_factory
[09:00:26] planet 76: queue busy, throttled building_robot_factory
[09:00:26] planet 76: queue busy, throttled building_robot_factory
[09:00:26] research: blocked research_energy_technology (building_laboratory 0/1)
[2026-05-12 09:00:48] ==== loop 317/∞ | seed=1082114626775815843 archetype=turbo personality=minero focus=eco actions_per_loop=3 ====
[09:00:48] planet 76: queue busy, throttled building_robot_factory
[09:00:48] planet 76: queue busy, throttled building_robot_factory
[09:00:48] research: blocked research_energy_technology (building_laboratory 0/1)
[2026-05-12 09:01:10] ==== loop 318/∞ | seed=1082114626775815843 archetype=turbo personality=minero focus=eco actions_per_loop=3 ====
[09:01:10] planet 76: queue busy, throttled building_robot_factory
[09:01:10] planet 76: queue busy, throttled building_robot_factory
[09:01:10] planet 76: queue busy, throttled building_robot_factory
[09:01:10] research: blocked research_energy_technology (building_laboratory 0/1)
[2026-05-12 09:01:30] ==== loop 319/∞ | seed=1082114626775815843 archetype=turbo personality=minero focus=eco actions_per_loop=3 ====
[09:01:30] planet 76: queue busy, throttled building_robot_factory
[09:01:30] planet 76: queue busy, throttled building_robot_factory
[09:01:30] planet 76: queue busy, throttled building_robot_factory
[09:01:30] research: blocked research_energy_technology (building_laboratory 0/1)
[2026-05-12 09:01:53] ==== loop 320/∞ | seed=1082114626775815843 archetype=turbo personality=minero focus=eco actions_per_loop=3 ====
[09:01:53] planet 76: queue busy, throttled building_robot_factory
[09:01:53] planet 76: queue busy, throttled building_robot_factory
[09:01:53] planet 76: queue busy, throttled building_robot_factory
[09:01:53] research: blocked research_energy_technology (building_laboratory 0/1)
[2026-05-12 09:02:15] ==== loop 321/∞ | seed=1082114626775815843 archetype=turbo personality=minero focus=eco actions_per_loop=3 ====
[09:02:15] planet 76: queue busy, throttled building_robot_factory
[09:02:15] planet 76: queue busy, throttled building_robot_factory
[09:02:15] planet 76: queue busy, throttled building_robot_factory
[2026-05-12 09:03:03] ==== loop 1/∞ | seed=1082114626775815843 archetype=turbo personality=minero focus=eco actions_per_loop=3 ====
[09:03:03] planet 76: queue busy, throttled building_robot_factory
[09:03:03] planet 76: queue busy, throttled building_robot_factory
[09:03:03] planet 76: queue busy, throttled building_robot_factory
[09:03:03] research: blocked research_energy_technology (building_laboratory 0/1)
[2026-05-12 09:03:45] ==== loop 2/∞ | seed=1082114626775815843 archetype=turbo personality=minero focus=eco actions_per_loop=3 ====
[09:03:45] planet 76: queue busy, throttled building_robot_factory
[09:03:45] planet 76: queue busy, throttled building_robot_factory
[09:03:45] planet 76: queue busy, throttled building_robot_factory
[2026-05-12 09:04:26] ==== loop 3/∞ | seed=1082114626775815843 archetype=turbo personality=minero focus=eco actions_per_loop=3 ====
[09:04:26] alliance: idle no_candidate
[09:04:26] planet 76: queue busy, throttled building_robot_factory
[09:04:26] planet 76: queue busy, throttled building_robot_factory
[09:04:26] planet 76: queue busy, throttled building_robot_factory
[09:04:26] research: blocked research_energy_technology (building_laboratory 0/1)
[2026-05-12 09:05:11] ==== loop 4/∞ | seed=1082114626775815843 archetype=turbo personality=minero focus=eco actions_per_loop=3 ====
[09:05:12] planet 76: queue busy, throttled building_robot_factory
[09:05:12] planet 76: queue busy, throttled building_robot_factory
[09:05:12] planet 76: queue busy, throttled building_robot_factory
[09:05:12] research: blocked research_energy_technology (building_laboratory 0/1)
[2026-05-12 09:05:51] ==== loop 5/∞ | seed=1082114626775815843 archetype=turbo personality=minero focus=eco actions_per_loop=3 ====
[09:05:51] planet 76: queue busy, throttled building_robot_factory
[09:05:51] planet 76: queue busy, throttled building_robot_factory
[09:05:51] planet 76: queue busy, throttled building_robot_factory
[2026-05-12 09:06:33] ==== loop 6/∞ | seed=1082114626775815843 archetype=turbo personality=minero focus=eco actions_per_loop=3 ====
[09:06:33] planet 76: queue busy, throttled building_robot_factory
[09:06:33] planet 76: queue busy, throttled building_robot_factory
[09:06:33] planet 76: queue busy, throttled building_robot_factory
[09:06:33] research: blocked research_energy_technology (building_laboratory 0/1)
[2026-05-12 09:07:18] ==== loop 7/∞ | seed=1082114626775815843 archetype=turbo personality=minero focus=eco actions_per_loop=3 ====
[09:07:18] planet 76: queue busy, throttled building_robot_factory
[09:07:18] planet 76: queue busy, throttled building_robot_factory
[09:07:18] planet 76: queue busy, throttled building_robot_factory
[2026-05-12 09:08:04] ==== loop 8/∞ | seed=1082114626775815843 archetype=turbo personality=minero focus=eco actions_per_loop=3 ====
[09:08:04] planet 76: queue busy, throttled building_robot_factory
[09:08:04] planet 76: queue busy, throttled building_robot_factory
[09:08:04] planet 76: queue busy, throttled building_robot_factory
[09:08:04] research: blocked research_energy_technology (building_laboratory 0/1)
[2026-05-12 09:08:46] ==== loop 9/∞ | seed=1082114626775815843 archetype=turbo personality=minero focus=eco actions_per_loop=3 ====
[09:08:46] planet 76: queued building_robot_factory to 1
[2026-05-12 09:09:28] ==== loop 10/∞ | seed=1082114626775815843 archetype=turbo personality=minero focus=eco actions_per_loop=3 ====
[09:09:28] planet 76: queue busy, throttled building_robot_factory
[09:09:28] planet 76: queue busy, throttled building_robot_factory
[09:09:28] planet 76: queue busy, throttled building_robot_factory
[09:09:28] research: blocked research_energy_technology (building_laboratory 0/1)
[2026-05-12 09:10:14] ==== loop 11/∞ | seed=1082114626775815843 archetype=turbo personality=minero focus=eco actions_per_loop=3 ====
[09:10:14] planet 76: queue busy, throttled building_robot_factory
[09:10:14] planet 76: queue busy, throttled building_robot_factory
[09:10:14] planet 76: queue busy, throttled building_robot_factory
[2026-05-12 09:10:54] ==== loop 12/∞ | seed=1082114626775815843 archetype=turbo personality=minero focus=eco actions_per_loop=3 ====
[09:10:54] planet 76: queued building_crystal_store to 2
[2026-05-12 09:11:35] ==== loop 13/∞ | seed=1082114626775815843 archetype=turbo personality=minero focus=eco actions_per_loop=3 ====
[09:11:37] planet 76: building queue full (5)
[09:11:37] planet 76: building queue full (5)
[09:11:37] planet 76: building queue full (5)
[2026-05-12 09:12:21] ==== loop 14/∞ | seed=1082114626775815843 archetype=turbo personality=minero focus=eco actions_per_loop=3 ====
[09:12:23] planet 76: building queue full (5)
[09:12:23] planet 76: building queue full (5)
[09:12:23] planet 76: building queue full (5)
[09:12:23] research: blocked research_energy_technology (building_laboratory 0/1)
[2026-05-12 09:13:06] ==== loop 15/∞ | seed=1082114626775815843 archetype=turbo personality=minero focus=eco actions_per_loop=3 ====
[09:13:08] planet 76: building queue full (5)
[09:13:08] planet 76: building queue full (5)
[09:13:08] planet 76: building queue full (5)
[09:13:08] research: blocked research_energy_technology (building_laboratory 0/1)
[2026-05-12 09:13:55] ==== loop 16/∞ | seed=1082114626775815843 archetype=turbo personality=minero focus=eco actions_per_loop=3 ====
[09:13:57] planet 76: building queue full (5)
[09:13:57] planet 76: building queue full (5)
[09:13:57] planet 76: building queue full (5)
[2026-05-12 09:14:44] ==== loop 17/∞ | seed=1082114626775815843 archetype=turbo personality=minero focus=eco actions_per_loop=3 ====
[09:14:45] planet 76: building queue full (5)
[09:14:45] planet 76: building queue full (5)
[09:14:45] research: blocked research_energy_technology (building_laboratory 0/1)
[2026-05-12 09:15:27] ==== loop 18/∞ | seed=1082114626775815843 archetype=turbo personality=minero focus=eco actions_per_loop=3 ====
[09:15:29] planet 76: building queue full (5)
[09:15:29] planet 76: building queue full (5)
[09:15:29] planet 76: building queue full (5)
[09:15:29] research: blocked research_energy_technology (building_laboratory 0/1)
[2026-05-12 09:16:15] ==== loop 19/∞ | seed=1082114626775815843 archetype=turbo personality=minero focus=eco actions_per_loop=3 ====
[09:16:16] planet 76: building queue full (5)
[09:16:16] planet 76: building queue full (5)
[09:16:16] research: blocked research_energy_technology (building_laboratory 0/1)
[2026-05-12 09:16:58] ==== loop 20/∞ | seed=1082114626775815843 archetype=turbo personality=minero focus=eco actions_per_loop=3 ====
[09:17:00] planet 76: building queue full (5)
[09:17:00] planet 76: building queue full (5)
[09:17:00] planet 76: building queue full (5)
[09:17:00] research: blocked research_energy_technology (building_laboratory 0/1)
[2026-05-12 09:17:48] ==== loop 21/∞ | seed=1082114626775815843 archetype=turbo personality=minero focus=eco actions_per_loop=3 ====
[09:17:50] planet 76: building queue full (5)
[09:17:50] planet 76: building queue full (5)
[09:17:50] planet 76: building queue full (5)
[09:17:50] research: blocked research_energy_technology (building_laboratory 0/1)
[2026-05-12 09:19:11] ==== loop 1/∞ | seed=1082114626775815843 archetype=turbo personality=minero focus=eco actions_per_loop=3 ====
[09:19:12] planet 76: building queue full (5)
[09:19:12] planet 76: building queue full (5)
[09:19:12] planet 76: building queue full (5)
[09:19:12] research: blocked research_energy_technology (building_laboratory 0/1)
[2026-05-12 09:20:01] ==== loop 2/∞ | seed=1082114626775815843 archetype=turbo personality=minero focus=eco actions_per_loop=3 ====
[09:20:01] alliance: idle no_candidate
[09:20:01] planet 76: queued building_metal_mine to 15
[2026-05-12 09:20:40] ==== loop 3/∞ | seed=1082114626775815843 archetype=turbo personality=minero focus=eco actions_per_loop=3 ====
[09:20:43] planet 76: building queue full (5)
[09:20:43] planet 76: building queue full (5)
[09:20:43] planet 76: building queue full (5)
[2026-05-12 09:21:30] ==== loop 4/∞ | seed=1082114626775815843 archetype=turbo personality=minero focus=eco actions_per_loop=3 ====
[09:21:32] planet 76: building queue full (5)
[09:21:32] planet 76: building queue full (5)
[09:21:32] planet 76: building queue full (5)
[2026-05-12 09:22:19] ==== loop 5/∞ | seed=1082114626775815843 archetype=turbo personality=minero focus=eco actions_per_loop=3 ====
[09:22:22] planet 76: building queue full (5)
[09:22:22] planet 76: building queue full (5)
[09:22:22] planet 76: building queue full (5)
[09:22:22] research: blocked research_energy_technology (building_laboratory 0/1)
[2026-05-12 09:23:05] ==== loop 6/∞ | seed=1082114626775815843 archetype=turbo personality=minero focus=eco actions_per_loop=3 ====
[09:23:07] planet 76: building queue full (5)
[09:23:07] planet 76: building queue full (5)
[09:23:07] planet 76: building queue full (5)
[09:23:07] research: blocked research_energy_technology (building_laboratory 0/1)
[2026-05-12 09:23:50] ==== loop 7/∞ | seed=1082114626775815843 archetype=turbo personality=minero focus=eco actions_per_loop=3 ====
[09:23:51] planet 76: building queue full (5)
[09:23:51] planet 76: building queue full (5)
[09:23:51] planet 76: building queue full (5)
[09:23:51] research: blocked research_energy_technology (building_laboratory 0/1)
[2026-05-12 09:24:31] ==== loop 8/∞ | seed=1082114626775815843 archetype=turbo personality=minero focus=eco actions_per_loop=3 ====
[09:24:33] planet 76: building queue full (5)
[09:24:33] planet 76: building queue full (5)
[09:24:33] planet 76: building queue full (5)
[09:24:33] research: blocked research_energy_technology (building_laboratory 0/1)
[2026-05-12 09:25:21] ==== loop 9/∞ | seed=1082114626775815843 archetype=turbo personality=minero focus=eco actions_per_loop=3 ====
[09:25:22] planet 76: building queue full (5)
[09:25:22] planet 76: building queue full (5)
[09:25:22] planet 76: building queue full (5)
[2026-05-12 09:26:08] ==== loop 10/∞ | seed=1082114626775815843 archetype=turbo personality=minero focus=eco actions_per_loop=3 ====
[09:26:10] planet 76: building queue full (5)
[09:26:10] planet 76: building queue full (5)
[09:26:10] planet 76: building queue full (5)
[09:26:10] research: blocked research_energy_technology (building_laboratory 0/1)
[2026-05-12 09:26:54] ==== loop 11/∞ | seed=1082114626775815843 archetype=turbo personality=minero focus=eco actions_per_loop=3 ====
[09:26:57] planet 76: building queue full (5)
[09:26:57] planet 76: building queue full (5)
[09:26:57] planet 76: building queue full (5)
[09:26:57] research: blocked research_energy_technology (building_laboratory 0/1)
[2026-05-12 09:27:41] ==== loop 12/∞ | seed=1082114626775815843 archetype=turbo personality=minero focus=eco actions_per_loop=3 ====
[09:27:44] planet 76: building queue full (5)
[09:27:44] planet 76: building queue full (5)
[09:27:44] planet 76: building queue full (5)
[09:27:44] research: blocked research_energy_technology (building_laboratory 0/1)
[2026-05-12 09:28:29] ==== loop 13/∞ | seed=1082114626775815843 archetype=turbo personality=minero focus=eco actions_per_loop=3 ====
[09:28:31] planet 76: building queue full (5)
[09:28:31] planet 76: building queue full (5)
[09:28:31] planet 76: building queue full (5)
[09:28:31] research: blocked research_energy_technology (building_laboratory 0/1)
[2026-05-12 09:29:18] ==== loop 14/∞ | seed=1082114626775815843 archetype=turbo personality=minero focus=eco actions_per_loop=3 ====
[09:29:20] planet 76: building queue full (5)
[09:29:20] planet 76: building queue full (5)
[09:29:20] planet 76: building queue full (5)
[09:29:20] research: blocked research_energy_technology (building_laboratory 0/1)
[2026-05-12 09:30:03] ==== loop 15/∞ | seed=1082114626775815843 archetype=turbo personality=minero focus=eco actions_per_loop=3 ====
[09:30:06] planet 76: building queue full (5)
[09:30:06] planet 76: building queue full (5)
[09:30:06] planet 76: building queue full (5)
[09:30:06] research: blocked research_energy_technology (building_laboratory 0/1)
[2026-05-12 09:30:47] ==== loop 16/∞ | seed=1082114626775815843 archetype=turbo personality=minero focus=eco actions_per_loop=3 ====
[09:30:48] planet 76: building queue full (5)
[09:30:48] planet 76: building queue full (5)
[09:30:48] planet 76: building queue full (5)
[2026-05-12 09:31:33] ==== loop 17/∞ | seed=1082114626775815843 archetype=turbo personality=minero focus=eco actions_per_loop=3 ====
[09:31:35] planet 76: building queue full (5)
[09:31:35] planet 76: building queue full (5)
[09:31:35] planet 76: building queue full (5)
[09:31:35] research: blocked research_energy_technology (building_laboratory 0/1)
[2026-05-12 09:32:16] ==== loop 18/∞ | seed=1082114626775815843 archetype=turbo personality=minero focus=eco actions_per_loop=3 ====
[09:32:18] planet 76: building queue full (5)
[09:32:18] planet 76: building queue full (5)
[09:32:18] planet 76: building queue full (5)
[09:32:18] research: blocked research_energy_technology (building_laboratory 0/1)
[2026-05-12 09:32:58] ==== loop 19/∞ | seed=1082114626775815843 archetype=turbo personality=minero focus=eco actions_per_loop=3 ====
[09:33:00] planet 76: building queue full (5)
[09:33:00] planet 76: building queue full (5)
[09:33:00] planet 76: building queue full (5)
[09:33:00] research: blocked research_energy_technology (building_laboratory 0/1)
[2026-05-12 09:33:42] ==== loop 20/∞ | seed=1082114626775815843 archetype=turbo personality=minero focus=eco actions_per_loop=3 ====
[09:33:42] planet 76: queued building_crystal_mine to 18
[09:33:42] research: blocked research_energy_technology (building_laboratory 0/1)
[2026-05-12 09:34:38] ==== loop 1/∞ | seed=1082114626775815843 archetype=turbo personality=minero focus=eco actions_per_loop=3 ====
[09:34:38] planet 76: queue busy, throttled building_robot_factory
[09:34:38] planet 76: queue busy, throttled building_robot_factory
[09:34:38] planet 76: queue busy, throttled building_robot_factory
[09:34:38] research: blocked research_energy_technology (building_laboratory 0/1)
[2026-05-12 09:35:20] ==== loop 2/∞ | seed=1082114626775815843 archetype=turbo personality=minero focus=eco actions_per_loop=3 ====
[09:35:20] alliance: idle no_candidate
[09:35:20] planet 76: queue busy, throttled building_robot_factory
[09:35:20] planet 76: queue busy, throttled building_robot_factory
[09:35:20] planet 76: queue busy, throttled building_robot_factory
[2026-05-12 09:36:03] ==== loop 3/∞ | seed=1082114626775815843 archetype=turbo personality=minero focus=eco actions_per_loop=3 ====
[09:36:03] planet 76: queue busy, throttled building_robot_factory
[09:36:03] planet 76: queue busy, throttled building_robot_factory
[09:36:03] research: blocked research_energy_technology (building_laboratory 0/1)
[2026-05-12 09:36:44] ==== loop 4/∞ | seed=1082114626775815843 archetype=turbo personality=minero focus=eco actions_per_loop=3 ====
[09:36:44] planet 76: queue busy, throttled building_robot_factory
[09:36:44] planet 76: queue busy, throttled building_robot_factory
[09:36:44] planet 76: queue busy, throttled building_robot_factory
[09:36:44] research: blocked research_energy_technology (building_laboratory 0/1)
[2026-05-12 09:37:29] ==== loop 5/∞ | seed=1082114626775815843 archetype=turbo personality=minero focus=eco actions_per_loop=3 ====
[09:37:29] planet 76: queue busy, throttled building_robot_factory
[09:37:29] planet 76: queue busy, throttled building_robot_factory
[09:37:29] planet 76: queue busy, throttled building_robot_factory
[2026-05-12 09:38:10] ==== loop 6/∞ | seed=1082114626775815843 archetype=turbo personality=minero focus=eco actions_per_loop=3 ====
[09:38:10] planet 76: queue busy, throttled building_robot_factory
[09:38:10] planet 76: queue busy, throttled building_robot_factory
[09:38:10] planet 76: queue busy, throttled building_robot_factory
[09:38:10] research: blocked research_energy_technology (building_laboratory 0/1)
[2026-05-12 09:38:49] ==== loop 7/∞ | seed=1082114626775815843 archetype=turbo personality=minero focus=eco actions_per_loop=3 ====
[09:38:49] planet 76: queue busy, throttled building_robot_factory
[09:38:49] planet 76: queue busy, throttled building_robot_factory
[09:38:49] planet 76: queue busy, throttled building_robot_factory
[09:38:49] research: blocked research_energy_technology (building_laboratory 0/1)
[2026-05-12 09:39:28] ==== loop 8/∞ | seed=1082114626775815843 archetype=turbo personality=minero focus=eco actions_per_loop=3 ====
[09:39:28] planet 76: queue busy, throttled building_robot_factory
[09:39:28] planet 76: queue busy, throttled building_robot_factory
[09:39:28] planet 76: queue busy, throttled building_robot_factory
[2026-05-12 09:40:11] ==== loop 9/∞ | seed=1082114626775815843 archetype=turbo personality=minero focus=eco actions_per_loop=3 ====
[09:40:11] planet 76: queue busy, throttled building_robot_factory
[09:40:11] planet 76: queue busy, throttled building_robot_factory
[09:40:11] planet 76: queue busy, throttled building_robot_factory
[09:40:11] research: blocked research_energy_technology (building_laboratory 0/1)
[2026-05-12 09:40:56] ==== loop 10/∞ | seed=1082114626775815843 archetype=turbo personality=minero focus=eco actions_per_loop=3 ====
[09:40:56] planet 76: queue busy, throttled building_robot_factory
[09:40:56] planet 76: queue busy, throttled building_robot_factory
[09:40:56] planet 76: queue busy, throttled building_robot_factory
[09:40:56] research: blocked research_energy_technology (building_laboratory 0/1)
[2026-05-12 09:41:39] ==== loop 11/∞ | seed=1082114626775815843 archetype=turbo personality=minero focus=eco actions_per_loop=3 ====
[09:41:39] planet 76: queue busy, throttled building_robot_factory
[09:41:39] planet 76: queue busy, throttled building_robot_factory
[09:41:39] planet 76: queue busy, throttled building_robot_factory
[2026-05-12 09:42:23] ==== loop 12/∞ | seed=1082114626775815843 archetype=turbo personality=minero focus=eco actions_per_loop=3 ====
[09:42:23] planet 76: queue busy, throttled building_robot_factory
[09:42:23] planet 76: queue busy, throttled building_robot_factory
[09:42:23] planet 76: queue busy, throttled building_robot_factory
[09:42:23] research: blocked research_energy_technology (building_laboratory 0/1)
[2026-05-12 09:43:07] ==== loop 13/∞ | seed=1082114626775815843 archetype=turbo personality=minero focus=eco actions_per_loop=3 ====
[09:43:07] planet 76: queue busy, throttled building_robot_factory
[09:43:07] planet 76: queue busy, throttled building_robot_factory
[09:43:07] planet 76: queue busy, throttled building_robot_factory
[09:43:07] research: blocked research_energy_technology (building_laboratory 0/1)
[2026-05-12 09:43:52] ==== loop 14/∞ | seed=1082114626775815843 archetype=turbo personality=minero focus=eco actions_per_loop=3 ====
[09:43:52] planet 76: queue busy, throttled building_robot_factory
[09:43:52] planet 76: queue busy, throttled building_robot_factory
[09:43:52] planet 76: queue busy, throttled building_robot_factory
[2026-05-12 09:44:31] ==== loop 15/∞ | seed=1082114626775815843 archetype=turbo personality=minero focus=eco actions_per_loop=3 ====
[09:44:31] planet 76: queue busy, throttled building_robot_factory
[09:44:31] planet 76: queue busy, throttled building_robot_factory
[09:44:31] planet 76: queue busy, throttled building_robot_factory
[2026-05-12 09:45:15] ==== loop 16/∞ | seed=1082114626775815843 archetype=turbo personality=minero focus=eco actions_per_loop=3 ====
[09:45:15] planet 76: queue busy, throttled building_robot_factory
[09:45:15] planet 76: queue busy, throttled building_robot_factory
[09:45:15] planet 76: queue busy, throttled building_robot_factory
[2026-05-12 09:46:01] ==== loop 17/∞ | seed=1082114626775815843 archetype=turbo personality=minero focus=eco actions_per_loop=3 ====
[09:46:01] planet 76: queue busy, throttled building_robot_factory
[09:46:01] planet 76: queue busy, throttled building_robot_factory
[09:46:01] planet 76: queue busy, throttled building_robot_factory
[09:46:01] research: blocked research_energy_technology (building_laboratory 0/1)
[2026-05-12 09:46:46] ==== loop 18/∞ | seed=1082114626775815843 archetype=turbo personality=minero focus=eco actions_per_loop=3 ====
[09:46:46] planet 76: queue busy, throttled building_robot_factory
[09:46:46] planet 76: queue busy, throttled building_robot_factory
[09:46:46] research: blocked research_energy_technology (building_laboratory 0/1)
[2026-05-12 09:47:30] ==== loop 19/∞ | seed=1082114626775815843 archetype=turbo personality=minero focus=eco actions_per_loop=3 ====
[09:47:30] planet 76: queue busy, throttled building_robot_factory
[09:47:30] planet 76: queue busy, throttled building_robot_factory
[09:47:30] planet 76: queue busy, throttled building_robot_factory
[09:47:30] research: blocked research_energy_technology (building_laboratory 0/1)
[2026-05-12 09:48:14] ==== loop 20/∞ | seed=1082114626775815843 archetype=turbo personality=minero focus=eco actions_per_loop=3 ====
[09:48:16] planet 76: building queue full (5)
[09:48:16] planet 76: building queue full (5)
[09:48:16] planet 76: building queue full (5)
[2026-05-12 09:49:00] ==== loop 21/∞ | seed=1082114626775815843 archetype=turbo personality=minero focus=eco actions_per_loop=3 ====
[09:49:02] planet 76: building queue full (5)
[09:49:02] planet 76: building queue full (5)
[09:49:02] planet 76: building queue full (5)
[2026-05-12 09:49:48] ==== loop 22/∞ | seed=1082114626775815843 archetype=turbo personality=minero focus=eco actions_per_loop=3 ====
[09:49:50] alliance: idle no_candidate
[09:49:50] planet 76: building queue full (5)
[09:49:50] planet 76: building queue full (5)
[09:49:50] planet 76: building queue full (5)
[2026-05-12 09:50:29] ==== loop 23/∞ | seed=1082114626775815843 archetype=turbo personality=minero focus=eco actions_per_loop=3 ====
[09:50:31] planet 76: building queue full (5)
[09:50:31] planet 76: building queue full (5)
[09:50:31] planet 76: building queue full (5)
[2026-05-12 09:51:12] ==== loop 24/∞ | seed=1082114626775815843 archetype=turbo personality=minero focus=eco actions_per_loop=3 ====
[09:51:15] planet 76: building queue full (5)
[09:51:15] planet 76: building queue full (5)
[09:51:15] planet 76: building queue full (5)
[09:51:15] research: blocked research_energy_technology (building_laboratory 0/1)
[2026-05-12 09:51:52] ==== loop 25/∞ | seed=1082114626775815843 archetype=turbo personality=minero focus=eco actions_per_loop=3 ====
[09:51:54] planet 76: building queue full (5)
[09:51:54] planet 76: building queue full (5)
[09:51:54] planet 76: building queue full (5)
[09:51:54] research: blocked research_energy_technology (building_laboratory 0/1)
[2026-05-12 09:52:32] ==== loop 26/∞ | seed=1082114626775815843 archetype=turbo personality=minero focus=eco actions_per_loop=3 ====
[09:52:34] planet 76: building queue full (5)
[09:52:34] planet 76: building queue full (5)
[09:52:34] planet 76: building queue full (5)
[09:52:34] research: blocked research_energy_technology (building_laboratory 0/1)
[2026-05-12 09:53:11] ==== loop 27/∞ | seed=1082114626775815843 archetype=turbo personality=minero focus=eco actions_per_loop=3 ====
[09:53:13] planet 76: building queue full (5)
[09:53:13] planet 76: building queue full (5)
[09:53:13] planet 76: building queue full (5)
[09:53:13] research: blocked research_energy_technology (building_laboratory 0/1)
[2026-05-12 09:53:55] ==== loop 28/∞ | seed=1082114626775815843 archetype=turbo personality=minero focus=eco actions_per_loop=3 ====
[09:53:57] planet 76: building queue full (5)
[09:53:57] planet 76: building queue full (5)
[09:53:57] planet 76: building queue full (5)
[09:53:57] research: blocked research_energy_technology (building_laboratory 0/1)
[2026-05-12 09:54:42] ==== loop 29/∞ | seed=1082114626775815843 archetype=turbo personality=minero focus=eco actions_per_loop=3 ====
[09:54:44] planet 76: building queue full (5)
[09:54:44] planet 76: building queue full (5)
[09:54:44] planet 76: building queue full (5)
[2026-05-12 09:55:23] ==== loop 30/∞ | seed=1082114626775815843 archetype=turbo personality=minero focus=eco actions_per_loop=3 ====
[09:55:24] planet 76: building queue full (5)
[09:55:24] planet 76: building queue full (5)
[09:55:24] planet 76: building queue full (5)
[2026-05-12 09:56:09] ==== loop 31/∞ | seed=1082114626775815843 archetype=turbo personality=minero focus=eco actions_per_loop=3 ====
[09:56:11] planet 76: building queue full (5)
[09:56:11] planet 76: building queue full (5)
[09:56:11] planet 76: building queue full (5)
[09:56:11] research: blocked research_energy_technology (building_laboratory 0/1)
[2026-05-12 09:56:56] ==== loop 32/∞ | seed=1082114626775815843 archetype=turbo personality=minero focus=eco actions_per_loop=3 ====
[09:56:57] planet 76: building queue full (5)
[09:56:57] planet 76: building queue full (5)
[09:56:57] planet 76: building queue full (5)
[2026-05-12 09:57:40] ==== loop 33/∞ | seed=1082114626775815843 archetype=turbo personality=minero focus=eco actions_per_loop=3 ====
[09:57:42] planet 76: building queue full (5)
[09:57:42] planet 76: building queue full (5)
[09:57:42] planet 76: building queue full (5)
[2026-05-12 09:58:26] ==== loop 34/∞ | seed=1082114626775815843 archetype=turbo personality=minero focus=eco actions_per_loop=3 ====
[09:58:28] planet 76: building queue full (5)
[09:58:28] planet 76: building queue full (5)
[09:58:28] planet 76: building queue full (5)
[09:58:28] research: blocked research_energy_technology (building_laboratory 0/1)
[2026-05-12 09:59:10] ==== loop 35/∞ | seed=1082114626775815843 archetype=turbo personality=minero focus=eco actions_per_loop=3 ====
[09:59:13] planet 76: building queue full (5)
[09:59:13] planet 76: building queue full (5)
[09:59:13] planet 76: building queue full (5)
[09:59:13] research: blocked research_energy_technology (building_laboratory 0/1)
[2026-05-12 09:59:53] ==== loop 36/∞ | seed=1082114626775815843 archetype=turbo personality=minero focus=eco actions_per_loop=3 ====
[09:59:54] planet 76: building queue full (5)
[09:59:54] planet 76: building queue full (5)
[09:59:54] planet 76: building queue full (5)
[2026-05-12 10:00:35] ==== loop 37/∞ | seed=1082114626775815843 archetype=turbo personality=minero focus=eco actions_per_loop=3 ====
[10:00:37] planet 76: building queue full (5)
[10:00:37] planet 76: building queue full (5)
[10:00:37] planet 76: building queue full (5)
[2026-05-12 10:01:21] ==== loop 38/∞ | seed=1082114626775815843 archetype=turbo personality=minero focus=eco actions_per_loop=3 ====
[10:01:23] planet 76: building queue full (5)
[10:01:23] planet 76: building queue full (5)
[10:01:23] planet 76: building queue full (5)
[2026-05-12 10:02:04] ==== loop 39/∞ | seed=1082114626775815843 archetype=turbo personality=minero focus=eco actions_per_loop=3 ====
[10:02:06] planet 76: building queue full (5)
[10:02:06] planet 76: building queue full (5)
[10:02:06] planet 76: building queue full (5)
[10:02:06] research: blocked research_energy_technology (building_laboratory 0/1)
[2026-05-12 10:02:45] ==== loop 40/∞ | seed=1082114626775815843 archetype=turbo personality=minero focus=eco actions_per_loop=3 ====
[10:02:48] planet 76: building queue full (5)
[10:02:48] planet 76: building queue full (5)
[10:02:48] planet 76: building queue full (5)
[10:02:48] research: blocked research_energy_technology (building_laboratory 0/1)
[2026-05-12 10:03:28] ==== loop 41/∞ | seed=1082114626775815843 archetype=turbo personality=minero focus=eco actions_per_loop=3 ====
[10:03:31] planet 76: building queue full (5)
[10:03:31] planet 76: building queue full (5)
[10:03:31] planet 76: building queue full (5)
[2026-05-12 10:04:11] ==== loop 42/∞ | seed=1082114626775815843 archetype=turbo personality=minero focus=eco actions_per_loop=3 ====
[10:04:13] alliance: idle no_candidate
[10:04:13] planet 76: building queue full (5)
[10:04:13] planet 76: building queue full (5)
[10:04:13] planet 76: building queue full (5)
[10:04:13] research: blocked research_energy_technology (building_laboratory 0/1)
[2026-05-12 10:04:53] ==== loop 43/∞ | seed=1082114626775815843 archetype=turbo personality=minero focus=eco actions_per_loop=3 ====
[10:04:55] planet 76: building queue full (5)
[10:04:55] planet 76: building queue full (5)
[10:04:55] planet 76: building queue full (5)
[10:04:55] research: blocked research_energy_technology (building_laboratory 0/1)
[2026-05-12 10:05:40] ==== loop 44/∞ | seed=1082114626775815843 archetype=turbo personality=minero focus=eco actions_per_loop=3 ====
[10:05:43] planet 76: building queue full (5)
[10:05:43] planet 76: building queue full (5)
[10:05:43] planet 76: building queue full (5)
[2026-05-12 10:06:24] ==== loop 45/∞ | seed=1082114626775815843 archetype=turbo personality=minero focus=eco actions_per_loop=3 ====
[10:06:27] planet 76: building queue full (5)
[10:06:27] planet 76: building queue full (5)
[10:06:27] planet 76: building queue full (5)
[10:06:27] research: blocked research_energy_technology (building_laboratory 0/1)
[2026-05-12 10:07:11] ==== loop 46/∞ | seed=1082114626775815843 archetype=turbo personality=minero focus=eco actions_per_loop=3 ====
[10:07:12] planet 76: building queue full (5)
[10:07:12] planet 76: building queue full (5)
[10:07:12] planet 76: building queue full (5)
[10:07:12] research: blocked research_energy_technology (building_laboratory 0/1)
[2026-05-12 10:07:55] ==== loop 47/∞ | seed=1082114626775815843 archetype=turbo personality=minero focus=eco actions_per_loop=3 ====
[10:07:57] planet 76: building queue full (5)
[10:07:57] planet 76: building queue full (5)
[10:07:57] planet 76: building queue full (5)
[2026-05-12 10:08:37] ==== loop 48/∞ | seed=1082114626775815843 archetype=turbo personality=minero focus=eco actions_per_loop=3 ====
[10:08:40] planet 76: building queue full (5)
[10:08:40] planet 76: building queue full (5)
[10:08:40] planet 76: building queue full (5)
[10:08:40] research: blocked research_energy_technology (building_laboratory 0/1)
[2026-05-12 10:09:21] ==== loop 49/∞ | seed=1082114626775815843 archetype=turbo personality=minero focus=eco actions_per_loop=3 ====
[10:09:22] planet 76: building queue full (5)
[10:09:22] planet 76: building queue full (5)
[10:09:22] planet 76: building queue full (5)
[10:09:22] research: blocked research_energy_technology (building_laboratory 0/1)
[2026-05-12 10:10:04] ==== loop 50/∞ | seed=1082114626775815843 archetype=turbo personality=minero focus=eco actions_per_loop=3 ====
[10:10:06] planet 76: building queue full (5)
[10:10:06] planet 76: building queue full (5)
[10:10:06] planet 76: building queue full (5)
[2026-05-12 10:10:45] ==== loop 51/∞ | seed=1082114626775815843 archetype=turbo personality=minero focus=eco actions_per_loop=3 ====
[10:10:45] planet 76: queued building_crystal_store to 3
[10:10:45] research: blocked research_energy_technology (building_laboratory 0/1)
[2026-05-12 10:11:35] ==== loop 1/∞ | seed=1082114626775815843 archetype=turbo personality=minero focus=eco actions_per_loop=3 ====
[10:11:35] planet 76: queue busy, throttled building_laboratory
[10:11:35] planet 76: queue busy, throttled building_laboratory
[10:11:35] planet 76: queue busy, throttled building_laboratory
[2026-05-12 10:12:08] ==== loop 2/∞ | seed=1082114626775815843 archetype=turbo personality=minero focus=eco actions_per_loop=3 ====
[10:12:08] planet 76: queue busy, throttled building_laboratory
[10:12:08] planet 76: queue busy, throttled building_laboratory
[10:12:08] planet 76: queue busy, throttled building_laboratory
[10:12:08] research: blocked research_energy_technology (building_laboratory 0/1)
[2026-05-12 10:12:44] ==== loop 3/∞ | seed=1082114626775815843 archetype=turbo personality=minero focus=eco actions_per_loop=3 ====
[10:12:44] planet 76: queue busy, throttled building_laboratory
[10:12:44] planet 76: queue busy, throttled building_laboratory
[10:12:44] planet 76: queue busy, throttled building_laboratory
[10:12:44] research: blocked research_energy_technology (building_laboratory 0/1)
[2026-05-12 10:13:18] ==== loop 4/∞ | seed=1082114626775815843 archetype=turbo personality=minero focus=eco actions_per_loop=3 ====
[10:13:18] planet 76: queue busy, throttled building_laboratory
[10:13:18] planet 76: queue busy, throttled building_laboratory
[10:13:18] planet 76: queue busy, throttled building_laboratory
[2026-05-12 10:13:49] ==== loop 5/∞ | seed=1082114626775815843 archetype=turbo personality=minero focus=eco actions_per_loop=3 ====
[10:13:49] planet 76: queue busy, throttled building_laboratory
[10:13:49] planet 76: queue busy, throttled building_laboratory
[10:13:49] planet 76: queue busy, throttled building_laboratory
[10:13:49] research: blocked research_energy_technology (building_laboratory 0/1)
[2026-05-12 10:14:25] ==== loop 6/∞ | seed=1082114626775815843 archetype=turbo personality=minero focus=eco actions_per_loop=3 ====
[10:14:26] planet 76: queued building_laboratory to 1
[10:14:26] research: blocked research_energy_technology (building_laboratory 0/1)
[2026-05-12 10:15:02] ==== loop 7/∞ | seed=1082114626775815843 archetype=turbo personality=minero focus=eco actions_per_loop=3 ====
[10:15:02] planet 76: queue busy, throttled building_laboratory
[10:15:02] planet 76: queue busy, throttled building_laboratory
[10:15:02] planet 76: queue busy, throttled building_laboratory
[2026-05-12 10:15:43] ==== loop 8/∞ | seed=1082114626775815843 archetype=turbo personality=minero focus=eco actions_per_loop=3 ====
[10:15:43] planet 76: queue busy, throttled building_laboratory
[10:15:43] planet 76: queue busy, throttled building_laboratory
[10:15:43] planet 76: queue busy, throttled building_laboratory
[10:15:43] research: blocked research_energy_technology (building_laboratory 0/1)
[2026-05-12 10:16:20] ==== loop 9/∞ | seed=1082114626775815843 archetype=turbo personality=minero focus=eco actions_per_loop=3 ====
[10:16:20] planet 76: queue busy, throttled building_laboratory
[10:16:20] planet 76: queue busy, throttled building_laboratory
[10:16:20] planet 76: queue busy, throttled building_laboratory
[10:16:20] research: blocked research_energy_technology (building_laboratory 0/1)
[2026-05-12 10:16:58] ==== loop 10/∞ | seed=1082114626775815843 archetype=turbo personality=minero focus=eco actions_per_loop=3 ====
[10:16:58] planet 76: queue busy, throttled building_laboratory
[10:16:58] planet 76: queue busy, throttled building_laboratory
[10:16:58] planet 76: queue busy, throttled building_laboratory
[10:16:58] research: blocked research_energy_technology (building_laboratory 0/1)
[2026-05-12 10:17:36] ==== loop 11/∞ | seed=1082114626775815843 archetype=turbo personality=minero focus=eco actions_per_loop=3 ====
[10:17:36] alliance: idle no_candidate
[10:17:36] planet 76: queue busy, throttled building_laboratory
[10:17:36] planet 76: queue busy, throttled building_laboratory
[10:17:36] planet 76: queue busy, throttled building_laboratory
[10:17:36] research: blocked research_energy_technology (building_laboratory 0/1)
[2026-05-12 10:18:14] ==== loop 12/∞ | seed=1082114626775815843 archetype=turbo personality=minero focus=eco actions_per_loop=3 ====
[10:18:14] planet 76: queue busy, throttled building_laboratory
[10:18:14] planet 76: queue busy, throttled building_laboratory
[10:18:14] planet 76: queue busy, throttled building_laboratory
[10:18:14] research: blocked research_energy_technology (building_laboratory 0/1)
[2026-05-12 10:18:50] ==== loop 13/∞ | seed=1082114626775815843 archetype=turbo personality=minero focus=eco actions_per_loop=3 ====
[10:18:50] planet 76: queue busy, throttled building_laboratory
[10:18:50] planet 76: queue busy, throttled building_laboratory
[10:18:50] planet 76: queue busy, throttled building_laboratory
[10:18:50] research: blocked research_energy_technology (building_laboratory 0/1)
[2026-05-12 10:19:28] ==== loop 14/∞ | seed=1082114626775815843 archetype=turbo personality=minero focus=eco actions_per_loop=3 ====
[10:19:28] planet 76: queue busy, throttled building_laboratory
[10:19:28] planet 76: queue busy, throttled building_laboratory
[10:19:28] planet 76: queue busy, throttled building_laboratory
[10:19:28] research: blocked research_energy_technology (building_laboratory 0/1)
[2026-05-12 10:20:05] ==== loop 15/∞ | seed=1082114626775815843 archetype=turbo personality=minero focus=eco actions_per_loop=3 ====
[10:20:05] planet 76: queue busy, throttled building_laboratory
[10:20:05] planet 76: queue busy, throttled building_laboratory
[10:20:05] planet 76: queue busy, throttled building_laboratory
[2026-05-12 10:20:45] ==== loop 16/∞ | seed=1082114626775815843 archetype=turbo personality=minero focus=eco actions_per_loop=3 ====
[10:20:45] planet 76: queue busy, throttled building_laboratory
[10:20:45] planet 76: queue busy, throttled building_laboratory
[10:20:45] planet 76: queue busy, throttled building_laboratory
[2026-05-12 10:21:21] ==== loop 17/∞ | seed=1082114626775815843 archetype=turbo personality=minero focus=eco actions_per_loop=3 ====
[10:21:21] planet 76: queue busy, throttled building_laboratory
[10:21:21] planet 76: queue busy, throttled building_laboratory
[10:21:21] planet 76: queue busy, throttled building_laboratory
[10:21:21] research: blocked research_energy_technology (building_laboratory 0/1)
[2026-05-12 10:21:56] ==== loop 18/∞ | seed=1082114626775815843 archetype=turbo personality=minero focus=eco actions_per_loop=3 ====
[10:21:56] planet 76: queue busy, throttled building_laboratory
[10:21:56] planet 76: queue busy, throttled building_laboratory
[10:21:56] planet 76: queue busy, throttled building_laboratory
[10:21:56] research: blocked research_energy_technology (building_laboratory 0/1)
[2026-05-12 10:22:34] ==== loop 19/∞ | seed=1082114626775815843 archetype=turbo personality=minero focus=eco actions_per_loop=3 ====
[10:22:34] planet 76: queue busy, throttled building_laboratory
[10:22:34] planet 76: queue busy, throttled building_laboratory
[10:22:34] planet 76: queue busy, throttled building_laboratory
[2026-05-12 10:23:09] ==== loop 20/∞ | seed=1082114626775815843 archetype=turbo personality=minero focus=eco actions_per_loop=3 ====
[10:23:09] planet 76: queue busy, throttled building_laboratory
[10:23:09] planet 76: queue busy, throttled building_laboratory
[10:23:09] planet 76: queue busy, throttled building_laboratory
[10:23:09] research: blocked research_energy_technology (building_laboratory 0/1)
[2026-05-12 10:23:47] ==== loop 21/∞ | seed=1082114626775815843 archetype=turbo personality=minero focus=eco actions_per_loop=3 ====
[10:23:47] planet 76: queue busy, throttled building_laboratory
[10:23:47] planet 76: queue busy, throttled building_laboratory
[10:23:47] planet 76: queue busy, throttled building_laboratory
[10:23:47] research: blocked research_energy_technology (building_laboratory 0/1)
[2026-05-12 10:24:24] ==== loop 22/∞ | seed=1082114626775815843 archetype=turbo personality=minero focus=eco actions_per_loop=3 ====
[10:24:24] planet 76: queue busy, throttled building_laboratory
[10:24:24] planet 76: queue busy, throttled building_laboratory
[10:24:24] planet 76: queue busy, throttled building_laboratory
[10:24:24] research: blocked research_energy_technology (building_laboratory 0/1)
[2026-05-12 10:24:59] ==== loop 23/∞ | seed=1082114626775815843 archetype=turbo personality=minero focus=eco actions_per_loop=3 ====
[10:24:59] planet 76: queue busy, throttled building_laboratory
[10:24:59] planet 76: queue busy, throttled building_laboratory
[10:24:59] planet 76: queue busy, throttled building_laboratory
[10:24:59] research: blocked research_energy_technology (building_laboratory 0/1)
[2026-05-12 10:25:37] ==== loop 24/∞ | seed=1082114626775815843 archetype=turbo personality=minero focus=eco actions_per_loop=3 ====
[10:25:37] planet 76: queue busy, throttled building_laboratory
[10:25:37] planet 76: queue busy, throttled building_laboratory
[10:25:37] planet 76: queue busy, throttled building_laboratory
[10:25:37] research: blocked research_energy_technology (building_laboratory 0/1)
[2026-05-12 10:26:15] ==== loop 25/∞ | seed=1082114626775815843 archetype=turbo personality=minero focus=eco actions_per_loop=3 ====
[10:26:15] planet 76: queue busy, throttled building_laboratory
[10:26:15] planet 76: queue busy, throttled building_laboratory
[10:26:15] planet 76: queue busy, throttled building_laboratory
[2026-05-12 10:26:51] ==== loop 26/∞ | seed=1082114626775815843 archetype=turbo personality=minero focus=eco actions_per_loop=3 ====
[10:26:51] planet 76: queue busy, throttled building_laboratory
[10:26:51] planet 76: queue busy, throttled building_laboratory
[10:26:51] planet 76: queue busy, throttled building_laboratory
[10:26:51] research: blocked research_energy_technology (building_laboratory 0/1)
[2026-05-12 10:27:31] ==== loop 27/∞ | seed=1082114626775815843 archetype=turbo personality=minero focus=eco actions_per_loop=3 ====
[10:27:31] planet 76: queue busy, throttled building_laboratory
[10:27:31] planet 76: queue busy, throttled building_laboratory
[10:27:31] planet 76: queue busy, throttled building_laboratory
[10:27:31] research: blocked research_energy_technology (building_laboratory 0/1)
[2026-05-12 10:28:11] ==== loop 28/∞ | seed=1082114626775815843 archetype=turbo personality=minero focus=eco actions_per_loop=3 ====
[10:28:11] planet 76: queue busy, throttled building_laboratory
[10:28:11] planet 76: queue busy, throttled building_laboratory
[10:28:11] planet 76: queue busy, throttled building_laboratory
[10:28:11] research: blocked research_energy_technology (building_laboratory 0/1)
[2026-05-12 10:28:52] ==== loop 29/∞ | seed=1082114626775815843 archetype=turbo personality=minero focus=eco actions_per_loop=3 ====
[10:28:52] planet 76: queue busy, throttled building_laboratory
[10:28:52] planet 76: queue busy, throttled building_laboratory
[10:28:52] planet 76: queue busy, throttled building_laboratory
[2026-05-12 10:29:30] ==== loop 30/∞ | seed=1082114626775815843 archetype=turbo personality=minero focus=eco actions_per_loop=3 ====
[10:29:30] planet 76: queue busy, throttled building_laboratory
[10:29:30] planet 76: queue busy, throttled building_laboratory
[10:29:30] planet 76: queue busy, throttled building_laboratory
[2026-05-12 10:30:07] ==== loop 31/∞ | seed=1082114626775815843 archetype=turbo personality=minero focus=eco actions_per_loop=3 ====
[10:30:07] alliance: idle no_candidate
[10:30:07] planet 76: queue busy, throttled building_laboratory
[10:30:07] planet 76: queue busy, throttled building_laboratory
[10:30:07] planet 76: queue busy, throttled building_laboratory
[10:30:07] research: blocked research_energy_technology (building_laboratory 0/1)
[2026-05-12 10:30:45] ==== loop 32/∞ | seed=1082114626775815843 archetype=turbo personality=minero focus=eco actions_per_loop=3 ====
[10:30:45] planet 76: queue busy, throttled building_laboratory
[10:30:45] planet 76: queue busy, throttled building_laboratory
[10:30:45] planet 76: queue busy, throttled building_laboratory
[10:30:45] research: blocked research_energy_technology (building_laboratory 0/1)
[2026-05-12 10:31:25] ==== loop 33/∞ | seed=1082114626775815843 archetype=turbo personality=minero focus=eco actions_per_loop=3 ====
[10:31:25] planet 76: queue busy, throttled building_laboratory
[10:31:25] planet 76: queue busy, throttled building_laboratory
[10:31:25] planet 76: queue busy, throttled building_laboratory
[2026-05-12 10:32:07] ==== loop 34/∞ | seed=1082114626775815843 archetype=turbo personality=minero focus=eco actions_per_loop=3 ====
[10:32:07] planet 76: queue busy, throttled building_laboratory
[10:32:07] planet 76: queue busy, throttled building_laboratory
[10:32:07] planet 76: queue busy, throttled building_laboratory
[10:32:07] research: blocked research_energy_technology (building_laboratory 0/1)
[2026-05-12 10:32:52] ==== loop 35/∞ | seed=1082114626775815843 archetype=turbo personality=minero focus=eco actions_per_loop=3 ====
[10:32:52] planet 76: queue busy, throttled building_laboratory
[10:32:52] planet 76: queue busy, throttled building_laboratory
[10:32:52] planet 76: queue busy, throttled building_laboratory
[10:32:52] research: blocked research_energy_technology (building_laboratory 0/1)
[2026-05-12 10:33:35] ==== loop 36/∞ | seed=1082114626775815843 archetype=turbo personality=minero focus=eco actions_per_loop=3 ====
[10:33:35] planet 76: queue busy, throttled building_laboratory
[10:33:35] planet 76: queue busy, throttled building_laboratory
[10:33:35] planet 76: queue busy, throttled building_laboratory
[2026-05-12 10:34:16] ==== loop 37/∞ | seed=1082114626775815843 archetype=turbo personality=minero focus=eco actions_per_loop=3 ====
[10:34:16] planet 76: queue busy, throttled building_laboratory
[10:34:16] planet 76: queue busy, throttled building_laboratory
[10:34:16] planet 76: queue busy, throttled building_laboratory
[2026-05-12 10:34:59] ==== loop 38/∞ | seed=1082114626775815843 archetype=turbo personality=minero focus=eco actions_per_loop=3 ====
[10:34:59] planet 76: queue busy, throttled building_laboratory
[10:34:59] planet 76: queue busy, throttled building_laboratory
[10:34:59] planet 76: queue busy, throttled building_laboratory
[10:34:59] research: blocked research_energy_technology (building_laboratory 0/1)
[2026-05-12 10:35:35] ==== loop 39/∞ | seed=1082114626775815843 archetype=turbo personality=minero focus=eco actions_per_loop=3 ====
[10:35:35] planet 76: queue busy, throttled building_laboratory
[10:35:35] planet 76: queue busy, throttled building_laboratory
[10:35:35] planet 76: queue busy, throttled building_laboratory
[2026-05-12 10:36:15] ==== loop 40/∞ | seed=1082114626775815843 archetype=turbo personality=minero focus=eco actions_per_loop=3 ====
[10:36:15] planet 76: queue busy, throttled building_laboratory
[10:36:15] planet 76: queue busy, throttled building_laboratory
[10:36:15] planet 76: queue busy, throttled building_laboratory
[10:36:15] research: blocked research_energy_technology (building_laboratory 0/1)
[2026-05-12 10:36:59] ==== loop 41/∞ | seed=1082114626775815843 archetype=turbo personality=minero focus=eco actions_per_loop=3 ====
[10:36:59] planet 76: queue busy, throttled building_laboratory
[10:36:59] planet 76: queue busy, throttled building_laboratory
[10:36:59] planet 76: queue busy, throttled building_laboratory
[2026-05-12 10:37:48] ==== loop 42/∞ | seed=1082114626775815843 archetype=turbo personality=minero focus=eco actions_per_loop=3 ====
[10:37:48] planet 76: queue busy, throttled building_laboratory
[10:37:48] planet 76: queue busy, throttled building_laboratory
[10:37:48] planet 76: queue busy, throttled building_laboratory
[10:37:48] research: blocked research_energy_technology (building_laboratory 0/1)
[2026-05-12 10:38:30] ==== loop 43/∞ | seed=1082114626775815843 archetype=turbo personality=minero focus=eco actions_per_loop=3 ====
[10:38:30] planet 76: queue busy, throttled building_laboratory
[10:38:30] planet 76: queue busy, throttled building_laboratory
[10:38:30] planet 76: queue busy, throttled building_laboratory
[2026-05-12 10:39:15] ==== loop 44/∞ | seed=1082114626775815843 archetype=turbo personality=minero focus=eco actions_per_loop=3 ====
[10:39:15] planet 76: queue busy, throttled building_laboratory
[10:39:15] planet 76: queue busy, throttled building_laboratory
[2026-05-12 10:40:02] ==== loop 45/∞ | seed=1082114626775815843 archetype=turbo personality=minero focus=eco actions_per_loop=3 ====
[10:40:02] planet 76: queue busy, throttled building_laboratory
[10:40:02] planet 76: queue busy, throttled building_laboratory
[10:40:02] planet 76: queue busy, throttled building_laboratory
[10:40:02] research: blocked research_energy_technology (building_laboratory 0/1)
[2026-05-12 10:40:37] ==== loop 46/∞ | seed=1082114626775815843 archetype=turbo personality=minero focus=eco actions_per_loop=3 ====
[10:40:37] planet 76: queue busy, throttled building_laboratory
[10:40:37] planet 76: queue busy, throttled building_laboratory
[10:40:37] planet 76: queue busy, throttled building_laboratory
[10:40:37] research: blocked research_energy_technology (building_laboratory 0/1)
[2026-05-12 10:41:21] ==== loop 47/∞ | seed=1082114626775815843 archetype=turbo personality=minero focus=eco actions_per_loop=3 ====
[10:41:21] planet 76: queue busy, throttled building_laboratory
[10:41:21] planet 76: queue busy, throttled building_laboratory
[10:41:21] planet 76: queue busy, throttled building_laboratory
[10:41:21] research: blocked research_energy_technology (building_laboratory 0/1)
[2026-05-12 10:42:02] ==== loop 48/∞ | seed=1082114626775815843 archetype=turbo personality=minero focus=eco actions_per_loop=3 ====
[10:42:02] planet 76: queue busy, throttled building_laboratory
[10:42:02] planet 76: queue busy, throttled building_laboratory
[10:42:02] planet 76: queue busy, throttled building_laboratory
[2026-05-12 10:42:41] ==== loop 49/∞ | seed=1082114626775815843 archetype=turbo personality=minero focus=eco actions_per_loop=3 ====
[10:42:41] planet 76: queue busy, throttled building_laboratory
[10:42:41] planet 76: queue busy, throttled building_laboratory
[10:42:41] planet 76: queue busy, throttled building_laboratory
[10:42:41] research: blocked research_energy_technology (building_laboratory 0/1)
[2026-05-12 10:43:29] ==== loop 50/∞ | seed=1082114626775815843 archetype=turbo personality=minero focus=eco actions_per_loop=3 ====
[10:43:29] planet 76: queue busy, throttled building_laboratory
[10:43:29] planet 76: queue busy, throttled building_laboratory
[10:43:29] planet 76: queue busy, throttled building_laboratory
[2026-05-12 10:44:14] ==== loop 51/∞ | seed=1082114626775815843 archetype=turbo personality=minero focus=eco actions_per_loop=3 ====
[10:44:14] alliance: idle no_candidate
[10:44:14] planet 76: queue busy, throttled building_laboratory
[10:44:14] planet 76: queue busy, throttled building_laboratory
[10:44:14] planet 76: queue busy, throttled building_laboratory
[2026-05-12 10:45:00] ==== loop 1/∞ | seed=1082114626775815843 archetype=turbo personality=minero focus=eco actions_per_loop=3 ====
[10:45:00] planet 76: queue busy, throttled building_laboratory
[10:45:00] planet 76: queue busy, throttled building_laboratory
[10:45:00] planet 76: queue busy, throttled building_laboratory
[2026-05-12 10:45:46] ==== loop 2/∞ | seed=1082114626775815843 archetype=turbo personality=minero focus=eco actions_per_loop=3 ====
[10:45:46] planet 76: queue busy, throttled building_laboratory
[10:45:46] planet 76: queue busy, throttled building_laboratory
[10:45:46] planet 76: queue busy, throttled building_laboratory
[10:45:46] research: blocked research_energy_technology (building_laboratory 0/1)
[2026-05-12 10:46:29] ==== loop 3/∞ | seed=1082114626775815843 archetype=turbo personality=minero focus=eco actions_per_loop=3 ====
[10:46:29] planet 76: queue busy, throttled building_laboratory
[10:46:29] planet 76: queue busy, throttled building_laboratory
[10:46:29] planet 76: queue busy, throttled building_laboratory
[10:46:29] research: blocked research_energy_technology (building_laboratory 0/1)
[2026-05-12 10:47:08] ==== loop 4/∞ | seed=1082114626775815843 archetype=turbo personality=minero focus=eco actions_per_loop=3 ====
[10:47:08] planet 76: queue busy, throttled building_laboratory
[10:47:08] planet 76: queue busy, throttled building_laboratory
[10:47:08] planet 76: queue busy, throttled building_laboratory
[10:47:08] research: blocked research_energy_technology (building_laboratory 0/1)
[2026-05-12 10:47:50] ==== loop 5/∞ | seed=1082114626775815843 archetype=turbo personality=minero focus=eco actions_per_loop=3 ====
[10:47:50] planet 76: queue busy, throttled building_laboratory
[10:47:50] planet 76: queue busy, throttled building_laboratory
[10:47:50] planet 76: queue busy, throttled building_laboratory
[10:47:50] research: blocked research_energy_technology (building_laboratory 0/1)
[2026-05-12 10:48:30] ==== loop 6/∞ | seed=1082114626775815843 archetype=turbo personality=minero focus=eco actions_per_loop=3 ====
[10:48:30] planet 76: queued building_laboratory to 2
[10:48:30] research: queued research_energy_technology on planet 76 (5s)
[2026-05-12 10:49:08] ==== loop 7/∞ | seed=1082114626775815843 archetype=turbo personality=minero focus=eco actions_per_loop=3 ====
[10:49:08] planet 76: queued building_laboratory to 3
[2026-05-12 10:49:46] ==== loop 8/∞ | seed=1082114626775815843 archetype=turbo personality=minero focus=eco actions_per_loop=3 ====
[10:49:47] planet 76: queued building_metal_mine to 16
[10:49:47] research: already in progress
[2026-05-12 10:50:34] ==== loop 9/∞ | seed=1082114626775815843 archetype=turbo personality=minero focus=eco actions_per_loop=3 ====
[10:50:35] planet 76: building queue full (5)
[10:50:35] planet 76: building queue full (5)
[10:50:35] planet 76: building queue full (5)
[2026-05-12 10:51:19] ==== loop 10/∞ | seed=1082114626775815843 archetype=turbo personality=minero focus=eco actions_per_loop=3 ====
[10:51:20] planet 76: building queue full (5)
[10:51:20] planet 76: building queue full (5)
[10:51:20] research: already in progress
[2026-05-12 10:52:05] ==== loop 11/∞ | seed=1082114626775815843 archetype=turbo personality=minero focus=eco actions_per_loop=3 ====
[10:52:07] planet 76: building queue full (5)
[10:52:07] planet 76: building queue full (5)
[10:52:07] planet 76: building queue full (5)
[10:52:07] research: already in progress
[2026-05-12 10:52:47] ==== loop 12/∞ | seed=1082114626775815843 archetype=turbo personality=minero focus=eco actions_per_loop=3 ====
[10:52:47] planet 76: queued building_metal_mine to 17
[2026-05-12 10:53:32] ==== loop 13/∞ | seed=1082114626775815843 archetype=turbo personality=minero focus=eco actions_per_loop=3 ====
[10:53:34] planet 76: building queue full (5)
[10:53:34] planet 76: building queue full (5)
[10:53:34] planet 76: building queue full (5)
[2026-05-12 10:54:19] ==== loop 14/∞ | seed=1082114626775815843 archetype=turbo personality=minero focus=eco actions_per_loop=3 ====
[10:54:20] planet 76: building queue full (5)
[10:54:20] planet 76: building queue full (5)
[10:54:20] planet 76: building queue full (5)
[2026-05-12 10:55:00] ==== loop 15/∞ | seed=1082114626775815843 archetype=turbo personality=minero focus=eco actions_per_loop=3 ====
[10:55:02] planet 76: building queue full (5)
[10:55:02] planet 76: building queue full (5)
[10:55:02] planet 76: building queue full (5)
[10:55:02] research: already in progress
[2026-05-12 10:55:46] ==== loop 16/∞ | seed=1082114626775815843 archetype=turbo personality=minero focus=eco actions_per_loop=3 ====
[10:55:48] planet 76: building queue full (5)
[10:55:48] planet 76: building queue full (5)
[10:55:48] planet 76: building queue full (5)
[2026-05-12 10:56:30] ==== loop 17/∞ | seed=1082114626775815843 archetype=turbo personality=minero focus=eco actions_per_loop=3 ====
[10:56:31] planet 76: queued building_metal_mine to 18
[2026-05-12 10:57:13] ==== loop 18/∞ | seed=1082114626775815843 archetype=turbo personality=minero focus=eco actions_per_loop=3 ====
[10:57:14] planet 76: building queue full (5)
[10:57:14] planet 76: building queue full (5)
[10:57:14] planet 76: building queue full (5)
[10:57:14] research: already in progress
[2026-05-12 10:57:57] ==== loop 19/∞ | seed=1082114626775815843 archetype=turbo personality=minero focus=eco actions_per_loop=3 ====
[10:57:59] planet 76: building queue full (5)
[10:57:59] planet 76: building queue full (5)
[10:57:59] planet 76: building queue full (5)
[10:57:59] research: already in progress
[2026-05-12 10:58:41] ==== loop 20/∞ | seed=1082114626775815843 archetype=turbo personality=minero focus=eco actions_per_loop=3 ====
[10:58:43] alliance: idle no_candidate
[10:58:43] planet 76: building queue full (5)
[10:58:43] planet 76: building queue full (5)
[10:58:43] planet 76: building queue full (5)
[2026-05-12 10:59:26] ==== loop 21/∞ | seed=1082114626775815843 archetype=turbo personality=minero focus=eco actions_per_loop=3 ====
[10:59:27] planet 76: building queue full (5)
[10:59:27] planet 76: building queue full (5)
[10:59:27] planet 76: building queue full (5)
[2026-05-12 11:00:08] ==== loop 22/∞ | seed=1082114626775815843 archetype=turbo personality=minero focus=eco actions_per_loop=3 ====
[11:00:10] planet 76: building queue full (5)
[11:00:10] planet 76: building queue full (5)
[11:00:10] planet 76: building queue full (5)
[2026-05-12 11:00:51] ==== loop 23/∞ | seed=1082114626775815843 archetype=turbo personality=minero focus=eco actions_per_loop=3 ====
[11:00:53] planet 76: building queue full (5)
[11:00:53] planet 76: building queue full (5)
[11:00:53] planet 76: building queue full (5)
[11:00:53] research: already in progress
[2026-05-12 11:01:38] ==== loop 24/∞ | seed=1082114626775815843 archetype=turbo personality=minero focus=eco actions_per_loop=3 ====
[11:01:38] planet 76: building queue full (5)
[11:01:38] planet 76: building queue full (5)
[2026-05-12 11:02:17] ==== loop 25/∞ | seed=1082114626775815843 archetype=turbo personality=minero focus=eco actions_per_loop=3 ====
[11:02:18] planet 76: queued building_metal_mine to 19
[11:02:18] research: already in progress
[2026-05-12 11:03:04] ==== loop 26/∞ | seed=1082114626775815843 archetype=turbo personality=minero focus=eco actions_per_loop=3 ====
[11:03:07] planet 76: building queue full (5)
[11:03:07] planet 76: building queue full (5)
[11:03:07] planet 76: building queue full (5)
[11:03:07] research: already in progress
[2026-05-12 11:03:53] ==== loop 27/∞ | seed=1082114626775815843 archetype=turbo personality=minero focus=eco actions_per_loop=3 ====
[11:03:56] planet 76: building queue full (5)
[11:03:56] planet 76: building queue full (5)
[11:03:56] planet 76: building queue full (5)
[2026-05-12 11:04:43] ==== loop 28/∞ | seed=1082114626775815843 archetype=turbo personality=minero focus=eco actions_per_loop=3 ====
[11:04:45] planet 76: building queue full (5)
[11:04:45] planet 76: building queue full (5)
[11:04:45] planet 76: building queue full (5)
[11:04:45] research: already in progress
[2026-05-12 11:05:26] ==== loop 29/∞ | seed=1082114626775815843 archetype=turbo personality=minero focus=eco actions_per_loop=3 ====
[11:05:29] planet 76: building queue full (5)
[11:05:29] planet 76: building queue full (5)
[11:05:29] planet 76: building queue full (5)
[2026-05-12 11:06:12] ==== loop 30/∞ | seed=1082114626775815843 archetype=turbo personality=minero focus=eco actions_per_loop=3 ====
[11:06:15] planet 76: building queue full (5)
[11:06:15] planet 76: building queue full (5)
[11:06:15] planet 76: building queue full (5)
[11:06:15] research: already in progress
[2026-05-12 11:06:59] ==== loop 31/∞ | seed=1082114626775815843 archetype=turbo personality=minero focus=eco actions_per_loop=3 ====
[11:07:02] planet 76: building queue full (5)
[11:07:02] planet 76: building queue full (5)
[11:07:02] planet 76: building queue full (5)
[2026-05-12 11:07:49] ==== loop 32/∞ | seed=1082114626775815843 archetype=turbo personality=minero focus=eco actions_per_loop=3 ====
[11:07:51] planet 76: building queue full (5)
[11:07:51] planet 76: building queue full (5)
[11:07:51] planet 76: building queue full (5)
[11:07:51] research: already in progress
[2026-05-12 11:08:30] ==== loop 33/∞ | seed=1082114626775815843 archetype=turbo personality=minero focus=eco actions_per_loop=3 ====
[11:08:32] planet 76: building queue full (5)
[11:08:32] planet 76: building queue full (5)
[11:08:32] planet 76: building queue full (5)
[2026-05-12 11:09:16] ==== loop 34/∞ | seed=1082114626775815843 archetype=turbo personality=minero focus=eco actions_per_loop=3 ====
[11:09:19] planet 76: building queue full (5)
[11:09:19] planet 76: building queue full (5)
[11:09:19] planet 76: building queue full (5)
[11:09:19] research: already in progress
[2026-05-12 11:10:07] ==== loop 35/∞ | seed=1082114626775815843 archetype=turbo personality=minero focus=eco actions_per_loop=3 ====
[11:10:10] planet 76: building queue full (5)
[11:10:10] planet 76: building queue full (5)
[11:10:10] planet 76: building queue full (5)
[11:10:10] research: already in progress
[2026-05-12 11:10:50] ==== loop 36/∞ | seed=1082114626775815843 archetype=turbo personality=minero focus=eco actions_per_loop=3 ====
[11:10:50] planet 76: queued building_metal_mine to 20
[11:10:50] research: already in progress
[2026-05-12 11:11:32] ==== loop 37/∞ | seed=1082114626775815843 archetype=turbo personality=minero focus=eco actions_per_loop=3 ====
[11:11:33] planet 76: building queue full (5)
[11:11:33] planet 76: building queue full (5)
[11:11:33] planet 76: building queue full (5)
[2026-05-12 11:12:13] ==== loop 38/∞ | seed=1082114626775815843 archetype=turbo personality=minero focus=eco actions_per_loop=3 ====
[11:12:15] planet 76: building queue full (5)
[11:12:15] planet 76: building queue full (5)
[11:12:15] planet 76: building queue full (5)
[11:12:15] research: already in progress
[2026-05-12 11:12:56] ==== loop 39/∞ | seed=1082114626775815843 archetype=turbo personality=minero focus=eco actions_per_loop=3 ====
[11:12:57] planet 76: building queue full (5)
[11:12:57] planet 76: building queue full (5)
[11:12:57] planet 76: building queue full (5)
[11:12:57] research: already in progress
[2026-05-12 11:13:38] ==== loop 40/∞ | seed=1082114626775815843 archetype=turbo personality=minero focus=eco actions_per_loop=3 ====
[11:13:41] alliance: idle no_candidate
[11:13:41] planet 76: building queue full (5)
[11:13:41] planet 76: building queue full (5)
[11:13:41] planet 76: building queue full (5)
[2026-05-12 11:14:23] ==== loop 41/∞ | seed=1082114626775815843 archetype=turbo personality=minero focus=eco actions_per_loop=3 ====
[11:14:24] planet 76: building queue full (5)
[11:14:24] planet 76: building queue full (5)
[11:14:24] planet 76: building queue full (5)
[2026-05-12 11:15:05] ==== loop 42/∞ | seed=1082114626775815843 archetype=turbo personality=minero focus=eco actions_per_loop=3 ====
[11:15:07] planet 76: building queue full (5)
[11:15:07] planet 76: building queue full (5)
[11:15:07] planet 76: building queue full (5)
[11:15:07] research: already in progress
[2026-05-12 11:15:58] ==== loop 43/∞ | seed=1082114626775815843 archetype=turbo personality=minero focus=eco actions_per_loop=3 ====
[11:16:01] planet 76: building queue full (5)
[11:16:01] planet 76: building queue full (5)
[11:16:01] planet 76: building queue full (5)
[11:16:01] research: already in progress
[2026-05-12 11:16:46] ==== loop 44/∞ | seed=1082114626775815843 archetype=turbo personality=minero focus=eco actions_per_loop=3 ====
[11:16:48] planet 76: building queue full (5)
[11:16:48] planet 76: building queue full (5)
[2026-05-12 11:17:33] ==== loop 45/∞ | seed=1082114626775815843 archetype=turbo personality=minero focus=eco actions_per_loop=3 ====
[11:17:35] planet 76: building queue full (5)
[11:17:35] planet 76: building queue full (5)
[11:17:35] planet 76: building queue full (5)
[11:17:35] research: already in progress
[2026-05-12 11:18:25] ==== loop 46/∞ | seed=1082114626775815843 archetype=turbo personality=minero focus=eco actions_per_loop=3 ====
[11:18:26] planet 76: building queue full (5)
[11:18:26] planet 76: building queue full (5)
[11:18:26] planet 76: building queue full (5)
[11:18:26] research: already in progress
[2026-05-12 11:19:06] ==== loop 47/∞ | seed=1082114626775815843 archetype=turbo personality=minero focus=eco actions_per_loop=3 ====
[11:19:07] planet 76: building queue full (5)
[11:19:07] planet 76: building queue full (5)
[11:19:07] planet 76: building queue full (5)
[11:19:07] research: already in progress
[2026-05-12 11:19:53] ==== loop 48/∞ | seed=1082114626775815843 archetype=turbo personality=minero focus=eco actions_per_loop=3 ====
[11:19:55] planet 76: building queue full (5)
[11:19:55] planet 76: building queue full (5)
[11:19:55] planet 76: building queue full (5)
[2026-05-12 11:20:36] ==== loop 49/∞ | seed=1082114626775815843 archetype=turbo personality=minero focus=eco actions_per_loop=3 ====
[11:20:37] planet 76: queued building_metal_store to 2
[11:20:37] research: already in progress
[2026-05-12 11:21:18] ==== loop 50/∞ | seed=1082114626775815843 archetype=turbo personality=minero focus=eco actions_per_loop=3 ====
[11:21:20] planet 76: building queue full (5)
[11:21:20] planet 76: building queue full (5)
[11:21:20] planet 76: building queue full (5)
[11:21:20] research: already in progress
[2026-05-12 11:22:00] ==== loop 51/∞ | seed=1082114626775815843 archetype=turbo personality=minero focus=eco actions_per_loop=3 ====
[11:22:01] planet 76: building queue full (5)
[11:22:01] planet 76: building queue full (5)
[11:22:01] planet 76: building queue full (5)
[11:22:01] research: already in progress
[2026-05-12 11:22:42] ==== loop 52/∞ | seed=1082114626775815843 archetype=turbo personality=minero focus=eco actions_per_loop=3 ====
[11:22:45] planet 76: building queue full (5)
[11:22:45] planet 76: building queue full (5)
[11:22:45] planet 76: building queue full (5)
[2026-05-12 11:23:24] ==== loop 53/∞ | seed=1082114626775815843 archetype=turbo personality=minero focus=eco actions_per_loop=3 ====
[11:23:24] planet 76: queued building_metal_store to 3
[11:23:24] research: already in progress
[2026-05-12 11:24:06] ==== loop 54/∞ | seed=1082114626775815843 archetype=turbo personality=minero focus=eco actions_per_loop=3 ====
[11:24:06] planet 76: queued building_metal_store to 4
[2026-05-12 11:24:46] ==== loop 55/∞ | seed=1082114626775815843 archetype=turbo personality=minero focus=eco actions_per_loop=3 ====
[11:24:46] planet 76: queued building_metal_store to 5
[2026-05-12 11:25:30] ==== loop 56/∞ | seed=1082114626775815843 archetype=turbo personality=minero focus=eco actions_per_loop=3 ====
[11:25:31] planet 76: building queue full (5)
[11:25:31] planet 76: building queue full (5)
[11:25:31] planet 76: building queue full (5)
[2026-05-12 11:26:12] ==== loop 57/∞ | seed=1082114626775815843 archetype=turbo personality=minero focus=eco actions_per_loop=3 ====
[11:26:12] planet 76: queued building_metal_store to 6
[2026-05-12 11:26:49] ==== loop 58/∞ | seed=1082114626775815843 archetype=turbo personality=minero focus=eco actions_per_loop=3 ====
[11:26:51] planet 76: building queue full (5)
[11:26:51] planet 76: building queue full (5)
[11:26:51] planet 76: building queue full (5)
[2026-05-12 11:27:32] ==== loop 59/∞ | seed=1082114626775815843 archetype=turbo personality=minero focus=eco actions_per_loop=3 ====
[11:27:33] planet 76: building queue full (5)
[11:27:33] planet 76: building queue full (5)
[11:27:33] planet 76: building queue full (5)
[11:27:33] research: already in progress
[2026-05-12 11:28:12] ==== loop 60/∞ | seed=1082114626775815843 archetype=turbo personality=minero focus=eco actions_per_loop=3 ====
[11:28:14] alliance: idle no_candidate
[11:28:14] planet 76: building queue full (5)
[11:28:14] planet 76: building queue full (5)
[11:28:14] planet 76: building queue full (5)
[2026-05-12 11:28:57] ==== loop 61/∞ | seed=1082114626775815843 archetype=turbo personality=minero focus=eco actions_per_loop=3 ====
[11:28:58] planet 76: queued building_metal_store to 7
[11:28:58] research: already in progress
[2026-05-12 11:29:41] ==== loop 62/∞ | seed=1082114626775815843 archetype=turbo personality=minero focus=eco actions_per_loop=3 ====
[11:29:42] planet 76: building queue full (5)
[11:29:42] planet 76: building queue full (5)
[11:29:42] planet 76: building queue full (5)
[11:29:42] research: already in progress
[2026-05-12 11:30:22] ==== loop 63/∞ | seed=1082114626775815843 archetype=turbo personality=minero focus=eco actions_per_loop=3 ====
[11:30:23] planet 76: queued building_metal_mine to 21
[2026-05-12 11:30:59] ==== loop 64/∞ | seed=1082114626775815843 archetype=turbo personality=minero focus=eco actions_per_loop=3 ====
[11:31:01] planet 76: building queue full (5)
[11:31:01] planet 76: building queue full (5)
[11:31:01] planet 76: building queue full (5)
[11:31:01] research: already in progress
[2026-05-12 11:31:45] ==== loop 65/∞ | seed=1082114626775815843 archetype=turbo personality=minero focus=eco actions_per_loop=3 ====
[11:31:46] planet 76: building queue full (5)
[11:31:46] planet 76: building queue full (5)
[11:31:46] planet 76: building queue full (5)
[11:31:46] research: already in progress
[2026-05-12 11:32:24] ==== loop 66/∞ | seed=1082114626775815843 archetype=turbo personality=minero focus=eco actions_per_loop=3 ====
[11:32:26] planet 76: building queue full (5)
[11:32:26] planet 76: building queue full (5)
[11:32:26] planet 76: building queue full (5)
[11:32:26] research: already in progress
[2026-05-12 11:33:11] ==== loop 67/∞ | seed=1082114626775815843 archetype=turbo personality=minero focus=eco actions_per_loop=3 ====
[11:33:12] planet 76: building queue full (5)
[11:33:12] planet 76: building queue full (5)
[11:33:12] planet 76: building queue full (5)
[11:33:12] research: already in progress
[2026-05-12 11:33:50] ==== loop 68/∞ | seed=1082114626775815843 archetype=turbo personality=minero focus=eco actions_per_loop=3 ====
[11:33:52] planet 76: building queue full (5)
[11:33:52] planet 76: building queue full (5)
[11:33:52] planet 76: building queue full (5)
[11:33:52] research: already in progress
[2026-05-12 11:34:35] ==== loop 69/∞ | seed=1082114626775815843 archetype=turbo personality=minero focus=eco actions_per_loop=3 ====
[11:34:38] planet 76: building queue full (5)
[11:34:38] planet 76: building queue full (5)
[11:34:38] planet 76: building queue full (5)
[2026-05-12 11:35:28] ==== loop 70/∞ | seed=1082114626775815843 archetype=turbo personality=minero focus=eco actions_per_loop=3 ====
[11:35:29] planet 76: building queue full (5)
[11:35:29] planet 76: building queue full (5)
[11:35:29] planet 76: building queue full (5)
[2026-05-12 11:36:15] ==== loop 71/∞ | seed=1082114626775815843 archetype=turbo personality=minero focus=eco actions_per_loop=3 ====
[11:36:16] planet 76: building queue full (5)
[11:36:16] planet 76: building queue full (5)
[11:36:16] planet 76: building queue full (5)
[11:36:16] research: already in progress
[2026-05-12 11:36:58] ==== loop 72/∞ | seed=1082114626775815843 archetype=turbo personality=minero focus=eco actions_per_loop=3 ====
[11:37:01] planet 76: building queue full (5)
[11:37:01] planet 76: building queue full (5)
[11:37:01] planet 76: building queue full (5)
[2026-05-12 11:37:49] ==== loop 73/∞ | seed=1082114626775815843 archetype=turbo personality=minero focus=eco actions_per_loop=3 ====
[11:37:51] planet 76: building queue full (5)
[11:37:51] planet 76: building queue full (5)
[11:37:51] planet 76: building queue full (5)
[2026-05-12 11:38:37] ==== loop 74/∞ | seed=1082114626775815843 archetype=turbo personality=minero focus=eco actions_per_loop=3 ====
[11:38:39] planet 76: building queue full (5)
[11:38:39] planet 76: building queue full (5)
[11:38:39] planet 76: building queue full (5)
[11:38:39] research: already in progress
[2026-05-12 11:39:25] ==== loop 75/∞ | seed=1082114626775815843 archetype=turbo personality=minero focus=eco actions_per_loop=3 ====
[11:39:26] planet 76: building queue full (5)
[11:39:26] planet 76: building queue full (5)
[11:39:26] planet 76: building queue full (5)
[11:39:26] research: already in progress
[2026-05-12 11:40:05] ==== loop 76/∞ | seed=1082114626775815843 archetype=turbo personality=minero focus=eco actions_per_loop=3 ====
[11:40:09] planet 76: building queue full (5)
[11:40:09] planet 76: building queue full (5)
[11:40:09] planet 76: building queue full (5)
[11:40:09] research: already in progress
[2026-05-12 11:40:53] ==== loop 77/∞ | seed=1082114626775815843 archetype=turbo personality=minero focus=eco actions_per_loop=3 ====
[11:40:55] planet 76: building queue full (5)
[11:40:55] planet 76: building queue full (5)
[11:40:55] planet 76: building queue full (5)
[11:40:55] research: already in progress
[2026-05-12 11:41:44] ==== loop 78/∞ | seed=1082114626775815843 archetype=turbo personality=minero focus=eco actions_per_loop=3 ====
[11:41:46] planet 76: building queue full (5)
[11:41:46] planet 76: building queue full (5)
[11:41:46] planet 76: building queue full (5)
[11:41:46] research: already in progress
[2026-05-12 11:42:30] ==== loop 79/∞ | seed=1082114626775815843 archetype=turbo personality=minero focus=eco actions_per_loop=3 ====
[11:42:32] planet 76: building queue full (5)
[11:42:32] planet 76: building queue full (5)
[11:42:32] planet 76: building queue full (5)
[11:42:32] research: already in progress
[2026-05-12 11:43:19] ==== loop 80/∞ | seed=1082114626775815843 archetype=turbo personality=minero focus=eco actions_per_loop=3 ====
[11:43:22] alliance: idle no_candidate
[11:43:22] planet 76: building queue full (5)
[11:43:22] planet 76: building queue full (5)
[11:43:22] planet 76: building queue full (5)
[2026-05-12 11:44:07] ==== loop 81/∞ | seed=1082114626775815843 archetype=turbo personality=minero focus=eco actions_per_loop=3 ====
[11:44:10] planet 76: building queue full (5)
[11:44:10] planet 76: building queue full (5)
[11:44:10] planet 76: building queue full (5)
[2026-05-12 11:44:57] ==== loop 82/∞ | seed=1082114626775815843 archetype=turbo personality=minero focus=eco actions_per_loop=3 ====
[11:44:58] planet 76: building queue full (5)
[11:44:58] planet 76: building queue full (5)
[11:44:58] planet 76: building queue full (5)
[11:44:58] research: already in progress
[2026-05-12 11:45:42] ==== loop 83/∞ | seed=1082114626775815843 archetype=turbo personality=minero focus=eco actions_per_loop=3 ====
[11:45:44] planet 76: building queue full (5)
[11:45:44] planet 76: building queue full (5)
[11:45:44] planet 76: building queue full (5)
[11:45:44] research: already in progress
[2026-05-12 11:46:28] ==== loop 84/∞ | seed=1082114626775815843 archetype=turbo personality=minero focus=eco actions_per_loop=3 ====
[11:46:30] planet 76: building queue full (5)
[11:46:30] planet 76: building queue full (5)
[11:46:30] planet 76: building queue full (5)
[2026-05-12 11:47:16] ==== loop 85/∞ | seed=1082114626775815843 archetype=turbo personality=minero focus=eco actions_per_loop=3 ====
[11:47:18] planet 76: building queue full (5)
[11:47:18] planet 76: building queue full (5)
[11:47:18] planet 76: building queue full (5)
[11:47:18] research: already in progress
[2026-05-12 11:48:02] ==== loop 86/∞ | seed=1082114626775815843 archetype=turbo personality=minero focus=eco actions_per_loop=3 ====
[11:48:04] planet 76: building queue full (5)
[11:48:04] planet 76: building queue full (5)
[11:48:04] planet 76: building queue full (5)
[11:48:04] research: already in progress
[2026-05-12 11:48:49] ==== loop 87/∞ | seed=1082114626775815843 archetype=turbo personality=minero focus=eco actions_per_loop=3 ====
[11:48:50] planet 76: building queue full (5)
[11:48:50] planet 76: building queue full (5)
[11:48:50] planet 76: building queue full (5)
[2026-05-12 11:49:35] ==== loop 88/∞ | seed=1082114626775815843 archetype=turbo personality=minero focus=eco actions_per_loop=3 ====
[11:49:37] planet 76: building queue full (5)
[11:49:37] planet 76: building queue full (5)
[11:49:37] planet 76: building queue full (5)
[11:49:37] research: already in progress
[2026-05-12 11:50:22] ==== loop 89/∞ | seed=1082114626775815843 archetype=turbo personality=minero focus=eco actions_per_loop=3 ====
[11:50:23] planet 76: queued building_crystal_mine to 19
[2026-05-12 11:51:05] ==== loop 90/∞ | seed=1082114626775815843 archetype=turbo personality=minero focus=eco actions_per_loop=3 ====
[11:51:06] planet 76: building queue full (5)
[11:51:06] planet 76: building queue full (5)
[11:51:06] planet 76: building queue full (5)
[11:51:06] research: already in progress
[2026-05-12 11:51:49] ==== loop 91/∞ | seed=1082114626775815843 archetype=turbo personality=minero focus=eco actions_per_loop=3 ====
[11:51:52] planet 76: building queue full (5)
[11:51:52] planet 76: building queue full (5)
[11:51:52] planet 76: building queue full (5)
[11:51:52] research: already in progress
[2026-05-12 11:52:36] ==== loop 92/∞ | seed=1082114626775815843 archetype=turbo personality=minero focus=eco actions_per_loop=3 ====
[11:52:38] planet 76: building queue full (5)
[11:52:38] planet 76: building queue full (5)
[11:52:38] planet 76: building queue full (5)
[11:52:38] research: already in progress
[2026-05-12 11:53:23] ==== loop 93/∞ | seed=1082114626775815843 archetype=turbo personality=minero focus=eco actions_per_loop=3 ====
[11:53:25] planet 76: building queue full (5)
[11:53:25] planet 76: building queue full (5)
[11:53:25] planet 76: building queue full (5)
[11:53:25] research: already in progress
[2026-05-12 11:54:06] ==== loop 94/∞ | seed=1082114626775815843 archetype=turbo personality=minero focus=eco actions_per_loop=3 ====
[11:54:08] planet 76: building queue full (5)
[11:54:08] planet 76: building queue full (5)
[11:54:08] planet 76: building queue full (5)
[2026-05-12 11:54:53] ==== loop 95/∞ | seed=1082114626775815843 archetype=turbo personality=minero focus=eco actions_per_loop=3 ====
[11:54:56] planet 76: building queue full (5)
[11:54:56] planet 76: building queue full (5)
[11:54:56] planet 76: building queue full (5)
[2026-05-12 11:55:41] ==== loop 96/∞ | seed=1082114626775815843 archetype=turbo personality=minero focus=eco actions_per_loop=3 ====
[11:55:43] planet 76: building queue full (5)
[11:55:43] planet 76: building queue full (5)
[11:55:43] planet 76: building queue full (5)
[11:55:43] research: already in progress
[2026-05-12 11:56:29] ==== loop 97/∞ | seed=1082114626775815843 archetype=turbo personality=minero focus=eco actions_per_loop=3 ====
[11:56:30] planet 76: building queue full (5)
[11:56:30] planet 76: building queue full (5)
[11:56:30] planet 76: building queue full (5)
[2026-05-12 11:57:15] ==== loop 98/∞ | seed=1082114626775815843 archetype=turbo personality=minero focus=eco actions_per_loop=3 ====
[11:57:17] planet 76: building queue full (5)
[11:57:17] planet 76: building queue full (5)
[11:57:17] planet 76: building queue full (5)
[11:57:17] research: already in progress
[2026-05-12 11:57:59] ==== loop 99/∞ | seed=1082114626775815843 archetype=turbo personality=minero focus=eco actions_per_loop=3 ====
[11:58:01] planet 76: building queue full (5)
[11:58:01] planet 76: building queue full (5)
[11:58:01] planet 76: building queue full (5)
[11:58:01] research: already in progress
[2026-05-12 11:58:46] ==== loop 100/∞ | seed=1082114626775815843 archetype=turbo personality=minero focus=eco actions_per_loop=3 ====
[11:58:47] alliance: idle no_candidate
[11:58:47] planet 76: building queue full (5)
[11:58:47] planet 76: building queue full (5)
[11:58:47] planet 76: building queue full (5)
[11:58:47] research: already in progress
[2026-05-12 11:59:33] ==== loop 101/∞ | seed=1082114626775815843 archetype=turbo personality=minero focus=eco actions_per_loop=3 ====
[11:59:35] planet 76: building queue full (5)
[11:59:35] planet 76: building queue full (5)
[11:59:35] planet 76: building queue full (5)
[11:59:35] research: already in progress
[2026-05-12 12:00:15] ==== loop 102/∞ | seed=1082114626775815843 archetype=turbo personality=minero focus=eco actions_per_loop=3 ====
[12:00:16] planet 76: queued building_crystal_store to 4
[12:00:16] research: already in progress
[2026-05-12 12:00:58] ==== loop 103/∞ | seed=1082114626775815843 archetype=turbo personality=minero focus=eco actions_per_loop=3 ====
[12:01:00] planet 76: building queue full (5)
[12:01:00] planet 76: building queue full (5)
[12:01:00] planet 76: building queue full (5)
[12:01:00] research: already in progress
[2026-05-12 12:01:45] ==== loop 104/∞ | seed=1082114626775815843 archetype=turbo personality=minero focus=eco actions_per_loop=3 ====
[12:01:46] planet 76: building queue full (5)
[12:01:46] planet 76: building queue full (5)
[12:01:46] planet 76: building queue full (5)
[12:01:46] research: already in progress
[2026-05-12 12:02:30] ==== loop 105/∞ | seed=1082114626775815843 archetype=turbo personality=minero focus=eco actions_per_loop=3 ====
[12:02:32] planet 76: building queue full (5)
[12:02:32] planet 76: building queue full (5)
[12:02:32] planet 76: building queue full (5)
[2026-05-12 12:03:16] ==== loop 106/∞ | seed=1082114626775815843 archetype=turbo personality=minero focus=eco actions_per_loop=3 ====
[12:03:17] planet 76: building queue full (5)
[12:03:17] planet 76: building queue full (5)
[12:03:17] planet 76: building queue full (5)
[2026-05-12 12:04:01] ==== loop 107/∞ | seed=1082114626775815843 archetype=turbo personality=minero focus=eco actions_per_loop=3 ====
[12:04:03] planet 76: building queue full (5)
[12:04:03] planet 76: building queue full (5)
[12:04:03] planet 76: building queue full (5)
[2026-05-12 12:04:42] ==== loop 108/∞ | seed=1082114626775815843 archetype=turbo personality=minero focus=eco actions_per_loop=3 ====
[12:04:44] planet 76: building queue full (5)
[12:04:44] planet 76: building queue full (5)
[12:04:44] planet 76: building queue full (5)
[2026-05-12 12:05:24] ==== loop 109/∞ | seed=1082114626775815843 archetype=turbo personality=minero focus=eco actions_per_loop=3 ====
[12:05:27] planet 76: building queue full (5)
[12:05:27] planet 76: building queue full (5)
[12:05:27] planet 76: building queue full (5)
[12:05:27] research: already in progress
[2026-05-12 12:06:11] ==== loop 110/∞ | seed=1082114626775815843 archetype=turbo personality=minero focus=eco actions_per_loop=3 ====
[12:06:13] planet 76: building queue full (5)
[12:06:13] planet 76: building queue full (5)
[12:06:13] planet 76: building queue full (5)
[2026-05-12 12:06:50] ==== loop 111/∞ | seed=1082114626775815843 archetype=turbo personality=minero focus=eco actions_per_loop=3 ====
[12:06:53] planet 76: building queue full (5)
[12:06:53] planet 76: building queue full (5)
[12:06:53] planet 76: building queue full (5)
[12:06:53] research: already in progress
[2026-05-12 12:07:35] ==== loop 112/∞ | seed=1082114626775815843 archetype=turbo personality=minero focus=eco actions_per_loop=3 ====
[12:07:37] planet 76: building queue full (5)
[12:07:37] planet 76: building queue full (5)
[12:07:37] planet 76: building queue full (5)
[2026-05-12 12:08:19] ==== loop 113/∞ | seed=1082114626775815843 archetype=turbo personality=minero focus=eco actions_per_loop=3 ====
[12:08:21] planet 76: building queue full (5)
[12:08:21] planet 76: building queue full (5)
[12:08:21] planet 76: building queue full (5)
[12:08:21] research: already in progress
[2026-05-12 12:09:02] ==== loop 114/∞ | seed=1082114626775815843 archetype=turbo personality=minero focus=eco actions_per_loop=3 ====
[12:09:03] planet 76: building queue full (5)
[12:09:03] planet 76: building queue full (5)
[12:09:03] planet 76: building queue full (5)
[2026-05-12 12:09:43] ==== loop 115/∞ | seed=1082114626775815843 archetype=turbo personality=minero focus=eco actions_per_loop=3 ====
[12:09:45] planet 76: building queue full (5)
[12:09:45] planet 76: building queue full (5)
[12:09:45] planet 76: building queue full (5)
[2026-05-12 12:10:29] ==== loop 116/∞ | seed=1082114626775815843 archetype=turbo personality=minero focus=eco actions_per_loop=3 ====
[12:10:30] planet 76: queued building_robot_factory to 2
[2026-05-12 12:11:12] ==== loop 117/∞ | seed=1082114626775815843 archetype=turbo personality=minero focus=eco actions_per_loop=3 ====
[12:11:14] planet 76: building queue full (5)
[12:11:14] planet 76: building queue full (5)
[12:11:14] research: already in progress
[2026-05-12 12:11:54] ==== loop 118/∞ | seed=1082114626775815843 archetype=turbo personality=minero focus=eco actions_per_loop=3 ====
[12:11:57] planet 76: building queue full (5)
[12:11:57] planet 76: building queue full (5)
[12:11:57] planet 76: building queue full (5)
[12:11:57] research: already in progress
[2026-05-12 12:12:39] ==== loop 119/∞ | seed=1082114626775815843 archetype=turbo personality=minero focus=eco actions_per_loop=3 ====
[12:12:41] planet 76: building queue full (5)
[12:12:41] planet 76: building queue full (5)
[12:12:41] planet 76: building queue full (5)
[12:12:41] research: already in progress
[2026-05-12 12:13:22] ==== loop 120/∞ | seed=1082114626775815843 archetype=turbo personality=minero focus=eco actions_per_loop=3 ====
[12:13:24] alliance: idle no_candidate
[12:13:24] planet 76: building queue full (5)
[12:13:24] planet 76: building queue full (5)
[12:13:24] planet 76: building queue full (5)
[12:13:24] research: already in progress
[2026-05-12 12:14:05] ==== loop 121/∞ | seed=1082114626775815843 archetype=turbo personality=minero focus=eco actions_per_loop=3 ====
[12:14:07] planet 76: building queue full (5)
[12:14:07] planet 76: building queue full (5)
[12:14:07] planet 76: building queue full (5)
[2026-05-12 12:14:51] ==== loop 122/∞ | seed=1082114626775815843 archetype=turbo personality=minero focus=eco actions_per_loop=3 ====
[12:14:53] planet 76: building queue full (5)
[12:14:53] planet 76: building queue full (5)
[12:14:53] planet 76: building queue full (5)
[12:14:53] research: already in progress
[2026-05-12 12:15:35] ==== loop 123/∞ | seed=1082114626775815843 archetype=turbo personality=minero focus=eco actions_per_loop=3 ====
[12:15:36] planet 76: building queue full (5)
[12:15:36] planet 76: building queue full (5)
[12:15:36] planet 76: building queue full (5)
[12:15:36] research: already in progress
[2026-05-12 12:16:20] ==== loop 124/∞ | seed=1082114626775815843 archetype=turbo personality=minero focus=eco actions_per_loop=3 ====
[12:16:23] planet 76: building queue full (5)
[12:16:23] planet 76: building queue full (5)
[12:16:23] planet 76: building queue full (5)
[2026-05-12 12:17:09] ==== loop 125/∞ | seed=1082114626775815843 archetype=turbo personality=minero focus=eco actions_per_loop=3 ====
[12:17:10] planet 76: queued ship_solar_satellite +1
[12:17:10] planet 76: queued building_solar_plant to 21
[12:17:10] research: already in progress
[2026-05-12 12:17:51] ==== loop 126/∞ | seed=1082114626775815843 archetype=turbo personality=minero focus=eco actions_per_loop=3 ====
[12:17:53] planet 76: building queue full (5)
[12:17:53] planet 76: building queue full (5)
[12:17:53] planet 76: building queue full (5)
[12:17:53] research: already in progress
[2026-05-12 12:18:34] ==== loop 127/∞ | seed=1082114626775815843 archetype=turbo personality=minero focus=eco actions_per_loop=3 ====
[12:18:36] planet 76: building queue full (5)
[12:18:36] planet 76: building queue full (5)
[2026-05-12 12:19:24] ==== loop 128/∞ | seed=1082114626775815843 archetype=turbo personality=minero focus=eco actions_per_loop=3 ====
[12:19:26] planet 76: building queue full (5)
[12:19:26] planet 76: building queue full (5)
[12:19:26] planet 76: building queue full (5)
[12:19:26] research: already in progress
[2026-05-12 12:20:10] ==== loop 129/∞ | seed=1082114626775815843 archetype=turbo personality=minero focus=eco actions_per_loop=3 ====
[12:20:11] planet 76: no resources for defense_plasma_turret+8
[2026-05-12 12:20:53] ==== loop 130/∞ | seed=1082114626775815843 archetype=turbo personality=minero focus=eco actions_per_loop=3 ====
[12:20:54] planet 76: no resources for defense_plasma_turret+8
[12:20:54] research: already in progress
[2026-05-12 12:21:39] ==== loop 131/∞ | seed=1082114626775815843 archetype=turbo personality=minero focus=eco actions_per_loop=3 ====
[12:21:39] planet 76: no resources for defense_plasma_turret+8
[2026-05-12 12:22:23] ==== loop 132/∞ | seed=1082114626775815843 archetype=turbo personality=minero focus=eco actions_per_loop=3 ====
[12:22:23] planet 76: no resources for defense_plasma_turret+8
[2026-05-12 12:23:07] ==== loop 133/∞ | seed=1082114626775815843 archetype=turbo personality=minero focus=eco actions_per_loop=3 ====
[12:23:08] planet 76: no resources for defense_plasma_turret+8
[12:23:08] research: already in progress
[2026-05-12 12:23:55] ==== loop 134/∞ | seed=1082114626775815843 archetype=turbo personality=minero focus=eco actions_per_loop=3 ====
[12:23:56] planet 76: no resources for defense_plasma_turret+8
[2026-05-12 12:24:41] ==== loop 135/∞ | seed=1082114626775815843 archetype=turbo personality=minero focus=eco actions_per_loop=3 ====
[12:24:42] planet 76: no resources for defense_plasma_turret+8
[2026-05-12 12:25:28] ==== loop 136/∞ | seed=1082114626775815843 archetype=turbo personality=minero focus=eco actions_per_loop=3 ====
[12:25:28] planet 76: no resources for defense_plasma_turret+8
[12:25:28] research: already in progress
[2026-05-12 12:26:16] ==== loop 137/∞ | seed=1082114626775815843 archetype=turbo personality=minero focus=eco actions_per_loop=3 ====
[12:26:16] planet 76: no resources for defense_plasma_turret+8
[12:26:16] research: already in progress
[2026-05-12 12:27:03] ==== loop 138/∞ | seed=1082114626775815843 archetype=turbo personality=minero focus=eco actions_per_loop=3 ====
[12:27:04] planet 76: no resources for defense_plasma_turret+8
[12:27:04] research: already in progress
[2026-05-12 12:27:50] ==== loop 139/∞ | seed=1082114626775815843 archetype=turbo personality=minero focus=eco actions_per_loop=3 ====
[12:27:50] planet 76: no resources for defense_plasma_turret+8
[2026-05-12 12:28:35] ==== loop 140/∞ | seed=1082114626775815843 archetype=turbo personality=minero focus=eco actions_per_loop=3 ====
[12:28:36] alliance: idle no_candidate
[12:28:36] planet 76: no resources for defense_plasma_turret+8
[12:28:36] research: already in progress
[2026-05-12 12:29:22] ==== loop 141/∞ | seed=1082114626775815843 archetype=turbo personality=minero focus=eco actions_per_loop=3 ====
[12:29:23] planet 76: no resources for defense_plasma_turret+8
[2026-05-12 12:30:09] ==== loop 142/∞ | seed=1082114626775815843 archetype=turbo personality=minero focus=eco actions_per_loop=3 ====
[12:30:10] planet 76: queued building_metal_store to 8
[2026-05-12 12:30:51] ==== loop 143/∞ | seed=1082114626775815843 archetype=turbo personality=minero focus=eco actions_per_loop=3 ====
[12:30:53] planet 76: building queue full (5)
[12:30:53] planet 76: building queue full (5)
[12:30:53] planet 76: building queue full (5)
[12:30:53] research: already in progress
[2026-05-12 12:31:39] ==== loop 144/∞ | seed=1082114626775815843 archetype=turbo personality=minero focus=eco actions_per_loop=3 ====
[12:31:42] planet 76: building queue full (5)
[12:31:42] planet 76: building queue full (5)
[12:31:42] planet 76: building queue full (5)
[2026-05-12 12:32:26] ==== loop 145/∞ | seed=1082114626775815843 archetype=turbo personality=minero focus=eco actions_per_loop=3 ====
[12:32:28] planet 76: building queue full (5)
[12:32:28] planet 76: building queue full (5)
[12:32:28] planet 76: building queue full (5)
[2026-05-12 12:33:14] ==== loop 146/∞ | seed=1082114626775815843 archetype=turbo personality=minero focus=eco actions_per_loop=3 ====
[12:33:15] planet 76: building queue full (5)
[12:33:15] planet 76: building queue full (5)
[12:33:15] planet 76: building queue full (5)
[2026-05-12 12:33:58] ==== loop 147/∞ | seed=1082114626775815843 archetype=turbo personality=minero focus=eco actions_per_loop=3 ====
[12:34:01] planet 76: building queue full (5)
[12:34:01] planet 76: building queue full (5)
[12:34:01] planet 76: building queue full (5)
[12:34:01] research: already in progress
[2026-05-12 12:34:42] ==== loop 148/∞ | seed=1082114626775815843 archetype=turbo personality=minero focus=eco actions_per_loop=3 ====
[12:34:45] planet 76: building queue full (5)
[12:34:45] planet 76: building queue full (5)
[12:34:45] planet 76: building queue full (5)
[12:34:45] research: already in progress
[2026-05-12 12:35:31] ==== loop 149/∞ | seed=1082114626775815843 archetype=turbo personality=minero focus=eco actions_per_loop=3 ====
[12:35:33] planet 76: building queue full (5)
[12:35:33] planet 76: building queue full (5)
[12:35:33] planet 76: building queue full (5)
[2026-05-12 12:36:16] ==== loop 150/∞ | seed=1082114626775815843 archetype=turbo personality=minero focus=eco actions_per_loop=3 ====
[12:36:17] planet 76: building queue full (5)
[12:36:17] planet 76: building queue full (5)
[12:36:17] research: already in progress
[2026-05-12 12:37:01] ==== loop 151/∞ | seed=1082114626775815843 archetype=turbo personality=minero focus=eco actions_per_loop=3 ====
[12:37:03] planet 76: building queue full (5)
[12:37:03] planet 76: building queue full (5)
[12:37:03] planet 76: building queue full (5)
[2026-05-12 12:37:45] ==== loop 152/∞ | seed=1082114626775815843 archetype=turbo personality=minero focus=eco actions_per_loop=3 ====
[12:37:47] planet 76: building queue full (5)
[12:37:47] planet 76: building queue full (5)
[12:37:47] planet 76: building queue full (5)
[2026-05-12 12:38:29] ==== loop 153/∞ | seed=1082114626775815843 archetype=turbo personality=minero focus=eco actions_per_loop=3 ====
[12:38:30] planet 76: queued building_metal_store to 9
[2026-05-12 12:39:18] ==== loop 154/∞ | seed=1082114626775815843 archetype=turbo personality=minero focus=eco actions_per_loop=3 ====
[12:39:20] planet 76: building queue full (5)
[12:39:20] planet 76: building queue full (5)
[12:39:20] planet 76: building queue full (5)
[12:39:20] research: already in progress
[2026-05-12 12:40:04] ==== loop 155/∞ | seed=1082114626775815843 archetype=turbo personality=minero focus=eco actions_per_loop=3 ====
[12:40:05] planet 76: queued building_crystal_store to 5
[2026-05-12 12:40:47] ==== loop 156/∞ | seed=1082114626775815843 archetype=turbo personality=minero focus=eco actions_per_loop=3 ====
[12:40:48] planet 76: building queue full (5)
[12:40:48] planet 76: building queue full (5)
[12:40:48] planet 76: building queue full (5)
[12:40:48] research: already in progress
[2026-05-12 12:41:27] ==== loop 157/∞ | seed=1082114626775815843 archetype=turbo personality=minero focus=eco actions_per_loop=3 ====
[12:41:28] planet 76: building queue full (5)
[12:41:28] planet 76: building queue full (5)
[12:41:28] planet 76: building queue full (5)
[2026-05-12 12:42:09] ==== loop 158/∞ | seed=1082114626775815843 archetype=turbo personality=minero focus=eco actions_per_loop=3 ====
[12:42:11] planet 76: building queue full (5)
[12:42:11] planet 76: building queue full (5)
[12:42:11] planet 76: building queue full (5)
[2026-05-12 12:42:59] ==== loop 1/∞ | seed=1082114626775815843 archetype=turbo personality=minero focus=eco actions_per_loop=3 ====
[12:43:01] planet 76: building queue full (5)
[12:43:01] planet 76: building queue full (5)
[12:43:01] planet 76: building queue full (5)
[2026-05-12 12:43:42] ==== loop 2/∞ | seed=1082114626775815843 archetype=turbo personality=minero focus=eco actions_per_loop=3 ====
[12:43:44] alliance: idle no_candidate
[12:43:44] planet 76: building queue full (5)
[12:43:44] planet 76: building queue full (5)
[12:43:44] planet 76: building queue full (5)
[12:43:44] research: already in progress
[2026-05-12 12:44:30] ==== loop 3/∞ | seed=1082114626775815843 archetype=turbo personality=minero focus=eco actions_per_loop=3 ====
[12:44:31] planet 76: building queue full (5)
[12:44:31] planet 76: building queue full (5)
[12:44:31] planet 76: building queue full (5)
[2026-05-12 12:45:08] ==== loop 4/∞ | seed=1082114626775815843 archetype=turbo personality=minero focus=eco actions_per_loop=3 ====
[12:45:10] planet 76: building queue full (5)
[12:45:10] planet 76: building queue full (5)
[12:45:10] planet 76: building queue full (5)
[12:45:10] research: already in progress
[2026-05-12 12:45:45] ==== loop 5/∞ | seed=1082114626775815843 archetype=turbo personality=minero focus=eco actions_per_loop=3 ====
[12:45:47] planet 76: building queue full (5)
[12:45:47] planet 76: building queue full (5)
[12:45:47] planet 76: building queue full (5)
[12:45:47] research: already in progress
[2026-05-12 12:46:24] ==== loop 6/∞ | seed=1082114626775815843 archetype=turbo personality=minero focus=eco actions_per_loop=3 ====
[12:46:26] planet 76: building queue full (5)
[12:46:26] planet 76: building queue full (5)
[12:46:26] planet 76: building queue full (5)
[12:46:26] research: already in progress
[2026-05-12 12:47:07] ==== loop 7/∞ | seed=1082114626775815843 archetype=turbo personality=minero focus=eco actions_per_loop=3 ====
[12:47:09] planet 76: building queue full (5)
[12:47:09] planet 76: building queue full (5)
[12:47:09] planet 76: building queue full (5)
[12:47:09] research: already in progress
[2026-05-12 12:47:48] ==== loop 8/∞ | seed=1082114626775815843 archetype=turbo personality=minero focus=eco actions_per_loop=3 ====
[12:47:49] planet 76: building queue full (5)
[12:47:49] planet 76: building queue full (5)
[12:47:49] planet 76: building queue full (5)
[12:47:49] research: already in progress
[2026-05-12 12:48:30] ==== loop 9/∞ | seed=1082114626775815843 archetype=turbo personality=minero focus=eco actions_per_loop=3 ====
[12:48:31] planet 76: building queue full (5)
[12:48:31] planet 76: building queue full (5)
[12:48:31] planet 76: building queue full (5)
[12:48:31] research: already in progress
[2026-05-12 12:49:09] ==== loop 10/∞ | seed=1082114626775815843 archetype=turbo personality=minero focus=eco actions_per_loop=3 ====
[12:49:11] planet 76: building queue full (5)
[12:49:11] planet 76: building queue full (5)
[12:49:11] planet 76: building queue full (5)
[12:49:11] research: already in progress
[2026-05-12 12:49:55] ==== loop 11/∞ | seed=1082114626775815843 archetype=turbo personality=minero focus=eco actions_per_loop=3 ====
[12:49:56] planet 76: building queue full (5)
[12:49:56] planet 76: building queue full (5)
[12:49:56] planet 76: building queue full (5)
[2026-05-12 12:50:36] ==== loop 12/∞ | seed=1082114626775815843 archetype=turbo personality=minero focus=eco actions_per_loop=3 ====
[12:50:36] planet 76: queued defense_gauss_cannon +8
[12:50:36] planet 76: skipped duplicate defense_gauss_cannon this loop
[12:50:36] planet 76: skipped duplicate defense_gauss_cannon this loop
[2026-05-12 12:51:18] ==== loop 13/∞ | seed=1082114626775815843 archetype=turbo personality=minero focus=eco actions_per_loop=3 ====
[12:51:18] planet 76: queued defense_gauss_cannon +8
[12:51:18] planet 76: skipped duplicate defense_gauss_cannon this loop
[12:51:18] planet 76: skipped duplicate defense_gauss_cannon this loop
[12:51:18] research: already in progress
[2026-05-12 12:52:00] ==== loop 14/∞ | seed=1082114626775815843 archetype=turbo personality=minero focus=eco actions_per_loop=3 ====
[12:52:01] planet 76: queued defense_gauss_cannon +8
[12:52:01] planet 76: skipped duplicate defense_gauss_cannon this loop
[12:52:01] planet 76: skipped duplicate defense_gauss_cannon this loop
[12:52:01] research: already in progress
[2026-05-12 12:52:41] ==== loop 15/∞ | seed=1082114626775815843 archetype=turbo personality=minero focus=eco actions_per_loop=3 ====
[12:52:42] planet 76: no resources for defense_plasma_turret+8
[12:52:42] research: already in progress
[2026-05-12 12:53:22] ==== loop 16/∞ | seed=1082114626775815843 archetype=turbo personality=minero focus=eco actions_per_loop=3 ====
[12:53:23] planet 76: no resources for defense_plasma_turret+8
[12:53:23] research: already in progress
[2026-05-12 12:54:03] ==== loop 1/∞ | seed=1082114626775815843 archetype=turbo personality=minero focus=eco actions_per_loop=3 ====
[12:54:03] planet 76: no resources for defense_plasma_turret+8
[12:54:03] research: already in progress
[2026-05-12 12:54:48] ==== loop 2/∞ | seed=1082114626775815843 archetype=turbo personality=minero focus=eco actions_per_loop=3 ====
[12:54:48] planet 76: no resources for defense_plasma_turret+8
[2026-05-12 12:55:29] ==== loop 3/∞ | seed=1082114626775815843 archetype=turbo personality=minero focus=eco actions_per_loop=3 ====
[12:55:30] planet 76: no resources for defense_plasma_turret+8
[2026-05-12 12:56:13] ==== loop 4/∞ | seed=1082114626775815843 archetype=turbo personality=minero focus=eco actions_per_loop=3 ====
[12:56:14] planet 76: no resources for defense_plasma_turret+8
[12:56:14] research: already in progress
[2026-05-12 12:56:57] ==== loop 5/∞ | seed=1082114626775815843 archetype=turbo personality=minero focus=eco actions_per_loop=3 ====
[12:56:57] planet 76: no resources for defense_plasma_turret+8
[2026-05-12 12:57:39] ==== loop 6/∞ | seed=1082114626775815843 archetype=turbo personality=minero focus=eco actions_per_loop=3 ====
[12:57:40] alliance: idle no_candidate
[12:57:40] planet 76: no resources for defense_plasma_turret+8
[12:57:40] research: already in progress
[2026-05-12 12:58:22] ==== loop 7/∞ | seed=1082114626775815843 archetype=turbo personality=minero focus=eco actions_per_loop=3 ====
[12:58:22] planet 76: no resources for defense_plasma_turret+8
[2026-05-12 12:59:04] ==== loop 8/∞ | seed=1082114626775815843 archetype=turbo personality=minero focus=eco actions_per_loop=3 ====
[12:59:05] planet 76: no resources for defense_plasma_turret+8
[12:59:05] research: already in progress
llm_inbox: encolado job_id=26 message_id=4833
[2026-05-12 12:59:48] ==== loop 1/1 | seed=1082114626775815843 archetype=turbo personality=minero focus=eco actions_per_loop=3 ====
[12:59:49] planet 76: no resources for defense_plasma_turret+8
[12:59:49] research: already in progress
[2026-05-12 12:59:49] ==== loop 9/∞ | seed=1082114626775815843 archetype=turbo personality=minero focus=eco actions_per_loop=3 ====
[12:59:50] planet 76: no resources for defense_plasma_turret+8
[12:59:50] research: already in progress
[2026-05-12 13:00:31] ==== loop 10/∞ | seed=1082114626775815843 archetype=turbo personality=minero focus=eco actions_per_loop=3 ====
[13:00:32] planet 76: queued building_metal_mine to 22
[13:00:32] research: already in progress
[2026-05-12 13:01:11] ==== loop 11/∞ | seed=1082114626775815843 archetype=turbo personality=minero focus=eco actions_per_loop=3 ====
[13:01:13] planet 76: building queue full (5)
[13:01:13] planet 76: building queue full (5)
[13:01:13] planet 76: building queue full (5)
[13:01:13] research: already in progress
[2026-05-12 13:01:51] ==== loop 12/∞ | seed=1082114626775815843 archetype=turbo personality=minero focus=eco actions_per_loop=3 ====
[13:01:54] planet 76: building queue full (5)
[13:01:54] planet 76: building queue full (5)
[13:01:54] planet 76: building queue full (5)
llm_inbox: job 26 fallido (incoming)
[2026-05-12 13:02:33] ==== loop 13/∞ | seed=1082114626775815843 archetype=turbo personality=minero focus=eco actions_per_loop=3 ====
[13:02:34] planet 76: building queue full (5)
[13:02:34] planet 76: building queue full (5)
[13:02:34] planet 76: building queue full (5)
[13:02:34] research: queued research_energy_technology on planet 76 (7s)
[2026-05-12 13:03:21] ==== loop 14/∞ | seed=1082114626775815843 archetype=turbo personality=minero focus=eco actions_per_loop=3 ====
[13:03:24] planet 76: building queue full (5)
[13:03:24] planet 76: building queue full (5)
[13:03:24] planet 76: building queue full (5)
[2026-05-12 13:04:06] ==== loop 15/∞ | seed=1082114626775815843 archetype=turbo personality=minero focus=eco actions_per_loop=3 ====
[13:04:08] planet 76: building queue full (5)
[13:04:08] planet 76: building queue full (5)
[13:04:08] planet 76: building queue full (5)
[13:04:08] research: already in progress
[2026-05-12 13:04:50] ==== loop 16/∞ | seed=1082114626775815843 archetype=turbo personality=minero focus=eco actions_per_loop=3 ====
[13:04:52] planet 76: building queue full (5)
[13:04:52] planet 76: building queue full (5)
[13:04:52] planet 76: building queue full (5)
[13:04:52] research: already in progress
[2026-05-12 13:05:36] ==== loop 17/∞ | seed=1082114626775815843 archetype=turbo personality=minero focus=eco actions_per_loop=3 ====
[13:05:37] planet 76: building queue full (5)
[13:05:37] planet 76: building queue full (5)
[13:05:37] planet 76: building queue full (5)
[13:05:37] research: already in progress
[2026-05-12 13:06:19] ==== loop 18/∞ | seed=1082114626775815843 archetype=turbo personality=minero focus=eco actions_per_loop=3 ====
[13:06:20] planet 76: building queue full (5)
[13:06:20] planet 76: building queue full (5)
[13:06:20] planet 76: building queue full (5)
[13:06:20] research: already in progress
llm_inbox: recuperados 1 job(s) fallido→respondido (reintento aplicar)
llm_inbox: job 26 done (mensaje ya no existe)
[2026-05-12 13:06:55] ==== loop 1/1 | seed=1082114626775815843 archetype=turbo personality=minero focus=eco actions_per_loop=3 ====
[13:06:56] planet 76: building queue full (5)
[13:06:56] planet 76: building queue full (5)
[13:06:56] planet 76: building queue full (5)
[2026-05-12 13:06:59] ==== loop 19/∞ | seed=1082114626775815843 archetype=turbo personality=minero focus=eco actions_per_loop=3 ====
[13:07:01] planet 76: building queue full (5)
[13:07:01] planet 76: building queue full (5)
[13:07:01] planet 76: building queue full (5)
[13:07:01] research: already in progress
[2026-05-12 13:07:38] ==== loop 20/∞ | seed=1082114626775815843 archetype=turbo personality=minero focus=eco actions_per_loop=3 ====
[13:07:39] planet 76: building queue full (5)
[13:07:39] planet 76: building queue full (5)
[13:07:39] planet 76: building queue full (5)
[2026-05-12 13:08:20] ==== loop 21/∞ | seed=1082114626775815843 archetype=turbo personality=minero focus=eco actions_per_loop=3 ====
[13:08:22] planet 76: building queue full (5)
[13:08:22] planet 76: building queue full (5)
[13:08:22] planet 76: building queue full (5)
[13:08:22] research: already in progress
[2026-05-12 13:09:37] ==== loop 1/∞ | seed=1082114626775815843 archetype=turbo personality=minero focus=eco actions_per_loop=3 ====
[13:09:38] planet 76: building queue full (5)
[13:09:38] planet 76: building queue full (5)
[13:09:38] planet 76: building queue full (5)
[2026-05-12 13:10:20] ==== loop 2/∞ | seed=1082114626775815843 archetype=turbo personality=minero focus=eco actions_per_loop=3 ====
[13:10:20] planet 76: queued building_hangar to 3
[2026-05-12 13:10:59] ==== loop 3/∞ | seed=1082114626775815843 archetype=turbo personality=minero focus=eco actions_per_loop=3 ====
[13:11:00] alliance: idle no_candidate
[13:11:00] planet 76: queued building_crystal_store to 6
[13:11:00] research: already in progress
[2026-05-12 13:11:39] ==== loop 4/∞ | seed=1082114626775815843 archetype=turbo personality=minero focus=eco actions_per_loop=3 ====
[13:11:41] planet 76: building queue full (5)
[13:11:41] planet 76: building queue full (5)
[13:11:41] planet 76: building queue full (5)
[2026-05-12 13:12:22] ==== loop 5/∞ | seed=1082114626775815843 archetype=turbo personality=minero focus=eco actions_per_loop=3 ====
[13:12:24] planet 76: building queue full (5)
[13:12:24] planet 76: building queue full (5)
[13:12:24] planet 76: building queue full (5)
[2026-05-12 13:13:02] ==== loop 6/∞ | seed=1082114626775815843 archetype=turbo personality=minero focus=eco actions_per_loop=3 ====
[13:13:05] planet 76: building queue full (5)
[13:13:05] planet 76: building queue full (5)
[13:13:05] planet 76: building queue full (5)
[2026-05-12 13:13:47] ==== loop 7/∞ | seed=1082114626775815843 archetype=turbo personality=minero focus=eco actions_per_loop=3 ====
[13:13:50] planet 76: building queue full (5)
[13:13:50] planet 76: building queue full (5)
[13:13:50] planet 76: building queue full (5)
[13:13:50] research: already in progress
[2026-05-12 13:14:32] ==== loop 8/∞ | seed=1082114626775815843 archetype=turbo personality=minero focus=eco actions_per_loop=3 ====
[13:14:34] planet 76: building queue full (5)
[13:14:34] planet 76: building queue full (5)
[13:14:34] planet 76: building queue full (5)
[2026-05-12 13:15:11] ==== loop 9/∞ | seed=1082114626775815843 archetype=turbo personality=minero focus=eco actions_per_loop=3 ====
[13:15:13] planet 76: building queue full (5)
[13:15:13] planet 76: building queue full (5)
[13:15:13] planet 76: building queue full (5)
[2026-05-12 13:15:57] ==== loop 10/∞ | seed=1082114626775815843 archetype=turbo personality=minero focus=eco actions_per_loop=3 ====
[13:16:00] planet 76: building queue full (5)
[13:16:00] planet 76: building queue full (5)
[13:16:00] planet 76: building queue full (5)
[13:16:00] research: already in progress
[2026-05-12 13:16:47] ==== loop 11/∞ | seed=1082114626775815843 archetype=turbo personality=minero focus=eco actions_per_loop=3 ====
[13:16:50] planet 76: building queue full (5)
[13:16:50] planet 76: building queue full (5)
[13:16:50] planet 76: building queue full (5)
[2026-05-12 13:17:29] ==== loop 12/∞ | seed=1082114626775815843 archetype=turbo personality=minero focus=eco actions_per_loop=3 ====
[13:17:30] planet 76: queued building_hangar to 4
[13:17:30] research: already in progress
[2026-05-12 13:18:14] ==== loop 13/∞ | seed=1082114626775815843 archetype=turbo personality=minero focus=eco actions_per_loop=3 ====
[13:18:15] planet 76: building queue full (5)
[13:18:15] planet 76: building queue full (5)
[13:18:15] planet 76: building queue full (5)
[13:18:15] research: already in progress
[2026-05-12 13:18:57] ==== loop 14/∞ | seed=1082114626775815843 archetype=turbo personality=minero focus=eco actions_per_loop=3 ====
[13:18:57] planet 76: building queue full (5)
[13:18:57] planet 76: building queue full (5)
[13:18:57] planet 76: building queue full (5)
[13:18:57] research: already in progress
[2026-05-12 13:19:41] ==== loop 15/∞ | seed=1082114626775815843 archetype=turbo personality=minero focus=eco actions_per_loop=3 ====
[13:19:42] planet 76: queued building_hangar to 5
[13:19:42] research: already in progress
[2026-05-12 13:20:21] ==== loop 16/∞ | seed=1082114626775815843 archetype=turbo personality=minero focus=eco actions_per_loop=3 ====
[13:20:21] planet 76: queued building_crystal_store to 7
[13:20:21] research: already in progress
[2026-05-12 13:21:06] ==== loop 17/∞ | seed=1082114626775815843 archetype=turbo personality=minero focus=eco actions_per_loop=3 ====
[13:21:08] planet 76: building queue full (5)
[13:21:08] planet 76: building queue full (5)
[13:21:08] planet 76: building queue full (5)
[2026-05-12 13:21:52] ==== loop 18/∞ | seed=1082114626775815843 archetype=turbo personality=minero focus=eco actions_per_loop=3 ====
[13:21:54] planet 76: building queue full (5)
[13:21:54] planet 76: building queue full (5)
[13:21:54] planet 76: building queue full (5)
[2026-05-12 13:22:56] ==== loop 1/∞ | seed=1082114626775815843 archetype=turbo personality=minero focus=eco actions_per_loop=3 ====
[13:22:58] planet 76: building queue full (5)
[13:22:58] planet 76: building queue full (5)
[13:22:58] planet 76: building queue full (5)
[13:22:58] research: already in progress
[2026-05-12 13:23:38] ==== loop 2/∞ | seed=1082114626775815843 archetype=turbo personality=minero focus=eco actions_per_loop=3 ====
[13:23:40] planet 76: building queue full (5)
[13:23:40] planet 76: building queue full (5)
[13:23:40] planet 76: building queue full (5)
[2026-05-12 13:24:14] ==== loop 3/∞ | seed=1082114626775815843 archetype=turbo personality=minero focus=eco actions_per_loop=3 ====
[13:24:17] planet 76: building queue full (5)
[13:24:17] planet 76: building queue full (5)
[13:24:17] planet 76: building queue full (5)
[2026-05-12 13:24:54] ==== loop 4/∞ | seed=1082114626775815843 archetype=turbo personality=minero focus=eco actions_per_loop=3 ====
[13:24:55] planet 76: queued building_crystal_store to 8
[2026-05-12 13:25:32] ==== loop 5/∞ | seed=1082114626775815843 archetype=turbo personality=minero focus=eco actions_per_loop=3 ====
[13:25:35] alliance: idle no_candidate
[13:25:35] planet 76: building queue full (5)
[13:25:35] planet 76: building queue full (5)
[13:25:35] planet 76: building queue full (5)
[13:25:35] research: already in progress
[2026-05-12 13:26:22] ==== loop 6/∞ | seed=1082114626775815843 archetype=turbo personality=minero focus=eco actions_per_loop=3 ====
[13:26:24] planet 76: building queue full (5)
[13:26:24] planet 76: building queue full (5)
[13:26:24] planet 76: building queue full (5)
[13:26:24] research: already in progress
[2026-05-12 13:27:02] ==== loop 7/∞ | seed=1082114626775815843 archetype=turbo personality=minero focus=eco actions_per_loop=3 ====
[13:27:03] planet 76: building queue full (5)
[13:27:03] planet 76: building queue full (5)
[13:27:03] planet 76: building queue full (5)
[13:27:03] research: already in progress
[2026-05-12 13:27:41] ==== loop 8/∞ | seed=1082114626775815843 archetype=turbo personality=minero focus=eco actions_per_loop=3 ====
[13:27:43] planet 76: building queue full (5)
[13:27:43] planet 76: building queue full (5)
[13:27:43] planet 76: building queue full (5)
[13:27:43] research: already in progress
[2026-05-12 13:28:47] ==== loop 1/∞ | seed=1082114626775815843 archetype=turbo personality=minero focus=eco actions_per_loop=3 ====
[13:28:49] planet 76: building queue full (5)
[13:28:49] planet 76: building queue full (5)
[13:28:49] planet 76: building queue full (5)
[2026-05-12 13:29:27] ==== loop 2/∞ | seed=1082114626775815843 archetype=turbo personality=minero focus=eco actions_per_loop=3 ====
[13:29:30] planet 76: building queue full (5)
[13:29:30] planet 76: building queue full (5)
[13:29:30] planet 76: building queue full (5)
[2026-05-12 13:30:08] ==== loop 3/∞ | seed=1082114626775815843 archetype=turbo personality=minero focus=eco actions_per_loop=3 ====
[13:30:09] planet 76: queued building_deuterium_sintetizer to 1
[2026-05-12 13:30:45] ==== loop 4/∞ | seed=1082114626775815843 archetype=turbo personality=minero focus=eco actions_per_loop=3 ====
[13:30:46] planet 76: building queue full (5)
[13:30:46] planet 76: building queue full (5)
[13:30:46] planet 76: building queue full (5)
[13:30:46] research: already in progress
[2026-05-12 13:31:23] ==== loop 5/∞ | seed=1082114626775815843 archetype=turbo personality=minero focus=eco actions_per_loop=3 ====
[13:31:24] planet 76: building queue full (5)
[13:31:24] planet 76: building queue full (5)
[13:31:24] planet 76: building queue full (5)
[13:31:24] research: already in progress
[2026-05-12 13:32:01] ==== loop 6/∞ | seed=1082114626775815843 archetype=turbo personality=minero focus=eco actions_per_loop=3 ====
[13:32:03] planet 76: building queue full (5)
[13:32:03] planet 76: building queue full (5)
[13:32:03] planet 76: building queue full (5)
[13:32:03] research: already in progress
[2026-05-12 13:32:38] ==== loop 7/∞ | seed=1082114626775815843 archetype=turbo personality=minero focus=eco actions_per_loop=3 ====
[13:32:40] planet 76: building queue full (5)
[13:32:40] planet 76: building queue full (5)
[13:32:40] planet 76: building queue full (5)
[2026-05-12 13:33:22] ==== loop 8/∞ | seed=1082114626775815843 archetype=turbo personality=minero focus=eco actions_per_loop=3 ====
[13:33:23] planet 76: queued building_deuterium_sintetizer to 2
[13:33:23] research: already in progress
[2026-05-12 13:33:56] ==== loop 9/∞ | seed=1082114626775815843 archetype=turbo personality=minero focus=eco actions_per_loop=3 ====
[13:33:57] planet 76: queued building_deuterium_sintetizer to 3
[13:33:57] research: already in progress
[2026-05-12 13:34:33] ==== loop 10/∞ | seed=1082114626775815843 archetype=turbo personality=minero focus=eco actions_per_loop=3 ====
[13:34:33] planet 76: queued building_deuterium_sintetizer to 4
[13:34:33] research: already in progress
[2026-05-12 13:35:13] ==== loop 11/∞ | seed=1082114626775815843 archetype=turbo personality=minero focus=eco actions_per_loop=3 ====
[13:35:13] planet 76: queued building_deuterium_sintetizer to 5
[2026-05-12 13:35:51] ==== loop 12/∞ | seed=1082114626775815843 archetype=turbo personality=minero focus=eco actions_per_loop=3 ====
[13:35:52] planet 76: queued building_deuterium_sintetizer to 6
[2026-05-12 13:36:28] ==== loop 13/∞ | seed=1082114626775815843 archetype=turbo personality=minero focus=eco actions_per_loop=3 ====
[13:36:29] planet 76: queued ship_solar_satellite +1
[13:36:29] planet 76: skipped duplicate ship_solar_satellite this loop
[13:36:29] planet 76: skipped duplicate ship_solar_satellite this loop
[13:36:29] research: already in progress
[2026-05-12 13:37:02] ==== loop 14/∞ | seed=1082114626775815843 archetype=turbo personality=minero focus=eco actions_per_loop=3 ====
[13:37:03] planet 76: queued building_deuterium_sintetizer to 7
[13:37:03] research: already in progress
[2026-05-12 13:37:44] ==== loop 15/∞ | seed=1082114626775815843 archetype=turbo personality=minero focus=eco actions_per_loop=3 ====
[13:37:45] planet 76: queued ship_solar_satellite +2
[13:37:45] planet 76: queued building_deuterium_sintetizer to 8
[13:37:45] research: already in progress
[2026-05-12 13:38:25] ==== loop 16/∞ | seed=1082114626775815843 archetype=turbo personality=minero focus=eco actions_per_loop=3 ====
[13:38:25] planet 76: queued ship_solar_satellite +2
[13:38:25] planet 76: queued building_deuterium_sintetizer to 9
[13:38:25] research: already in progress
[2026-05-12 13:39:01] ==== loop 17/∞ | seed=1082114626775815843 archetype=turbo personality=minero focus=eco actions_per_loop=3 ====
[13:39:02] alliance: idle no_candidate
[13:39:02] planet 76: queued ship_solar_satellite +2
[13:39:02] planet 76: queued building_deuterium_sintetizer to 10
[2026-05-12 13:39:47] ==== loop 1/∞ | seed=1082114626775815843 archetype=turbo personality=minero focus=eco actions_per_loop=3 ====
[13:39:49] planet 76: queued ship_solar_satellite +3
[13:39:49] planet 76: queued building_deuterium_sintetizer to 11
[13:39:49] research: already in progress
[2026-05-12 13:40:20] ==== loop 2/∞ | seed=1082114626775815843 archetype=turbo personality=minero focus=eco actions_per_loop=3 ====
[13:40:20] planet 76: queued building_metal_mine to 23
[2026-05-12 13:40:59] ==== loop 1/∞ | seed=1082114626775815843 archetype=turbo personality=minero focus=eco actions_per_loop=3 ====
[13:41:01] planet 76: queued ship_solar_satellite +3
[13:41:01] planet 76: building queue full (5)
[13:41:01] planet 76: building queue full (5)
[13:41:01] research: already in progress
[2026-05-12 13:41:34] ==== loop 2/∞ | seed=1082114626775815843 archetype=turbo personality=minero focus=eco actions_per_loop=3 ====
[13:41:35] planet 76: building queue full (5)
[13:41:35] planet 76: building queue full (5)
[13:41:35] planet 76: building queue full (5)
[2026-05-12 13:42:07] ==== loop 3/∞ | seed=1082114626775815843 archetype=turbo personality=minero focus=eco actions_per_loop=3 ====
[13:42:10] planet 76: building queue full (5)
[13:42:10] planet 76: building queue full (5)
[13:42:10] planet 76: building queue full (5)
[2026-05-12 13:42:45] ==== loop 4/∞ | seed=1082114626775815843 archetype=turbo personality=minero focus=eco actions_per_loop=3 ====
[13:42:46] planet 76: building queue full (5)
[13:42:46] planet 76: building queue full (5)
[13:42:46] planet 76: building queue full (5)
[13:42:46] research: already in progress
[2026-05-12 13:43:26] ==== loop 5/∞ | seed=1082114626775815843 archetype=turbo personality=minero focus=eco actions_per_loop=3 ====
[13:43:28] planet 76: building queue full (5)
[13:43:28] planet 76: building queue full (5)
[13:43:28] planet 76: building queue full (5)
[13:43:28] research: already in progress
[2026-05-12 13:44:04] ==== loop 6/∞ | seed=1082114626775815843 archetype=turbo personality=minero focus=eco actions_per_loop=3 ====
[13:44:05] planet 76: building queue full (5)
[13:44:05] planet 76: building queue full (5)
[13:44:05] planet 76: building queue full (5)
[2026-05-12 13:44:54] ==== loop 1/∞ | seed=1082114626775815843 archetype=turbo personality=minero focus=eco actions_per_loop=3 ====
[13:44:55] planet 76: building queue full (5)
[13:44:55] planet 76: building queue full (5)
[13:44:55] planet 76: building queue full (5)
[13:44:55] research: already in progress
[2026-05-12 13:45:30] ==== loop 2/∞ | seed=1082114626775815843 archetype=turbo personality=minero focus=eco actions_per_loop=3 ====
[13:45:32] planet 76: building queue full (5)
[13:45:32] planet 76: building queue full (5)
[13:45:32] planet 76: building queue full (5)
[13:45:32] research: already in progress
[2026-05-12 13:46:05] ==== loop 3/∞ | seed=1082114626775815843 archetype=turbo personality=minero focus=eco actions_per_loop=3 ====
[13:46:07] planet 76: building queue full (5)
[13:46:07] planet 76: building queue full (5)
[13:46:07] planet 76: building queue full (5)
[13:46:07] research: already in progress
[2026-05-12 13:46:45] ==== loop 4/∞ | seed=1082114626775815843 archetype=turbo personality=minero focus=eco actions_per_loop=3 ====
[13:46:47] planet 76: building queue full (5)
[13:46:47] planet 76: building queue full (5)
[13:46:47] planet 76: building queue full (5)
[2026-05-12 13:47:15] ==== loop 5/∞ | seed=1082114626775815843 archetype=turbo personality=minero focus=eco actions_per_loop=3 ====
[13:47:18] planet 76: building queue full (5)
[13:47:18] planet 76: building queue full (5)
[13:47:18] planet 76: building queue full (5)
[2026-05-12 13:47:55] ==== loop 6/∞ | seed=1082114626775815843 archetype=turbo personality=minero focus=eco actions_per_loop=3 ====
[13:47:58] planet 76: building queue full (5)
[13:47:58] planet 76: building queue full (5)
[13:47:58] planet 76: building queue full (5)
[13:47:58] research: already in progress
[2026-05-12 13:48:36] ==== loop 7/∞ | seed=1082114626775815843 archetype=turbo personality=minero focus=eco actions_per_loop=3 ====
[13:48:37] planet 76: building queue full (5)
[13:48:37] planet 76: building queue full (5)
[13:48:37] planet 76: building queue full (5)
[13:48:37] research: already in progress
[2026-05-12 13:49:18] ==== loop 8/∞ | seed=1082114626775815843 archetype=turbo personality=minero focus=eco actions_per_loop=3 ====
[13:49:20] planet 76: building queue full (5)
[13:49:20] planet 76: building queue full (5)
[13:49:20] planet 76: building queue full (5)
[13:49:20] research: already in progress
[2026-05-12 13:49:58] ==== loop 9/∞ | seed=1082114626775815843 archetype=turbo personality=minero focus=eco actions_per_loop=3 ====
[13:49:59] planet 76: building queue full (5)
[13:49:59] planet 76: building queue full (5)
[2026-05-12 13:50:34] ==== loop 10/∞ | seed=1082114626775815843 archetype=turbo personality=minero focus=eco actions_per_loop=3 ====
[13:50:35] planet 76: queued ship_heavy_fighter +5
[13:50:35] planet 76: skipped duplicate ship_heavy_fighter this loop
[13:50:35] planet 76: skipped duplicate ship_heavy_fighter this loop
[13:50:35] research: already in progress
[2026-05-12 13:51:09] ==== loop 11/∞ | seed=1082114626775815843 archetype=turbo personality=minero focus=eco actions_per_loop=3 ====
[13:51:10] planet 76: queued ship_heavy_fighter +5
[13:51:10] planet 76: skipped duplicate ship_heavy_fighter this loop
[13:51:10] planet 76: skipped duplicate ship_heavy_fighter this loop
[2026-05-12 13:51:44] ==== loop 12/∞ | seed=1082114626775815843 archetype=turbo personality=minero focus=eco actions_per_loop=3 ====
[13:51:45] alliance: idle no_candidate
[13:51:45] planet 76: queued ship_heavy_fighter +5
[13:51:45] planet 76: skipped duplicate ship_heavy_fighter this loop
[13:51:45] planet 76: skipped duplicate ship_heavy_fighter this loop
[2026-05-12 13:52:16] ==== loop 13/∞ | seed=1082114626775815843 archetype=turbo personality=minero focus=eco actions_per_loop=3 ====
[13:52:16] planet 76: queued ship_heavy_fighter +5
[13:52:16] planet 76: skipped duplicate ship_heavy_fighter this loop
[13:52:16] planet 76: skipped duplicate ship_heavy_fighter this loop
[2026-05-12 13:52:54] ==== loop 14/∞ | seed=1082114626775815843 archetype=turbo personality=minero focus=eco actions_per_loop=3 ====
[13:52:55] planet 76: queued ship_heavy_fighter +5
[13:52:55] planet 76: skipped duplicate ship_heavy_fighter this loop
[13:52:55] planet 76: skipped duplicate ship_heavy_fighter this loop
[13:52:55] research: already in progress
[2026-05-12 13:53:27] ==== loop 15/∞ | seed=1082114626775815843 archetype=turbo personality=minero focus=eco actions_per_loop=3 ====
[13:53:28] planet 76: queued ship_heavy_fighter +5
[13:53:28] planet 76: skipped duplicate ship_heavy_fighter this loop
[13:53:28] planet 76: skipped duplicate ship_heavy_fighter this loop
[13:53:28] research: already in progress
[2026-05-12 13:54:05] ==== loop 16/∞ | seed=1082114626775815843 archetype=turbo personality=minero focus=eco actions_per_loop=3 ====
[13:54:05] planet 76: queued ship_heavy_fighter +5
[13:54:05] planet 76: skipped duplicate ship_heavy_fighter this loop
[13:54:05] planet 76: skipped duplicate ship_heavy_fighter this loop
[2026-05-12 13:54:43] ==== loop 17/∞ | seed=1082114626775815843 archetype=turbo personality=minero focus=eco actions_per_loop=3 ====
[13:54:44] planet 76: queued ship_heavy_fighter +5
[13:54:44] planet 76: skipped duplicate ship_heavy_fighter this loop
[13:54:44] planet 76: skipped duplicate ship_heavy_fighter this loop
[2026-05-12 13:55:19] ==== loop 18/∞ | seed=1082114626775815843 archetype=turbo personality=minero focus=eco actions_per_loop=3 ====
[13:55:20] planet 76: queued ship_heavy_fighter +5
[13:55:20] planet 76: skipped duplicate ship_heavy_fighter this loop
[13:55:20] planet 76: skipped duplicate ship_heavy_fighter this loop
[13:55:20] research: already in progress
[2026-05-12 13:55:59] ==== loop 19/∞ | seed=1082114626775815843 archetype=turbo personality=minero focus=eco actions_per_loop=3 ====
[13:56:00] planet 76: queued ship_heavy_fighter +5
[13:56:00] planet 76: skipped duplicate ship_heavy_fighter this loop
[13:56:00] planet 76: skipped duplicate ship_heavy_fighter this loop
[2026-05-12 13:56:32] ==== loop 20/∞ | seed=1082114626775815843 archetype=turbo personality=minero focus=eco actions_per_loop=3 ====
[13:56:33] planet 76: queued ship_heavy_fighter +5
[13:56:33] planet 76: skipped duplicate ship_heavy_fighter this loop
[13:56:33] planet 76: skipped duplicate ship_heavy_fighter this loop
[13:56:33] research: already in progress
[2026-05-12 13:57:09] ==== loop 21/∞ | seed=1082114626775815843 archetype=turbo personality=minero focus=eco actions_per_loop=3 ====
[13:57:10] planet 76: queued ship_heavy_fighter +5
[13:57:10] planet 76: skipped duplicate ship_heavy_fighter this loop
[13:57:10] planet 76: skipped duplicate ship_heavy_fighter this loop
[2026-05-12 13:57:46] ==== loop 22/∞ | seed=1082114626775815843 archetype=turbo personality=minero focus=eco actions_per_loop=3 ====
[13:57:46] planet 76: queued ship_heavy_fighter +5
[13:57:46] planet 76: skipped duplicate ship_heavy_fighter this loop
[13:57:46] planet 76: skipped duplicate ship_heavy_fighter this loop
[2026-05-12 13:58:22] ==== loop 23/∞ | seed=1082114626775815843 archetype=turbo personality=minero focus=eco actions_per_loop=3 ====
[13:58:23] planet 76: queued ship_heavy_fighter +5
[13:58:23] planet 76: skipped duplicate ship_heavy_fighter this loop
[13:58:23] planet 76: skipped duplicate ship_heavy_fighter this loop
[13:58:23] research: already in progress
[2026-05-12 13:58:59] ==== loop 24/∞ | seed=1082114626775815843 archetype=turbo personality=minero focus=eco actions_per_loop=3 ====
[13:58:59] planet 76: queued ship_heavy_fighter +5
[13:58:59] planet 76: skipped duplicate ship_heavy_fighter this loop
[13:58:59] planet 76: skipped duplicate ship_heavy_fighter this loop
[2026-05-12 13:59:33] ==== loop 25/∞ | seed=1082114626775815843 archetype=turbo personality=minero focus=eco actions_per_loop=3 ====
[13:59:34] planet 76: queued ship_heavy_fighter +5
[13:59:34] planet 76: skipped duplicate ship_heavy_fighter this loop
[13:59:34] planet 76: skipped duplicate ship_heavy_fighter this loop
[13:59:34] research: already in progress
[2026-05-12 14:00:05] ==== loop 26/∞ | seed=1082114626775815843 archetype=turbo personality=minero focus=eco actions_per_loop=3 ====
[14:00:06] planet 76: queued building_crystal_mine to 20
[14:00:06] research: already in progress
[2026-05-12 14:00:38] ==== loop 27/∞ | seed=1082114626775815843 archetype=turbo personality=minero focus=eco actions_per_loop=3 ====
[14:00:40] planet 76: building queue full (5)
[14:00:40] planet 76: building queue full (5)
[14:00:40] planet 76: building queue full (5)
[14:00:40] research: already in progress
[2026-05-12 14:01:17] ==== loop 28/∞ | seed=1082114626775815843 archetype=turbo personality=minero focus=eco actions_per_loop=3 ====
[14:01:19] planet 76: building queue full (5)
[14:01:19] planet 76: building queue full (5)
[14:01:19] planet 76: building queue full (5)
[14:01:19] research: already in progress
[2026-05-12 14:01:57] ==== loop 29/∞ | seed=1082114626775815843 archetype=turbo personality=minero focus=eco actions_per_loop=3 ====
[14:01:59] planet 76: building queue full (5)
[14:01:59] planet 76: building queue full (5)
[14:01:59] planet 76: building queue full (5)
[2026-05-12 14:02:41] ==== loop 30/∞ | seed=1082114626775815843 archetype=turbo personality=minero focus=eco actions_per_loop=3 ====
[14:02:43] planet 76: building queue full (5)
[14:02:43] planet 76: building queue full (5)
[14:02:43] planet 76: building queue full (5)
[14:02:43] research: already in progress
[2026-05-12 14:03:19] ==== loop 31/∞ | seed=1082114626775815843 archetype=turbo personality=minero focus=eco actions_per_loop=3 ====
[14:03:21] planet 76: building queue full (5)
[14:03:21] planet 76: building queue full (5)
[14:03:21] planet 76: building queue full (5)
[14:03:21] research: already in progress
[2026-05-12 14:03:59] ==== loop 32/∞ | seed=1082114626775815843 archetype=turbo personality=minero focus=eco actions_per_loop=3 ====
[14:04:02] alliance: idle no_candidate
[14:04:02] planet 76: building queue full (5)
[14:04:02] planet 76: building queue full (5)
[14:04:02] planet 76: building queue full (5)
[2026-05-12 14:04:39] ==== loop 33/∞ | seed=1082114626775815843 archetype=turbo personality=minero focus=eco actions_per_loop=3 ====
[14:04:42] planet 76: building queue full (5)
[14:04:42] planet 76: building queue full (5)
[14:04:42] planet 76: building queue full (5)
[2026-05-12 14:05:21] ==== loop 34/∞ | seed=1082114626775815843 archetype=turbo personality=minero focus=eco actions_per_loop=3 ====
[14:05:21] planet 76: queued ship_solar_satellite +5
[14:05:21] planet 76: skipped duplicate ship_solar_satellite this loop
[14:05:21] planet 76: skipped duplicate ship_solar_satellite this loop
[2026-05-12 14:05:56] ==== loop 35/∞ | seed=1082114626775815843 archetype=turbo personality=minero focus=eco actions_per_loop=3 ====
[14:05:58] planet 76: building queue full (5)
[14:05:58] planet 76: building queue full (5)
[14:05:58] planet 76: building queue full (5)
[14:05:58] research: already in progress
[2026-05-12 14:06:35] ==== loop 36/∞ | seed=1082114626775815843 archetype=turbo personality=minero focus=eco actions_per_loop=3 ====
[14:06:38] planet 76: building queue full (5)
[14:06:38] planet 76: building queue full (5)
[14:06:38] planet 76: building queue full (5)
[14:06:38] research: already in progress
[2026-05-12 14:07:17] ==== loop 37/∞ | seed=1082114626775815843 archetype=turbo personality=minero focus=eco actions_per_loop=3 ====
[14:07:19] planet 76: building queue full (5)
[14:07:19] planet 76: building queue full (5)
[14:07:19] planet 76: building queue full (5)
[2026-05-12 14:07:55] ==== loop 38/∞ | seed=1082114626775815843 archetype=turbo personality=minero focus=eco actions_per_loop=3 ====
[14:07:57] planet 76: building queue full (5)
[14:07:57] planet 76: building queue full (5)
[14:07:57] planet 76: building queue full (5)
[2026-05-12 14:08:36] ==== loop 39/∞ | seed=1082114626775815843 archetype=turbo personality=minero focus=eco actions_per_loop=3 ====
[14:08:38] planet 76: building queue full (5)
[14:08:38] planet 76: building queue full (5)
[14:08:38] planet 76: building queue full (5)
[14:08:38] research: already in progress
[2026-05-12 14:09:21] ==== loop 40/∞ | seed=1082114626775815843 archetype=turbo personality=minero focus=eco actions_per_loop=3 ====
[14:09:23] planet 76: building queue full (5)
[14:09:23] planet 76: building queue full (5)
[14:09:23] planet 76: building queue full (5)
[14:09:23] research: already in progress
[2026-05-12 14:10:00] ==== loop 41/∞ | seed=1082114626775815843 archetype=turbo personality=minero focus=eco actions_per_loop=3 ====
[14:10:01] planet 76: queued ship_light_fighter +5
[14:10:01] planet 76: skipped duplicate ship_light_fighter this loop
[14:10:01] planet 76: skipped duplicate ship_light_fighter this loop
[14:10:01] research: already in progress
[2026-05-12 14:10:40] ==== loop 42/∞ | seed=1082114626775815843 archetype=turbo personality=minero focus=eco actions_per_loop=3 ====
[14:10:40] planet 76: queued ship_light_fighter +5
[14:10:40] planet 76: skipped duplicate ship_light_fighter this loop
[14:10:40] planet 76: skipped duplicate ship_light_fighter this loop
[2026-05-12 14:11:21] ==== loop 43/∞ | seed=1082114626775815843 archetype=turbo personality=minero focus=eco actions_per_loop=3 ====
[14:11:21] planet 76: queued ship_light_fighter +5
[14:11:21] planet 76: skipped duplicate ship_light_fighter this loop
[14:11:21] planet 76: skipped duplicate ship_light_fighter this loop
[14:11:21] research: already in progress
[2026-05-12 14:11:56] ==== loop 44/∞ | seed=1082114626775815843 archetype=turbo personality=minero focus=eco actions_per_loop=3 ====
[14:11:57] planet 76: queued ship_light_fighter +5
[14:11:57] planet 76: skipped duplicate ship_light_fighter this loop
[14:11:57] planet 76: skipped duplicate ship_light_fighter this loop
[14:11:57] research: already in progress
[2026-05-12 14:12:33] ==== loop 45/∞ | seed=1082114626775815843 archetype=turbo personality=minero focus=eco actions_per_loop=3 ====
[14:12:34] planet 76: queued ship_light_fighter +5
[14:12:34] planet 76: skipped duplicate ship_light_fighter this loop
[14:12:34] research: already in progress
[2026-05-12 14:13:10] ==== loop 46/∞ | seed=1082114626775815843 archetype=turbo personality=minero focus=eco actions_per_loop=3 ====
[14:13:10] planet 76: queued ship_light_fighter +5
[14:13:10] planet 76: skipped duplicate ship_light_fighter this loop
[14:13:10] planet 76: skipped duplicate ship_light_fighter this loop
[2026-05-12 14:13:47] ==== loop 47/∞ | seed=1082114626775815843 archetype=turbo personality=minero focus=eco actions_per_loop=3 ====
[14:13:48] planet 76: queued ship_light_fighter +5
[14:13:48] planet 76: skipped duplicate ship_light_fighter this loop
[14:13:48] planet 76: skipped duplicate ship_light_fighter this loop
[14:13:48] research: already in progress
[2026-05-12 14:14:24] ==== loop 48/∞ | seed=1082114626775815843 archetype=turbo personality=minero focus=eco actions_per_loop=3 ====
[14:14:25] planet 76: queued ship_light_fighter +5
[14:14:25] planet 76: skipped duplicate ship_light_fighter this loop
[14:14:25] planet 76: skipped duplicate ship_light_fighter this loop
[2026-05-12 14:15:00] ==== loop 49/∞ | seed=1082114626775815843 archetype=turbo personality=minero focus=eco actions_per_loop=3 ====
[14:15:01] planet 76: queued ship_light_fighter +5
[14:15:01] planet 76: skipped duplicate ship_light_fighter this loop
[2026-05-12 14:15:40] ==== loop 50/∞ | seed=1082114626775815843 archetype=turbo personality=minero focus=eco actions_per_loop=3 ====
[14:15:42] planet 76: queued ship_light_fighter +5
[14:15:42] planet 76: skipped duplicate ship_light_fighter this loop
[14:15:42] planet 76: skipped duplicate ship_light_fighter this loop
[14:15:42] research: already in progress
[2026-05-12 14:16:15] ==== loop 51/∞ | seed=1082114626775815843 archetype=turbo personality=minero focus=eco actions_per_loop=3 ====
[14:16:15] planet 76: queued ship_light_fighter +5
[14:16:15] planet 76: skipped duplicate ship_light_fighter this loop
[14:16:15] planet 76: skipped duplicate ship_light_fighter this loop
[2026-05-12 14:16:49] ==== loop 52/∞ | seed=1082114626775815843 archetype=turbo personality=minero focus=eco actions_per_loop=3 ====
[14:16:50] alliance: idle no_candidate
[14:16:50] planet 76: queued ship_light_fighter +5
[14:16:50] planet 76: skipped duplicate ship_light_fighter this loop
[14:16:50] planet 76: skipped duplicate ship_light_fighter this loop
[2026-05-12 14:17:25] ==== loop 53/∞ | seed=1082114626775815843 archetype=turbo personality=minero focus=eco actions_per_loop=3 ====
[14:17:25] planet 76: queued ship_light_fighter +5
[14:17:25] planet 76: skipped duplicate ship_light_fighter this loop
[14:17:25] planet 76: skipped duplicate ship_light_fighter this loop
[2026-05-12 14:18:01] ==== loop 54/∞ | seed=1082114626775815843 archetype=turbo personality=minero focus=eco actions_per_loop=3 ====
[14:18:01] planet 76: queued ship_light_fighter +5
[14:18:01] planet 76: skipped duplicate ship_light_fighter this loop
[14:18:01] planet 76: skipped duplicate ship_light_fighter this loop
[14:18:01] research: already in progress
[2026-05-12 14:18:36] ==== loop 55/∞ | seed=1082114626775815843 archetype=turbo personality=minero focus=eco actions_per_loop=3 ====
[14:18:37] planet 76: queued ship_light_fighter +5
[14:18:37] planet 76: skipped duplicate ship_light_fighter this loop
[14:18:37] planet 76: skipped duplicate ship_light_fighter this loop
[14:18:37] research: already in progress
[2026-05-12 14:19:14] ==== loop 56/∞ | seed=1082114626775815843 archetype=turbo personality=minero focus=eco actions_per_loop=3 ====
[14:19:15] planet 76: queued ship_light_fighter +5
[14:19:15] planet 76: skipped duplicate ship_light_fighter this loop
[14:19:15] planet 76: skipped duplicate ship_light_fighter this loop
[14:19:15] research: already in progress
[2026-05-12 14:19:54] ==== loop 57/∞ | seed=1082114626775815843 archetype=turbo personality=minero focus=eco actions_per_loop=3 ====
[14:19:55] planet 76: queued ship_light_fighter +5
[14:19:55] planet 76: skipped duplicate ship_light_fighter this loop
[14:19:55] planet 76: skipped duplicate ship_light_fighter this loop
[14:19:55] research: already in progress
[2026-05-12 14:20:33] ==== loop 58/∞ | seed=1082114626775815843 archetype=turbo personality=minero focus=eco actions_per_loop=3 ====
[14:20:34] planet 76: queued building_deuterium_tank to 1
[2026-05-12 14:21:13] ==== loop 59/∞ | seed=1082114626775815843 archetype=turbo personality=minero focus=eco actions_per_loop=3 ====
[14:21:15] planet 76: building queue full (5)
[14:21:15] planet 76: building queue full (5)
[14:21:15] planet 76: building queue full (5)
[2026-05-12 14:21:51] ==== loop 60/∞ | seed=1082114626775815843 archetype=turbo personality=minero focus=eco actions_per_loop=3 ====
[14:21:54] planet 76: building queue full (5)
[14:21:54] planet 76: building queue full (5)
[14:21:54] planet 76: building queue full (5)
[14:21:54] research: already in progress
[2026-05-12 14:22:40] ==== loop 61/∞ | seed=1082114626775815843 archetype=turbo personality=minero focus=eco actions_per_loop=3 ====
[14:22:42] planet 76: building queue full (5)
[14:22:42] planet 76: building queue full (5)
[14:22:42] planet 76: building queue full (5)
[14:22:42] research: already in progress
[2026-05-12 14:23:28] ==== loop 62/∞ | seed=1082114626775815843 archetype=turbo personality=minero focus=eco actions_per_loop=3 ====
[14:23:30] planet 76: building queue full (5)
[14:23:30] planet 76: building queue full (5)
[14:23:30] planet 76: building queue full (5)
[14:23:30] research: already in progress
[2026-05-12 14:24:11] ==== loop 63/∞ | seed=1082114626775815843 archetype=turbo personality=minero focus=eco actions_per_loop=3 ====
[14:24:12] planet 76: building queue full (5)
[14:24:12] planet 76: building queue full (5)
[14:24:12] planet 76: building queue full (5)
[14:24:12] research: already in progress
[2026-05-12 14:24:47] ==== loop 64/∞ | seed=1082114626775815843 archetype=turbo personality=minero focus=eco actions_per_loop=3 ====
[14:24:50] planet 76: building queue full (5)
[14:24:50] planet 76: building queue full (5)
[14:24:50] planet 76: building queue full (5)
[14:24:50] research: already in progress
[2026-05-12 14:25:29] ==== loop 65/∞ | seed=1082114626775815843 archetype=turbo personality=minero focus=eco actions_per_loop=3 ====
[14:25:31] planet 76: building queue full (5)
[14:25:31] planet 76: building queue full (5)
[14:25:31] planet 76: building queue full (5)
[2026-05-12 14:26:09] ==== loop 66/∞ | seed=1082114626775815843 archetype=turbo personality=minero focus=eco actions_per_loop=3 ====
[14:26:12] planet 76: building queue full (5)
[14:26:12] planet 76: building queue full (5)
[14:26:12] planet 76: building queue full (5)
[14:26:12] research: already in progress
[2026-05-12 14:26:53] ==== loop 67/∞ | seed=1082114626775815843 archetype=turbo personality=minero focus=eco actions_per_loop=3 ====
[14:26:55] planet 76: building queue full (5)
[14:26:55] planet 76: building queue full (5)
[14:26:55] planet 76: building queue full (5)
[14:26:55] research: already in progress
[2026-05-12 14:27:39] ==== loop 68/∞ | seed=1082114626775815843 archetype=turbo personality=minero focus=eco actions_per_loop=3 ====
[14:27:40] planet 76: building queue full (5)
[14:27:40] planet 76: building queue full (5)
[14:27:40] planet 76: building queue full (5)
[14:27:40] research: already in progress
[2026-05-12 14:28:19] ==== loop 69/∞ | seed=1082114626775815843 archetype=turbo personality=minero focus=eco actions_per_loop=3 ====
[14:28:22] planet 76: building queue full (5)
[14:28:22] planet 76: building queue full (5)
[14:28:22] planet 76: building queue full (5)
[14:28:22] research: already in progress
[2026-05-12 14:29:00] ==== loop 70/∞ | seed=1082114626775815843 archetype=turbo personality=minero focus=eco actions_per_loop=3 ====
[14:29:02] planet 76: building queue full (5)
[14:29:02] planet 76: building queue full (5)
[14:29:02] planet 76: building queue full (5)
[14:29:02] research: already in progress
[2026-05-12 14:29:43] ==== loop 71/∞ | seed=1082114626775815843 archetype=turbo personality=minero focus=eco actions_per_loop=3 ====
[14:29:43] planet 76: queued ship_solar_satellite +3
[14:29:43] planet 76: queued building_solar_plant to 22
[14:29:43] research: already in progress
[2026-05-12 14:30:28] ==== loop 72/∞ | seed=1082114626775815843 archetype=turbo personality=minero focus=eco actions_per_loop=3 ====
[14:30:28] alliance: idle no_candidate
[14:30:28] planet 76: queued building_metal_mine to 24
[14:30:28] research: already in progress
[2026-05-12 14:31:11] ==== loop 73/∞ | seed=1082114626775815843 archetype=turbo personality=minero focus=eco actions_per_loop=3 ====
[14:31:14] planet 76: building queue full (5)
[14:31:14] planet 76: building queue full (5)
[14:31:14] planet 76: building queue full (5)
[14:31:14] research: already in progress
[2026-05-12 14:32:03] ==== loop 74/∞ | seed=1082114626775815843 archetype=turbo personality=minero focus=eco actions_per_loop=3 ====
[14:32:03] planet 76: building queue full (5)
[14:32:03] planet 76: building queue full (5)
[14:32:03] planet 76: building queue full (5)
[14:32:03] research: already in progress
[2026-05-12 14:32:46] ==== loop 75/∞ | seed=1082114626775815843 archetype=turbo personality=minero focus=eco actions_per_loop=3 ====
[14:32:49] planet 76: building queue full (5)
[14:32:49] planet 76: building queue full (5)
[14:32:49] planet 76: building queue full (5)
[14:32:49] research: already in progress
[2026-05-12 14:33:35] ==== loop 76/∞ | seed=1082114626775815843 archetype=turbo personality=minero focus=eco actions_per_loop=3 ====
[14:33:37] planet 76: building queue full (5)
[14:33:37] planet 76: building queue full (5)
[14:33:37] planet 76: building queue full (5)
[2026-05-12 14:34:24] ==== loop 77/∞ | seed=1082114626775815843 archetype=turbo personality=minero focus=eco actions_per_loop=3 ====
[14:34:26] planet 76: building queue full (5)
[14:34:26] planet 76: building queue full (5)
[14:34:26] planet 76: building queue full (5)
[2026-05-12 14:35:26] ==== loop 1/∞ | seed=1082114626775815843 archetype=turbo personality=minero focus=eco actions_per_loop=3 ====
[14:35:27] planet 76: building queue full (5)
[14:35:27] planet 76: building queue full (5)
[14:35:27] planet 76: building queue full (5)
[14:35:27] research: already in progress
[2026-05-12 14:36:10] ==== loop 2/∞ | seed=1082114626775815843 archetype=turbo personality=minero focus=eco actions_per_loop=3 ====
[14:36:13] planet 76: building queue full (5)
[14:36:13] planet 76: building queue full (5)
[14:36:13] planet 76: building queue full (5)
[14:36:13] research: already in progress
[2026-05-12 14:36:55] ==== loop 3/∞ | seed=1082114626775815843 archetype=turbo personality=minero focus=eco actions_per_loop=3 ====
[14:36:57] planet 76: building queue full (5)
[14:36:57] planet 76: building queue full (5)
[14:36:57] planet 76: building queue full (5)
[14:36:57] research: already in progress
[2026-05-12 14:37:43] ==== loop 4/∞ | seed=1082114626775815843 archetype=turbo personality=minero focus=eco actions_per_loop=3 ====
[14:37:45] planet 76: building queue full (5)
[14:37:45] planet 76: building queue full (5)
[2026-05-12 14:38:27] ==== loop 5/∞ | seed=1082114626775815843 archetype=turbo personality=minero focus=eco actions_per_loop=3 ====
[14:38:28] planet 76: building queue full (5)
[14:38:28] planet 76: building queue full (5)
[14:38:28] planet 76: building queue full (5)
[14:38:28] research: already in progress
[2026-05-12 14:39:14] ==== loop 6/∞ | seed=1082114626775815843 archetype=turbo personality=minero focus=eco actions_per_loop=3 ====
[14:39:15] planet 76: building queue full (5)
[14:39:15] planet 76: building queue full (5)
[14:39:15] planet 76: building queue full (5)
[2026-05-12 14:40:01] ==== loop 7/∞ | seed=1082114626775815843 archetype=turbo personality=minero focus=eco actions_per_loop=3 ====
[14:40:02] planet 76: queued building_crystal_store to 9
[2026-05-12 14:40:50] ==== loop 8/∞ | seed=1082114626775815843 archetype=turbo personality=minero focus=eco actions_per_loop=3 ====
[14:40:50] planet 76: queue busy, throttled building_robot_factory
[14:40:50] planet 76: queue busy, throttled building_robot_factory
[14:40:50] planet 76: queue busy, throttled building_robot_factory
[2026-05-12 14:41:30] ==== loop 9/∞ | seed=1082114626775815843 archetype=turbo personality=minero focus=eco actions_per_loop=3 ====
[14:41:30] planet 76: queue busy, throttled building_robot_factory
[14:41:30] planet 76: queue busy, throttled building_robot_factory
[14:41:30] planet 76: queue busy, throttled building_robot_factory
[14:41:30] research: already in progress
[2026-05-12 14:42:12] ==== loop 10/∞ | seed=1082114626775815843 archetype=turbo personality=minero focus=eco actions_per_loop=3 ====
[14:42:12] planet 76: queue busy, throttled building_robot_factory
[14:42:12] planet 76: queue busy, throttled building_robot_factory
[14:42:12] planet 76: queue busy, throttled building_robot_factory
[2026-05-12 14:42:56] ==== loop 11/∞ | seed=1082114626775815843 archetype=turbo personality=minero focus=eco actions_per_loop=3 ====
[14:42:56] planet 76: queue busy, throttled building_robot_factory
[14:42:56] planet 76: queue busy, throttled building_robot_factory
[14:42:56] planet 76: queue busy, throttled building_robot_factory
[2026-05-12 14:43:40] ==== loop 12/∞ | seed=1082114626775815843 archetype=turbo personality=minero focus=eco actions_per_loop=3 ====
[14:43:40] planet 76: queue busy, throttled building_robot_factory
[14:43:40] planet 76: queue busy, throttled building_robot_factory
[14:43:40] planet 76: queue busy, throttled building_robot_factory
[14:43:40] research: already in progress
[2026-05-12 14:44:26] ==== loop 13/∞ | seed=1082114626775815843 archetype=turbo personality=minero focus=eco actions_per_loop=3 ====
[14:44:26] planet 76: queue busy, throttled building_robot_factory
[14:44:26] planet 76: queue busy, throttled building_robot_factory
[14:44:26] planet 76: queue busy, throttled building_robot_factory
[14:44:26] research: already in progress
[2026-05-12 14:45:10] ==== loop 14/∞ | seed=1082114626775815843 archetype=turbo personality=minero focus=eco actions_per_loop=3 ====
[14:45:10] planet 76: queue busy, throttled building_robot_factory
[14:45:10] planet 76: queue busy, throttled building_robot_factory
[14:45:10] planet 76: queue busy, throttled building_robot_factory
[2026-05-12 14:45:53] ==== loop 15/∞ | seed=1082114626775815843 archetype=turbo personality=minero focus=eco actions_per_loop=3 ====
[14:45:53] alliance: idle no_candidate
[14:45:53] planet 76: queue busy, throttled building_robot_factory
[14:45:53] planet 76: queue busy, throttled building_robot_factory
[14:45:53] research: already in progress
[2026-05-12 14:46:35] ==== loop 16/∞ | seed=1082114626775815843 archetype=turbo personality=minero focus=eco actions_per_loop=3 ====
[14:46:35] planet 76: queue busy, throttled building_robot_factory
[14:46:35] planet 76: queue busy, throttled building_robot_factory
[14:46:35] planet 76: queue busy, throttled building_robot_factory
[14:46:35] research: already in progress
[2026-05-12 14:47:17] ==== loop 17/∞ | seed=1082114626775815843 archetype=turbo personality=minero focus=eco actions_per_loop=3 ====
[14:47:18] planet 76: building queue full (5)
[14:47:18] planet 76: building queue full (5)
[14:47:18] planet 76: building queue full (5)
[2026-05-12 14:48:03] ==== loop 18/∞ | seed=1082114626775815843 archetype=turbo personality=minero focus=eco actions_per_loop=3 ====
[14:48:05] planet 76: building queue full (5)
[14:48:05] planet 76: building queue full (5)
[14:48:05] planet 76: building queue full (5)
