[2026-05-08 12:15:14] ==== loop 1/∞ | seed=700949671613944981 archetype=turtle personality=flotero focus=eco actions_per_loop=4 ====
[2026-05-08 12:15:27] ==== loop 1/∞ | seed=700949671613944981 archetype=turtle personality=flotero focus=eco actions_per_loop=4 ====
[12:15:29] planet 28: queued ship_solar_satellite +25
[12:15:29] planet 28: queued ship_solar_satellite +25
[12:15:29] planet 28: queued ship_solar_satellite +25
[12:15:29] planet 28: queued ship_solar_satellite +25
[12:15:29] research: blocked research_energy_technology (building_laboratory 0/1)
[2026-05-08 12:16:04] ==== loop 2/∞ | seed=700949671613944981 archetype=turtle personality=flotero focus=eco actions_per_loop=4 ====
[12:16:06] planet 28: queued ship_solar_satellite +25
[12:16:06] planet 28: queued ship_solar_satellite +25
[12:16:06] planet 28: no resources for ship_solar_satellite+25
[2026-05-08 12:16:39] ==== loop 3/∞ | seed=700949671613944981 archetype=turtle personality=flotero focus=eco actions_per_loop=4 ====
[12:16:40] planet 28: no resources for ship_solar_satellite+25
[12:16:40] research: blocked research_energy_technology (building_laboratory 0/1)
[2026-05-08 12:17:12] ==== loop 4/∞ | seed=700949671613944981 archetype=turtle personality=flotero focus=eco actions_per_loop=4 ====
[12:17:12] planet 28: no resources for ship_solar_satellite+25
[12:17:12] research: blocked research_energy_technology (building_laboratory 0/1)
[2026-05-08 12:17:45] ==== loop 5/∞ | seed=700949671613944981 archetype=turtle personality=flotero focus=eco actions_per_loop=4 ====
[12:17:45] planet 28: no resources for ship_solar_satellite+25
[12:17:45] research: blocked research_energy_technology (building_laboratory 0/1)
[2026-05-08 12:18:09] ==== loop 1/∞ | seed=700949671613944981 archetype=turtle personality=flotero focus=eco actions_per_loop=4 ====
[12:18:10] planet 28: no resources for ship_solar_satellite+25
[12:18:10] research: blocked research_energy_technology (building_laboratory 0/1)
[2026-05-08 12:18:40] ==== loop 2/∞ | seed=700949671613944981 archetype=turtle personality=flotero focus=eco actions_per_loop=4 ====
[12:18:40] planet 28: no resources for ship_solar_satellite+25
[12:18:40] research: blocked research_energy_technology (building_laboratory 0/1)
[2026-05-08 12:19:13] ==== loop 3/∞ | seed=700949671613944981 archetype=turtle personality=flotero focus=eco actions_per_loop=4 ====
[12:19:15] planet 28: no resources for ship_solar_satellite+25
[12:19:15] research: blocked research_energy_technology (building_laboratory 0/1)
[2026-05-08 12:19:47] ==== loop 4/∞ | seed=700949671613944981 archetype=turtle personality=flotero focus=eco actions_per_loop=4 ====
[12:19:48] planet 28: no resources for ship_solar_satellite+25
[2026-05-08 12:20:22] ==== loop 5/∞ | seed=700949671613944981 archetype=turtle personality=flotero focus=eco actions_per_loop=4 ====
[12:20:22] planet 28: no resources for ship_solar_satellite+25
[12:20:22] research: blocked research_energy_technology (building_laboratory 0/1)
[2026-05-08 12:20:45] ==== loop 1/∞ | seed=700949671613944981 archetype=turtle personality=flotero focus=eco actions_per_loop=4 ====
[12:20:46] planet 28: no resources for ship_solar_satellite+25
[12:20:46] research: blocked research_energy_technology (building_laboratory 0/1)
[2026-05-08 12:21:18] ==== loop 2/∞ | seed=700949671613944981 archetype=turtle personality=flotero focus=eco actions_per_loop=4 ====
[12:21:19] planet 28: no resources for ship_solar_satellite+25
[12:21:19] research: blocked research_energy_technology (building_laboratory 0/1)
[2026-05-08 12:21:52] ==== loop 3/∞ | seed=700949671613944981 archetype=turtle personality=flotero focus=eco actions_per_loop=4 ====
[12:21:53] planet 28: no resources for ship_solar_satellite+25
[2026-05-08 12:22:24] ==== loop 4/∞ | seed=700949671613944981 archetype=turtle personality=flotero focus=eco actions_per_loop=4 ====
[12:22:25] planet 28: no resources for ship_solar_satellite+25
[2026-05-08 12:23:00] ==== loop 5/∞ | seed=700949671613944981 archetype=turtle personality=flotero focus=eco actions_per_loop=4 ====
[12:23:01] planet 28: no resources for ship_solar_satellite+25
[12:23:01] research: blocked research_energy_technology (building_laboratory 0/1)
[2026-05-08 12:23:24] ==== loop 1/∞ | seed=700949671613944981 archetype=turtle personality=flotero focus=eco actions_per_loop=4 ====
[12:23:24] planet 28: queued building_crystal_mine to 9
[12:23:24] research: blocked research_energy_technology (building_laboratory 0/1)
[2026-05-08 12:23:58] ==== loop 2/∞ | seed=700949671613944981 archetype=turtle personality=flotero focus=eco actions_per_loop=4 ====
[12:23:59] planet 28: queued building_crystal_mine to 10
[2026-05-08 12:24:31] ==== loop 3/∞ | seed=700949671613944981 archetype=turtle personality=flotero focus=eco actions_per_loop=4 ====
[12:24:32] planet 28: queued building_crystal_mine to 11
[12:24:32] research: blocked research_energy_technology (building_laboratory 0/1)
[2026-05-08 12:25:05] ==== loop 4/∞ | seed=700949671613944981 archetype=turtle personality=flotero focus=eco actions_per_loop=4 ====
[12:25:06] planet 28: queued building_crystal_mine to 12
[2026-05-08 12:25:29] ==== loop 1/∞ | seed=700949671613944981 archetype=turtle personality=flotero focus=eco actions_per_loop=4 ====
[12:25:30] planet 28: queued building_crystal_mine to 13
[2026-05-08 12:26:02] ==== loop 2/∞ | seed=700949671613944981 archetype=turtle personality=flotero focus=eco actions_per_loop=4 ====
[12:26:02] planet 28: queued building_crystal_mine to 14
[12:26:02] research: blocked research_energy_technology (building_laboratory 0/1)
[2026-05-08 12:26:34] ==== loop 3/∞ | seed=700949671613944981 archetype=turtle personality=flotero focus=eco actions_per_loop=4 ====
[12:26:35] planet 28: queued building_crystal_mine to 15
[12:26:35] research: blocked research_energy_technology (building_laboratory 0/1)
[2026-05-08 12:27:09] ==== loop 4/∞ | seed=700949671613944981 archetype=turtle personality=flotero focus=eco actions_per_loop=4 ====
[12:27:10] planet 28: queued building_crystal_mine to 16
[12:27:10] research: blocked research_energy_technology (building_laboratory 0/1)
[2026-05-08 12:27:41] ==== loop 5/∞ | seed=700949671613944981 archetype=turtle personality=flotero focus=eco actions_per_loop=4 ====
[12:27:42] planet 28: queued building_crystal_mine to 17
[2026-05-08 12:28:04] ==== loop 1/∞ | seed=700949671613944981 archetype=turtle personality=flotero focus=eco actions_per_loop=4 ====
[12:28:05] planet 28: no resources for building_crystal_mine+1
[12:28:05] research: blocked research_energy_technology (building_laboratory 0/1)
[2026-05-08 12:28:36] ==== loop 2/∞ | seed=700949671613944981 archetype=turtle personality=flotero focus=eco actions_per_loop=4 ====
[12:28:37] planet 28: no resources for building_crystal_mine+1
[12:28:37] research: blocked research_energy_technology (building_laboratory 0/1)
[2026-05-08 12:29:08] ==== loop 3/∞ | seed=700949671613944981 archetype=turtle personality=flotero focus=eco actions_per_loop=4 ====
[12:29:08] planet 28: no resources for building_crystal_mine+1
[2026-05-08 12:29:40] ==== loop 4/∞ | seed=700949671613944981 archetype=turtle personality=flotero focus=eco actions_per_loop=4 ====
[12:29:41] planet 28: no resources for building_crystal_mine+1
[2026-05-08 12:30:13] ==== loop 5/∞ | seed=700949671613944981 archetype=turtle personality=flotero focus=eco actions_per_loop=4 ====
[12:30:13] planet 28: queued building_metal_mine to 11
[12:30:13] research: blocked research_energy_technology (building_laboratory 0/1)
[2026-05-08 12:30:37] ==== loop 1/∞ | seed=700949671613944981 archetype=turtle personality=flotero focus=eco actions_per_loop=4 ====
[12:30:38] planet 28: queued building_metal_mine to 12
[2026-05-08 12:31:12] ==== loop 2/∞ | seed=700949671613944981 archetype=turtle personality=flotero focus=eco actions_per_loop=4 ====
[12:31:13] planet 28: queued building_metal_mine to 13
[12:31:13] research: blocked research_energy_technology (building_laboratory 0/1)
[2026-05-08 12:31:45] ==== loop 3/∞ | seed=700949671613944981 archetype=turtle personality=flotero focus=eco actions_per_loop=4 ====
[12:31:46] planet 28: queued building_metal_mine to 14
[12:31:46] research: blocked research_energy_technology (building_laboratory 0/1)
[2026-05-08 12:32:18] ==== loop 4/∞ | seed=700949671613944981 archetype=turtle personality=flotero focus=eco actions_per_loop=4 ====
[12:32:19] planet 28: queued building_metal_mine to 15
[2026-05-08 12:32:53] ==== loop 1/∞ | seed=700949671613944981 archetype=turtle personality=flotero focus=eco actions_per_loop=4 ====
[12:32:54] planet 28: queued building_metal_mine to 16
[12:32:54] research: blocked research_energy_technology (building_laboratory 0/1)
[2026-05-08 12:33:26] ==== loop 2/∞ | seed=700949671613944981 archetype=turtle personality=flotero focus=eco actions_per_loop=4 ====
[12:33:27] planet 28: queued building_metal_mine to 17
[2026-05-08 12:33:57] ==== loop 3/∞ | seed=700949671613944981 archetype=turtle personality=flotero focus=eco actions_per_loop=4 ====
[12:33:58] planet 28: queued building_metal_mine to 18
[2026-05-08 12:34:20] ==== loop 1/∞ | seed=700949671613944981 archetype=turtle personality=flotero focus=eco actions_per_loop=4 ====
[12:34:20] planet 28: queued building_metal_mine to 19
[12:34:20] research: blocked research_energy_technology (building_laboratory 0/1)
[2026-05-08 12:34:55] ==== loop 2/∞ | seed=700949671613944981 archetype=turtle personality=flotero focus=eco actions_per_loop=4 ====
[12:34:56] planet 28: queued building_metal_mine to 20
[2026-05-08 12:35:29] ==== loop 3/∞ | seed=700949671613944981 archetype=turtle personality=flotero focus=eco actions_per_loop=4 ====
[12:35:29] planet 28: queued building_metal_mine to 21
[12:35:29] research: blocked research_energy_technology (building_laboratory 0/1)
[2026-05-08 12:36:02] ==== loop 4/∞ | seed=700949671613944981 archetype=turtle personality=flotero focus=eco actions_per_loop=4 ====
[12:36:03] planet 28: no resources for building_metal_mine+1
[12:36:03] research: blocked research_energy_technology (building_laboratory 0/1)
[2026-05-08 12:36:37] ==== loop 5/∞ | seed=700949671613944981 archetype=turtle personality=flotero focus=eco actions_per_loop=4 ====
[12:36:38] planet 28: no resources for building_metal_mine+1
[12:36:38] research: blocked research_energy_technology (building_laboratory 0/1)
[2026-05-08 12:37:11] ==== loop 6/∞ | seed=700949671613944981 archetype=turtle personality=flotero focus=eco actions_per_loop=4 ====
[12:37:12] planet 28: no resources for building_metal_mine+1
[12:37:12] research: blocked research_energy_technology (building_laboratory 0/1)
[2026-05-08 12:37:46] ==== loop 7/∞ | seed=700949671613944981 archetype=turtle personality=flotero focus=eco actions_per_loop=4 ====
[12:37:47] planet 28: no resources for building_metal_mine+1
[12:37:47] research: blocked research_energy_technology (building_laboratory 0/1)
[2026-05-08 12:38:20] ==== loop 8/∞ | seed=700949671613944981 archetype=turtle personality=flotero focus=eco actions_per_loop=4 ====
[12:38:21] planet 28: no resources for building_metal_mine+1
[12:38:21] research: blocked research_energy_technology (building_laboratory 0/1)
[2026-05-08 12:38:52] ==== loop 9/∞ | seed=700949671613944981 archetype=turtle personality=flotero focus=eco actions_per_loop=4 ====
[12:38:53] planet 28: no resources for building_metal_mine+1
[12:38:53] research: blocked research_energy_technology (building_laboratory 0/1)
[2026-05-08 12:39:28] ==== loop 10/∞ | seed=700949671613944981 archetype=turtle personality=flotero focus=eco actions_per_loop=4 ====
[12:39:29] planet 28: no resources for building_metal_mine+1
[12:39:29] research: blocked research_energy_technology (building_laboratory 0/1)
[2026-05-08 12:40:01] ==== loop 11/∞ | seed=700949671613944981 archetype=turtle personality=flotero focus=eco actions_per_loop=4 ====
[12:40:02] planet 28: no resources for building_metal_mine+1
[12:40:02] research: blocked research_energy_technology (building_laboratory 0/1)
[2026-05-08 12:40:36] ==== loop 12/∞ | seed=700949671613944981 archetype=turtle personality=flotero focus=eco actions_per_loop=4 ====
[12:40:37] planet 28: no resources for building_metal_mine+1
[2026-05-08 12:41:07] ==== loop 13/∞ | seed=700949671613944981 archetype=turtle personality=flotero focus=eco actions_per_loop=4 ====
[12:41:08] planet 28: queued building_metal_mine to 22
[12:41:08] research: blocked research_energy_technology (building_laboratory 0/1)
[2026-05-08 12:41:40] ==== loop 14/∞ | seed=700949671613944981 archetype=turtle personality=flotero focus=eco actions_per_loop=4 ====
[12:41:40] planet 28: no resources for building_metal_mine+1
[12:41:40] research: blocked research_energy_technology (building_laboratory 0/1)
[2026-05-08 12:41:53] ==== loop 1/∞ | seed=700949671613944981 archetype=turtle personality=flotero focus=eco actions_per_loop=4 ====
[12:41:53] planet 28: no resources for building_metal_mine+1
[12:41:53] research: blocked research_energy_technology (building_laboratory 0/1)
[2026-05-08 12:42:30] ==== loop 2/∞ | seed=700949671613944981 archetype=turtle personality=flotero focus=eco actions_per_loop=4 ====
[12:42:30] planet 28: no resources for building_metal_mine+1
[12:42:30] research: blocked research_energy_technology (building_laboratory 0/1)
[2026-05-08 12:43:08] ==== loop 3/∞ | seed=700949671613944981 archetype=turtle personality=flotero focus=eco actions_per_loop=4 ====
[12:43:09] planet 28: no resources for building_metal_mine+1
[2026-05-08 12:43:47] ==== loop 4/∞ | seed=700949671613944981 archetype=turtle personality=flotero focus=eco actions_per_loop=4 ====
[12:43:47] planet 28: no resources for building_metal_mine+1
[12:43:47] research: blocked research_energy_technology (building_laboratory 0/1)
[2026-05-08 12:44:24] ==== loop 5/∞ | seed=700949671613944981 archetype=turtle personality=flotero focus=eco actions_per_loop=4 ====
[12:44:25] planet 28: no resources for building_metal_mine+1
[2026-05-08 12:44:59] ==== loop 6/∞ | seed=700949671613944981 archetype=turtle personality=flotero focus=eco actions_per_loop=4 ====
[12:45:00] planet 28: no resources for building_metal_mine+1
[12:45:00] research: blocked research_energy_technology (building_laboratory 0/1)
[2026-05-08 12:45:37] ==== loop 7/∞ | seed=700949671613944981 archetype=turtle personality=flotero focus=eco actions_per_loop=4 ====
[12:45:37] planet 28: no resources for building_metal_mine+1
[2026-05-08 12:46:15] ==== loop 8/∞ | seed=700949671613944981 archetype=turtle personality=flotero focus=eco actions_per_loop=4 ====
[12:46:16] planet 28: no resources for building_metal_mine+1
[12:46:16] research: blocked research_energy_technology (building_laboratory 0/1)
[2026-05-08 12:46:51] ==== loop 9/∞ | seed=700949671613944981 archetype=turtle personality=flotero focus=eco actions_per_loop=4 ====
[12:46:52] planet 28: no resources for building_metal_mine+1
[12:46:52] research: blocked research_energy_technology (building_laboratory 0/1)
[2026-05-08 12:47:30] ==== loop 10/∞ | seed=700949671613944981 archetype=turtle personality=flotero focus=eco actions_per_loop=4 ====
[12:47:30] planet 28: no resources for building_metal_mine+1
[12:47:30] research: blocked research_energy_technology (building_laboratory 0/1)
[2026-05-08 12:48:09] ==== loop 11/∞ | seed=700949671613944981 archetype=turtle personality=flotero focus=eco actions_per_loop=4 ====
[12:48:10] planet 28: no resources for building_metal_mine+1
[12:48:10] research: blocked research_energy_technology (building_laboratory 0/1)
[2026-05-08 12:48:47] ==== loop 12/∞ | seed=700949671613944981 archetype=turtle personality=flotero focus=eco actions_per_loop=4 ====
[12:48:48] planet 28: no resources for building_metal_mine+1
[12:48:48] research: blocked research_energy_technology (building_laboratory 0/1)
[2026-05-08 12:49:23] ==== loop 13/∞ | seed=700949671613944981 archetype=turtle personality=flotero focus=eco actions_per_loop=4 ====
[12:49:23] planet 28: no resources for building_metal_mine+1
[2026-05-08 12:50:02] ==== loop 14/∞ | seed=700949671613944981 archetype=turtle personality=flotero focus=eco actions_per_loop=4 ====
[12:50:03] planet 28: no resources for building_metal_mine+1
[2026-05-08 12:50:38] ==== loop 15/∞ | seed=700949671613944981 archetype=turtle personality=flotero focus=eco actions_per_loop=4 ====
[12:50:38] planet 28: no resources for building_metal_mine+1
[2026-05-08 12:51:14] ==== loop 16/∞ | seed=700949671613944981 archetype=turtle personality=flotero focus=eco actions_per_loop=4 ====
[12:51:15] planet 28: no resources for building_metal_mine+1
[2026-05-08 12:51:38] ==== loop 1/∞ | seed=700949671613944981 archetype=turtle personality=flotero focus=eco actions_per_loop=4 ====
[12:51:38] planet 28: no resources for building_metal_mine+1
[12:51:38] research: blocked research_energy_technology (building_laboratory 0/1)
[2026-05-08 12:52:15] ==== loop 2/∞ | seed=700949671613944981 archetype=turtle personality=flotero focus=eco actions_per_loop=4 ====
[12:52:16] planet 28: no resources for building_metal_mine+1
[12:52:16] research: blocked research_energy_technology (building_laboratory 0/1)
[2026-05-08 12:52:51] ==== loop 3/∞ | seed=700949671613944981 archetype=turtle personality=flotero focus=eco actions_per_loop=4 ====
[12:52:52] planet 28: no resources for building_metal_mine+1
[12:52:52] research: blocked research_energy_technology (building_laboratory 0/1)
[2026-05-08 12:53:31] ==== loop 4/∞ | seed=700949671613944981 archetype=turtle personality=flotero focus=eco actions_per_loop=4 ====
[12:53:31] planet 28: no resources for building_metal_mine+1
[12:53:31] research: blocked research_energy_technology (building_laboratory 0/1)
[2026-05-08 12:54:09] ==== loop 5/∞ | seed=700949671613944981 archetype=turtle personality=flotero focus=eco actions_per_loop=4 ====
[12:54:09] planet 28: queued building_metal_mine to 23
[12:54:09] research: blocked research_energy_technology (building_laboratory 0/1)
[2026-05-08 12:54:48] ==== loop 6/∞ | seed=700949671613944981 archetype=turtle personality=flotero focus=eco actions_per_loop=4 ====
[12:54:48] planet 28: no resources for building_metal_mine+1
[12:54:48] research: blocked research_energy_technology (building_laboratory 0/1)
[2026-05-08 12:55:26] ==== loop 7/∞ | seed=700949671613944981 archetype=turtle personality=flotero focus=eco actions_per_loop=4 ====
[12:55:26] planet 28: no resources for building_metal_mine+1
[12:55:26] research: blocked research_energy_technology (building_laboratory 0/1)
[2026-05-08 12:56:01] ==== loop 8/∞ | seed=700949671613944981 archetype=turtle personality=flotero focus=eco actions_per_loop=4 ====
[12:56:02] planet 28: no resources for building_metal_mine+1
[12:56:02] research: blocked research_energy_technology (building_laboratory 0/1)
[2026-05-08 12:56:40] ==== loop 9/∞ | seed=700949671613944981 archetype=turtle personality=flotero focus=eco actions_per_loop=4 ====
[12:56:40] planet 28: no resources for building_metal_mine+1
[12:56:40] research: blocked research_energy_technology (building_laboratory 0/1)
[2026-05-08 12:57:16] ==== loop 10/∞ | seed=700949671613944981 archetype=turtle personality=flotero focus=eco actions_per_loop=4 ====
[12:57:17] planet 28: no resources for building_metal_mine+1
[12:57:17] research: blocked research_energy_technology (building_laboratory 0/1)
[2026-05-08 12:57:54] ==== loop 11/∞ | seed=700949671613944981 archetype=turtle personality=flotero focus=eco actions_per_loop=4 ====
[12:57:55] planet 28: no resources for building_metal_mine+1
[2026-05-08 12:58:26] ==== loop 12/∞ | seed=700949671613944981 archetype=turtle personality=flotero focus=eco actions_per_loop=4 ====
[12:58:27] planet 28: no resources for building_metal_mine+1
[12:58:27] research: blocked research_energy_technology (building_laboratory 0/1)
[2026-05-08 12:59:04] ==== loop 13/∞ | seed=700949671613944981 archetype=turtle personality=flotero focus=eco actions_per_loop=4 ====
[12:59:04] planet 28: no resources for building_metal_mine+1
[12:59:04] research: blocked research_energy_technology (building_laboratory 0/1)
[2026-05-08 12:59:40] ==== loop 14/∞ | seed=700949671613944981 archetype=turtle personality=flotero focus=eco actions_per_loop=4 ====
[12:59:40] planet 28: no resources for building_metal_mine+1
[12:59:40] research: blocked research_energy_technology (building_laboratory 0/1)
[2026-05-08 13:00:15] ==== loop 15/∞ | seed=700949671613944981 archetype=turtle personality=flotero focus=eco actions_per_loop=4 ====
[13:00:16] planet 28: queued building_metal_store to 7
[13:00:16] research: blocked research_energy_technology (building_laboratory 0/1)
[2026-05-08 13:00:53] ==== loop 16/∞ | seed=700949671613944981 archetype=turtle personality=flotero focus=eco actions_per_loop=4 ====
[13:00:54] planet 28: queued building_metal_store to 8
[2026-05-08 13:01:26] ==== loop 17/∞ | seed=700949671613944981 archetype=turtle personality=flotero focus=eco actions_per_loop=4 ====
[13:01:26] planet 28: queued building_metal_store to 9
[2026-05-08 13:02:04] ==== loop 18/∞ | seed=700949671613944981 archetype=turtle personality=flotero focus=eco actions_per_loop=4 ====
[13:02:05] planet 28: queued building_metal_store to 10
[13:02:05] research: blocked research_energy_technology (building_laboratory 0/1)
[2026-05-08 13:02:41] ==== loop 19/∞ | seed=700949671613944981 archetype=turtle personality=flotero focus=eco actions_per_loop=4 ====
[13:02:42] planet 28: queued building_metal_store to 11
[2026-05-08 13:03:20] ==== loop 20/∞ | seed=700949671613944981 archetype=turtle personality=flotero focus=eco actions_per_loop=4 ====
[13:03:21] planet 28: queued building_metal_store to 12
[13:03:21] research: blocked research_energy_technology (building_laboratory 0/1)
[2026-05-08 13:03:56] ==== loop 21/∞ | seed=700949671613944981 archetype=turtle personality=flotero focus=eco actions_per_loop=4 ====
[13:03:57] planet 28: queued building_deuterium_sintetizer to 10
[13:03:57] research: blocked research_energy_technology (building_laboratory 0/1)
[2026-05-08 13:04:35] ==== loop 22/∞ | seed=700949671613944981 archetype=turtle personality=flotero focus=eco actions_per_loop=4 ====
[13:04:36] planet 28: queued building_deuterium_sintetizer to 11
[2026-05-08 13:05:10] ==== loop 23/∞ | seed=700949671613944981 archetype=turtle personality=flotero focus=eco actions_per_loop=4 ====
[13:05:12] planet 28: building queue full (5)
[13:05:12] planet 28: building queue full (5)
[13:05:12] planet 28: building queue full (5)
[13:05:12] planet 28: building queue full (5)
[2026-05-08 13:05:51] ==== loop 24/∞ | seed=700949671613944981 archetype=turtle personality=flotero focus=eco actions_per_loop=4 ====
[13:05:54] planet 28: building queue full (5)
[13:05:54] planet 28: building queue full (5)
[13:05:54] planet 28: building queue full (5)
[13:05:54] planet 28: building queue full (5)
[2026-05-08 13:06:28] ==== loop 25/∞ | seed=700949671613944981 archetype=turtle personality=flotero focus=eco actions_per_loop=4 ====
[13:06:33] planet 28: building queue full (5)
[13:06:33] planet 28: building queue full (5)
[13:06:33] planet 28: building queue full (5)
[13:06:33] planet 28: building queue full (5)
[2026-05-08 13:07:12] ==== loop 26/∞ | seed=700949671613944981 archetype=turtle personality=flotero focus=eco actions_per_loop=4 ====
[13:07:12] planet 28: queued building_deuterium_sintetizer to 12
[2026-05-08 13:07:50] ==== loop 27/∞ | seed=700949671613944981 archetype=turtle personality=flotero focus=eco actions_per_loop=4 ====
[13:07:52] planet 28: building queue full (5)
[13:07:52] planet 28: building queue full (5)
[13:07:52] planet 28: building queue full (5)
[13:07:52] planet 28: building queue full (5)
[2026-05-08 13:08:29] ==== loop 28/∞ | seed=700949671613944981 archetype=turtle personality=flotero focus=eco actions_per_loop=4 ====
[13:08:32] planet 28: building queue full (5)
[13:08:32] planet 28: building queue full (5)
[13:08:32] planet 28: building queue full (5)
[13:08:32] planet 28: building queue full (5)
[13:08:32] research: blocked research_energy_technology (building_laboratory 0/1)
[2026-05-08 13:09:08] ==== loop 29/∞ | seed=700949671613944981 archetype=turtle personality=flotero focus=eco actions_per_loop=4 ====
[13:09:12] planet 28: building queue full (5)
[13:09:12] planet 28: building queue full (5)
[13:09:12] planet 28: building queue full (5)
[13:09:12] planet 28: building queue full (5)
[2026-05-08 13:09:47] ==== loop 30/∞ | seed=700949671613944981 archetype=turtle personality=flotero focus=eco actions_per_loop=4 ====
[13:09:50] planet 28: building queue full (5)
[13:09:50] planet 28: building queue full (5)
[13:09:50] planet 28: building queue full (5)
[13:09:50] planet 28: building queue full (5)
[2026-05-08 13:10:28] ==== loop 31/∞ | seed=700949671613944981 archetype=turtle personality=flotero focus=eco actions_per_loop=4 ====
[13:10:33] planet 28: building queue full (5)
[13:10:33] planet 28: building queue full (5)
[13:10:33] planet 28: building queue full (5)
[13:10:33] planet 28: building queue full (5)
[13:10:33] research: blocked research_energy_technology (building_laboratory 0/1)
[2026-05-08 13:11:03] ==== loop 1/∞ | seed=700949671613944981 archetype=turtle personality=flotero focus=eco actions_per_loop=4 ====
[13:11:05] planet 28: building queue full (5)
[13:11:05] planet 28: building queue full (5)
[13:11:05] planet 28: building queue full (5)
[2026-05-08 13:11:43] ==== loop 2/∞ | seed=700949671613944981 archetype=turtle personality=flotero focus=eco actions_per_loop=4 ====
[13:11:45] planet 28: building queue full (5)
[13:11:45] planet 28: building queue full (5)
[13:11:45] planet 28: building queue full (5)
[13:11:45] planet 28: building queue full (5)
[2026-05-08 13:12:22] ==== loop 3/∞ | seed=700949671613944981 archetype=turtle personality=flotero focus=eco actions_per_loop=4 ====
[13:12:23] planet 28: building queue full (5)
[13:12:23] planet 28: building queue full (5)
[13:12:23] planet 28: building queue full (5)
[13:12:23] research: blocked research_energy_technology (building_laboratory 0/1)
[2026-05-08 13:13:02] ==== loop 4/∞ | seed=700949671613944981 archetype=turtle personality=flotero focus=eco actions_per_loop=4 ====
[13:13:04] planet 28: building queue full (5)
[13:13:04] planet 28: building queue full (5)
[13:13:04] planet 28: building queue full (5)
[2026-05-08 13:13:42] ==== loop 5/∞ | seed=700949671613944981 archetype=turtle personality=flotero focus=eco actions_per_loop=4 ====
[13:13:44] planet 28: building queue full (5)
[13:13:44] planet 28: building queue full (5)
[13:13:44] planet 28: building queue full (5)
[13:13:44] planet 28: building queue full (5)
[13:13:44] research: blocked research_energy_technology (building_laboratory 0/1)
[2026-05-08 13:14:22] ==== loop 6/∞ | seed=700949671613944981 archetype=turtle personality=flotero focus=eco actions_per_loop=4 ====
[13:14:23] planet 28: queued building_deuterium_sintetizer to 13
[13:14:23] research: blocked research_energy_technology (building_laboratory 0/1)
[2026-05-08 13:14:59] ==== loop 7/∞ | seed=700949671613944981 archetype=turtle personality=flotero focus=eco actions_per_loop=4 ====
[13:15:02] planet 28: building queue full (5)
[13:15:02] planet 28: building queue full (5)
[13:15:02] planet 28: building queue full (5)
[13:15:02] planet 28: building queue full (5)
[13:15:02] research: blocked research_energy_technology (building_laboratory 0/1)
[2026-05-08 13:15:40] ==== loop 8/∞ | seed=700949671613944981 archetype=turtle personality=flotero focus=eco actions_per_loop=4 ====
[13:15:42] planet 28: building queue full (5)
[13:15:42] planet 28: building queue full (5)
[13:15:42] planet 28: building queue full (5)
[13:15:42] planet 28: building queue full (5)
[13:15:42] research: blocked research_energy_technology (building_laboratory 0/1)
[2026-05-08 13:16:19] ==== loop 9/∞ | seed=700949671613944981 archetype=turtle personality=flotero focus=eco actions_per_loop=4 ====
[13:16:22] planet 28: building queue full (5)
[13:16:22] planet 28: building queue full (5)
[13:16:22] planet 28: building queue full (5)
[13:16:22] planet 28: building queue full (5)
[13:16:22] research: blocked research_energy_technology (building_laboratory 0/1)
[2026-05-08 13:17:00] ==== loop 10/∞ | seed=700949671613944981 archetype=turtle personality=flotero focus=eco actions_per_loop=4 ====
[13:17:02] planet 28: building queue full (5)
[13:17:02] planet 28: building queue full (5)
[13:17:02] planet 28: building queue full (5)
[2026-05-08 13:17:34] ==== loop 11/∞ | seed=700949671613944981 archetype=turtle personality=flotero focus=eco actions_per_loop=4 ====
[13:17:36] planet 28: building queue full (5)
[13:17:36] planet 28: building queue full (5)
[13:17:36] planet 28: building queue full (5)
[13:17:36] research: blocked research_energy_technology (building_laboratory 0/1)
[2026-05-08 13:18:17] ==== loop 12/∞ | seed=700949671613944981 archetype=turtle personality=flotero focus=eco actions_per_loop=4 ====
[13:18:21] planet 28: building queue full (5)
[13:18:21] planet 28: building queue full (5)
[13:18:21] planet 28: building queue full (5)
[13:18:21] planet 28: building queue full (5)
[13:18:21] research: blocked research_energy_technology (building_laboratory 0/1)
[2026-05-08 13:19:00] ==== loop 13/∞ | seed=700949671613944981 archetype=turtle personality=flotero focus=eco actions_per_loop=4 ====
[13:19:01] planet 28: building queue full (5)
[13:19:01] planet 28: building queue full (5)
[13:19:01] planet 28: building queue full (5)
[13:19:01] planet 28: building queue full (5)
[13:19:01] research: blocked research_energy_technology (building_laboratory 0/1)
[2026-05-08 13:19:38] ==== loop 14/∞ | seed=700949671613944981 archetype=turtle personality=flotero focus=eco actions_per_loop=4 ====
[13:19:42] planet 28: building queue full (5)
[13:19:42] planet 28: building queue full (5)
[13:19:42] planet 28: building queue full (5)
[13:19:42] planet 28: building queue full (5)
[13:19:42] research: blocked research_energy_technology (building_laboratory 0/1)
[2026-05-08 13:20:21] ==== loop 15/∞ | seed=700949671613944981 archetype=turtle personality=flotero focus=eco actions_per_loop=4 ====
[13:20:23] planet 28: building queue full (5)
[13:20:23] planet 28: building queue full (5)
[13:20:23] planet 28: building queue full (5)
[2026-05-08 13:21:01] ==== loop 16/∞ | seed=700949671613944981 archetype=turtle personality=flotero focus=eco actions_per_loop=4 ====
[13:21:03] planet 28: building queue full (5)
[13:21:03] planet 28: building queue full (5)
[13:21:03] planet 28: building queue full (5)
[13:21:03] planet 28: building queue full (5)
[2026-05-08 13:21:43] ==== loop 17/∞ | seed=700949671613944981 archetype=turtle personality=flotero focus=eco actions_per_loop=4 ====
[13:21:46] planet 28: building queue full (5)
[13:21:46] planet 28: building queue full (5)
[13:21:46] planet 28: building queue full (5)
[13:21:46] planet 28: building queue full (5)
[2026-05-08 13:22:25] ==== loop 18/∞ | seed=700949671613944981 archetype=turtle personality=flotero focus=eco actions_per_loop=4 ====
[13:22:27] planet 28: building queue full (5)
[13:22:27] planet 28: building queue full (5)
[13:22:27] planet 28: building queue full (5)
[13:22:27] planet 28: building queue full (5)
[13:22:27] research: blocked research_energy_technology (building_laboratory 0/1)
[2026-05-08 13:23:06] ==== loop 19/∞ | seed=700949671613944981 archetype=turtle personality=flotero focus=eco actions_per_loop=4 ====
[13:23:08] planet 28: building queue full (5)
[13:23:08] planet 28: building queue full (5)
[13:23:08] planet 28: building queue full (5)
[13:23:08] planet 28: building queue full (5)
[13:23:08] research: blocked research_energy_technology (building_laboratory 0/1)
[2026-05-08 13:23:50] ==== loop 20/∞ | seed=700949671613944981 archetype=turtle personality=flotero focus=eco actions_per_loop=4 ====
[13:23:51] planet 28: building queue full (5)
[13:23:51] planet 28: building queue full (5)
[13:23:51] planet 28: building queue full (5)
[2026-05-08 13:24:32] ==== loop 21/∞ | seed=700949671613944981 archetype=turtle personality=flotero focus=eco actions_per_loop=4 ====
[13:24:35] planet 28: building queue full (5)
[13:24:35] planet 28: building queue full (5)
[13:24:35] planet 28: building queue full (5)
[13:24:35] planet 28: building queue full (5)
[13:24:35] research: blocked research_energy_technology (building_laboratory 0/1)
[2026-05-08 13:25:12] ==== loop 22/∞ | seed=700949671613944981 archetype=turtle personality=flotero focus=eco actions_per_loop=4 ====
[13:25:15] planet 28: building queue full (5)
[13:25:15] planet 28: building queue full (5)
[13:25:15] planet 28: building queue full (5)
[13:25:15] planet 28: building queue full (5)
[2026-05-08 13:25:53] ==== loop 23/∞ | seed=700949671613944981 archetype=turtle personality=flotero focus=eco actions_per_loop=4 ====
[13:25:55] planet 28: building queue full (5)
[13:25:55] planet 28: building queue full (5)
[13:25:55] planet 28: building queue full (5)
[13:25:55] planet 28: building queue full (5)
[13:25:55] research: blocked research_energy_technology (building_laboratory 0/1)
[2026-05-08 13:26:30] ==== loop 24/∞ | seed=700949671613944981 archetype=turtle personality=flotero focus=eco actions_per_loop=4 ====
[13:26:33] planet 28: building queue full (5)
[13:26:33] planet 28: building queue full (5)
[13:26:33] planet 28: building queue full (5)
[2026-05-08 13:27:09] ==== loop 25/∞ | seed=700949671613944981 archetype=turtle personality=flotero focus=eco actions_per_loop=4 ====
[13:27:12] planet 28: building queue full (5)
[13:27:12] planet 28: building queue full (5)
[13:27:12] planet 28: building queue full (5)
[13:27:12] planet 28: building queue full (5)
[13:27:12] research: blocked research_energy_technology (building_laboratory 0/1)
[2026-05-08 13:27:51] ==== loop 26/∞ | seed=700949671613944981 archetype=turtle personality=flotero focus=eco actions_per_loop=4 ====
[13:27:52] planet 28: queued building_metal_mine to 24
[2026-05-08 13:28:27] ==== loop 27/∞ | seed=700949671613944981 archetype=turtle personality=flotero focus=eco actions_per_loop=4 ====
[13:28:27] planet 28: queued building_metal_mine to 25
[2026-05-08 13:29:03] ==== loop 28/∞ | seed=700949671613944981 archetype=turtle personality=flotero focus=eco actions_per_loop=4 ====
[13:29:03] planet 28: queued building_metal_mine to 26
[13:29:03] research: blocked research_energy_technology (building_laboratory 0/1)
[2026-05-08 13:29:42] ==== loop 29/∞ | seed=700949671613944981 archetype=turtle personality=flotero focus=eco actions_per_loop=4 ====
[13:29:43] planet 28: no resources for building_metal_mine+1
[13:29:43] research: blocked research_energy_technology (building_laboratory 0/1)
[2026-05-08 13:30:21] ==== loop 30/∞ | seed=700949671613944981 archetype=turtle personality=flotero focus=eco actions_per_loop=4 ====
[13:30:22] planet 28: queued building_crystal_store to 7
[2026-05-08 13:31:01] ==== loop 31/∞ | seed=700949671613944981 archetype=turtle personality=flotero focus=eco actions_per_loop=4 ====
[13:31:02] planet 28: queued building_crystal_store to 8
[2026-05-08 13:31:41] ==== loop 32/∞ | seed=700949671613944981 archetype=turtle personality=flotero focus=eco actions_per_loop=4 ====
[13:31:43] planet 28: building queue full (5)
[13:31:43] planet 28: building queue full (5)
[13:31:43] planet 28: building queue full (5)
[13:31:43] planet 28: building queue full (5)
[13:31:43] research: blocked research_energy_technology (building_laboratory 0/1)
[2026-05-08 13:32:18] ==== loop 33/∞ | seed=700949671613944981 archetype=turtle personality=flotero focus=eco actions_per_loop=4 ====
[13:32:21] planet 28: building queue full (5)
[13:32:21] planet 28: building queue full (5)
[13:32:21] planet 28: building queue full (5)
[13:32:21] planet 28: building queue full (5)
[13:32:21] research: blocked research_energy_technology (building_laboratory 0/1)
[2026-05-08 13:33:02] ==== loop 34/∞ | seed=700949671613944981 archetype=turtle personality=flotero focus=eco actions_per_loop=4 ====
[13:33:05] planet 28: building queue full (5)
[13:33:05] planet 28: building queue full (5)
[13:33:05] planet 28: building queue full (5)
[13:33:05] planet 28: building queue full (5)
[13:33:05] research: blocked research_energy_technology (building_laboratory 0/1)
[2026-05-08 13:33:41] ==== loop 35/∞ | seed=700949671613944981 archetype=turtle personality=flotero focus=eco actions_per_loop=4 ====
[13:33:45] planet 28: building queue full (5)
[13:33:45] planet 28: building queue full (5)
[13:33:45] planet 28: building queue full (5)
[13:33:45] planet 28: building queue full (5)
[13:33:45] research: blocked research_energy_technology (building_laboratory 0/1)
[2026-05-08 13:34:25] ==== loop 36/∞ | seed=700949671613944981 archetype=turtle personality=flotero focus=eco actions_per_loop=4 ====
[13:34:25] planet 28: queued building_crystal_store to 9
[13:34:25] research: blocked research_energy_technology (building_laboratory 0/1)
[2026-05-08 13:35:07] ==== loop 37/∞ | seed=700949671613944981 archetype=turtle personality=flotero focus=eco actions_per_loop=4 ====
[13:35:09] planet 28: building queue full (5)
[13:35:09] planet 28: building queue full (5)
[13:35:09] planet 28: building queue full (5)
[13:35:09] planet 28: building queue full (5)
[2026-05-08 13:35:49] ==== loop 38/∞ | seed=700949671613944981 archetype=turtle personality=flotero focus=eco actions_per_loop=4 ====
[13:35:51] planet 28: building queue full (5)
[13:35:51] planet 28: building queue full (5)
[13:35:51] planet 28: building queue full (5)
[13:35:51] research: blocked research_energy_technology (building_laboratory 0/1)
[2026-05-08 13:36:35] ==== loop 39/∞ | seed=700949671613944981 archetype=turtle personality=flotero focus=eco actions_per_loop=4 ====
[13:36:37] planet 28: building queue full (5)
[13:36:37] planet 28: building queue full (5)
[13:36:37] planet 28: building queue full (5)
[2026-05-08 13:37:16] ==== loop 40/∞ | seed=700949671613944981 archetype=turtle personality=flotero focus=eco actions_per_loop=4 ====
[13:37:18] planet 28: building queue full (5)
[13:37:18] planet 28: building queue full (5)
[13:37:18] planet 28: building queue full (5)
[13:37:18] planet 28: building queue full (5)
[2026-05-08 13:37:55] ==== loop 41/∞ | seed=700949671613944981 archetype=turtle personality=flotero focus=eco actions_per_loop=4 ====
[13:37:57] planet 28: building queue full (5)
[13:37:57] planet 28: building queue full (5)
[13:37:57] planet 28: building queue full (5)
[13:37:57] planet 28: building queue full (5)
[13:37:57] research: blocked research_energy_technology (building_laboratory 0/1)
[2026-05-08 13:38:33] ==== loop 42/∞ | seed=700949671613944981 archetype=turtle personality=flotero focus=eco actions_per_loop=4 ====
[13:38:35] planet 28: building queue full (5)
[13:38:35] planet 28: building queue full (5)
[13:38:35] planet 28: building queue full (5)
[13:38:35] research: blocked research_energy_technology (building_laboratory 0/1)
[2026-05-08 13:39:13] ==== loop 43/∞ | seed=700949671613944981 archetype=turtle personality=flotero focus=eco actions_per_loop=4 ====
[13:39:15] planet 28: building queue full (5)
[13:39:15] planet 28: building queue full (5)
[13:39:15] planet 28: building queue full (5)
[13:39:15] research: blocked research_energy_technology (building_laboratory 0/1)
[2026-05-08 13:39:50] ==== loop 44/∞ | seed=700949671613944981 archetype=turtle personality=flotero focus=eco actions_per_loop=4 ====
[13:39:53] planet 28: building queue full (5)
[13:39:53] planet 28: building queue full (5)
[13:39:53] planet 28: building queue full (5)
[13:39:53] planet 28: building queue full (5)
[2026-05-08 13:40:30] ==== loop 45/∞ | seed=700949671613944981 archetype=turtle personality=flotero focus=eco actions_per_loop=4 ====
[13:40:33] planet 28: building queue full (5)
[13:40:33] planet 28: building queue full (5)
[13:40:33] planet 28: building queue full (5)
[13:40:33] planet 28: building queue full (5)
[2026-05-08 13:41:18] ==== loop 46/∞ | seed=700949671613944981 archetype=turtle personality=flotero focus=eco actions_per_loop=4 ====
[13:41:22] planet 28: building queue full (5)
[13:41:22] planet 28: building queue full (5)
[13:41:22] planet 28: building queue full (5)
[13:41:22] planet 28: building queue full (5)
[2026-05-08 13:41:57] ==== loop 47/∞ | seed=700949671613944981 archetype=turtle personality=flotero focus=eco actions_per_loop=4 ====
[13:42:00] planet 28: building queue full (5)
[13:42:00] planet 28: building queue full (5)
[13:42:00] planet 28: building queue full (5)
[13:42:00] research: blocked research_energy_technology (building_laboratory 0/1)
[2026-05-08 13:42:35] ==== loop 48/∞ | seed=700949671613944981 archetype=turtle personality=flotero focus=eco actions_per_loop=4 ====
[13:42:37] planet 28: building queue full (5)
[13:42:37] planet 28: building queue full (5)
[13:42:37] planet 28: building queue full (5)
[13:42:37] research: blocked research_energy_technology (building_laboratory 0/1)
[2026-05-08 13:43:16] ==== loop 49/∞ | seed=700949671613944981 archetype=turtle personality=flotero focus=eco actions_per_loop=4 ====
[13:43:17] planet 28: queued building_deuterium_tank to 7
[13:43:17] research: blocked research_energy_technology (building_laboratory 0/1)
[2026-05-08 13:43:56] ==== loop 50/∞ | seed=700949671613944981 archetype=turtle personality=flotero focus=eco actions_per_loop=4 ====
[13:43:59] planet 28: building queue full (5)
[13:43:59] planet 28: building queue full (5)
[13:43:59] planet 28: building queue full (5)
[13:43:59] planet 28: building queue full (5)
[2026-05-08 13:44:36] ==== loop 51/∞ | seed=700949671613944981 archetype=turtle personality=flotero focus=eco actions_per_loop=4 ====
[13:44:40] planet 28: building queue full (5)
[13:44:40] planet 28: building queue full (5)
[13:44:40] planet 28: building queue full (5)
[13:44:40] planet 28: building queue full (5)
[13:44:40] research: blocked research_energy_technology (building_laboratory 0/1)
[2026-05-08 13:45:19] ==== loop 52/∞ | seed=700949671613944981 archetype=turtle personality=flotero focus=eco actions_per_loop=4 ====
[13:45:21] planet 28: building queue full (5)
[13:45:21] planet 28: building queue full (5)
[13:45:21] planet 28: building queue full (5)
[13:45:21] research: blocked research_energy_technology (building_laboratory 0/1)
[2026-05-08 13:46:02] ==== loop 53/∞ | seed=700949671613944981 archetype=turtle personality=flotero focus=eco actions_per_loop=4 ====
[13:46:04] planet 28: building queue full (5)
[13:46:04] planet 28: building queue full (5)
[13:46:04] planet 28: building queue full (5)
[13:46:04] planet 28: building queue full (5)
[13:46:04] research: blocked research_energy_technology (building_laboratory 0/1)
[2026-05-08 13:46:40] ==== loop 54/∞ | seed=700949671613944981 archetype=turtle personality=flotero focus=eco actions_per_loop=4 ====
[13:46:41] planet 28: building queue full (5)
[13:46:41] planet 28: building queue full (5)
[13:46:41] planet 28: building queue full (5)
[13:46:41] planet 28: building queue full (5)
[13:46:41] research: blocked research_energy_technology (building_laboratory 0/1)
[2026-05-08 13:47:19] ==== loop 55/∞ | seed=700949671613944981 archetype=turtle personality=flotero focus=eco actions_per_loop=4 ====
[13:47:22] planet 28: building queue full (5)
[13:47:22] planet 28: building queue full (5)
[13:47:22] planet 28: building queue full (5)
[13:47:22] planet 28: building queue full (5)
[13:47:22] research: blocked research_energy_technology (building_laboratory 0/1)
[2026-05-08 13:48:04] ==== loop 56/∞ | seed=700949671613944981 archetype=turtle personality=flotero focus=eco actions_per_loop=4 ====
[13:48:06] planet 28: building queue full (5)
[13:48:06] planet 28: building queue full (5)
[13:48:06] planet 28: building queue full (5)
[13:48:06] planet 28: building queue full (5)
[2026-05-08 13:48:46] ==== loop 57/∞ | seed=700949671613944981 archetype=turtle personality=flotero focus=eco actions_per_loop=4 ====
[13:48:50] planet 28: building queue full (5)
[13:48:50] planet 28: building queue full (5)
[13:48:50] planet 28: building queue full (5)
[13:48:50] planet 28: building queue full (5)
[2026-05-08 13:49:27] ==== loop 58/∞ | seed=700949671613944981 archetype=turtle personality=flotero focus=eco actions_per_loop=4 ====
[13:49:29] planet 28: building queue full (5)
[13:49:29] planet 28: building queue full (5)
[13:49:29] planet 28: building queue full (5)
[13:49:29] research: blocked research_energy_technology (building_laboratory 0/1)
[2026-05-08 13:50:09] ==== loop 59/∞ | seed=700949671613944981 archetype=turtle personality=flotero focus=eco actions_per_loop=4 ====
[13:50:12] planet 28: building queue full (5)
[13:50:12] planet 28: building queue full (5)
[13:50:12] planet 28: building queue full (5)
[13:50:12] planet 28: building queue full (5)
[13:50:12] research: blocked research_energy_technology (building_laboratory 0/1)
[2026-05-08 13:50:53] ==== loop 60/∞ | seed=700949671613944981 archetype=turtle personality=flotero focus=eco actions_per_loop=4 ====
[13:50:56] planet 28: building queue full (5)
[13:50:56] planet 28: building queue full (5)
[13:50:56] planet 28: building queue full (5)
[13:50:56] planet 28: building queue full (5)
[2026-05-08 13:51:36] ==== loop 61/∞ | seed=700949671613944981 archetype=turtle personality=flotero focus=eco actions_per_loop=4 ====
[13:51:40] planet 28: building queue full (5)
[13:51:40] planet 28: building queue full (5)
[13:51:40] planet 28: building queue full (5)
[13:51:40] planet 28: building queue full (5)
[13:51:40] research: blocked research_energy_technology (building_laboratory 0/1)
[2026-05-08 13:52:18] ==== loop 62/∞ | seed=700949671613944981 archetype=turtle personality=flotero focus=eco actions_per_loop=4 ====
[13:52:21] planet 28: building queue full (5)
[13:52:21] planet 28: building queue full (5)
[13:52:21] planet 28: building queue full (5)
[13:52:21] planet 28: building queue full (5)
[13:52:21] research: blocked research_energy_technology (building_laboratory 0/1)
[2026-05-08 13:53:07] ==== loop 63/∞ | seed=700949671613944981 archetype=turtle personality=flotero focus=eco actions_per_loop=4 ====
[13:53:09] planet 28: building queue full (5)
[13:53:09] planet 28: building queue full (5)
[13:53:09] planet 28: building queue full (5)
[13:53:09] planet 28: building queue full (5)
[13:53:09] research: blocked research_energy_technology (building_laboratory 0/1)
[2026-05-08 13:53:50] ==== loop 64/∞ | seed=700949671613944981 archetype=turtle personality=flotero focus=eco actions_per_loop=4 ====
[13:53:54] planet 28: building queue full (5)
[13:53:54] planet 28: building queue full (5)
[13:53:54] planet 28: building queue full (5)
[13:53:54] planet 28: building queue full (5)
[13:53:54] research: blocked research_energy_technology (building_laboratory 0/1)
[2026-05-08 13:54:40] ==== loop 65/∞ | seed=700949671613944981 archetype=turtle personality=flotero focus=eco actions_per_loop=4 ====
[13:54:44] planet 28: building queue full (5)
[13:54:44] planet 28: building queue full (5)
[13:54:44] planet 28: building queue full (5)
[13:54:44] planet 28: building queue full (5)
[13:54:44] research: blocked research_energy_technology (building_laboratory 0/1)
[2026-05-08 13:55:30] ==== loop 66/∞ | seed=700949671613944981 archetype=turtle personality=flotero focus=eco actions_per_loop=4 ====
[13:55:30] planet 28: queued building_metal_store to 13
[13:55:30] research: blocked research_energy_technology (building_laboratory 0/1)
[2026-05-08 13:56:10] ==== loop 67/∞ | seed=700949671613944981 archetype=turtle personality=flotero focus=eco actions_per_loop=4 ====
[13:56:10] planet 28: no resources for building_metal_store+1
[13:56:10] research: blocked research_energy_technology (building_laboratory 0/1)
[2026-05-08 13:56:54] ==== loop 68/∞ | seed=700949671613944981 archetype=turtle personality=flotero focus=eco actions_per_loop=4 ====
[13:56:55] planet 28: no resources for building_metal_store+1
[13:56:55] research: blocked research_energy_technology (building_laboratory 0/1)
[2026-05-08 13:57:35] ==== loop 69/∞ | seed=700949671613944981 archetype=turtle personality=flotero focus=eco actions_per_loop=4 ====
[13:57:36] planet 28: no resources for building_metal_store+1
[13:57:36] research: blocked research_energy_technology (building_laboratory 0/1)
[2026-05-08 13:58:15] ==== loop 70/∞ | seed=700949671613944981 archetype=turtle personality=flotero focus=eco actions_per_loop=4 ====
[13:58:16] planet 28: no resources for building_metal_store+1
[13:58:16] research: blocked research_energy_technology (building_laboratory 0/1)
[2026-05-08 13:58:56] ==== loop 71/∞ | seed=700949671613944981 archetype=turtle personality=flotero focus=eco actions_per_loop=4 ====
[13:58:56] planet 28: no resources for building_metal_store+1
[13:58:56] research: blocked research_energy_technology (building_laboratory 0/1)
[2026-05-08 13:59:39] ==== loop 72/∞ | seed=700949671613944981 archetype=turtle personality=flotero focus=eco actions_per_loop=4 ====
[13:59:39] planet 28: no resources for building_metal_store+1
[2026-05-08 14:00:17] ==== loop 73/∞ | seed=700949671613944981 archetype=turtle personality=flotero focus=eco actions_per_loop=4 ====
[14:00:18] planet 28: queued building_robot_factory to 10
[14:00:18] research: blocked research_energy_technology (building_laboratory 0/1)
[2026-05-08 14:00:57] ==== loop 74/∞ | seed=700949671613944981 archetype=turtle personality=flotero focus=eco actions_per_loop=4 ====
[14:00:57] planet 28: queued building_hangar to 10
[2026-05-08 14:01:35] ==== loop 75/∞ | seed=700949671613944981 archetype=turtle personality=flotero focus=eco actions_per_loop=4 ====
[14:01:35] planet 28: queue busy, throttled building_hangar
[14:01:35] planet 28: queue busy, throttled building_hangar
[14:01:35] planet 28: queue busy, throttled building_hangar
[14:01:35] planet 28: queue busy, throttled building_hangar
[14:01:35] research: blocked research_energy_technology (building_laboratory 0/1)
[2026-05-08 14:02:12] ==== loop 76/∞ | seed=700949671613944981 archetype=turtle personality=flotero focus=eco actions_per_loop=4 ====
[14:02:12] planet 28: queue busy, throttled building_hangar
[14:02:12] planet 28: queue busy, throttled building_hangar
[14:02:12] planet 28: queue busy, throttled building_hangar
[14:02:12] planet 28: queue busy, throttled building_hangar
[14:02:12] research: blocked research_energy_technology (building_laboratory 0/1)
[2026-05-08 14:02:50] ==== loop 77/∞ | seed=700949671613944981 archetype=turtle personality=flotero focus=eco actions_per_loop=4 ====
[14:02:50] planet 28: queue busy, throttled building_hangar
[14:02:50] planet 28: queue busy, throttled building_hangar
[14:02:50] planet 28: queue busy, throttled building_hangar
[14:02:50] planet 28: queue busy, throttled building_hangar
[14:02:50] research: blocked research_energy_technology (building_laboratory 0/1)
[2026-05-08 14:03:26] ==== loop 78/∞ | seed=700949671613944981 archetype=turtle personality=flotero focus=eco actions_per_loop=4 ====
[14:03:26] planet 28: queue busy, throttled building_hangar
[14:03:26] planet 28: queue busy, throttled building_hangar
[14:03:26] planet 28: queue busy, throttled building_hangar
[14:03:26] research: blocked research_energy_technology (building_laboratory 0/1)
[2026-05-08 14:04:05] ==== loop 79/∞ | seed=700949671613944981 archetype=turtle personality=flotero focus=eco actions_per_loop=4 ====
[14:04:05] planet 28: queue busy, throttled building_hangar
[14:04:05] planet 28: queue busy, throttled building_hangar
[14:04:05] planet 28: queue busy, throttled building_hangar
[14:04:05] planet 28: queue busy, throttled building_hangar
[2026-05-08 14:04:39] ==== loop 80/∞ | seed=700949671613944981 archetype=turtle personality=flotero focus=eco actions_per_loop=4 ====
[14:04:39] planet 28: queue busy, throttled building_hangar
[14:04:39] planet 28: queue busy, throttled building_hangar
[14:04:39] planet 28: queue busy, throttled building_hangar
[14:04:39] planet 28: queue busy, throttled building_hangar
[14:04:39] research: blocked research_energy_technology (building_laboratory 0/1)
[2026-05-08 14:05:25] ==== loop 81/∞ | seed=700949671613944981 archetype=turtle personality=flotero focus=eco actions_per_loop=4 ====
[14:05:25] planet 28: queue busy, throttled building_hangar
[14:05:25] planet 28: queue busy, throttled building_hangar
[14:05:25] planet 28: queue busy, throttled building_hangar
[14:05:25] planet 28: queue busy, throttled building_hangar
[2026-05-08 14:06:00] ==== loop 82/∞ | seed=700949671613944981 archetype=turtle personality=flotero focus=eco actions_per_loop=4 ====
[14:06:00] planet 28: queue busy, throttled building_hangar
[14:06:00] planet 28: queue busy, throttled building_hangar
[14:06:00] planet 28: queue busy, throttled building_hangar
[14:06:00] planet 28: queue busy, throttled building_hangar
[14:06:00] research: blocked research_energy_technology (building_laboratory 0/1)
[2026-05-08 14:06:36] ==== loop 83/∞ | seed=700949671613944981 archetype=turtle personality=flotero focus=eco actions_per_loop=4 ====
[14:06:36] planet 28: queue busy, throttled building_hangar
[14:06:36] planet 28: queue busy, throttled building_hangar
[14:06:36] planet 28: queue busy, throttled building_hangar
[14:06:36] planet 28: queue busy, throttled building_hangar
[14:06:36] research: blocked research_energy_technology (building_laboratory 0/1)
[2026-05-08 14:07:16] ==== loop 84/∞ | seed=700949671613944981 archetype=turtle personality=flotero focus=eco actions_per_loop=4 ====
[14:07:16] planet 28: queue busy, throttled building_hangar
[14:07:16] planet 28: queue busy, throttled building_hangar
[14:07:16] planet 28: queue busy, throttled building_hangar
[14:07:16] planet 28: queue busy, throttled building_hangar
[14:07:16] research: blocked research_energy_technology (building_laboratory 0/1)
[2026-05-08 14:07:50] ==== loop 85/∞ | seed=700949671613944981 archetype=turtle personality=flotero focus=eco actions_per_loop=4 ====
[14:07:51] planet 28: queue busy, throttled building_hangar
[14:07:51] planet 28: queue busy, throttled building_hangar
[14:07:51] planet 28: queue busy, throttled building_hangar
[14:07:51] planet 28: queue busy, throttled building_hangar
[14:07:51] research: blocked research_energy_technology (building_laboratory 0/1)
[2026-05-08 14:08:26] ==== loop 86/∞ | seed=700949671613944981 archetype=turtle personality=flotero focus=eco actions_per_loop=4 ====
[14:08:26] planet 28: queue busy, throttled building_hangar
[14:08:26] planet 28: queue busy, throttled building_hangar
[14:08:26] planet 28: queue busy, throttled building_hangar
[14:08:26] planet 28: queue busy, throttled building_hangar
[2026-05-08 14:09:01] ==== loop 87/∞ | seed=700949671613944981 archetype=turtle personality=flotero focus=eco actions_per_loop=4 ====
[14:09:01] planet 28: queue busy, throttled building_hangar
[14:09:01] planet 28: queue busy, throttled building_hangar
[14:09:01] planet 28: queue busy, throttled building_hangar
[14:09:01] research: blocked research_energy_technology (building_laboratory 0/1)
[2026-05-08 14:09:39] ==== loop 88/∞ | seed=700949671613944981 archetype=turtle personality=flotero focus=eco actions_per_loop=4 ====
[14:09:39] planet 28: queue busy, throttled building_hangar
[14:09:39] planet 28: queue busy, throttled building_hangar
[14:09:39] planet 28: queue busy, throttled building_hangar
[14:09:39] research: blocked research_energy_technology (building_laboratory 0/1)
[2026-05-08 14:10:12] ==== loop 89/∞ | seed=700949671613944981 archetype=turtle personality=flotero focus=eco actions_per_loop=4 ====
[14:10:13] planet 28: queued building_crystal_store to 10
[14:10:13] research: blocked research_energy_technology (building_laboratory 0/1)
[2026-05-08 14:10:50] ==== loop 90/∞ | seed=700949671613944981 archetype=turtle personality=flotero focus=eco actions_per_loop=4 ====
[14:10:51] planet 28: queued building_crystal_store to 11
[14:10:51] research: blocked research_energy_technology (building_laboratory 0/1)
[2026-05-08 14:11:31] ==== loop 91/∞ | seed=700949671613944981 archetype=turtle personality=flotero focus=eco actions_per_loop=4 ====
[14:11:32] planet 28: no resources for building_crystal_store+1
[14:11:32] research: blocked research_energy_technology (building_laboratory 0/1)
[2026-05-08 14:12:10] ==== loop 92/∞ | seed=700949671613944981 archetype=turtle personality=flotero focus=eco actions_per_loop=4 ====
[14:12:10] planet 28: no resources for building_crystal_store+1
[14:12:10] research: blocked research_energy_technology (building_laboratory 0/1)
[2026-05-08 14:12:45] ==== loop 93/∞ | seed=700949671613944981 archetype=turtle personality=flotero focus=eco actions_per_loop=4 ====
[14:12:46] planet 28: no resources for building_crystal_store+1
[14:12:46] research: blocked research_energy_technology (building_laboratory 0/1)
[2026-05-08 14:13:28] ==== loop 94/∞ | seed=700949671613944981 archetype=turtle personality=flotero focus=eco actions_per_loop=4 ====
[14:13:29] planet 28: no resources for building_crystal_store+1
[14:13:29] research: blocked research_energy_technology (building_laboratory 0/1)
[2026-05-08 14:14:09] ==== loop 95/∞ | seed=700949671613944981 archetype=turtle personality=flotero focus=eco actions_per_loop=4 ====
[14:14:10] planet 28: no resources for building_crystal_store+1
[14:14:10] research: blocked research_energy_technology (building_laboratory 0/1)
[2026-05-08 14:14:50] ==== loop 96/∞ | seed=700949671613944981 archetype=turtle personality=flotero focus=eco actions_per_loop=4 ====
[14:14:50] planet 28: no resources for building_crystal_store+1
[14:14:50] research: blocked research_energy_technology (building_laboratory 0/1)
[2026-05-08 14:15:32] ==== loop 97/∞ | seed=700949671613944981 archetype=turtle personality=flotero focus=eco actions_per_loop=4 ====
[14:15:32] planet 28: no resources for building_crystal_store+1
[2026-05-08 14:16:16] ==== loop 98/∞ | seed=700949671613944981 archetype=turtle personality=flotero focus=eco actions_per_loop=4 ====
[14:16:17] planet 28: no resources for building_crystal_store+1
[2026-05-08 14:16:56] ==== loop 99/∞ | seed=700949671613944981 archetype=turtle personality=flotero focus=eco actions_per_loop=4 ====
[14:16:57] planet 28: no resources for building_crystal_store+1
[2026-05-08 14:17:35] ==== loop 100/∞ | seed=700949671613944981 archetype=turtle personality=flotero focus=eco actions_per_loop=4 ====
[14:17:35] planet 28: no resources for building_crystal_store+1
[14:17:35] research: blocked research_energy_technology (building_laboratory 0/1)
[2026-05-08 14:18:13] ==== loop 101/∞ | seed=700949671613944981 archetype=turtle personality=flotero focus=eco actions_per_loop=4 ====
[14:18:14] planet 28: no resources for building_crystal_store+1
[2026-05-08 14:18:52] ==== loop 102/∞ | seed=700949671613944981 archetype=turtle personality=flotero focus=eco actions_per_loop=4 ====
[14:18:54] planet 28: no resources for building_crystal_store+1
[14:18:54] research: blocked research_energy_technology (building_laboratory 0/1)
[2026-05-08 14:19:34] ==== loop 103/∞ | seed=700949671613944981 archetype=turtle personality=flotero focus=eco actions_per_loop=4 ====
[14:19:35] planet 28: no resources for building_crystal_store+1
[14:19:35] research: blocked research_energy_technology (building_laboratory 0/1)
[2026-05-08 14:20:14] ==== loop 104/∞ | seed=700949671613944981 archetype=turtle personality=flotero focus=eco actions_per_loop=4 ====
[14:20:15] planet 28: queued ship_heavy_fighter +5
[14:20:15] planet 28: skipped duplicate ship_heavy_fighter this loop
[14:20:15] planet 28: skipped duplicate ship_heavy_fighter this loop
[14:20:15] planet 28: skipped duplicate ship_heavy_fighter this loop
[14:20:15] research: blocked research_energy_technology (building_laboratory 0/1)
[2026-05-08 14:20:55] ==== loop 105/∞ | seed=700949671613944981 archetype=turtle personality=flotero focus=eco actions_per_loop=4 ====
[14:20:56] planet 28: queued ship_heavy_fighter +5
[14:20:56] planet 28: skipped duplicate ship_heavy_fighter this loop
[14:20:56] planet 28: skipped duplicate ship_heavy_fighter this loop
[14:20:56] planet 28: skipped duplicate ship_heavy_fighter this loop
[14:20:56] research: blocked research_energy_technology (building_laboratory 0/1)
[2026-05-08 14:21:34] ==== loop 106/∞ | seed=700949671613944981 archetype=turtle personality=flotero focus=eco actions_per_loop=4 ====
[14:21:35] planet 28: queued ship_heavy_fighter +5
[14:21:35] planet 28: skipped duplicate ship_heavy_fighter this loop
[14:21:35] planet 28: skipped duplicate ship_heavy_fighter this loop
[14:21:35] planet 28: skipped duplicate ship_heavy_fighter this loop
[14:21:35] research: blocked research_energy_technology (building_laboratory 0/1)
[2026-05-08 14:22:15] ==== loop 107/∞ | seed=700949671613944981 archetype=turtle personality=flotero focus=eco actions_per_loop=4 ====
[14:22:16] planet 28: queued ship_heavy_fighter +5
[14:22:16] planet 28: skipped duplicate ship_heavy_fighter this loop
[14:22:16] planet 28: skipped duplicate ship_heavy_fighter this loop
[14:22:16] planet 28: skipped duplicate ship_heavy_fighter this loop
[14:22:16] research: blocked research_energy_technology (building_laboratory 0/1)
[2026-05-08 14:22:57] ==== loop 108/∞ | seed=700949671613944981 archetype=turtle personality=flotero focus=eco actions_per_loop=4 ====
[14:22:59] planet 28: queued ship_heavy_fighter +5
[14:22:59] planet 28: skipped duplicate ship_heavy_fighter this loop
[14:22:59] planet 28: skipped duplicate ship_heavy_fighter this loop
[14:22:59] research: blocked research_energy_technology (building_laboratory 0/1)
[2026-05-08 14:23:39] ==== loop 109/∞ | seed=700949671613944981 archetype=turtle personality=flotero focus=eco actions_per_loop=4 ====
[14:23:40] planet 28: queued ship_heavy_fighter +5
[14:23:40] planet 28: skipped duplicate ship_heavy_fighter this loop
[14:23:40] planet 28: skipped duplicate ship_heavy_fighter this loop
[14:23:40] planet 28: skipped duplicate ship_heavy_fighter this loop
[2026-05-08 14:24:19] ==== loop 110/∞ | seed=700949671613944981 archetype=turtle personality=flotero focus=eco actions_per_loop=4 ====
[14:24:20] planet 28: queued ship_heavy_fighter +5
[14:24:20] planet 28: skipped duplicate ship_heavy_fighter this loop
[14:24:20] planet 28: skipped duplicate ship_heavy_fighter this loop
[14:24:20] planet 28: skipped duplicate ship_heavy_fighter this loop
[14:24:20] research: blocked research_energy_technology (building_laboratory 0/1)
[2026-05-08 14:24:59] ==== loop 111/∞ | seed=700949671613944981 archetype=turtle personality=flotero focus=eco actions_per_loop=4 ====
[14:25:00] planet 28: queued ship_heavy_fighter +5
[14:25:00] planet 28: skipped duplicate ship_heavy_fighter this loop
[14:25:00] planet 28: skipped duplicate ship_heavy_fighter this loop
[14:25:00] planet 28: skipped duplicate ship_heavy_fighter this loop
[2026-05-08 14:25:37] ==== loop 112/∞ | seed=700949671613944981 archetype=turtle personality=flotero focus=eco actions_per_loop=4 ====
[14:25:38] planet 28: queued ship_heavy_fighter +5
[14:25:38] planet 28: skipped duplicate ship_heavy_fighter this loop
[14:25:38] planet 28: skipped duplicate ship_heavy_fighter this loop
[14:25:38] planet 28: skipped duplicate ship_heavy_fighter this loop
[2026-05-08 14:26:16] ==== loop 113/∞ | seed=700949671613944981 archetype=turtle personality=flotero focus=eco actions_per_loop=4 ====
[14:26:16] planet 28: queued ship_heavy_fighter +5
[14:26:16] planet 28: skipped duplicate ship_heavy_fighter this loop
[14:26:16] planet 28: skipped duplicate ship_heavy_fighter this loop
[14:26:16] research: blocked research_energy_technology (building_laboratory 0/1)
[2026-05-08 14:26:58] ==== loop 114/∞ | seed=700949671613944981 archetype=turtle personality=flotero focus=eco actions_per_loop=4 ====
[14:26:58] planet 28: queued ship_heavy_fighter +5
[14:26:58] planet 28: skipped duplicate ship_heavy_fighter this loop
[14:26:58] planet 28: skipped duplicate ship_heavy_fighter this loop
[14:26:58] planet 28: skipped duplicate ship_heavy_fighter this loop
[14:26:58] research: blocked research_energy_technology (building_laboratory 0/1)
[2026-05-08 14:27:37] ==== loop 115/∞ | seed=700949671613944981 archetype=turtle personality=flotero focus=eco actions_per_loop=4 ====
[14:27:38] planet 28: queued ship_heavy_fighter +5
[14:27:38] planet 28: skipped duplicate ship_heavy_fighter this loop
[14:27:38] planet 28: skipped duplicate ship_heavy_fighter this loop
[14:27:38] planet 28: skipped duplicate ship_heavy_fighter this loop
[14:27:38] research: blocked research_energy_technology (building_laboratory 0/1)
[2026-05-08 14:28:16] ==== loop 116/∞ | seed=700949671613944981 archetype=turtle personality=flotero focus=eco actions_per_loop=4 ====
[14:28:17] planet 28: queued ship_heavy_fighter +5
[14:28:17] planet 28: skipped duplicate ship_heavy_fighter this loop
[14:28:17] planet 28: skipped duplicate ship_heavy_fighter this loop
[14:28:17] research: blocked research_energy_technology (building_laboratory 0/1)
[2026-05-08 14:28:58] ==== loop 117/∞ | seed=700949671613944981 archetype=turtle personality=flotero focus=eco actions_per_loop=4 ====
[14:29:00] planet 28: queued ship_heavy_fighter +5
[14:29:00] planet 28: skipped duplicate ship_heavy_fighter this loop
[14:29:00] planet 28: skipped duplicate ship_heavy_fighter this loop
[14:29:00] research: blocked research_energy_technology (building_laboratory 0/1)
[2026-05-08 14:29:43] ==== loop 118/∞ | seed=700949671613944981 archetype=turtle personality=flotero focus=eco actions_per_loop=4 ====
[14:29:44] planet 28: queued ship_heavy_fighter +5
[14:29:44] planet 28: skipped duplicate ship_heavy_fighter this loop
[14:29:44] planet 28: skipped duplicate ship_heavy_fighter this loop
[14:29:44] planet 28: skipped duplicate ship_heavy_fighter this loop
[2026-05-08 14:30:23] ==== loop 119/∞ | seed=700949671613944981 archetype=turtle personality=flotero focus=eco actions_per_loop=4 ====
[14:30:23] planet 28: queued building_metal_mine to 27
[14:30:23] research: blocked research_energy_technology (building_laboratory 0/1)
[2026-05-08 14:31:06] ==== loop 120/∞ | seed=700949671613944981 archetype=turtle personality=flotero focus=eco actions_per_loop=4 ====
[14:31:07] planet 28: no resources for building_metal_mine+1
[2026-05-08 14:31:45] ==== loop 121/∞ | seed=700949671613944981 archetype=turtle personality=flotero focus=eco actions_per_loop=4 ====
[14:31:46] planet 28: no resources for building_metal_mine+1
[14:31:46] research: blocked research_energy_technology (building_laboratory 0/1)
[2026-05-08 14:32:28] ==== loop 122/∞ | seed=700949671613944981 archetype=turtle personality=flotero focus=eco actions_per_loop=4 ====
[14:32:29] planet 28: no resources for building_metal_mine+1
[14:32:29] research: blocked research_energy_technology (building_laboratory 0/1)
[2026-05-08 14:33:10] ==== loop 123/∞ | seed=700949671613944981 archetype=turtle personality=flotero focus=eco actions_per_loop=4 ====
[14:33:11] planet 28: no resources for building_metal_mine+1
[14:33:11] research: blocked research_energy_technology (building_laboratory 0/1)
[2026-05-08 14:33:46] ==== loop 124/∞ | seed=700949671613944981 archetype=turtle personality=flotero focus=eco actions_per_loop=4 ====
[14:33:46] planet 28: no resources for building_metal_mine+1
[2026-05-08 14:34:28] ==== loop 125/∞ | seed=700949671613944981 archetype=turtle personality=flotero focus=eco actions_per_loop=4 ====
[14:34:29] planet 28: no resources for building_metal_mine+1
[14:34:29] research: blocked research_energy_technology (building_laboratory 0/1)
[2026-05-08 14:35:10] ==== loop 126/∞ | seed=700949671613944981 archetype=turtle personality=flotero focus=eco actions_per_loop=4 ====
[14:35:11] planet 28: no resources for building_metal_mine+1
[2026-05-08 14:35:52] ==== loop 127/∞ | seed=700949671613944981 archetype=turtle personality=flotero focus=eco actions_per_loop=4 ====
[14:35:52] planet 28: no resources for building_metal_mine+1
[14:35:52] research: blocked research_energy_technology (building_laboratory 0/1)
[2026-05-08 14:36:33] ==== loop 128/∞ | seed=700949671613944981 archetype=turtle personality=flotero focus=eco actions_per_loop=4 ====
[14:36:33] planet 28: no resources for building_metal_mine+1
[14:36:33] research: blocked research_energy_technology (building_laboratory 0/1)
[2026-05-08 14:37:13] ==== loop 129/∞ | seed=700949671613944981 archetype=turtle personality=flotero focus=eco actions_per_loop=4 ====
[14:37:14] planet 28: no resources for building_metal_mine+1
[14:37:14] research: blocked research_energy_technology (building_laboratory 0/1)
[2026-05-08 14:37:54] ==== loop 130/∞ | seed=700949671613944981 archetype=turtle personality=flotero focus=eco actions_per_loop=4 ====
[14:37:54] planet 28: no resources for building_metal_mine+1
[14:37:54] research: blocked research_energy_technology (building_laboratory 0/1)
[2026-05-08 14:38:34] ==== loop 131/∞ | seed=700949671613944981 archetype=turtle personality=flotero focus=eco actions_per_loop=4 ====
[14:38:34] planet 28: no resources for building_metal_mine+1
[14:38:34] research: blocked research_energy_technology (building_laboratory 0/1)
[2026-05-08 14:39:14] ==== loop 132/∞ | seed=700949671613944981 archetype=turtle personality=flotero focus=eco actions_per_loop=4 ====
[14:39:15] planet 28: no resources for building_metal_mine+1
[14:39:15] research: blocked research_energy_technology (building_laboratory 0/1)
[2026-05-08 14:39:55] ==== loop 133/∞ | seed=700949671613944981 archetype=turtle personality=flotero focus=eco actions_per_loop=4 ====
[14:39:56] planet 28: no resources for building_metal_mine+1
[14:39:56] research: blocked research_energy_technology (building_laboratory 0/1)
[2026-05-08 14:40:35] ==== loop 134/∞ | seed=700949671613944981 archetype=turtle personality=flotero focus=eco actions_per_loop=4 ====
[14:40:35] planet 28: no resources for building_solar_plant+1
[14:40:35] research: blocked research_energy_technology (building_laboratory 0/1)
[2026-05-08 14:41:09] ==== loop 135/∞ | seed=700949671613944981 archetype=turtle personality=flotero focus=eco actions_per_loop=4 ====
[14:41:09] planet 28: no resources for building_solar_plant+1
[14:41:09] research: blocked research_energy_technology (building_laboratory 0/1)
[2026-05-08 14:41:47] ==== loop 136/∞ | seed=700949671613944981 archetype=turtle personality=flotero focus=eco actions_per_loop=4 ====
[14:41:48] planet 28: no resources for building_solar_plant+1
[2026-05-08 14:42:24] ==== loop 137/∞ | seed=700949671613944981 archetype=turtle personality=flotero focus=eco actions_per_loop=4 ====
[14:42:25] planet 28: no resources for building_solar_plant+1
[14:42:25] research: blocked research_energy_technology (building_laboratory 0/1)
[2026-05-08 14:43:07] ==== loop 138/∞ | seed=700949671613944981 archetype=turtle personality=flotero focus=eco actions_per_loop=4 ====
[14:43:08] planet 28: no resources for building_solar_plant+1
[2026-05-08 14:43:44] ==== loop 139/∞ | seed=700949671613944981 archetype=turtle personality=flotero focus=eco actions_per_loop=4 ====
[14:43:45] planet 28: queued building_solar_plant to 26
[14:43:45] research: blocked research_energy_technology (building_laboratory 0/1)
[2026-05-08 14:44:22] ==== loop 140/∞ | seed=700949671613944981 archetype=turtle personality=flotero focus=eco actions_per_loop=4 ====
[14:44:23] planet 28: no resources for building_solar_plant+1
[14:44:23] research: blocked research_energy_technology (building_laboratory 0/1)
[2026-05-08 14:45:00] ==== loop 141/∞ | seed=700949671613944981 archetype=turtle personality=flotero focus=eco actions_per_loop=4 ====
[14:45:01] planet 28: no resources for building_solar_plant+1
[2026-05-08 14:45:38] ==== loop 142/∞ | seed=700949671613944981 archetype=turtle personality=flotero focus=eco actions_per_loop=4 ====
[14:45:39] planet 28: no resources for building_solar_plant+1
[14:45:39] research: blocked research_energy_technology (building_laboratory 0/1)
[2026-05-08 14:46:17] ==== loop 143/∞ | seed=700949671613944981 archetype=turtle personality=flotero focus=eco actions_per_loop=4 ====
[14:46:17] planet 28: no resources for building_solar_plant+1
[2026-05-08 14:46:57] ==== loop 144/∞ | seed=700949671613944981 archetype=turtle personality=flotero focus=eco actions_per_loop=4 ====
[14:46:58] planet 28: no resources for building_solar_plant+1
[14:46:58] research: blocked research_energy_technology (building_laboratory 0/1)
[2026-05-08 14:47:37] ==== loop 145/∞ | seed=700949671613944981 archetype=turtle personality=flotero focus=eco actions_per_loop=4 ====
[14:47:37] planet 28: no resources for building_solar_plant+1
[2026-05-08 14:48:17] ==== loop 146/∞ | seed=700949671613944981 archetype=turtle personality=flotero focus=eco actions_per_loop=4 ====
[14:48:17] planet 28: queued building_robot_factory to 11
[2026-05-08 14:48:55] ==== loop 147/∞ | seed=700949671613944981 archetype=turtle personality=flotero focus=eco actions_per_loop=4 ====
[14:48:55] planet 28: queue busy, throttled building_robot_factory
[14:48:55] planet 28: queue busy, throttled building_robot_factory
[14:48:55] planet 28: queue busy, throttled building_robot_factory
[14:48:55] planet 28: queue busy, throttled building_robot_factory
[14:48:55] research: blocked research_energy_technology (building_laboratory 0/1)
[2026-05-08 14:49:35] ==== loop 148/∞ | seed=700949671613944981 archetype=turtle personality=flotero focus=eco actions_per_loop=4 ====
[14:49:35] planet 28: queue busy, throttled building_robot_factory
[14:49:35] planet 28: queue busy, throttled building_robot_factory
[14:49:35] planet 28: queue busy, throttled building_robot_factory
[14:49:35] planet 28: queue busy, throttled building_robot_factory
[14:49:35] research: blocked research_energy_technology (building_laboratory 0/1)
[2026-05-08 14:50:13] ==== loop 149/∞ | seed=700949671613944981 archetype=turtle personality=flotero focus=eco actions_per_loop=4 ====
[14:50:13] planet 28: no resources for building_metal_store+1
[14:50:13] research: blocked research_energy_technology (building_laboratory 0/1)
[2026-05-08 14:50:56] ==== loop 150/∞ | seed=700949671613944981 archetype=turtle personality=flotero focus=eco actions_per_loop=4 ====
[14:50:57] planet 28: no resources for building_metal_store+1
[2026-05-08 14:51:34] ==== loop 151/∞ | seed=700949671613944981 archetype=turtle personality=flotero focus=eco actions_per_loop=4 ====
[14:51:34] planet 28: no resources for building_metal_store+1
[14:51:34] research: blocked research_energy_technology (building_laboratory 0/1)
[2026-05-08 14:52:14] ==== loop 152/∞ | seed=700949671613944981 archetype=turtle personality=flotero focus=eco actions_per_loop=4 ====
[14:52:15] planet 28: no resources for building_metal_store+1
[14:52:15] research: blocked research_energy_technology (building_laboratory 0/1)
[2026-05-11 07:01:40] ==== loop 1/∞ | seed=700949671613944981 archetype=turtle personality=flotero focus=eco actions_per_loop=4 ====
[07:01:40] planet 28: queued building_metal_store to 14
[07:01:40] research: blocked research_energy_technology (building_laboratory 0/1)
[2026-05-11 07:02:11] ==== loop 2/∞ | seed=700949671613944981 archetype=turtle personality=flotero focus=eco actions_per_loop=4 ====
[07:02:12] planet 28: queued building_metal_store to 15
[07:02:12] research: blocked research_energy_technology (building_laboratory 0/1)
[2026-05-11 07:02:40] ==== loop 3/∞ | seed=700949671613944981 archetype=turtle personality=flotero focus=eco actions_per_loop=4 ====
[07:02:40] planet 28: queued building_metal_store to 16
[2026-05-11 07:03:05] ==== loop 4/∞ | seed=700949671613944981 archetype=turtle personality=flotero focus=eco actions_per_loop=4 ====
[07:03:05] planet 28: queued building_metal_store to 17
[07:03:05] research: blocked research_energy_technology (building_laboratory 0/1)
[2026-05-11 07:03:29] ==== loop 5/∞ | seed=700949671613944981 archetype=turtle personality=flotero focus=eco actions_per_loop=4 ====
[07:03:30] planet 28: queued building_metal_store to 18
[2026-05-11 07:03:53] ==== loop 6/∞ | seed=700949671613944981 archetype=turtle personality=flotero focus=eco actions_per_loop=4 ====
[07:03:53] planet 28: no resources for building_metal_store+1
[07:03:53] research: blocked research_energy_technology (building_laboratory 0/1)
[2026-05-11 07:04:28] ==== loop 7/∞ | seed=700949671613944981 archetype=turtle personality=flotero focus=eco actions_per_loop=4 ====
[07:04:29] planet 28: no resources for building_metal_store+1
[07:04:29] research: blocked research_energy_technology (building_laboratory 0/1)
[2026-05-11 07:05:07] ==== loop 8/∞ | seed=700949671613944981 archetype=turtle personality=flotero focus=eco actions_per_loop=4 ====
[07:05:07] planet 28: no resources for building_metal_store+1
[2026-05-11 07:05:39] ==== loop 9/∞ | seed=700949671613944981 archetype=turtle personality=flotero focus=eco actions_per_loop=4 ====
[07:05:40] planet 28: no resources for building_metal_store+1
[07:05:40] research: blocked research_energy_technology (building_laboratory 0/1)
[2026-05-11 07:06:18] ==== loop 10/∞ | seed=700949671613944981 archetype=turtle personality=flotero focus=eco actions_per_loop=4 ====
[07:06:18] planet 28: no resources for building_metal_store+1
[2026-05-11 07:06:56] ==== loop 11/∞ | seed=700949671613944981 archetype=turtle personality=flotero focus=eco actions_per_loop=4 ====
[07:06:57] planet 28: no resources for building_metal_store+1
[07:06:57] research: blocked research_energy_technology (building_laboratory 0/1)
[2026-05-11 07:07:34] ==== loop 12/∞ | seed=700949671613944981 archetype=turtle personality=flotero focus=eco actions_per_loop=4 ====
[07:07:35] planet 28: no resources for building_metal_store+1
[07:07:35] research: blocked research_energy_technology (building_laboratory 0/1)
[2026-05-11 07:08:12] ==== loop 13/∞ | seed=700949671613944981 archetype=turtle personality=flotero focus=eco actions_per_loop=4 ====
[07:08:12] planet 28: no resources for building_metal_store+1
[07:08:12] research: blocked research_energy_technology (building_laboratory 0/1)
[2026-05-11 07:08:47] ==== loop 14/∞ | seed=700949671613944981 archetype=turtle personality=flotero focus=eco actions_per_loop=4 ====
[07:08:48] planet 28: no resources for building_metal_store+1
[07:08:48] research: blocked research_energy_technology (building_laboratory 0/1)
[2026-05-11 07:09:24] ==== loop 15/∞ | seed=700949671613944981 archetype=turtle personality=flotero focus=eco actions_per_loop=4 ====
[07:09:24] planet 28: no resources for building_metal_store+1
[07:09:24] research: blocked research_energy_technology (building_laboratory 0/1)
[2026-05-11 07:10:03] ==== loop 16/∞ | seed=700949671613944981 archetype=turtle personality=flotero focus=eco actions_per_loop=4 ====
[07:10:06] planet 28: building queue full (5)
[07:10:06] planet 28: building queue full (5)
[07:10:06] planet 28: building queue full (5)
[07:10:06] research: blocked research_energy_technology (building_laboratory 0/1)
[2026-05-11 07:10:40] ==== loop 17/∞ | seed=700949671613944981 archetype=turtle personality=flotero focus=eco actions_per_loop=4 ====
[07:10:42] planet 28: building queue full (5)
[07:10:42] planet 28: building queue full (5)
[07:10:42] planet 28: building queue full (5)
[07:10:42] planet 28: building queue full (5)
[07:10:42] research: blocked research_energy_technology (building_laboratory 0/1)
[2026-05-11 07:11:20] ==== loop 18/∞ | seed=700949671613944981 archetype=turtle personality=flotero focus=eco actions_per_loop=4 ====
[07:11:22] planet 28: building queue full (5)
[07:11:22] planet 28: building queue full (5)
[07:11:22] planet 28: building queue full (5)
[2026-05-11 07:12:01] ==== loop 19/∞ | seed=700949671613944981 archetype=turtle personality=flotero focus=eco actions_per_loop=4 ====
[07:12:03] planet 28: building queue full (5)
[07:12:03] planet 28: building queue full (5)
[07:12:03] planet 28: building queue full (5)
[07:12:03] research: blocked research_energy_technology (building_laboratory 0/1)
[2026-05-11 07:12:45] ==== loop 20/∞ | seed=700949671613944981 archetype=turtle personality=flotero focus=eco actions_per_loop=4 ====
[07:12:47] planet 28: building queue full (5)
[07:12:47] planet 28: building queue full (5)
[07:12:47] planet 28: building queue full (5)
[07:12:47] planet 28: building queue full (5)
[2026-05-11 07:13:27] ==== loop 21/∞ | seed=700949671613944981 archetype=turtle personality=flotero focus=eco actions_per_loop=4 ====
[07:13:30] planet 28: building queue full (5)
[07:13:30] planet 28: building queue full (5)
[07:13:30] planet 28: building queue full (5)
[07:13:30] planet 28: building queue full (5)
[07:13:30] research: blocked research_energy_technology (building_laboratory 0/1)
[2026-05-11 07:14:14] ==== loop 22/∞ | seed=700949671613944981 archetype=turtle personality=flotero focus=eco actions_per_loop=4 ====
[07:14:16] planet 28: building queue full (5)
[07:14:16] planet 28: building queue full (5)
[07:14:16] planet 28: building queue full (5)
[07:14:16] planet 28: building queue full (5)
[2026-05-11 07:14:55] ==== loop 23/∞ | seed=700949671613944981 archetype=turtle personality=flotero focus=eco actions_per_loop=4 ====
[07:14:59] planet 28: building queue full (5)
[07:14:59] planet 28: building queue full (5)
[07:14:59] planet 28: building queue full (5)
[07:14:59] planet 28: building queue full (5)
[07:14:59] research: blocked research_energy_technology (building_laboratory 0/1)
[2026-05-11 07:15:41] ==== loop 24/∞ | seed=700949671613944981 archetype=turtle personality=flotero focus=eco actions_per_loop=4 ====
[07:15:43] planet 28: building queue full (5)
[07:15:43] planet 28: building queue full (5)
[07:15:43] planet 28: building queue full (5)
[07:15:43] planet 28: building queue full (5)
[07:15:43] research: blocked research_energy_technology (building_laboratory 0/1)
[2026-05-11 07:16:29] ==== loop 25/∞ | seed=700949671613944981 archetype=turtle personality=flotero focus=eco actions_per_loop=4 ====
[07:16:32] planet 28: building queue full (5)
[07:16:32] planet 28: building queue full (5)
[07:16:32] planet 28: building queue full (5)
[07:16:32] research: blocked research_energy_technology (building_laboratory 0/1)
[2026-05-11 07:17:15] ==== loop 26/∞ | seed=700949671613944981 archetype=turtle personality=flotero focus=eco actions_per_loop=4 ====
[07:17:19] planet 28: building queue full (5)
[07:17:19] planet 28: building queue full (5)
[07:17:19] planet 28: building queue full (5)
[07:17:19] planet 28: building queue full (5)
[07:17:19] research: blocked research_energy_technology (building_laboratory 0/1)
[2026-05-11 07:17:58] ==== loop 27/∞ | seed=700949671613944981 archetype=turtle personality=flotero focus=eco actions_per_loop=4 ====
[07:18:01] planet 28: building queue full (5)
[07:18:01] planet 28: building queue full (5)
[07:18:01] planet 28: building queue full (5)
[07:18:01] planet 28: building queue full (5)
[07:18:01] research: blocked research_energy_technology (building_laboratory 0/1)
[2026-05-11 07:18:41] ==== loop 28/∞ | seed=700949671613944981 archetype=turtle personality=flotero focus=eco actions_per_loop=4 ====
[07:18:43] planet 28: building queue full (5)
[07:18:43] planet 28: building queue full (5)
[07:18:43] planet 28: building queue full (5)
[07:18:43] planet 28: building queue full (5)
[07:18:43] research: blocked research_energy_technology (building_laboratory 0/1)
[2026-05-11 07:19:27] ==== loop 29/∞ | seed=700949671613944981 archetype=turtle personality=flotero focus=eco actions_per_loop=4 ====
[07:19:29] planet 28: building queue full (5)
[07:19:29] planet 28: building queue full (5)
[07:19:29] planet 28: building queue full (5)
[07:19:29] planet 28: building queue full (5)
[07:19:29] research: blocked research_energy_technology (building_laboratory 0/1)
[2026-05-11 07:20:11] ==== loop 30/∞ | seed=700949671613944981 archetype=turtle personality=flotero focus=eco actions_per_loop=4 ====
[07:20:11] planet 28: queue busy, throttled building_robot_factory
[07:20:11] planet 28: queue busy, throttled building_robot_factory
[07:20:11] planet 28: queue busy, throttled building_robot_factory
[07:20:11] research: blocked research_energy_technology (building_laboratory 0/1)
[2026-05-11 07:20:49] ==== loop 31/∞ | seed=700949671613944981 archetype=turtle personality=flotero focus=eco actions_per_loop=4 ====
[07:20:49] planet 28: queue busy, throttled building_robot_factory
[07:20:49] planet 28: queue busy, throttled building_robot_factory
[07:20:49] planet 28: queue busy, throttled building_robot_factory
[07:20:49] planet 28: queue busy, throttled building_robot_factory
[2026-05-11 07:21:25] ==== loop 32/∞ | seed=700949671613944981 archetype=turtle personality=flotero focus=eco actions_per_loop=4 ====
[07:21:25] planet 28: queue busy, throttled building_robot_factory
[07:21:25] planet 28: queue busy, throttled building_robot_factory
[07:21:25] planet 28: queue busy, throttled building_robot_factory
[07:21:25] planet 28: queue busy, throttled building_robot_factory
[07:21:25] research: blocked research_energy_technology (building_laboratory 0/1)
[2026-05-11 07:22:03] ==== loop 33/∞ | seed=700949671613944981 archetype=turtle personality=flotero focus=eco actions_per_loop=4 ====
[07:22:03] planet 28: queue busy, throttled building_robot_factory
[07:22:03] planet 28: queue busy, throttled building_robot_factory
[07:22:03] planet 28: queue busy, throttled building_robot_factory
[07:22:03] planet 28: queue busy, throttled building_robot_factory
[07:22:03] research: blocked research_energy_technology (building_laboratory 0/1)
[2026-05-11 07:22:45] ==== loop 34/∞ | seed=700949671613944981 archetype=turtle personality=flotero focus=eco actions_per_loop=4 ====
[07:22:45] planet 28: queue busy, throttled building_robot_factory
[07:22:45] planet 28: queue busy, throttled building_robot_factory
[07:22:45] planet 28: queue busy, throttled building_robot_factory
[07:22:45] planet 28: queue busy, throttled building_robot_factory
[2026-05-11 07:23:25] ==== loop 35/∞ | seed=700949671613944981 archetype=turtle personality=flotero focus=eco actions_per_loop=4 ====
[07:23:25] planet 28: queue busy, throttled building_robot_factory
[07:23:25] planet 28: queue busy, throttled building_robot_factory
[07:23:25] planet 28: queue busy, throttled building_robot_factory
[07:23:25] planet 28: queue busy, throttled building_robot_factory
[07:23:25] research: blocked research_energy_technology (building_laboratory 0/1)
[2026-05-11 07:24:06] ==== loop 36/∞ | seed=700949671613944981 archetype=turtle personality=flotero focus=eco actions_per_loop=4 ====
[07:24:06] planet 28: queue busy, throttled building_robot_factory
[07:24:06] planet 28: queue busy, throttled building_robot_factory
[07:24:06] planet 28: queue busy, throttled building_robot_factory
[07:24:06] planet 28: queue busy, throttled building_robot_factory
[07:24:06] research: blocked research_energy_technology (building_laboratory 0/1)
[2026-05-11 07:24:47] ==== loop 37/∞ | seed=700949671613944981 archetype=turtle personality=flotero focus=eco actions_per_loop=4 ====
[07:24:47] planet 28: queue busy, throttled building_robot_factory
[07:24:47] planet 28: queue busy, throttled building_robot_factory
[07:24:47] planet 28: queue busy, throttled building_robot_factory
[07:24:47] planet 28: queue busy, throttled building_robot_factory
[07:24:47] research: blocked research_energy_technology (building_laboratory 0/1)
[2026-05-11 07:25:26] ==== loop 38/∞ | seed=700949671613944981 archetype=turtle personality=flotero focus=eco actions_per_loop=4 ====
[07:25:26] planet 28: queue busy, throttled building_robot_factory
[07:25:26] planet 28: queue busy, throttled building_robot_factory
[07:25:26] planet 28: queue busy, throttled building_robot_factory
[07:25:26] planet 28: queue busy, throttled building_robot_factory
[2026-05-11 07:26:05] ==== loop 39/∞ | seed=700949671613944981 archetype=turtle personality=flotero focus=eco actions_per_loop=4 ====
[07:26:05] planet 28: queue busy, throttled building_robot_factory
[07:26:05] planet 28: queue busy, throttled building_robot_factory
[07:26:05] planet 28: queue busy, throttled building_robot_factory
[07:26:05] planet 28: queue busy, throttled building_robot_factory
[2026-05-11 07:26:39] ==== loop 40/∞ | seed=700949671613944981 archetype=turtle personality=flotero focus=eco actions_per_loop=4 ====
[07:26:39] planet 28: queue busy, throttled building_robot_factory
[07:26:39] planet 28: queue busy, throttled building_robot_factory
[07:26:39] planet 28: queue busy, throttled building_robot_factory
[07:26:39] research: blocked research_energy_technology (building_laboratory 0/1)
[2026-05-11 07:27:16] ==== loop 41/∞ | seed=700949671613944981 archetype=turtle personality=flotero focus=eco actions_per_loop=4 ====
[07:27:16] planet 28: queue busy, throttled building_robot_factory
[07:27:16] planet 28: queue busy, throttled building_robot_factory
[07:27:16] planet 28: queue busy, throttled building_robot_factory
[07:27:16] planet 28: queue busy, throttled building_robot_factory
[07:27:16] research: blocked research_energy_technology (building_laboratory 0/1)
[2026-05-11 07:27:59] ==== loop 42/∞ | seed=700949671613944981 archetype=turtle personality=flotero focus=eco actions_per_loop=4 ====
[07:27:59] planet 28: queue busy, throttled building_robot_factory
[07:27:59] planet 28: queue busy, throttled building_robot_factory
[07:27:59] planet 28: queue busy, throttled building_robot_factory
[07:27:59] research: blocked research_energy_technology (building_laboratory 0/1)
[2026-05-11 07:28:36] ==== loop 43/∞ | seed=700949671613944981 archetype=turtle personality=flotero focus=eco actions_per_loop=4 ====
[07:28:36] planet 28: queue busy, throttled building_robot_factory
[07:28:36] planet 28: queue busy, throttled building_robot_factory
[07:28:36] planet 28: queue busy, throttled building_robot_factory
[07:28:36] planet 28: queue busy, throttled building_robot_factory
[07:28:36] research: blocked research_energy_technology (building_laboratory 0/1)
[2026-05-11 07:29:14] ==== loop 44/∞ | seed=700949671613944981 archetype=turtle personality=flotero focus=eco actions_per_loop=4 ====
[07:29:14] planet 28: queue busy, throttled building_robot_factory
[07:29:14] planet 28: queue busy, throttled building_robot_factory
[07:29:14] planet 28: queue busy, throttled building_robot_factory
[07:29:14] research: blocked research_energy_technology (building_laboratory 0/1)
[2026-05-11 07:29:51] ==== loop 45/∞ | seed=700949671613944981 archetype=turtle personality=flotero focus=eco actions_per_loop=4 ====
[07:29:51] planet 28: queue busy, throttled building_robot_factory
[07:29:51] planet 28: queue busy, throttled building_robot_factory
[07:29:51] planet 28: queue busy, throttled building_robot_factory
[07:29:51] planet 28: queue busy, throttled building_robot_factory
[07:29:51] research: blocked research_energy_technology (building_laboratory 0/1)
[2026-05-11 07:30:38] ==== loop 1/∞ | seed=700949671613944981 archetype=turtle personality=flotero focus=eco actions_per_loop=4 ====
[07:30:41] planet 28: building queue full (5)
[07:30:41] planet 28: building queue full (5)
[07:30:41] planet 28: building queue full (5)
[07:30:41] planet 28: building queue full (5)
[07:30:41] attack: idle candidates=46 fresh_intel=0 no_spy_src=46 no_atk_src=0 raidmix_fail=0 cooldown_spy=0
[07:30:41] research: blocked research_energy_technology (building_laboratory 0/1)
[2026-05-11 07:31:22] ==== loop 2/∞ | seed=700949671613944981 archetype=turtle personality=flotero focus=eco actions_per_loop=4 ====
[07:31:25] planet 28: building queue full (5)
[07:31:25] planet 28: building queue full (5)
[07:31:25] planet 28: building queue full (5)
[07:31:25] planet 28: building queue full (5)
[07:31:25] attack: idle candidates=46 fresh_intel=0 no_spy_src=46 no_atk_src=0 raidmix_fail=0 cooldown_spy=0
[2026-05-11 07:32:04] ==== loop 3/∞ | seed=700949671613944981 archetype=turtle personality=flotero focus=eco actions_per_loop=4 ====
[07:32:06] planet 28: building queue full (5)
[07:32:06] planet 28: building queue full (5)
[07:32:06] planet 28: building queue full (5)
[07:32:06] planet 28: building queue full (5)
[07:32:06] attack: idle candidates=46 fresh_intel=0 no_spy_src=46 no_atk_src=0 raidmix_fail=0 cooldown_spy=0
[07:32:06] research: blocked research_energy_technology (building_laboratory 0/1)
[2026-05-11 07:32:45] ==== loop 4/∞ | seed=700949671613944981 archetype=turtle personality=flotero focus=eco actions_per_loop=4 ====
[07:32:48] planet 28: building queue full (5)
[07:32:48] planet 28: building queue full (5)
[07:32:48] planet 28: building queue full (5)
[07:32:48] planet 28: building queue full (5)
[07:32:48] attack: idle candidates=46 fresh_intel=0 no_spy_src=46 no_atk_src=0 raidmix_fail=0 cooldown_spy=0
[07:32:48] research: blocked research_energy_technology (building_laboratory 0/1)
[2026-05-11 07:33:24] ==== loop 5/∞ | seed=700949671613944981 archetype=turtle personality=flotero focus=eco actions_per_loop=4 ====
[07:33:26] planet 28: building queue full (5)
[07:33:26] planet 28: building queue full (5)
[07:33:26] planet 28: building queue full (5)
[07:33:26] attack: idle candidates=46 fresh_intel=0 no_spy_src=46 no_atk_src=0 raidmix_fail=0 cooldown_spy=0
[2026-05-11 07:34:04] ==== loop 6/∞ | seed=700949671613944981 archetype=turtle personality=flotero focus=eco actions_per_loop=4 ====
[07:34:08] planet 28: building queue full (5)
[07:34:08] planet 28: building queue full (5)
[07:34:08] planet 28: building queue full (5)
[07:34:08] planet 28: building queue full (5)
[07:34:08] attack: idle candidates=46 fresh_intel=0 no_spy_src=46 no_atk_src=0 raidmix_fail=0 cooldown_spy=0
[07:34:08] research: blocked research_energy_technology (building_laboratory 0/1)
[2026-05-11 07:34:43] ==== loop 7/∞ | seed=700949671613944981 archetype=turtle personality=flotero focus=eco actions_per_loop=4 ====
[07:34:45] planet 28: building queue full (5)
[07:34:45] planet 28: building queue full (5)
[07:34:45] planet 28: building queue full (5)
[07:34:45] planet 28: building queue full (5)
[07:34:45] attack: idle candidates=46 fresh_intel=0 no_spy_src=46 no_atk_src=0 raidmix_fail=0 cooldown_spy=0
[2026-05-11 07:35:25] ==== loop 8/∞ | seed=700949671613944981 archetype=turtle personality=flotero focus=eco actions_per_loop=4 ====
[07:35:27] planet 28: building queue full (5)
[07:35:27] planet 28: building queue full (5)
[07:35:27] planet 28: building queue full (5)
[07:35:27] planet 28: building queue full (5)
[07:35:27] attack: idle candidates=46 fresh_intel=0 no_spy_src=46 no_atk_src=0 raidmix_fail=0 cooldown_spy=0
[07:35:27] research: blocked research_energy_technology (building_laboratory 0/1)
[2026-05-11 07:36:01] ==== loop 9/∞ | seed=700949671613944981 archetype=turtle personality=flotero focus=eco actions_per_loop=4 ====
[07:36:03] planet 28: building queue full (5)
[07:36:03] planet 28: building queue full (5)
[07:36:03] planet 28: building queue full (5)
[07:36:03] planet 28: building queue full (5)
[07:36:03] attack: idle candidates=46 fresh_intel=0 no_spy_src=46 no_atk_src=0 raidmix_fail=0 cooldown_spy=0
[07:36:03] research: blocked research_energy_technology (building_laboratory 0/1)
[2026-05-11 07:36:40] ==== loop 10/∞ | seed=700949671613944981 archetype=turtle personality=flotero focus=eco actions_per_loop=4 ====
[07:36:42] planet 28: building queue full (5)
[07:36:42] planet 28: building queue full (5)
[07:36:42] planet 28: building queue full (5)
[07:36:42] attack: idle candidates=46 fresh_intel=0 no_spy_src=46 no_atk_src=0 raidmix_fail=0 cooldown_spy=0
[07:36:42] research: blocked research_energy_technology (building_laboratory 0/1)
[2026-05-11 07:37:22] ==== loop 11/∞ | seed=700949671613944981 archetype=turtle personality=flotero focus=eco actions_per_loop=4 ====
[07:37:26] planet 28: building queue full (5)
[07:37:26] planet 28: building queue full (5)
[07:37:26] planet 28: building queue full (5)
[07:37:26] planet 28: building queue full (5)
[07:37:26] attack: idle candidates=46 fresh_intel=0 no_spy_src=46 no_atk_src=0 raidmix_fail=0 cooldown_spy=0
[07:37:26] research: blocked research_energy_technology (building_laboratory 0/1)
[2026-05-11 07:38:01] ==== loop 12/∞ | seed=700949671613944981 archetype=turtle personality=flotero focus=eco actions_per_loop=4 ====
[07:38:03] planet 28: building queue full (5)
[07:38:03] planet 28: building queue full (5)
[07:38:03] planet 28: building queue full (5)
[07:38:03] attack: idle candidates=46 fresh_intel=0 no_spy_src=46 no_atk_src=0 raidmix_fail=0 cooldown_spy=0
[07:38:03] research: blocked research_energy_technology (building_laboratory 0/1)
[2026-05-11 07:38:38] ==== loop 13/∞ | seed=700949671613944981 archetype=turtle personality=flotero focus=eco actions_per_loop=4 ====
[07:38:41] planet 28: building queue full (5)
[07:38:41] planet 28: building queue full (5)
[07:38:41] planet 28: building queue full (5)
[07:38:41] attack: idle candidates=46 fresh_intel=0 no_spy_src=46 no_atk_src=0 raidmix_fail=0 cooldown_spy=0
[2026-05-11 07:39:19] ==== loop 14/∞ | seed=700949671613944981 archetype=turtle personality=flotero focus=eco actions_per_loop=4 ====
[07:39:21] planet 28: building queue full (5)
[07:39:21] planet 28: building queue full (5)
[07:39:21] planet 28: building queue full (5)
[07:39:21] planet 28: building queue full (5)
[07:39:21] attack: idle candidates=46 fresh_intel=0 no_spy_src=46 no_atk_src=0 raidmix_fail=0 cooldown_spy=0
[07:39:21] research: blocked research_energy_technology (building_laboratory 0/1)
[2026-05-11 07:40:05] ==== loop 15/∞ | seed=700949671613944981 archetype=turtle personality=flotero focus=eco actions_per_loop=4 ====
[07:40:06] planet 28: queued defense_ion_cannon +8
[07:40:06] planet 28: skipped duplicate defense_ion_cannon this loop
[07:40:06] planet 28: skipped duplicate defense_ion_cannon this loop
[07:40:06] planet 28: skipped duplicate defense_ion_cannon this loop
[07:40:06] attack: idle candidates=46 fresh_intel=0 no_spy_src=46 no_atk_src=0 raidmix_fail=0 cooldown_spy=0
[07:40:06] research: blocked research_energy_technology (building_laboratory 0/1)
[2026-05-11 07:40:44] ==== loop 16/∞ | seed=700949671613944981 archetype=turtle personality=flotero focus=eco actions_per_loop=4 ====
[07:40:44] planet 28: queued defense_ion_cannon +8
[07:40:44] planet 28: skipped duplicate defense_ion_cannon this loop
[07:40:44] planet 28: skipped duplicate defense_ion_cannon this loop
[07:40:44] planet 28: skipped duplicate defense_ion_cannon this loop
[07:40:44] attack: idle candidates=46 fresh_intel=0 no_spy_src=46 no_atk_src=0 raidmix_fail=0 cooldown_spy=0
[07:40:44] research: blocked research_energy_technology (building_laboratory 0/1)
[2026-05-11 07:41:21] ==== loop 17/∞ | seed=700949671613944981 archetype=turtle personality=flotero focus=eco actions_per_loop=4 ====
[07:41:22] planet 28: queued defense_ion_cannon +8
[07:41:22] planet 28: skipped duplicate defense_ion_cannon this loop
[07:41:22] planet 28: skipped duplicate defense_ion_cannon this loop
[07:41:22] attack: idle candidates=46 fresh_intel=0 no_spy_src=46 no_atk_src=0 raidmix_fail=0 cooldown_spy=0
[07:41:22] research: blocked research_energy_technology (building_laboratory 0/1)
[2026-05-11 07:42:05] ==== loop 18/∞ | seed=700949671613944981 archetype=turtle personality=flotero focus=eco actions_per_loop=4 ====
[07:42:06] planet 28: queued defense_ion_cannon +8
[07:42:06] planet 28: skipped duplicate defense_ion_cannon this loop
[07:42:06] planet 28: skipped duplicate defense_ion_cannon this loop
[07:42:06] planet 28: skipped duplicate defense_ion_cannon this loop
[07:42:06] attack: idle candidates=46 fresh_intel=0 no_spy_src=46 no_atk_src=0 raidmix_fail=0 cooldown_spy=0
[2026-05-11 07:42:42] ==== loop 19/∞ | seed=700949671613944981 archetype=turtle personality=flotero focus=eco actions_per_loop=4 ====
[07:42:43] planet 28: queued defense_ion_cannon +8
[07:42:43] planet 28: skipped duplicate defense_ion_cannon this loop
[07:42:43] planet 28: skipped duplicate defense_ion_cannon this loop
[07:42:43] planet 28: skipped duplicate defense_ion_cannon this loop
[07:42:43] attack: idle candidates=46 fresh_intel=0 no_spy_src=46 no_atk_src=0 raidmix_fail=0 cooldown_spy=0
[2026-05-11 07:43:20] ==== loop 20/∞ | seed=700949671613944981 archetype=turtle personality=flotero focus=eco actions_per_loop=4 ====
[07:43:22] planet 28: queued defense_ion_cannon +8
[07:43:22] planet 28: queued defense_light_laser +8
[07:43:22] planet 28: queued defense_rocket_launcher +8
[07:43:22] planet 28: skipped duplicate defense_rocket_launcher this loop
[07:43:22] attack: idle candidates=46 fresh_intel=0 no_spy_src=46 no_atk_src=0 raidmix_fail=0 cooldown_spy=0
[2026-05-11 07:44:02] ==== loop 21/∞ | seed=700949671613944981 archetype=turtle personality=flotero focus=eco actions_per_loop=4 ====
[07:44:04] planet 28: queued defense_ion_cannon +4
[07:44:04] planet 28: queued defense_rocket_launcher +8
[07:44:04] planet 28: skipped duplicate defense_rocket_launcher this loop
[07:44:04] planet 28: skipped duplicate defense_rocket_launcher this loop
[07:44:04] attack: idle candidates=46 fresh_intel=0 no_spy_src=46 no_atk_src=0 raidmix_fail=0 cooldown_spy=0
[2026-05-11 07:44:45] ==== loop 22/∞ | seed=700949671613944981 archetype=turtle personality=flotero focus=eco actions_per_loop=4 ====
[07:44:47] planet 28: queued defense_ion_cannon +3
[07:44:47] planet 28: queued defense_rocket_launcher +8
[07:44:47] planet 28: skipped duplicate defense_ion_cannon this loop
[07:44:47] planet 28: skipped duplicate defense_ion_cannon this loop
[07:44:47] attack: idle candidates=46 fresh_intel=0 no_spy_src=46 no_atk_src=0 raidmix_fail=0 cooldown_spy=0
[07:44:47] research: blocked research_energy_technology (building_laboratory 0/1)
[2026-05-11 07:45:18] ==== loop 1/∞ | seed=700949671613944981 archetype=turtle personality=flotero focus=eco actions_per_loop=4 ====
[07:45:19] planet 28: queued defense_ion_cannon +3
[07:45:19] planet 28: queued defense_rocket_launcher +8
[07:45:19] planet 28: skipped duplicate defense_rocket_launcher this loop
[07:45:19] planet 28: skipped duplicate defense_rocket_launcher this loop
[07:45:19] research: blocked research_energy_technology (building_laboratory 0/1)
[2026-05-11 07:45:55] ==== loop 2/∞ | seed=700949671613944981 archetype=turtle personality=flotero focus=eco actions_per_loop=4 ====
[07:45:55] planet 28: queued defense_ion_cannon +3
[07:45:55] planet 28: skipped duplicate defense_ion_cannon this loop
[07:45:55] planet 28: skipped duplicate defense_ion_cannon this loop
[2026-05-11 07:46:38] ==== loop 3/∞ | seed=700949671613944981 archetype=turtle personality=flotero focus=eco actions_per_loop=4 ====
[07:46:38] planet 28: queued defense_ion_cannon +6
[07:46:38] planet 28: skipped duplicate defense_ion_cannon this loop
[07:46:38] planet 28: skipped duplicate defense_ion_cannon this loop
[07:46:38] planet 28: skipped duplicate defense_ion_cannon this loop
[07:46:38] research: blocked research_energy_technology (building_laboratory 0/1)
[2026-05-11 07:47:18] ==== loop 4/∞ | seed=700949671613944981 archetype=turtle personality=flotero focus=eco actions_per_loop=4 ====
[07:47:19] planet 28: queued defense_ion_cannon +6
[07:47:19] planet 28: skipped duplicate defense_ion_cannon this loop
[07:47:19] planet 28: skipped duplicate defense_ion_cannon this loop
[2026-05-11 07:47:59] ==== loop 5/∞ | seed=700949671613944981 archetype=turtle personality=flotero focus=eco actions_per_loop=4 ====
[07:48:02] planet 28: queued defense_ion_cannon +4
[07:48:02] planet 28: queued defense_rocket_launcher +8
[07:48:02] planet 28: skipped duplicate defense_rocket_launcher this loop
[07:48:02] planet 28: skipped duplicate defense_rocket_launcher this loop
[07:48:02] research: blocked research_energy_technology (building_laboratory 0/1)
[2026-05-11 07:48:40] ==== loop 6/∞ | seed=700949671613944981 archetype=turtle personality=flotero focus=eco actions_per_loop=4 ====
[07:48:42] planet 28: queued defense_ion_cannon +3
[07:48:42] planet 28: queued defense_rocket_launcher +8
[07:48:42] planet 28: skipped duplicate defense_rocket_launcher this loop
[07:48:42] planet 28: skipped duplicate defense_rocket_launcher this loop
[07:48:42] research: blocked research_energy_technology (building_laboratory 0/1)
[2026-05-11 07:49:22] ==== loop 7/∞ | seed=700949671613944981 archetype=turtle personality=flotero focus=eco actions_per_loop=4 ====
[07:49:23] planet 28: queued defense_ion_cannon +3
[07:49:23] planet 28: skipped duplicate defense_ion_cannon this loop
[07:49:23] planet 28: skipped duplicate defense_ion_cannon this loop
[07:49:23] planet 28: skipped duplicate defense_ion_cannon this loop
[07:49:23] research: blocked research_energy_technology (building_laboratory 0/1)
[2026-05-11 07:50:06] ==== loop 8/∞ | seed=700949671613944981 archetype=turtle personality=flotero focus=eco actions_per_loop=4 ====
[07:50:07] planet 28: queued ship_espionage_probe +5
[07:50:07] planet 28: skipped duplicate ship_espionage_probe this loop
[07:50:07] planet 28: skipped duplicate ship_espionage_probe this loop
[07:50:07] planet 28: skipped duplicate ship_espionage_probe this loop
[07:50:07] research: blocked research_energy_technology (building_laboratory 0/1)
[2026-05-11 07:50:46] ==== loop 9/∞ | seed=700949671613944981 archetype=turtle personality=flotero focus=eco actions_per_loop=4 ====
[07:50:47] planet 28: queued ship_espionage_probe +5
[07:50:47] planet 28: skipped duplicate ship_espionage_probe this loop
[07:50:47] planet 28: skipped duplicate ship_espionage_probe this loop
[07:50:47] planet 28: skipped duplicate ship_espionage_probe this loop
[2026-05-11 07:51:27] ==== loop 10/∞ | seed=700949671613944981 archetype=turtle personality=flotero focus=eco actions_per_loop=4 ====
[07:51:27] planet 28: queued ship_espionage_probe +5
[07:51:27] planet 28: skipped duplicate ship_espionage_probe this loop
[07:51:27] planet 28: skipped duplicate ship_espionage_probe this loop
[07:51:27] planet 28: skipped duplicate ship_espionage_probe this loop
[07:51:27] research: blocked research_energy_technology (building_laboratory 0/1)
[2026-05-11 07:52:11] ==== loop 11/∞ | seed=700949671613944981 archetype=turtle personality=flotero focus=eco actions_per_loop=4 ====
[07:52:11] planet 28: queued ship_espionage_probe +5
[07:52:11] planet 28: skipped duplicate ship_espionage_probe this loop
[07:52:11] planet 28: skipped duplicate ship_espionage_probe this loop
[07:52:11] planet 28: skipped duplicate ship_espionage_probe this loop
[07:52:11] attack: spy 1:2:1 probes=4 eta=1s
[07:52:11] attack: spy 1:2:2 probes=4 eta=1s
[07:52:11] attack: spy 1:2:3 probes=4 eta=1s
[07:52:11] attack: spy 1:2:4 probes=4 eta=1s
[07:52:11] research: blocked research_energy_technology (building_laboratory 0/1)
[2026-05-11 07:52:56] ==== loop 12/∞ | seed=700949671613944981 archetype=turtle personality=flotero focus=eco actions_per_loop=4 ====
[07:52:56] planet 28: queued ship_espionage_probe +5
[07:52:56] planet 28: skipped duplicate ship_espionage_probe this loop
[07:52:56] planet 28: skipped duplicate ship_espionage_probe this loop
[07:52:56] planet 28: skipped duplicate ship_espionage_probe this loop
[07:52:56] attack: intel 1:2:1 ships=0 defs=0 res=5456578090
[07:52:56] attack: intel 1:2:2 ships=0 defs=0 res=5456683368
[07:52:56] attack: intel 1:2:3 ships=0 defs=0 res=5458212116
[07:52:56] attack: intel 1:2:4 ships=0 defs=0 res=5457460227
[07:52:56] attack: skip 1:2:1 (cap loot=20000 < min=50000)
[07:52:56] attack: skip 1:2:2 (cap loot=20000 < min=50000)
[07:52:56] attack: skip 1:2:3 (cap loot=20000 < min=50000)
[07:52:56] attack: skip 1:2:4 (cap loot=20000 < min=50000)
[07:52:56] attack: spy 1:2:5 probes=4 eta=1s
[07:52:56] attack: spy 1:2:6 probes=4 eta=1s
[07:52:56] attack: spy 1:2:7 probes=4 eta=1s
[07:52:56] attack: spy 1:2:8 probes=4 eta=1s
[2026-05-11 07:53:44] ==== loop 13/∞ | seed=700949671613944981 archetype=turtle personality=flotero focus=eco actions_per_loop=4 ====
[07:53:45] planet 28: queued ship_espionage_probe +5
[07:53:45] planet 28: skipped duplicate ship_espionage_probe this loop
[07:53:45] planet 28: skipped duplicate ship_espionage_probe this loop
[07:53:45] attack: intel 1:2:5 ships=0 defs=0 res=5316626432
[07:53:45] attack: intel 1:2:6 ships=0 defs=0 res=5441142717
[07:53:45] attack: intel 1:2:7 ships=0 defs=0 res=5435773710
[07:53:45] attack: intel 1:2:8 ships=0 defs=0 res=5291153717
[07:53:45] attack: skip 1:2:1 (cap loot=20000 < min=50000)
[07:53:45] attack: skip 1:2:2 (cap loot=20000 < min=50000)
[07:53:45] attack: skip 1:2:3 (cap loot=20000 < min=50000)
[07:53:45] attack: skip 1:2:4 (cap loot=20000 < min=50000)
[07:53:45] attack: skip 1:2:5 (cap loot=20000 < min=50000)
[07:53:45] attack: skip 1:2:6 (cap loot=20000 < min=50000)
[07:53:45] attack: skip 1:2:7 (cap loot=20000 < min=50000)
[07:53:45] attack: skip 1:2:8 (cap loot=20000 < min=50000)
[07:53:45] attack: spy 1:2:9 probes=4 eta=1s
[07:53:45] attack: spy 1:2:10 probes=4 eta=1s
[07:53:45] attack: spy 1:2:11 probes=4 eta=1s
[07:53:45] attack: spy 1:2:12 probes=4 eta=1s
[07:53:45] research: blocked research_energy_technology (building_laboratory 0/1)
[2026-05-11 07:54:25] ==== loop 14/∞ | seed=700949671613944981 archetype=turtle personality=flotero focus=eco actions_per_loop=4 ====
[07:54:25] planet 28: queued ship_espionage_probe +5
[07:54:25] planet 28: skipped duplicate ship_espionage_probe this loop
[07:54:25] planet 28: skipped duplicate ship_espionage_probe this loop
[07:54:25] planet 28: skipped duplicate ship_espionage_probe this loop
[07:54:25] attack: intel 1:2:9 ships=0 defs=0 res=5799123093
[07:54:25] attack: intel 1:2:10 ships=0 defs=0 res=7001246135
[07:54:25] attack: intel 1:2:11 ships=0 defs=0 res=7001246135
[07:54:25] attack: intel 1:2:12 ships=0 defs=0 res=7001246135
[07:54:25] attack: skip 1:2:1 (cap loot=20000 < min=50000)
[07:54:25] attack: skip 1:2:2 (cap loot=20000 < min=50000)
[07:54:25] attack: skip 1:2:3 (cap loot=20000 < min=50000)
[07:54:25] attack: skip 1:2:4 (cap loot=20000 < min=50000)
[07:54:25] attack: skip 1:2:5 (cap loot=20000 < min=50000)
[07:54:25] attack: skip 1:2:6 (cap loot=20000 < min=50000)
[07:54:25] attack: skip 1:2:7 (cap loot=20000 < min=50000)
[07:54:25] attack: skip 1:2:8 (cap loot=20000 < min=50000)
[07:54:25] attack: skip 1:2:9 (cap loot=20000 < min=50000)
[07:54:25] attack: skip 1:2:10 (cap loot=20000 < min=50000)
[07:54:25] attack: skip 1:2:11 (cap loot=20000 < min=50000)
[07:54:25] attack: skip 1:2:12 (cap loot=20000 < min=50000)
[07:54:25] attack: spy 1:2:13 probes=4 eta=1s
[07:54:25] attack: spy 1:2:14 probes=4 eta=1s
[07:54:25] attack: spy 1:2:15 probes=4 eta=1s
[07:54:25] attack: spy 1:3:1 probes=4 eta=1s
[07:54:25] research: blocked research_energy_technology (building_laboratory 0/1)
[2026-05-11 07:55:06] ==== loop 15/∞ | seed=700949671613944981 archetype=turtle personality=flotero focus=eco actions_per_loop=4 ====
[07:55:06] planet 28: queued ship_espionage_probe +5
[07:55:06] planet 28: skipped duplicate ship_espionage_probe this loop
[07:55:06] planet 28: skipped duplicate ship_espionage_probe this loop
[07:55:06] planet 28: skipped duplicate ship_espionage_probe this loop
[07:55:06] attack: intel 1:2:13 ships=0 defs=0 res=5456511030
[07:55:06] attack: intel 1:2:14 ships=0 defs=0 res=5674336764
[07:55:06] attack: intel 1:2:15 ships=0 defs=0 res=5712377067
[07:55:06] attack: intel 1:3:1 ships=0 defs=0 res=5808625670
[07:55:06] attack: skip 1:2:1 (cap loot=20000 < min=50000)
[07:55:06] attack: skip 1:2:2 (cap loot=20000 < min=50000)
[07:55:06] attack: skip 1:2:3 (cap loot=20000 < min=50000)
[07:55:06] attack: skip 1:2:4 (cap loot=20000 < min=50000)
[07:55:06] attack: skip 1:2:5 (cap loot=20000 < min=50000)
[07:55:06] attack: skip 1:2:6 (cap loot=20000 < min=50000)
[07:55:06] attack: skip 1:2:7 (cap loot=20000 < min=50000)
[07:55:06] attack: skip 1:2:8 (cap loot=20000 < min=50000)
[07:55:06] attack: skip 1:2:9 (cap loot=20000 < min=50000)
[07:55:06] attack: skip 1:2:10 (cap loot=20000 < min=50000)
[07:55:06] attack: skip 1:2:11 (cap loot=20000 < min=50000)
[07:55:06] attack: skip 1:2:12 (cap loot=20000 < min=50000)
[07:55:06] attack: skip 1:2:13 (cap loot=20000 < min=50000)
[07:55:06] attack: skip 1:2:14 (cap loot=20000 < min=50000)
[07:55:06] attack: skip 1:2:15 (cap loot=20000 < min=50000)
[07:55:06] attack: skip 1:3:1 (cap loot=20000 < min=50000)
[07:55:06] attack: spy 1:3:2 probes=4 eta=1s
[07:55:06] attack: spy 1:3:3 probes=4 eta=1s
[07:55:06] attack: spy 1:3:4 probes=4 eta=1s
[07:55:06] attack: spy 1:3:5 probes=4 eta=1s
[2026-05-11 07:55:48] ==== loop 16/∞ | seed=700949671613944981 archetype=turtle personality=flotero focus=eco actions_per_loop=4 ====
[07:55:49] planet 28: queued ship_espionage_probe +5
[07:55:49] planet 28: skipped duplicate ship_espionage_probe this loop
[07:55:49] planet 28: skipped duplicate ship_espionage_probe this loop
[07:55:49] planet 28: skipped duplicate ship_espionage_probe this loop
[07:55:49] attack: intel 1:3:2 ships=0 defs=0 res=5804276821
[07:55:49] attack: intel 1:3:3 ships=0 defs=0 res=5802537281
[07:55:49] attack: intel 1:3:4 ships=0 defs=0 res=5452179213
[07:55:49] attack: intel 1:3:5 ships=0 defs=0 res=5320193552
[07:55:49] attack: skip 1:2:1 (cap loot=20000 < min=50000)
[07:55:49] attack: skip 1:2:2 (cap loot=20000 < min=50000)
[07:55:49] attack: skip 1:2:3 (cap loot=20000 < min=50000)
[07:55:49] attack: skip 1:2:4 (cap loot=20000 < min=50000)
[07:55:49] attack: skip 1:2:5 (cap loot=20000 < min=50000)
[07:55:49] attack: skip 1:2:6 (cap loot=20000 < min=50000)
[07:55:49] attack: skip 1:2:7 (cap loot=20000 < min=50000)
[07:55:49] attack: skip 1:2:8 (cap loot=20000 < min=50000)
[07:55:49] attack: skip 1:2:9 (cap loot=20000 < min=50000)
[07:55:49] attack: skip 1:2:10 (cap loot=20000 < min=50000)
[07:55:49] attack: skip 1:2:11 (cap loot=20000 < min=50000)
[07:55:49] attack: skip 1:2:12 (cap loot=20000 < min=50000)
[07:55:49] attack: skip 1:2:13 (cap loot=20000 < min=50000)
[07:55:49] attack: skip 1:2:14 (cap loot=20000 < min=50000)
[07:55:49] attack: skip 1:2:15 (cap loot=20000 < min=50000)
[07:55:49] attack: skip 1:3:1 (cap loot=20000 < min=50000)
[07:55:49] attack: skip 1:3:2 (cap loot=20000 < min=50000)
[07:55:49] attack: skip 1:3:3 (cap loot=20000 < min=50000)
[07:55:49] attack: skip 1:3:4 (cap loot=20000 < min=50000)
[07:55:49] attack: skip 1:3:5 (cap loot=20000 < min=50000)
[07:55:49] attack: spy 1:3:11 probes=4 eta=1s
[07:55:49] attack: spy 1:3:12 probes=4 eta=1s
[07:55:49] attack: spy 1:3:13 probes=4 eta=1s
[07:55:49] attack: spy 1:4:3 probes=4 eta=1s
[07:55:49] research: blocked research_energy_technology (building_laboratory 0/1)
[2026-05-11 07:56:31] ==== loop 17/∞ | seed=700949671613944981 archetype=turtle personality=flotero focus=eco actions_per_loop=4 ====
[07:56:31] planet 28: queued ship_espionage_probe +5
[07:56:31] planet 28: skipped duplicate ship_espionage_probe this loop
[07:56:31] planet 28: skipped duplicate ship_espionage_probe this loop
[07:56:31] planet 28: skipped duplicate ship_espionage_probe this loop
[07:56:31] attack: intel 1:3:11 ships=0 defs=0 res=5669526631
[07:56:31] attack: intel 1:3:12 ships=0 defs=0 res=5321846144
[07:56:31] attack: intel 1:3:13 ships=0 defs=0 res=5460400780
[07:56:31] attack: intel 1:4:3 ships=0 defs=0 res=5807567557
[07:56:31] attack: skip 1:2:1 (cap loot=20000 < min=50000)
[07:56:31] attack: skip 1:2:2 (cap loot=20000 < min=50000)
[07:56:31] attack: skip 1:2:3 (cap loot=20000 < min=50000)
[07:56:31] attack: skip 1:2:4 (cap loot=20000 < min=50000)
[07:56:31] attack: skip 1:2:5 (cap loot=20000 < min=50000)
[07:56:31] attack: skip 1:2:6 (cap loot=20000 < min=50000)
[07:56:31] attack: skip 1:2:7 (cap loot=20000 < min=50000)
[07:56:31] attack: skip 1:2:8 (cap loot=20000 < min=50000)
[07:56:31] attack: skip 1:2:9 (cap loot=20000 < min=50000)
[07:56:31] attack: skip 1:2:10 (cap loot=20000 < min=50000)
[07:56:31] attack: skip 1:2:11 (cap loot=20000 < min=50000)
[07:56:31] attack: skip 1:2:12 (cap loot=20000 < min=50000)
[07:56:31] attack: skip 1:2:13 (cap loot=20000 < min=50000)
[07:56:31] attack: skip 1:2:14 (cap loot=20000 < min=50000)
[07:56:31] attack: skip 1:2:15 (cap loot=20000 < min=50000)
[07:56:31] attack: skip 1:3:1 (cap loot=20000 < min=50000)
[07:56:31] attack: skip 1:3:2 (cap loot=20000 < min=50000)
[07:56:31] attack: skip 1:3:3 (cap loot=20000 < min=50000)
[07:56:31] attack: skip 1:3:4 (cap loot=20000 < min=50000)
[07:56:31] attack: skip 1:3:5 (cap loot=20000 < min=50000)
[07:56:31] attack: skip 1:3:11 (cap loot=20000 < min=50000)
[07:56:31] attack: skip 1:3:12 (cap loot=20000 < min=50000)
[07:56:31] attack: skip 1:3:13 (cap loot=20000 < min=50000)
[07:56:31] attack: skip 1:4:3 (cap loot=20000 < min=50000)
[07:56:31] attack: spy 1:3:6 probes=4 eta=1s
[07:56:31] attack: spy 1:3:8 probes=4 eta=1s
[07:56:31] attack: spy 1:3:10 probes=4 eta=1s
[07:56:31] attack: spy 1:4:4 probes=4 eta=1s
[07:56:31] research: blocked research_energy_technology (building_laboratory 0/1)
[2026-05-11 07:57:17] ==== loop 18/∞ | seed=700949671613944981 archetype=turtle personality=flotero focus=eco actions_per_loop=4 ====
[07:57:18] planet 28: queued ship_espionage_probe +5
[07:57:18] planet 28: skipped duplicate ship_espionage_probe this loop
[07:57:18] planet 28: skipped duplicate ship_espionage_probe this loop
[07:57:18] attack: intel 1:3:6 ships=129 defs=8 res=95698237
[07:57:18] attack: intel 1:3:8 ships=15 defs=24 res=31507977
[07:57:18] attack: intel 1:3:10 ships=78 defs=108 res=93961528
[07:57:18] attack: intel 1:4:4 ships=113 defs=3 res=139178371
[07:57:18] attack: skip 1:2:1 (cap loot=20000 < min=50000)
[07:57:18] attack: skip 1:2:2 (cap loot=20000 < min=50000)
[07:57:18] attack: skip 1:2:3 (cap loot=20000 < min=50000)
[07:57:18] attack: skip 1:2:4 (cap loot=20000 < min=50000)
[07:57:18] attack: skip 1:2:5 (cap loot=20000 < min=50000)
[07:57:18] attack: skip 1:2:6 (cap loot=20000 < min=50000)
[07:57:18] attack: skip 1:2:7 (cap loot=20000 < min=50000)
[07:57:18] attack: skip 1:2:8 (cap loot=20000 < min=50000)
[07:57:18] attack: skip 1:2:9 (cap loot=20000 < min=50000)
[07:57:18] attack: skip 1:2:10 (cap loot=20000 < min=50000)
[07:57:18] attack: skip 1:2:11 (cap loot=20000 < min=50000)
[07:57:18] attack: skip 1:2:12 (cap loot=20000 < min=50000)
[07:57:18] attack: skip 1:2:13 (cap loot=20000 < min=50000)
[07:57:18] attack: skip 1:2:14 (cap loot=20000 < min=50000)
[07:57:18] attack: skip 1:2:15 (cap loot=20000 < min=50000)
[07:57:18] attack: skip 1:3:1 (cap loot=20000 < min=50000)
[07:57:18] attack: skip 1:3:2 (cap loot=20000 < min=50000)
[07:57:18] attack: skip 1:3:3 (cap loot=20000 < min=50000)
[07:57:18] attack: skip 1:3:4 (cap loot=20000 < min=50000)
[07:57:18] attack: skip 1:3:5 (cap loot=20000 < min=50000)
[07:57:18] attack: skip 1:3:11 (cap loot=20000 < min=50000)
[07:57:18] attack: skip 1:3:12 (cap loot=20000 < min=50000)
[07:57:18] attack: skip 1:3:13 (cap loot=20000 < min=50000)
[07:57:18] attack: skip 1:4:3 (cap loot=20000 < min=50000)
[07:57:18] attack: skip 1:3:6 (cap loot=20000 < min=50000)
[07:57:18] attack: skip 1:3:8 (cap loot=20000 < min=50000)
[07:57:18] attack: skip 1:3:10 (cap loot=20000 < min=50000)
[07:57:18] attack: skip 1:4:4 (cap loot=20000 < min=50000)
[07:57:18] attack: spy 1:4:6 probes=4 eta=1s
[07:57:18] attack: spy 1:4:8 probes=4 eta=1s
[07:57:18] attack: spy 1:4:10 probes=4 eta=1s
[07:57:18] attack: spy 1:4:12 probes=4 eta=1s
[07:57:18] research: blocked research_energy_technology (building_laboratory 0/1)
[2026-05-11 07:58:01] ==== loop 19/∞ | seed=700949671613944981 archetype=turtle personality=flotero focus=eco actions_per_loop=4 ====
[07:58:02] planet 28: queued ship_espionage_probe +5
[07:58:02] planet 28: skipped duplicate ship_espionage_probe this loop
[07:58:02] planet 28: skipped duplicate ship_espionage_probe this loop
[07:58:02] attack: intel 1:4:6 ships=48 defs=0 res=119703202
[07:58:02] attack: intel 1:4:8 ships=25 defs=119 res=69884559
[07:58:02] attack: intel 1:4:10 ships=186 defs=0 res=125761532
[07:58:02] attack: intel 1:4:12 ships=126 defs=0 res=125340515
[07:58:02] attack: skip 1:2:1 (cap loot=20000 < min=50000)
[07:58:02] attack: skip 1:2:2 (cap loot=20000 < min=50000)
[07:58:02] attack: skip 1:2:3 (cap loot=20000 < min=50000)
[07:58:02] attack: skip 1:2:4 (cap loot=20000 < min=50000)
[07:58:02] attack: skip 1:2:5 (cap loot=20000 < min=50000)
[07:58:02] attack: skip 1:2:6 (cap loot=20000 < min=50000)
[07:58:02] attack: skip 1:2:7 (cap loot=20000 < min=50000)
[07:58:02] attack: skip 1:2:8 (cap loot=20000 < min=50000)
[07:58:02] attack: skip 1:2:9 (cap loot=20000 < min=50000)
[07:58:02] attack: skip 1:2:10 (cap loot=20000 < min=50000)
[07:58:02] attack: skip 1:2:11 (cap loot=20000 < min=50000)
[07:58:02] attack: skip 1:2:12 (cap loot=20000 < min=50000)
[07:58:02] attack: skip 1:2:13 (cap loot=20000 < min=50000)
[07:58:02] attack: skip 1:2:14 (cap loot=20000 < min=50000)
[07:58:02] attack: skip 1:2:15 (cap loot=20000 < min=50000)
[07:58:02] attack: skip 1:3:1 (cap loot=20000 < min=50000)
[07:58:02] attack: skip 1:3:2 (cap loot=20000 < min=50000)
[07:58:02] attack: skip 1:3:3 (cap loot=20000 < min=50000)
[07:58:02] attack: skip 1:3:4 (cap loot=20000 < min=50000)
[07:58:02] attack: skip 1:3:5 (cap loot=20000 < min=50000)
[07:58:02] attack: skip 1:3:11 (cap loot=20000 < min=50000)
[07:58:02] attack: skip 1:3:12 (cap loot=20000 < min=50000)
[07:58:02] attack: skip 1:3:13 (cap loot=20000 < min=50000)
[07:58:02] attack: skip 1:4:3 (cap loot=20000 < min=50000)
[07:58:02] attack: skip 1:3:6 (cap loot=20000 < min=50000)
[07:58:02] attack: skip 1:3:8 (cap loot=20000 < min=50000)
[07:58:02] attack: skip 1:3:10 (cap loot=20000 < min=50000)
[07:58:02] attack: skip 1:4:4 (cap loot=20000 < min=50000)
[07:58:02] attack: skip 1:4:6 (cap loot=20000 < min=50000)
[07:58:02] attack: skip 1:4:8 (cap loot=20000 < min=50000)
[07:58:02] attack: skip 1:4:10 (cap loot=20000 < min=50000)
[07:58:02] attack: skip 1:4:12 (cap loot=20000 < min=50000)
[07:58:02] attack: spy 1:5:4 probes=4 eta=1s
[07:58:02] attack: spy 1:5:6 probes=4 eta=1s
[07:58:02] attack: spy 1:5:8 probes=4 eta=1s
[07:58:02] attack: spy 1:5:10 probes=4 eta=1s
[2026-05-11 07:58:43] ==== loop 20/∞ | seed=700949671613944981 archetype=turtle personality=flotero focus=eco actions_per_loop=4 ====
[07:58:43] planet 28: queued ship_espionage_probe +5
[07:58:43] planet 28: skipped duplicate ship_espionage_probe this loop
[07:58:43] planet 28: skipped duplicate ship_espionage_probe this loop
[07:58:43] planet 28: skipped duplicate ship_espionage_probe this loop
[07:58:43] attack: intel 1:5:4 ships=21 defs=1 res=97001915
[07:58:43] attack: intel 1:5:6 ships=96 defs=24 res=47430290
[07:58:43] attack: intel 1:5:8 ships=295 defs=0 res=141150559
[07:58:43] attack: intel 1:5:10 ships=35 defs=56 res=52928509
[07:58:43] attack: skip 1:2:1 (cap loot=20000 < min=50000)
[07:58:43] attack: skip 1:2:2 (cap loot=20000 < min=50000)
[07:58:43] attack: skip 1:2:3 (cap loot=20000 < min=50000)
[07:58:43] attack: skip 1:2:4 (cap loot=20000 < min=50000)
[07:58:43] attack: skip 1:2:5 (cap loot=20000 < min=50000)
[07:58:43] attack: skip 1:2:6 (cap loot=20000 < min=50000)
[07:58:43] attack: skip 1:2:7 (cap loot=20000 < min=50000)
[07:58:43] attack: skip 1:2:8 (cap loot=20000 < min=50000)
[07:58:43] attack: skip 1:2:9 (cap loot=20000 < min=50000)
[07:58:43] attack: skip 1:2:10 (cap loot=20000 < min=50000)
[07:58:43] attack: skip 1:2:11 (cap loot=20000 < min=50000)
[07:58:43] attack: skip 1:2:12 (cap loot=20000 < min=50000)
[07:58:43] attack: skip 1:2:13 (cap loot=20000 < min=50000)
[07:58:43] attack: skip 1:2:14 (cap loot=20000 < min=50000)
[07:58:43] attack: skip 1:2:15 (cap loot=20000 < min=50000)
[07:58:43] attack: skip 1:3:1 (cap loot=20000 < min=50000)
[07:58:43] attack: skip 1:3:2 (cap loot=20000 < min=50000)
[07:58:43] attack: skip 1:3:3 (cap loot=20000 < min=50000)
[07:58:43] attack: skip 1:3:4 (cap loot=20000 < min=50000)
[07:58:43] attack: skip 1:3:5 (cap loot=20000 < min=50000)
[07:58:43] attack: skip 1:3:11 (cap loot=20000 < min=50000)
[07:58:43] attack: skip 1:3:12 (cap loot=20000 < min=50000)
[07:58:43] attack: skip 1:3:13 (cap loot=20000 < min=50000)
[07:58:43] attack: skip 1:4:3 (cap loot=20000 < min=50000)
[07:58:43] attack: skip 1:3:6 (cap loot=20000 < min=50000)
[07:58:43] attack: skip 1:3:8 (cap loot=20000 < min=50000)
[07:58:43] attack: skip 1:3:10 (cap loot=20000 < min=50000)
[07:58:43] attack: skip 1:4:4 (cap loot=20000 < min=50000)
[07:58:43] attack: skip 1:4:6 (cap loot=20000 < min=50000)
[07:58:43] attack: skip 1:4:8 (cap loot=20000 < min=50000)
[07:58:43] attack: skip 1:4:10 (cap loot=20000 < min=50000)
[07:58:43] attack: skip 1:4:12 (cap loot=20000 < min=50000)
[07:58:43] attack: skip 1:5:4 (cap loot=20000 < min=50000)
[07:58:43] attack: skip 1:5:6 (cap loot=20000 < min=50000)
[07:58:43] attack: skip 1:5:8 (cap loot=20000 < min=50000)
[07:58:43] attack: skip 1:5:10 (cap loot=20000 < min=50000)
[07:58:43] attack: spy 1:5:12 probes=4 eta=1s
[07:58:43] attack: spy 1:6:4 probes=4 eta=1s
[07:58:43] attack: spy 1:6:6 probes=4 eta=1s
[07:58:43] attack: spy 1:6:8 probes=4 eta=1s
[07:58:43] research: blocked research_energy_technology (building_laboratory 0/1)
[2026-05-11 07:59:25] ==== loop 21/∞ | seed=700949671613944981 archetype=turtle personality=flotero focus=eco actions_per_loop=4 ====
[07:59:26] planet 28: queued ship_espionage_probe +5
[07:59:26] planet 28: skipped duplicate ship_espionage_probe this loop
[07:59:26] planet 28: skipped duplicate ship_espionage_probe this loop
[07:59:26] planet 28: skipped duplicate ship_espionage_probe this loop
[07:59:26] attack: intel 1:5:12 ships=34 defs=95 res=91125414
[07:59:26] attack: intel 1:6:4 ships=85 defs=104 res=121920485
[07:59:26] attack: intel 1:6:6 ships=270 defs=191 res=96398419
[07:59:26] attack: intel 1:6:8 ships=85 defs=0 res=141387219
[07:59:26] attack: skip 1:2:1 (cap loot=20000 < min=50000)
[07:59:26] attack: skip 1:2:2 (cap loot=20000 < min=50000)
[07:59:26] attack: skip 1:2:3 (cap loot=20000 < min=50000)
[07:59:26] attack: skip 1:2:4 (cap loot=20000 < min=50000)
[07:59:26] attack: skip 1:2:5 (cap loot=20000 < min=50000)
[07:59:26] attack: skip 1:2:6 (cap loot=20000 < min=50000)
[07:59:26] attack: skip 1:2:7 (cap loot=20000 < min=50000)
[07:59:26] attack: skip 1:2:8 (cap loot=20000 < min=50000)
[07:59:26] attack: skip 1:2:9 (cap loot=20000 < min=50000)
[07:59:26] attack: skip 1:2:10 (cap loot=20000 < min=50000)
[07:59:26] attack: skip 1:2:11 (cap loot=20000 < min=50000)
[07:59:26] attack: skip 1:2:12 (cap loot=20000 < min=50000)
[07:59:26] attack: skip 1:2:13 (cap loot=20000 < min=50000)
[07:59:26] attack: skip 1:2:14 (cap loot=20000 < min=50000)
[07:59:26] attack: skip 1:2:15 (cap loot=20000 < min=50000)
[07:59:26] attack: skip 1:3:1 (cap loot=20000 < min=50000)
[07:59:26] attack: skip 1:3:2 (cap loot=20000 < min=50000)
[07:59:26] attack: skip 1:3:3 (cap loot=20000 < min=50000)
[07:59:26] attack: skip 1:3:4 (cap loot=20000 < min=50000)
[07:59:26] attack: skip 1:3:5 (cap loot=20000 < min=50000)
[07:59:26] attack: skip 1:3:11 (cap loot=20000 < min=50000)
[07:59:26] attack: skip 1:3:12 (cap loot=20000 < min=50000)
[07:59:26] attack: skip 1:3:13 (cap loot=20000 < min=50000)
[07:59:26] attack: skip 1:4:3 (cap loot=20000 < min=50000)
[07:59:26] attack: skip 1:3:6 (cap loot=20000 < min=50000)
[07:59:26] attack: skip 1:3:8 (cap loot=20000 < min=50000)
[07:59:26] attack: skip 1:3:10 (cap loot=20000 < min=50000)
[07:59:26] attack: skip 1:4:4 (cap loot=20000 < min=50000)
[07:59:26] attack: skip 1:4:6 (cap loot=20000 < min=50000)
[07:59:26] attack: skip 1:4:8 (cap loot=20000 < min=50000)
[07:59:26] attack: skip 1:4:10 (cap loot=20000 < min=50000)
[07:59:26] attack: skip 1:4:12 (cap loot=20000 < min=50000)
[07:59:26] attack: skip 1:5:4 (cap loot=20000 < min=50000)
[07:59:26] attack: skip 1:5:6 (cap loot=20000 < min=50000)
[07:59:26] attack: skip 1:5:8 (cap loot=20000 < min=50000)
[07:59:26] attack: skip 1:5:10 (cap loot=20000 < min=50000)
[07:59:26] attack: skip 1:5:12 (cap loot=20000 < min=50000)
[07:59:26] attack: skip 1:6:4 (cap loot=20000 < min=50000)
[07:59:26] attack: skip 1:6:6 (cap loot=20000 < min=50000)
[07:59:26] attack: skip 1:6:8 (cap loot=20000 < min=50000)
[07:59:26] attack: spy 1:6:10 probes=4 eta=1s
[07:59:26] attack: spy 1:6:12 probes=4 eta=1s
[07:59:26] attack: spy 1:7:4 probes=4 eta=1s
[07:59:26] attack: spy 1:7:6 probes=4 eta=1s
[2026-05-11 08:00:10] ==== loop 22/∞ | seed=700949671613944981 archetype=turtle personality=flotero focus=eco actions_per_loop=4 ====
[08:00:11] planet 28: queued building_crystal_mine to 18
[08:00:11] attack: intel 1:6:10 ships=0 defs=0 res=1789341
[08:00:11] attack: intel 1:6:12 ships=28 defs=0 res=44903625
[08:00:11] attack: intel 1:7:4 ships=0 defs=8 res=16183329
[08:00:11] attack: intel 1:7:6 ships=59 defs=0 res=1958767
[08:00:11] attack: skip 1:2:1 (cap loot=20000 < min=50000)
[08:00:11] attack: skip 1:2:2 (cap loot=20000 < min=50000)
[08:00:11] attack: skip 1:2:3 (cap loot=20000 < min=50000)
[08:00:11] attack: skip 1:2:4 (cap loot=20000 < min=50000)
[08:00:11] attack: skip 1:2:5 (cap loot=20000 < min=50000)
[08:00:11] attack: skip 1:2:6 (cap loot=20000 < min=50000)
[08:00:11] attack: skip 1:2:7 (cap loot=20000 < min=50000)
[08:00:11] attack: skip 1:2:8 (cap loot=20000 < min=50000)
[08:00:11] attack: skip 1:2:9 (cap loot=20000 < min=50000)
[08:00:11] attack: skip 1:2:10 (cap loot=20000 < min=50000)
[08:00:11] attack: skip 1:2:11 (cap loot=20000 < min=50000)
[08:00:11] attack: skip 1:2:12 (cap loot=20000 < min=50000)
[08:00:11] attack: skip 1:2:13 (cap loot=20000 < min=50000)
[08:00:11] attack: skip 1:2:14 (cap loot=20000 < min=50000)
[08:00:11] attack: skip 1:2:15 (cap loot=20000 < min=50000)
[08:00:11] attack: skip 1:3:1 (cap loot=20000 < min=50000)
[08:00:11] attack: skip 1:3:2 (cap loot=20000 < min=50000)
[08:00:11] attack: skip 1:3:3 (cap loot=20000 < min=50000)
[08:00:11] attack: skip 1:3:4 (cap loot=20000 < min=50000)
[08:00:11] attack: skip 1:3:5 (cap loot=20000 < min=50000)
[08:00:11] attack: skip 1:3:11 (cap loot=20000 < min=50000)
[08:00:11] attack: skip 1:3:12 (cap loot=20000 < min=50000)
[08:00:11] attack: skip 1:3:13 (cap loot=20000 < min=50000)
[08:00:11] attack: skip 1:4:3 (cap loot=20000 < min=50000)
[08:00:11] attack: skip 1:3:6 (cap loot=20000 < min=50000)
[08:00:11] attack: skip 1:3:8 (cap loot=20000 < min=50000)
[08:00:11] attack: skip 1:3:10 (cap loot=20000 < min=50000)
[08:00:11] attack: skip 1:4:4 (cap loot=20000 < min=50000)
[08:00:11] attack: skip 1:4:6 (cap loot=20000 < min=50000)
[08:00:11] attack: skip 1:4:8 (cap loot=20000 < min=50000)
[08:00:11] attack: skip 1:4:10 (cap loot=20000 < min=50000)
[08:00:11] attack: skip 1:4:12 (cap loot=20000 < min=50000)
[08:00:11] attack: skip 1:5:4 (cap loot=20000 < min=50000)
[08:00:11] attack: skip 1:5:6 (cap loot=20000 < min=50000)
[08:00:11] attack: skip 1:5:8 (cap loot=20000 < min=50000)
[08:00:11] attack: skip 1:5:10 (cap loot=20000 < min=50000)
[08:00:11] attack: skip 1:5:12 (cap loot=20000 < min=50000)
[08:00:11] attack: skip 1:6:4 (cap loot=20000 < min=50000)
[08:00:11] attack: skip 1:6:6 (cap loot=20000 < min=50000)
[08:00:11] attack: skip 1:6:8 (cap loot=20000 < min=50000)
[08:00:11] attack: skip 1:6:10 (cap loot=20000 < min=50000)
[08:00:11] attack: skip 1:6:12 (cap loot=20000 < min=50000)
[08:00:11] attack: skip 1:7:4 (cap loot=20000 < min=50000)
[08:00:11] attack: skip 1:7:6 (cap loot=20000 < min=50000)
[08:00:11] attack: spy 1:7:8 probes=4 eta=1s
[08:00:11] attack: spy 1:7:10 probes=4 eta=1s
[08:00:11] research: blocked research_energy_technology (building_laboratory 0/1)
[2026-05-11 08:00:52] ==== loop 23/∞ | seed=700949671613944981 archetype=turtle personality=flotero focus=eco actions_per_loop=4 ====
[08:00:55] planet 28: building queue full (5)
[08:00:55] planet 28: building queue full (5)
[08:00:55] planet 28: building queue full (5)
[08:00:55] planet 28: building queue full (5)
[08:00:55] attack: intel 1:7:8 ships=0 defs=0 res=14452572
[08:00:55] attack: intel 1:7:10 ships=0 defs=64 res=19791467
[08:00:55] attack: skip 1:2:1 (cap loot=20000 < min=50000)
[08:00:55] attack: skip 1:2:2 (cap loot=20000 < min=50000)
[08:00:55] attack: skip 1:2:3 (cap loot=20000 < min=50000)
[08:00:55] attack: skip 1:2:4 (cap loot=20000 < min=50000)
[08:00:55] attack: skip 1:2:5 (cap loot=20000 < min=50000)
[08:00:55] attack: skip 1:2:6 (cap loot=20000 < min=50000)
[08:00:55] attack: skip 1:2:7 (cap loot=20000 < min=50000)
[08:00:55] attack: skip 1:2:8 (cap loot=20000 < min=50000)
[08:00:55] attack: skip 1:2:9 (cap loot=20000 < min=50000)
[08:00:55] attack: skip 1:2:10 (cap loot=20000 < min=50000)
[08:00:55] attack: skip 1:2:11 (cap loot=20000 < min=50000)
[08:00:55] attack: skip 1:2:12 (cap loot=20000 < min=50000)
[08:00:55] attack: skip 1:2:13 (cap loot=20000 < min=50000)
[08:00:55] attack: skip 1:2:14 (cap loot=20000 < min=50000)
[08:00:55] attack: skip 1:2:15 (cap loot=20000 < min=50000)
[08:00:55] attack: skip 1:3:1 (cap loot=20000 < min=50000)
[08:00:55] attack: skip 1:3:2 (cap loot=20000 < min=50000)
[08:00:55] attack: skip 1:3:3 (cap loot=20000 < min=50000)
[08:00:55] attack: skip 1:3:4 (cap loot=20000 < min=50000)
[08:00:55] attack: skip 1:3:5 (cap loot=20000 < min=50000)
[08:00:55] attack: skip 1:3:11 (cap loot=20000 < min=50000)
[08:00:55] attack: skip 1:3:12 (cap loot=20000 < min=50000)
[08:00:55] attack: skip 1:3:13 (cap loot=20000 < min=50000)
[08:00:55] attack: skip 1:4:3 (cap loot=20000 < min=50000)
[08:00:55] attack: skip 1:3:6 (cap loot=20000 < min=50000)
[08:00:55] attack: skip 1:3:8 (cap loot=20000 < min=50000)
[08:00:55] attack: skip 1:3:10 (cap loot=20000 < min=50000)
[08:00:55] attack: skip 1:4:4 (cap loot=20000 < min=50000)
[08:00:55] attack: skip 1:4:6 (cap loot=20000 < min=50000)
[08:00:55] attack: skip 1:4:8 (cap loot=20000 < min=50000)
[08:00:55] attack: skip 1:4:10 (cap loot=20000 < min=50000)
[08:00:55] attack: skip 1:4:12 (cap loot=20000 < min=50000)
[08:00:55] attack: skip 1:5:4 (cap loot=20000 < min=50000)
[08:00:55] attack: skip 1:5:6 (cap loot=20000 < min=50000)
[08:00:55] attack: skip 1:5:8 (cap loot=20000 < min=50000)
[08:00:55] attack: skip 1:5:10 (cap loot=20000 < min=50000)
[08:00:55] attack: skip 1:5:12 (cap loot=20000 < min=50000)
[08:00:55] attack: skip 1:6:4 (cap loot=20000 < min=50000)
[08:00:55] attack: skip 1:6:6 (cap loot=20000 < min=50000)
[08:00:55] attack: skip 1:6:8 (cap loot=20000 < min=50000)
[08:00:55] attack: skip 1:6:10 (cap loot=20000 < min=50000)
[08:00:55] attack: skip 1:6:12 (cap loot=20000 < min=50000)
[08:00:55] attack: skip 1:7:4 (cap loot=20000 < min=50000)
[08:00:55] attack: skip 1:7:6 (cap loot=20000 < min=50000)
[08:00:55] attack: skip 1:7:8 (cap loot=20000 < min=50000)
[08:00:55] attack: skip 1:7:10 (cap loot=20000 < min=50000)
[08:00:55] attack: idle candidates=46 fresh_intel=46 no_spy_src=0 no_atk_src=0 raidmix_fail=0 cooldown_spy=0
[08:00:55] research: blocked research_energy_technology (building_laboratory 0/1)
[2026-05-11 08:01:34] ==== loop 24/∞ | seed=700949671613944981 archetype=turtle personality=flotero focus=eco actions_per_loop=4 ====
[08:01:38] planet 28: building queue full (5)
[08:01:38] planet 28: building queue full (5)
[08:01:38] planet 28: building queue full (5)
[08:01:38] planet 28: building queue full (5)
[08:01:38] attack: skip 1:2:1 (cap loot=20000 < min=50000)
[08:01:38] attack: skip 1:2:2 (cap loot=20000 < min=50000)
[08:01:38] attack: skip 1:2:3 (cap loot=20000 < min=50000)
[08:01:38] attack: skip 1:2:4 (cap loot=20000 < min=50000)
[08:01:38] attack: skip 1:2:5 (cap loot=20000 < min=50000)
[08:01:38] attack: skip 1:2:6 (cap loot=20000 < min=50000)
[08:01:38] attack: skip 1:2:7 (cap loot=20000 < min=50000)
[08:01:38] attack: skip 1:2:8 (cap loot=20000 < min=50000)
[08:01:38] attack: skip 1:2:9 (cap loot=20000 < min=50000)
[08:01:38] attack: skip 1:2:10 (cap loot=20000 < min=50000)
[08:01:38] attack: skip 1:2:11 (cap loot=20000 < min=50000)
[08:01:38] attack: skip 1:2:12 (cap loot=20000 < min=50000)
[08:01:38] attack: skip 1:2:13 (cap loot=20000 < min=50000)
[08:01:38] attack: skip 1:2:14 (cap loot=20000 < min=50000)
[08:01:38] attack: skip 1:2:15 (cap loot=20000 < min=50000)
[08:01:38] attack: skip 1:3:1 (cap loot=20000 < min=50000)
[08:01:38] attack: skip 1:3:2 (cap loot=20000 < min=50000)
[08:01:38] attack: skip 1:3:3 (cap loot=20000 < min=50000)
[08:01:38] attack: skip 1:3:4 (cap loot=20000 < min=50000)
[08:01:38] attack: skip 1:3:5 (cap loot=20000 < min=50000)
[08:01:38] attack: skip 1:3:11 (cap loot=20000 < min=50000)
[08:01:38] attack: skip 1:3:12 (cap loot=20000 < min=50000)
[08:01:38] attack: skip 1:3:13 (cap loot=20000 < min=50000)
[08:01:38] attack: skip 1:4:3 (cap loot=20000 < min=50000)
[08:01:38] attack: skip 1:3:6 (cap loot=20000 < min=50000)
[08:01:38] attack: skip 1:3:8 (cap loot=20000 < min=50000)
[08:01:38] attack: skip 1:3:10 (cap loot=20000 < min=50000)
[08:01:38] attack: skip 1:4:4 (cap loot=20000 < min=50000)
[08:01:38] attack: skip 1:4:6 (cap loot=20000 < min=50000)
[08:01:38] attack: skip 1:4:8 (cap loot=20000 < min=50000)
[08:01:38] attack: skip 1:4:10 (cap loot=20000 < min=50000)
[08:01:38] attack: skip 1:4:12 (cap loot=20000 < min=50000)
[08:01:38] attack: skip 1:5:4 (cap loot=20000 < min=50000)
[08:01:38] attack: skip 1:5:6 (cap loot=20000 < min=50000)
[08:01:38] attack: skip 1:5:8 (cap loot=20000 < min=50000)
[08:01:38] attack: skip 1:5:10 (cap loot=20000 < min=50000)
[08:01:38] attack: skip 1:5:12 (cap loot=20000 < min=50000)
[08:01:38] attack: skip 1:6:4 (cap loot=20000 < min=50000)
[08:01:38] attack: skip 1:6:6 (cap loot=20000 < min=50000)
[08:01:38] attack: skip 1:6:8 (cap loot=20000 < min=50000)
[08:01:38] attack: skip 1:6:10 (cap loot=20000 < min=50000)
[08:01:38] attack: skip 1:6:12 (cap loot=20000 < min=50000)
[08:01:38] attack: skip 1:7:4 (cap loot=20000 < min=50000)
[08:01:38] attack: skip 1:7:6 (cap loot=20000 < min=50000)
[08:01:38] attack: skip 1:7:8 (cap loot=20000 < min=50000)
[08:01:38] attack: skip 1:7:10 (cap loot=20000 < min=50000)
[08:01:38] attack: idle candidates=46 fresh_intel=46 no_spy_src=0 no_atk_src=0 raidmix_fail=0 cooldown_spy=0
[08:01:38] research: blocked research_energy_technology (building_laboratory 0/1)
[2026-05-11 08:02:10] ==== loop 1/∞ | seed=700949671613944981 archetype=turtle personality=flotero focus=eco actions_per_loop=4 ====
[08:02:12] planet 28: building queue full (5)
[08:02:12] planet 28: building queue full (5)
[08:02:12] planet 28: building queue full (5)
[08:02:12] attack: skip 1:2:1 (cap loot=20000 < min=50000)
[08:02:12] attack: skip 1:2:2 (cap loot=20000 < min=50000)
[08:02:12] attack: skip 1:2:3 (cap loot=20000 < min=50000)
[08:02:12] attack: skip 1:2:4 (cap loot=20000 < min=50000)
[08:02:12] attack: skip 1:2:5 (cap loot=20000 < min=50000)
[08:02:12] attack: skip 1:2:6 (cap loot=20000 < min=50000)
[08:02:12] attack: skip 1:2:7 (cap loot=20000 < min=50000)
[08:02:12] attack: skip 1:2:8 (cap loot=20000 < min=50000)
[08:02:12] attack: skip 1:2:9 (cap loot=20000 < min=50000)
[08:02:12] attack: skip 1:2:10 (cap loot=20000 < min=50000)
[08:02:12] attack: skip 1:2:11 (cap loot=20000 < min=50000)
[08:02:12] attack: skip 1:2:12 (cap loot=20000 < min=50000)
[08:02:12] attack: skip 1:2:13 (cap loot=20000 < min=50000)
[08:02:12] attack: skip 1:2:14 (cap loot=20000 < min=50000)
[08:02:12] attack: skip 1:2:15 (cap loot=20000 < min=50000)
[08:02:12] attack: skip 1:3:1 (cap loot=20000 < min=50000)
[08:02:12] attack: skip 1:3:2 (cap loot=20000 < min=50000)
[08:02:12] attack: skip 1:3:3 (cap loot=20000 < min=50000)
[08:02:12] attack: skip 1:3:4 (cap loot=20000 < min=50000)
[08:02:12] attack: skip 1:3:5 (cap loot=20000 < min=50000)
[08:02:12] attack: skip 1:3:11 (cap loot=20000 < min=50000)
[08:02:12] attack: skip 1:3:12 (cap loot=20000 < min=50000)
[08:02:12] attack: skip 1:3:13 (cap loot=20000 < min=50000)
[08:02:12] attack: skip 1:4:3 (cap loot=20000 < min=50000)
[08:02:12] attack: skip 1:3:6 (cap loot=20000 < min=50000)
[08:02:12] attack: skip 1:3:8 (cap loot=20000 < min=50000)
[08:02:12] attack: skip 1:3:10 (cap loot=20000 < min=50000)
[08:02:12] attack: skip 1:4:4 (cap loot=20000 < min=50000)
[08:02:12] attack: skip 1:4:6 (cap loot=20000 < min=50000)
[08:02:12] attack: skip 1:4:8 (cap loot=20000 < min=50000)
[08:02:12] attack: skip 1:4:10 (cap loot=20000 < min=50000)
[08:02:12] attack: skip 1:4:12 (cap loot=20000 < min=50000)
[08:02:12] attack: skip 1:5:4 (cap loot=20000 < min=50000)
[08:02:12] attack: skip 1:5:6 (cap loot=20000 < min=50000)
[08:02:12] attack: skip 1:5:8 (cap loot=20000 < min=50000)
[08:02:12] attack: skip 1:5:10 (cap loot=20000 < min=50000)
[08:02:12] attack: skip 1:5:12 (cap loot=20000 < min=50000)
[08:02:12] attack: skip 1:6:4 (cap loot=20000 < min=50000)
[08:02:12] attack: skip 1:6:6 (cap loot=20000 < min=50000)
[08:02:12] attack: skip 1:6:8 (cap loot=20000 < min=50000)
[08:02:12] attack: skip 1:6:10 (cap loot=20000 < min=50000)
[08:02:12] attack: skip 1:6:12 (cap loot=20000 < min=50000)
[08:02:12] attack: skip 1:7:4 (cap loot=20000 < min=50000)
[08:02:12] attack: skip 1:7:6 (cap loot=20000 < min=50000)
[08:02:12] attack: skip 1:7:8 (cap loot=20000 < min=50000)
[08:02:12] attack: skip 1:7:10 (cap loot=20000 < min=50000)
[08:02:12] attack: idle candidates=46 fresh_intel=46 no_spy_src=0 no_atk_src=0 raidmix_fail=0 cooldown_spy=0
[08:02:12] research: blocked research_energy_technology (building_laboratory 0/1)
[2026-05-11 08:02:51] ==== loop 2/∞ | seed=700949671613944981 archetype=turtle personality=flotero focus=eco actions_per_loop=4 ====
[08:02:52] planet 28: building queue full (5)
[08:02:52] planet 28: building queue full (5)
[08:02:52] planet 28: building queue full (5)
[08:02:52] attack: skip 1:2:1 (cap loot=20000 < min=50000)
[08:02:52] attack: skip 1:2:2 (cap loot=20000 < min=50000)
[08:02:52] attack: skip 1:2:3 (cap loot=20000 < min=50000)
[08:02:52] attack: skip 1:2:4 (cap loot=20000 < min=50000)
[08:02:52] attack: skip 1:2:5 (cap loot=20000 < min=50000)
[08:02:52] attack: skip 1:2:6 (cap loot=20000 < min=50000)
[08:02:52] attack: skip 1:2:7 (cap loot=20000 < min=50000)
[08:02:52] attack: skip 1:2:8 (cap loot=20000 < min=50000)
[08:02:52] attack: skip 1:2:9 (cap loot=20000 < min=50000)
[08:02:52] attack: skip 1:2:10 (cap loot=20000 < min=50000)
[08:02:52] attack: skip 1:2:11 (cap loot=20000 < min=50000)
[08:02:52] attack: skip 1:2:12 (cap loot=20000 < min=50000)
[08:02:52] attack: skip 1:2:13 (cap loot=20000 < min=50000)
[08:02:52] attack: skip 1:2:14 (cap loot=20000 < min=50000)
[08:02:52] attack: skip 1:2:15 (cap loot=20000 < min=50000)
[08:02:52] attack: skip 1:3:1 (cap loot=20000 < min=50000)
[08:02:52] attack: skip 1:3:2 (cap loot=20000 < min=50000)
[08:02:52] attack: skip 1:3:3 (cap loot=20000 < min=50000)
[08:02:52] attack: skip 1:3:4 (cap loot=20000 < min=50000)
[08:02:52] attack: skip 1:3:5 (cap loot=20000 < min=50000)
[08:02:52] attack: skip 1:3:11 (cap loot=20000 < min=50000)
[08:02:52] attack: skip 1:3:12 (cap loot=20000 < min=50000)
[08:02:52] attack: skip 1:3:13 (cap loot=20000 < min=50000)
[08:02:52] attack: skip 1:4:3 (cap loot=20000 < min=50000)
[08:02:52] attack: skip 1:3:6 (cap loot=20000 < min=50000)
[08:02:52] attack: skip 1:3:8 (cap loot=20000 < min=50000)
[08:02:52] attack: skip 1:3:10 (cap loot=20000 < min=50000)
[08:02:52] attack: skip 1:4:4 (cap loot=20000 < min=50000)
[08:02:52] attack: skip 1:4:6 (cap loot=20000 < min=50000)
[08:02:52] attack: skip 1:4:8 (cap loot=20000 < min=50000)
[08:02:52] attack: skip 1:4:10 (cap loot=20000 < min=50000)
[08:02:52] attack: skip 1:4:12 (cap loot=20000 < min=50000)
[08:02:52] attack: skip 1:5:4 (cap loot=20000 < min=50000)
[08:02:52] attack: skip 1:5:6 (cap loot=20000 < min=50000)
[08:02:52] attack: skip 1:5:8 (cap loot=20000 < min=50000)
[08:02:52] attack: skip 1:5:10 (cap loot=20000 < min=50000)
[08:02:52] attack: skip 1:5:12 (cap loot=20000 < min=50000)
[08:02:52] attack: skip 1:6:4 (cap loot=20000 < min=50000)
[08:02:52] attack: skip 1:6:6 (cap loot=20000 < min=50000)
[08:02:52] attack: skip 1:6:8 (cap loot=20000 < min=50000)
[08:02:52] attack: skip 1:6:10 (cap loot=20000 < min=50000)
[08:02:52] attack: skip 1:6:12 (cap loot=20000 < min=50000)
[08:02:52] attack: skip 1:7:4 (cap loot=20000 < min=50000)
[08:02:52] attack: skip 1:7:6 (cap loot=20000 < min=50000)
[08:02:52] attack: skip 1:7:8 (cap loot=20000 < min=50000)
[08:02:52] attack: skip 1:7:10 (cap loot=20000 < min=50000)
[08:02:52] attack: idle candidates=46 fresh_intel=46 no_spy_src=0 no_atk_src=0 raidmix_fail=0 cooldown_spy=0
[08:02:52] research: blocked research_energy_technology (building_laboratory 0/1)
[2026-05-11 08:03:31] ==== loop 3/∞ | seed=700949671613944981 archetype=turtle personality=flotero focus=eco actions_per_loop=4 ====
[08:03:33] planet 28: building queue full (5)
[08:03:33] planet 28: building queue full (5)
[08:03:33] planet 28: building queue full (5)
[08:03:33] planet 28: building queue full (5)
[08:03:33] attack: skip 1:2:1 (cap loot=20000 < min=50000)
[08:03:33] attack: skip 1:2:2 (cap loot=20000 < min=50000)
[08:03:33] attack: skip 1:2:3 (cap loot=20000 < min=50000)
[08:03:33] attack: skip 1:2:4 (cap loot=20000 < min=50000)
[08:03:33] attack: skip 1:2:5 (cap loot=20000 < min=50000)
[08:03:33] attack: skip 1:2:6 (cap loot=20000 < min=50000)
[08:03:33] attack: skip 1:2:7 (cap loot=20000 < min=50000)
[08:03:33] attack: skip 1:2:8 (cap loot=20000 < min=50000)
[08:03:33] attack: skip 1:2:9 (cap loot=20000 < min=50000)
[08:03:33] attack: skip 1:2:10 (cap loot=20000 < min=50000)
[08:03:33] attack: skip 1:2:11 (cap loot=20000 < min=50000)
[08:03:33] attack: skip 1:2:12 (cap loot=20000 < min=50000)
[08:03:33] attack: skip 1:2:13 (cap loot=20000 < min=50000)
[08:03:33] attack: skip 1:2:14 (cap loot=20000 < min=50000)
[08:03:33] attack: skip 1:2:15 (cap loot=20000 < min=50000)
[08:03:33] attack: skip 1:3:1 (cap loot=20000 < min=50000)
[08:03:33] attack: skip 1:3:2 (cap loot=20000 < min=50000)
[08:03:33] attack: skip 1:3:3 (cap loot=20000 < min=50000)
[08:03:33] attack: skip 1:3:4 (cap loot=20000 < min=50000)
[08:03:33] attack: skip 1:3:5 (cap loot=20000 < min=50000)
[08:03:33] attack: skip 1:3:11 (cap loot=20000 < min=50000)
[08:03:33] attack: skip 1:3:12 (cap loot=20000 < min=50000)
[08:03:33] attack: skip 1:3:13 (cap loot=20000 < min=50000)
[08:03:33] attack: skip 1:4:3 (cap loot=20000 < min=50000)
[08:03:33] attack: skip 1:3:6 (cap loot=20000 < min=50000)
[08:03:33] attack: skip 1:3:8 (cap loot=20000 < min=50000)
[08:03:33] attack: skip 1:3:10 (cap loot=20000 < min=50000)
[08:03:33] attack: skip 1:4:4 (cap loot=20000 < min=50000)
[08:03:33] attack: skip 1:4:6 (cap loot=20000 < min=50000)
[08:03:33] attack: skip 1:4:8 (cap loot=20000 < min=50000)
[08:03:33] attack: skip 1:4:10 (cap loot=20000 < min=50000)
[08:03:33] attack: skip 1:4:12 (cap loot=20000 < min=50000)
[08:03:33] attack: skip 1:5:4 (cap loot=20000 < min=50000)
[08:03:33] attack: skip 1:5:6 (cap loot=20000 < min=50000)
[08:03:33] attack: skip 1:5:8 (cap loot=20000 < min=50000)
[08:03:33] attack: skip 1:5:10 (cap loot=20000 < min=50000)
[08:03:33] attack: skip 1:5:12 (cap loot=20000 < min=50000)
[08:03:33] attack: skip 1:6:4 (cap loot=20000 < min=50000)
[08:03:33] attack: skip 1:6:6 (cap loot=20000 < min=50000)
[08:03:33] attack: skip 1:6:8 (cap loot=20000 < min=50000)
[08:03:33] attack: skip 1:6:10 (cap loot=20000 < min=50000)
[08:03:33] attack: skip 1:6:12 (cap loot=20000 < min=50000)
[08:03:33] attack: skip 1:7:4 (cap loot=20000 < min=50000)
[08:03:33] attack: skip 1:7:6 (cap loot=20000 < min=50000)
[08:03:33] attack: skip 1:7:8 (cap loot=20000 < min=50000)
[08:03:33] attack: skip 1:7:10 (cap loot=20000 < min=50000)
[08:03:33] attack: idle candidates=46 fresh_intel=46 no_spy_src=0 no_atk_src=0 raidmix_fail=0 cooldown_spy=0
[2026-05-11 08:04:14] ==== loop 4/∞ | seed=700949671613944981 archetype=turtle personality=flotero focus=eco actions_per_loop=4 ====
[08:04:15] planet 28: building queue full (5)
[08:04:15] planet 28: building queue full (5)
[08:04:15] planet 28: building queue full (5)
[08:04:15] attack: skip 1:2:1 (cap loot=20000 < min=50000)
[08:04:15] attack: skip 1:2:2 (cap loot=20000 < min=50000)
[08:04:15] attack: skip 1:2:3 (cap loot=20000 < min=50000)
[08:04:15] attack: skip 1:2:4 (cap loot=20000 < min=50000)
[08:04:15] attack: skip 1:2:5 (cap loot=20000 < min=50000)
[08:04:15] attack: skip 1:2:6 (cap loot=20000 < min=50000)
[08:04:15] attack: skip 1:2:7 (cap loot=20000 < min=50000)
[08:04:15] attack: skip 1:2:8 (cap loot=20000 < min=50000)
[08:04:15] attack: skip 1:2:9 (cap loot=20000 < min=50000)
[08:04:15] attack: skip 1:2:10 (cap loot=20000 < min=50000)
[08:04:15] attack: skip 1:2:11 (cap loot=20000 < min=50000)
[08:04:15] attack: skip 1:2:12 (cap loot=20000 < min=50000)
[08:04:15] attack: skip 1:2:13 (cap loot=20000 < min=50000)
[08:04:15] attack: skip 1:2:14 (cap loot=20000 < min=50000)
[08:04:15] attack: skip 1:2:15 (cap loot=20000 < min=50000)
[08:04:15] attack: skip 1:3:1 (cap loot=20000 < min=50000)
[08:04:15] attack: skip 1:3:2 (cap loot=20000 < min=50000)
[08:04:15] attack: skip 1:3:3 (cap loot=20000 < min=50000)
[08:04:15] attack: skip 1:3:4 (cap loot=20000 < min=50000)
[08:04:15] attack: skip 1:3:5 (cap loot=20000 < min=50000)
[08:04:15] attack: skip 1:3:11 (cap loot=20000 < min=50000)
[08:04:15] attack: skip 1:3:12 (cap loot=20000 < min=50000)
[08:04:15] attack: skip 1:3:13 (cap loot=20000 < min=50000)
[08:04:15] attack: skip 1:4:3 (cap loot=20000 < min=50000)
[08:04:15] attack: skip 1:3:6 (cap loot=20000 < min=50000)
[08:04:15] attack: skip 1:3:8 (cap loot=20000 < min=50000)
[08:04:15] attack: skip 1:3:10 (cap loot=20000 < min=50000)
[08:04:15] attack: skip 1:4:4 (cap loot=20000 < min=50000)
[08:04:15] attack: skip 1:4:6 (cap loot=20000 < min=50000)
[08:04:15] attack: skip 1:4:8 (cap loot=20000 < min=50000)
[08:04:15] attack: skip 1:4:10 (cap loot=20000 < min=50000)
[08:04:15] attack: skip 1:4:12 (cap loot=20000 < min=50000)
[08:04:15] attack: skip 1:5:4 (cap loot=20000 < min=50000)
[08:04:15] attack: skip 1:5:6 (cap loot=20000 < min=50000)
[08:04:15] attack: skip 1:5:8 (cap loot=20000 < min=50000)
[08:04:15] attack: skip 1:5:10 (cap loot=20000 < min=50000)
[08:04:15] attack: skip 1:5:12 (cap loot=20000 < min=50000)
[08:04:15] attack: skip 1:6:4 (cap loot=20000 < min=50000)
[08:04:15] attack: skip 1:6:6 (cap loot=20000 < min=50000)
[08:04:15] attack: skip 1:6:8 (cap loot=20000 < min=50000)
[08:04:15] attack: skip 1:6:10 (cap loot=20000 < min=50000)
[08:04:15] attack: skip 1:6:12 (cap loot=20000 < min=50000)
[08:04:15] attack: skip 1:7:4 (cap loot=20000 < min=50000)
[08:04:15] attack: skip 1:7:6 (cap loot=20000 < min=50000)
[08:04:15] attack: skip 1:7:8 (cap loot=20000 < min=50000)
[08:04:15] attack: skip 1:7:10 (cap loot=20000 < min=50000)
[08:04:15] attack: idle candidates=46 fresh_intel=46 no_spy_src=0 no_atk_src=0 raidmix_fail=0 cooldown_spy=0
[2026-05-11 08:04:53] ==== loop 5/∞ | seed=700949671613944981 archetype=turtle personality=flotero focus=eco actions_per_loop=4 ====
[08:04:55] planet 28: building queue full (5)
[08:04:55] planet 28: building queue full (5)
[08:04:55] planet 28: building queue full (5)
[08:04:55] attack: skip 1:2:1 (cap loot=20000 < min=50000)
[08:04:55] attack: skip 1:2:2 (cap loot=20000 < min=50000)
[08:04:55] attack: skip 1:2:3 (cap loot=20000 < min=50000)
[08:04:55] attack: skip 1:2:4 (cap loot=20000 < min=50000)
[08:04:55] attack: skip 1:2:5 (cap loot=20000 < min=50000)
[08:04:55] attack: skip 1:2:6 (cap loot=20000 < min=50000)
[08:04:55] attack: skip 1:2:7 (cap loot=20000 < min=50000)
[08:04:55] attack: skip 1:2:8 (cap loot=20000 < min=50000)
[08:04:55] attack: skip 1:2:9 (cap loot=20000 < min=50000)
[08:04:55] attack: skip 1:2:10 (cap loot=20000 < min=50000)
[08:04:55] attack: skip 1:2:11 (cap loot=20000 < min=50000)
[08:04:55] attack: skip 1:2:12 (cap loot=20000 < min=50000)
[08:04:55] attack: skip 1:2:13 (cap loot=20000 < min=50000)
[08:04:55] attack: skip 1:2:14 (cap loot=20000 < min=50000)
[08:04:55] attack: skip 1:2:15 (cap loot=20000 < min=50000)
[08:04:55] attack: skip 1:3:1 (cap loot=20000 < min=50000)
[08:04:55] attack: skip 1:3:2 (cap loot=20000 < min=50000)
[08:04:55] attack: skip 1:3:3 (cap loot=20000 < min=50000)
[08:04:55] attack: skip 1:3:4 (cap loot=20000 < min=50000)
[08:04:55] attack: skip 1:3:5 (cap loot=20000 < min=50000)
[08:04:55] attack: skip 1:3:11 (cap loot=20000 < min=50000)
[08:04:55] attack: skip 1:3:12 (cap loot=20000 < min=50000)
[08:04:55] attack: skip 1:3:13 (cap loot=20000 < min=50000)
[08:04:55] attack: skip 1:4:3 (cap loot=20000 < min=50000)
[08:04:55] attack: skip 1:3:6 (cap loot=20000 < min=50000)
[08:04:55] attack: skip 1:3:8 (cap loot=20000 < min=50000)
[08:04:55] attack: skip 1:3:10 (cap loot=20000 < min=50000)
[08:04:55] attack: skip 1:4:4 (cap loot=20000 < min=50000)
[08:04:55] attack: skip 1:4:6 (cap loot=20000 < min=50000)
[08:04:55] attack: skip 1:4:8 (cap loot=20000 < min=50000)
[08:04:55] attack: skip 1:4:10 (cap loot=20000 < min=50000)
[08:04:55] attack: skip 1:4:12 (cap loot=20000 < min=50000)
[08:04:55] attack: skip 1:5:4 (cap loot=20000 < min=50000)
[08:04:55] attack: skip 1:5:6 (cap loot=20000 < min=50000)
[08:04:55] attack: skip 1:5:8 (cap loot=20000 < min=50000)
[08:04:55] attack: skip 1:5:10 (cap loot=20000 < min=50000)
[08:04:55] attack: skip 1:5:12 (cap loot=20000 < min=50000)
[08:04:55] attack: skip 1:6:4 (cap loot=20000 < min=50000)
[08:04:55] attack: skip 1:6:6 (cap loot=20000 < min=50000)
[08:04:55] attack: skip 1:6:8 (cap loot=20000 < min=50000)
[08:04:55] attack: skip 1:6:10 (cap loot=20000 < min=50000)
[08:04:55] attack: skip 1:6:12 (cap loot=20000 < min=50000)
[08:04:55] attack: skip 1:7:4 (cap loot=20000 < min=50000)
[08:04:55] attack: skip 1:7:6 (cap loot=20000 < min=50000)
[08:04:55] attack: skip 1:7:8 (cap loot=20000 < min=50000)
[08:04:55] attack: skip 1:7:10 (cap loot=20000 < min=50000)
[08:04:55] attack: idle candidates=46 fresh_intel=46 no_spy_src=0 no_atk_src=0 raidmix_fail=0 cooldown_spy=0
[08:04:55] research: blocked research_energy_technology (building_laboratory 0/1)
[2026-05-11 08:05:45] ==== loop 1/∞ | seed=700949671613944981 archetype=turtle personality=flotero focus=eco actions_per_loop=4 ====
[08:05:48] planet 28: building queue full (5)
[08:05:48] planet 28: building queue full (5)
[08:05:48] planet 28: building queue full (5)
[08:05:48] planet 28: building queue full (5)
[08:05:48] attack: skip 1:2:1 (cap loot=20000 < min=50000)
[08:05:48] attack: skip 1:2:2 (cap loot=20000 < min=50000)
[08:05:48] attack: skip 1:2:3 (cap loot=20000 < min=50000)
[08:05:48] attack: skip 1:2:4 (cap loot=20000 < min=50000)
[08:05:48] attack: skip 1:2:5 (cap loot=20000 < min=50000)
[08:05:48] attack: skip 1:2:6 (cap loot=20000 < min=50000)
[08:05:48] attack: skip 1:2:7 (cap loot=20000 < min=50000)
[08:05:48] attack: skip 1:2:8 (cap loot=20000 < min=50000)
[08:05:48] attack: skip 1:2:9 (cap loot=20000 < min=50000)
[08:05:48] attack: skip 1:2:10 (cap loot=20000 < min=50000)
[08:05:48] attack: skip 1:2:11 (cap loot=20000 < min=50000)
[08:05:48] attack: skip 1:2:12 (cap loot=20000 < min=50000)
[08:05:48] attack: skip 1:2:13 (cap loot=20000 < min=50000)
[08:05:48] attack: skip 1:2:14 (cap loot=20000 < min=50000)
[08:05:48] attack: skip 1:2:15 (cap loot=20000 < min=50000)
[08:05:48] attack: skip 1:3:1 (cap loot=20000 < min=50000)
[08:05:48] attack: skip 1:3:2 (cap loot=20000 < min=50000)
[08:05:48] attack: skip 1:3:3 (cap loot=20000 < min=50000)
[08:05:48] attack: skip 1:3:4 (cap loot=20000 < min=50000)
[08:05:48] attack: skip 1:3:5 (cap loot=20000 < min=50000)
[08:05:48] attack: skip 1:3:11 (cap loot=20000 < min=50000)
[08:05:48] attack: skip 1:3:12 (cap loot=20000 < min=50000)
[08:05:48] attack: skip 1:3:13 (cap loot=20000 < min=50000)
[08:05:48] attack: skip 1:4:3 (cap loot=20000 < min=50000)
[08:05:48] attack: skip 1:3:6 (cap loot=20000 < min=50000)
[08:05:48] attack: skip 1:3:8 (cap loot=20000 < min=50000)
[08:05:48] attack: skip 1:3:10 (cap loot=20000 < min=50000)
[08:05:48] attack: skip 1:4:4 (cap loot=20000 < min=50000)
[08:05:48] attack: skip 1:4:6 (cap loot=20000 < min=50000)
[08:05:48] attack: skip 1:4:8 (cap loot=20000 < min=50000)
[08:05:48] attack: skip 1:4:10 (cap loot=20000 < min=50000)
[08:05:48] attack: skip 1:4:12 (cap loot=20000 < min=50000)
[08:05:48] attack: skip 1:5:4 (cap loot=20000 < min=50000)
[08:05:48] attack: skip 1:5:6 (cap loot=20000 < min=50000)
[08:05:48] attack: skip 1:5:8 (cap loot=20000 < min=50000)
[08:05:48] attack: skip 1:5:10 (cap loot=20000 < min=50000)
[08:05:48] attack: skip 1:5:12 (cap loot=20000 < min=50000)
[08:05:48] attack: skip 1:6:4 (cap loot=20000 < min=50000)
[08:05:48] attack: skip 1:6:6 (cap loot=20000 < min=50000)
[08:05:48] attack: skip 1:6:8 (cap loot=20000 < min=50000)
[08:05:48] attack: skip 1:6:10 (cap loot=20000 < min=50000)
[08:05:48] attack: skip 1:6:12 (cap loot=20000 < min=50000)
[08:05:48] attack: skip 1:7:4 (cap loot=20000 < min=50000)
[08:05:48] attack: skip 1:7:6 (cap loot=20000 < min=50000)
[08:05:48] attack: skip 1:7:8 (cap loot=20000 < min=50000)
[08:05:48] attack: skip 1:7:10 (cap loot=20000 < min=50000)
[08:05:48] attack: idle candidates=46 fresh_intel=46 no_spy_src=0 no_atk_src=0 raidmix_fail=0 cooldown_spy=0
[08:05:48] research: blocked research_energy_technology (building_laboratory 0/1)
[2026-05-11 08:06:26] ==== loop 2/∞ | seed=700949671613944981 archetype=turtle personality=flotero focus=eco actions_per_loop=4 ====
[08:06:28] planet 28: building queue full (5)
[08:06:28] planet 28: building queue full (5)
[08:06:28] planet 28: building queue full (5)
[08:06:28] planet 28: building queue full (5)
[08:06:28] attack: skip 1:2:1 (cap loot=20000 < min=50000)
[08:06:28] attack: skip 1:2:2 (cap loot=20000 < min=50000)
[08:06:28] attack: skip 1:2:3 (cap loot=20000 < min=50000)
[08:06:28] attack: skip 1:2:4 (cap loot=20000 < min=50000)
[08:06:28] attack: skip 1:2:5 (cap loot=20000 < min=50000)
[08:06:28] attack: skip 1:2:6 (cap loot=20000 < min=50000)
[08:06:28] attack: skip 1:2:7 (cap loot=20000 < min=50000)
[08:06:28] attack: skip 1:2:8 (cap loot=20000 < min=50000)
[08:06:28] attack: skip 1:2:9 (cap loot=20000 < min=50000)
[08:06:28] attack: skip 1:2:10 (cap loot=20000 < min=50000)
[08:06:28] attack: skip 1:2:11 (cap loot=20000 < min=50000)
[08:06:28] attack: skip 1:2:12 (cap loot=20000 < min=50000)
[08:06:28] attack: skip 1:2:13 (cap loot=20000 < min=50000)
[08:06:28] attack: skip 1:2:14 (cap loot=20000 < min=50000)
[08:06:28] attack: skip 1:2:15 (cap loot=20000 < min=50000)
[08:06:28] attack: skip 1:3:1 (cap loot=20000 < min=50000)
[08:06:28] attack: skip 1:3:2 (cap loot=20000 < min=50000)
[08:06:28] attack: skip 1:3:3 (cap loot=20000 < min=50000)
[08:06:28] attack: skip 1:3:4 (cap loot=20000 < min=50000)
[08:06:28] attack: skip 1:3:5 (cap loot=20000 < min=50000)
[08:06:28] attack: skip 1:3:11 (cap loot=20000 < min=50000)
[08:06:28] attack: skip 1:3:12 (cap loot=20000 < min=50000)
[08:06:28] attack: skip 1:3:13 (cap loot=20000 < min=50000)
[08:06:28] attack: skip 1:4:3 (cap loot=20000 < min=50000)
[08:06:28] attack: skip 1:3:6 (cap loot=20000 < min=50000)
[08:06:28] attack: skip 1:3:8 (cap loot=20000 < min=50000)
[08:06:28] attack: skip 1:3:10 (cap loot=20000 < min=50000)
[08:06:28] attack: skip 1:4:4 (cap loot=20000 < min=50000)
[08:06:28] attack: skip 1:4:6 (cap loot=20000 < min=50000)
[08:06:28] attack: skip 1:4:8 (cap loot=20000 < min=50000)
[08:06:28] attack: skip 1:4:10 (cap loot=20000 < min=50000)
[08:06:28] attack: skip 1:4:12 (cap loot=20000 < min=50000)
[08:06:28] attack: skip 1:5:4 (cap loot=20000 < min=50000)
[08:06:28] attack: skip 1:5:6 (cap loot=20000 < min=50000)
[08:06:28] attack: skip 1:5:8 (cap loot=20000 < min=50000)
[08:06:28] attack: skip 1:5:10 (cap loot=20000 < min=50000)
[08:06:28] attack: skip 1:5:12 (cap loot=20000 < min=50000)
[08:06:28] attack: skip 1:6:4 (cap loot=20000 < min=50000)
[08:06:28] attack: skip 1:6:6 (cap loot=20000 < min=50000)
[08:06:28] attack: skip 1:6:8 (cap loot=20000 < min=50000)
[08:06:28] attack: skip 1:6:10 (cap loot=20000 < min=50000)
[08:06:28] attack: skip 1:6:12 (cap loot=20000 < min=50000)
[08:06:28] attack: skip 1:7:4 (cap loot=20000 < min=50000)
[08:06:28] attack: skip 1:7:6 (cap loot=20000 < min=50000)
[08:06:28] attack: skip 1:7:8 (cap loot=20000 < min=50000)
[08:06:28] attack: skip 1:7:10 (cap loot=20000 < min=50000)
[08:06:28] attack: idle candidates=46 fresh_intel=46 no_spy_src=0 no_atk_src=0 raidmix_fail=0 cooldown_spy=0
[2026-05-11 08:07:07] ==== loop 3/∞ | seed=700949671613944981 archetype=turtle personality=flotero focus=eco actions_per_loop=4 ====
[08:07:10] planet 28: building queue full (5)
[08:07:10] planet 28: building queue full (5)
[08:07:10] planet 28: building queue full (5)
[08:07:10] planet 28: building queue full (5)
[08:07:10] attack: skip 1:2:1 (cap loot=20000 < min=50000)
[08:07:10] attack: skip 1:2:2 (cap loot=20000 < min=50000)
[08:07:10] attack: skip 1:2:3 (cap loot=20000 < min=50000)
[08:07:10] attack: skip 1:2:4 (cap loot=20000 < min=50000)
[08:07:10] attack: skip 1:2:5 (cap loot=20000 < min=50000)
[08:07:10] attack: skip 1:2:6 (cap loot=20000 < min=50000)
[08:07:10] attack: skip 1:2:7 (cap loot=20000 < min=50000)
[08:07:10] attack: skip 1:2:8 (cap loot=20000 < min=50000)
[08:07:10] attack: skip 1:2:9 (cap loot=20000 < min=50000)
[08:07:10] attack: skip 1:2:10 (cap loot=20000 < min=50000)
[08:07:10] attack: skip 1:2:11 (cap loot=20000 < min=50000)
[08:07:10] attack: skip 1:2:12 (cap loot=20000 < min=50000)
[08:07:10] attack: skip 1:2:13 (cap loot=20000 < min=50000)
[08:07:10] attack: skip 1:2:14 (cap loot=20000 < min=50000)
[08:07:10] attack: skip 1:2:15 (cap loot=20000 < min=50000)
[08:07:10] attack: skip 1:3:1 (cap loot=20000 < min=50000)
[08:07:10] attack: skip 1:3:2 (cap loot=20000 < min=50000)
[08:07:10] attack: skip 1:3:3 (cap loot=20000 < min=50000)
[08:07:10] attack: skip 1:3:4 (cap loot=20000 < min=50000)
[08:07:10] attack: skip 1:3:5 (cap loot=20000 < min=50000)
[08:07:10] attack: skip 1:3:11 (cap loot=20000 < min=50000)
[08:07:10] attack: skip 1:3:12 (cap loot=20000 < min=50000)
[08:07:10] attack: skip 1:3:13 (cap loot=20000 < min=50000)
[08:07:10] attack: skip 1:4:3 (cap loot=20000 < min=50000)
[08:07:10] attack: skip 1:3:6 (cap loot=20000 < min=50000)
[08:07:10] attack: skip 1:3:8 (cap loot=20000 < min=50000)
[08:07:10] attack: skip 1:3:10 (cap loot=20000 < min=50000)
[08:07:10] attack: skip 1:4:4 (cap loot=20000 < min=50000)
[08:07:10] attack: skip 1:4:6 (cap loot=20000 < min=50000)
[08:07:10] attack: skip 1:4:8 (cap loot=20000 < min=50000)
[08:07:10] attack: skip 1:4:10 (cap loot=20000 < min=50000)
[08:07:10] attack: skip 1:4:12 (cap loot=20000 < min=50000)
[08:07:10] attack: skip 1:5:4 (cap loot=20000 < min=50000)
[08:07:10] attack: skip 1:5:6 (cap loot=20000 < min=50000)
[08:07:10] attack: skip 1:5:8 (cap loot=20000 < min=50000)
[08:07:10] attack: skip 1:5:10 (cap loot=20000 < min=50000)
[08:07:10] attack: skip 1:5:12 (cap loot=20000 < min=50000)
[08:07:10] attack: skip 1:6:4 (cap loot=20000 < min=50000)
[08:07:10] attack: skip 1:6:6 (cap loot=20000 < min=50000)
[08:07:10] attack: skip 1:6:8 (cap loot=20000 < min=50000)
[08:07:10] attack: skip 1:6:10 (cap loot=20000 < min=50000)
[08:07:10] attack: skip 1:6:12 (cap loot=20000 < min=50000)
[08:07:10] attack: skip 1:7:4 (cap loot=20000 < min=50000)
[08:07:10] attack: skip 1:7:6 (cap loot=20000 < min=50000)
[08:07:10] attack: skip 1:7:8 (cap loot=20000 < min=50000)
[08:07:10] attack: skip 1:7:10 (cap loot=20000 < min=50000)
[08:07:10] attack: idle candidates=46 fresh_intel=46 no_spy_src=0 no_atk_src=0 raidmix_fail=0 cooldown_spy=0
[08:07:10] research: blocked research_energy_technology (building_laboratory 0/1)
[2026-05-11 08:07:53] ==== loop 4/∞ | seed=700949671613944981 archetype=turtle personality=flotero focus=eco actions_per_loop=4 ====
[08:07:56] planet 28: building queue full (5)
[08:07:56] planet 28: building queue full (5)
[08:07:56] planet 28: building queue full (5)
[08:07:56] planet 28: building queue full (5)
[08:07:56] attack: skip 1:2:1 (cap loot=20000 < min=50000)
[08:07:56] attack: skip 1:2:2 (cap loot=20000 < min=50000)
[08:07:56] attack: skip 1:2:3 (cap loot=20000 < min=50000)
[08:07:56] attack: skip 1:2:4 (cap loot=20000 < min=50000)
[08:07:56] attack: skip 1:2:5 (cap loot=20000 < min=50000)
[08:07:56] attack: skip 1:2:6 (cap loot=20000 < min=50000)
[08:07:56] attack: skip 1:2:7 (cap loot=20000 < min=50000)
[08:07:56] attack: skip 1:2:8 (cap loot=20000 < min=50000)
[08:07:56] attack: skip 1:2:9 (cap loot=20000 < min=50000)
[08:07:56] attack: skip 1:2:10 (cap loot=20000 < min=50000)
[08:07:56] attack: skip 1:2:11 (cap loot=20000 < min=50000)
[08:07:56] attack: skip 1:2:12 (cap loot=20000 < min=50000)
[08:07:56] attack: skip 1:2:13 (cap loot=20000 < min=50000)
[08:07:56] attack: skip 1:2:14 (cap loot=20000 < min=50000)
[08:07:56] attack: skip 1:2:15 (cap loot=20000 < min=50000)
[08:07:56] attack: skip 1:3:1 (cap loot=20000 < min=50000)
[08:07:56] attack: skip 1:3:2 (cap loot=20000 < min=50000)
[08:07:56] attack: skip 1:3:3 (cap loot=20000 < min=50000)
[08:07:56] attack: skip 1:3:4 (cap loot=20000 < min=50000)
[08:07:56] attack: skip 1:3:5 (cap loot=20000 < min=50000)
[08:07:56] attack: skip 1:3:11 (cap loot=20000 < min=50000)
[08:07:56] attack: skip 1:3:12 (cap loot=20000 < min=50000)
[08:07:56] attack: skip 1:3:13 (cap loot=20000 < min=50000)
[08:07:56] attack: skip 1:4:3 (cap loot=20000 < min=50000)
[08:07:56] attack: skip 1:3:6 (cap loot=20000 < min=50000)
[08:07:56] attack: skip 1:3:8 (cap loot=20000 < min=50000)
[08:07:56] attack: skip 1:3:10 (cap loot=20000 < min=50000)
[08:07:56] attack: skip 1:4:4 (cap loot=20000 < min=50000)
[08:07:56] attack: skip 1:4:6 (cap loot=20000 < min=50000)
[08:07:56] attack: skip 1:4:8 (cap loot=20000 < min=50000)
[08:07:56] attack: skip 1:4:10 (cap loot=20000 < min=50000)
[08:07:56] attack: skip 1:4:12 (cap loot=20000 < min=50000)
[08:07:56] attack: skip 1:5:4 (cap loot=20000 < min=50000)
[08:07:56] attack: skip 1:5:6 (cap loot=20000 < min=50000)
[08:07:56] attack: skip 1:5:8 (cap loot=20000 < min=50000)
[08:07:56] attack: skip 1:5:10 (cap loot=20000 < min=50000)
[08:07:56] attack: skip 1:5:12 (cap loot=20000 < min=50000)
[08:07:56] attack: skip 1:6:4 (cap loot=20000 < min=50000)
[08:07:56] attack: skip 1:6:6 (cap loot=20000 < min=50000)
[08:07:56] attack: skip 1:6:8 (cap loot=20000 < min=50000)
[08:07:56] attack: skip 1:6:10 (cap loot=20000 < min=50000)
[08:07:56] attack: skip 1:6:12 (cap loot=20000 < min=50000)
[08:07:56] attack: skip 1:7:4 (cap loot=20000 < min=50000)
[08:07:56] attack: skip 1:7:6 (cap loot=20000 < min=50000)
[08:07:56] attack: skip 1:7:8 (cap loot=20000 < min=50000)
[08:07:56] attack: skip 1:7:10 (cap loot=20000 < min=50000)
[08:07:56] attack: idle candidates=46 fresh_intel=46 no_spy_src=0 no_atk_src=0 raidmix_fail=0 cooldown_spy=0
[08:07:56] research: blocked research_energy_technology (building_laboratory 0/1)
[2026-05-11 08:08:32] ==== loop 5/∞ | seed=700949671613944981 archetype=turtle personality=flotero focus=eco actions_per_loop=4 ====
[08:08:35] planet 28: building queue full (5)
[08:08:35] planet 28: building queue full (5)
[08:08:35] planet 28: building queue full (5)
[08:08:35] planet 28: building queue full (5)
[08:08:35] attack: skip 1:2:1 (cap loot=20000 < min=50000)
[08:08:35] attack: skip 1:2:2 (cap loot=20000 < min=50000)
[08:08:35] attack: skip 1:2:3 (cap loot=20000 < min=50000)
[08:08:35] attack: skip 1:2:4 (cap loot=20000 < min=50000)
[08:08:35] attack: skip 1:2:5 (cap loot=20000 < min=50000)
[08:08:35] attack: skip 1:2:6 (cap loot=20000 < min=50000)
[08:08:35] attack: skip 1:2:7 (cap loot=20000 < min=50000)
[08:08:35] attack: skip 1:2:8 (cap loot=20000 < min=50000)
[08:08:35] attack: skip 1:2:9 (cap loot=20000 < min=50000)
[08:08:35] attack: skip 1:2:10 (cap loot=20000 < min=50000)
[08:08:35] attack: skip 1:2:11 (cap loot=20000 < min=50000)
[08:08:35] attack: skip 1:2:12 (cap loot=20000 < min=50000)
[08:08:35] attack: skip 1:2:13 (cap loot=20000 < min=50000)
[08:08:35] attack: skip 1:2:14 (cap loot=20000 < min=50000)
[08:08:35] attack: skip 1:2:15 (cap loot=20000 < min=50000)
[08:08:35] attack: skip 1:3:1 (cap loot=20000 < min=50000)
[08:08:35] attack: skip 1:3:2 (cap loot=20000 < min=50000)
[08:08:35] attack: skip 1:3:3 (cap loot=20000 < min=50000)
[08:08:35] attack: skip 1:3:4 (cap loot=20000 < min=50000)
[08:08:35] attack: skip 1:3:5 (cap loot=20000 < min=50000)
[08:08:35] attack: skip 1:3:11 (cap loot=20000 < min=50000)
[08:08:35] attack: skip 1:3:12 (cap loot=20000 < min=50000)
[08:08:35] attack: skip 1:3:13 (cap loot=20000 < min=50000)
[08:08:35] attack: skip 1:4:3 (cap loot=20000 < min=50000)
[08:08:35] attack: skip 1:3:6 (cap loot=20000 < min=50000)
[08:08:35] attack: skip 1:3:8 (cap loot=20000 < min=50000)
[08:08:35] attack: skip 1:3:10 (cap loot=20000 < min=50000)
[08:08:35] attack: skip 1:4:4 (cap loot=20000 < min=50000)
[08:08:35] attack: skip 1:4:6 (cap loot=20000 < min=50000)
[08:08:35] attack: skip 1:4:8 (cap loot=20000 < min=50000)
[08:08:35] attack: skip 1:4:10 (cap loot=20000 < min=50000)
[08:08:35] attack: skip 1:4:12 (cap loot=20000 < min=50000)
[08:08:35] attack: skip 1:5:4 (cap loot=20000 < min=50000)
[08:08:35] attack: skip 1:5:6 (cap loot=20000 < min=50000)
[08:08:35] attack: skip 1:5:8 (cap loot=20000 < min=50000)
[08:08:35] attack: skip 1:5:10 (cap loot=20000 < min=50000)
[08:08:35] attack: skip 1:5:12 (cap loot=20000 < min=50000)
[08:08:35] attack: skip 1:6:4 (cap loot=20000 < min=50000)
[08:08:35] attack: skip 1:6:6 (cap loot=20000 < min=50000)
[08:08:35] attack: skip 1:6:8 (cap loot=20000 < min=50000)
[08:08:35] attack: skip 1:6:10 (cap loot=20000 < min=50000)
[08:08:35] attack: skip 1:6:12 (cap loot=20000 < min=50000)
[08:08:35] attack: skip 1:7:4 (cap loot=20000 < min=50000)
[08:08:35] attack: skip 1:7:6 (cap loot=20000 < min=50000)
[08:08:35] attack: skip 1:7:8 (cap loot=20000 < min=50000)
[08:08:35] attack: skip 1:7:10 (cap loot=20000 < min=50000)
[08:08:35] attack: idle candidates=46 fresh_intel=46 no_spy_src=0 no_atk_src=0 raidmix_fail=0 cooldown_spy=0
[2026-05-11 08:09:14] ==== loop 6/∞ | seed=700949671613944981 archetype=turtle personality=flotero focus=eco actions_per_loop=4 ====
[08:09:16] planet 28: building queue full (5)
[08:09:16] planet 28: building queue full (5)
[08:09:16] planet 28: building queue full (5)
[08:09:16] planet 28: building queue full (5)
[08:09:16] attack: skip 1:2:1 (cap loot=20000 < min=50000)
[08:09:16] attack: skip 1:2:2 (cap loot=20000 < min=50000)
[08:09:16] attack: skip 1:2:3 (cap loot=20000 < min=50000)
[08:09:16] attack: skip 1:2:4 (cap loot=20000 < min=50000)
[08:09:16] attack: skip 1:2:5 (cap loot=20000 < min=50000)
[08:09:16] attack: skip 1:2:6 (cap loot=20000 < min=50000)
[08:09:16] attack: skip 1:2:7 (cap loot=20000 < min=50000)
[08:09:16] attack: skip 1:2:8 (cap loot=20000 < min=50000)
[08:09:16] attack: skip 1:2:9 (cap loot=20000 < min=50000)
[08:09:16] attack: skip 1:2:10 (cap loot=20000 < min=50000)
[08:09:16] attack: skip 1:2:11 (cap loot=20000 < min=50000)
[08:09:16] attack: skip 1:2:12 (cap loot=20000 < min=50000)
[08:09:16] attack: skip 1:2:13 (cap loot=20000 < min=50000)
[08:09:16] attack: skip 1:2:14 (cap loot=20000 < min=50000)
[08:09:16] attack: skip 1:2:15 (cap loot=20000 < min=50000)
[08:09:16] attack: skip 1:3:1 (cap loot=20000 < min=50000)
[08:09:16] attack: skip 1:3:2 (cap loot=20000 < min=50000)
[08:09:16] attack: skip 1:3:3 (cap loot=20000 < min=50000)
[08:09:16] attack: skip 1:3:4 (cap loot=20000 < min=50000)
[08:09:16] attack: skip 1:3:5 (cap loot=20000 < min=50000)
[08:09:16] attack: skip 1:3:11 (cap loot=20000 < min=50000)
[08:09:16] attack: skip 1:3:12 (cap loot=20000 < min=50000)
[08:09:16] attack: skip 1:3:13 (cap loot=20000 < min=50000)
[08:09:16] attack: skip 1:4:3 (cap loot=20000 < min=50000)
[08:09:16] attack: skip 1:3:6 (cap loot=20000 < min=50000)
[08:09:16] attack: skip 1:3:8 (cap loot=20000 < min=50000)
[08:09:16] attack: skip 1:3:10 (cap loot=20000 < min=50000)
[08:09:16] attack: skip 1:4:4 (cap loot=20000 < min=50000)
[08:09:16] attack: skip 1:4:6 (cap loot=20000 < min=50000)
[08:09:16] attack: skip 1:4:8 (cap loot=20000 < min=50000)
[08:09:16] attack: skip 1:4:10 (cap loot=20000 < min=50000)
[08:09:16] attack: skip 1:4:12 (cap loot=20000 < min=50000)
[08:09:16] attack: skip 1:5:4 (cap loot=20000 < min=50000)
[08:09:16] attack: skip 1:5:6 (cap loot=20000 < min=50000)
[08:09:16] attack: skip 1:5:8 (cap loot=20000 < min=50000)
[08:09:16] attack: skip 1:5:10 (cap loot=20000 < min=50000)
[08:09:16] attack: skip 1:5:12 (cap loot=20000 < min=50000)
[08:09:16] attack: skip 1:6:4 (cap loot=20000 < min=50000)
[08:09:16] attack: skip 1:6:6 (cap loot=20000 < min=50000)
[08:09:16] attack: skip 1:6:8 (cap loot=20000 < min=50000)
[08:09:16] attack: skip 1:6:10 (cap loot=20000 < min=50000)
[08:09:16] attack: skip 1:6:12 (cap loot=20000 < min=50000)
[08:09:16] attack: skip 1:7:4 (cap loot=20000 < min=50000)
[08:09:16] attack: skip 1:7:6 (cap loot=20000 < min=50000)
[08:09:16] attack: skip 1:7:8 (cap loot=20000 < min=50000)
[08:09:16] attack: skip 1:7:10 (cap loot=20000 < min=50000)
[08:09:16] attack: idle candidates=46 fresh_intel=46 no_spy_src=0 no_atk_src=0 raidmix_fail=0 cooldown_spy=0
[08:09:16] research: blocked research_energy_technology (building_laboratory 0/1)
[2026-05-11 08:09:56] ==== loop 7/∞ | seed=700949671613944981 archetype=turtle personality=flotero focus=eco actions_per_loop=4 ====
[08:09:58] planet 28: building queue full (5)
[08:09:58] planet 28: building queue full (5)
[08:09:58] planet 28: building queue full (5)
[08:09:58] planet 28: building queue full (5)
[08:09:58] attack: skip 1:2:1 (cap loot=20000 < min=50000)
[08:09:58] attack: skip 1:2:2 (cap loot=20000 < min=50000)
[08:09:58] attack: skip 1:2:3 (cap loot=20000 < min=50000)
[08:09:58] attack: skip 1:2:4 (cap loot=20000 < min=50000)
[08:09:58] attack: skip 1:2:5 (cap loot=20000 < min=50000)
[08:09:58] attack: skip 1:2:6 (cap loot=20000 < min=50000)
[08:09:58] attack: skip 1:2:7 (cap loot=20000 < min=50000)
[08:09:58] attack: skip 1:2:8 (cap loot=20000 < min=50000)
[08:09:58] attack: skip 1:2:9 (cap loot=20000 < min=50000)
[08:09:58] attack: skip 1:2:10 (cap loot=20000 < min=50000)
[08:09:58] attack: skip 1:2:11 (cap loot=20000 < min=50000)
[08:09:58] attack: skip 1:2:12 (cap loot=20000 < min=50000)
[08:09:58] attack: skip 1:2:13 (cap loot=20000 < min=50000)
[08:09:58] attack: skip 1:2:14 (cap loot=20000 < min=50000)
[08:09:58] attack: skip 1:2:15 (cap loot=20000 < min=50000)
[08:09:58] attack: skip 1:3:1 (cap loot=20000 < min=50000)
[08:09:58] attack: skip 1:3:2 (cap loot=20000 < min=50000)
[08:09:58] attack: skip 1:3:3 (cap loot=20000 < min=50000)
[08:09:58] attack: skip 1:3:4 (cap loot=20000 < min=50000)
[08:09:58] attack: skip 1:3:5 (cap loot=20000 < min=50000)
[08:09:58] attack: skip 1:3:11 (cap loot=20000 < min=50000)
[08:09:58] attack: skip 1:3:12 (cap loot=20000 < min=50000)
[08:09:58] attack: skip 1:3:13 (cap loot=20000 < min=50000)
[08:09:58] attack: skip 1:4:3 (cap loot=20000 < min=50000)
[08:09:58] attack: skip 1:3:6 (cap loot=20000 < min=50000)
[08:09:58] attack: skip 1:3:8 (cap loot=20000 < min=50000)
[08:09:58] attack: skip 1:3:10 (cap loot=20000 < min=50000)
[08:09:58] attack: skip 1:4:4 (cap loot=20000 < min=50000)
[08:09:58] attack: skip 1:4:6 (cap loot=20000 < min=50000)
[08:09:58] attack: skip 1:4:8 (cap loot=20000 < min=50000)
[08:09:58] attack: skip 1:4:10 (cap loot=20000 < min=50000)
[08:09:58] attack: skip 1:4:12 (cap loot=20000 < min=50000)
[08:09:58] attack: skip 1:5:4 (cap loot=20000 < min=50000)
[08:09:58] attack: skip 1:5:6 (cap loot=20000 < min=50000)
[08:09:58] attack: skip 1:5:8 (cap loot=20000 < min=50000)
[08:09:58] attack: skip 1:5:10 (cap loot=20000 < min=50000)
[08:09:58] attack: skip 1:5:12 (cap loot=20000 < min=50000)
[08:09:58] attack: skip 1:6:4 (cap loot=20000 < min=50000)
[08:09:58] attack: skip 1:6:6 (cap loot=20000 < min=50000)
[08:09:58] attack: skip 1:6:8 (cap loot=20000 < min=50000)
[08:09:58] attack: skip 1:6:10 (cap loot=20000 < min=50000)
[08:09:58] attack: skip 1:6:12 (cap loot=20000 < min=50000)
[08:09:58] attack: skip 1:7:4 (cap loot=20000 < min=50000)
[08:09:58] attack: skip 1:7:6 (cap loot=20000 < min=50000)
[08:09:58] attack: skip 1:7:8 (cap loot=20000 < min=50000)
[08:09:58] attack: skip 1:7:10 (cap loot=20000 < min=50000)
[08:09:58] attack: idle candidates=46 fresh_intel=46 no_spy_src=0 no_atk_src=0 raidmix_fail=0 cooldown_spy=0
[08:09:58] research: blocked research_energy_technology (building_laboratory 0/1)
[2026-05-11 08:10:42] ==== loop 8/∞ | seed=700949671613944981 archetype=turtle personality=flotero focus=eco actions_per_loop=4 ====
[08:10:42] planet 28: no resources for building_metal_store+1
[08:10:42] attack: skip 1:2:1 (cap loot=20000 < min=50000)
[08:10:42] attack: skip 1:2:2 (cap loot=20000 < min=50000)
[08:10:42] attack: skip 1:2:3 (cap loot=20000 < min=50000)
[08:10:42] attack: skip 1:2:4 (cap loot=20000 < min=50000)
[08:10:42] attack: skip 1:2:5 (cap loot=20000 < min=50000)
[08:10:42] attack: skip 1:2:6 (cap loot=20000 < min=50000)
[08:10:42] attack: skip 1:2:7 (cap loot=20000 < min=50000)
[08:10:42] attack: skip 1:2:8 (cap loot=20000 < min=50000)
[08:10:42] attack: skip 1:2:9 (cap loot=20000 < min=50000)
[08:10:42] attack: skip 1:2:10 (cap loot=20000 < min=50000)
[08:10:42] attack: skip 1:2:11 (cap loot=20000 < min=50000)
[08:10:42] attack: skip 1:2:12 (cap loot=20000 < min=50000)
[08:10:42] attack: skip 1:2:13 (cap loot=20000 < min=50000)
[08:10:42] attack: skip 1:2:14 (cap loot=20000 < min=50000)
[08:10:42] attack: skip 1:2:15 (cap loot=20000 < min=50000)
[08:10:42] attack: skip 1:3:1 (cap loot=20000 < min=50000)
[08:10:42] attack: skip 1:3:2 (cap loot=20000 < min=50000)
[08:10:42] attack: skip 1:3:3 (cap loot=20000 < min=50000)
[08:10:42] attack: skip 1:3:4 (cap loot=20000 < min=50000)
[08:10:42] attack: skip 1:3:5 (cap loot=20000 < min=50000)
[08:10:42] attack: skip 1:3:11 (cap loot=20000 < min=50000)
[08:10:42] attack: skip 1:3:12 (cap loot=20000 < min=50000)
[08:10:42] attack: skip 1:3:13 (cap loot=20000 < min=50000)
[08:10:42] attack: skip 1:4:3 (cap loot=20000 < min=50000)
[08:10:42] attack: skip 1:3:6 (cap loot=20000 < min=50000)
[08:10:42] attack: skip 1:3:8 (cap loot=20000 < min=50000)
[08:10:42] attack: skip 1:3:10 (cap loot=20000 < min=50000)
[08:10:42] attack: skip 1:4:4 (cap loot=20000 < min=50000)
[08:10:42] attack: skip 1:4:6 (cap loot=20000 < min=50000)
[08:10:42] attack: skip 1:4:8 (cap loot=20000 < min=50000)
[08:10:42] attack: skip 1:4:10 (cap loot=20000 < min=50000)
[08:10:42] attack: skip 1:4:12 (cap loot=20000 < min=50000)
[08:10:42] attack: skip 1:5:4 (cap loot=20000 < min=50000)
[08:10:42] attack: skip 1:5:6 (cap loot=20000 < min=50000)
[08:10:42] attack: skip 1:5:8 (cap loot=20000 < min=50000)
[08:10:42] attack: skip 1:5:10 (cap loot=20000 < min=50000)
[08:10:42] attack: skip 1:5:12 (cap loot=20000 < min=50000)
[08:10:42] attack: skip 1:6:4 (cap loot=20000 < min=50000)
[08:10:42] attack: skip 1:6:6 (cap loot=20000 < min=50000)
[08:10:42] attack: skip 1:6:8 (cap loot=20000 < min=50000)
[08:10:42] attack: skip 1:6:10 (cap loot=20000 < min=50000)
[08:10:42] attack: skip 1:6:12 (cap loot=20000 < min=50000)
[08:10:42] attack: skip 1:7:4 (cap loot=20000 < min=50000)
[08:10:42] attack: skip 1:7:6 (cap loot=20000 < min=50000)
[08:10:42] attack: skip 1:7:8 (cap loot=20000 < min=50000)
[08:10:42] attack: skip 1:7:10 (cap loot=20000 < min=50000)
[08:10:42] attack: idle candidates=46 fresh_intel=46 no_spy_src=0 no_atk_src=0 raidmix_fail=0 cooldown_spy=0
[08:10:42] research: blocked research_energy_technology (building_laboratory 0/1)
[2026-05-11 08:11:29] ==== loop 9/∞ | seed=700949671613944981 archetype=turtle personality=flotero focus=eco actions_per_loop=4 ====
[08:11:30] planet 28: no resources for building_metal_store+1
[08:11:30] attack: skip 1:2:1 (cap loot=20000 < min=50000)
[08:11:30] attack: skip 1:2:2 (cap loot=20000 < min=50000)
[08:11:30] attack: skip 1:2:3 (cap loot=20000 < min=50000)
[08:11:30] attack: skip 1:2:4 (cap loot=20000 < min=50000)
[08:11:30] attack: skip 1:2:5 (cap loot=20000 < min=50000)
[08:11:30] attack: skip 1:2:6 (cap loot=20000 < min=50000)
[08:11:30] attack: skip 1:2:7 (cap loot=20000 < min=50000)
[08:11:30] attack: skip 1:2:8 (cap loot=20000 < min=50000)
[08:11:30] attack: skip 1:2:9 (cap loot=20000 < min=50000)
[08:11:30] attack: skip 1:2:10 (cap loot=20000 < min=50000)
[08:11:30] attack: skip 1:2:11 (cap loot=20000 < min=50000)
[08:11:30] attack: skip 1:2:12 (cap loot=20000 < min=50000)
[08:11:30] attack: skip 1:2:13 (cap loot=20000 < min=50000)
[08:11:30] attack: skip 1:2:14 (cap loot=20000 < min=50000)
[08:11:30] attack: skip 1:2:15 (cap loot=20000 < min=50000)
[08:11:30] attack: skip 1:3:1 (cap loot=20000 < min=50000)
[08:11:30] attack: skip 1:3:2 (cap loot=20000 < min=50000)
[08:11:30] attack: skip 1:3:3 (cap loot=20000 < min=50000)
[08:11:30] attack: skip 1:3:4 (cap loot=20000 < min=50000)
[08:11:30] attack: skip 1:3:5 (cap loot=20000 < min=50000)
[08:11:30] attack: skip 1:3:11 (cap loot=20000 < min=50000)
[08:11:30] attack: skip 1:3:12 (cap loot=20000 < min=50000)
[08:11:30] attack: skip 1:3:13 (cap loot=20000 < min=50000)
[08:11:30] attack: skip 1:4:3 (cap loot=20000 < min=50000)
[08:11:30] attack: skip 1:3:6 (cap loot=20000 < min=50000)
[08:11:30] attack: skip 1:3:8 (cap loot=20000 < min=50000)
[08:11:30] attack: skip 1:3:10 (cap loot=20000 < min=50000)
[08:11:30] attack: skip 1:4:4 (cap loot=20000 < min=50000)
[08:11:30] attack: skip 1:4:6 (cap loot=20000 < min=50000)
[08:11:30] attack: skip 1:4:8 (cap loot=20000 < min=50000)
[08:11:30] attack: skip 1:4:10 (cap loot=20000 < min=50000)
[08:11:30] attack: skip 1:4:12 (cap loot=20000 < min=50000)
[08:11:30] attack: skip 1:5:4 (cap loot=20000 < min=50000)
[08:11:30] attack: skip 1:5:6 (cap loot=20000 < min=50000)
[08:11:30] attack: skip 1:5:8 (cap loot=20000 < min=50000)
[08:11:30] attack: skip 1:5:10 (cap loot=20000 < min=50000)
[08:11:30] attack: skip 1:5:12 (cap loot=20000 < min=50000)
[08:11:30] attack: skip 1:6:4 (cap loot=20000 < min=50000)
[08:11:30] attack: skip 1:6:6 (cap loot=20000 < min=50000)
[08:11:30] attack: skip 1:6:8 (cap loot=20000 < min=50000)
[08:11:30] attack: skip 1:6:10 (cap loot=20000 < min=50000)
[08:11:30] attack: skip 1:6:12 (cap loot=20000 < min=50000)
[08:11:30] attack: skip 1:7:4 (cap loot=20000 < min=50000)
[08:11:30] attack: skip 1:7:6 (cap loot=20000 < min=50000)
[08:11:30] attack: skip 1:7:8 (cap loot=20000 < min=50000)
[08:11:30] attack: skip 1:7:10 (cap loot=20000 < min=50000)
[08:11:30] attack: idle candidates=46 fresh_intel=46 no_spy_src=0 no_atk_src=0 raidmix_fail=0 cooldown_spy=0
[08:11:30] research: blocked research_energy_technology (building_laboratory 0/1)
[2026-05-11 08:12:14] ==== loop 10/∞ | seed=700949671613944981 archetype=turtle personality=flotero focus=eco actions_per_loop=4 ====
[08:12:14] planet 28: no resources for building_metal_store+1
[08:12:14] attack: skip 1:2:1 (cap loot=20000 < min=50000)
[08:12:14] attack: skip 1:2:2 (cap loot=20000 < min=50000)
[08:12:14] attack: skip 1:2:3 (cap loot=20000 < min=50000)
[08:12:14] attack: skip 1:2:4 (cap loot=20000 < min=50000)
[08:12:14] attack: skip 1:2:5 (cap loot=20000 < min=50000)
[08:12:14] attack: skip 1:2:6 (cap loot=20000 < min=50000)
[08:12:14] attack: skip 1:2:7 (cap loot=20000 < min=50000)
[08:12:14] attack: skip 1:2:8 (cap loot=20000 < min=50000)
[08:12:14] attack: skip 1:2:9 (cap loot=20000 < min=50000)
[08:12:14] attack: skip 1:2:10 (cap loot=20000 < min=50000)
[08:12:14] attack: skip 1:2:11 (cap loot=20000 < min=50000)
[08:12:14] attack: skip 1:2:12 (cap loot=20000 < min=50000)
[08:12:14] attack: skip 1:2:13 (cap loot=20000 < min=50000)
[08:12:14] attack: skip 1:2:14 (cap loot=20000 < min=50000)
[08:12:14] attack: skip 1:2:15 (cap loot=20000 < min=50000)
[08:12:14] attack: skip 1:3:1 (cap loot=20000 < min=50000)
[08:12:14] attack: skip 1:3:2 (cap loot=20000 < min=50000)
[08:12:14] attack: skip 1:3:3 (cap loot=20000 < min=50000)
[08:12:14] attack: skip 1:3:4 (cap loot=20000 < min=50000)
[08:12:14] attack: skip 1:3:5 (cap loot=20000 < min=50000)
[08:12:14] attack: skip 1:3:11 (cap loot=20000 < min=50000)
[08:12:14] attack: skip 1:3:12 (cap loot=20000 < min=50000)
[08:12:14] attack: skip 1:3:13 (cap loot=20000 < min=50000)
[08:12:14] attack: skip 1:4:3 (cap loot=20000 < min=50000)
[08:12:14] attack: skip 1:3:6 (cap loot=20000 < min=50000)
[08:12:14] attack: skip 1:3:8 (cap loot=20000 < min=50000)
[08:12:14] attack: skip 1:3:10 (cap loot=20000 < min=50000)
[08:12:14] attack: skip 1:4:4 (cap loot=20000 < min=50000)
[08:12:14] attack: skip 1:4:6 (cap loot=20000 < min=50000)
[08:12:14] attack: skip 1:4:8 (cap loot=20000 < min=50000)
[08:12:14] attack: skip 1:4:10 (cap loot=20000 < min=50000)
[08:12:14] attack: skip 1:4:12 (cap loot=20000 < min=50000)
[08:12:14] attack: skip 1:5:4 (cap loot=20000 < min=50000)
[08:12:14] attack: skip 1:5:6 (cap loot=20000 < min=50000)
[08:12:14] attack: skip 1:5:8 (cap loot=20000 < min=50000)
[08:12:14] attack: skip 1:5:10 (cap loot=20000 < min=50000)
[08:12:14] attack: skip 1:5:12 (cap loot=20000 < min=50000)
[08:12:14] attack: skip 1:6:4 (cap loot=20000 < min=50000)
[08:12:14] attack: skip 1:6:6 (cap loot=20000 < min=50000)
[08:12:14] attack: skip 1:6:8 (cap loot=20000 < min=50000)
[08:12:14] attack: skip 1:6:10 (cap loot=20000 < min=50000)
[08:12:14] attack: skip 1:6:12 (cap loot=20000 < min=50000)
[08:12:14] attack: skip 1:7:4 (cap loot=20000 < min=50000)
[08:12:14] attack: skip 1:7:6 (cap loot=20000 < min=50000)
[08:12:14] attack: skip 1:7:8 (cap loot=20000 < min=50000)
[08:12:14] attack: skip 1:7:10 (cap loot=20000 < min=50000)
[08:12:14] attack: idle candidates=46 fresh_intel=46 no_spy_src=0 no_atk_src=0 raidmix_fail=0 cooldown_spy=0
[08:12:14] research: blocked research_energy_technology (building_laboratory 0/1)
[2026-05-11 08:12:51] ==== loop 11/∞ | seed=700949671613944981 archetype=turtle personality=flotero focus=eco actions_per_loop=4 ====
[08:12:51] planet 28: no resources for building_metal_store+1
[08:12:51] attack: skip 1:2:1 (cap loot=20000 < min=50000)
[08:12:51] attack: skip 1:2:2 (cap loot=20000 < min=50000)
[08:12:51] attack: skip 1:2:3 (cap loot=20000 < min=50000)
[08:12:51] attack: skip 1:2:4 (cap loot=20000 < min=50000)
[08:12:51] attack: skip 1:2:5 (cap loot=20000 < min=50000)
[08:12:51] attack: skip 1:2:6 (cap loot=20000 < min=50000)
[08:12:51] attack: skip 1:2:7 (cap loot=20000 < min=50000)
[08:12:51] attack: skip 1:2:8 (cap loot=20000 < min=50000)
[08:12:51] attack: skip 1:2:9 (cap loot=20000 < min=50000)
[08:12:51] attack: skip 1:2:10 (cap loot=20000 < min=50000)
[08:12:51] attack: skip 1:2:11 (cap loot=20000 < min=50000)
[08:12:51] attack: skip 1:2:12 (cap loot=20000 < min=50000)
[08:12:51] attack: skip 1:2:13 (cap loot=20000 < min=50000)
[08:12:51] attack: skip 1:2:14 (cap loot=20000 < min=50000)
[08:12:51] attack: skip 1:2:15 (cap loot=20000 < min=50000)
[08:12:51] attack: skip 1:3:1 (cap loot=20000 < min=50000)
[08:12:51] attack: skip 1:3:2 (cap loot=20000 < min=50000)
[08:12:51] attack: skip 1:3:3 (cap loot=20000 < min=50000)
[08:12:51] attack: skip 1:3:4 (cap loot=20000 < min=50000)
[08:12:51] attack: skip 1:3:5 (cap loot=20000 < min=50000)
[08:12:51] attack: skip 1:3:11 (cap loot=20000 < min=50000)
[08:12:51] attack: skip 1:3:12 (cap loot=20000 < min=50000)
[08:12:51] attack: skip 1:3:13 (cap loot=20000 < min=50000)
[08:12:51] attack: skip 1:4:3 (cap loot=20000 < min=50000)
[08:12:51] attack: skip 1:3:6 (cap loot=20000 < min=50000)
[08:12:51] attack: skip 1:3:8 (cap loot=20000 < min=50000)
[08:12:51] attack: skip 1:3:10 (cap loot=20000 < min=50000)
[08:12:51] attack: skip 1:4:4 (cap loot=20000 < min=50000)
[08:12:51] attack: skip 1:4:6 (cap loot=20000 < min=50000)
[08:12:51] attack: skip 1:4:8 (cap loot=20000 < min=50000)
[08:12:51] attack: skip 1:4:10 (cap loot=20000 < min=50000)
[08:12:51] attack: skip 1:4:12 (cap loot=20000 < min=50000)
[08:12:51] attack: skip 1:5:4 (cap loot=20000 < min=50000)
[08:12:51] attack: skip 1:5:6 (cap loot=20000 < min=50000)
[08:12:51] attack: skip 1:5:8 (cap loot=20000 < min=50000)
[08:12:51] attack: skip 1:5:10 (cap loot=20000 < min=50000)
[08:12:51] attack: skip 1:5:12 (cap loot=20000 < min=50000)
[08:12:51] attack: skip 1:6:4 (cap loot=20000 < min=50000)
[08:12:51] attack: skip 1:6:6 (cap loot=20000 < min=50000)
[08:12:51] attack: skip 1:6:8 (cap loot=20000 < min=50000)
[08:12:51] attack: skip 1:6:10 (cap loot=20000 < min=50000)
[08:12:51] attack: skip 1:6:12 (cap loot=20000 < min=50000)
[08:12:51] attack: skip 1:7:4 (cap loot=20000 < min=50000)
[08:12:51] attack: skip 1:7:6 (cap loot=20000 < min=50000)
[08:12:51] attack: skip 1:7:8 (cap loot=20000 < min=50000)
[08:12:51] attack: skip 1:7:10 (cap loot=20000 < min=50000)
[08:12:51] attack: idle candidates=46 fresh_intel=46 no_spy_src=0 no_atk_src=0 raidmix_fail=0 cooldown_spy=0
[08:12:51] research: blocked research_energy_technology (building_laboratory 0/1)
[2026-05-11 08:13:38] ==== loop 12/∞ | seed=700949671613944981 archetype=turtle personality=flotero focus=eco actions_per_loop=4 ====
[08:13:38] planet 28: no resources for building_metal_store+1
[08:13:38] attack: skip 1:2:1 (cap loot=20000 < min=50000)
[08:13:38] attack: skip 1:2:2 (cap loot=20000 < min=50000)
[08:13:38] attack: skip 1:2:3 (cap loot=20000 < min=50000)
[08:13:38] attack: skip 1:2:4 (cap loot=20000 < min=50000)
[08:13:38] attack: skip 1:2:5 (cap loot=20000 < min=50000)
[08:13:38] attack: skip 1:2:6 (cap loot=20000 < min=50000)
[08:13:38] attack: skip 1:2:7 (cap loot=20000 < min=50000)
[08:13:38] attack: skip 1:2:8 (cap loot=20000 < min=50000)
[08:13:38] attack: skip 1:2:9 (cap loot=20000 < min=50000)
[08:13:38] attack: skip 1:2:10 (cap loot=20000 < min=50000)
[08:13:38] attack: skip 1:2:11 (cap loot=20000 < min=50000)
[08:13:38] attack: skip 1:2:12 (cap loot=20000 < min=50000)
[08:13:38] attack: skip 1:2:13 (cap loot=20000 < min=50000)
[08:13:38] attack: skip 1:2:14 (cap loot=20000 < min=50000)
[08:13:38] attack: skip 1:2:15 (cap loot=20000 < min=50000)
[08:13:38] attack: skip 1:3:1 (cap loot=20000 < min=50000)
[08:13:38] attack: skip 1:3:2 (cap loot=20000 < min=50000)
[08:13:38] attack: skip 1:3:3 (cap loot=20000 < min=50000)
[08:13:38] attack: skip 1:3:4 (cap loot=20000 < min=50000)
[08:13:38] attack: skip 1:3:5 (cap loot=20000 < min=50000)
[08:13:38] attack: skip 1:3:11 (cap loot=20000 < min=50000)
[08:13:38] attack: skip 1:3:12 (cap loot=20000 < min=50000)
[08:13:38] attack: skip 1:3:13 (cap loot=20000 < min=50000)
[08:13:38] attack: skip 1:4:3 (cap loot=20000 < min=50000)
[08:13:38] attack: skip 1:3:6 (cap loot=20000 < min=50000)
[08:13:38] attack: skip 1:3:8 (cap loot=20000 < min=50000)
[08:13:38] attack: skip 1:3:10 (cap loot=20000 < min=50000)
[08:13:38] attack: skip 1:4:4 (cap loot=20000 < min=50000)
[08:13:38] attack: skip 1:4:6 (cap loot=20000 < min=50000)
[08:13:38] attack: skip 1:4:8 (cap loot=20000 < min=50000)
[08:13:38] attack: skip 1:4:10 (cap loot=20000 < min=50000)
[08:13:38] attack: skip 1:4:12 (cap loot=20000 < min=50000)
[08:13:38] attack: skip 1:5:4 (cap loot=20000 < min=50000)
[08:13:38] attack: skip 1:5:6 (cap loot=20000 < min=50000)
[08:13:38] attack: skip 1:5:8 (cap loot=20000 < min=50000)
[08:13:38] attack: skip 1:5:10 (cap loot=20000 < min=50000)
[08:13:38] attack: skip 1:5:12 (cap loot=20000 < min=50000)
[08:13:38] attack: skip 1:6:4 (cap loot=20000 < min=50000)
[08:13:38] attack: skip 1:6:6 (cap loot=20000 < min=50000)
[08:13:38] attack: skip 1:6:8 (cap loot=20000 < min=50000)
[08:13:38] attack: skip 1:6:10 (cap loot=20000 < min=50000)
[08:13:38] attack: skip 1:6:12 (cap loot=20000 < min=50000)
[08:13:38] attack: skip 1:7:4 (cap loot=20000 < min=50000)
[08:13:38] attack: skip 1:7:6 (cap loot=20000 < min=50000)
[08:13:38] attack: skip 1:7:8 (cap loot=20000 < min=50000)
[08:13:38] attack: skip 1:7:10 (cap loot=20000 < min=50000)
[08:13:38] attack: idle candidates=46 fresh_intel=46 no_spy_src=0 no_atk_src=0 raidmix_fail=0 cooldown_spy=0
[08:13:38] research: blocked research_energy_technology (building_laboratory 0/1)
[2026-05-11 08:14:23] ==== loop 13/∞ | seed=700949671613944981 archetype=turtle personality=flotero focus=eco actions_per_loop=4 ====
[08:14:24] planet 28: no resources for building_metal_store+1
[08:14:24] attack: skip 1:2:1 (cap loot=20000 < min=50000)
[08:14:24] attack: skip 1:2:2 (cap loot=20000 < min=50000)
[08:14:24] attack: skip 1:2:3 (cap loot=20000 < min=50000)
[08:14:24] attack: skip 1:2:4 (cap loot=20000 < min=50000)
[08:14:24] attack: skip 1:2:5 (cap loot=20000 < min=50000)
[08:14:24] attack: skip 1:2:6 (cap loot=20000 < min=50000)
[08:14:24] attack: skip 1:2:7 (cap loot=20000 < min=50000)
[08:14:24] attack: skip 1:2:8 (cap loot=20000 < min=50000)
[08:14:24] attack: skip 1:2:9 (cap loot=20000 < min=50000)
[08:14:24] attack: skip 1:2:10 (cap loot=20000 < min=50000)
[08:14:24] attack: skip 1:2:11 (cap loot=20000 < min=50000)
[08:14:24] attack: skip 1:2:12 (cap loot=20000 < min=50000)
[08:14:24] attack: skip 1:2:13 (cap loot=20000 < min=50000)
[08:14:24] attack: skip 1:2:14 (cap loot=20000 < min=50000)
[08:14:24] attack: skip 1:2:15 (cap loot=20000 < min=50000)
[08:14:24] attack: skip 1:3:1 (cap loot=20000 < min=50000)
[08:14:24] attack: skip 1:3:2 (cap loot=20000 < min=50000)
[08:14:24] attack: skip 1:3:3 (cap loot=20000 < min=50000)
[08:14:24] attack: skip 1:3:4 (cap loot=20000 < min=50000)
[08:14:24] attack: skip 1:3:5 (cap loot=20000 < min=50000)
[08:14:24] attack: skip 1:3:11 (cap loot=20000 < min=50000)
[08:14:24] attack: skip 1:3:12 (cap loot=20000 < min=50000)
[08:14:24] attack: skip 1:3:13 (cap loot=20000 < min=50000)
[08:14:24] attack: skip 1:4:3 (cap loot=20000 < min=50000)
[08:14:24] attack: skip 1:3:6 (cap loot=20000 < min=50000)
[08:14:24] attack: skip 1:3:8 (cap loot=20000 < min=50000)
[08:14:24] attack: skip 1:3:10 (cap loot=20000 < min=50000)
[08:14:24] attack: skip 1:4:4 (cap loot=20000 < min=50000)
[08:14:24] attack: skip 1:4:6 (cap loot=20000 < min=50000)
[08:14:24] attack: skip 1:4:8 (cap loot=20000 < min=50000)
[08:14:24] attack: skip 1:4:10 (cap loot=20000 < min=50000)
[08:14:24] attack: skip 1:4:12 (cap loot=20000 < min=50000)
[08:14:24] attack: skip 1:5:4 (cap loot=20000 < min=50000)
[08:14:24] attack: skip 1:5:6 (cap loot=20000 < min=50000)
[08:14:24] attack: skip 1:5:8 (cap loot=20000 < min=50000)
[08:14:24] attack: skip 1:5:10 (cap loot=20000 < min=50000)
[08:14:24] attack: skip 1:5:12 (cap loot=20000 < min=50000)
[08:14:24] attack: skip 1:6:4 (cap loot=20000 < min=50000)
[08:14:24] attack: skip 1:6:6 (cap loot=20000 < min=50000)
[08:14:24] attack: skip 1:6:8 (cap loot=20000 < min=50000)
[08:14:24] attack: skip 1:6:10 (cap loot=20000 < min=50000)
[08:14:24] attack: skip 1:6:12 (cap loot=20000 < min=50000)
[08:14:24] attack: skip 1:7:4 (cap loot=20000 < min=50000)
[08:14:24] attack: skip 1:7:6 (cap loot=20000 < min=50000)
[08:14:24] attack: skip 1:7:8 (cap loot=20000 < min=50000)
[08:14:24] attack: skip 1:7:10 (cap loot=20000 < min=50000)
[08:14:24] attack: idle candidates=46 fresh_intel=46 no_spy_src=0 no_atk_src=0 raidmix_fail=0 cooldown_spy=0
[08:14:24] research: blocked research_energy_technology (building_laboratory 0/1)
[2026-05-11 08:15:10] ==== loop 14/∞ | seed=700949671613944981 archetype=turtle personality=flotero focus=eco actions_per_loop=4 ====
[08:15:11] planet 28: no resources for building_metal_store+1
[08:15:11] attack: skip 1:2:1 (cap loot=20000 < min=50000)
[08:15:11] attack: skip 1:2:2 (cap loot=20000 < min=50000)
[08:15:11] attack: skip 1:2:3 (cap loot=20000 < min=50000)
[08:15:11] attack: skip 1:2:4 (cap loot=20000 < min=50000)
[08:15:11] attack: skip 1:2:5 (cap loot=20000 < min=50000)
[08:15:11] attack: skip 1:2:6 (cap loot=20000 < min=50000)
[08:15:11] attack: skip 1:2:7 (cap loot=20000 < min=50000)
[08:15:11] attack: skip 1:2:8 (cap loot=20000 < min=50000)
[08:15:11] attack: skip 1:2:9 (cap loot=20000 < min=50000)
[08:15:11] attack: skip 1:2:10 (cap loot=20000 < min=50000)
[08:15:11] attack: skip 1:2:11 (cap loot=20000 < min=50000)
[08:15:11] attack: skip 1:2:12 (cap loot=20000 < min=50000)
[08:15:11] attack: skip 1:2:13 (cap loot=20000 < min=50000)
[08:15:11] attack: skip 1:2:14 (cap loot=20000 < min=50000)
[08:15:11] attack: skip 1:2:15 (cap loot=20000 < min=50000)
[08:15:11] attack: skip 1:3:1 (cap loot=20000 < min=50000)
[08:15:11] attack: skip 1:3:2 (cap loot=20000 < min=50000)
[08:15:11] attack: skip 1:3:3 (cap loot=20000 < min=50000)
[08:15:11] attack: skip 1:3:4 (cap loot=20000 < min=50000)
[08:15:11] attack: skip 1:3:5 (cap loot=20000 < min=50000)
[08:15:11] attack: skip 1:3:11 (cap loot=20000 < min=50000)
[08:15:11] attack: skip 1:3:12 (cap loot=20000 < min=50000)
[08:15:11] attack: skip 1:3:13 (cap loot=20000 < min=50000)
[08:15:11] attack: skip 1:4:3 (cap loot=20000 < min=50000)
[08:15:11] attack: skip 1:3:6 (cap loot=20000 < min=50000)
[08:15:11] attack: skip 1:3:8 (cap loot=20000 < min=50000)
[08:15:11] attack: skip 1:3:10 (cap loot=20000 < min=50000)
[08:15:11] attack: skip 1:4:4 (cap loot=20000 < min=50000)
[08:15:11] attack: skip 1:4:6 (cap loot=20000 < min=50000)
[08:15:11] attack: skip 1:4:8 (cap loot=20000 < min=50000)
[08:15:11] attack: skip 1:4:10 (cap loot=20000 < min=50000)
[08:15:11] attack: skip 1:4:12 (cap loot=20000 < min=50000)
[08:15:11] attack: skip 1:5:4 (cap loot=20000 < min=50000)
[08:15:11] attack: skip 1:5:6 (cap loot=20000 < min=50000)
[08:15:11] attack: skip 1:5:8 (cap loot=20000 < min=50000)
[08:15:11] attack: skip 1:5:10 (cap loot=20000 < min=50000)
[08:15:11] attack: skip 1:5:12 (cap loot=20000 < min=50000)
[08:15:11] attack: skip 1:6:4 (cap loot=20000 < min=50000)
[08:15:11] attack: skip 1:6:6 (cap loot=20000 < min=50000)
[08:15:11] attack: skip 1:6:8 (cap loot=20000 < min=50000)
[08:15:11] attack: skip 1:6:10 (cap loot=20000 < min=50000)
[08:15:11] attack: skip 1:6:12 (cap loot=20000 < min=50000)
[08:15:11] attack: skip 1:7:4 (cap loot=20000 < min=50000)
[08:15:11] attack: skip 1:7:6 (cap loot=20000 < min=50000)
[08:15:11] attack: skip 1:7:8 (cap loot=20000 < min=50000)
[08:15:11] attack: skip 1:7:10 (cap loot=20000 < min=50000)
[08:15:11] attack: idle candidates=46 fresh_intel=46 no_spy_src=0 no_atk_src=0 raidmix_fail=0 cooldown_spy=0
[2026-05-11 08:15:49] ==== loop 15/∞ | seed=700949671613944981 archetype=turtle personality=flotero focus=eco actions_per_loop=4 ====
[08:15:50] planet 28: no resources for building_metal_store+1
[08:15:50] attack: skip 1:2:1 (cap loot=20000 < min=50000)
[08:15:50] attack: skip 1:2:2 (cap loot=20000 < min=50000)
[08:15:50] attack: skip 1:2:3 (cap loot=20000 < min=50000)
[08:15:50] attack: skip 1:2:4 (cap loot=20000 < min=50000)
[08:15:50] attack: skip 1:2:5 (cap loot=20000 < min=50000)
[08:15:50] attack: skip 1:2:6 (cap loot=20000 < min=50000)
[08:15:50] attack: skip 1:2:7 (cap loot=20000 < min=50000)
[08:15:50] attack: skip 1:2:8 (cap loot=20000 < min=50000)
[08:15:50] attack: skip 1:2:9 (cap loot=20000 < min=50000)
[08:15:50] attack: skip 1:2:10 (cap loot=20000 < min=50000)
[08:15:50] attack: skip 1:2:11 (cap loot=20000 < min=50000)
[08:15:50] attack: skip 1:2:12 (cap loot=20000 < min=50000)
[08:15:50] attack: skip 1:2:13 (cap loot=20000 < min=50000)
[08:15:50] attack: skip 1:2:14 (cap loot=20000 < min=50000)
[08:15:50] attack: skip 1:2:15 (cap loot=20000 < min=50000)
[08:15:50] attack: skip 1:3:1 (cap loot=20000 < min=50000)
[08:15:50] attack: skip 1:3:2 (cap loot=20000 < min=50000)
[08:15:50] attack: skip 1:3:3 (cap loot=20000 < min=50000)
[08:15:50] attack: skip 1:3:4 (cap loot=20000 < min=50000)
[08:15:50] attack: skip 1:3:5 (cap loot=20000 < min=50000)
[08:15:50] attack: skip 1:3:11 (cap loot=20000 < min=50000)
[08:15:50] attack: skip 1:3:12 (cap loot=20000 < min=50000)
[08:15:50] attack: skip 1:3:13 (cap loot=20000 < min=50000)
[08:15:50] attack: skip 1:4:3 (cap loot=20000 < min=50000)
[08:15:50] attack: skip 1:3:6 (cap loot=20000 < min=50000)
[08:15:50] attack: skip 1:3:8 (cap loot=20000 < min=50000)
[08:15:50] attack: skip 1:3:10 (cap loot=20000 < min=50000)
[08:15:50] attack: skip 1:4:4 (cap loot=20000 < min=50000)
[08:15:50] attack: skip 1:4:6 (cap loot=20000 < min=50000)
[08:15:50] attack: skip 1:4:8 (cap loot=20000 < min=50000)
[08:15:50] attack: skip 1:4:10 (cap loot=20000 < min=50000)
[08:15:50] attack: skip 1:4:12 (cap loot=20000 < min=50000)
[08:15:50] attack: skip 1:5:4 (cap loot=20000 < min=50000)
[08:15:50] attack: skip 1:5:6 (cap loot=20000 < min=50000)
[08:15:50] attack: skip 1:5:8 (cap loot=20000 < min=50000)
[08:15:50] attack: skip 1:5:10 (cap loot=20000 < min=50000)
[08:15:50] attack: skip 1:5:12 (cap loot=20000 < min=50000)
[08:15:50] attack: skip 1:6:4 (cap loot=20000 < min=50000)
[08:15:50] attack: skip 1:6:6 (cap loot=20000 < min=50000)
[08:15:50] attack: skip 1:6:8 (cap loot=20000 < min=50000)
[08:15:50] attack: skip 1:6:10 (cap loot=20000 < min=50000)
[08:15:50] attack: skip 1:6:12 (cap loot=20000 < min=50000)
[08:15:50] attack: skip 1:7:4 (cap loot=20000 < min=50000)
[08:15:50] attack: skip 1:7:6 (cap loot=20000 < min=50000)
[08:15:50] attack: skip 1:7:8 (cap loot=20000 < min=50000)
[08:15:50] attack: skip 1:7:10 (cap loot=20000 < min=50000)
[08:15:50] attack: idle candidates=46 fresh_intel=46 no_spy_src=0 no_atk_src=0 raidmix_fail=0 cooldown_spy=0
[2026-05-11 08:16:37] ==== loop 16/∞ | seed=700949671613944981 archetype=turtle personality=flotero focus=eco actions_per_loop=4 ====
[08:16:37] planet 28: no resources for building_metal_store+1
[08:16:37] attack: skip 1:2:1 (cap loot=20000 < min=50000)
[08:16:37] attack: skip 1:2:2 (cap loot=20000 < min=50000)
[08:16:37] attack: skip 1:2:3 (cap loot=20000 < min=50000)
[08:16:37] attack: skip 1:2:4 (cap loot=20000 < min=50000)
[08:16:37] attack: skip 1:2:5 (cap loot=20000 < min=50000)
[08:16:37] attack: skip 1:2:6 (cap loot=20000 < min=50000)
[08:16:37] attack: skip 1:2:7 (cap loot=20000 < min=50000)
[08:16:37] attack: skip 1:2:8 (cap loot=20000 < min=50000)
[08:16:37] attack: skip 1:2:9 (cap loot=20000 < min=50000)
[08:16:37] attack: skip 1:2:10 (cap loot=20000 < min=50000)
[08:16:37] attack: skip 1:2:11 (cap loot=20000 < min=50000)
[08:16:37] attack: skip 1:2:12 (cap loot=20000 < min=50000)
[08:16:37] attack: skip 1:2:13 (cap loot=20000 < min=50000)
[08:16:37] attack: skip 1:2:14 (cap loot=20000 < min=50000)
[08:16:37] attack: skip 1:2:15 (cap loot=20000 < min=50000)
[08:16:37] attack: skip 1:3:1 (cap loot=20000 < min=50000)
[08:16:37] attack: skip 1:3:2 (cap loot=20000 < min=50000)
[08:16:37] attack: skip 1:3:3 (cap loot=20000 < min=50000)
[08:16:37] attack: skip 1:3:4 (cap loot=20000 < min=50000)
[08:16:37] attack: skip 1:3:5 (cap loot=20000 < min=50000)
[08:16:37] attack: skip 1:3:11 (cap loot=20000 < min=50000)
[08:16:37] attack: skip 1:3:12 (cap loot=20000 < min=50000)
[08:16:37] attack: skip 1:3:13 (cap loot=20000 < min=50000)
[08:16:37] attack: skip 1:4:3 (cap loot=20000 < min=50000)
[08:16:37] attack: skip 1:3:6 (cap loot=20000 < min=50000)
[08:16:37] attack: skip 1:3:8 (cap loot=20000 < min=50000)
[08:16:37] attack: skip 1:3:10 (cap loot=20000 < min=50000)
[08:16:37] attack: skip 1:4:4 (cap loot=20000 < min=50000)
[08:16:37] attack: skip 1:4:6 (cap loot=20000 < min=50000)
[08:16:37] attack: skip 1:4:8 (cap loot=20000 < min=50000)
[08:16:37] attack: skip 1:4:10 (cap loot=20000 < min=50000)
[08:16:37] attack: skip 1:4:12 (cap loot=20000 < min=50000)
[08:16:37] attack: skip 1:5:4 (cap loot=20000 < min=50000)
[08:16:37] attack: skip 1:5:6 (cap loot=20000 < min=50000)
[08:16:37] attack: skip 1:5:8 (cap loot=20000 < min=50000)
[08:16:37] attack: skip 1:5:10 (cap loot=20000 < min=50000)
[08:16:37] attack: skip 1:5:12 (cap loot=20000 < min=50000)
[08:16:37] attack: skip 1:6:4 (cap loot=20000 < min=50000)
[08:16:37] attack: skip 1:6:6 (cap loot=20000 < min=50000)
[08:16:37] attack: skip 1:6:8 (cap loot=20000 < min=50000)
[08:16:37] attack: skip 1:6:10 (cap loot=20000 < min=50000)
[08:16:37] attack: skip 1:6:12 (cap loot=20000 < min=50000)
[08:16:37] attack: skip 1:7:4 (cap loot=20000 < min=50000)
[08:16:37] attack: skip 1:7:6 (cap loot=20000 < min=50000)
[08:16:37] attack: skip 1:7:8 (cap loot=20000 < min=50000)
[08:16:37] attack: skip 1:7:10 (cap loot=20000 < min=50000)
[08:16:37] attack: idle candidates=46 fresh_intel=46 no_spy_src=0 no_atk_src=0 raidmix_fail=0 cooldown_spy=0
[08:16:37] research: blocked research_energy_technology (building_laboratory 0/1)
[2026-05-11 08:17:21] ==== loop 17/∞ | seed=700949671613944981 archetype=turtle personality=flotero focus=eco actions_per_loop=4 ====
[08:17:22] planet 28: no resources for building_metal_store+1
[08:17:22] attack: skip 1:2:1 (cap loot=20000 < min=50000)
[08:17:22] attack: skip 1:2:2 (cap loot=20000 < min=50000)
[08:17:22] attack: skip 1:2:3 (cap loot=20000 < min=50000)
[08:17:22] attack: skip 1:2:4 (cap loot=20000 < min=50000)
[08:17:22] attack: skip 1:2:5 (cap loot=20000 < min=50000)
[08:17:22] attack: skip 1:2:6 (cap loot=20000 < min=50000)
[08:17:22] attack: skip 1:2:7 (cap loot=20000 < min=50000)
[08:17:22] attack: skip 1:2:8 (cap loot=20000 < min=50000)
[08:17:22] attack: skip 1:2:9 (cap loot=20000 < min=50000)
[08:17:22] attack: skip 1:2:10 (cap loot=20000 < min=50000)
[08:17:22] attack: skip 1:2:11 (cap loot=20000 < min=50000)
[08:17:22] attack: skip 1:2:12 (cap loot=20000 < min=50000)
[08:17:22] attack: skip 1:2:13 (cap loot=20000 < min=50000)
[08:17:22] attack: skip 1:2:14 (cap loot=20000 < min=50000)
[08:17:22] attack: skip 1:2:15 (cap loot=20000 < min=50000)
[08:17:22] attack: skip 1:3:1 (cap loot=20000 < min=50000)
[08:17:22] attack: skip 1:3:2 (cap loot=20000 < min=50000)
[08:17:22] attack: skip 1:3:3 (cap loot=20000 < min=50000)
[08:17:22] attack: skip 1:3:4 (cap loot=20000 < min=50000)
[08:17:22] attack: skip 1:3:5 (cap loot=20000 < min=50000)
[08:17:22] attack: skip 1:3:11 (cap loot=20000 < min=50000)
[08:17:22] attack: skip 1:3:12 (cap loot=20000 < min=50000)
[08:17:22] attack: skip 1:3:13 (cap loot=20000 < min=50000)
[08:17:22] attack: skip 1:4:3 (cap loot=20000 < min=50000)
[08:17:22] attack: skip 1:3:6 (cap loot=20000 < min=50000)
[08:17:22] attack: skip 1:3:8 (cap loot=20000 < min=50000)
[08:17:22] attack: skip 1:3:10 (cap loot=20000 < min=50000)
[08:17:22] attack: skip 1:4:4 (cap loot=20000 < min=50000)
[08:17:22] attack: skip 1:4:6 (cap loot=20000 < min=50000)
[08:17:22] attack: skip 1:4:8 (cap loot=20000 < min=50000)
[08:17:22] attack: skip 1:4:10 (cap loot=20000 < min=50000)
[08:17:22] attack: skip 1:4:12 (cap loot=20000 < min=50000)
[08:17:22] attack: skip 1:5:4 (cap loot=20000 < min=50000)
[08:17:22] attack: skip 1:5:6 (cap loot=20000 < min=50000)
[08:17:22] attack: skip 1:5:8 (cap loot=20000 < min=50000)
[08:17:22] attack: skip 1:5:10 (cap loot=20000 < min=50000)
[08:17:22] attack: skip 1:5:12 (cap loot=20000 < min=50000)
[08:17:22] attack: skip 1:6:4 (cap loot=20000 < min=50000)
[08:17:22] attack: skip 1:6:6 (cap loot=20000 < min=50000)
[08:17:22] attack: skip 1:6:8 (cap loot=20000 < min=50000)
[08:17:22] attack: skip 1:6:10 (cap loot=20000 < min=50000)
[08:17:22] attack: skip 1:6:12 (cap loot=20000 < min=50000)
[08:17:22] attack: skip 1:7:4 (cap loot=20000 < min=50000)
[08:17:22] attack: skip 1:7:6 (cap loot=20000 < min=50000)
[08:17:22] attack: skip 1:7:8 (cap loot=20000 < min=50000)
[08:17:22] attack: skip 1:7:10 (cap loot=20000 < min=50000)
[08:17:22] attack: idle candidates=46 fresh_intel=46 no_spy_src=0 no_atk_src=0 raidmix_fail=0 cooldown_spy=0
[08:17:22] research: blocked research_energy_technology (building_laboratory 0/1)
[2026-05-11 08:18:05] ==== loop 18/∞ | seed=700949671613944981 archetype=turtle personality=flotero focus=eco actions_per_loop=4 ====
[08:18:06] planet 28: no resources for building_metal_store+1
[08:18:06] attack: skip 1:2:1 (cap loot=20000 < min=50000)
[08:18:06] attack: skip 1:2:2 (cap loot=20000 < min=50000)
[08:18:06] attack: skip 1:2:3 (cap loot=20000 < min=50000)
[08:18:06] attack: skip 1:2:4 (cap loot=20000 < min=50000)
[08:18:06] attack: skip 1:2:5 (cap loot=20000 < min=50000)
[08:18:06] attack: skip 1:2:6 (cap loot=20000 < min=50000)
[08:18:06] attack: skip 1:2:7 (cap loot=20000 < min=50000)
[08:18:06] attack: skip 1:2:8 (cap loot=20000 < min=50000)
[08:18:06] attack: skip 1:2:9 (cap loot=20000 < min=50000)
[08:18:06] attack: skip 1:2:10 (cap loot=20000 < min=50000)
[08:18:06] attack: skip 1:2:11 (cap loot=20000 < min=50000)
[08:18:06] attack: skip 1:2:12 (cap loot=20000 < min=50000)
[08:18:06] attack: skip 1:2:13 (cap loot=20000 < min=50000)
[08:18:06] attack: skip 1:2:14 (cap loot=20000 < min=50000)
[08:18:06] attack: skip 1:2:15 (cap loot=20000 < min=50000)
[08:18:06] attack: skip 1:3:1 (cap loot=20000 < min=50000)
[08:18:06] attack: skip 1:3:2 (cap loot=20000 < min=50000)
[08:18:06] attack: skip 1:3:3 (cap loot=20000 < min=50000)
[08:18:06] attack: skip 1:3:4 (cap loot=20000 < min=50000)
[08:18:06] attack: skip 1:3:5 (cap loot=20000 < min=50000)
[08:18:06] attack: skip 1:3:11 (cap loot=20000 < min=50000)
[08:18:06] attack: skip 1:3:12 (cap loot=20000 < min=50000)
[08:18:06] attack: skip 1:3:13 (cap loot=20000 < min=50000)
[08:18:06] attack: skip 1:4:3 (cap loot=20000 < min=50000)
[08:18:06] attack: skip 1:3:6 (cap loot=20000 < min=50000)
[08:18:06] attack: skip 1:3:8 (cap loot=20000 < min=50000)
[08:18:06] attack: skip 1:3:10 (cap loot=20000 < min=50000)
[08:18:06] attack: skip 1:4:4 (cap loot=20000 < min=50000)
[08:18:06] attack: skip 1:4:6 (cap loot=20000 < min=50000)
[08:18:06] attack: skip 1:4:8 (cap loot=20000 < min=50000)
[08:18:06] attack: skip 1:4:10 (cap loot=20000 < min=50000)
[08:18:06] attack: skip 1:4:12 (cap loot=20000 < min=50000)
[08:18:06] attack: skip 1:5:4 (cap loot=20000 < min=50000)
[08:18:06] attack: skip 1:5:6 (cap loot=20000 < min=50000)
[08:18:06] attack: skip 1:5:8 (cap loot=20000 < min=50000)
[08:18:06] attack: skip 1:5:10 (cap loot=20000 < min=50000)
[08:18:06] attack: skip 1:5:12 (cap loot=20000 < min=50000)
[08:18:06] attack: skip 1:6:4 (cap loot=20000 < min=50000)
[08:18:06] attack: skip 1:6:6 (cap loot=20000 < min=50000)
[08:18:06] attack: skip 1:6:8 (cap loot=20000 < min=50000)
[08:18:06] attack: skip 1:6:10 (cap loot=20000 < min=50000)
[08:18:06] attack: skip 1:6:12 (cap loot=20000 < min=50000)
[08:18:06] attack: skip 1:7:4 (cap loot=20000 < min=50000)
[08:18:06] attack: skip 1:7:6 (cap loot=20000 < min=50000)
[08:18:06] attack: skip 1:7:8 (cap loot=20000 < min=50000)
[08:18:06] attack: skip 1:7:10 (cap loot=20000 < min=50000)
[08:18:06] attack: idle candidates=46 fresh_intel=46 no_spy_src=0 no_atk_src=0 raidmix_fail=0 cooldown_spy=0
[08:18:06] research: blocked research_energy_technology (building_laboratory 0/1)
[2026-05-11 08:18:47] ==== loop 19/∞ | seed=700949671613944981 archetype=turtle personality=flotero focus=eco actions_per_loop=4 ====
[08:18:47] planet 28: no resources for building_metal_store+1
[08:18:47] attack: skip 1:2:1 (cap loot=20000 < min=50000)
[08:18:47] attack: skip 1:2:2 (cap loot=20000 < min=50000)
[08:18:47] attack: skip 1:2:3 (cap loot=20000 < min=50000)
[08:18:47] attack: skip 1:2:4 (cap loot=20000 < min=50000)
[08:18:47] attack: skip 1:2:5 (cap loot=20000 < min=50000)
[08:18:47] attack: skip 1:2:6 (cap loot=20000 < min=50000)
[08:18:47] attack: skip 1:2:7 (cap loot=20000 < min=50000)
[08:18:47] attack: skip 1:2:8 (cap loot=20000 < min=50000)
[08:18:47] attack: skip 1:2:9 (cap loot=20000 < min=50000)
[08:18:47] attack: skip 1:2:10 (cap loot=20000 < min=50000)
[08:18:47] attack: skip 1:2:11 (cap loot=20000 < min=50000)
[08:18:47] attack: skip 1:2:12 (cap loot=20000 < min=50000)
[08:18:47] attack: skip 1:2:13 (cap loot=20000 < min=50000)
[08:18:47] attack: skip 1:2:14 (cap loot=20000 < min=50000)
[08:18:47] attack: skip 1:2:15 (cap loot=20000 < min=50000)
[08:18:47] attack: skip 1:3:1 (cap loot=20000 < min=50000)
[08:18:47] attack: skip 1:3:2 (cap loot=20000 < min=50000)
[08:18:47] attack: skip 1:3:3 (cap loot=20000 < min=50000)
[08:18:47] attack: skip 1:3:4 (cap loot=20000 < min=50000)
[08:18:47] attack: skip 1:3:5 (cap loot=20000 < min=50000)
[08:18:47] attack: skip 1:3:11 (cap loot=20000 < min=50000)
[08:18:47] attack: skip 1:3:12 (cap loot=20000 < min=50000)
[08:18:47] attack: skip 1:3:13 (cap loot=20000 < min=50000)
[08:18:47] attack: skip 1:4:3 (cap loot=20000 < min=50000)
[08:18:47] attack: skip 1:3:6 (cap loot=20000 < min=50000)
[08:18:47] attack: skip 1:3:8 (cap loot=20000 < min=50000)
[08:18:47] attack: skip 1:3:10 (cap loot=20000 < min=50000)
[08:18:47] attack: skip 1:4:4 (cap loot=20000 < min=50000)
[08:18:47] attack: skip 1:4:6 (cap loot=20000 < min=50000)
[08:18:47] attack: skip 1:4:8 (cap loot=20000 < min=50000)
[08:18:47] attack: skip 1:4:10 (cap loot=20000 < min=50000)
[08:18:47] attack: skip 1:4:12 (cap loot=20000 < min=50000)
[08:18:47] attack: skip 1:5:4 (cap loot=20000 < min=50000)
[08:18:47] attack: skip 1:5:6 (cap loot=20000 < min=50000)
[08:18:47] attack: skip 1:5:8 (cap loot=20000 < min=50000)
[08:18:47] attack: skip 1:5:10 (cap loot=20000 < min=50000)
[08:18:47] attack: skip 1:5:12 (cap loot=20000 < min=50000)
[08:18:47] attack: skip 1:6:4 (cap loot=20000 < min=50000)
[08:18:47] attack: skip 1:6:6 (cap loot=20000 < min=50000)
[08:18:47] attack: skip 1:6:8 (cap loot=20000 < min=50000)
[08:18:47] attack: skip 1:6:10 (cap loot=20000 < min=50000)
[08:18:47] attack: skip 1:6:12 (cap loot=20000 < min=50000)
[08:18:47] attack: skip 1:7:4 (cap loot=20000 < min=50000)
[08:18:47] attack: skip 1:7:6 (cap loot=20000 < min=50000)
[08:18:47] attack: skip 1:7:8 (cap loot=20000 < min=50000)
[08:18:47] attack: skip 1:7:10 (cap loot=20000 < min=50000)
[08:18:47] attack: idle candidates=46 fresh_intel=46 no_spy_src=0 no_atk_src=0 raidmix_fail=0 cooldown_spy=0
[08:18:47] research: blocked research_energy_technology (building_laboratory 0/1)
[2026-05-11 08:19:28] ==== loop 20/∞ | seed=700949671613944981 archetype=turtle personality=flotero focus=eco actions_per_loop=4 ====
[08:19:29] planet 28: no resources for building_metal_store+1
[08:19:29] attack: skip 1:2:1 (cap loot=20000 < min=50000)
[08:19:29] attack: skip 1:2:2 (cap loot=20000 < min=50000)
[08:19:29] attack: skip 1:2:3 (cap loot=20000 < min=50000)
[08:19:29] attack: skip 1:2:4 (cap loot=20000 < min=50000)
[08:19:29] attack: skip 1:2:5 (cap loot=20000 < min=50000)
[08:19:29] attack: skip 1:2:6 (cap loot=20000 < min=50000)
[08:19:29] attack: skip 1:2:7 (cap loot=20000 < min=50000)
[08:19:29] attack: skip 1:2:8 (cap loot=20000 < min=50000)
[08:19:29] attack: skip 1:2:9 (cap loot=20000 < min=50000)
[08:19:29] attack: skip 1:2:10 (cap loot=20000 < min=50000)
[08:19:29] attack: skip 1:2:11 (cap loot=20000 < min=50000)
[08:19:29] attack: skip 1:2:12 (cap loot=20000 < min=50000)
[08:19:29] attack: skip 1:2:13 (cap loot=20000 < min=50000)
[08:19:29] attack: skip 1:2:14 (cap loot=20000 < min=50000)
[08:19:29] attack: skip 1:2:15 (cap loot=20000 < min=50000)
[08:19:29] attack: skip 1:3:1 (cap loot=20000 < min=50000)
[08:19:29] attack: skip 1:3:2 (cap loot=20000 < min=50000)
[08:19:29] attack: skip 1:3:3 (cap loot=20000 < min=50000)
[08:19:29] attack: skip 1:3:4 (cap loot=20000 < min=50000)
[08:19:29] attack: skip 1:3:5 (cap loot=20000 < min=50000)
[08:19:29] attack: skip 1:3:11 (cap loot=20000 < min=50000)
[08:19:29] attack: skip 1:3:12 (cap loot=20000 < min=50000)
[08:19:29] attack: skip 1:3:13 (cap loot=20000 < min=50000)
[08:19:29] attack: skip 1:4:3 (cap loot=20000 < min=50000)
[08:19:29] attack: skip 1:3:6 (cap loot=20000 < min=50000)
[08:19:29] attack: skip 1:3:8 (cap loot=20000 < min=50000)
[08:19:29] attack: skip 1:3:10 (cap loot=20000 < min=50000)
[08:19:29] attack: skip 1:4:4 (cap loot=20000 < min=50000)
[08:19:29] attack: skip 1:4:6 (cap loot=20000 < min=50000)
[08:19:29] attack: skip 1:4:8 (cap loot=20000 < min=50000)
[08:19:29] attack: skip 1:4:10 (cap loot=20000 < min=50000)
[08:19:29] attack: skip 1:4:12 (cap loot=20000 < min=50000)
[08:19:29] attack: skip 1:5:4 (cap loot=20000 < min=50000)
[08:19:29] attack: skip 1:5:6 (cap loot=20000 < min=50000)
[08:19:29] attack: skip 1:5:8 (cap loot=20000 < min=50000)
[08:19:29] attack: skip 1:5:10 (cap loot=20000 < min=50000)
[08:19:29] attack: skip 1:5:12 (cap loot=20000 < min=50000)
[08:19:29] attack: skip 1:6:4 (cap loot=20000 < min=50000)
[08:19:29] attack: skip 1:6:6 (cap loot=20000 < min=50000)
[08:19:29] attack: skip 1:6:8 (cap loot=20000 < min=50000)
[08:19:29] attack: skip 1:6:10 (cap loot=20000 < min=50000)
[08:19:29] attack: skip 1:6:12 (cap loot=20000 < min=50000)
[08:19:29] attack: skip 1:7:4 (cap loot=20000 < min=50000)
[08:19:29] attack: skip 1:7:6 (cap loot=20000 < min=50000)
[08:19:29] attack: skip 1:7:8 (cap loot=20000 < min=50000)
[08:19:29] attack: skip 1:7:10 (cap loot=20000 < min=50000)
[08:19:29] attack: idle candidates=46 fresh_intel=46 no_spy_src=0 no_atk_src=0 raidmix_fail=0 cooldown_spy=0
[08:19:29] research: blocked research_energy_technology (building_laboratory 0/1)
[2026-05-11 08:19:52] ==== loop 1/∞ | seed=700949671613944981 archetype=turtle personality=flotero focus=eco actions_per_loop=4 ====
[08:19:52] planet 28: no resources for building_metal_store+1
[08:19:52] attack: skip 1:2:1 (cap loot=20000 < min=50000)
[08:19:52] attack: skip 1:2:2 (cap loot=20000 < min=50000)
[08:19:52] attack: skip 1:2:3 (cap loot=20000 < min=50000)
[08:19:52] attack: skip 1:2:4 (cap loot=20000 < min=50000)
[08:19:52] attack: skip 1:2:5 (cap loot=20000 < min=50000)
[08:19:52] attack: skip 1:2:6 (cap loot=20000 < min=50000)
[08:19:52] attack: skip 1:2:7 (cap loot=20000 < min=50000)
[08:19:52] attack: skip 1:2:8 (cap loot=20000 < min=50000)
[08:19:52] attack: skip 1:2:9 (cap loot=20000 < min=50000)
[08:19:52] attack: skip 1:2:10 (cap loot=20000 < min=50000)
[08:19:52] attack: skip 1:2:11 (cap loot=20000 < min=50000)
[08:19:52] attack: skip 1:2:12 (cap loot=20000 < min=50000)
[08:19:52] attack: skip 1:2:13 (cap loot=20000 < min=50000)
[08:19:52] attack: skip 1:2:14 (cap loot=20000 < min=50000)
[08:19:52] attack: skip 1:2:15 (cap loot=20000 < min=50000)
[08:19:52] attack: skip 1:3:1 (cap loot=20000 < min=50000)
[08:19:52] attack: skip 1:3:2 (cap loot=20000 < min=50000)
[08:19:52] attack: skip 1:3:3 (cap loot=20000 < min=50000)
[08:19:52] attack: skip 1:3:4 (cap loot=20000 < min=50000)
[08:19:52] attack: skip 1:3:5 (cap loot=20000 < min=50000)
[08:19:52] attack: skip 1:3:11 (cap loot=20000 < min=50000)
[08:19:52] attack: skip 1:3:12 (cap loot=20000 < min=50000)
[08:19:52] attack: skip 1:3:13 (cap loot=20000 < min=50000)
[08:19:52] attack: skip 1:4:3 (cap loot=20000 < min=50000)
[08:19:52] attack: skip 1:3:6 (cap loot=20000 < min=50000)
[08:19:52] attack: skip 1:3:8 (cap loot=20000 < min=50000)
[08:19:52] attack: skip 1:3:10 (cap loot=20000 < min=50000)
[08:19:52] attack: skip 1:4:4 (cap loot=20000 < min=50000)
[08:19:52] attack: skip 1:4:6 (cap loot=20000 < min=50000)
[08:19:52] attack: skip 1:4:8 (cap loot=20000 < min=50000)
[08:19:52] attack: skip 1:4:10 (cap loot=20000 < min=50000)
[08:19:52] attack: skip 1:4:12 (cap loot=20000 < min=50000)
[08:19:52] attack: skip 1:5:4 (cap loot=20000 < min=50000)
[08:19:52] attack: skip 1:5:6 (cap loot=20000 < min=50000)
[08:19:52] attack: skip 1:5:8 (cap loot=20000 < min=50000)
[08:19:52] attack: skip 1:5:10 (cap loot=20000 < min=50000)
[08:19:52] attack: skip 1:5:12 (cap loot=20000 < min=50000)
[08:19:52] attack: skip 1:6:4 (cap loot=20000 < min=50000)
[08:19:52] attack: skip 1:6:6 (cap loot=20000 < min=50000)
[08:19:52] attack: skip 1:6:8 (cap loot=20000 < min=50000)
[08:19:52] attack: skip 1:6:10 (cap loot=20000 < min=50000)
[08:19:52] attack: skip 1:6:12 (cap loot=20000 < min=50000)
[08:19:52] attack: skip 1:7:4 (cap loot=20000 < min=50000)
[08:19:52] attack: skip 1:7:6 (cap loot=20000 < min=50000)
[08:19:52] attack: skip 1:7:8 (cap loot=20000 < min=50000)
[08:19:52] attack: skip 1:7:10 (cap loot=20000 < min=50000)
[08:19:52] attack: idle candidates=46 fresh_intel=46 no_spy_src=0 no_atk_src=0 raidmix_fail=0 cooldown_spy=0
[08:19:52] research: blocked research_energy_technology (building_laboratory 0/1)
[2026-05-11 08:20:35] ==== loop 2/∞ | seed=700949671613944981 archetype=turtle personality=flotero focus=eco actions_per_loop=4 ====
[08:20:37] planet 28: building queue full (5)
[08:20:37] planet 28: building queue full (5)
[08:20:37] planet 28: building queue full (5)
[08:20:37] planet 28: building queue full (5)
[08:20:37] attack: skip 1:2:1 (cap loot=20000 < min=50000)
[08:20:37] attack: skip 1:2:2 (cap loot=20000 < min=50000)
[08:20:37] attack: skip 1:2:3 (cap loot=20000 < min=50000)
[08:20:37] attack: skip 1:2:4 (cap loot=20000 < min=50000)
[08:20:37] attack: skip 1:2:5 (cap loot=20000 < min=50000)
[08:20:37] attack: skip 1:2:6 (cap loot=20000 < min=50000)
[08:20:37] attack: skip 1:2:7 (cap loot=20000 < min=50000)
[08:20:37] attack: skip 1:2:8 (cap loot=20000 < min=50000)
[08:20:37] attack: skip 1:2:9 (cap loot=20000 < min=50000)
[08:20:37] attack: skip 1:2:10 (cap loot=20000 < min=50000)
[08:20:37] attack: skip 1:2:11 (cap loot=20000 < min=50000)
[08:20:37] attack: skip 1:2:12 (cap loot=20000 < min=50000)
[08:20:37] attack: skip 1:2:13 (cap loot=20000 < min=50000)
[08:20:37] attack: skip 1:2:14 (cap loot=20000 < min=50000)
[08:20:37] attack: skip 1:2:15 (cap loot=20000 < min=50000)
[08:20:37] attack: skip 1:3:1 (cap loot=20000 < min=50000)
[08:20:37] attack: skip 1:3:2 (cap loot=20000 < min=50000)
[08:20:37] attack: skip 1:3:3 (cap loot=20000 < min=50000)
[08:20:37] attack: skip 1:3:4 (cap loot=20000 < min=50000)
[08:20:37] attack: skip 1:3:5 (cap loot=20000 < min=50000)
[08:20:37] attack: skip 1:3:11 (cap loot=20000 < min=50000)
[08:20:37] attack: skip 1:3:12 (cap loot=20000 < min=50000)
[08:20:37] attack: skip 1:3:13 (cap loot=20000 < min=50000)
[08:20:37] attack: skip 1:4:3 (cap loot=20000 < min=50000)
[08:20:37] attack: skip 1:3:6 (cap loot=20000 < min=50000)
[08:20:37] attack: skip 1:3:8 (cap loot=20000 < min=50000)
[08:20:37] attack: skip 1:3:10 (cap loot=20000 < min=50000)
[08:20:37] attack: skip 1:4:4 (cap loot=20000 < min=50000)
[08:20:37] attack: skip 1:4:6 (cap loot=20000 < min=50000)
[08:20:37] attack: skip 1:4:8 (cap loot=20000 < min=50000)
[08:20:37] attack: skip 1:4:10 (cap loot=20000 < min=50000)
[08:20:37] attack: skip 1:4:12 (cap loot=20000 < min=50000)
[08:20:37] attack: skip 1:5:4 (cap loot=20000 < min=50000)
[08:20:37] attack: skip 1:5:6 (cap loot=20000 < min=50000)
[08:20:37] attack: skip 1:5:8 (cap loot=20000 < min=50000)
[08:20:37] attack: skip 1:5:10 (cap loot=20000 < min=50000)
[08:20:37] attack: skip 1:5:12 (cap loot=20000 < min=50000)
[08:20:37] attack: skip 1:6:4 (cap loot=20000 < min=50000)
[08:20:37] attack: skip 1:6:6 (cap loot=20000 < min=50000)
[08:20:37] attack: skip 1:6:8 (cap loot=20000 < min=50000)
[08:20:37] attack: skip 1:6:10 (cap loot=20000 < min=50000)
[08:20:37] attack: skip 1:6:12 (cap loot=20000 < min=50000)
[08:20:37] attack: skip 1:7:4 (cap loot=20000 < min=50000)
[08:20:37] attack: skip 1:7:6 (cap loot=20000 < min=50000)
[08:20:37] attack: skip 1:7:8 (cap loot=20000 < min=50000)
[08:20:37] attack: skip 1:7:10 (cap loot=20000 < min=50000)
[08:20:37] attack: idle candidates=46 fresh_intel=46 no_spy_src=0 no_atk_src=0 raidmix_fail=0 cooldown_spy=0
[2026-05-11 08:21:19] ==== loop 3/∞ | seed=700949671613944981 archetype=turtle personality=flotero focus=eco actions_per_loop=4 ====
[08:21:21] planet 28: building queue full (5)
[08:21:21] planet 28: building queue full (5)
[08:21:21] planet 28: building queue full (5)
[08:21:21] planet 28: building queue full (5)
[08:21:21] attack: skip 1:2:1 (cap loot=20000 < min=50000)
[08:21:21] attack: skip 1:2:2 (cap loot=20000 < min=50000)
[08:21:21] attack: skip 1:2:3 (cap loot=20000 < min=50000)
[08:21:21] attack: skip 1:2:4 (cap loot=20000 < min=50000)
[08:21:21] attack: skip 1:2:5 (cap loot=20000 < min=50000)
[08:21:21] attack: skip 1:2:6 (cap loot=20000 < min=50000)
[08:21:21] attack: skip 1:2:7 (cap loot=20000 < min=50000)
[08:21:21] attack: skip 1:2:8 (cap loot=20000 < min=50000)
[08:21:21] attack: skip 1:2:9 (cap loot=20000 < min=50000)
[08:21:21] attack: skip 1:2:10 (cap loot=20000 < min=50000)
[08:21:21] attack: skip 1:2:11 (cap loot=20000 < min=50000)
[08:21:21] attack: skip 1:2:12 (cap loot=20000 < min=50000)
[08:21:21] attack: skip 1:2:13 (cap loot=20000 < min=50000)
[08:21:21] attack: skip 1:2:14 (cap loot=20000 < min=50000)
[08:21:21] attack: skip 1:2:15 (cap loot=20000 < min=50000)
[08:21:21] attack: skip 1:3:1 (cap loot=20000 < min=50000)
[08:21:21] attack: skip 1:3:2 (cap loot=20000 < min=50000)
[08:21:21] attack: skip 1:3:3 (cap loot=20000 < min=50000)
[08:21:21] attack: skip 1:3:4 (cap loot=20000 < min=50000)
[08:21:21] attack: skip 1:3:5 (cap loot=20000 < min=50000)
[08:21:21] attack: skip 1:3:11 (cap loot=20000 < min=50000)
[08:21:21] attack: skip 1:3:12 (cap loot=20000 < min=50000)
[08:21:21] attack: skip 1:3:13 (cap loot=20000 < min=50000)
[08:21:21] attack: skip 1:4:3 (cap loot=20000 < min=50000)
[08:21:21] attack: skip 1:3:6 (cap loot=20000 < min=50000)
[08:21:21] attack: skip 1:3:8 (cap loot=20000 < min=50000)
[08:21:21] attack: skip 1:3:10 (cap loot=20000 < min=50000)
[08:21:21] attack: skip 1:4:4 (cap loot=20000 < min=50000)
[08:21:21] attack: skip 1:4:6 (cap loot=20000 < min=50000)
[08:21:21] attack: skip 1:4:8 (cap loot=20000 < min=50000)
[08:21:21] attack: skip 1:4:10 (cap loot=20000 < min=50000)
[08:21:21] attack: skip 1:4:12 (cap loot=20000 < min=50000)
[08:21:21] attack: skip 1:5:4 (cap loot=20000 < min=50000)
[08:21:21] attack: skip 1:5:6 (cap loot=20000 < min=50000)
[08:21:21] attack: skip 1:5:8 (cap loot=20000 < min=50000)
[08:21:21] attack: skip 1:5:10 (cap loot=20000 < min=50000)
[08:21:21] attack: skip 1:5:12 (cap loot=20000 < min=50000)
[08:21:21] attack: skip 1:6:4 (cap loot=20000 < min=50000)
[08:21:21] attack: skip 1:6:6 (cap loot=20000 < min=50000)
[08:21:21] attack: skip 1:6:8 (cap loot=20000 < min=50000)
[08:21:21] attack: skip 1:6:10 (cap loot=20000 < min=50000)
[08:21:21] attack: skip 1:6:12 (cap loot=20000 < min=50000)
[08:21:21] attack: skip 1:7:4 (cap loot=20000 < min=50000)
[08:21:21] attack: skip 1:7:6 (cap loot=20000 < min=50000)
[08:21:21] attack: skip 1:7:8 (cap loot=20000 < min=50000)
[08:21:21] attack: skip 1:7:10 (cap loot=20000 < min=50000)
[08:21:21] attack: idle candidates=46 fresh_intel=46 no_spy_src=0 no_atk_src=0 raidmix_fail=0 cooldown_spy=0
[2026-05-11 08:22:02] ==== loop 4/∞ | seed=700949671613944981 archetype=turtle personality=flotero focus=eco actions_per_loop=4 ====
[08:22:05] planet 28: building queue full (5)
[08:22:05] planet 28: building queue full (5)
[08:22:05] planet 28: building queue full (5)
[08:22:05] planet 28: building queue full (5)
[08:22:05] attack: skip 1:2:1 (cap loot=20000 < min=50000)
[08:22:05] attack: skip 1:2:2 (cap loot=20000 < min=50000)
[08:22:05] attack: skip 1:2:3 (cap loot=20000 < min=50000)
[08:22:05] attack: skip 1:2:4 (cap loot=20000 < min=50000)
[08:22:05] attack: skip 1:2:5 (cap loot=20000 < min=50000)
[08:22:05] attack: skip 1:2:6 (cap loot=20000 < min=50000)
[08:22:05] attack: skip 1:2:7 (cap loot=20000 < min=50000)
[08:22:05] attack: skip 1:2:8 (cap loot=20000 < min=50000)
[08:22:05] attack: skip 1:2:9 (cap loot=20000 < min=50000)
[08:22:05] attack: skip 1:2:10 (cap loot=20000 < min=50000)
[08:22:05] attack: skip 1:2:11 (cap loot=20000 < min=50000)
[08:22:05] attack: skip 1:2:12 (cap loot=20000 < min=50000)
[08:22:05] attack: skip 1:2:13 (cap loot=20000 < min=50000)
[08:22:05] attack: skip 1:2:14 (cap loot=20000 < min=50000)
[08:22:05] attack: skip 1:2:15 (cap loot=20000 < min=50000)
[08:22:05] attack: skip 1:3:1 (cap loot=20000 < min=50000)
[08:22:05] attack: skip 1:3:2 (cap loot=20000 < min=50000)
[08:22:05] attack: skip 1:3:3 (cap loot=20000 < min=50000)
[08:22:05] attack: skip 1:3:4 (cap loot=20000 < min=50000)
[08:22:05] attack: skip 1:3:5 (cap loot=20000 < min=50000)
[08:22:05] attack: skip 1:3:11 (cap loot=20000 < min=50000)
[08:22:05] attack: skip 1:3:12 (cap loot=20000 < min=50000)
[08:22:05] attack: skip 1:3:13 (cap loot=20000 < min=50000)
[08:22:05] attack: skip 1:4:3 (cap loot=20000 < min=50000)
[08:22:05] attack: skip 1:3:6 (cap loot=20000 < min=50000)
[08:22:05] attack: skip 1:3:8 (cap loot=20000 < min=50000)
[08:22:05] attack: skip 1:3:10 (cap loot=20000 < min=50000)
[08:22:05] attack: skip 1:4:4 (cap loot=20000 < min=50000)
[08:22:05] attack: skip 1:4:6 (cap loot=20000 < min=50000)
[08:22:05] attack: skip 1:4:8 (cap loot=20000 < min=50000)
[08:22:05] attack: skip 1:4:10 (cap loot=20000 < min=50000)
[08:22:05] attack: skip 1:4:12 (cap loot=20000 < min=50000)
[08:22:05] attack: skip 1:5:4 (cap loot=20000 < min=50000)
[08:22:05] attack: skip 1:5:6 (cap loot=20000 < min=50000)
[08:22:05] attack: skip 1:5:8 (cap loot=20000 < min=50000)
[08:22:05] attack: skip 1:5:10 (cap loot=20000 < min=50000)
[08:22:05] attack: skip 1:5:12 (cap loot=20000 < min=50000)
[08:22:05] attack: skip 1:6:4 (cap loot=20000 < min=50000)
[08:22:05] attack: skip 1:6:6 (cap loot=20000 < min=50000)
[08:22:05] attack: skip 1:6:8 (cap loot=20000 < min=50000)
[08:22:05] attack: skip 1:6:10 (cap loot=20000 < min=50000)
[08:22:05] attack: skip 1:6:12 (cap loot=20000 < min=50000)
[08:22:05] attack: skip 1:7:4 (cap loot=20000 < min=50000)
[08:22:05] attack: skip 1:7:6 (cap loot=20000 < min=50000)
[08:22:05] attack: skip 1:7:8 (cap loot=20000 < min=50000)
[08:22:05] attack: skip 1:7:10 (cap loot=20000 < min=50000)
[08:22:05] attack: idle candidates=46 fresh_intel=46 no_spy_src=0 no_atk_src=0 raidmix_fail=0 cooldown_spy=0
[08:22:05] research: blocked research_energy_technology (building_laboratory 0/1)
[2026-05-11 08:22:48] ==== loop 5/∞ | seed=700949671613944981 archetype=turtle personality=flotero focus=eco actions_per_loop=4 ====
[08:22:51] planet 28: building queue full (5)
[08:22:51] planet 28: building queue full (5)
[08:22:51] planet 28: building queue full (5)
[08:22:51] attack: skip 1:2:1 (cap loot=20000 < min=50000)
[08:22:51] attack: skip 1:2:2 (cap loot=20000 < min=50000)
[08:22:51] attack: skip 1:2:3 (cap loot=20000 < min=50000)
[08:22:51] attack: skip 1:2:4 (cap loot=20000 < min=50000)
[08:22:51] attack: skip 1:2:5 (cap loot=20000 < min=50000)
[08:22:51] attack: skip 1:2:6 (cap loot=20000 < min=50000)
[08:22:51] attack: skip 1:2:7 (cap loot=20000 < min=50000)
[08:22:51] attack: skip 1:2:8 (cap loot=20000 < min=50000)
[08:22:51] attack: skip 1:2:9 (cap loot=20000 < min=50000)
[08:22:51] attack: skip 1:2:10 (cap loot=20000 < min=50000)
[08:22:51] attack: skip 1:2:11 (cap loot=20000 < min=50000)
[08:22:51] attack: skip 1:2:12 (cap loot=20000 < min=50000)
[08:22:51] attack: skip 1:2:13 (cap loot=20000 < min=50000)
[08:22:51] attack: skip 1:2:14 (cap loot=20000 < min=50000)
[08:22:51] attack: skip 1:2:15 (cap loot=20000 < min=50000)
[08:22:51] attack: skip 1:3:1 (cap loot=20000 < min=50000)
[08:22:51] attack: skip 1:3:2 (cap loot=20000 < min=50000)
[08:22:51] attack: skip 1:3:3 (cap loot=20000 < min=50000)
[08:22:51] attack: skip 1:3:4 (cap loot=20000 < min=50000)
[08:22:51] attack: skip 1:3:5 (cap loot=20000 < min=50000)
[08:22:51] attack: skip 1:3:11 (cap loot=20000 < min=50000)
[08:22:51] attack: skip 1:3:12 (cap loot=20000 < min=50000)
[08:22:51] attack: skip 1:3:13 (cap loot=20000 < min=50000)
[08:22:51] attack: skip 1:4:3 (cap loot=20000 < min=50000)
[08:22:51] attack: skip 1:3:6 (cap loot=20000 < min=50000)
[08:22:51] attack: skip 1:3:8 (cap loot=20000 < min=50000)
[08:22:51] attack: skip 1:3:10 (cap loot=20000 < min=50000)
[08:22:51] attack: skip 1:4:4 (cap loot=20000 < min=50000)
[08:22:51] attack: skip 1:4:6 (cap loot=20000 < min=50000)
[08:22:51] attack: skip 1:4:8 (cap loot=20000 < min=50000)
[08:22:51] attack: skip 1:4:10 (cap loot=20000 < min=50000)
[08:22:51] attack: skip 1:4:12 (cap loot=20000 < min=50000)
[08:22:51] attack: skip 1:5:4 (cap loot=20000 < min=50000)
[08:22:51] attack: skip 1:5:6 (cap loot=20000 < min=50000)
[08:22:51] attack: skip 1:5:8 (cap loot=20000 < min=50000)
[08:22:51] attack: skip 1:5:10 (cap loot=20000 < min=50000)
[08:22:51] attack: skip 1:5:12 (cap loot=20000 < min=50000)
[08:22:51] attack: skip 1:6:4 (cap loot=20000 < min=50000)
[08:22:51] attack: skip 1:6:6 (cap loot=20000 < min=50000)
[08:22:51] attack: skip 1:6:8 (cap loot=20000 < min=50000)
[08:22:51] attack: skip 1:6:10 (cap loot=20000 < min=50000)
[08:22:51] attack: skip 1:6:12 (cap loot=20000 < min=50000)
[08:22:51] attack: skip 1:7:4 (cap loot=20000 < min=50000)
[08:22:51] attack: skip 1:7:6 (cap loot=20000 < min=50000)
[08:22:51] attack: skip 1:7:8 (cap loot=20000 < min=50000)
[08:22:51] attack: skip 1:7:10 (cap loot=20000 < min=50000)
[08:22:51] attack: idle candidates=46 fresh_intel=46 no_spy_src=0 no_atk_src=0 raidmix_fail=0 cooldown_spy=0
[08:22:51] research: blocked research_energy_technology (building_laboratory 0/1)
[2026-05-11 08:23:32] ==== loop 6/∞ | seed=700949671613944981 archetype=turtle personality=flotero focus=eco actions_per_loop=4 ====
[08:23:35] planet 28: building queue full (5)
[08:23:35] planet 28: building queue full (5)
[08:23:35] planet 28: building queue full (5)
[08:23:35] planet 28: building queue full (5)
[08:23:35] attack: spy 1:2:1 probes=4 eta=1s
[08:23:35] attack: spy 1:2:2 probes=4 eta=1s
[08:23:35] attack: spy 1:2:3 probes=4 eta=1s
[08:23:35] attack: spy 1:2:4 probes=4 eta=1s
[08:23:35] attack: skip 1:2:5 (cap loot=20000 < min=50000)
[08:23:35] attack: skip 1:2:6 (cap loot=20000 < min=50000)
[08:23:35] attack: skip 1:2:7 (cap loot=20000 < min=50000)
[08:23:35] attack: skip 1:2:8 (cap loot=20000 < min=50000)
[08:23:35] attack: skip 1:2:9 (cap loot=20000 < min=50000)
[08:23:35] attack: skip 1:2:10 (cap loot=20000 < min=50000)
[08:23:35] attack: skip 1:2:11 (cap loot=20000 < min=50000)
[08:23:35] attack: skip 1:2:12 (cap loot=20000 < min=50000)
[08:23:35] attack: skip 1:2:13 (cap loot=20000 < min=50000)
[08:23:35] attack: skip 1:2:14 (cap loot=20000 < min=50000)
[08:23:35] attack: skip 1:2:15 (cap loot=20000 < min=50000)
[08:23:35] attack: skip 1:3:1 (cap loot=20000 < min=50000)
[08:23:35] attack: skip 1:3:2 (cap loot=20000 < min=50000)
[08:23:35] attack: skip 1:3:3 (cap loot=20000 < min=50000)
[08:23:35] attack: skip 1:3:4 (cap loot=20000 < min=50000)
[08:23:35] attack: skip 1:3:5 (cap loot=20000 < min=50000)
[08:23:35] attack: skip 1:3:11 (cap loot=20000 < min=50000)
[08:23:35] attack: skip 1:3:12 (cap loot=20000 < min=50000)
[08:23:35] attack: skip 1:3:13 (cap loot=20000 < min=50000)
[08:23:35] attack: skip 1:4:3 (cap loot=20000 < min=50000)
[08:23:35] attack: skip 1:3:6 (cap loot=20000 < min=50000)
[08:23:35] attack: skip 1:3:8 (cap loot=20000 < min=50000)
[08:23:35] attack: skip 1:3:10 (cap loot=20000 < min=50000)
[08:23:35] attack: skip 1:4:4 (cap loot=20000 < min=50000)
[08:23:35] attack: skip 1:4:6 (cap loot=20000 < min=50000)
[08:23:35] attack: skip 1:4:8 (cap loot=20000 < min=50000)
[08:23:35] attack: skip 1:4:10 (cap loot=20000 < min=50000)
[08:23:35] attack: skip 1:4:12 (cap loot=20000 < min=50000)
[08:23:35] attack: skip 1:5:4 (cap loot=20000 < min=50000)
[08:23:35] attack: skip 1:5:6 (cap loot=20000 < min=50000)
[08:23:35] attack: skip 1:5:8 (cap loot=20000 < min=50000)
[08:23:35] attack: skip 1:5:10 (cap loot=20000 < min=50000)
[08:23:35] attack: skip 1:5:12 (cap loot=20000 < min=50000)
[08:23:35] attack: skip 1:6:4 (cap loot=20000 < min=50000)
[08:23:35] attack: skip 1:6:6 (cap loot=20000 < min=50000)
[08:23:35] attack: skip 1:6:8 (cap loot=20000 < min=50000)
[08:23:35] attack: skip 1:6:10 (cap loot=20000 < min=50000)
[08:23:35] attack: skip 1:6:12 (cap loot=20000 < min=50000)
[08:23:35] attack: skip 1:7:4 (cap loot=20000 < min=50000)
[08:23:35] attack: skip 1:7:6 (cap loot=20000 < min=50000)
[08:23:35] attack: skip 1:7:8 (cap loot=20000 < min=50000)
[08:23:35] attack: skip 1:7:10 (cap loot=20000 < min=50000)
[08:23:35] research: blocked research_energy_technology (building_laboratory 0/1)
[2026-05-11 08:24:17] ==== loop 7/∞ | seed=700949671613944981 archetype=turtle personality=flotero focus=eco actions_per_loop=4 ====
[08:24:20] planet 28: building queue full (5)
[08:24:20] planet 28: building queue full (5)
[08:24:20] planet 28: building queue full (5)
[08:24:20] planet 28: building queue full (5)
[08:24:20] attack: intel 1:2:1 ships=0 defs=0 res=5481068714
[08:24:20] attack: intel 1:2:2 ships=0 defs=0 res=5468036910
[08:24:20] attack: intel 1:2:3 ships=0 defs=0 res=5469565657
[08:24:20] attack: intel 1:2:4 ships=0 defs=0 res=5468813769
[08:24:20] attack: skip 1:2:1 (cap loot=20000 < min=50000)
[08:24:20] attack: skip 1:2:2 (cap loot=20000 < min=50000)
[08:24:20] attack: skip 1:2:3 (cap loot=20000 < min=50000)
[08:24:20] attack: skip 1:2:4 (cap loot=20000 < min=50000)
[08:24:20] attack: spy 1:2:5 probes=4 eta=1s
[08:24:20] attack: spy 1:2:6 probes=4 eta=1s
[08:24:20] attack: spy 1:2:7 probes=4 eta=1s
[08:24:20] attack: spy 1:2:8 probes=4 eta=1s
[08:24:20] attack: skip 1:2:9 (cap loot=20000 < min=50000)
[08:24:20] attack: skip 1:2:10 (cap loot=20000 < min=50000)
[08:24:20] attack: skip 1:2:11 (cap loot=20000 < min=50000)
[08:24:20] attack: skip 1:2:12 (cap loot=20000 < min=50000)
[08:24:20] attack: skip 1:2:13 (cap loot=20000 < min=50000)
[08:24:20] attack: skip 1:2:14 (cap loot=20000 < min=50000)
[08:24:20] attack: skip 1:2:15 (cap loot=20000 < min=50000)
[08:24:20] attack: skip 1:3:1 (cap loot=20000 < min=50000)
[08:24:20] attack: skip 1:3:2 (cap loot=20000 < min=50000)
[08:24:20] attack: skip 1:3:3 (cap loot=20000 < min=50000)
[08:24:20] attack: skip 1:3:4 (cap loot=20000 < min=50000)
[08:24:20] attack: skip 1:3:5 (cap loot=20000 < min=50000)
[08:24:20] attack: skip 1:3:11 (cap loot=20000 < min=50000)
[08:24:20] attack: skip 1:3:12 (cap loot=20000 < min=50000)
[08:24:20] attack: skip 1:3:13 (cap loot=20000 < min=50000)
[08:24:20] attack: skip 1:4:3 (cap loot=20000 < min=50000)
[08:24:20] attack: skip 1:3:6 (cap loot=20000 < min=50000)
[08:24:20] attack: skip 1:3:8 (cap loot=20000 < min=50000)
[08:24:20] attack: skip 1:3:10 (cap loot=20000 < min=50000)
[08:24:20] attack: skip 1:4:4 (cap loot=20000 < min=50000)
[08:24:20] attack: skip 1:4:6 (cap loot=20000 < min=50000)
[08:24:20] attack: skip 1:4:8 (cap loot=20000 < min=50000)
[08:24:20] attack: skip 1:4:10 (cap loot=20000 < min=50000)
[08:24:20] attack: skip 1:4:12 (cap loot=20000 < min=50000)
[08:24:20] attack: skip 1:5:4 (cap loot=20000 < min=50000)
[08:24:20] attack: skip 1:5:6 (cap loot=20000 < min=50000)
[08:24:20] attack: skip 1:5:8 (cap loot=20000 < min=50000)
[08:24:20] attack: skip 1:5:10 (cap loot=20000 < min=50000)
[08:24:20] attack: skip 1:5:12 (cap loot=20000 < min=50000)
[08:24:20] attack: skip 1:6:4 (cap loot=20000 < min=50000)
[08:24:20] attack: skip 1:6:6 (cap loot=20000 < min=50000)
[08:24:20] attack: skip 1:6:8 (cap loot=20000 < min=50000)
[08:24:20] attack: skip 1:6:10 (cap loot=20000 < min=50000)
[08:24:20] attack: skip 1:6:12 (cap loot=20000 < min=50000)
[08:24:20] attack: skip 1:7:4 (cap loot=20000 < min=50000)
[08:24:20] attack: skip 1:7:6 (cap loot=20000 < min=50000)
[08:24:20] attack: skip 1:7:8 (cap loot=20000 < min=50000)
[08:24:20] attack: skip 1:7:10 (cap loot=20000 < min=50000)
[08:24:20] research: blocked research_energy_technology (building_laboratory 0/1)
[2026-05-11 08:25:00] ==== loop 8/∞ | seed=700949671613944981 archetype=turtle personality=flotero focus=eco actions_per_loop=4 ====
[08:25:03] planet 28: building queue full (5)
[08:25:03] planet 28: building queue full (5)
[08:25:03] planet 28: building queue full (5)
[08:25:03] planet 28: building queue full (5)
[08:25:03] attack: intel 1:2:5 ships=0 defs=0 res=5336589456
[08:25:03] attack: intel 1:2:6 ships=0 defs=0 res=5461105741
[08:25:03] attack: intel 1:2:7 ships=0 defs=0 res=5455736735
[08:25:03] attack: intel 1:2:8 ships=0 defs=0 res=5311116741
[08:25:03] attack: skip 1:2:1 (cap loot=20000 < min=50000)
[08:25:03] attack: skip 1:2:2 (cap loot=20000 < min=50000)
[08:25:03] attack: skip 1:2:3 (cap loot=20000 < min=50000)
[08:25:03] attack: skip 1:2:4 (cap loot=20000 < min=50000)
[08:25:03] attack: skip 1:2:5 (cap loot=20000 < min=50000)
[08:25:03] attack: skip 1:2:6 (cap loot=20000 < min=50000)
[08:25:03] attack: skip 1:2:7 (cap loot=20000 < min=50000)
[08:25:03] attack: skip 1:2:8 (cap loot=20000 < min=50000)
[08:25:03] attack: spy 1:2:9 probes=4 eta=1s
[08:25:03] attack: spy 1:2:10 probes=4 eta=1s
[08:25:03] attack: spy 1:2:11 probes=4 eta=1s
[08:25:03] attack: spy 1:2:12 probes=4 eta=1s
[08:25:03] attack: skip 1:2:13 (cap loot=20000 < min=50000)
[08:25:03] attack: skip 1:2:14 (cap loot=20000 < min=50000)
[08:25:03] attack: skip 1:2:15 (cap loot=20000 < min=50000)
[08:25:03] attack: skip 1:3:1 (cap loot=20000 < min=50000)
[08:25:03] attack: skip 1:3:2 (cap loot=20000 < min=50000)
[08:25:03] attack: skip 1:3:3 (cap loot=20000 < min=50000)
[08:25:03] attack: skip 1:3:4 (cap loot=20000 < min=50000)
[08:25:03] attack: skip 1:3:5 (cap loot=20000 < min=50000)
[08:25:03] attack: skip 1:3:11 (cap loot=20000 < min=50000)
[08:25:03] attack: skip 1:3:12 (cap loot=20000 < min=50000)
[08:25:03] attack: skip 1:3:13 (cap loot=20000 < min=50000)
[08:25:03] attack: skip 1:4:3 (cap loot=20000 < min=50000)
[08:25:03] attack: skip 1:3:6 (cap loot=20000 < min=50000)
[08:25:03] attack: skip 1:3:8 (cap loot=20000 < min=50000)
[08:25:03] attack: skip 1:3:10 (cap loot=20000 < min=50000)
[08:25:03] attack: skip 1:4:4 (cap loot=20000 < min=50000)
[08:25:03] attack: skip 1:4:6 (cap loot=20000 < min=50000)
[08:25:03] attack: skip 1:4:8 (cap loot=20000 < min=50000)
[08:25:03] attack: skip 1:4:10 (cap loot=20000 < min=50000)
[08:25:03] attack: skip 1:4:12 (cap loot=20000 < min=50000)
[08:25:03] attack: skip 1:5:4 (cap loot=20000 < min=50000)
[08:25:03] attack: skip 1:5:6 (cap loot=20000 < min=50000)
[08:25:03] attack: skip 1:5:8 (cap loot=20000 < min=50000)
[08:25:03] attack: skip 1:5:10 (cap loot=20000 < min=50000)
[08:25:03] attack: skip 1:5:12 (cap loot=20000 < min=50000)
[08:25:03] attack: skip 1:6:4 (cap loot=20000 < min=50000)
[08:25:03] attack: skip 1:6:6 (cap loot=20000 < min=50000)
[08:25:03] attack: skip 1:6:8 (cap loot=20000 < min=50000)
[08:25:03] attack: skip 1:6:10 (cap loot=20000 < min=50000)
[08:25:03] attack: skip 1:6:12 (cap loot=20000 < min=50000)
[08:25:03] attack: skip 1:7:4 (cap loot=20000 < min=50000)
[08:25:03] attack: skip 1:7:6 (cap loot=20000 < min=50000)
[08:25:03] attack: skip 1:7:8 (cap loot=20000 < min=50000)
[08:25:03] attack: skip 1:7:10 (cap loot=20000 < min=50000)
[08:25:03] research: blocked research_energy_technology (building_laboratory 0/1)
[2026-05-11 08:25:46] ==== loop 9/∞ | seed=700949671613944981 archetype=turtle personality=flotero focus=eco actions_per_loop=4 ====
[08:25:49] planet 28: building queue full (5)
[08:25:49] planet 28: building queue full (5)
[08:25:49] planet 28: building queue full (5)
[08:25:49] planet 28: building queue full (5)
[08:25:49] attack: intel 1:2:9 ships=0 defs=0 res=5819086116
[08:25:49] attack: intel 1:2:10 ships=0 defs=0 res=7031070619
[08:25:49] attack: intel 1:2:11 ships=0 defs=0 res=7031070619
[08:25:49] attack: intel 1:2:12 ships=0 defs=0 res=7031070619
[08:25:49] attack: skip 1:2:1 (cap loot=20000 < min=50000)
[08:25:49] attack: skip 1:2:2 (cap loot=20000 < min=50000)
[08:25:49] attack: skip 1:2:3 (cap loot=20000 < min=50000)
[08:25:49] attack: skip 1:2:4 (cap loot=20000 < min=50000)
[08:25:49] attack: skip 1:2:5 (cap loot=20000 < min=50000)
[08:25:49] attack: skip 1:2:6 (cap loot=20000 < min=50000)
[08:25:49] attack: skip 1:2:7 (cap loot=20000 < min=50000)
[08:25:49] attack: skip 1:2:8 (cap loot=20000 < min=50000)
[08:25:49] attack: skip 1:2:9 (cap loot=20000 < min=50000)
[08:25:49] attack: skip 1:2:10 (cap loot=20000 < min=50000)
[08:25:49] attack: skip 1:2:11 (cap loot=20000 < min=50000)
[08:25:49] attack: skip 1:2:12 (cap loot=20000 < min=50000)
[08:25:49] attack: spy 1:2:13 probes=4 eta=1s
[08:25:49] attack: spy 1:2:14 probes=4 eta=1s
[08:25:49] attack: spy 1:2:15 probes=4 eta=1s
[08:25:49] attack: spy 1:3:1 probes=4 eta=1s
[08:25:49] attack: skip 1:3:11 (cap loot=20000 < min=50000)
[08:25:49] attack: skip 1:3:12 (cap loot=20000 < min=50000)
[08:25:49] attack: skip 1:3:13 (cap loot=20000 < min=50000)
[08:25:49] attack: skip 1:4:3 (cap loot=20000 < min=50000)
[08:25:49] attack: skip 1:3:6 (cap loot=20000 < min=50000)
[08:25:49] attack: skip 1:3:8 (cap loot=20000 < min=50000)
[08:25:49] attack: skip 1:3:10 (cap loot=20000 < min=50000)
[08:25:49] attack: skip 1:4:4 (cap loot=20000 < min=50000)
[08:25:49] attack: skip 1:4:6 (cap loot=20000 < min=50000)
[08:25:49] attack: skip 1:4:8 (cap loot=20000 < min=50000)
[08:25:49] attack: skip 1:4:10 (cap loot=20000 < min=50000)
[08:25:49] attack: skip 1:4:12 (cap loot=20000 < min=50000)
[08:25:49] attack: skip 1:5:4 (cap loot=20000 < min=50000)
[08:25:49] attack: skip 1:5:6 (cap loot=20000 < min=50000)
[08:25:49] attack: skip 1:5:8 (cap loot=20000 < min=50000)
[08:25:49] attack: skip 1:5:10 (cap loot=20000 < min=50000)
[08:25:49] attack: skip 1:5:12 (cap loot=20000 < min=50000)
[08:25:49] attack: skip 1:6:4 (cap loot=20000 < min=50000)
[08:25:49] attack: skip 1:6:6 (cap loot=20000 < min=50000)
[08:25:49] attack: skip 1:6:8 (cap loot=20000 < min=50000)
[08:25:49] attack: skip 1:6:10 (cap loot=20000 < min=50000)
[08:25:49] attack: skip 1:6:12 (cap loot=20000 < min=50000)
[08:25:49] attack: skip 1:7:4 (cap loot=20000 < min=50000)
[08:25:49] attack: skip 1:7:6 (cap loot=20000 < min=50000)
[08:25:49] attack: skip 1:7:8 (cap loot=20000 < min=50000)
[08:25:49] attack: skip 1:7:10 (cap loot=20000 < min=50000)
[08:25:49] research: blocked research_energy_technology (building_laboratory 0/1)
[2026-05-11 08:26:30] ==== loop 10/∞ | seed=700949671613944981 archetype=turtle personality=flotero focus=eco actions_per_loop=4 ====
[08:26:32] planet 28: building queue full (5)
[08:26:32] planet 28: building queue full (5)
[08:26:32] planet 28: building queue full (5)
[08:26:32] attack: intel 1:2:13 ships=0 defs=0 res=5486335513
[08:26:32] attack: intel 1:2:14 ships=0 defs=0 res=5704898713
[08:26:32] attack: intel 1:2:15 ships=0 defs=0 res=5742939016
[08:26:32] attack: intel 1:3:1 ships=0 defs=0 res=5839187620
[08:26:32] attack: skip 1:2:1 (cap loot=20000 < min=50000)
[08:26:32] attack: skip 1:2:2 (cap loot=20000 < min=50000)
[08:26:32] attack: skip 1:2:3 (cap loot=20000 < min=50000)
[08:26:32] attack: skip 1:2:4 (cap loot=20000 < min=50000)
[08:26:32] attack: skip 1:2:5 (cap loot=20000 < min=50000)
[08:26:32] attack: skip 1:2:6 (cap loot=20000 < min=50000)
[08:26:32] attack: skip 1:2:7 (cap loot=20000 < min=50000)
[08:26:32] attack: skip 1:2:8 (cap loot=20000 < min=50000)
[08:26:32] attack: skip 1:2:9 (cap loot=20000 < min=50000)
[08:26:32] attack: skip 1:2:10 (cap loot=20000 < min=50000)
[08:26:32] attack: skip 1:2:11 (cap loot=20000 < min=50000)
[08:26:32] attack: skip 1:2:12 (cap loot=20000 < min=50000)
[08:26:32] attack: skip 1:2:13 (cap loot=20000 < min=50000)
[08:26:32] attack: skip 1:2:14 (cap loot=20000 < min=50000)
[08:26:32] attack: skip 1:2:15 (cap loot=20000 < min=50000)
[08:26:32] attack: skip 1:3:1 (cap loot=20000 < min=50000)
[08:26:32] attack: spy 1:3:2 probes=4 eta=1s
[08:26:32] attack: spy 1:3:3 probes=4 eta=1s
[08:26:32] attack: spy 1:3:4 probes=4 eta=1s
[08:26:32] attack: spy 1:3:5 probes=4 eta=1s
[08:26:32] attack: skip 1:3:6 (cap loot=20000 < min=50000)
[08:26:32] attack: skip 1:3:8 (cap loot=20000 < min=50000)
[08:26:32] attack: skip 1:3:10 (cap loot=20000 < min=50000)
[08:26:32] attack: skip 1:4:4 (cap loot=20000 < min=50000)
[08:26:32] attack: skip 1:4:6 (cap loot=20000 < min=50000)
[08:26:32] attack: skip 1:4:8 (cap loot=20000 < min=50000)
[08:26:32] attack: skip 1:4:10 (cap loot=20000 < min=50000)
[08:26:32] attack: skip 1:4:12 (cap loot=20000 < min=50000)
[08:26:32] attack: skip 1:5:4 (cap loot=20000 < min=50000)
[08:26:32] attack: skip 1:5:6 (cap loot=20000 < min=50000)
[08:26:32] attack: skip 1:5:8 (cap loot=20000 < min=50000)
[08:26:32] attack: skip 1:5:10 (cap loot=20000 < min=50000)
[08:26:32] attack: skip 1:5:12 (cap loot=20000 < min=50000)
[08:26:32] attack: skip 1:6:4 (cap loot=20000 < min=50000)
[08:26:32] attack: skip 1:6:6 (cap loot=20000 < min=50000)
[08:26:32] attack: skip 1:6:8 (cap loot=20000 < min=50000)
[08:26:32] attack: skip 1:6:10 (cap loot=20000 < min=50000)
[08:26:32] attack: skip 1:6:12 (cap loot=20000 < min=50000)
[08:26:32] attack: skip 1:7:4 (cap loot=20000 < min=50000)
[08:26:32] attack: skip 1:7:6 (cap loot=20000 < min=50000)
[08:26:32] attack: skip 1:7:8 (cap loot=20000 < min=50000)
[08:26:32] attack: skip 1:7:10 (cap loot=20000 < min=50000)
[2026-05-11 08:27:11] ==== loop 11/∞ | seed=700949671613944981 archetype=turtle personality=flotero focus=eco actions_per_loop=4 ====
[08:27:13] planet 28: building queue full (5)
[08:27:13] planet 28: building queue full (5)
[08:27:13] planet 28: building queue full (5)
[08:27:13] attack: intel 1:3:2 ships=0 defs=0 res=5844528727
[08:27:13] attack: intel 1:3:3 ships=0 defs=0 res=5842789187
[08:27:13] attack: intel 1:3:4 ships=0 defs=0 res=5492173862
[08:27:13] attack: intel 1:3:5 ships=0 defs=0 res=5360188201
[08:27:13] attack: skip 1:2:1 (cap loot=20000 < min=50000)
[08:27:13] attack: skip 1:2:2 (cap loot=20000 < min=50000)
[08:27:13] attack: skip 1:2:3 (cap loot=20000 < min=50000)
[08:27:13] attack: skip 1:2:4 (cap loot=20000 < min=50000)
[08:27:13] attack: skip 1:2:5 (cap loot=20000 < min=50000)
[08:27:13] attack: skip 1:2:6 (cap loot=20000 < min=50000)
[08:27:13] attack: skip 1:2:7 (cap loot=20000 < min=50000)
[08:27:13] attack: skip 1:2:8 (cap loot=20000 < min=50000)
[08:27:13] attack: skip 1:2:9 (cap loot=20000 < min=50000)
[08:27:13] attack: skip 1:2:10 (cap loot=20000 < min=50000)
[08:27:13] attack: skip 1:2:11 (cap loot=20000 < min=50000)
[08:27:13] attack: skip 1:2:12 (cap loot=20000 < min=50000)
[08:27:13] attack: skip 1:2:13 (cap loot=20000 < min=50000)
[08:27:13] attack: skip 1:2:14 (cap loot=20000 < min=50000)
[08:27:13] attack: skip 1:2:15 (cap loot=20000 < min=50000)
[08:27:13] attack: skip 1:3:1 (cap loot=20000 < min=50000)
[08:27:13] attack: skip 1:3:2 (cap loot=20000 < min=50000)
[08:27:13] attack: skip 1:3:3 (cap loot=20000 < min=50000)
[08:27:13] attack: skip 1:3:4 (cap loot=20000 < min=50000)
[08:27:13] attack: skip 1:3:5 (cap loot=20000 < min=50000)
[08:27:13] attack: spy 1:3:11 probes=4 eta=1s
[08:27:13] attack: spy 1:3:12 probes=4 eta=1s
[08:27:13] attack: spy 1:3:13 probes=4 eta=1s
[08:27:13] attack: spy 1:4:3 probes=4 eta=1s
[08:27:13] attack: skip 1:3:6 (cap loot=20000 < min=50000)
[08:27:13] attack: skip 1:3:8 (cap loot=20000 < min=50000)
[08:27:13] attack: skip 1:3:10 (cap loot=20000 < min=50000)
[08:27:13] attack: skip 1:4:4 (cap loot=20000 < min=50000)
[08:27:13] attack: skip 1:4:6 (cap loot=20000 < min=50000)
[08:27:13] attack: skip 1:4:8 (cap loot=20000 < min=50000)
[08:27:13] attack: skip 1:4:10 (cap loot=20000 < min=50000)
[08:27:13] attack: skip 1:4:12 (cap loot=20000 < min=50000)
[08:27:13] attack: skip 1:5:4 (cap loot=20000 < min=50000)
[08:27:13] attack: skip 1:5:6 (cap loot=20000 < min=50000)
[08:27:13] attack: skip 1:5:8 (cap loot=20000 < min=50000)
[08:27:13] attack: skip 1:5:10 (cap loot=20000 < min=50000)
[08:27:13] attack: skip 1:5:12 (cap loot=20000 < min=50000)
[08:27:13] attack: skip 1:6:4 (cap loot=20000 < min=50000)
[08:27:13] attack: skip 1:6:6 (cap loot=20000 < min=50000)
[08:27:13] attack: skip 1:6:8 (cap loot=20000 < min=50000)
[08:27:13] attack: skip 1:6:10 (cap loot=20000 < min=50000)
[08:27:13] attack: skip 1:6:12 (cap loot=20000 < min=50000)
[08:27:13] attack: skip 1:7:4 (cap loot=20000 < min=50000)
[08:27:13] attack: skip 1:7:6 (cap loot=20000 < min=50000)
[08:27:13] attack: skip 1:7:8 (cap loot=20000 < min=50000)
[08:27:13] attack: skip 1:7:10 (cap loot=20000 < min=50000)
[08:27:13] research: blocked research_energy_technology (building_laboratory 0/1)
[2026-05-11 08:27:54] ==== loop 12/∞ | seed=700949671613944981 archetype=turtle personality=flotero focus=eco actions_per_loop=4 ====
[08:27:57] planet 28: building queue full (5)
[08:27:57] planet 28: building queue full (5)
[08:27:57] planet 28: building queue full (5)
[08:27:57] planet 28: building queue full (5)
[08:27:57] attack: intel 1:3:11 ships=0 defs=0 res=5709607033
[08:27:57] attack: intel 1:3:12 ships=0 defs=0 res=5361926544
[08:27:57] attack: intel 1:3:13 ships=0 defs=0 res=5498954800
[08:27:57] attack: intel 1:4:3 ships=0 defs=0 res=5846121576
[08:27:57] attack: skip 1:2:1 (cap loot=20000 < min=50000)
[08:27:57] attack: skip 1:2:2 (cap loot=20000 < min=50000)
[08:27:57] attack: skip 1:2:3 (cap loot=20000 < min=50000)
[08:27:57] attack: skip 1:2:4 (cap loot=20000 < min=50000)
[08:27:57] attack: skip 1:2:5 (cap loot=20000 < min=50000)
[08:27:57] attack: skip 1:2:6 (cap loot=20000 < min=50000)
[08:27:57] attack: skip 1:2:7 (cap loot=20000 < min=50000)
[08:27:57] attack: skip 1:2:8 (cap loot=20000 < min=50000)
[08:27:57] attack: skip 1:2:9 (cap loot=20000 < min=50000)
[08:27:57] attack: skip 1:2:10 (cap loot=20000 < min=50000)
[08:27:57] attack: skip 1:2:11 (cap loot=20000 < min=50000)
[08:27:57] attack: skip 1:2:12 (cap loot=20000 < min=50000)
[08:27:57] attack: skip 1:2:13 (cap loot=20000 < min=50000)
[08:27:57] attack: skip 1:2:14 (cap loot=20000 < min=50000)
[08:27:57] attack: skip 1:2:15 (cap loot=20000 < min=50000)
[08:27:57] attack: skip 1:3:1 (cap loot=20000 < min=50000)
[08:27:57] attack: skip 1:3:2 (cap loot=20000 < min=50000)
[08:27:57] attack: skip 1:3:3 (cap loot=20000 < min=50000)
[08:27:57] attack: skip 1:3:4 (cap loot=20000 < min=50000)
[08:27:57] attack: skip 1:3:5 (cap loot=20000 < min=50000)
[08:27:57] attack: skip 1:3:11 (cap loot=20000 < min=50000)
[08:27:57] attack: skip 1:3:12 (cap loot=20000 < min=50000)
[08:27:57] attack: skip 1:3:13 (cap loot=20000 < min=50000)
[08:27:57] attack: skip 1:4:3 (cap loot=20000 < min=50000)
[08:27:57] attack: spy 1:3:6 probes=4 eta=1s
[08:27:57] attack: spy 1:3:8 probes=4 eta=1s
[08:27:57] attack: spy 1:3:10 probes=4 eta=1s
[08:27:57] attack: spy 1:4:4 probes=4 eta=1s
[08:27:57] attack: skip 1:4:6 (cap loot=20000 < min=50000)
[08:27:57] attack: skip 1:4:8 (cap loot=20000 < min=50000)
[08:27:57] attack: skip 1:4:10 (cap loot=20000 < min=50000)
[08:27:57] attack: skip 1:4:12 (cap loot=20000 < min=50000)
[08:27:57] attack: skip 1:5:4 (cap loot=20000 < min=50000)
[08:27:57] attack: skip 1:5:6 (cap loot=20000 < min=50000)
[08:27:57] attack: skip 1:5:8 (cap loot=20000 < min=50000)
[08:27:57] attack: skip 1:5:10 (cap loot=20000 < min=50000)
[08:27:57] attack: skip 1:5:12 (cap loot=20000 < min=50000)
[08:27:57] attack: skip 1:6:4 (cap loot=20000 < min=50000)
[08:27:57] attack: skip 1:6:6 (cap loot=20000 < min=50000)
[08:27:57] attack: skip 1:6:8 (cap loot=20000 < min=50000)
[08:27:57] attack: skip 1:6:10 (cap loot=20000 < min=50000)
[08:27:57] attack: skip 1:6:12 (cap loot=20000 < min=50000)
[08:27:57] attack: skip 1:7:4 (cap loot=20000 < min=50000)
[08:27:57] attack: skip 1:7:6 (cap loot=20000 < min=50000)
[08:27:57] attack: skip 1:7:8 (cap loot=20000 < min=50000)
[08:27:57] attack: skip 1:7:10 (cap loot=20000 < min=50000)
[2026-05-11 08:28:37] ==== loop 13/∞ | seed=700949671613944981 archetype=turtle personality=flotero focus=eco actions_per_loop=4 ====
[08:28:39] planet 28: building queue full (5)
[08:28:39] planet 28: building queue full (5)
[08:28:39] planet 28: building queue full (5)
[08:28:39] planet 28: building queue full (5)
[08:28:39] attack: intel 1:3:6 ships=136 defs=8 res=96806594
[08:28:39] attack: intel 1:3:8 ships=15 defs=57 res=32068375
[08:28:39] attack: intel 1:3:10 ships=78 defs=111 res=94969343
[08:28:39] attack: intel 1:4:4 ships=113 defs=6 res=140608458
[08:28:39] attack: skip 1:2:1 (cap loot=20000 < min=50000)
[08:28:39] attack: skip 1:2:2 (cap loot=20000 < min=50000)
[08:28:39] attack: skip 1:2:3 (cap loot=20000 < min=50000)
[08:28:39] attack: skip 1:2:4 (cap loot=20000 < min=50000)
[08:28:39] attack: skip 1:2:5 (cap loot=20000 < min=50000)
[08:28:39] attack: skip 1:2:6 (cap loot=20000 < min=50000)
[08:28:39] attack: skip 1:2:7 (cap loot=20000 < min=50000)
[08:28:39] attack: skip 1:2:8 (cap loot=20000 < min=50000)
[08:28:39] attack: skip 1:2:9 (cap loot=20000 < min=50000)
[08:28:39] attack: skip 1:2:10 (cap loot=20000 < min=50000)
[08:28:39] attack: skip 1:2:11 (cap loot=20000 < min=50000)
[08:28:39] attack: skip 1:2:12 (cap loot=20000 < min=50000)
[08:28:39] attack: skip 1:2:13 (cap loot=20000 < min=50000)
[08:28:39] attack: skip 1:2:14 (cap loot=20000 < min=50000)
[08:28:39] attack: skip 1:2:15 (cap loot=20000 < min=50000)
[08:28:39] attack: skip 1:3:1 (cap loot=20000 < min=50000)
[08:28:39] attack: skip 1:3:2 (cap loot=20000 < min=50000)
[08:28:39] attack: skip 1:3:3 (cap loot=20000 < min=50000)
[08:28:39] attack: skip 1:3:4 (cap loot=20000 < min=50000)
[08:28:39] attack: skip 1:3:5 (cap loot=20000 < min=50000)
[08:28:39] attack: skip 1:3:11 (cap loot=20000 < min=50000)
[08:28:39] attack: skip 1:3:12 (cap loot=20000 < min=50000)
[08:28:39] attack: skip 1:3:13 (cap loot=20000 < min=50000)
[08:28:39] attack: skip 1:4:3 (cap loot=20000 < min=50000)
[08:28:39] attack: skip 1:3:6 (cap loot=20000 < min=50000)
[08:28:39] attack: skip 1:3:8 (cap loot=20000 < min=50000)
[08:28:39] attack: skip 1:3:10 (cap loot=20000 < min=50000)
[08:28:39] attack: skip 1:4:4 (cap loot=20000 < min=50000)
[08:28:39] attack: spy 1:4:6 probes=4 eta=1s
[08:28:39] attack: spy 1:4:8 probes=4 eta=1s
[08:28:39] attack: spy 1:4:10 probes=4 eta=1s
[08:28:39] attack: spy 1:4:12 probes=4 eta=1s
[08:28:39] attack: skip 1:5:4 (cap loot=20000 < min=50000)
[08:28:39] attack: skip 1:5:6 (cap loot=20000 < min=50000)
[08:28:39] attack: skip 1:5:8 (cap loot=20000 < min=50000)
[08:28:39] attack: skip 1:5:10 (cap loot=20000 < min=50000)
[08:28:39] attack: skip 1:5:12 (cap loot=20000 < min=50000)
[08:28:39] attack: skip 1:6:4 (cap loot=20000 < min=50000)
[08:28:39] attack: skip 1:6:6 (cap loot=20000 < min=50000)
[08:28:39] attack: skip 1:6:8 (cap loot=20000 < min=50000)
[08:28:39] attack: skip 1:6:10 (cap loot=20000 < min=50000)
[08:28:39] attack: skip 1:6:12 (cap loot=20000 < min=50000)
[08:28:39] attack: skip 1:7:4 (cap loot=20000 < min=50000)
[08:28:39] attack: skip 1:7:6 (cap loot=20000 < min=50000)
[08:28:39] attack: skip 1:7:8 (cap loot=20000 < min=50000)
[08:28:39] attack: skip 1:7:10 (cap loot=20000 < min=50000)
[2026-05-11 08:29:21] ==== loop 14/∞ | seed=700949671613944981 archetype=turtle personality=flotero focus=eco actions_per_loop=4 ====
[08:29:23] planet 28: building queue full (5)
[08:29:23] planet 28: building queue full (5)
[08:29:23] planet 28: building queue full (5)
[08:29:23] planet 28: building queue full (5)
[08:29:23] attack: intel 1:4:6 ships=48 defs=0 res=120671941
[08:29:23] attack: intel 1:4:8 ships=25 defs=119 res=70971059
[08:29:23] attack: intel 1:4:10 ships=192 defs=154 res=127008610
[08:29:23] attack: intel 1:4:12 ships=126 defs=128 res=126505653
[08:29:23] attack: skip 1:2:1 (cap loot=20000 < min=50000)
[08:29:23] attack: skip 1:2:2 (cap loot=20000 < min=50000)
[08:29:23] attack: skip 1:2:3 (cap loot=20000 < min=50000)
[08:29:23] attack: skip 1:2:4 (cap loot=20000 < min=50000)
[08:29:23] attack: skip 1:2:5 (cap loot=20000 < min=50000)
[08:29:23] attack: skip 1:2:6 (cap loot=20000 < min=50000)
[08:29:23] attack: skip 1:2:7 (cap loot=20000 < min=50000)
[08:29:23] attack: skip 1:2:8 (cap loot=20000 < min=50000)
[08:29:23] attack: skip 1:2:9 (cap loot=20000 < min=50000)
[08:29:23] attack: skip 1:2:10 (cap loot=20000 < min=50000)
[08:29:23] attack: skip 1:2:11 (cap loot=20000 < min=50000)
[08:29:23] attack: skip 1:2:12 (cap loot=20000 < min=50000)
[08:29:23] attack: skip 1:2:13 (cap loot=20000 < min=50000)
[08:29:23] attack: skip 1:2:14 (cap loot=20000 < min=50000)
[08:29:23] attack: skip 1:2:15 (cap loot=20000 < min=50000)
[08:29:23] attack: skip 1:3:1 (cap loot=20000 < min=50000)
[08:29:23] attack: skip 1:3:2 (cap loot=20000 < min=50000)
[08:29:23] attack: skip 1:3:3 (cap loot=20000 < min=50000)
[08:29:23] attack: skip 1:3:4 (cap loot=20000 < min=50000)
[08:29:23] attack: skip 1:3:5 (cap loot=20000 < min=50000)
[08:29:23] attack: skip 1:3:11 (cap loot=20000 < min=50000)
[08:29:23] attack: skip 1:3:12 (cap loot=20000 < min=50000)
[08:29:23] attack: skip 1:3:13 (cap loot=20000 < min=50000)
[08:29:23] attack: skip 1:4:3 (cap loot=20000 < min=50000)
[08:29:23] attack: skip 1:3:6 (cap loot=20000 < min=50000)
[08:29:23] attack: skip 1:3:8 (cap loot=20000 < min=50000)
[08:29:23] attack: skip 1:3:10 (cap loot=20000 < min=50000)
[08:29:23] attack: skip 1:4:4 (cap loot=20000 < min=50000)
[08:29:23] attack: skip 1:4:6 (cap loot=20000 < min=50000)
[08:29:23] attack: skip 1:4:8 (cap loot=20000 < min=50000)
[08:29:23] attack: skip 1:4:10 (cap loot=20000 < min=50000)
[08:29:23] attack: skip 1:4:12 (cap loot=20000 < min=50000)
[08:29:23] attack: spy 1:5:4 probes=4 eta=1s
[08:29:23] attack: spy 1:5:6 probes=4 eta=1s
[08:29:23] attack: spy 1:5:8 probes=4 eta=1s
[08:29:23] attack: spy 1:5:10 probes=4 eta=1s
[08:29:23] attack: skip 1:5:12 (cap loot=20000 < min=50000)
[08:29:23] attack: skip 1:6:4 (cap loot=20000 < min=50000)
[08:29:23] attack: skip 1:6:6 (cap loot=20000 < min=50000)
[08:29:23] attack: skip 1:6:8 (cap loot=20000 < min=50000)
[08:29:23] attack: skip 1:6:10 (cap loot=20000 < min=50000)
[08:29:23] attack: skip 1:6:12 (cap loot=20000 < min=50000)
[08:29:23] attack: skip 1:7:4 (cap loot=20000 < min=50000)
[08:29:23] attack: skip 1:7:6 (cap loot=20000 < min=50000)
[08:29:23] attack: skip 1:7:8 (cap loot=20000 < min=50000)
[08:29:23] attack: skip 1:7:10 (cap loot=20000 < min=50000)
[08:29:23] research: blocked research_energy_technology (building_laboratory 0/1)
[2026-05-11 08:30:08] ==== loop 15/∞ | seed=700949671613944981 archetype=turtle personality=flotero focus=eco actions_per_loop=4 ====
[08:30:09] planet 28: queued defense_light_laser +8
[08:30:09] planet 28: skipped duplicate defense_light_laser this loop
[08:30:09] planet 28: skipped duplicate defense_light_laser this loop
[08:30:09] planet 28: skipped duplicate defense_light_laser this loop
[08:30:09] attack: intel 1:5:4 ships=21 defs=8 res=97776204
[08:30:09] attack: intel 1:5:6 ships=96 defs=65 res=48661535
[08:30:09] attack: intel 1:5:8 ships=327 defs=0 res=143742026
[08:30:09] attack: intel 1:5:10 ships=53 defs=56 res=54033661
[08:30:09] attack: skip 1:2:1 (cap loot=20000 < min=50000)
[08:30:09] attack: skip 1:2:2 (cap loot=20000 < min=50000)
[08:30:09] attack: skip 1:2:3 (cap loot=20000 < min=50000)
[08:30:09] attack: skip 1:2:4 (cap loot=20000 < min=50000)
[08:30:09] attack: skip 1:2:5 (cap loot=20000 < min=50000)
[08:30:09] attack: skip 1:2:6 (cap loot=20000 < min=50000)
[08:30:09] attack: skip 1:2:7 (cap loot=20000 < min=50000)
[08:30:09] attack: skip 1:2:8 (cap loot=20000 < min=50000)
[08:30:09] attack: skip 1:2:9 (cap loot=20000 < min=50000)
[08:30:09] attack: skip 1:2:10 (cap loot=20000 < min=50000)
[08:30:09] attack: skip 1:2:11 (cap loot=20000 < min=50000)
[08:30:09] attack: skip 1:2:12 (cap loot=20000 < min=50000)
[08:30:09] attack: skip 1:2:13 (cap loot=20000 < min=50000)
[08:30:09] attack: skip 1:2:14 (cap loot=20000 < min=50000)
[08:30:09] attack: skip 1:2:15 (cap loot=20000 < min=50000)
[08:30:09] attack: skip 1:3:1 (cap loot=20000 < min=50000)
[08:30:09] attack: skip 1:3:2 (cap loot=20000 < min=50000)
[08:30:09] attack: skip 1:3:3 (cap loot=20000 < min=50000)
[08:30:09] attack: skip 1:3:4 (cap loot=20000 < min=50000)
[08:30:09] attack: skip 1:3:5 (cap loot=20000 < min=50000)
[08:30:09] attack: skip 1:3:11 (cap loot=20000 < min=50000)
[08:30:09] attack: skip 1:3:12 (cap loot=20000 < min=50000)
[08:30:09] attack: skip 1:3:13 (cap loot=20000 < min=50000)
[08:30:09] attack: skip 1:4:3 (cap loot=20000 < min=50000)
[08:30:09] attack: skip 1:3:6 (cap loot=20000 < min=50000)
[08:30:09] attack: skip 1:3:8 (cap loot=20000 < min=50000)
[08:30:09] attack: skip 1:3:10 (cap loot=20000 < min=50000)
[08:30:09] attack: skip 1:4:4 (cap loot=20000 < min=50000)
[08:30:09] attack: skip 1:4:6 (cap loot=20000 < min=50000)
[08:30:09] attack: skip 1:4:8 (cap loot=20000 < min=50000)
[08:30:09] attack: skip 1:4:10 (cap loot=20000 < min=50000)
[08:30:09] attack: skip 1:4:12 (cap loot=20000 < min=50000)
[08:30:09] attack: skip 1:5:4 (cap loot=20000 < min=50000)
[08:30:09] attack: skip 1:5:6 (cap loot=20000 < min=50000)
[08:30:09] attack: skip 1:5:8 (cap loot=20000 < min=50000)
[08:30:09] attack: skip 1:5:10 (cap loot=20000 < min=50000)
[08:30:09] attack: spy 1:5:12 probes=4 eta=1s
[08:30:09] attack: spy 1:6:4 probes=4 eta=1s
[08:30:09] attack: spy 1:6:6 probes=4 eta=1s
[08:30:09] attack: spy 1:6:8 probes=4 eta=1s
[08:30:09] attack: skip 1:6:10 (cap loot=20000 < min=50000)
[08:30:09] attack: skip 1:6:12 (cap loot=20000 < min=50000)
[08:30:09] attack: skip 1:7:4 (cap loot=20000 < min=50000)
[08:30:09] attack: skip 1:7:6 (cap loot=20000 < min=50000)
[08:30:09] attack: skip 1:7:8 (cap loot=20000 < min=50000)
[08:30:09] attack: skip 1:7:10 (cap loot=20000 < min=50000)
[08:30:09] research: blocked research_energy_technology (building_laboratory 0/1)
[2026-05-11 08:30:47] ==== loop 16/∞ | seed=700949671613944981 archetype=turtle personality=flotero focus=eco actions_per_loop=4 ====
[08:30:48] planet 28: queued defense_ion_cannon +8
[08:30:48] planet 28: skipped duplicate defense_ion_cannon this loop
[08:30:48] planet 28: skipped duplicate defense_ion_cannon this loop
[08:30:48] planet 28: skipped duplicate defense_ion_cannon this loop
[08:30:48] attack: intel 1:5:12 ships=34 defs=181 res=91801568
[08:30:48] attack: intel 1:6:4 ships=88 defs=104 res=123231192
[08:30:48] attack: intel 1:6:6 ships=270 defs=191 res=97237327
[08:30:48] attack: intel 1:6:8 ships=85 defs=0 res=142767412
[08:30:48] attack: skip 1:2:1 (cap loot=20000 < min=50000)
[08:30:48] attack: skip 1:2:2 (cap loot=20000 < min=50000)
[08:30:48] attack: skip 1:2:3 (cap loot=20000 < min=50000)
[08:30:48] attack: skip 1:2:4 (cap loot=20000 < min=50000)
[08:30:48] attack: skip 1:2:5 (cap loot=20000 < min=50000)
[08:30:48] attack: skip 1:2:6 (cap loot=20000 < min=50000)
[08:30:48] attack: skip 1:2:7 (cap loot=20000 < min=50000)
[08:30:48] attack: skip 1:2:8 (cap loot=20000 < min=50000)
[08:30:48] attack: skip 1:2:9 (cap loot=20000 < min=50000)
[08:30:48] attack: skip 1:2:10 (cap loot=20000 < min=50000)
[08:30:48] attack: skip 1:2:11 (cap loot=20000 < min=50000)
[08:30:48] attack: skip 1:2:12 (cap loot=20000 < min=50000)
[08:30:48] attack: skip 1:2:13 (cap loot=20000 < min=50000)
[08:30:48] attack: skip 1:2:14 (cap loot=20000 < min=50000)
[08:30:48] attack: skip 1:2:15 (cap loot=20000 < min=50000)
[08:30:48] attack: skip 1:3:1 (cap loot=20000 < min=50000)
[08:30:48] attack: skip 1:3:2 (cap loot=20000 < min=50000)
[08:30:48] attack: skip 1:3:3 (cap loot=20000 < min=50000)
[08:30:48] attack: skip 1:3:4 (cap loot=20000 < min=50000)
[08:30:48] attack: skip 1:3:5 (cap loot=20000 < min=50000)
[08:30:48] attack: skip 1:3:11 (cap loot=20000 < min=50000)
[08:30:48] attack: skip 1:3:12 (cap loot=20000 < min=50000)
[08:30:48] attack: skip 1:3:13 (cap loot=20000 < min=50000)
[08:30:48] attack: skip 1:4:3 (cap loot=20000 < min=50000)
[08:30:48] attack: skip 1:3:6 (cap loot=20000 < min=50000)
[08:30:48] attack: skip 1:3:8 (cap loot=20000 < min=50000)
[08:30:48] attack: skip 1:3:10 (cap loot=20000 < min=50000)
[08:30:48] attack: skip 1:4:4 (cap loot=20000 < min=50000)
[08:30:48] attack: skip 1:4:6 (cap loot=20000 < min=50000)
[08:30:48] attack: skip 1:4:8 (cap loot=20000 < min=50000)
[08:30:48] attack: skip 1:4:10 (cap loot=20000 < min=50000)
[08:30:48] attack: skip 1:4:12 (cap loot=20000 < min=50000)
[08:30:48] attack: skip 1:5:4 (cap loot=20000 < min=50000)
[08:30:48] attack: skip 1:5:6 (cap loot=20000 < min=50000)
[08:30:48] attack: skip 1:5:8 (cap loot=20000 < min=50000)
[08:30:48] attack: skip 1:5:10 (cap loot=20000 < min=50000)
[08:30:48] attack: skip 1:5:12 (cap loot=20000 < min=50000)
[08:30:48] attack: skip 1:6:4 (cap loot=20000 < min=50000)
[08:30:48] attack: skip 1:6:6 (cap loot=20000 < min=50000)
[08:30:48] attack: skip 1:6:8 (cap loot=20000 < min=50000)
[08:30:48] attack: spy 1:6:10 probes=4 eta=1s
[08:30:48] attack: spy 1:6:12 probes=4 eta=1s
[08:30:48] attack: spy 1:7:4 probes=4 eta=1s
[08:30:48] attack: spy 1:7:6 probes=4 eta=1s
[08:30:48] attack: skip 1:7:8 (cap loot=20000 < min=50000)
[08:30:48] attack: skip 1:7:10 (cap loot=20000 < min=50000)
[08:30:48] research: blocked research_energy_technology (building_laboratory 0/1)
[2026-05-11 08:31:33] ==== loop 17/∞ | seed=700949671613944981 archetype=turtle personality=flotero focus=eco actions_per_loop=4 ====
[08:31:34] planet 28: queued defense_ion_cannon +8
[08:31:34] planet 28: skipped duplicate defense_ion_cannon this loop
[08:31:34] planet 28: skipped duplicate defense_ion_cannon this loop
[08:31:34] planet 28: skipped duplicate defense_ion_cannon this loop
[08:31:34] attack: intel 1:6:10 ships=0 defs=0 res=1789341
[08:31:34] attack: intel 1:6:12 ships=44 defs=0 res=45697326
[08:31:34] attack: intel 1:7:4 ships=0 defs=8 res=16803699
[08:31:34] attack: intel 1:7:6 ships=105 defs=0 res=2231378
[08:31:34] attack: skip 1:2:1 (cap loot=20000 < min=50000)
[08:31:34] attack: skip 1:2:2 (cap loot=20000 < min=50000)
[08:31:34] attack: skip 1:2:3 (cap loot=20000 < min=50000)
[08:31:34] attack: skip 1:2:4 (cap loot=20000 < min=50000)
[08:31:34] attack: skip 1:2:5 (cap loot=20000 < min=50000)
[08:31:34] attack: skip 1:2:6 (cap loot=20000 < min=50000)
[08:31:34] attack: skip 1:2:7 (cap loot=20000 < min=50000)
[08:31:34] attack: skip 1:2:8 (cap loot=20000 < min=50000)
[08:31:34] attack: skip 1:2:9 (cap loot=20000 < min=50000)
[08:31:34] attack: skip 1:2:10 (cap loot=20000 < min=50000)
[08:31:34] attack: skip 1:2:11 (cap loot=20000 < min=50000)
[08:31:34] attack: skip 1:2:12 (cap loot=20000 < min=50000)
[08:31:34] attack: skip 1:2:13 (cap loot=20000 < min=50000)
[08:31:34] attack: skip 1:2:14 (cap loot=20000 < min=50000)
[08:31:34] attack: skip 1:2:15 (cap loot=20000 < min=50000)
[08:31:34] attack: skip 1:3:1 (cap loot=20000 < min=50000)
[08:31:34] attack: skip 1:3:2 (cap loot=20000 < min=50000)
[08:31:34] attack: skip 1:3:3 (cap loot=20000 < min=50000)
[08:31:34] attack: skip 1:3:4 (cap loot=20000 < min=50000)
[08:31:34] attack: skip 1:3:5 (cap loot=20000 < min=50000)
[08:31:34] attack: skip 1:3:11 (cap loot=20000 < min=50000)
[08:31:34] attack: skip 1:3:12 (cap loot=20000 < min=50000)
[08:31:34] attack: skip 1:3:13 (cap loot=20000 < min=50000)
[08:31:34] attack: skip 1:4:3 (cap loot=20000 < min=50000)
[08:31:34] attack: skip 1:3:6 (cap loot=20000 < min=50000)
[08:31:34] attack: skip 1:3:8 (cap loot=20000 < min=50000)
[08:31:34] attack: skip 1:3:10 (cap loot=20000 < min=50000)
[08:31:34] attack: skip 1:4:4 (cap loot=20000 < min=50000)
[08:31:34] attack: skip 1:4:6 (cap loot=20000 < min=50000)
[08:31:34] attack: skip 1:4:8 (cap loot=20000 < min=50000)
[08:31:34] attack: skip 1:4:10 (cap loot=20000 < min=50000)
[08:31:34] attack: skip 1:4:12 (cap loot=20000 < min=50000)
[08:31:34] attack: skip 1:5:4 (cap loot=20000 < min=50000)
[08:31:34] attack: skip 1:5:6 (cap loot=20000 < min=50000)
[08:31:34] attack: skip 1:5:8 (cap loot=20000 < min=50000)
[08:31:34] attack: skip 1:5:10 (cap loot=20000 < min=50000)
[08:31:34] attack: skip 1:5:12 (cap loot=20000 < min=50000)
[08:31:34] attack: skip 1:6:4 (cap loot=20000 < min=50000)
[08:31:34] attack: skip 1:6:6 (cap loot=20000 < min=50000)
[08:31:34] attack: skip 1:6:8 (cap loot=20000 < min=50000)
[08:31:34] attack: skip 1:6:10 (cap loot=20000 < min=50000)
[08:31:34] attack: skip 1:6:12 (cap loot=20000 < min=50000)
[08:31:34] attack: skip 1:7:4 (cap loot=20000 < min=50000)
[08:31:34] attack: skip 1:7:6 (cap loot=20000 < min=50000)
[08:31:34] attack: spy 1:7:8 probes=4 eta=1s
[08:31:34] attack: spy 1:7:10 probes=4 eta=1s
[08:31:34] research: blocked research_energy_technology (building_laboratory 0/1)
[2026-05-11 08:32:17] ==== loop 18/∞ | seed=700949671613944981 archetype=turtle personality=flotero focus=eco actions_per_loop=4 ====
[08:32:18] planet 28: queued defense_ion_cannon +8
[08:32:18] planet 28: skipped duplicate defense_ion_cannon this loop
[08:32:18] planet 28: skipped duplicate defense_ion_cannon this loop
[08:32:18] planet 28: skipped duplicate defense_ion_cannon this loop
[08:32:18] attack: intel 1:7:8 ships=0 defs=0 res=14685506
[08:32:18] attack: intel 1:7:10 ships=0 defs=64 res=20288312
[08:32:18] attack: skip 1:2:1 (cap loot=20000 < min=50000)
[08:32:18] attack: skip 1:2:2 (cap loot=20000 < min=50000)
[08:32:18] attack: skip 1:2:3 (cap loot=20000 < min=50000)
[08:32:18] attack: skip 1:2:4 (cap loot=20000 < min=50000)
[08:32:18] attack: skip 1:2:5 (cap loot=20000 < min=50000)
[08:32:18] attack: skip 1:2:6 (cap loot=20000 < min=50000)
[08:32:18] attack: skip 1:2:7 (cap loot=20000 < min=50000)
[08:32:18] attack: skip 1:2:8 (cap loot=20000 < min=50000)
[08:32:18] attack: skip 1:2:9 (cap loot=20000 < min=50000)
[08:32:18] attack: skip 1:2:10 (cap loot=20000 < min=50000)
[08:32:18] attack: skip 1:2:11 (cap loot=20000 < min=50000)
[08:32:18] attack: skip 1:2:12 (cap loot=20000 < min=50000)
[08:32:18] attack: skip 1:2:13 (cap loot=20000 < min=50000)
[08:32:18] attack: skip 1:2:14 (cap loot=20000 < min=50000)
[08:32:18] attack: skip 1:2:15 (cap loot=20000 < min=50000)
[08:32:18] attack: skip 1:3:1 (cap loot=20000 < min=50000)
[08:32:18] attack: skip 1:3:2 (cap loot=20000 < min=50000)
[08:32:18] attack: skip 1:3:3 (cap loot=20000 < min=50000)
[08:32:18] attack: skip 1:3:4 (cap loot=20000 < min=50000)
[08:32:18] attack: skip 1:3:5 (cap loot=20000 < min=50000)
[08:32:18] attack: skip 1:3:11 (cap loot=20000 < min=50000)
[08:32:18] attack: skip 1:3:12 (cap loot=20000 < min=50000)
[08:32:18] attack: skip 1:3:13 (cap loot=20000 < min=50000)
[08:32:18] attack: skip 1:4:3 (cap loot=20000 < min=50000)
[08:32:18] attack: skip 1:3:6 (cap loot=20000 < min=50000)
[08:32:18] attack: skip 1:3:8 (cap loot=20000 < min=50000)
[08:32:18] attack: skip 1:3:10 (cap loot=20000 < min=50000)
[08:32:18] attack: skip 1:4:4 (cap loot=20000 < min=50000)
[08:32:18] attack: skip 1:4:6 (cap loot=20000 < min=50000)
[08:32:18] attack: skip 1:4:8 (cap loot=20000 < min=50000)
[08:32:18] attack: skip 1:4:10 (cap loot=20000 < min=50000)
[08:32:18] attack: skip 1:4:12 (cap loot=20000 < min=50000)
[08:32:18] attack: skip 1:5:4 (cap loot=20000 < min=50000)
[08:32:18] attack: skip 1:5:6 (cap loot=20000 < min=50000)
[08:32:18] attack: skip 1:5:8 (cap loot=20000 < min=50000)
[08:32:18] attack: skip 1:5:10 (cap loot=20000 < min=50000)
[08:32:18] attack: skip 1:5:12 (cap loot=20000 < min=50000)
[08:32:18] attack: skip 1:6:4 (cap loot=20000 < min=50000)
[08:32:18] attack: skip 1:6:6 (cap loot=20000 < min=50000)
[08:32:18] attack: skip 1:6:8 (cap loot=20000 < min=50000)
[08:32:18] attack: skip 1:6:10 (cap loot=20000 < min=50000)
[08:32:18] attack: skip 1:6:12 (cap loot=20000 < min=50000)
[08:32:18] attack: skip 1:7:4 (cap loot=20000 < min=50000)
[08:32:18] attack: skip 1:7:6 (cap loot=20000 < min=50000)
[08:32:18] attack: skip 1:7:8 (cap loot=20000 < min=50000)
[08:32:18] attack: skip 1:7:10 (cap loot=20000 < min=50000)
[08:32:18] attack: idle candidates=46 fresh_intel=46 no_spy_src=0 no_atk_src=0 raidmix_fail=0 cooldown_spy=0
[08:32:18] research: blocked research_energy_technology (building_laboratory 0/1)
[2026-05-11 08:33:01] ==== loop 19/∞ | seed=700949671613944981 archetype=turtle personality=flotero focus=eco actions_per_loop=4 ====
[08:33:01] planet 28: queued defense_ion_cannon +7
[08:33:01] planet 28: skipped duplicate defense_ion_cannon this loop
[08:33:01] planet 28: skipped duplicate defense_ion_cannon this loop
[08:33:01] planet 28: skipped duplicate defense_ion_cannon this loop
[08:33:01] attack: skip 1:2:1 (cap loot=20000 < min=50000)
[08:33:01] attack: skip 1:2:2 (cap loot=20000 < min=50000)
[08:33:01] attack: skip 1:2:3 (cap loot=20000 < min=50000)
[08:33:01] attack: skip 1:2:4 (cap loot=20000 < min=50000)
[08:33:01] attack: skip 1:2:5 (cap loot=20000 < min=50000)
[08:33:01] attack: skip 1:2:6 (cap loot=20000 < min=50000)
[08:33:01] attack: skip 1:2:7 (cap loot=20000 < min=50000)
[08:33:01] attack: skip 1:2:8 (cap loot=20000 < min=50000)
[08:33:01] attack: skip 1:2:9 (cap loot=20000 < min=50000)
[08:33:01] attack: skip 1:2:10 (cap loot=20000 < min=50000)
[08:33:01] attack: skip 1:2:11 (cap loot=20000 < min=50000)
[08:33:01] attack: skip 1:2:12 (cap loot=20000 < min=50000)
[08:33:01] attack: skip 1:2:13 (cap loot=20000 < min=50000)
[08:33:01] attack: skip 1:2:14 (cap loot=20000 < min=50000)
[08:33:01] attack: skip 1:2:15 (cap loot=20000 < min=50000)
[08:33:01] attack: skip 1:3:1 (cap loot=20000 < min=50000)
[08:33:01] attack: skip 1:3:2 (cap loot=20000 < min=50000)
[08:33:01] attack: skip 1:3:3 (cap loot=20000 < min=50000)
[08:33:01] attack: skip 1:3:4 (cap loot=20000 < min=50000)
[08:33:01] attack: skip 1:3:5 (cap loot=20000 < min=50000)
[08:33:01] attack: skip 1:3:11 (cap loot=20000 < min=50000)
[08:33:01] attack: skip 1:3:12 (cap loot=20000 < min=50000)
[08:33:01] attack: skip 1:3:13 (cap loot=20000 < min=50000)
[08:33:01] attack: skip 1:4:3 (cap loot=20000 < min=50000)
[08:33:01] attack: skip 1:3:6 (cap loot=20000 < min=50000)
[08:33:01] attack: skip 1:3:8 (cap loot=20000 < min=50000)
[08:33:01] attack: skip 1:3:10 (cap loot=20000 < min=50000)
[08:33:01] attack: skip 1:4:4 (cap loot=20000 < min=50000)
[08:33:01] attack: skip 1:4:6 (cap loot=20000 < min=50000)
[08:33:01] attack: skip 1:4:8 (cap loot=20000 < min=50000)
[08:33:01] attack: skip 1:4:10 (cap loot=20000 < min=50000)
[08:33:01] attack: skip 1:4:12 (cap loot=20000 < min=50000)
[08:33:01] attack: skip 1:5:4 (cap loot=20000 < min=50000)
[08:33:01] attack: skip 1:5:6 (cap loot=20000 < min=50000)
[08:33:01] attack: skip 1:5:8 (cap loot=20000 < min=50000)
[08:33:01] attack: skip 1:5:10 (cap loot=20000 < min=50000)
[08:33:01] attack: skip 1:5:12 (cap loot=20000 < min=50000)
[08:33:01] attack: skip 1:6:4 (cap loot=20000 < min=50000)
[08:33:01] attack: skip 1:6:6 (cap loot=20000 < min=50000)
[08:33:01] attack: skip 1:6:8 (cap loot=20000 < min=50000)
[08:33:01] attack: skip 1:6:10 (cap loot=20000 < min=50000)
[08:33:01] attack: skip 1:6:12 (cap loot=20000 < min=50000)
[08:33:01] attack: skip 1:7:4 (cap loot=20000 < min=50000)
[08:33:01] attack: skip 1:7:6 (cap loot=20000 < min=50000)
[08:33:01] attack: skip 1:7:8 (cap loot=20000 < min=50000)
[08:33:01] attack: skip 1:7:10 (cap loot=20000 < min=50000)
[08:33:01] attack: idle candidates=46 fresh_intel=46 no_spy_src=0 no_atk_src=0 raidmix_fail=0 cooldown_spy=0
[08:33:01] research: blocked research_energy_technology (building_laboratory 0/1)
[2026-05-11 08:33:42] ==== loop 20/∞ | seed=700949671613944981 archetype=turtle personality=flotero focus=eco actions_per_loop=4 ====
[08:33:44] planet 28: queued defense_ion_cannon +7
[08:33:44] planet 28: queued defense_plasma_turret +8
[08:33:44] planet 28: queued defense_rocket_launcher +8
[08:33:44] planet 28: skipped duplicate defense_rocket_launcher this loop
[08:33:44] attack: skip 1:2:1 (cap loot=20000 < min=50000)
[08:33:44] attack: skip 1:2:2 (cap loot=20000 < min=50000)
[08:33:44] attack: skip 1:2:3 (cap loot=20000 < min=50000)
[08:33:44] attack: skip 1:2:4 (cap loot=20000 < min=50000)
[08:33:44] attack: skip 1:2:5 (cap loot=20000 < min=50000)
[08:33:44] attack: skip 1:2:6 (cap loot=20000 < min=50000)
[08:33:44] attack: skip 1:2:7 (cap loot=20000 < min=50000)
[08:33:44] attack: skip 1:2:8 (cap loot=20000 < min=50000)
[08:33:44] attack: skip 1:2:9 (cap loot=20000 < min=50000)
[08:33:44] attack: skip 1:2:10 (cap loot=20000 < min=50000)
[08:33:44] attack: skip 1:2:11 (cap loot=20000 < min=50000)
[08:33:44] attack: skip 1:2:12 (cap loot=20000 < min=50000)
[08:33:44] attack: skip 1:2:13 (cap loot=20000 < min=50000)
[08:33:44] attack: skip 1:2:14 (cap loot=20000 < min=50000)
[08:33:44] attack: skip 1:2:15 (cap loot=20000 < min=50000)
[08:33:44] attack: skip 1:3:1 (cap loot=20000 < min=50000)
[08:33:44] attack: skip 1:3:2 (cap loot=20000 < min=50000)
[08:33:44] attack: skip 1:3:3 (cap loot=20000 < min=50000)
[08:33:44] attack: skip 1:3:4 (cap loot=20000 < min=50000)
[08:33:44] attack: skip 1:3:5 (cap loot=20000 < min=50000)
[08:33:44] attack: skip 1:3:11 (cap loot=20000 < min=50000)
[08:33:44] attack: skip 1:3:12 (cap loot=20000 < min=50000)
[08:33:44] attack: skip 1:3:13 (cap loot=20000 < min=50000)
[08:33:44] attack: skip 1:4:3 (cap loot=20000 < min=50000)
[08:33:44] attack: skip 1:3:6 (cap loot=20000 < min=50000)
[08:33:44] attack: skip 1:3:8 (cap loot=20000 < min=50000)
[08:33:44] attack: skip 1:3:10 (cap loot=20000 < min=50000)
[08:33:44] attack: skip 1:4:4 (cap loot=20000 < min=50000)
[08:33:44] attack: skip 1:4:6 (cap loot=20000 < min=50000)
[08:33:44] attack: skip 1:4:8 (cap loot=20000 < min=50000)
[08:33:44] attack: skip 1:4:10 (cap loot=20000 < min=50000)
[08:33:44] attack: skip 1:4:12 (cap loot=20000 < min=50000)
[08:33:44] attack: skip 1:5:4 (cap loot=20000 < min=50000)
[08:33:44] attack: skip 1:5:6 (cap loot=20000 < min=50000)
[08:33:44] attack: skip 1:5:8 (cap loot=20000 < min=50000)
[08:33:44] attack: skip 1:5:10 (cap loot=20000 < min=50000)
[08:33:44] attack: skip 1:5:12 (cap loot=20000 < min=50000)
[08:33:44] attack: skip 1:6:4 (cap loot=20000 < min=50000)
[08:33:44] attack: skip 1:6:6 (cap loot=20000 < min=50000)
[08:33:44] attack: skip 1:6:8 (cap loot=20000 < min=50000)
[08:33:44] attack: skip 1:6:10 (cap loot=20000 < min=50000)
[08:33:44] attack: skip 1:6:12 (cap loot=20000 < min=50000)
[08:33:44] attack: skip 1:7:4 (cap loot=20000 < min=50000)
[08:33:44] attack: skip 1:7:6 (cap loot=20000 < min=50000)
[08:33:44] attack: skip 1:7:8 (cap loot=20000 < min=50000)
[08:33:44] attack: skip 1:7:10 (cap loot=20000 < min=50000)
[08:33:44] attack: idle candidates=46 fresh_intel=46 no_spy_src=0 no_atk_src=0 raidmix_fail=0 cooldown_spy=0
[08:33:44] research: blocked research_energy_technology (building_laboratory 0/1)
[2026-05-11 08:34:28] ==== loop 21/∞ | seed=700949671613944981 archetype=turtle personality=flotero focus=eco actions_per_loop=4 ====
[08:34:30] planet 28: queued defense_ion_cannon +4
[08:34:30] planet 28: queued defense_rocket_launcher +8
[08:34:30] planet 28: skipped duplicate defense_rocket_launcher this loop
[08:34:30] planet 28: skipped duplicate defense_rocket_launcher this loop
[08:34:30] attack: skip 1:2:1 (cap loot=20000 < min=50000)
[08:34:30] attack: skip 1:2:2 (cap loot=20000 < min=50000)
[08:34:30] attack: skip 1:2:3 (cap loot=20000 < min=50000)
[08:34:30] attack: skip 1:2:4 (cap loot=20000 < min=50000)
[08:34:30] attack: skip 1:2:5 (cap loot=20000 < min=50000)
[08:34:30] attack: skip 1:2:6 (cap loot=20000 < min=50000)
[08:34:30] attack: skip 1:2:7 (cap loot=20000 < min=50000)
[08:34:30] attack: skip 1:2:8 (cap loot=20000 < min=50000)
[08:34:30] attack: skip 1:2:9 (cap loot=20000 < min=50000)
[08:34:30] attack: skip 1:2:10 (cap loot=20000 < min=50000)
[08:34:30] attack: skip 1:2:11 (cap loot=20000 < min=50000)
[08:34:30] attack: skip 1:2:12 (cap loot=20000 < min=50000)
[08:34:30] attack: skip 1:2:13 (cap loot=20000 < min=50000)
[08:34:30] attack: skip 1:2:14 (cap loot=20000 < min=50000)
[08:34:30] attack: skip 1:2:15 (cap loot=20000 < min=50000)
[08:34:30] attack: skip 1:3:1 (cap loot=20000 < min=50000)
[08:34:30] attack: skip 1:3:2 (cap loot=20000 < min=50000)
[08:34:30] attack: skip 1:3:3 (cap loot=20000 < min=50000)
[08:34:30] attack: skip 1:3:4 (cap loot=20000 < min=50000)
[08:34:30] attack: skip 1:3:5 (cap loot=20000 < min=50000)
[08:34:30] attack: skip 1:3:11 (cap loot=20000 < min=50000)
[08:34:30] attack: skip 1:3:12 (cap loot=20000 < min=50000)
[08:34:30] attack: skip 1:3:13 (cap loot=20000 < min=50000)
[08:34:30] attack: skip 1:4:3 (cap loot=20000 < min=50000)
[08:34:30] attack: skip 1:3:6 (cap loot=20000 < min=50000)
[08:34:30] attack: skip 1:3:8 (cap loot=20000 < min=50000)
[08:34:30] attack: skip 1:3:10 (cap loot=20000 < min=50000)
[08:34:30] attack: skip 1:4:4 (cap loot=20000 < min=50000)
[08:34:30] attack: skip 1:4:6 (cap loot=20000 < min=50000)
[08:34:30] attack: skip 1:4:8 (cap loot=20000 < min=50000)
[08:34:30] attack: skip 1:4:10 (cap loot=20000 < min=50000)
[08:34:30] attack: skip 1:4:12 (cap loot=20000 < min=50000)
[08:34:30] attack: skip 1:5:4 (cap loot=20000 < min=50000)
[08:34:30] attack: skip 1:5:6 (cap loot=20000 < min=50000)
[08:34:30] attack: skip 1:5:8 (cap loot=20000 < min=50000)
[08:34:30] attack: skip 1:5:10 (cap loot=20000 < min=50000)
[08:34:30] attack: skip 1:5:12 (cap loot=20000 < min=50000)
[08:34:30] attack: skip 1:6:4 (cap loot=20000 < min=50000)
[08:34:30] attack: skip 1:6:6 (cap loot=20000 < min=50000)
[08:34:30] attack: skip 1:6:8 (cap loot=20000 < min=50000)
[08:34:30] attack: skip 1:6:10 (cap loot=20000 < min=50000)
[08:34:30] attack: skip 1:6:12 (cap loot=20000 < min=50000)
[08:34:30] attack: skip 1:7:4 (cap loot=20000 < min=50000)
[08:34:30] attack: skip 1:7:6 (cap loot=20000 < min=50000)
[08:34:30] attack: skip 1:7:8 (cap loot=20000 < min=50000)
[08:34:30] attack: skip 1:7:10 (cap loot=20000 < min=50000)
[08:34:30] attack: idle candidates=46 fresh_intel=46 no_spy_src=0 no_atk_src=0 raidmix_fail=0 cooldown_spy=0
[08:34:30] research: blocked research_energy_technology (building_laboratory 0/1)
[2026-05-11 08:35:14] ==== loop 22/∞ | seed=700949671613944981 archetype=turtle personality=flotero focus=eco actions_per_loop=4 ====
[08:35:15] planet 28: queued defense_ion_cannon +3
[08:35:15] planet 28: queued defense_rocket_launcher +8
[08:35:15] planet 28: skipped duplicate defense_ion_cannon this loop
[08:35:15] attack: skip 1:2:1 (cap loot=20000 < min=50000)
[08:35:15] attack: skip 1:2:2 (cap loot=20000 < min=50000)
[08:35:15] attack: skip 1:2:3 (cap loot=20000 < min=50000)
[08:35:15] attack: skip 1:2:4 (cap loot=20000 < min=50000)
[08:35:15] attack: skip 1:2:5 (cap loot=20000 < min=50000)
[08:35:15] attack: skip 1:2:6 (cap loot=20000 < min=50000)
[08:35:15] attack: skip 1:2:7 (cap loot=20000 < min=50000)
[08:35:15] attack: skip 1:2:8 (cap loot=20000 < min=50000)
[08:35:15] attack: skip 1:2:9 (cap loot=20000 < min=50000)
[08:35:15] attack: skip 1:2:10 (cap loot=20000 < min=50000)
[08:35:15] attack: skip 1:2:11 (cap loot=20000 < min=50000)
[08:35:15] attack: skip 1:2:12 (cap loot=20000 < min=50000)
[08:35:15] attack: skip 1:2:13 (cap loot=20000 < min=50000)
[08:35:15] attack: skip 1:2:14 (cap loot=20000 < min=50000)
[08:35:15] attack: skip 1:2:15 (cap loot=20000 < min=50000)
[08:35:15] attack: skip 1:3:1 (cap loot=20000 < min=50000)
[08:35:15] attack: skip 1:3:2 (cap loot=20000 < min=50000)
[08:35:15] attack: skip 1:3:3 (cap loot=20000 < min=50000)
[08:35:15] attack: skip 1:3:4 (cap loot=20000 < min=50000)
[08:35:15] attack: skip 1:3:5 (cap loot=20000 < min=50000)
[08:35:15] attack: skip 1:3:11 (cap loot=20000 < min=50000)
[08:35:15] attack: skip 1:3:12 (cap loot=20000 < min=50000)
[08:35:15] attack: skip 1:3:13 (cap loot=20000 < min=50000)
[08:35:15] attack: skip 1:4:3 (cap loot=20000 < min=50000)
[08:35:15] attack: skip 1:3:6 (cap loot=20000 < min=50000)
[08:35:15] attack: skip 1:3:8 (cap loot=20000 < min=50000)
[08:35:15] attack: skip 1:3:10 (cap loot=20000 < min=50000)
[08:35:15] attack: skip 1:4:4 (cap loot=20000 < min=50000)
[08:35:15] attack: skip 1:4:6 (cap loot=20000 < min=50000)
[08:35:15] attack: skip 1:4:8 (cap loot=20000 < min=50000)
[08:35:15] attack: skip 1:4:10 (cap loot=20000 < min=50000)
[08:35:15] attack: skip 1:4:12 (cap loot=20000 < min=50000)
[08:35:15] attack: skip 1:5:4 (cap loot=20000 < min=50000)
[08:35:15] attack: skip 1:5:6 (cap loot=20000 < min=50000)
[08:35:15] attack: skip 1:5:8 (cap loot=20000 < min=50000)
[08:35:15] attack: skip 1:5:10 (cap loot=20000 < min=50000)
[08:35:15] attack: skip 1:5:12 (cap loot=20000 < min=50000)
[08:35:15] attack: skip 1:6:4 (cap loot=20000 < min=50000)
[08:35:15] attack: skip 1:6:6 (cap loot=20000 < min=50000)
[08:35:15] attack: skip 1:6:8 (cap loot=20000 < min=50000)
[08:35:15] attack: skip 1:6:10 (cap loot=20000 < min=50000)
[08:35:15] attack: skip 1:6:12 (cap loot=20000 < min=50000)
[08:35:15] attack: skip 1:7:4 (cap loot=20000 < min=50000)
[08:35:15] attack: skip 1:7:6 (cap loot=20000 < min=50000)
[08:35:15] attack: skip 1:7:8 (cap loot=20000 < min=50000)
[08:35:15] attack: skip 1:7:10 (cap loot=20000 < min=50000)
[08:35:15] attack: idle candidates=46 fresh_intel=46 no_spy_src=0 no_atk_src=0 raidmix_fail=0 cooldown_spy=0
[2026-05-11 08:35:57] ==== loop 23/∞ | seed=700949671613944981 archetype=turtle personality=flotero focus=eco actions_per_loop=4 ====
[08:35:57] planet 28: queued defense_ion_cannon +4
[08:35:57] planet 28: skipped duplicate defense_ion_cannon this loop
[08:35:57] planet 28: skipped duplicate defense_ion_cannon this loop
[08:35:57] planet 28: skipped duplicate defense_ion_cannon this loop
[08:35:57] attack: skip 1:2:1 (cap loot=20000 < min=50000)
[08:35:57] attack: skip 1:2:2 (cap loot=20000 < min=50000)
[08:35:57] attack: skip 1:2:3 (cap loot=20000 < min=50000)
[08:35:57] attack: skip 1:2:4 (cap loot=20000 < min=50000)
[08:35:57] attack: skip 1:2:5 (cap loot=20000 < min=50000)
[08:35:57] attack: skip 1:2:6 (cap loot=20000 < min=50000)
[08:35:57] attack: skip 1:2:7 (cap loot=20000 < min=50000)
[08:35:57] attack: skip 1:2:8 (cap loot=20000 < min=50000)
[08:35:57] attack: skip 1:2:9 (cap loot=20000 < min=50000)
[08:35:57] attack: skip 1:2:10 (cap loot=20000 < min=50000)
[08:35:57] attack: skip 1:2:11 (cap loot=20000 < min=50000)
[08:35:57] attack: skip 1:2:12 (cap loot=20000 < min=50000)
[08:35:57] attack: skip 1:2:13 (cap loot=20000 < min=50000)
[08:35:57] attack: skip 1:2:14 (cap loot=20000 < min=50000)
[08:35:57] attack: skip 1:2:15 (cap loot=20000 < min=50000)
[08:35:57] attack: skip 1:3:1 (cap loot=20000 < min=50000)
[08:35:57] attack: skip 1:3:2 (cap loot=20000 < min=50000)
[08:35:57] attack: skip 1:3:3 (cap loot=20000 < min=50000)
[08:35:57] attack: skip 1:3:4 (cap loot=20000 < min=50000)
[08:35:57] attack: skip 1:3:5 (cap loot=20000 < min=50000)
[08:35:57] attack: skip 1:3:11 (cap loot=20000 < min=50000)
[08:35:57] attack: skip 1:3:12 (cap loot=20000 < min=50000)
[08:35:57] attack: skip 1:3:13 (cap loot=20000 < min=50000)
[08:35:57] attack: skip 1:4:3 (cap loot=20000 < min=50000)
[08:35:57] attack: skip 1:3:6 (cap loot=20000 < min=50000)
[08:35:57] attack: skip 1:3:8 (cap loot=20000 < min=50000)
[08:35:57] attack: skip 1:3:10 (cap loot=20000 < min=50000)
[08:35:57] attack: skip 1:4:4 (cap loot=20000 < min=50000)
[08:35:57] attack: skip 1:4:6 (cap loot=20000 < min=50000)
[08:35:57] attack: skip 1:4:8 (cap loot=20000 < min=50000)
[08:35:57] attack: skip 1:4:10 (cap loot=20000 < min=50000)
[08:35:57] attack: skip 1:4:12 (cap loot=20000 < min=50000)
[08:35:57] attack: skip 1:5:4 (cap loot=20000 < min=50000)
[08:35:57] attack: skip 1:5:6 (cap loot=20000 < min=50000)
[08:35:57] attack: skip 1:5:8 (cap loot=20000 < min=50000)
[08:35:57] attack: skip 1:5:10 (cap loot=20000 < min=50000)
[08:35:57] attack: skip 1:5:12 (cap loot=20000 < min=50000)
[08:35:57] attack: skip 1:6:4 (cap loot=20000 < min=50000)
[08:35:57] attack: skip 1:6:6 (cap loot=20000 < min=50000)
[08:35:57] attack: skip 1:6:8 (cap loot=20000 < min=50000)
[08:35:57] attack: skip 1:6:10 (cap loot=20000 < min=50000)
[08:35:57] attack: skip 1:6:12 (cap loot=20000 < min=50000)
[08:35:57] attack: skip 1:7:4 (cap loot=20000 < min=50000)
[08:35:57] attack: skip 1:7:6 (cap loot=20000 < min=50000)
[08:35:57] attack: skip 1:7:8 (cap loot=20000 < min=50000)
[08:35:57] attack: skip 1:7:10 (cap loot=20000 < min=50000)
[08:35:57] attack: idle candidates=46 fresh_intel=46 no_spy_src=0 no_atk_src=0 raidmix_fail=0 cooldown_spy=0
[08:35:57] research: blocked research_energy_technology (building_laboratory 0/1)
[2026-05-11 08:36:45] ==== loop 24/∞ | seed=700949671613944981 archetype=turtle personality=flotero focus=eco actions_per_loop=4 ====
[08:36:46] planet 28: queued defense_ion_cannon +6
[08:36:46] planet 28: queued defense_rocket_launcher +8
[08:36:46] planet 28: skipped duplicate defense_rocket_launcher this loop
[08:36:46] attack: skip 1:2:1 (cap loot=20000 < min=50000)
[08:36:46] attack: skip 1:2:2 (cap loot=20000 < min=50000)
[08:36:46] attack: skip 1:2:3 (cap loot=20000 < min=50000)
[08:36:46] attack: skip 1:2:4 (cap loot=20000 < min=50000)
[08:36:46] attack: skip 1:2:5 (cap loot=20000 < min=50000)
[08:36:46] attack: skip 1:2:6 (cap loot=20000 < min=50000)
[08:36:46] attack: skip 1:2:7 (cap loot=20000 < min=50000)
[08:36:46] attack: skip 1:2:8 (cap loot=20000 < min=50000)
[08:36:46] attack: skip 1:2:9 (cap loot=20000 < min=50000)
[08:36:46] attack: skip 1:2:10 (cap loot=20000 < min=50000)
[08:36:46] attack: skip 1:2:11 (cap loot=20000 < min=50000)
[08:36:46] attack: skip 1:2:12 (cap loot=20000 < min=50000)
[08:36:46] attack: skip 1:2:13 (cap loot=20000 < min=50000)
[08:36:46] attack: skip 1:2:14 (cap loot=20000 < min=50000)
[08:36:46] attack: skip 1:2:15 (cap loot=20000 < min=50000)
[08:36:46] attack: skip 1:3:1 (cap loot=20000 < min=50000)
[08:36:46] attack: skip 1:3:2 (cap loot=20000 < min=50000)
[08:36:46] attack: skip 1:3:3 (cap loot=20000 < min=50000)
[08:36:46] attack: skip 1:3:4 (cap loot=20000 < min=50000)
[08:36:46] attack: skip 1:3:5 (cap loot=20000 < min=50000)
[08:36:46] attack: skip 1:3:11 (cap loot=20000 < min=50000)
[08:36:46] attack: skip 1:3:12 (cap loot=20000 < min=50000)
[08:36:46] attack: skip 1:3:13 (cap loot=20000 < min=50000)
[08:36:46] attack: skip 1:4:3 (cap loot=20000 < min=50000)
[08:36:46] attack: skip 1:3:6 (cap loot=20000 < min=50000)
[08:36:46] attack: skip 1:3:8 (cap loot=20000 < min=50000)
[08:36:46] attack: skip 1:3:10 (cap loot=20000 < min=50000)
[08:36:46] attack: skip 1:4:4 (cap loot=20000 < min=50000)
[08:36:46] attack: skip 1:4:6 (cap loot=20000 < min=50000)
[08:36:46] attack: skip 1:4:8 (cap loot=20000 < min=50000)
[08:36:46] attack: skip 1:4:10 (cap loot=20000 < min=50000)
[08:36:46] attack: skip 1:4:12 (cap loot=20000 < min=50000)
[08:36:46] attack: skip 1:5:4 (cap loot=20000 < min=50000)
[08:36:46] attack: skip 1:5:6 (cap loot=20000 < min=50000)
[08:36:46] attack: skip 1:5:8 (cap loot=20000 < min=50000)
[08:36:46] attack: skip 1:5:10 (cap loot=20000 < min=50000)
[08:36:46] attack: skip 1:5:12 (cap loot=20000 < min=50000)
[08:36:46] attack: skip 1:6:4 (cap loot=20000 < min=50000)
[08:36:46] attack: skip 1:6:6 (cap loot=20000 < min=50000)
[08:36:46] attack: skip 1:6:8 (cap loot=20000 < min=50000)
[08:36:46] attack: skip 1:6:10 (cap loot=20000 < min=50000)
[08:36:46] attack: skip 1:6:12 (cap loot=20000 < min=50000)
[08:36:46] attack: skip 1:7:4 (cap loot=20000 < min=50000)
[08:36:46] attack: skip 1:7:6 (cap loot=20000 < min=50000)
[08:36:46] attack: skip 1:7:8 (cap loot=20000 < min=50000)
[08:36:46] attack: skip 1:7:10 (cap loot=20000 < min=50000)
[08:36:46] attack: idle candidates=46 fresh_intel=46 no_spy_src=0 no_atk_src=0 raidmix_fail=0 cooldown_spy=0
[08:36:46] research: blocked research_energy_technology (building_laboratory 0/1)
[2026-05-11 08:37:34] ==== loop 25/∞ | seed=700949671613944981 archetype=turtle personality=flotero focus=eco actions_per_loop=4 ====
[08:37:35] planet 28: queued defense_rocket_launcher +8
[08:37:35] planet 28: skipped duplicate defense_rocket_launcher this loop
[08:37:35] planet 28: skipped duplicate defense_rocket_launcher this loop
[08:37:35] planet 28: skipped duplicate defense_rocket_launcher this loop
[08:37:35] attack: skip 1:2:1 (cap loot=20000 < min=50000)
[08:37:35] attack: skip 1:2:2 (cap loot=20000 < min=50000)
[08:37:35] attack: skip 1:2:3 (cap loot=20000 < min=50000)
[08:37:35] attack: skip 1:2:4 (cap loot=20000 < min=50000)
[08:37:35] attack: skip 1:2:5 (cap loot=20000 < min=50000)
[08:37:35] attack: skip 1:2:6 (cap loot=20000 < min=50000)
[08:37:35] attack: skip 1:2:7 (cap loot=20000 < min=50000)
[08:37:35] attack: skip 1:2:8 (cap loot=20000 < min=50000)
[08:37:35] attack: skip 1:2:9 (cap loot=20000 < min=50000)
[08:37:35] attack: skip 1:2:10 (cap loot=20000 < min=50000)
[08:37:35] attack: skip 1:2:11 (cap loot=20000 < min=50000)
[08:37:35] attack: skip 1:2:12 (cap loot=20000 < min=50000)
[08:37:35] attack: skip 1:2:13 (cap loot=20000 < min=50000)
[08:37:35] attack: skip 1:2:14 (cap loot=20000 < min=50000)
[08:37:35] attack: skip 1:2:15 (cap loot=20000 < min=50000)
[08:37:35] attack: skip 1:3:1 (cap loot=20000 < min=50000)
[08:37:35] attack: skip 1:3:2 (cap loot=20000 < min=50000)
[08:37:35] attack: skip 1:3:3 (cap loot=20000 < min=50000)
[08:37:35] attack: skip 1:3:4 (cap loot=20000 < min=50000)
[08:37:35] attack: skip 1:3:5 (cap loot=20000 < min=50000)
[08:37:35] attack: skip 1:3:11 (cap loot=20000 < min=50000)
[08:37:35] attack: skip 1:3:12 (cap loot=20000 < min=50000)
[08:37:35] attack: skip 1:3:13 (cap loot=20000 < min=50000)
[08:37:35] attack: skip 1:4:3 (cap loot=20000 < min=50000)
[08:37:35] attack: skip 1:3:6 (cap loot=20000 < min=50000)
[08:37:35] attack: skip 1:3:8 (cap loot=20000 < min=50000)
[08:37:35] attack: skip 1:3:10 (cap loot=20000 < min=50000)
[08:37:35] attack: skip 1:4:4 (cap loot=20000 < min=50000)
[08:37:35] attack: skip 1:4:6 (cap loot=20000 < min=50000)
[08:37:35] attack: skip 1:4:8 (cap loot=20000 < min=50000)
[08:37:35] attack: skip 1:4:10 (cap loot=20000 < min=50000)
[08:37:35] attack: skip 1:4:12 (cap loot=20000 < min=50000)
[08:37:35] attack: skip 1:5:4 (cap loot=20000 < min=50000)
[08:37:35] attack: skip 1:5:6 (cap loot=20000 < min=50000)
[08:37:35] attack: skip 1:5:8 (cap loot=20000 < min=50000)
[08:37:35] attack: skip 1:5:10 (cap loot=20000 < min=50000)
[08:37:35] attack: skip 1:5:12 (cap loot=20000 < min=50000)
[08:37:35] attack: skip 1:6:4 (cap loot=20000 < min=50000)
[08:37:35] attack: skip 1:6:6 (cap loot=20000 < min=50000)
[08:37:35] attack: skip 1:6:8 (cap loot=20000 < min=50000)
[08:37:35] attack: skip 1:6:10 (cap loot=20000 < min=50000)
[08:37:35] attack: skip 1:6:12 (cap loot=20000 < min=50000)
[08:37:35] attack: skip 1:7:4 (cap loot=20000 < min=50000)
[08:37:35] attack: skip 1:7:6 (cap loot=20000 < min=50000)
[08:37:35] attack: skip 1:7:8 (cap loot=20000 < min=50000)
[08:37:35] attack: skip 1:7:10 (cap loot=20000 < min=50000)
[08:37:35] attack: idle candidates=46 fresh_intel=46 no_spy_src=0 no_atk_src=0 raidmix_fail=0 cooldown_spy=0
[08:37:35] research: blocked research_energy_technology (building_laboratory 0/1)
[2026-05-11 08:38:13] ==== loop 1/∞ | seed=700949671613944981 archetype=turtle personality=flotero focus=eco actions_per_loop=4 ====
[08:38:14] planet 28: queued defense_rocket_launcher +8
[08:38:14] planet 28: skipped duplicate defense_rocket_launcher this loop
[08:38:14] planet 28: skipped duplicate defense_rocket_launcher this loop
[08:38:14] attack: skip 1:2:1 (cap loot=20000 < min=50000)
[08:38:14] attack: skip 1:2:2 (cap loot=20000 < min=50000)
[08:38:14] attack: skip 1:2:3 (cap loot=20000 < min=50000)
[08:38:14] attack: skip 1:2:4 (cap loot=20000 < min=50000)
[08:38:14] attack: skip 1:2:5 (cap loot=20000 < min=50000)
[08:38:14] attack: skip 1:2:6 (cap loot=20000 < min=50000)
[08:38:14] attack: skip 1:2:7 (cap loot=20000 < min=50000)
[08:38:14] attack: skip 1:2:8 (cap loot=20000 < min=50000)
[08:38:14] attack: skip 1:2:9 (cap loot=20000 < min=50000)
[08:38:14] attack: skip 1:2:10 (cap loot=20000 < min=50000)
[08:38:14] attack: skip 1:2:11 (cap loot=20000 < min=50000)
[08:38:14] attack: skip 1:2:12 (cap loot=20000 < min=50000)
[08:38:14] attack: skip 1:2:13 (cap loot=20000 < min=50000)
[08:38:14] attack: skip 1:2:14 (cap loot=20000 < min=50000)
[08:38:14] attack: skip 1:2:15 (cap loot=20000 < min=50000)
[08:38:14] attack: skip 1:3:1 (cap loot=20000 < min=50000)
[08:38:14] attack: skip 1:3:2 (cap loot=20000 < min=50000)
[08:38:14] attack: skip 1:3:3 (cap loot=20000 < min=50000)
[08:38:14] attack: skip 1:3:4 (cap loot=20000 < min=50000)
[08:38:14] attack: skip 1:3:5 (cap loot=20000 < min=50000)
[08:38:14] attack: skip 1:3:11 (cap loot=20000 < min=50000)
[08:38:14] attack: skip 1:3:12 (cap loot=20000 < min=50000)
[08:38:14] attack: skip 1:3:13 (cap loot=20000 < min=50000)
[08:38:14] attack: skip 1:4:3 (cap loot=20000 < min=50000)
[08:38:14] attack: skip 1:3:6 (cap loot=20000 < min=50000)
[08:38:14] attack: skip 1:3:8 (cap loot=20000 < min=50000)
[08:38:14] attack: skip 1:3:10 (cap loot=20000 < min=50000)
[08:38:14] attack: skip 1:4:4 (cap loot=20000 < min=50000)
[08:38:14] attack: skip 1:4:6 (cap loot=20000 < min=50000)
[08:38:14] attack: skip 1:4:8 (cap loot=20000 < min=50000)
[08:38:14] attack: skip 1:4:10 (cap loot=20000 < min=50000)
[08:38:14] attack: skip 1:4:12 (cap loot=20000 < min=50000)
[08:38:14] attack: skip 1:5:4 (cap loot=20000 < min=50000)
[08:38:14] attack: skip 1:5:6 (cap loot=20000 < min=50000)
[08:38:14] attack: skip 1:5:8 (cap loot=20000 < min=50000)
[08:38:14] attack: skip 1:5:10 (cap loot=20000 < min=50000)
[08:38:14] attack: skip 1:5:12 (cap loot=20000 < min=50000)
[08:38:14] attack: skip 1:6:4 (cap loot=20000 < min=50000)
[08:38:14] attack: skip 1:6:6 (cap loot=20000 < min=50000)
[08:38:14] attack: skip 1:6:8 (cap loot=20000 < min=50000)
[08:38:14] attack: skip 1:6:10 (cap loot=20000 < min=50000)
[08:38:14] attack: skip 1:6:12 (cap loot=20000 < min=50000)
[08:38:14] attack: skip 1:7:4 (cap loot=20000 < min=50000)
[08:38:14] attack: skip 1:7:6 (cap loot=20000 < min=50000)
[08:38:14] attack: skip 1:7:8 (cap loot=20000 < min=50000)
[08:38:14] attack: skip 1:7:10 (cap loot=20000 < min=50000)
[08:38:14] attack: idle candidates=46 fresh_intel=46 no_spy_src=0 no_atk_src=0 raidmix_fail=0 cooldown_spy=0
[08:38:14] research: blocked research_energy_technology (building_laboratory 0/1)
[2026-05-11 08:38:55] ==== loop 2/∞ | seed=700949671613944981 archetype=turtle personality=flotero focus=eco actions_per_loop=4 ====
[08:38:55] planet 28: queued defense_rocket_launcher +8
[08:38:55] planet 28: skipped duplicate defense_rocket_launcher this loop
[08:38:55] planet 28: skipped duplicate defense_rocket_launcher this loop
[08:38:55] attack: skip 1:2:1 (cap loot=20000 < min=50000)
[08:38:55] attack: skip 1:2:2 (cap loot=20000 < min=50000)
[08:38:55] attack: skip 1:2:3 (cap loot=20000 < min=50000)
[08:38:55] attack: skip 1:2:4 (cap loot=20000 < min=50000)
[08:38:55] attack: skip 1:2:5 (cap loot=20000 < min=50000)
[08:38:55] attack: skip 1:2:6 (cap loot=20000 < min=50000)
[08:38:55] attack: skip 1:2:7 (cap loot=20000 < min=50000)
[08:38:55] attack: skip 1:2:8 (cap loot=20000 < min=50000)
[08:38:55] attack: skip 1:2:9 (cap loot=20000 < min=50000)
[08:38:55] attack: skip 1:2:10 (cap loot=20000 < min=50000)
[08:38:55] attack: skip 1:2:11 (cap loot=20000 < min=50000)
[08:38:55] attack: skip 1:2:12 (cap loot=20000 < min=50000)
[08:38:55] attack: skip 1:2:13 (cap loot=20000 < min=50000)
[08:38:55] attack: skip 1:2:14 (cap loot=20000 < min=50000)
[08:38:55] attack: skip 1:2:15 (cap loot=20000 < min=50000)
[08:38:55] attack: skip 1:3:1 (cap loot=20000 < min=50000)
[08:38:55] attack: skip 1:3:2 (cap loot=20000 < min=50000)
[08:38:55] attack: skip 1:3:3 (cap loot=20000 < min=50000)
[08:38:55] attack: skip 1:3:4 (cap loot=20000 < min=50000)
[08:38:55] attack: skip 1:3:5 (cap loot=20000 < min=50000)
[08:38:55] attack: skip 1:3:11 (cap loot=20000 < min=50000)
[08:38:55] attack: skip 1:3:12 (cap loot=20000 < min=50000)
[08:38:55] attack: skip 1:3:13 (cap loot=20000 < min=50000)
[08:38:55] attack: skip 1:4:3 (cap loot=20000 < min=50000)
[08:38:55] attack: skip 1:3:6 (cap loot=20000 < min=50000)
[08:38:55] attack: skip 1:3:8 (cap loot=20000 < min=50000)
[08:38:55] attack: skip 1:3:10 (cap loot=20000 < min=50000)
[08:38:55] attack: skip 1:4:4 (cap loot=20000 < min=50000)
[08:38:55] attack: skip 1:4:6 (cap loot=20000 < min=50000)
[08:38:55] attack: skip 1:4:8 (cap loot=20000 < min=50000)
[08:38:55] attack: skip 1:4:10 (cap loot=20000 < min=50000)
[08:38:55] attack: skip 1:4:12 (cap loot=20000 < min=50000)
[08:38:55] attack: skip 1:5:4 (cap loot=20000 < min=50000)
[08:38:55] attack: skip 1:5:6 (cap loot=20000 < min=50000)
[08:38:55] attack: skip 1:5:8 (cap loot=20000 < min=50000)
[08:38:55] attack: skip 1:5:10 (cap loot=20000 < min=50000)
[08:38:55] attack: skip 1:5:12 (cap loot=20000 < min=50000)
[08:38:55] attack: skip 1:6:4 (cap loot=20000 < min=50000)
[08:38:55] attack: skip 1:6:6 (cap loot=20000 < min=50000)
[08:38:55] attack: skip 1:6:8 (cap loot=20000 < min=50000)
[08:38:55] attack: skip 1:6:10 (cap loot=20000 < min=50000)
[08:38:55] attack: skip 1:6:12 (cap loot=20000 < min=50000)
[08:38:55] attack: skip 1:7:4 (cap loot=20000 < min=50000)
[08:38:55] attack: skip 1:7:6 (cap loot=20000 < min=50000)
[08:38:55] attack: skip 1:7:8 (cap loot=20000 < min=50000)
[08:38:55] attack: skip 1:7:10 (cap loot=20000 < min=50000)
[08:38:55] attack: idle candidates=46 fresh_intel=46 no_spy_src=0 no_atk_src=0 raidmix_fail=0 cooldown_spy=0
[08:38:55] research: blocked research_energy_technology (building_laboratory 0/1)
[2026-05-11 08:39:36] ==== loop 3/∞ | seed=700949671613944981 archetype=turtle personality=flotero focus=eco actions_per_loop=4 ====
[08:39:36] planet 28: queued defense_rocket_launcher +8
[08:39:36] planet 28: skipped duplicate defense_rocket_launcher this loop
[08:39:36] planet 28: skipped duplicate defense_rocket_launcher this loop
[08:39:36] planet 28: skipped duplicate defense_rocket_launcher this loop
[08:39:36] attack: skip 1:2:1 (cap loot=20000 < min=50000)
[08:39:36] attack: skip 1:2:2 (cap loot=20000 < min=50000)
[08:39:36] attack: skip 1:2:3 (cap loot=20000 < min=50000)
[08:39:36] attack: skip 1:2:4 (cap loot=20000 < min=50000)
[08:39:36] attack: skip 1:2:5 (cap loot=20000 < min=50000)
[08:39:36] attack: skip 1:2:6 (cap loot=20000 < min=50000)
[08:39:36] attack: skip 1:2:7 (cap loot=20000 < min=50000)
[08:39:36] attack: skip 1:2:8 (cap loot=20000 < min=50000)
[08:39:36] attack: skip 1:2:9 (cap loot=20000 < min=50000)
[08:39:36] attack: skip 1:2:10 (cap loot=20000 < min=50000)
[08:39:36] attack: skip 1:2:11 (cap loot=20000 < min=50000)
[08:39:36] attack: skip 1:2:12 (cap loot=20000 < min=50000)
[08:39:36] attack: skip 1:2:13 (cap loot=20000 < min=50000)
[08:39:36] attack: skip 1:2:14 (cap loot=20000 < min=50000)
[08:39:36] attack: skip 1:2:15 (cap loot=20000 < min=50000)
[08:39:36] attack: skip 1:3:1 (cap loot=20000 < min=50000)
[08:39:36] attack: skip 1:3:2 (cap loot=20000 < min=50000)
[08:39:36] attack: skip 1:3:3 (cap loot=20000 < min=50000)
[08:39:36] attack: skip 1:3:4 (cap loot=20000 < min=50000)
[08:39:36] attack: skip 1:3:5 (cap loot=20000 < min=50000)
[08:39:36] attack: skip 1:3:11 (cap loot=20000 < min=50000)
[08:39:36] attack: skip 1:3:12 (cap loot=20000 < min=50000)
[08:39:36] attack: skip 1:3:13 (cap loot=20000 < min=50000)
[08:39:36] attack: skip 1:4:3 (cap loot=20000 < min=50000)
[08:39:36] attack: skip 1:3:6 (cap loot=20000 < min=50000)
[08:39:36] attack: skip 1:3:8 (cap loot=20000 < min=50000)
[08:39:36] attack: skip 1:3:10 (cap loot=20000 < min=50000)
[08:39:36] attack: skip 1:4:4 (cap loot=20000 < min=50000)
[08:39:36] attack: skip 1:4:6 (cap loot=20000 < min=50000)
[08:39:36] attack: skip 1:4:8 (cap loot=20000 < min=50000)
[08:39:36] attack: skip 1:4:10 (cap loot=20000 < min=50000)
[08:39:36] attack: skip 1:4:12 (cap loot=20000 < min=50000)
[08:39:36] attack: skip 1:5:4 (cap loot=20000 < min=50000)
[08:39:36] attack: skip 1:5:6 (cap loot=20000 < min=50000)
[08:39:36] attack: skip 1:5:8 (cap loot=20000 < min=50000)
[08:39:36] attack: skip 1:5:10 (cap loot=20000 < min=50000)
[08:39:36] attack: skip 1:5:12 (cap loot=20000 < min=50000)
[08:39:36] attack: skip 1:6:4 (cap loot=20000 < min=50000)
[08:39:36] attack: skip 1:6:6 (cap loot=20000 < min=50000)
[08:39:36] attack: skip 1:6:8 (cap loot=20000 < min=50000)
[08:39:36] attack: skip 1:6:10 (cap loot=20000 < min=50000)
[08:39:36] attack: skip 1:6:12 (cap loot=20000 < min=50000)
[08:39:36] attack: skip 1:7:4 (cap loot=20000 < min=50000)
[08:39:36] attack: skip 1:7:6 (cap loot=20000 < min=50000)
[08:39:36] attack: skip 1:7:8 (cap loot=20000 < min=50000)
[08:39:36] attack: skip 1:7:10 (cap loot=20000 < min=50000)
[08:39:36] attack: idle candidates=46 fresh_intel=46 no_spy_src=0 no_atk_src=0 raidmix_fail=0 cooldown_spy=0
[2026-05-11 08:40:23] ==== loop 4/∞ | seed=700949671613944981 archetype=turtle personality=flotero focus=eco actions_per_loop=4 ====
[08:40:26] planet 28: building queue full (5)
[08:40:26] planet 28: building queue full (5)
[08:40:26] planet 28: building queue full (5)
[08:40:26] planet 28: building queue full (5)
[08:40:26] attack: skip 1:2:1 (cap loot=20000 < min=50000)
[08:40:26] attack: skip 1:2:2 (cap loot=20000 < min=50000)
[08:40:26] attack: skip 1:2:3 (cap loot=20000 < min=50000)
[08:40:26] attack: skip 1:2:4 (cap loot=20000 < min=50000)
[08:40:26] attack: skip 1:2:5 (cap loot=20000 < min=50000)
[08:40:26] attack: skip 1:2:6 (cap loot=20000 < min=50000)
[08:40:26] attack: skip 1:2:7 (cap loot=20000 < min=50000)
[08:40:26] attack: skip 1:2:8 (cap loot=20000 < min=50000)
[08:40:26] attack: skip 1:2:9 (cap loot=20000 < min=50000)
[08:40:26] attack: skip 1:2:10 (cap loot=20000 < min=50000)
[08:40:26] attack: skip 1:2:11 (cap loot=20000 < min=50000)
[08:40:26] attack: skip 1:2:12 (cap loot=20000 < min=50000)
[08:40:26] attack: skip 1:2:13 (cap loot=20000 < min=50000)
[08:40:26] attack: skip 1:2:14 (cap loot=20000 < min=50000)
[08:40:26] attack: skip 1:2:15 (cap loot=20000 < min=50000)
[08:40:26] attack: skip 1:3:1 (cap loot=20000 < min=50000)
[08:40:26] attack: skip 1:3:2 (cap loot=20000 < min=50000)
[08:40:26] attack: skip 1:3:3 (cap loot=20000 < min=50000)
[08:40:26] attack: skip 1:3:4 (cap loot=20000 < min=50000)
[08:40:26] attack: skip 1:3:5 (cap loot=20000 < min=50000)
[08:40:26] attack: skip 1:3:11 (cap loot=20000 < min=50000)
[08:40:26] attack: skip 1:3:12 (cap loot=20000 < min=50000)
[08:40:26] attack: skip 1:3:13 (cap loot=20000 < min=50000)
[08:40:26] attack: skip 1:4:3 (cap loot=20000 < min=50000)
[08:40:26] attack: skip 1:3:6 (cap loot=20000 < min=50000)
[08:40:26] attack: skip 1:3:8 (cap loot=20000 < min=50000)
[08:40:26] attack: skip 1:3:10 (cap loot=20000 < min=50000)
[08:40:26] attack: skip 1:4:4 (cap loot=20000 < min=50000)
[08:40:26] attack: skip 1:4:6 (cap loot=20000 < min=50000)
[08:40:26] attack: skip 1:4:8 (cap loot=20000 < min=50000)
[08:40:26] attack: skip 1:4:10 (cap loot=20000 < min=50000)
[08:40:26] attack: skip 1:4:12 (cap loot=20000 < min=50000)
[08:40:26] attack: skip 1:5:4 (cap loot=20000 < min=50000)
[08:40:26] attack: skip 1:5:6 (cap loot=20000 < min=50000)
[08:40:26] attack: skip 1:5:8 (cap loot=20000 < min=50000)
[08:40:26] attack: skip 1:5:10 (cap loot=20000 < min=50000)
[08:40:26] attack: skip 1:5:12 (cap loot=20000 < min=50000)
[08:40:26] attack: skip 1:6:4 (cap loot=20000 < min=50000)
[08:40:26] attack: skip 1:6:6 (cap loot=20000 < min=50000)
[08:40:26] attack: skip 1:6:8 (cap loot=20000 < min=50000)
[08:40:26] attack: skip 1:6:10 (cap loot=20000 < min=50000)
[08:40:26] attack: skip 1:6:12 (cap loot=20000 < min=50000)
[08:40:26] attack: skip 1:7:4 (cap loot=20000 < min=50000)
[08:40:26] attack: skip 1:7:6 (cap loot=20000 < min=50000)
[08:40:26] attack: skip 1:7:8 (cap loot=20000 < min=50000)
[08:40:26] attack: skip 1:7:10 (cap loot=20000 < min=50000)
[08:40:26] attack: idle candidates=46 fresh_intel=46 no_spy_src=0 no_atk_src=0 raidmix_fail=0 cooldown_spy=0
[08:40:26] research: blocked research_energy_technology (building_laboratory 0/1)
[2026-05-11 08:41:08] ==== loop 5/∞ | seed=700949671613944981 archetype=turtle personality=flotero focus=eco actions_per_loop=4 ====
[08:41:10] planet 28: building queue full (5)
[08:41:10] planet 28: building queue full (5)
[08:41:10] planet 28: building queue full (5)
[08:41:10] planet 28: building queue full (5)
[08:41:10] attack: skip 1:2:1 (cap loot=20000 < min=50000)
[08:41:10] attack: skip 1:2:2 (cap loot=20000 < min=50000)
[08:41:10] attack: skip 1:2:3 (cap loot=20000 < min=50000)
[08:41:10] attack: skip 1:2:4 (cap loot=20000 < min=50000)
[08:41:10] attack: skip 1:2:5 (cap loot=20000 < min=50000)
[08:41:10] attack: skip 1:2:6 (cap loot=20000 < min=50000)
[08:41:10] attack: skip 1:2:7 (cap loot=20000 < min=50000)
[08:41:10] attack: skip 1:2:8 (cap loot=20000 < min=50000)
[08:41:10] attack: skip 1:2:9 (cap loot=20000 < min=50000)
[08:41:10] attack: skip 1:2:10 (cap loot=20000 < min=50000)
[08:41:10] attack: skip 1:2:11 (cap loot=20000 < min=50000)
[08:41:10] attack: skip 1:2:12 (cap loot=20000 < min=50000)
[08:41:10] attack: skip 1:2:13 (cap loot=20000 < min=50000)
[08:41:10] attack: skip 1:2:14 (cap loot=20000 < min=50000)
[08:41:10] attack: skip 1:2:15 (cap loot=20000 < min=50000)
[08:41:10] attack: skip 1:3:1 (cap loot=20000 < min=50000)
[08:41:10] attack: skip 1:3:2 (cap loot=20000 < min=50000)
[08:41:10] attack: skip 1:3:3 (cap loot=20000 < min=50000)
[08:41:10] attack: skip 1:3:4 (cap loot=20000 < min=50000)
[08:41:10] attack: skip 1:3:5 (cap loot=20000 < min=50000)
[08:41:10] attack: skip 1:3:11 (cap loot=20000 < min=50000)
[08:41:10] attack: skip 1:3:12 (cap loot=20000 < min=50000)
[08:41:10] attack: skip 1:3:13 (cap loot=20000 < min=50000)
[08:41:10] attack: skip 1:4:3 (cap loot=20000 < min=50000)
[08:41:10] attack: skip 1:3:6 (cap loot=20000 < min=50000)
[08:41:10] attack: skip 1:3:8 (cap loot=20000 < min=50000)
[08:41:10] attack: skip 1:3:10 (cap loot=20000 < min=50000)
[08:41:10] attack: skip 1:4:4 (cap loot=20000 < min=50000)
[08:41:10] attack: skip 1:4:6 (cap loot=20000 < min=50000)
[08:41:10] attack: skip 1:4:8 (cap loot=20000 < min=50000)
[08:41:10] attack: skip 1:4:10 (cap loot=20000 < min=50000)
[08:41:10] attack: skip 1:4:12 (cap loot=20000 < min=50000)
[08:41:10] attack: skip 1:5:4 (cap loot=20000 < min=50000)
[08:41:10] attack: skip 1:5:6 (cap loot=20000 < min=50000)
[08:41:10] attack: skip 1:5:8 (cap loot=20000 < min=50000)
[08:41:10] attack: skip 1:5:10 (cap loot=20000 < min=50000)
[08:41:10] attack: skip 1:5:12 (cap loot=20000 < min=50000)
[08:41:10] attack: skip 1:6:4 (cap loot=20000 < min=50000)
[08:41:10] attack: skip 1:6:6 (cap loot=20000 < min=50000)
[08:41:10] attack: skip 1:6:8 (cap loot=20000 < min=50000)
[08:41:10] attack: skip 1:6:10 (cap loot=20000 < min=50000)
[08:41:10] attack: skip 1:6:12 (cap loot=20000 < min=50000)
[08:41:10] attack: skip 1:7:4 (cap loot=20000 < min=50000)
[08:41:10] attack: skip 1:7:6 (cap loot=20000 < min=50000)
[08:41:10] attack: skip 1:7:8 (cap loot=20000 < min=50000)
[08:41:10] attack: skip 1:7:10 (cap loot=20000 < min=50000)
[08:41:10] attack: idle candidates=46 fresh_intel=46 no_spy_src=0 no_atk_src=0 raidmix_fail=0 cooldown_spy=0
[08:41:10] research: blocked research_energy_technology (building_laboratory 0/1)
[2026-05-11 08:41:52] ==== loop 6/∞ | seed=700949671613944981 archetype=turtle personality=flotero focus=eco actions_per_loop=4 ====
[08:41:55] planet 28: building queue full (5)
[08:41:55] planet 28: building queue full (5)
[08:41:55] planet 28: building queue full (5)
[08:41:55] planet 28: building queue full (5)
[08:41:55] attack: skip 1:2:1 (cap loot=20000 < min=50000)
[08:41:55] attack: skip 1:2:2 (cap loot=20000 < min=50000)
[08:41:55] attack: skip 1:2:3 (cap loot=20000 < min=50000)
[08:41:55] attack: skip 1:2:4 (cap loot=20000 < min=50000)
[08:41:55] attack: skip 1:2:5 (cap loot=20000 < min=50000)
[08:41:55] attack: skip 1:2:6 (cap loot=20000 < min=50000)
[08:41:55] attack: skip 1:2:7 (cap loot=20000 < min=50000)
[08:41:55] attack: skip 1:2:8 (cap loot=20000 < min=50000)
[08:41:55] attack: skip 1:2:9 (cap loot=20000 < min=50000)
[08:41:55] attack: skip 1:2:10 (cap loot=20000 < min=50000)
[08:41:55] attack: skip 1:2:11 (cap loot=20000 < min=50000)
[08:41:55] attack: skip 1:2:12 (cap loot=20000 < min=50000)
[08:41:55] attack: skip 1:2:13 (cap loot=20000 < min=50000)
[08:41:55] attack: skip 1:2:14 (cap loot=20000 < min=50000)
[08:41:55] attack: skip 1:2:15 (cap loot=20000 < min=50000)
[08:41:55] attack: skip 1:3:1 (cap loot=20000 < min=50000)
[08:41:55] attack: skip 1:3:2 (cap loot=20000 < min=50000)
[08:41:55] attack: skip 1:3:3 (cap loot=20000 < min=50000)
[08:41:55] attack: skip 1:3:4 (cap loot=20000 < min=50000)
[08:41:55] attack: skip 1:3:5 (cap loot=20000 < min=50000)
[08:41:55] attack: skip 1:3:11 (cap loot=20000 < min=50000)
[08:41:55] attack: skip 1:3:12 (cap loot=20000 < min=50000)
[08:41:55] attack: skip 1:3:13 (cap loot=20000 < min=50000)
[08:41:55] attack: skip 1:4:3 (cap loot=20000 < min=50000)
[08:41:55] attack: skip 1:3:6 (cap loot=20000 < min=50000)
[08:41:55] attack: skip 1:3:8 (cap loot=20000 < min=50000)
[08:41:55] attack: skip 1:3:10 (cap loot=20000 < min=50000)
[08:41:55] attack: skip 1:4:4 (cap loot=20000 < min=50000)
[08:41:55] attack: skip 1:4:6 (cap loot=20000 < min=50000)
[08:41:55] attack: skip 1:4:8 (cap loot=20000 < min=50000)
[08:41:55] attack: skip 1:4:10 (cap loot=20000 < min=50000)
[08:41:55] attack: skip 1:4:12 (cap loot=20000 < min=50000)
[08:41:55] attack: skip 1:5:4 (cap loot=20000 < min=50000)
[08:41:55] attack: skip 1:5:6 (cap loot=20000 < min=50000)
[08:41:55] attack: skip 1:5:8 (cap loot=20000 < min=50000)
[08:41:55] attack: skip 1:5:10 (cap loot=20000 < min=50000)
[08:41:55] attack: skip 1:5:12 (cap loot=20000 < min=50000)
[08:41:55] attack: skip 1:6:4 (cap loot=20000 < min=50000)
[08:41:55] attack: skip 1:6:6 (cap loot=20000 < min=50000)
[08:41:55] attack: skip 1:6:8 (cap loot=20000 < min=50000)
[08:41:55] attack: skip 1:6:10 (cap loot=20000 < min=50000)
[08:41:55] attack: skip 1:6:12 (cap loot=20000 < min=50000)
[08:41:55] attack: skip 1:7:4 (cap loot=20000 < min=50000)
[08:41:55] attack: skip 1:7:6 (cap loot=20000 < min=50000)
[08:41:55] attack: skip 1:7:8 (cap loot=20000 < min=50000)
[08:41:55] attack: skip 1:7:10 (cap loot=20000 < min=50000)
[08:41:55] attack: idle candidates=46 fresh_intel=46 no_spy_src=0 no_atk_src=0 raidmix_fail=0 cooldown_spy=0
[2026-05-11 08:42:39] ==== loop 7/∞ | seed=700949671613944981 archetype=turtle personality=flotero focus=eco actions_per_loop=4 ====
[08:42:41] planet 28: building queue full (5)
[08:42:41] planet 28: building queue full (5)
[08:42:41] planet 28: building queue full (5)
[08:42:41] attack: skip 1:2:1 (cap loot=20000 < min=50000)
[08:42:41] attack: skip 1:2:2 (cap loot=20000 < min=50000)
[08:42:41] attack: skip 1:2:3 (cap loot=20000 < min=50000)
[08:42:41] attack: skip 1:2:4 (cap loot=20000 < min=50000)
[08:42:41] attack: skip 1:2:5 (cap loot=20000 < min=50000)
[08:42:41] attack: skip 1:2:6 (cap loot=20000 < min=50000)
[08:42:41] attack: skip 1:2:7 (cap loot=20000 < min=50000)
[08:42:41] attack: skip 1:2:8 (cap loot=20000 < min=50000)
[08:42:41] attack: skip 1:2:9 (cap loot=20000 < min=50000)
[08:42:41] attack: skip 1:2:10 (cap loot=20000 < min=50000)
[08:42:41] attack: skip 1:2:11 (cap loot=20000 < min=50000)
[08:42:41] attack: skip 1:2:12 (cap loot=20000 < min=50000)
[08:42:41] attack: skip 1:2:13 (cap loot=20000 < min=50000)
[08:42:41] attack: skip 1:2:14 (cap loot=20000 < min=50000)
[08:42:41] attack: skip 1:2:15 (cap loot=20000 < min=50000)
[08:42:41] attack: skip 1:3:1 (cap loot=20000 < min=50000)
[08:42:41] attack: skip 1:3:2 (cap loot=20000 < min=50000)
[08:42:41] attack: skip 1:3:3 (cap loot=20000 < min=50000)
[08:42:41] attack: skip 1:3:4 (cap loot=20000 < min=50000)
[08:42:41] attack: skip 1:3:5 (cap loot=20000 < min=50000)
[08:42:41] attack: skip 1:3:11 (cap loot=20000 < min=50000)
[08:42:41] attack: skip 1:3:12 (cap loot=20000 < min=50000)
[08:42:41] attack: skip 1:3:13 (cap loot=20000 < min=50000)
[08:42:41] attack: skip 1:4:3 (cap loot=20000 < min=50000)
[08:42:41] attack: skip 1:3:6 (cap loot=20000 < min=50000)
[08:42:41] attack: skip 1:3:8 (cap loot=20000 < min=50000)
[08:42:41] attack: skip 1:3:10 (cap loot=20000 < min=50000)
[08:42:41] attack: skip 1:4:4 (cap loot=20000 < min=50000)
[08:42:41] attack: skip 1:4:6 (cap loot=20000 < min=50000)
[08:42:41] attack: skip 1:4:8 (cap loot=20000 < min=50000)
[08:42:41] attack: skip 1:4:10 (cap loot=20000 < min=50000)
[08:42:41] attack: skip 1:4:12 (cap loot=20000 < min=50000)
[08:42:41] attack: skip 1:5:4 (cap loot=20000 < min=50000)
[08:42:41] attack: skip 1:5:6 (cap loot=20000 < min=50000)
[08:42:41] attack: skip 1:5:8 (cap loot=20000 < min=50000)
[08:42:41] attack: skip 1:5:10 (cap loot=20000 < min=50000)
[08:42:41] attack: skip 1:5:12 (cap loot=20000 < min=50000)
[08:42:41] attack: skip 1:6:4 (cap loot=20000 < min=50000)
[08:42:41] attack: skip 1:6:6 (cap loot=20000 < min=50000)
[08:42:41] attack: skip 1:6:8 (cap loot=20000 < min=50000)
[08:42:41] attack: skip 1:6:10 (cap loot=20000 < min=50000)
[08:42:41] attack: skip 1:6:12 (cap loot=20000 < min=50000)
[08:42:41] attack: skip 1:7:4 (cap loot=20000 < min=50000)
[08:42:41] attack: skip 1:7:6 (cap loot=20000 < min=50000)
[08:42:41] attack: skip 1:7:8 (cap loot=20000 < min=50000)
[08:42:41] attack: skip 1:7:10 (cap loot=20000 < min=50000)
[08:42:41] attack: idle candidates=46 fresh_intel=46 no_spy_src=0 no_atk_src=0 raidmix_fail=0 cooldown_spy=0
[08:42:41] research: blocked research_energy_technology (building_laboratory 0/1)
[2026-05-11 08:43:20] ==== loop 8/∞ | seed=700949671613944981 archetype=turtle personality=flotero focus=eco actions_per_loop=4 ====
[08:43:23] planet 28: building queue full (5)
[08:43:23] planet 28: building queue full (5)
[08:43:23] planet 28: building queue full (5)
[08:43:23] planet 28: building queue full (5)
[08:43:23] attack: skip 1:2:1 (cap loot=20000 < min=50000)
[08:43:23] attack: skip 1:2:2 (cap loot=20000 < min=50000)
[08:43:23] attack: skip 1:2:3 (cap loot=20000 < min=50000)
[08:43:23] attack: skip 1:2:4 (cap loot=20000 < min=50000)
[08:43:23] attack: skip 1:2:5 (cap loot=20000 < min=50000)
[08:43:23] attack: skip 1:2:6 (cap loot=20000 < min=50000)
[08:43:23] attack: skip 1:2:7 (cap loot=20000 < min=50000)
[08:43:23] attack: skip 1:2:8 (cap loot=20000 < min=50000)
[08:43:23] attack: skip 1:2:9 (cap loot=20000 < min=50000)
[08:43:23] attack: skip 1:2:10 (cap loot=20000 < min=50000)
[08:43:23] attack: skip 1:2:11 (cap loot=20000 < min=50000)
[08:43:23] attack: skip 1:2:12 (cap loot=20000 < min=50000)
[08:43:23] attack: skip 1:2:13 (cap loot=20000 < min=50000)
[08:43:23] attack: skip 1:2:14 (cap loot=20000 < min=50000)
[08:43:23] attack: skip 1:2:15 (cap loot=20000 < min=50000)
[08:43:23] attack: skip 1:3:1 (cap loot=20000 < min=50000)
[08:43:23] attack: skip 1:3:2 (cap loot=20000 < min=50000)
[08:43:23] attack: skip 1:3:3 (cap loot=20000 < min=50000)
[08:43:23] attack: skip 1:3:4 (cap loot=20000 < min=50000)
[08:43:23] attack: skip 1:3:5 (cap loot=20000 < min=50000)
[08:43:23] attack: skip 1:3:11 (cap loot=20000 < min=50000)
[08:43:23] attack: skip 1:3:12 (cap loot=20000 < min=50000)
[08:43:23] attack: skip 1:3:13 (cap loot=20000 < min=50000)
[08:43:23] attack: skip 1:4:3 (cap loot=20000 < min=50000)
[08:43:23] attack: skip 1:3:6 (cap loot=20000 < min=50000)
[08:43:23] attack: skip 1:3:8 (cap loot=20000 < min=50000)
[08:43:23] attack: skip 1:3:10 (cap loot=20000 < min=50000)
[08:43:23] attack: skip 1:4:4 (cap loot=20000 < min=50000)
[08:43:23] attack: skip 1:4:6 (cap loot=20000 < min=50000)
[08:43:23] attack: skip 1:4:8 (cap loot=20000 < min=50000)
[08:43:23] attack: skip 1:4:10 (cap loot=20000 < min=50000)
[08:43:23] attack: skip 1:4:12 (cap loot=20000 < min=50000)
[08:43:23] attack: skip 1:5:4 (cap loot=20000 < min=50000)
[08:43:23] attack: skip 1:5:6 (cap loot=20000 < min=50000)
[08:43:23] attack: skip 1:5:8 (cap loot=20000 < min=50000)
[08:43:23] attack: skip 1:5:10 (cap loot=20000 < min=50000)
[08:43:23] attack: skip 1:5:12 (cap loot=20000 < min=50000)
[08:43:23] attack: skip 1:6:4 (cap loot=20000 < min=50000)
[08:43:23] attack: skip 1:6:6 (cap loot=20000 < min=50000)
[08:43:23] attack: skip 1:6:8 (cap loot=20000 < min=50000)
[08:43:23] attack: skip 1:6:10 (cap loot=20000 < min=50000)
[08:43:23] attack: skip 1:6:12 (cap loot=20000 < min=50000)
[08:43:23] attack: skip 1:7:4 (cap loot=20000 < min=50000)
[08:43:23] attack: skip 1:7:6 (cap loot=20000 < min=50000)
[08:43:23] attack: skip 1:7:8 (cap loot=20000 < min=50000)
[08:43:23] attack: skip 1:7:10 (cap loot=20000 < min=50000)
[08:43:23] attack: idle candidates=46 fresh_intel=46 no_spy_src=0 no_atk_src=0 raidmix_fail=0 cooldown_spy=0
[2026-05-11 08:44:05] ==== loop 9/∞ | seed=700949671613944981 archetype=turtle personality=flotero focus=eco actions_per_loop=4 ====
[08:44:07] planet 28: building queue full (5)
[08:44:07] planet 28: building queue full (5)
[08:44:07] planet 28: building queue full (5)
[08:44:07] planet 28: building queue full (5)
[08:44:07] attack: skip 1:2:1 (cap loot=20000 < min=50000)
[08:44:07] attack: skip 1:2:2 (cap loot=20000 < min=50000)
[08:44:07] attack: skip 1:2:3 (cap loot=20000 < min=50000)
[08:44:07] attack: skip 1:2:4 (cap loot=20000 < min=50000)
[08:44:07] attack: skip 1:2:5 (cap loot=20000 < min=50000)
[08:44:07] attack: skip 1:2:6 (cap loot=20000 < min=50000)
[08:44:07] attack: skip 1:2:7 (cap loot=20000 < min=50000)
[08:44:07] attack: skip 1:2:8 (cap loot=20000 < min=50000)
[08:44:07] attack: skip 1:2:9 (cap loot=20000 < min=50000)
[08:44:07] attack: skip 1:2:10 (cap loot=20000 < min=50000)
[08:44:07] attack: skip 1:2:11 (cap loot=20000 < min=50000)
[08:44:07] attack: skip 1:2:12 (cap loot=20000 < min=50000)
[08:44:07] attack: skip 1:2:13 (cap loot=20000 < min=50000)
[08:44:07] attack: skip 1:2:14 (cap loot=20000 < min=50000)
[08:44:07] attack: skip 1:2:15 (cap loot=20000 < min=50000)
[08:44:07] attack: skip 1:3:1 (cap loot=20000 < min=50000)
[08:44:07] attack: skip 1:3:2 (cap loot=20000 < min=50000)
[08:44:07] attack: skip 1:3:3 (cap loot=20000 < min=50000)
[08:44:07] attack: skip 1:3:4 (cap loot=20000 < min=50000)
[08:44:07] attack: skip 1:3:5 (cap loot=20000 < min=50000)
[08:44:07] attack: skip 1:3:11 (cap loot=20000 < min=50000)
[08:44:07] attack: skip 1:3:12 (cap loot=20000 < min=50000)
[08:44:07] attack: skip 1:3:13 (cap loot=20000 < min=50000)
[08:44:07] attack: skip 1:4:3 (cap loot=20000 < min=50000)
[08:44:07] attack: skip 1:3:6 (cap loot=20000 < min=50000)
[08:44:07] attack: skip 1:3:8 (cap loot=20000 < min=50000)
[08:44:07] attack: skip 1:3:10 (cap loot=20000 < min=50000)
[08:44:07] attack: skip 1:4:4 (cap loot=20000 < min=50000)
[08:44:07] attack: skip 1:4:6 (cap loot=20000 < min=50000)
[08:44:07] attack: skip 1:4:8 (cap loot=20000 < min=50000)
[08:44:07] attack: skip 1:4:10 (cap loot=20000 < min=50000)
[08:44:07] attack: skip 1:4:12 (cap loot=20000 < min=50000)
[08:44:07] attack: skip 1:5:4 (cap loot=20000 < min=50000)
[08:44:07] attack: skip 1:5:6 (cap loot=20000 < min=50000)
[08:44:07] attack: skip 1:5:8 (cap loot=20000 < min=50000)
[08:44:07] attack: skip 1:5:10 (cap loot=20000 < min=50000)
[08:44:07] attack: skip 1:5:12 (cap loot=20000 < min=50000)
[08:44:07] attack: skip 1:6:4 (cap loot=20000 < min=50000)
[08:44:07] attack: skip 1:6:6 (cap loot=20000 < min=50000)
[08:44:07] attack: skip 1:6:8 (cap loot=20000 < min=50000)
[08:44:07] attack: skip 1:6:10 (cap loot=20000 < min=50000)
[08:44:07] attack: skip 1:6:12 (cap loot=20000 < min=50000)
[08:44:07] attack: skip 1:7:4 (cap loot=20000 < min=50000)
[08:44:07] attack: skip 1:7:6 (cap loot=20000 < min=50000)
[08:44:07] attack: skip 1:7:8 (cap loot=20000 < min=50000)
[08:44:07] attack: skip 1:7:10 (cap loot=20000 < min=50000)
[08:44:07] attack: idle candidates=46 fresh_intel=46 no_spy_src=0 no_atk_src=0 raidmix_fail=0 cooldown_spy=0
[08:44:07] research: blocked research_energy_technology (building_laboratory 0/1)
[2026-05-11 08:44:50] ==== loop 10/∞ | seed=700949671613944981 archetype=turtle personality=flotero focus=eco actions_per_loop=4 ====
[08:44:53] planet 28: building queue full (5)
[08:44:53] planet 28: building queue full (5)
[08:44:53] planet 28: building queue full (5)
[08:44:53] planet 28: building queue full (5)
[08:44:53] attack: skip 1:2:1 (cap loot=20000 < min=50000)
[08:44:53] attack: skip 1:2:2 (cap loot=20000 < min=50000)
[08:44:53] attack: skip 1:2:3 (cap loot=20000 < min=50000)
[08:44:53] attack: skip 1:2:4 (cap loot=20000 < min=50000)
[08:44:53] attack: skip 1:2:5 (cap loot=20000 < min=50000)
[08:44:53] attack: skip 1:2:6 (cap loot=20000 < min=50000)
[08:44:53] attack: skip 1:2:7 (cap loot=20000 < min=50000)
[08:44:53] attack: skip 1:2:8 (cap loot=20000 < min=50000)
[08:44:53] attack: skip 1:2:9 (cap loot=20000 < min=50000)
[08:44:53] attack: skip 1:2:10 (cap loot=20000 < min=50000)
[08:44:53] attack: skip 1:2:11 (cap loot=20000 < min=50000)
[08:44:53] attack: skip 1:2:12 (cap loot=20000 < min=50000)
[08:44:53] attack: skip 1:2:13 (cap loot=20000 < min=50000)
[08:44:53] attack: skip 1:2:14 (cap loot=20000 < min=50000)
[08:44:53] attack: skip 1:2:15 (cap loot=20000 < min=50000)
[08:44:53] attack: skip 1:3:1 (cap loot=20000 < min=50000)
[08:44:53] attack: skip 1:3:2 (cap loot=20000 < min=50000)
[08:44:53] attack: skip 1:3:3 (cap loot=20000 < min=50000)
[08:44:53] attack: skip 1:3:4 (cap loot=20000 < min=50000)
[08:44:53] attack: skip 1:3:5 (cap loot=20000 < min=50000)
[08:44:53] attack: skip 1:3:11 (cap loot=20000 < min=50000)
[08:44:53] attack: skip 1:3:12 (cap loot=20000 < min=50000)
[08:44:53] attack: skip 1:3:13 (cap loot=20000 < min=50000)
[08:44:53] attack: skip 1:4:3 (cap loot=20000 < min=50000)
[08:44:53] attack: skip 1:3:6 (cap loot=20000 < min=50000)
[08:44:53] attack: skip 1:3:8 (cap loot=20000 < min=50000)
[08:44:53] attack: skip 1:3:10 (cap loot=20000 < min=50000)
[08:44:53] attack: skip 1:4:4 (cap loot=20000 < min=50000)
[08:44:53] attack: skip 1:4:6 (cap loot=20000 < min=50000)
[08:44:53] attack: skip 1:4:8 (cap loot=20000 < min=50000)
[08:44:53] attack: skip 1:4:10 (cap loot=20000 < min=50000)
[08:44:53] attack: skip 1:4:12 (cap loot=20000 < min=50000)
[08:44:53] attack: skip 1:5:4 (cap loot=20000 < min=50000)
[08:44:53] attack: skip 1:5:6 (cap loot=20000 < min=50000)
[08:44:53] attack: skip 1:5:8 (cap loot=20000 < min=50000)
[08:44:53] attack: skip 1:5:10 (cap loot=20000 < min=50000)
[08:44:53] attack: skip 1:5:12 (cap loot=20000 < min=50000)
[08:44:53] attack: skip 1:6:4 (cap loot=20000 < min=50000)
[08:44:53] attack: skip 1:6:6 (cap loot=20000 < min=50000)
[08:44:53] attack: skip 1:6:8 (cap loot=20000 < min=50000)
[08:44:53] attack: skip 1:6:10 (cap loot=20000 < min=50000)
[08:44:53] attack: skip 1:6:12 (cap loot=20000 < min=50000)
[08:44:53] attack: skip 1:7:4 (cap loot=20000 < min=50000)
[08:44:53] attack: skip 1:7:6 (cap loot=20000 < min=50000)
[08:44:53] attack: skip 1:7:8 (cap loot=20000 < min=50000)
[08:44:53] attack: skip 1:7:10 (cap loot=20000 < min=50000)
[08:44:53] attack: idle candidates=46 fresh_intel=46 no_spy_src=0 no_atk_src=0 raidmix_fail=0 cooldown_spy=0
[2026-05-11 08:45:35] ==== loop 11/∞ | seed=700949671613944981 archetype=turtle personality=flotero focus=eco actions_per_loop=4 ====
[08:45:38] planet 28: building queue full (5)
[08:45:38] planet 28: building queue full (5)
[08:45:38] planet 28: building queue full (5)
[08:45:38] planet 28: building queue full (5)
[08:45:38] attack: skip 1:2:1 (cap loot=20000 < min=50000)
[08:45:38] attack: skip 1:2:2 (cap loot=20000 < min=50000)
[08:45:38] attack: skip 1:2:3 (cap loot=20000 < min=50000)
[08:45:38] attack: skip 1:2:4 (cap loot=20000 < min=50000)
[08:45:38] attack: skip 1:2:5 (cap loot=20000 < min=50000)
[08:45:38] attack: skip 1:2:6 (cap loot=20000 < min=50000)
[08:45:38] attack: skip 1:2:7 (cap loot=20000 < min=50000)
[08:45:38] attack: skip 1:2:8 (cap loot=20000 < min=50000)
[08:45:38] attack: skip 1:2:9 (cap loot=20000 < min=50000)
[08:45:38] attack: skip 1:2:10 (cap loot=20000 < min=50000)
[08:45:38] attack: skip 1:2:11 (cap loot=20000 < min=50000)
[08:45:38] attack: skip 1:2:12 (cap loot=20000 < min=50000)
[08:45:38] attack: skip 1:2:13 (cap loot=20000 < min=50000)
[08:45:38] attack: skip 1:2:14 (cap loot=20000 < min=50000)
[08:45:38] attack: skip 1:2:15 (cap loot=20000 < min=50000)
[08:45:38] attack: skip 1:3:1 (cap loot=20000 < min=50000)
[08:45:38] attack: skip 1:3:2 (cap loot=20000 < min=50000)
[08:45:38] attack: skip 1:3:3 (cap loot=20000 < min=50000)
[08:45:38] attack: skip 1:3:4 (cap loot=20000 < min=50000)
[08:45:38] attack: skip 1:3:5 (cap loot=20000 < min=50000)
[08:45:38] attack: skip 1:3:11 (cap loot=20000 < min=50000)
[08:45:38] attack: skip 1:3:12 (cap loot=20000 < min=50000)
[08:45:38] attack: skip 1:3:13 (cap loot=20000 < min=50000)
[08:45:38] attack: skip 1:4:3 (cap loot=20000 < min=50000)
[08:45:38] attack: skip 1:3:6 (cap loot=20000 < min=50000)
[08:45:38] attack: skip 1:3:8 (cap loot=20000 < min=50000)
[08:45:38] attack: skip 1:3:10 (cap loot=20000 < min=50000)
[08:45:38] attack: skip 1:4:4 (cap loot=20000 < min=50000)
[08:45:38] attack: skip 1:4:6 (cap loot=20000 < min=50000)
[08:45:38] attack: skip 1:4:8 (cap loot=20000 < min=50000)
[08:45:38] attack: skip 1:4:10 (cap loot=20000 < min=50000)
[08:45:38] attack: skip 1:4:12 (cap loot=20000 < min=50000)
[08:45:38] attack: skip 1:5:4 (cap loot=20000 < min=50000)
[08:45:38] attack: skip 1:5:6 (cap loot=20000 < min=50000)
[08:45:38] attack: skip 1:5:8 (cap loot=20000 < min=50000)
[08:45:38] attack: skip 1:5:10 (cap loot=20000 < min=50000)
[08:45:38] attack: skip 1:5:12 (cap loot=20000 < min=50000)
[08:45:38] attack: skip 1:6:4 (cap loot=20000 < min=50000)
[08:45:38] attack: skip 1:6:6 (cap loot=20000 < min=50000)
[08:45:38] attack: skip 1:6:8 (cap loot=20000 < min=50000)
[08:45:38] attack: skip 1:6:10 (cap loot=20000 < min=50000)
[08:45:38] attack: skip 1:6:12 (cap loot=20000 < min=50000)
[08:45:38] attack: skip 1:7:4 (cap loot=20000 < min=50000)
[08:45:38] attack: skip 1:7:6 (cap loot=20000 < min=50000)
[08:45:38] attack: skip 1:7:8 (cap loot=20000 < min=50000)
[08:45:38] attack: skip 1:7:10 (cap loot=20000 < min=50000)
[08:45:38] attack: idle candidates=46 fresh_intel=46 no_spy_src=0 no_atk_src=0 raidmix_fail=0 cooldown_spy=0
[08:45:38] research: blocked research_energy_technology (building_laboratory 0/1)
[2026-05-11 08:46:18] ==== loop 12/∞ | seed=700949671613944981 archetype=turtle personality=flotero focus=eco actions_per_loop=4 ====
[08:46:21] planet 28: building queue full (5)
[08:46:21] planet 28: building queue full (5)
[08:46:21] planet 28: building queue full (5)
[08:46:21] planet 28: building queue full (5)
[08:46:21] attack: skip 1:2:1 (cap loot=20000 < min=50000)
[08:46:21] attack: skip 1:2:2 (cap loot=20000 < min=50000)
[08:46:21] attack: skip 1:2:3 (cap loot=20000 < min=50000)
[08:46:21] attack: skip 1:2:4 (cap loot=20000 < min=50000)
[08:46:21] attack: skip 1:2:5 (cap loot=20000 < min=50000)
[08:46:21] attack: skip 1:2:6 (cap loot=20000 < min=50000)
[08:46:21] attack: skip 1:2:7 (cap loot=20000 < min=50000)
[08:46:21] attack: skip 1:2:8 (cap loot=20000 < min=50000)
[08:46:21] attack: skip 1:2:9 (cap loot=20000 < min=50000)
[08:46:21] attack: skip 1:2:10 (cap loot=20000 < min=50000)
[08:46:21] attack: skip 1:2:11 (cap loot=20000 < min=50000)
[08:46:21] attack: skip 1:2:12 (cap loot=20000 < min=50000)
[08:46:21] attack: skip 1:2:13 (cap loot=20000 < min=50000)
[08:46:21] attack: skip 1:2:14 (cap loot=20000 < min=50000)
[08:46:21] attack: skip 1:2:15 (cap loot=20000 < min=50000)
[08:46:21] attack: skip 1:3:1 (cap loot=20000 < min=50000)
[08:46:21] attack: skip 1:3:2 (cap loot=20000 < min=50000)
[08:46:21] attack: skip 1:3:3 (cap loot=20000 < min=50000)
[08:46:21] attack: skip 1:3:4 (cap loot=20000 < min=50000)
[08:46:21] attack: skip 1:3:5 (cap loot=20000 < min=50000)
[08:46:21] attack: skip 1:3:11 (cap loot=20000 < min=50000)
[08:46:21] attack: skip 1:3:12 (cap loot=20000 < min=50000)
[08:46:21] attack: skip 1:3:13 (cap loot=20000 < min=50000)
[08:46:21] attack: skip 1:4:3 (cap loot=20000 < min=50000)
[08:46:21] attack: skip 1:3:6 (cap loot=20000 < min=50000)
[08:46:21] attack: skip 1:3:8 (cap loot=20000 < min=50000)
[08:46:21] attack: skip 1:3:10 (cap loot=20000 < min=50000)
[08:46:21] attack: skip 1:4:4 (cap loot=20000 < min=50000)
[08:46:21] attack: skip 1:4:6 (cap loot=20000 < min=50000)
[08:46:21] attack: skip 1:4:8 (cap loot=20000 < min=50000)
[08:46:21] attack: skip 1:4:10 (cap loot=20000 < min=50000)
[08:46:21] attack: skip 1:4:12 (cap loot=20000 < min=50000)
[08:46:21] attack: skip 1:5:4 (cap loot=20000 < min=50000)
[08:46:21] attack: skip 1:5:6 (cap loot=20000 < min=50000)
[08:46:21] attack: skip 1:5:8 (cap loot=20000 < min=50000)
[08:46:21] attack: skip 1:5:10 (cap loot=20000 < min=50000)
[08:46:21] attack: skip 1:5:12 (cap loot=20000 < min=50000)
[08:46:21] attack: skip 1:6:4 (cap loot=20000 < min=50000)
[08:46:21] attack: skip 1:6:6 (cap loot=20000 < min=50000)
[08:46:21] attack: skip 1:6:8 (cap loot=20000 < min=50000)
[08:46:21] attack: skip 1:6:10 (cap loot=20000 < min=50000)
[08:46:21] attack: skip 1:6:12 (cap loot=20000 < min=50000)
[08:46:21] attack: skip 1:7:4 (cap loot=20000 < min=50000)
[08:46:21] attack: skip 1:7:6 (cap loot=20000 < min=50000)
[08:46:21] attack: skip 1:7:8 (cap loot=20000 < min=50000)
[08:46:21] attack: skip 1:7:10 (cap loot=20000 < min=50000)
[08:46:21] attack: idle candidates=46 fresh_intel=46 no_spy_src=0 no_atk_src=0 raidmix_fail=0 cooldown_spy=0
[2026-05-11 08:47:06] ==== loop 13/∞ | seed=700949671613944981 archetype=turtle personality=flotero focus=eco actions_per_loop=4 ====
[08:47:10] planet 28: building queue full (5)
[08:47:10] planet 28: building queue full (5)
[08:47:10] planet 28: building queue full (5)
[08:47:10] planet 28: building queue full (5)
[08:47:10] attack: skip 1:2:1 (cap loot=20000 < min=50000)
[08:47:10] attack: skip 1:2:2 (cap loot=20000 < min=50000)
[08:47:10] attack: skip 1:2:3 (cap loot=20000 < min=50000)
[08:47:10] attack: skip 1:2:4 (cap loot=20000 < min=50000)
[08:47:10] attack: skip 1:2:5 (cap loot=20000 < min=50000)
[08:47:10] attack: skip 1:2:6 (cap loot=20000 < min=50000)
[08:47:10] attack: skip 1:2:7 (cap loot=20000 < min=50000)
[08:47:10] attack: skip 1:2:8 (cap loot=20000 < min=50000)
[08:47:10] attack: skip 1:2:9 (cap loot=20000 < min=50000)
[08:47:10] attack: skip 1:2:10 (cap loot=20000 < min=50000)
[08:47:10] attack: skip 1:2:11 (cap loot=20000 < min=50000)
[08:47:10] attack: skip 1:2:12 (cap loot=20000 < min=50000)
[08:47:10] attack: skip 1:2:13 (cap loot=20000 < min=50000)
[08:47:10] attack: skip 1:2:14 (cap loot=20000 < min=50000)
[08:47:10] attack: skip 1:2:15 (cap loot=20000 < min=50000)
[08:47:10] attack: skip 1:3:1 (cap loot=20000 < min=50000)
[08:47:10] attack: skip 1:3:2 (cap loot=20000 < min=50000)
[08:47:10] attack: skip 1:3:3 (cap loot=20000 < min=50000)
[08:47:10] attack: skip 1:3:4 (cap loot=20000 < min=50000)
[08:47:10] attack: skip 1:3:5 (cap loot=20000 < min=50000)
[08:47:10] attack: skip 1:3:11 (cap loot=20000 < min=50000)
[08:47:10] attack: skip 1:3:12 (cap loot=20000 < min=50000)
[08:47:10] attack: skip 1:3:13 (cap loot=20000 < min=50000)
[08:47:10] attack: skip 1:4:3 (cap loot=20000 < min=50000)
[08:47:10] attack: skip 1:3:6 (cap loot=20000 < min=50000)
[08:47:10] attack: skip 1:3:8 (cap loot=20000 < min=50000)
[08:47:10] attack: skip 1:3:10 (cap loot=20000 < min=50000)
[08:47:10] attack: skip 1:4:4 (cap loot=20000 < min=50000)
[08:47:10] attack: skip 1:4:6 (cap loot=20000 < min=50000)
[08:47:10] attack: skip 1:4:8 (cap loot=20000 < min=50000)
[08:47:10] attack: skip 1:4:10 (cap loot=20000 < min=50000)
[08:47:10] attack: skip 1:4:12 (cap loot=20000 < min=50000)
[08:47:10] attack: skip 1:5:4 (cap loot=20000 < min=50000)
[08:47:10] attack: skip 1:5:6 (cap loot=20000 < min=50000)
[08:47:10] attack: skip 1:5:8 (cap loot=20000 < min=50000)
[08:47:10] attack: skip 1:5:10 (cap loot=20000 < min=50000)
[08:47:10] attack: skip 1:5:12 (cap loot=20000 < min=50000)
[08:47:10] attack: skip 1:6:4 (cap loot=20000 < min=50000)
[08:47:10] attack: skip 1:6:6 (cap loot=20000 < min=50000)
[08:47:10] attack: skip 1:6:8 (cap loot=20000 < min=50000)
[08:47:10] attack: skip 1:6:10 (cap loot=20000 < min=50000)
[08:47:10] attack: skip 1:6:12 (cap loot=20000 < min=50000)
[08:47:10] attack: skip 1:7:4 (cap loot=20000 < min=50000)
[08:47:10] attack: skip 1:7:6 (cap loot=20000 < min=50000)
[08:47:10] attack: skip 1:7:8 (cap loot=20000 < min=50000)
[08:47:10] attack: skip 1:7:10 (cap loot=20000 < min=50000)
[08:47:10] attack: idle candidates=46 fresh_intel=46 no_spy_src=0 no_atk_src=0 raidmix_fail=0 cooldown_spy=0
[08:47:10] research: blocked research_energy_technology (building_laboratory 0/1)
[2026-05-11 08:47:47] ==== loop 14/∞ | seed=700949671613944981 archetype=turtle personality=flotero focus=eco actions_per_loop=4 ====
[08:47:49] planet 28: building queue full (5)
[08:47:49] planet 28: building queue full (5)
[08:47:49] planet 28: building queue full (5)
[08:47:49] planet 28: building queue full (5)
[08:47:49] attack: skip 1:2:1 (cap loot=20000 < min=50000)
[08:47:49] attack: skip 1:2:2 (cap loot=20000 < min=50000)
[08:47:49] attack: skip 1:2:3 (cap loot=20000 < min=50000)
[08:47:49] attack: skip 1:2:4 (cap loot=20000 < min=50000)
[08:47:49] attack: skip 1:2:5 (cap loot=20000 < min=50000)
[08:47:49] attack: skip 1:2:6 (cap loot=20000 < min=50000)
[08:47:49] attack: skip 1:2:7 (cap loot=20000 < min=50000)
[08:47:49] attack: skip 1:2:8 (cap loot=20000 < min=50000)
[08:47:49] attack: skip 1:2:9 (cap loot=20000 < min=50000)
[08:47:49] attack: skip 1:2:10 (cap loot=20000 < min=50000)
[08:47:49] attack: skip 1:2:11 (cap loot=20000 < min=50000)
[08:47:49] attack: skip 1:2:12 (cap loot=20000 < min=50000)
[08:47:49] attack: skip 1:2:13 (cap loot=20000 < min=50000)
[08:47:49] attack: skip 1:2:14 (cap loot=20000 < min=50000)
[08:47:49] attack: skip 1:2:15 (cap loot=20000 < min=50000)
[08:47:49] attack: skip 1:3:1 (cap loot=20000 < min=50000)
[08:47:49] attack: skip 1:3:2 (cap loot=20000 < min=50000)
[08:47:49] attack: skip 1:3:3 (cap loot=20000 < min=50000)
[08:47:49] attack: skip 1:3:4 (cap loot=20000 < min=50000)
[08:47:49] attack: skip 1:3:5 (cap loot=20000 < min=50000)
[08:47:49] attack: skip 1:3:11 (cap loot=20000 < min=50000)
[08:47:49] attack: skip 1:3:12 (cap loot=20000 < min=50000)
[08:47:49] attack: skip 1:3:13 (cap loot=20000 < min=50000)
[08:47:49] attack: skip 1:4:3 (cap loot=20000 < min=50000)
[08:47:49] attack: skip 1:3:6 (cap loot=20000 < min=50000)
[08:47:49] attack: skip 1:3:8 (cap loot=20000 < min=50000)
[08:47:49] attack: skip 1:3:10 (cap loot=20000 < min=50000)
[08:47:49] attack: skip 1:4:4 (cap loot=20000 < min=50000)
[08:47:49] attack: skip 1:4:6 (cap loot=20000 < min=50000)
[08:47:49] attack: skip 1:4:8 (cap loot=20000 < min=50000)
[08:47:49] attack: skip 1:4:10 (cap loot=20000 < min=50000)
[08:47:49] attack: skip 1:4:12 (cap loot=20000 < min=50000)
[08:47:49] attack: skip 1:5:4 (cap loot=20000 < min=50000)
[08:47:49] attack: skip 1:5:6 (cap loot=20000 < min=50000)
[08:47:49] attack: skip 1:5:8 (cap loot=20000 < min=50000)
[08:47:49] attack: skip 1:5:10 (cap loot=20000 < min=50000)
[08:47:49] attack: skip 1:5:12 (cap loot=20000 < min=50000)
[08:47:49] attack: skip 1:6:4 (cap loot=20000 < min=50000)
[08:47:49] attack: skip 1:6:6 (cap loot=20000 < min=50000)
[08:47:49] attack: skip 1:6:8 (cap loot=20000 < min=50000)
[08:47:49] attack: skip 1:6:10 (cap loot=20000 < min=50000)
[08:47:49] attack: skip 1:6:12 (cap loot=20000 < min=50000)
[08:47:49] attack: skip 1:7:4 (cap loot=20000 < min=50000)
[08:47:49] attack: skip 1:7:6 (cap loot=20000 < min=50000)
[08:47:49] attack: skip 1:7:8 (cap loot=20000 < min=50000)
[08:47:49] attack: skip 1:7:10 (cap loot=20000 < min=50000)
[08:47:49] attack: idle candidates=46 fresh_intel=46 no_spy_src=0 no_atk_src=0 raidmix_fail=0 cooldown_spy=0
[2026-05-11 08:48:33] ==== loop 15/∞ | seed=700949671613944981 archetype=turtle personality=flotero focus=eco actions_per_loop=4 ====
[08:48:35] planet 28: building queue full (5)
[08:48:35] planet 28: building queue full (5)
[08:48:35] planet 28: building queue full (5)
[08:48:35] planet 28: building queue full (5)
[08:48:35] attack: skip 1:2:1 (cap loot=20000 < min=50000)
[08:48:35] attack: skip 1:2:2 (cap loot=20000 < min=50000)
[08:48:35] attack: skip 1:2:3 (cap loot=20000 < min=50000)
[08:48:35] attack: skip 1:2:4 (cap loot=20000 < min=50000)
[08:48:35] attack: skip 1:2:5 (cap loot=20000 < min=50000)
[08:48:35] attack: skip 1:2:6 (cap loot=20000 < min=50000)
[08:48:35] attack: skip 1:2:7 (cap loot=20000 < min=50000)
[08:48:35] attack: skip 1:2:8 (cap loot=20000 < min=50000)
[08:48:35] attack: skip 1:2:9 (cap loot=20000 < min=50000)
[08:48:35] attack: skip 1:2:10 (cap loot=20000 < min=50000)
[08:48:35] attack: skip 1:2:11 (cap loot=20000 < min=50000)
[08:48:35] attack: skip 1:2:12 (cap loot=20000 < min=50000)
[08:48:35] attack: skip 1:2:13 (cap loot=20000 < min=50000)
[08:48:35] attack: skip 1:2:14 (cap loot=20000 < min=50000)
[08:48:35] attack: skip 1:2:15 (cap loot=20000 < min=50000)
[08:48:35] attack: skip 1:3:1 (cap loot=20000 < min=50000)
[08:48:35] attack: skip 1:3:2 (cap loot=20000 < min=50000)
[08:48:35] attack: skip 1:3:3 (cap loot=20000 < min=50000)
[08:48:35] attack: skip 1:3:4 (cap loot=20000 < min=50000)
[08:48:35] attack: skip 1:3:5 (cap loot=20000 < min=50000)
[08:48:35] attack: skip 1:3:11 (cap loot=20000 < min=50000)
[08:48:35] attack: skip 1:3:12 (cap loot=20000 < min=50000)
[08:48:35] attack: skip 1:3:13 (cap loot=20000 < min=50000)
[08:48:35] attack: skip 1:4:3 (cap loot=20000 < min=50000)
[08:48:35] attack: skip 1:3:6 (cap loot=20000 < min=50000)
[08:48:35] attack: skip 1:3:8 (cap loot=20000 < min=50000)
[08:48:35] attack: skip 1:3:10 (cap loot=20000 < min=50000)
[08:48:35] attack: skip 1:4:4 (cap loot=20000 < min=50000)
[08:48:35] attack: skip 1:4:6 (cap loot=20000 < min=50000)
[08:48:35] attack: skip 1:4:8 (cap loot=20000 < min=50000)
[08:48:35] attack: skip 1:4:10 (cap loot=20000 < min=50000)
[08:48:35] attack: skip 1:4:12 (cap loot=20000 < min=50000)
[08:48:35] attack: skip 1:5:4 (cap loot=20000 < min=50000)
[08:48:35] attack: skip 1:5:6 (cap loot=20000 < min=50000)
[08:48:35] attack: skip 1:5:8 (cap loot=20000 < min=50000)
[08:48:35] attack: skip 1:5:10 (cap loot=20000 < min=50000)
[08:48:35] attack: skip 1:5:12 (cap loot=20000 < min=50000)
[08:48:35] attack: skip 1:6:4 (cap loot=20000 < min=50000)
[08:48:35] attack: skip 1:6:6 (cap loot=20000 < min=50000)
[08:48:35] attack: skip 1:6:8 (cap loot=20000 < min=50000)
[08:48:35] attack: skip 1:6:10 (cap loot=20000 < min=50000)
[08:48:35] attack: skip 1:6:12 (cap loot=20000 < min=50000)
[08:48:35] attack: skip 1:7:4 (cap loot=20000 < min=50000)
[08:48:35] attack: skip 1:7:6 (cap loot=20000 < min=50000)
[08:48:35] attack: skip 1:7:8 (cap loot=20000 < min=50000)
[08:48:35] attack: skip 1:7:10 (cap loot=20000 < min=50000)
[08:48:35] attack: idle candidates=46 fresh_intel=46 no_spy_src=0 no_atk_src=0 raidmix_fail=0 cooldown_spy=0
[08:48:35] research: blocked research_energy_technology (building_laboratory 0/1)
[2026-05-11 08:49:18] ==== loop 16/∞ | seed=700949671613944981 archetype=turtle personality=flotero focus=eco actions_per_loop=4 ====
[08:49:20] planet 28: building queue full (5)
[08:49:20] planet 28: building queue full (5)
[08:49:20] planet 28: building queue full (5)
[08:49:20] planet 28: building queue full (5)
[08:49:20] attack: skip 1:2:1 (cap loot=20000 < min=50000)
[08:49:20] attack: skip 1:2:2 (cap loot=20000 < min=50000)
[08:49:20] attack: skip 1:2:3 (cap loot=20000 < min=50000)
[08:49:20] attack: skip 1:2:4 (cap loot=20000 < min=50000)
[08:49:20] attack: skip 1:2:5 (cap loot=20000 < min=50000)
[08:49:20] attack: skip 1:2:6 (cap loot=20000 < min=50000)
[08:49:20] attack: skip 1:2:7 (cap loot=20000 < min=50000)
[08:49:20] attack: skip 1:2:8 (cap loot=20000 < min=50000)
[08:49:20] attack: skip 1:2:9 (cap loot=20000 < min=50000)
[08:49:20] attack: skip 1:2:10 (cap loot=20000 < min=50000)
[08:49:20] attack: skip 1:2:11 (cap loot=20000 < min=50000)
[08:49:20] attack: skip 1:2:12 (cap loot=20000 < min=50000)
[08:49:20] attack: skip 1:2:13 (cap loot=20000 < min=50000)
[08:49:20] attack: skip 1:2:14 (cap loot=20000 < min=50000)
[08:49:20] attack: skip 1:2:15 (cap loot=20000 < min=50000)
[08:49:20] attack: skip 1:3:1 (cap loot=20000 < min=50000)
[08:49:20] attack: skip 1:3:2 (cap loot=20000 < min=50000)
[08:49:20] attack: skip 1:3:3 (cap loot=20000 < min=50000)
[08:49:20] attack: skip 1:3:4 (cap loot=20000 < min=50000)
[08:49:20] attack: skip 1:3:5 (cap loot=20000 < min=50000)
[08:49:20] attack: skip 1:3:11 (cap loot=20000 < min=50000)
[08:49:20] attack: skip 1:3:12 (cap loot=20000 < min=50000)
[08:49:20] attack: skip 1:3:13 (cap loot=20000 < min=50000)
[08:49:20] attack: skip 1:4:3 (cap loot=20000 < min=50000)
[08:49:20] attack: skip 1:3:6 (cap loot=20000 < min=50000)
[08:49:20] attack: skip 1:3:8 (cap loot=20000 < min=50000)
[08:49:20] attack: skip 1:3:10 (cap loot=20000 < min=50000)
[08:49:20] attack: skip 1:4:4 (cap loot=20000 < min=50000)
[08:49:20] attack: skip 1:4:6 (cap loot=20000 < min=50000)
[08:49:20] attack: skip 1:4:8 (cap loot=20000 < min=50000)
[08:49:20] attack: skip 1:4:10 (cap loot=20000 < min=50000)
[08:49:20] attack: skip 1:4:12 (cap loot=20000 < min=50000)
[08:49:20] attack: skip 1:5:4 (cap loot=20000 < min=50000)
[08:49:20] attack: skip 1:5:6 (cap loot=20000 < min=50000)
[08:49:20] attack: skip 1:5:8 (cap loot=20000 < min=50000)
[08:49:20] attack: skip 1:5:10 (cap loot=20000 < min=50000)
[08:49:20] attack: skip 1:5:12 (cap loot=20000 < min=50000)
[08:49:20] attack: skip 1:6:4 (cap loot=20000 < min=50000)
[08:49:20] attack: skip 1:6:6 (cap loot=20000 < min=50000)
[08:49:20] attack: skip 1:6:8 (cap loot=20000 < min=50000)
[08:49:20] attack: skip 1:6:10 (cap loot=20000 < min=50000)
[08:49:20] attack: skip 1:6:12 (cap loot=20000 < min=50000)
[08:49:20] attack: skip 1:7:4 (cap loot=20000 < min=50000)
[08:49:20] attack: skip 1:7:6 (cap loot=20000 < min=50000)
[08:49:20] attack: skip 1:7:8 (cap loot=20000 < min=50000)
[08:49:20] attack: skip 1:7:10 (cap loot=20000 < min=50000)
[08:49:20] attack: idle candidates=46 fresh_intel=46 no_spy_src=0 no_atk_src=0 raidmix_fail=0 cooldown_spy=0
[2026-05-11 08:50:00] ==== loop 17/∞ | seed=700949671613944981 archetype=turtle personality=flotero focus=eco actions_per_loop=4 ====
[08:50:03] planet 28: building queue full (5)
[08:50:03] planet 28: building queue full (5)
[08:50:03] planet 28: building queue full (5)
[08:50:03] planet 28: building queue full (5)
[08:50:03] attack: skip 1:2:1 (cap loot=20000 < min=50000)
[08:50:03] attack: skip 1:2:2 (cap loot=20000 < min=50000)
[08:50:03] attack: skip 1:2:3 (cap loot=20000 < min=50000)
[08:50:03] attack: skip 1:2:4 (cap loot=20000 < min=50000)
[08:50:03] attack: skip 1:2:5 (cap loot=20000 < min=50000)
[08:50:03] attack: skip 1:2:6 (cap loot=20000 < min=50000)
[08:50:03] attack: skip 1:2:7 (cap loot=20000 < min=50000)
[08:50:03] attack: skip 1:2:8 (cap loot=20000 < min=50000)
[08:50:03] attack: skip 1:2:9 (cap loot=20000 < min=50000)
[08:50:03] attack: skip 1:2:10 (cap loot=20000 < min=50000)
[08:50:03] attack: skip 1:2:11 (cap loot=20000 < min=50000)
[08:50:03] attack: skip 1:2:12 (cap loot=20000 < min=50000)
[08:50:03] attack: skip 1:2:13 (cap loot=20000 < min=50000)
[08:50:03] attack: skip 1:2:14 (cap loot=20000 < min=50000)
[08:50:03] attack: skip 1:2:15 (cap loot=20000 < min=50000)
[08:50:03] attack: skip 1:3:1 (cap loot=20000 < min=50000)
[08:50:03] attack: skip 1:3:2 (cap loot=20000 < min=50000)
[08:50:03] attack: skip 1:3:3 (cap loot=20000 < min=50000)
[08:50:03] attack: skip 1:3:4 (cap loot=20000 < min=50000)
[08:50:03] attack: skip 1:3:5 (cap loot=20000 < min=50000)
[08:50:03] attack: skip 1:3:11 (cap loot=20000 < min=50000)
[08:50:03] attack: skip 1:3:12 (cap loot=20000 < min=50000)
[08:50:03] attack: skip 1:3:13 (cap loot=20000 < min=50000)
[08:50:03] attack: skip 1:4:3 (cap loot=20000 < min=50000)
[08:50:03] attack: skip 1:3:6 (cap loot=20000 < min=50000)
[08:50:03] attack: skip 1:3:8 (cap loot=20000 < min=50000)
[08:50:03] attack: skip 1:3:10 (cap loot=20000 < min=50000)
[08:50:03] attack: skip 1:4:4 (cap loot=20000 < min=50000)
[08:50:03] attack: skip 1:4:6 (cap loot=20000 < min=50000)
[08:50:03] attack: skip 1:4:8 (cap loot=20000 < min=50000)
[08:50:03] attack: skip 1:4:10 (cap loot=20000 < min=50000)
[08:50:03] attack: skip 1:4:12 (cap loot=20000 < min=50000)
[08:50:03] attack: skip 1:5:4 (cap loot=20000 < min=50000)
[08:50:03] attack: skip 1:5:6 (cap loot=20000 < min=50000)
[08:50:03] attack: skip 1:5:8 (cap loot=20000 < min=50000)
[08:50:03] attack: skip 1:5:10 (cap loot=20000 < min=50000)
[08:50:03] attack: skip 1:5:12 (cap loot=20000 < min=50000)
[08:50:03] attack: skip 1:6:4 (cap loot=20000 < min=50000)
[08:50:03] attack: skip 1:6:6 (cap loot=20000 < min=50000)
[08:50:03] attack: skip 1:6:8 (cap loot=20000 < min=50000)
[08:50:03] attack: skip 1:6:10 (cap loot=20000 < min=50000)
[08:50:03] attack: skip 1:6:12 (cap loot=20000 < min=50000)
[08:50:03] attack: skip 1:7:4 (cap loot=20000 < min=50000)
[08:50:03] attack: skip 1:7:6 (cap loot=20000 < min=50000)
[08:50:03] attack: skip 1:7:8 (cap loot=20000 < min=50000)
[08:50:03] attack: skip 1:7:10 (cap loot=20000 < min=50000)
[08:50:03] attack: idle candidates=46 fresh_intel=46 no_spy_src=0 no_atk_src=0 raidmix_fail=0 cooldown_spy=0
[2026-05-11 08:50:44] ==== loop 18/∞ | seed=700949671613944981 archetype=turtle personality=flotero focus=eco actions_per_loop=4 ====
[08:50:48] planet 28: building queue full (5)
[08:50:48] planet 28: building queue full (5)
[08:50:48] planet 28: building queue full (5)
[08:50:48] planet 28: building queue full (5)
[08:50:48] attack: skip 1:2:1 (cap loot=20000 < min=50000)
[08:50:48] attack: skip 1:2:2 (cap loot=20000 < min=50000)
[08:50:48] attack: skip 1:2:3 (cap loot=20000 < min=50000)
[08:50:48] attack: skip 1:2:4 (cap loot=20000 < min=50000)
[08:50:48] attack: skip 1:2:5 (cap loot=20000 < min=50000)
[08:50:48] attack: skip 1:2:6 (cap loot=20000 < min=50000)
[08:50:48] attack: skip 1:2:7 (cap loot=20000 < min=50000)
[08:50:48] attack: skip 1:2:8 (cap loot=20000 < min=50000)
[08:50:48] attack: skip 1:2:9 (cap loot=20000 < min=50000)
[08:50:48] attack: skip 1:2:10 (cap loot=20000 < min=50000)
[08:50:48] attack: skip 1:2:11 (cap loot=20000 < min=50000)
[08:50:48] attack: skip 1:2:12 (cap loot=20000 < min=50000)
[08:50:48] attack: skip 1:2:13 (cap loot=20000 < min=50000)
[08:50:48] attack: skip 1:2:14 (cap loot=20000 < min=50000)
[08:50:48] attack: skip 1:2:15 (cap loot=20000 < min=50000)
[08:50:48] attack: skip 1:3:1 (cap loot=20000 < min=50000)
[08:50:48] attack: skip 1:3:2 (cap loot=20000 < min=50000)
[08:50:48] attack: skip 1:3:3 (cap loot=20000 < min=50000)
[08:50:48] attack: skip 1:3:4 (cap loot=20000 < min=50000)
[08:50:48] attack: skip 1:3:5 (cap loot=20000 < min=50000)
[08:50:48] attack: skip 1:3:11 (cap loot=20000 < min=50000)
[08:50:48] attack: skip 1:3:12 (cap loot=20000 < min=50000)
[08:50:48] attack: skip 1:3:13 (cap loot=20000 < min=50000)
[08:50:48] attack: skip 1:4:3 (cap loot=20000 < min=50000)
[08:50:48] attack: skip 1:3:6 (cap loot=20000 < min=50000)
[08:50:48] attack: skip 1:3:8 (cap loot=20000 < min=50000)
[08:50:48] attack: skip 1:3:10 (cap loot=20000 < min=50000)
[08:50:48] attack: skip 1:4:4 (cap loot=20000 < min=50000)
[08:50:48] attack: skip 1:4:6 (cap loot=20000 < min=50000)
[08:50:48] attack: skip 1:4:8 (cap loot=20000 < min=50000)
[08:50:48] attack: skip 1:4:10 (cap loot=20000 < min=50000)
[08:50:48] attack: skip 1:4:12 (cap loot=20000 < min=50000)
[08:50:48] attack: skip 1:5:4 (cap loot=20000 < min=50000)
[08:50:48] attack: skip 1:5:6 (cap loot=20000 < min=50000)
[08:50:48] attack: skip 1:5:8 (cap loot=20000 < min=50000)
[08:50:48] attack: skip 1:5:10 (cap loot=20000 < min=50000)
[08:50:48] attack: skip 1:5:12 (cap loot=20000 < min=50000)
[08:50:48] attack: skip 1:6:4 (cap loot=20000 < min=50000)
[08:50:48] attack: skip 1:6:6 (cap loot=20000 < min=50000)
[08:50:48] attack: skip 1:6:8 (cap loot=20000 < min=50000)
[08:50:48] attack: skip 1:6:10 (cap loot=20000 < min=50000)
[08:50:48] attack: skip 1:6:12 (cap loot=20000 < min=50000)
[08:50:48] attack: skip 1:7:4 (cap loot=20000 < min=50000)
[08:50:48] attack: skip 1:7:6 (cap loot=20000 < min=50000)
[08:50:48] attack: skip 1:7:8 (cap loot=20000 < min=50000)
[08:50:48] attack: skip 1:7:10 (cap loot=20000 < min=50000)
[08:50:48] attack: idle candidates=46 fresh_intel=46 no_spy_src=0 no_atk_src=0 raidmix_fail=0 cooldown_spy=0
[08:50:48] research: blocked research_energy_technology (building_laboratory 0/1)
[2026-05-11 08:51:28] ==== loop 19/∞ | seed=700949671613944981 archetype=turtle personality=flotero focus=eco actions_per_loop=4 ====
[08:51:29] planet 28: building queue full (5)
[08:51:29] planet 28: building queue full (5)
[08:51:29] planet 28: building queue full (5)
[08:51:29] planet 28: building queue full (5)
[08:51:29] attack: skip 1:2:1 (cap loot=20000 < min=50000)
[08:51:29] attack: skip 1:2:2 (cap loot=20000 < min=50000)
[08:51:29] attack: skip 1:2:3 (cap loot=20000 < min=50000)
[08:51:29] attack: skip 1:2:4 (cap loot=20000 < min=50000)
[08:51:29] attack: skip 1:2:5 (cap loot=20000 < min=50000)
[08:51:29] attack: skip 1:2:6 (cap loot=20000 < min=50000)
[08:51:29] attack: skip 1:2:7 (cap loot=20000 < min=50000)
[08:51:29] attack: skip 1:2:8 (cap loot=20000 < min=50000)
[08:51:29] attack: skip 1:2:9 (cap loot=20000 < min=50000)
[08:51:29] attack: skip 1:2:10 (cap loot=20000 < min=50000)
[08:51:29] attack: skip 1:2:11 (cap loot=20000 < min=50000)
[08:51:29] attack: skip 1:2:12 (cap loot=20000 < min=50000)
[08:51:29] attack: skip 1:2:13 (cap loot=20000 < min=50000)
[08:51:29] attack: skip 1:2:14 (cap loot=20000 < min=50000)
[08:51:29] attack: skip 1:2:15 (cap loot=20000 < min=50000)
[08:51:29] attack: skip 1:3:1 (cap loot=20000 < min=50000)
[08:51:29] attack: skip 1:3:2 (cap loot=20000 < min=50000)
[08:51:29] attack: skip 1:3:3 (cap loot=20000 < min=50000)
[08:51:29] attack: skip 1:3:4 (cap loot=20000 < min=50000)
[08:51:29] attack: skip 1:3:5 (cap loot=20000 < min=50000)
[08:51:29] attack: skip 1:3:11 (cap loot=20000 < min=50000)
[08:51:29] attack: skip 1:3:12 (cap loot=20000 < min=50000)
[08:51:29] attack: skip 1:3:13 (cap loot=20000 < min=50000)
[08:51:29] attack: skip 1:4:3 (cap loot=20000 < min=50000)
[08:51:29] attack: skip 1:3:6 (cap loot=20000 < min=50000)
[08:51:29] attack: skip 1:3:8 (cap loot=20000 < min=50000)
[08:51:29] attack: skip 1:3:10 (cap loot=20000 < min=50000)
[08:51:29] attack: skip 1:4:4 (cap loot=20000 < min=50000)
[08:51:29] attack: skip 1:4:6 (cap loot=20000 < min=50000)
[08:51:29] attack: skip 1:4:8 (cap loot=20000 < min=50000)
[08:51:29] attack: skip 1:4:10 (cap loot=20000 < min=50000)
[08:51:29] attack: skip 1:4:12 (cap loot=20000 < min=50000)
[08:51:29] attack: skip 1:5:4 (cap loot=20000 < min=50000)
[08:51:29] attack: skip 1:5:6 (cap loot=20000 < min=50000)
[08:51:29] attack: skip 1:5:8 (cap loot=20000 < min=50000)
[08:51:29] attack: skip 1:5:10 (cap loot=20000 < min=50000)
[08:51:29] attack: skip 1:5:12 (cap loot=20000 < min=50000)
[08:51:29] attack: skip 1:6:4 (cap loot=20000 < min=50000)
[08:51:29] attack: skip 1:6:6 (cap loot=20000 < min=50000)
[08:51:29] attack: skip 1:6:8 (cap loot=20000 < min=50000)
[08:51:29] attack: skip 1:6:10 (cap loot=20000 < min=50000)
[08:51:29] attack: skip 1:6:12 (cap loot=20000 < min=50000)
[08:51:29] attack: skip 1:7:4 (cap loot=20000 < min=50000)
[08:51:29] attack: skip 1:7:6 (cap loot=20000 < min=50000)
[08:51:29] attack: skip 1:7:8 (cap loot=20000 < min=50000)
[08:51:29] attack: skip 1:7:10 (cap loot=20000 < min=50000)
[08:51:29] attack: idle candidates=46 fresh_intel=46 no_spy_src=0 no_atk_src=0 raidmix_fail=0 cooldown_spy=0
[08:51:29] research: blocked research_energy_technology (building_laboratory 0/1)
[2026-05-11 08:52:12] ==== loop 20/∞ | seed=700949671613944981 archetype=turtle personality=flotero focus=eco actions_per_loop=4 ====
[08:52:15] planet 28: building queue full (5)
[08:52:15] planet 28: building queue full (5)
[08:52:15] planet 28: building queue full (5)
[08:52:15] attack: skip 1:2:1 (cap loot=20000 < min=50000)
[08:52:15] attack: skip 1:2:2 (cap loot=20000 < min=50000)
[08:52:15] attack: skip 1:2:3 (cap loot=20000 < min=50000)
[08:52:15] attack: skip 1:2:4 (cap loot=20000 < min=50000)
[08:52:15] attack: skip 1:2:5 (cap loot=20000 < min=50000)
[08:52:15] attack: skip 1:2:6 (cap loot=20000 < min=50000)
[08:52:15] attack: skip 1:2:7 (cap loot=20000 < min=50000)
[08:52:15] attack: skip 1:2:8 (cap loot=20000 < min=50000)
[08:52:15] attack: skip 1:2:9 (cap loot=20000 < min=50000)
[08:52:15] attack: skip 1:2:10 (cap loot=20000 < min=50000)
[08:52:15] attack: skip 1:2:11 (cap loot=20000 < min=50000)
[08:52:15] attack: skip 1:2:12 (cap loot=20000 < min=50000)
[08:52:15] attack: skip 1:2:13 (cap loot=20000 < min=50000)
[08:52:15] attack: skip 1:2:14 (cap loot=20000 < min=50000)
[08:52:15] attack: skip 1:2:15 (cap loot=20000 < min=50000)
[08:52:15] attack: skip 1:3:1 (cap loot=20000 < min=50000)
[08:52:15] attack: skip 1:3:2 (cap loot=20000 < min=50000)
[08:52:15] attack: skip 1:3:3 (cap loot=20000 < min=50000)
[08:52:15] attack: skip 1:3:4 (cap loot=20000 < min=50000)
[08:52:15] attack: skip 1:3:5 (cap loot=20000 < min=50000)
[08:52:15] attack: skip 1:3:11 (cap loot=20000 < min=50000)
[08:52:15] attack: skip 1:3:12 (cap loot=20000 < min=50000)
[08:52:15] attack: skip 1:3:13 (cap loot=20000 < min=50000)
[08:52:15] attack: skip 1:4:3 (cap loot=20000 < min=50000)
[08:52:15] attack: skip 1:3:6 (cap loot=20000 < min=50000)
[08:52:15] attack: skip 1:3:8 (cap loot=20000 < min=50000)
[08:52:15] attack: skip 1:3:10 (cap loot=20000 < min=50000)
[08:52:15] attack: skip 1:4:4 (cap loot=20000 < min=50000)
[08:52:15] attack: skip 1:4:6 (cap loot=20000 < min=50000)
[08:52:15] attack: skip 1:4:8 (cap loot=20000 < min=50000)
[08:52:15] attack: skip 1:4:10 (cap loot=20000 < min=50000)
[08:52:15] attack: skip 1:4:12 (cap loot=20000 < min=50000)
[08:52:15] attack: skip 1:5:4 (cap loot=20000 < min=50000)
[08:52:15] attack: skip 1:5:6 (cap loot=20000 < min=50000)
[08:52:15] attack: skip 1:5:8 (cap loot=20000 < min=50000)
[08:52:15] attack: skip 1:5:10 (cap loot=20000 < min=50000)
[08:52:15] attack: skip 1:5:12 (cap loot=20000 < min=50000)
[08:52:15] attack: skip 1:6:4 (cap loot=20000 < min=50000)
[08:52:15] attack: skip 1:6:6 (cap loot=20000 < min=50000)
[08:52:15] attack: skip 1:6:8 (cap loot=20000 < min=50000)
[08:52:15] attack: skip 1:6:10 (cap loot=20000 < min=50000)
[08:52:15] attack: skip 1:6:12 (cap loot=20000 < min=50000)
[08:52:15] attack: skip 1:7:4 (cap loot=20000 < min=50000)
[08:52:15] attack: skip 1:7:6 (cap loot=20000 < min=50000)
[08:52:15] attack: skip 1:7:8 (cap loot=20000 < min=50000)
[08:52:15] attack: skip 1:7:10 (cap loot=20000 < min=50000)
[08:52:15] attack: idle candidates=46 fresh_intel=46 no_spy_src=0 no_atk_src=0 raidmix_fail=0 cooldown_spy=0
[2026-05-11 08:52:54] ==== loop 21/∞ | seed=700949671613944981 archetype=turtle personality=flotero focus=eco actions_per_loop=4 ====
[08:52:56] planet 28: building queue full (5)
[08:52:56] planet 28: building queue full (5)
[08:52:56] planet 28: building queue full (5)
[08:52:56] attack: skip 1:2:1 (cap loot=20000 < min=50000)
[08:52:56] attack: skip 1:2:2 (cap loot=20000 < min=50000)
[08:52:56] attack: skip 1:2:3 (cap loot=20000 < min=50000)
[08:52:56] attack: skip 1:2:4 (cap loot=20000 < min=50000)
[08:52:56] attack: skip 1:2:5 (cap loot=20000 < min=50000)
[08:52:56] attack: skip 1:2:6 (cap loot=20000 < min=50000)
[08:52:56] attack: skip 1:2:7 (cap loot=20000 < min=50000)
[08:52:56] attack: skip 1:2:8 (cap loot=20000 < min=50000)
[08:52:56] attack: skip 1:2:9 (cap loot=20000 < min=50000)
[08:52:56] attack: skip 1:2:10 (cap loot=20000 < min=50000)
[08:52:56] attack: skip 1:2:11 (cap loot=20000 < min=50000)
[08:52:56] attack: skip 1:2:12 (cap loot=20000 < min=50000)
[08:52:56] attack: skip 1:2:13 (cap loot=20000 < min=50000)
[08:52:56] attack: skip 1:2:14 (cap loot=20000 < min=50000)
[08:52:56] attack: skip 1:2:15 (cap loot=20000 < min=50000)
[08:52:56] attack: skip 1:3:1 (cap loot=20000 < min=50000)
[08:52:56] attack: skip 1:3:2 (cap loot=20000 < min=50000)
[08:52:56] attack: skip 1:3:3 (cap loot=20000 < min=50000)
[08:52:56] attack: skip 1:3:4 (cap loot=20000 < min=50000)
[08:52:56] attack: skip 1:3:5 (cap loot=20000 < min=50000)
[08:52:56] attack: skip 1:3:11 (cap loot=20000 < min=50000)
[08:52:56] attack: skip 1:3:12 (cap loot=20000 < min=50000)
[08:52:56] attack: skip 1:3:13 (cap loot=20000 < min=50000)
[08:52:56] attack: skip 1:4:3 (cap loot=20000 < min=50000)
[08:52:56] attack: skip 1:3:6 (cap loot=20000 < min=50000)
[08:52:56] attack: skip 1:3:8 (cap loot=20000 < min=50000)
[08:52:56] attack: skip 1:3:10 (cap loot=20000 < min=50000)
[08:52:56] attack: skip 1:4:4 (cap loot=20000 < min=50000)
[08:52:56] attack: skip 1:4:6 (cap loot=20000 < min=50000)
[08:52:56] attack: skip 1:4:8 (cap loot=20000 < min=50000)
[08:52:56] attack: skip 1:4:10 (cap loot=20000 < min=50000)
[08:52:56] attack: skip 1:4:12 (cap loot=20000 < min=50000)
[08:52:56] attack: skip 1:5:4 (cap loot=20000 < min=50000)
[08:52:56] attack: skip 1:5:6 (cap loot=20000 < min=50000)
[08:52:56] attack: skip 1:5:8 (cap loot=20000 < min=50000)
[08:52:56] attack: skip 1:5:10 (cap loot=20000 < min=50000)
[08:52:56] attack: skip 1:5:12 (cap loot=20000 < min=50000)
[08:52:56] attack: skip 1:6:4 (cap loot=20000 < min=50000)
[08:52:56] attack: skip 1:6:6 (cap loot=20000 < min=50000)
[08:52:56] attack: skip 1:6:8 (cap loot=20000 < min=50000)
[08:52:56] attack: skip 1:6:10 (cap loot=20000 < min=50000)
[08:52:56] attack: skip 1:6:12 (cap loot=20000 < min=50000)
[08:52:56] attack: skip 1:7:4 (cap loot=20000 < min=50000)
[08:52:56] attack: skip 1:7:6 (cap loot=20000 < min=50000)
[08:52:56] attack: skip 1:7:8 (cap loot=20000 < min=50000)
[08:52:56] attack: skip 1:7:10 (cap loot=20000 < min=50000)
[08:52:56] attack: idle candidates=46 fresh_intel=46 no_spy_src=0 no_atk_src=0 raidmix_fail=0 cooldown_spy=0
[08:52:56] research: blocked research_energy_technology (building_laboratory 0/1)
[2026-05-11 08:53:36] ==== loop 22/∞ | seed=700949671613944981 archetype=turtle personality=flotero focus=eco actions_per_loop=4 ====
[08:53:38] planet 28: building queue full (5)
[08:53:38] planet 28: building queue full (5)
[08:53:38] planet 28: building queue full (5)
[08:53:38] planet 28: building queue full (5)
[08:53:38] attack: skip 1:2:1 (cap loot=20000 < min=50000)
[08:53:38] attack: skip 1:2:2 (cap loot=20000 < min=50000)
[08:53:38] attack: skip 1:2:3 (cap loot=20000 < min=50000)
[08:53:38] attack: skip 1:2:4 (cap loot=20000 < min=50000)
[08:53:38] attack: skip 1:2:5 (cap loot=20000 < min=50000)
[08:53:38] attack: skip 1:2:6 (cap loot=20000 < min=50000)
[08:53:38] attack: skip 1:2:7 (cap loot=20000 < min=50000)
[08:53:38] attack: skip 1:2:8 (cap loot=20000 < min=50000)
[08:53:38] attack: skip 1:2:9 (cap loot=20000 < min=50000)
[08:53:38] attack: skip 1:2:10 (cap loot=20000 < min=50000)
[08:53:38] attack: skip 1:2:11 (cap loot=20000 < min=50000)
[08:53:38] attack: skip 1:2:12 (cap loot=20000 < min=50000)
[08:53:38] attack: skip 1:2:13 (cap loot=20000 < min=50000)
[08:53:38] attack: skip 1:2:14 (cap loot=20000 < min=50000)
[08:53:38] attack: skip 1:2:15 (cap loot=20000 < min=50000)
[08:53:38] attack: skip 1:3:1 (cap loot=20000 < min=50000)
[08:53:38] attack: skip 1:3:2 (cap loot=20000 < min=50000)
[08:53:38] attack: skip 1:3:3 (cap loot=20000 < min=50000)
[08:53:38] attack: skip 1:3:4 (cap loot=20000 < min=50000)
[08:53:38] attack: skip 1:3:5 (cap loot=20000 < min=50000)
[08:53:38] attack: skip 1:3:11 (cap loot=20000 < min=50000)
[08:53:38] attack: skip 1:3:12 (cap loot=20000 < min=50000)
[08:53:38] attack: skip 1:3:13 (cap loot=20000 < min=50000)
[08:53:38] attack: skip 1:4:3 (cap loot=20000 < min=50000)
[08:53:38] attack: skip 1:3:6 (cap loot=20000 < min=50000)
[08:53:38] attack: skip 1:3:8 (cap loot=20000 < min=50000)
[08:53:38] attack: skip 1:3:10 (cap loot=20000 < min=50000)
[08:53:38] attack: skip 1:4:4 (cap loot=20000 < min=50000)
[08:53:38] attack: skip 1:4:6 (cap loot=20000 < min=50000)
[08:53:38] attack: skip 1:4:8 (cap loot=20000 < min=50000)
[08:53:38] attack: skip 1:4:10 (cap loot=20000 < min=50000)
[08:53:38] attack: skip 1:4:12 (cap loot=20000 < min=50000)
[08:53:38] attack: skip 1:5:4 (cap loot=20000 < min=50000)
[08:53:38] attack: skip 1:5:6 (cap loot=20000 < min=50000)
[08:53:38] attack: skip 1:5:8 (cap loot=20000 < min=50000)
[08:53:38] attack: skip 1:5:10 (cap loot=20000 < min=50000)
[08:53:38] attack: skip 1:5:12 (cap loot=20000 < min=50000)
[08:53:38] attack: skip 1:6:4 (cap loot=20000 < min=50000)
[08:53:38] attack: skip 1:6:6 (cap loot=20000 < min=50000)
[08:53:38] attack: skip 1:6:8 (cap loot=20000 < min=50000)
[08:53:38] attack: skip 1:6:10 (cap loot=20000 < min=50000)
[08:53:38] attack: skip 1:6:12 (cap loot=20000 < min=50000)
[08:53:38] attack: skip 1:7:4 (cap loot=20000 < min=50000)
[08:53:38] attack: skip 1:7:6 (cap loot=20000 < min=50000)
[08:53:38] attack: skip 1:7:8 (cap loot=20000 < min=50000)
[08:53:38] attack: skip 1:7:10 (cap loot=20000 < min=50000)
[08:53:38] attack: idle candidates=46 fresh_intel=46 no_spy_src=0 no_atk_src=0 raidmix_fail=0 cooldown_spy=0
[08:53:38] research: blocked research_energy_technology (building_laboratory 0/1)
[2026-05-11 08:54:16] ==== loop 23/∞ | seed=700949671613944981 archetype=turtle personality=flotero focus=eco actions_per_loop=4 ====
[08:54:19] planet 28: building queue full (5)
[08:54:19] planet 28: building queue full (5)
[08:54:19] planet 28: building queue full (5)
[08:54:19] planet 28: building queue full (5)
[08:54:19] attack: skip 1:2:1 (cap loot=20000 < min=50000)
[08:54:19] attack: skip 1:2:2 (cap loot=20000 < min=50000)
[08:54:19] attack: skip 1:2:3 (cap loot=20000 < min=50000)
[08:54:19] attack: skip 1:2:4 (cap loot=20000 < min=50000)
[08:54:19] attack: skip 1:2:5 (cap loot=20000 < min=50000)
[08:54:19] attack: skip 1:2:6 (cap loot=20000 < min=50000)
[08:54:19] attack: skip 1:2:7 (cap loot=20000 < min=50000)
[08:54:19] attack: skip 1:2:8 (cap loot=20000 < min=50000)
[08:54:19] attack: skip 1:2:9 (cap loot=20000 < min=50000)
[08:54:19] attack: skip 1:2:10 (cap loot=20000 < min=50000)
[08:54:19] attack: skip 1:2:11 (cap loot=20000 < min=50000)
[08:54:19] attack: skip 1:2:12 (cap loot=20000 < min=50000)
[08:54:19] attack: skip 1:2:13 (cap loot=20000 < min=50000)
[08:54:19] attack: skip 1:2:14 (cap loot=20000 < min=50000)
[08:54:19] attack: skip 1:2:15 (cap loot=20000 < min=50000)
[08:54:19] attack: skip 1:3:1 (cap loot=20000 < min=50000)
[08:54:19] attack: skip 1:3:2 (cap loot=20000 < min=50000)
[08:54:19] attack: skip 1:3:3 (cap loot=20000 < min=50000)
[08:54:19] attack: skip 1:3:4 (cap loot=20000 < min=50000)
[08:54:19] attack: skip 1:3:5 (cap loot=20000 < min=50000)
[08:54:19] attack: skip 1:3:11 (cap loot=20000 < min=50000)
[08:54:19] attack: skip 1:3:12 (cap loot=20000 < min=50000)
[08:54:19] attack: skip 1:3:13 (cap loot=20000 < min=50000)
[08:54:19] attack: skip 1:4:3 (cap loot=20000 < min=50000)
[08:54:19] attack: skip 1:3:6 (cap loot=20000 < min=50000)
[08:54:19] attack: skip 1:3:8 (cap loot=20000 < min=50000)
[08:54:19] attack: skip 1:3:10 (cap loot=20000 < min=50000)
[08:54:19] attack: skip 1:4:4 (cap loot=20000 < min=50000)
[08:54:19] attack: skip 1:4:6 (cap loot=20000 < min=50000)
[08:54:19] attack: skip 1:4:8 (cap loot=20000 < min=50000)
[08:54:19] attack: skip 1:4:10 (cap loot=20000 < min=50000)
[08:54:19] attack: skip 1:4:12 (cap loot=20000 < min=50000)
[08:54:19] attack: skip 1:5:4 (cap loot=20000 < min=50000)
[08:54:19] attack: skip 1:5:6 (cap loot=20000 < min=50000)
[08:54:19] attack: skip 1:5:8 (cap loot=20000 < min=50000)
[08:54:19] attack: skip 1:5:10 (cap loot=20000 < min=50000)
[08:54:19] attack: skip 1:5:12 (cap loot=20000 < min=50000)
[08:54:19] attack: skip 1:6:4 (cap loot=20000 < min=50000)
[08:54:19] attack: skip 1:6:6 (cap loot=20000 < min=50000)
[08:54:19] attack: skip 1:6:8 (cap loot=20000 < min=50000)
[08:54:19] attack: skip 1:6:10 (cap loot=20000 < min=50000)
[08:54:19] attack: skip 1:6:12 (cap loot=20000 < min=50000)
[08:54:19] attack: skip 1:7:4 (cap loot=20000 < min=50000)
[08:54:19] attack: skip 1:7:6 (cap loot=20000 < min=50000)
[08:54:19] attack: skip 1:7:8 (cap loot=20000 < min=50000)
[08:54:19] attack: skip 1:7:10 (cap loot=20000 < min=50000)
[08:54:19] attack: idle candidates=46 fresh_intel=46 no_spy_src=0 no_atk_src=0 raidmix_fail=0 cooldown_spy=0
[08:54:19] research: blocked research_energy_technology (building_laboratory 0/1)
[2026-05-11 08:54:59] ==== loop 24/∞ | seed=700949671613944981 archetype=turtle personality=flotero focus=eco actions_per_loop=4 ====
[08:55:00] planet 28: building queue full (5)
[08:55:00] planet 28: building queue full (5)
[08:55:00] planet 28: building queue full (5)
[08:55:00] planet 28: building queue full (5)
[08:55:00] attack: spy 1:2:1 probes=4 eta=1s
[08:55:00] attack: spy 1:2:2 probes=4 eta=1s
[08:55:00] attack: spy 1:2:3 probes=4 eta=1s
[08:55:00] attack: spy 1:2:4 probes=4 eta=1s
[08:55:00] attack: skip 1:2:5 (cap loot=20000 < min=50000)
[08:55:00] attack: skip 1:2:6 (cap loot=20000 < min=50000)
[08:55:00] attack: skip 1:2:7 (cap loot=20000 < min=50000)
[08:55:00] attack: skip 1:2:8 (cap loot=20000 < min=50000)
[08:55:00] attack: skip 1:2:9 (cap loot=20000 < min=50000)
[08:55:00] attack: skip 1:2:10 (cap loot=20000 < min=50000)
[08:55:00] attack: skip 1:2:11 (cap loot=20000 < min=50000)
[08:55:00] attack: skip 1:2:12 (cap loot=20000 < min=50000)
[08:55:00] attack: skip 1:2:13 (cap loot=20000 < min=50000)
[08:55:00] attack: skip 1:2:14 (cap loot=20000 < min=50000)
[08:55:00] attack: skip 1:2:15 (cap loot=20000 < min=50000)
[08:55:00] attack: skip 1:3:1 (cap loot=20000 < min=50000)
[08:55:00] attack: skip 1:3:2 (cap loot=20000 < min=50000)
[08:55:00] attack: skip 1:3:3 (cap loot=20000 < min=50000)
[08:55:00] attack: skip 1:3:4 (cap loot=20000 < min=50000)
[08:55:00] attack: skip 1:3:5 (cap loot=20000 < min=50000)
[08:55:00] attack: skip 1:3:11 (cap loot=20000 < min=50000)
[08:55:00] attack: skip 1:3:12 (cap loot=20000 < min=50000)
[08:55:00] attack: skip 1:3:13 (cap loot=20000 < min=50000)
[08:55:00] attack: skip 1:4:3 (cap loot=20000 < min=50000)
[08:55:00] attack: skip 1:3:6 (cap loot=20000 < min=50000)
[08:55:00] attack: skip 1:3:8 (cap loot=20000 < min=50000)
[08:55:00] attack: skip 1:3:10 (cap loot=20000 < min=50000)
[08:55:00] attack: skip 1:4:4 (cap loot=20000 < min=50000)
[08:55:00] attack: skip 1:4:6 (cap loot=20000 < min=50000)
[08:55:00] attack: skip 1:4:8 (cap loot=20000 < min=50000)
[08:55:00] attack: skip 1:4:10 (cap loot=20000 < min=50000)
[08:55:00] attack: skip 1:4:12 (cap loot=20000 < min=50000)
[08:55:00] attack: skip 1:5:4 (cap loot=20000 < min=50000)
[08:55:00] attack: skip 1:5:6 (cap loot=20000 < min=50000)
[08:55:00] attack: skip 1:5:8 (cap loot=20000 < min=50000)
[08:55:00] attack: skip 1:5:10 (cap loot=20000 < min=50000)
[08:55:00] attack: skip 1:5:12 (cap loot=20000 < min=50000)
[08:55:00] attack: skip 1:6:4 (cap loot=20000 < min=50000)
[08:55:00] attack: skip 1:6:6 (cap loot=20000 < min=50000)
[08:55:00] attack: skip 1:6:8 (cap loot=20000 < min=50000)
[08:55:00] attack: skip 1:6:10 (cap loot=20000 < min=50000)
[08:55:00] attack: skip 1:6:12 (cap loot=20000 < min=50000)
[08:55:00] attack: skip 1:7:4 (cap loot=20000 < min=50000)
[08:55:00] attack: skip 1:7:6 (cap loot=20000 < min=50000)
[08:55:00] attack: skip 1:7:8 (cap loot=20000 < min=50000)
[08:55:00] attack: skip 1:7:10 (cap loot=20000 < min=50000)
[08:55:00] research: blocked research_energy_technology (building_laboratory 0/1)
[2026-05-11 08:55:37] ==== loop 25/∞ | seed=700949671613944981 archetype=turtle personality=flotero focus=eco actions_per_loop=4 ====
[08:55:38] planet 28: building queue full (5)
[08:55:38] planet 28: building queue full (5)
[08:55:38] planet 28: building queue full (5)
[08:55:38] attack: intel 1:2:1 ships=0 defs=0 res=5518765215
[08:55:38] attack: intel 1:2:2 ships=0 defs=0 res=5521408844
[08:55:38] attack: intel 1:2:3 ships=0 defs=0 res=5522937592
[08:55:38] attack: intel 1:2:4 ships=0 defs=0 res=5522185703
[08:55:38] attack: skip 1:2:1 (cap loot=20000 < min=50000)
[08:55:38] attack: skip 1:2:2 (cap loot=20000 < min=50000)
[08:55:38] attack: skip 1:2:3 (cap loot=20000 < min=50000)
[08:55:38] attack: skip 1:2:4 (cap loot=20000 < min=50000)
[08:55:38] attack: spy 1:2:5 probes=4 eta=1s
[08:55:38] attack: spy 1:2:6 probes=4 eta=1s
[08:55:38] attack: spy 1:2:7 probes=4 eta=1s
[08:55:38] attack: spy 1:2:8 probes=4 eta=1s
[08:55:38] attack: skip 1:2:9 (cap loot=20000 < min=50000)
[08:55:38] attack: skip 1:2:10 (cap loot=20000 < min=50000)
[08:55:38] attack: skip 1:2:11 (cap loot=20000 < min=50000)
[08:55:38] attack: skip 1:2:12 (cap loot=20000 < min=50000)
[08:55:38] attack: skip 1:2:13 (cap loot=20000 < min=50000)
[08:55:38] attack: skip 1:2:14 (cap loot=20000 < min=50000)
[08:55:38] attack: skip 1:2:15 (cap loot=20000 < min=50000)
[08:55:38] attack: skip 1:3:1 (cap loot=20000 < min=50000)
[08:55:38] attack: skip 1:3:2 (cap loot=20000 < min=50000)
[08:55:38] attack: skip 1:3:3 (cap loot=20000 < min=50000)
[08:55:38] attack: skip 1:3:4 (cap loot=20000 < min=50000)
[08:55:38] attack: skip 1:3:5 (cap loot=20000 < min=50000)
[08:55:38] attack: skip 1:3:11 (cap loot=20000 < min=50000)
[08:55:38] attack: skip 1:3:12 (cap loot=20000 < min=50000)
[08:55:38] attack: skip 1:3:13 (cap loot=20000 < min=50000)
[08:55:38] attack: skip 1:4:3 (cap loot=20000 < min=50000)
[08:55:38] attack: skip 1:3:6 (cap loot=20000 < min=50000)
[08:55:38] attack: skip 1:3:8 (cap loot=20000 < min=50000)
[08:55:38] attack: skip 1:3:10 (cap loot=20000 < min=50000)
[08:55:38] attack: skip 1:4:4 (cap loot=20000 < min=50000)
[08:55:38] attack: skip 1:4:6 (cap loot=20000 < min=50000)
[08:55:38] attack: skip 1:4:8 (cap loot=20000 < min=50000)
[08:55:38] attack: skip 1:4:10 (cap loot=20000 < min=50000)
[08:55:38] attack: skip 1:4:12 (cap loot=20000 < min=50000)
[08:55:38] attack: skip 1:5:4 (cap loot=20000 < min=50000)
[08:55:38] attack: skip 1:5:6 (cap loot=20000 < min=50000)
[08:55:38] attack: skip 1:5:8 (cap loot=20000 < min=50000)
[08:55:38] attack: skip 1:5:10 (cap loot=20000 < min=50000)
[08:55:38] attack: skip 1:5:12 (cap loot=20000 < min=50000)
[08:55:38] attack: skip 1:6:4 (cap loot=20000 < min=50000)
[08:55:38] attack: skip 1:6:6 (cap loot=20000 < min=50000)
[08:55:38] attack: skip 1:6:8 (cap loot=20000 < min=50000)
[08:55:38] attack: skip 1:6:10 (cap loot=20000 < min=50000)
[08:55:38] attack: skip 1:6:12 (cap loot=20000 < min=50000)
[08:55:38] attack: skip 1:7:4 (cap loot=20000 < min=50000)
[08:55:38] attack: skip 1:7:6 (cap loot=20000 < min=50000)
[08:55:38] attack: skip 1:7:8 (cap loot=20000 < min=50000)
[08:55:38] attack: skip 1:7:10 (cap loot=20000 < min=50000)
[08:55:38] research: blocked research_energy_technology (building_laboratory 0/1)
[2026-05-11 08:56:21] ==== loop 26/∞ | seed=700949671613944981 archetype=turtle personality=flotero focus=eco actions_per_loop=4 ====
[08:56:24] planet 28: building queue full (5)
[08:56:24] planet 28: building queue full (5)
[08:56:24] planet 28: building queue full (5)
[08:56:24] planet 28: building queue full (5)
[08:56:24] attack: intel 1:2:5 ships=0 defs=0 res=5388452157
[08:56:24] attack: intel 1:2:6 ships=0 defs=0 res=5512968443
[08:56:24] attack: intel 1:2:7 ships=0 defs=0 res=5507599436
[08:56:24] attack: intel 1:2:8 ships=0 defs=0 res=5362979444
[08:56:24] attack: skip 1:2:1 (cap loot=20000 < min=50000)
[08:56:24] attack: skip 1:2:2 (cap loot=20000 < min=50000)
[08:56:24] attack: skip 1:2:3 (cap loot=20000 < min=50000)
[08:56:24] attack: skip 1:2:4 (cap loot=20000 < min=50000)
[08:56:24] attack: skip 1:2:5 (cap loot=20000 < min=50000)
[08:56:24] attack: skip 1:2:6 (cap loot=20000 < min=50000)
[08:56:24] attack: skip 1:2:7 (cap loot=20000 < min=50000)
[08:56:24] attack: skip 1:2:8 (cap loot=20000 < min=50000)
[08:56:24] attack: spy 1:2:9 probes=4 eta=1s
[08:56:24] attack: spy 1:2:10 probes=4 eta=1s
[08:56:24] attack: spy 1:2:11 probes=4 eta=1s
[08:56:24] attack: spy 1:2:12 probes=4 eta=1s
[08:56:24] attack: skip 1:2:13 (cap loot=20000 < min=50000)
[08:56:24] attack: skip 1:2:14 (cap loot=20000 < min=50000)
[08:56:24] attack: skip 1:2:15 (cap loot=20000 < min=50000)
[08:56:24] attack: skip 1:3:1 (cap loot=20000 < min=50000)
[08:56:24] attack: skip 1:3:2 (cap loot=20000 < min=50000)
[08:56:24] attack: skip 1:3:3 (cap loot=20000 < min=50000)
[08:56:24] attack: skip 1:3:4 (cap loot=20000 < min=50000)
[08:56:24] attack: skip 1:3:5 (cap loot=20000 < min=50000)
[08:56:24] attack: skip 1:3:11 (cap loot=20000 < min=50000)
[08:56:24] attack: skip 1:3:12 (cap loot=20000 < min=50000)
[08:56:24] attack: skip 1:3:13 (cap loot=20000 < min=50000)
[08:56:24] attack: skip 1:4:3 (cap loot=20000 < min=50000)
[08:56:24] attack: skip 1:3:6 (cap loot=20000 < min=50000)
[08:56:24] attack: skip 1:3:8 (cap loot=20000 < min=50000)
[08:56:24] attack: skip 1:3:10 (cap loot=20000 < min=50000)
[08:56:24] attack: skip 1:4:4 (cap loot=20000 < min=50000)
[08:56:24] attack: skip 1:4:6 (cap loot=20000 < min=50000)
[08:56:24] attack: skip 1:4:8 (cap loot=20000 < min=50000)
[08:56:24] attack: skip 1:4:10 (cap loot=20000 < min=50000)
[08:56:24] attack: skip 1:4:12 (cap loot=20000 < min=50000)
[08:56:24] attack: skip 1:5:4 (cap loot=20000 < min=50000)
[08:56:24] attack: skip 1:5:6 (cap loot=20000 < min=50000)
[08:56:24] attack: skip 1:5:8 (cap loot=20000 < min=50000)
[08:56:24] attack: skip 1:5:10 (cap loot=20000 < min=50000)
[08:56:24] attack: skip 1:5:12 (cap loot=20000 < min=50000)
[08:56:24] attack: skip 1:6:4 (cap loot=20000 < min=50000)
[08:56:24] attack: skip 1:6:6 (cap loot=20000 < min=50000)
[08:56:24] attack: skip 1:6:8 (cap loot=20000 < min=50000)
[08:56:24] attack: skip 1:6:10 (cap loot=20000 < min=50000)
[08:56:24] attack: skip 1:6:12 (cap loot=20000 < min=50000)
[08:56:24] attack: skip 1:7:4 (cap loot=20000 < min=50000)
[08:56:24] attack: skip 1:7:6 (cap loot=20000 < min=50000)
[08:56:24] attack: skip 1:7:8 (cap loot=20000 < min=50000)
[08:56:24] attack: skip 1:7:10 (cap loot=20000 < min=50000)
[2026-05-11 08:57:03] ==== loop 27/∞ | seed=700949671613944981 archetype=turtle personality=flotero focus=eco actions_per_loop=4 ====
[08:57:04] planet 28: queued building_metal_mine to 28
[08:57:04] attack: intel 1:2:9 ships=0 defs=0 res=5871754886
[08:57:04] attack: intel 1:2:10 ships=0 defs=0 res=7070360431
[08:57:04] attack: intel 1:2:11 ships=0 defs=0 res=7071631231
[08:57:04] attack: intel 1:2:12 ships=0 defs=0 res=7071631231
[08:57:04] attack: skip 1:2:1 (cap loot=20000 < min=50000)
[08:57:04] attack: skip 1:2:2 (cap loot=20000 < min=50000)
[08:57:04] attack: skip 1:2:3 (cap loot=20000 < min=50000)
[08:57:04] attack: skip 1:2:4 (cap loot=20000 < min=50000)
[08:57:04] attack: skip 1:2:5 (cap loot=20000 < min=50000)
[08:57:04] attack: skip 1:2:6 (cap loot=20000 < min=50000)
[08:57:04] attack: skip 1:2:7 (cap loot=20000 < min=50000)
[08:57:04] attack: skip 1:2:8 (cap loot=20000 < min=50000)
[08:57:04] attack: skip 1:2:9 (cap loot=20000 < min=50000)
[08:57:04] attack: skip 1:2:10 (cap loot=20000 < min=50000)
[08:57:04] attack: skip 1:2:11 (cap loot=20000 < min=50000)
[08:57:04] attack: skip 1:2:12 (cap loot=20000 < min=50000)
[08:57:04] attack: spy 1:2:13 probes=4 eta=1s
[08:57:04] attack: spy 1:2:14 probes=4 eta=1s
[08:57:04] attack: spy 1:2:15 probes=4 eta=1s
[08:57:04] attack: spy 1:3:1 probes=4 eta=1s
[08:57:04] attack: skip 1:3:2 (cap loot=20000 < min=50000)
[08:57:04] attack: skip 1:3:3 (cap loot=20000 < min=50000)
[08:57:04] attack: skip 1:3:4 (cap loot=20000 < min=50000)
[08:57:04] attack: skip 1:3:5 (cap loot=20000 < min=50000)
[08:57:04] attack: skip 1:3:11 (cap loot=20000 < min=50000)
[08:57:04] attack: skip 1:3:12 (cap loot=20000 < min=50000)
[08:57:04] attack: skip 1:3:13 (cap loot=20000 < min=50000)
[08:57:04] attack: skip 1:4:3 (cap loot=20000 < min=50000)
[08:57:04] attack: skip 1:3:6 (cap loot=20000 < min=50000)
[08:57:04] attack: skip 1:3:8 (cap loot=20000 < min=50000)
[08:57:04] attack: skip 1:3:10 (cap loot=20000 < min=50000)
[08:57:04] attack: skip 1:4:4 (cap loot=20000 < min=50000)
[08:57:04] attack: skip 1:4:6 (cap loot=20000 < min=50000)
[08:57:04] attack: skip 1:4:8 (cap loot=20000 < min=50000)
[08:57:04] attack: skip 1:4:10 (cap loot=20000 < min=50000)
[08:57:04] attack: skip 1:4:12 (cap loot=20000 < min=50000)
[08:57:04] attack: skip 1:5:4 (cap loot=20000 < min=50000)
[08:57:04] attack: skip 1:5:6 (cap loot=20000 < min=50000)
[08:57:04] attack: skip 1:5:8 (cap loot=20000 < min=50000)
[08:57:04] attack: skip 1:5:10 (cap loot=20000 < min=50000)
[08:57:04] attack: skip 1:5:12 (cap loot=20000 < min=50000)
[08:57:04] attack: skip 1:6:4 (cap loot=20000 < min=50000)
[08:57:04] attack: skip 1:6:6 (cap loot=20000 < min=50000)
[08:57:04] attack: skip 1:6:8 (cap loot=20000 < min=50000)
[08:57:04] attack: skip 1:6:10 (cap loot=20000 < min=50000)
[08:57:04] attack: skip 1:6:12 (cap loot=20000 < min=50000)
[08:57:04] attack: skip 1:7:4 (cap loot=20000 < min=50000)
[08:57:04] attack: skip 1:7:6 (cap loot=20000 < min=50000)
[08:57:04] attack: skip 1:7:8 (cap loot=20000 < min=50000)
[08:57:04] attack: skip 1:7:10 (cap loot=20000 < min=50000)
[08:57:04] research: blocked research_energy_technology (building_laboratory 0/1)
[2026-05-11 08:57:46] ==== loop 28/∞ | seed=700949671613944981 archetype=turtle personality=flotero focus=eco actions_per_loop=4 ====
[08:57:47] planet 28: building queue full (5)
[08:57:47] planet 28: building queue full (5)
[08:57:47] planet 28: building queue full (5)
[08:57:47] planet 28: building queue full (5)
[08:57:47] attack: intel 1:2:13 ships=0 defs=0 res=5527582140
[08:57:47] attack: intel 1:2:14 ships=0 defs=0 res=5745390724
[08:57:47] attack: intel 1:2:15 ships=0 defs=0 res=5783431027
[08:57:47] attack: intel 1:3:1 ships=0 defs=0 res=5879679631
[08:57:47] attack: skip 1:2:1 (cap loot=20000 < min=50000)
[08:57:47] attack: skip 1:2:2 (cap loot=20000 < min=50000)
[08:57:47] attack: skip 1:2:3 (cap loot=20000 < min=50000)
[08:57:47] attack: skip 1:2:4 (cap loot=20000 < min=50000)
[08:57:47] attack: skip 1:2:5 (cap loot=20000 < min=50000)
[08:57:47] attack: skip 1:2:6 (cap loot=20000 < min=50000)
[08:57:47] attack: skip 1:2:7 (cap loot=20000 < min=50000)
[08:57:47] attack: skip 1:2:8 (cap loot=20000 < min=50000)
[08:57:47] attack: skip 1:2:9 (cap loot=20000 < min=50000)
[08:57:47] attack: skip 1:2:10 (cap loot=20000 < min=50000)
[08:57:47] attack: skip 1:2:11 (cap loot=20000 < min=50000)
[08:57:47] attack: skip 1:2:12 (cap loot=20000 < min=50000)
[08:57:47] attack: skip 1:2:13 (cap loot=20000 < min=50000)
[08:57:47] attack: skip 1:2:14 (cap loot=20000 < min=50000)
[08:57:47] attack: skip 1:2:15 (cap loot=20000 < min=50000)
[08:57:47] attack: skip 1:3:1 (cap loot=20000 < min=50000)
[08:57:47] attack: spy 1:3:2 probes=4 eta=1s
[08:57:47] attack: spy 1:3:3 probes=4 eta=1s
[08:57:47] attack: spy 1:3:4 probes=4 eta=1s
[08:57:47] attack: spy 1:3:5 probes=4 eta=1s
[08:57:47] attack: skip 1:3:11 (cap loot=20000 < min=50000)
[08:57:47] attack: skip 1:3:12 (cap loot=20000 < min=50000)
[08:57:47] attack: skip 1:3:13 (cap loot=20000 < min=50000)
[08:57:47] attack: skip 1:4:3 (cap loot=20000 < min=50000)
[08:57:47] attack: skip 1:3:6 (cap loot=20000 < min=50000)
[08:57:47] attack: skip 1:3:8 (cap loot=20000 < min=50000)
[08:57:47] attack: skip 1:3:10 (cap loot=20000 < min=50000)
[08:57:47] attack: skip 1:4:4 (cap loot=20000 < min=50000)
[08:57:47] attack: skip 1:4:6 (cap loot=20000 < min=50000)
[08:57:47] attack: skip 1:4:8 (cap loot=20000 < min=50000)
[08:57:47] attack: skip 1:4:10 (cap loot=20000 < min=50000)
[08:57:47] attack: skip 1:4:12 (cap loot=20000 < min=50000)
[08:57:47] attack: skip 1:5:4 (cap loot=20000 < min=50000)
[08:57:47] attack: skip 1:5:6 (cap loot=20000 < min=50000)
[08:57:47] attack: skip 1:5:8 (cap loot=20000 < min=50000)
[08:57:47] attack: skip 1:5:10 (cap loot=20000 < min=50000)
[08:57:47] attack: skip 1:5:12 (cap loot=20000 < min=50000)
[08:57:47] attack: skip 1:6:4 (cap loot=20000 < min=50000)
[08:57:47] attack: skip 1:6:6 (cap loot=20000 < min=50000)
[08:57:47] attack: skip 1:6:8 (cap loot=20000 < min=50000)
[08:57:47] attack: skip 1:6:10 (cap loot=20000 < min=50000)
[08:57:47] attack: skip 1:6:12 (cap loot=20000 < min=50000)
[08:57:47] attack: skip 1:7:4 (cap loot=20000 < min=50000)
[08:57:47] attack: skip 1:7:6 (cap loot=20000 < min=50000)
[08:57:47] attack: skip 1:7:8 (cap loot=20000 < min=50000)
[08:57:47] attack: skip 1:7:10 (cap loot=20000 < min=50000)
[2026-05-11 08:58:24] ==== loop 29/∞ | seed=700949671613944981 archetype=turtle personality=flotero focus=eco actions_per_loop=4 ====
[08:58:27] planet 28: building queue full (5)
[08:58:27] planet 28: building queue full (5)
[08:58:27] planet 28: building queue full (5)
[08:58:27] planet 28: building queue full (5)
[08:58:27] attack: intel 1:3:2 ships=0 defs=0 res=5876051095
[08:58:27] attack: intel 1:3:3 ships=0 defs=0 res=5874311556
[08:58:27] attack: intel 1:3:4 ships=0 defs=0 res=5523696232
[08:58:27] attack: intel 1:3:5 ships=0 defs=0 res=5391710571
[08:58:27] attack: skip 1:2:1 (cap loot=20000 < min=50000)
[08:58:27] attack: skip 1:2:2 (cap loot=20000 < min=50000)
[08:58:27] attack: skip 1:2:3 (cap loot=20000 < min=50000)
[08:58:27] attack: skip 1:2:4 (cap loot=20000 < min=50000)
[08:58:27] attack: skip 1:2:5 (cap loot=20000 < min=50000)
[08:58:27] attack: skip 1:2:6 (cap loot=20000 < min=50000)
[08:58:27] attack: skip 1:2:7 (cap loot=20000 < min=50000)
[08:58:27] attack: skip 1:2:8 (cap loot=20000 < min=50000)
[08:58:27] attack: skip 1:2:9 (cap loot=20000 < min=50000)
[08:58:27] attack: skip 1:2:10 (cap loot=20000 < min=50000)
[08:58:27] attack: skip 1:2:11 (cap loot=20000 < min=50000)
[08:58:27] attack: skip 1:2:12 (cap loot=20000 < min=50000)
[08:58:27] attack: skip 1:2:13 (cap loot=20000 < min=50000)
[08:58:27] attack: skip 1:2:14 (cap loot=20000 < min=50000)
[08:58:27] attack: skip 1:2:15 (cap loot=20000 < min=50000)
[08:58:27] attack: skip 1:3:1 (cap loot=20000 < min=50000)
[08:58:27] attack: skip 1:3:2 (cap loot=20000 < min=50000)
[08:58:27] attack: skip 1:3:3 (cap loot=20000 < min=50000)
[08:58:27] attack: skip 1:3:4 (cap loot=20000 < min=50000)
[08:58:27] attack: skip 1:3:5 (cap loot=20000 < min=50000)
[08:58:27] attack: spy 1:3:11 probes=4 eta=1s
[08:58:27] attack: spy 1:3:12 probes=4 eta=1s
[08:58:27] attack: spy 1:3:13 probes=4 eta=1s
[08:58:27] attack: spy 1:4:3 probes=4 eta=1s
[08:58:27] attack: skip 1:3:6 (cap loot=20000 < min=50000)
[08:58:27] attack: skip 1:3:8 (cap loot=20000 < min=50000)
[08:58:27] attack: skip 1:3:10 (cap loot=20000 < min=50000)
[08:58:27] attack: skip 1:4:4 (cap loot=20000 < min=50000)
[08:58:27] attack: skip 1:4:6 (cap loot=20000 < min=50000)
[08:58:27] attack: skip 1:4:8 (cap loot=20000 < min=50000)
[08:58:27] attack: skip 1:4:10 (cap loot=20000 < min=50000)
[08:58:27] attack: skip 1:4:12 (cap loot=20000 < min=50000)
[08:58:27] attack: skip 1:5:4 (cap loot=20000 < min=50000)
[08:58:27] attack: skip 1:5:6 (cap loot=20000 < min=50000)
[08:58:27] attack: skip 1:5:8 (cap loot=20000 < min=50000)
[08:58:27] attack: skip 1:5:10 (cap loot=20000 < min=50000)
[08:58:27] attack: skip 1:5:12 (cap loot=20000 < min=50000)
[08:58:27] attack: skip 1:6:4 (cap loot=20000 < min=50000)
[08:58:27] attack: skip 1:6:6 (cap loot=20000 < min=50000)
[08:58:27] attack: skip 1:6:8 (cap loot=20000 < min=50000)
[08:58:27] attack: skip 1:6:10 (cap loot=20000 < min=50000)
[08:58:27] attack: skip 1:6:12 (cap loot=20000 < min=50000)
[08:58:27] attack: skip 1:7:4 (cap loot=20000 < min=50000)
[08:58:27] attack: skip 1:7:6 (cap loot=20000 < min=50000)
[08:58:27] attack: skip 1:7:8 (cap loot=20000 < min=50000)
[08:58:27] attack: skip 1:7:10 (cap loot=20000 < min=50000)
[2026-05-11 08:59:09] ==== loop 30/∞ | seed=700949671613944981 archetype=turtle personality=flotero focus=eco actions_per_loop=4 ====
[08:59:11] planet 28: building queue full (5)
[08:59:11] planet 28: building queue full (5)
[08:59:11] planet 28: building queue full (5)
[08:59:11] planet 28: building queue full (5)
[08:59:11] attack: intel 1:3:11 ships=0 defs=0 res=5709607033
[08:59:11] attack: intel 1:3:12 ships=0 defs=0 res=5361926544
[08:59:11] attack: intel 1:3:13 ships=0 defs=0 res=5498954800
[08:59:11] attack: intel 1:4:3 ships=0 defs=0 res=5846121576
[08:59:11] attack: skip 1:2:1 (cap loot=20000 < min=50000)
[08:59:11] attack: skip 1:2:2 (cap loot=20000 < min=50000)
[08:59:11] attack: skip 1:2:3 (cap loot=20000 < min=50000)
[08:59:11] attack: skip 1:2:4 (cap loot=20000 < min=50000)
[08:59:11] attack: skip 1:2:5 (cap loot=20000 < min=50000)
[08:59:11] attack: skip 1:2:6 (cap loot=20000 < min=50000)
[08:59:11] attack: skip 1:2:7 (cap loot=20000 < min=50000)
[08:59:11] attack: skip 1:2:8 (cap loot=20000 < min=50000)
[08:59:11] attack: skip 1:2:9 (cap loot=20000 < min=50000)
[08:59:11] attack: skip 1:2:10 (cap loot=20000 < min=50000)
[08:59:11] attack: skip 1:2:11 (cap loot=20000 < min=50000)
[08:59:11] attack: skip 1:2:12 (cap loot=20000 < min=50000)
[08:59:11] attack: skip 1:2:13 (cap loot=20000 < min=50000)
[08:59:11] attack: skip 1:2:14 (cap loot=20000 < min=50000)
[08:59:11] attack: skip 1:2:15 (cap loot=20000 < min=50000)
[08:59:11] attack: skip 1:3:1 (cap loot=20000 < min=50000)
[08:59:11] attack: skip 1:3:2 (cap loot=20000 < min=50000)
[08:59:11] attack: skip 1:3:3 (cap loot=20000 < min=50000)
[08:59:11] attack: skip 1:3:4 (cap loot=20000 < min=50000)
[08:59:11] attack: skip 1:3:5 (cap loot=20000 < min=50000)
[08:59:11] attack: skip 1:3:11 (cap loot=20000 < min=50000)
[08:59:11] attack: skip 1:3:12 (cap loot=20000 < min=50000)
[08:59:11] attack: skip 1:3:13 (cap loot=20000 < min=50000)
[08:59:11] attack: skip 1:4:3 (cap loot=20000 < min=50000)
[08:59:11] attack: spy 1:3:6 probes=4 eta=1s
[08:59:11] attack: spy 1:3:8 probes=4 eta=1s
[08:59:11] attack: spy 1:3:10 probes=4 eta=1s
[08:59:11] attack: spy 1:4:4 probes=4 eta=1s
[08:59:11] attack: skip 1:4:6 (cap loot=20000 < min=50000)
[08:59:11] attack: skip 1:4:8 (cap loot=20000 < min=50000)
[08:59:11] attack: skip 1:4:10 (cap loot=20000 < min=50000)
[08:59:11] attack: skip 1:4:12 (cap loot=20000 < min=50000)
[08:59:11] attack: skip 1:5:4 (cap loot=20000 < min=50000)
[08:59:11] attack: skip 1:5:6 (cap loot=20000 < min=50000)
[08:59:11] attack: skip 1:5:8 (cap loot=20000 < min=50000)
[08:59:11] attack: skip 1:5:10 (cap loot=20000 < min=50000)
[08:59:11] attack: skip 1:5:12 (cap loot=20000 < min=50000)
[08:59:11] attack: skip 1:6:4 (cap loot=20000 < min=50000)
[08:59:11] attack: skip 1:6:6 (cap loot=20000 < min=50000)
[08:59:11] attack: skip 1:6:8 (cap loot=20000 < min=50000)
[08:59:11] attack: skip 1:6:10 (cap loot=20000 < min=50000)
[08:59:11] attack: skip 1:6:12 (cap loot=20000 < min=50000)
[08:59:11] attack: skip 1:7:4 (cap loot=20000 < min=50000)
[08:59:11] attack: skip 1:7:6 (cap loot=20000 < min=50000)
[08:59:11] attack: skip 1:7:8 (cap loot=20000 < min=50000)
[08:59:11] attack: skip 1:7:10 (cap loot=20000 < min=50000)
[2026-05-11 08:59:54] ==== loop 31/∞ | seed=700949671613944981 archetype=turtle personality=flotero focus=eco actions_per_loop=4 ====
[08:59:56] planet 28: building queue full (5)
[08:59:56] planet 28: building queue full (5)
[08:59:56] planet 28: building queue full (5)
[08:59:56] attack: intel 1:3:6 ships=136 defs=8 res=98055002
[08:59:56] attack: intel 1:3:8 ships=15 defs=58 res=32675950
[08:59:56] attack: intel 1:3:10 ships=78 defs=114 res=95989925
[08:59:56] attack: intel 1:4:4 ships=113 defs=8 res=142054402
[08:59:56] attack: skip 1:2:1 (cap loot=20000 < min=50000)
[08:59:56] attack: skip 1:2:2 (cap loot=20000 < min=50000)
[08:59:56] attack: skip 1:2:3 (cap loot=20000 < min=50000)
[08:59:56] attack: skip 1:2:4 (cap loot=20000 < min=50000)
[08:59:56] attack: skip 1:2:5 (cap loot=20000 < min=50000)
[08:59:56] attack: skip 1:2:6 (cap loot=20000 < min=50000)
[08:59:56] attack: skip 1:2:7 (cap loot=20000 < min=50000)
[08:59:56] attack: skip 1:2:8 (cap loot=20000 < min=50000)
[08:59:56] attack: skip 1:2:9 (cap loot=20000 < min=50000)
[08:59:56] attack: skip 1:2:10 (cap loot=20000 < min=50000)
[08:59:56] attack: skip 1:2:11 (cap loot=20000 < min=50000)
[08:59:56] attack: skip 1:2:12 (cap loot=20000 < min=50000)
[08:59:56] attack: skip 1:2:13 (cap loot=20000 < min=50000)
[08:59:56] attack: skip 1:2:14 (cap loot=20000 < min=50000)
[08:59:56] attack: skip 1:2:15 (cap loot=20000 < min=50000)
[08:59:56] attack: skip 1:3:1 (cap loot=20000 < min=50000)
[08:59:56] attack: skip 1:3:2 (cap loot=20000 < min=50000)
[08:59:56] attack: skip 1:3:3 (cap loot=20000 < min=50000)
[08:59:56] attack: skip 1:3:4 (cap loot=20000 < min=50000)
[08:59:56] attack: skip 1:3:5 (cap loot=20000 < min=50000)
[08:59:56] attack: skip 1:3:11 (cap loot=20000 < min=50000)
[08:59:56] attack: skip 1:3:12 (cap loot=20000 < min=50000)
[08:59:56] attack: skip 1:3:13 (cap loot=20000 < min=50000)
[08:59:56] attack: skip 1:4:3 (cap loot=20000 < min=50000)
[08:59:56] attack: skip 1:3:6 (cap loot=20000 < min=50000)
[08:59:56] attack: skip 1:3:8 (cap loot=20000 < min=50000)
[08:59:56] attack: skip 1:3:10 (cap loot=20000 < min=50000)
[08:59:56] attack: skip 1:4:4 (cap loot=20000 < min=50000)
[08:59:56] attack: spy 1:4:6 probes=4 eta=1s
[08:59:56] attack: spy 1:4:8 probes=4 eta=1s
[08:59:56] attack: spy 1:4:10 probes=4 eta=1s
[08:59:56] attack: spy 1:4:12 probes=4 eta=1s
[08:59:56] attack: skip 1:5:4 (cap loot=20000 < min=50000)
[08:59:56] attack: skip 1:5:6 (cap loot=20000 < min=50000)
[08:59:56] attack: skip 1:5:8 (cap loot=20000 < min=50000)
[08:59:56] attack: skip 1:5:10 (cap loot=20000 < min=50000)
[08:59:56] attack: skip 1:5:12 (cap loot=20000 < min=50000)
[08:59:56] attack: skip 1:6:4 (cap loot=20000 < min=50000)
[08:59:56] attack: skip 1:6:6 (cap loot=20000 < min=50000)
[08:59:56] attack: skip 1:6:8 (cap loot=20000 < min=50000)
[08:59:56] attack: skip 1:6:10 (cap loot=20000 < min=50000)
[08:59:56] attack: skip 1:6:12 (cap loot=20000 < min=50000)
[08:59:56] attack: skip 1:7:4 (cap loot=20000 < min=50000)
[08:59:56] attack: skip 1:7:6 (cap loot=20000 < min=50000)
[08:59:56] attack: skip 1:7:8 (cap loot=20000 < min=50000)
[08:59:56] attack: skip 1:7:10 (cap loot=20000 < min=50000)
[08:59:56] research: blocked research_energy_technology (building_laboratory 0/1)
[2026-05-11 09:00:34] ==== loop 32/∞ | seed=700949671613944981 archetype=turtle personality=flotero focus=eco actions_per_loop=4 ====
[09:00:34] planet 28: queue busy, throttled building_robot_factory
[09:00:34] planet 28: queue busy, throttled building_robot_factory
[09:00:34] planet 28: queue busy, throttled building_robot_factory
[09:00:34] attack: intel 1:4:6 ships=60 defs=0 res=121911844
[09:00:34] attack: intel 1:4:8 ships=64 defs=119 res=71652679
[09:00:34] attack: intel 1:4:10 ships=192 defs=154 res=128675981
[09:00:34] attack: intel 1:4:12 ships=126 defs=200 res=128108216
[09:00:34] attack: skip 1:2:1 (cap loot=20000 < min=50000)
[09:00:34] attack: skip 1:2:2 (cap loot=20000 < min=50000)
[09:00:34] attack: skip 1:2:3 (cap loot=20000 < min=50000)
[09:00:34] attack: skip 1:2:4 (cap loot=20000 < min=50000)
[09:00:34] attack: skip 1:2:5 (cap loot=20000 < min=50000)
[09:00:34] attack: skip 1:2:6 (cap loot=20000 < min=50000)
[09:00:34] attack: skip 1:2:7 (cap loot=20000 < min=50000)
[09:00:34] attack: skip 1:2:8 (cap loot=20000 < min=50000)
[09:00:34] attack: skip 1:2:9 (cap loot=20000 < min=50000)
[09:00:34] attack: skip 1:2:10 (cap loot=20000 < min=50000)
[09:00:34] attack: skip 1:2:11 (cap loot=20000 < min=50000)
[09:00:34] attack: skip 1:2:12 (cap loot=20000 < min=50000)
[09:00:34] attack: skip 1:2:13 (cap loot=20000 < min=50000)
[09:00:34] attack: skip 1:2:14 (cap loot=20000 < min=50000)
[09:00:34] attack: skip 1:2:15 (cap loot=20000 < min=50000)
[09:00:34] attack: skip 1:3:1 (cap loot=20000 < min=50000)
[09:00:34] attack: skip 1:3:2 (cap loot=20000 < min=50000)
[09:00:34] attack: skip 1:3:3 (cap loot=20000 < min=50000)
[09:00:34] attack: skip 1:3:4 (cap loot=20000 < min=50000)
[09:00:34] attack: skip 1:3:5 (cap loot=20000 < min=50000)
[09:00:34] attack: skip 1:3:11 (cap loot=20000 < min=50000)
[09:00:34] attack: skip 1:3:12 (cap loot=20000 < min=50000)
[09:00:34] attack: skip 1:3:13 (cap loot=20000 < min=50000)
[09:00:34] attack: skip 1:4:3 (cap loot=20000 < min=50000)
[09:00:34] attack: skip 1:3:6 (cap loot=20000 < min=50000)
[09:00:34] attack: skip 1:3:8 (cap loot=20000 < min=50000)
[09:00:34] attack: skip 1:3:10 (cap loot=20000 < min=50000)
[09:00:34] attack: skip 1:4:4 (cap loot=20000 < min=50000)
[09:00:34] attack: skip 1:4:6 (cap loot=20000 < min=50000)
[09:00:34] attack: skip 1:4:8 (cap loot=20000 < min=50000)
[09:00:34] attack: skip 1:4:10 (cap loot=20000 < min=50000)
[09:00:34] attack: skip 1:4:12 (cap loot=20000 < min=50000)
[09:00:34] attack: spy 1:5:4 probes=4 eta=1s
[09:00:34] attack: spy 1:5:6 probes=4 eta=1s
[09:00:34] attack: spy 1:5:8 probes=4 eta=1s
[09:00:34] attack: spy 1:5:10 probes=4 eta=1s
[09:00:34] attack: skip 1:5:12 (cap loot=20000 < min=50000)
[09:00:34] attack: skip 1:6:4 (cap loot=20000 < min=50000)
[09:00:34] attack: skip 1:6:6 (cap loot=20000 < min=50000)
[09:00:34] attack: skip 1:6:8 (cap loot=20000 < min=50000)
[09:00:34] attack: skip 1:6:10 (cap loot=20000 < min=50000)
[09:00:34] attack: skip 1:6:12 (cap loot=20000 < min=50000)
[09:00:34] attack: skip 1:7:4 (cap loot=20000 < min=50000)
[09:00:34] attack: skip 1:7:6 (cap loot=20000 < min=50000)
[09:00:34] attack: skip 1:7:8 (cap loot=20000 < min=50000)
[09:00:34] attack: skip 1:7:10 (cap loot=20000 < min=50000)
[09:00:34] research: blocked research_energy_technology (building_laboratory 0/1)
[2026-05-11 09:01:18] ==== loop 33/∞ | seed=700949671613944981 archetype=turtle personality=flotero focus=eco actions_per_loop=4 ====
[09:01:18] planet 28: queue busy, throttled building_robot_factory
[09:01:18] planet 28: queue busy, throttled building_robot_factory
[09:01:18] planet 28: queue busy, throttled building_robot_factory
[09:01:18] planet 28: queue busy, throttled building_robot_factory
[09:01:18] attack: intel 1:5:4 ships=55 defs=21 res=98324570
[09:01:18] attack: intel 1:5:6 ships=110 defs=144 res=49448828
[09:01:18] attack: intel 1:5:8 ships=327 defs=0 res=146371164
[09:01:18] attack: intel 1:5:10 ships=53 defs=56 res=55232219
[09:01:18] attack: skip 1:2:1 (cap loot=20000 < min=50000)
[09:01:18] attack: skip 1:2:2 (cap loot=20000 < min=50000)
[09:01:18] attack: skip 1:2:3 (cap loot=20000 < min=50000)
[09:01:18] attack: skip 1:2:4 (cap loot=20000 < min=50000)
[09:01:18] attack: skip 1:2:5 (cap loot=20000 < min=50000)
[09:01:18] attack: skip 1:2:6 (cap loot=20000 < min=50000)
[09:01:18] attack: skip 1:2:7 (cap loot=20000 < min=50000)
[09:01:18] attack: skip 1:2:8 (cap loot=20000 < min=50000)
[09:01:18] attack: skip 1:2:9 (cap loot=20000 < min=50000)
[09:01:18] attack: skip 1:2:10 (cap loot=20000 < min=50000)
[09:01:18] attack: skip 1:2:11 (cap loot=20000 < min=50000)
[09:01:18] attack: skip 1:2:12 (cap loot=20000 < min=50000)
[09:01:18] attack: skip 1:2:13 (cap loot=20000 < min=50000)
[09:01:18] attack: skip 1:2:14 (cap loot=20000 < min=50000)
[09:01:18] attack: skip 1:2:15 (cap loot=20000 < min=50000)
[09:01:18] attack: skip 1:3:1 (cap loot=20000 < min=50000)
[09:01:18] attack: skip 1:3:2 (cap loot=20000 < min=50000)
[09:01:18] attack: skip 1:3:3 (cap loot=20000 < min=50000)
[09:01:18] attack: skip 1:3:4 (cap loot=20000 < min=50000)
[09:01:18] attack: skip 1:3:5 (cap loot=20000 < min=50000)
[09:01:18] attack: skip 1:3:11 (cap loot=20000 < min=50000)
[09:01:18] attack: skip 1:3:12 (cap loot=20000 < min=50000)
[09:01:18] attack: skip 1:3:13 (cap loot=20000 < min=50000)
[09:01:18] attack: skip 1:4:3 (cap loot=20000 < min=50000)
[09:01:18] attack: skip 1:3:6 (cap loot=20000 < min=50000)
[09:01:18] attack: skip 1:3:8 (cap loot=20000 < min=50000)
[09:01:18] attack: skip 1:3:10 (cap loot=20000 < min=50000)
[09:01:18] attack: skip 1:4:4 (cap loot=20000 < min=50000)
[09:01:18] attack: skip 1:4:6 (cap loot=20000 < min=50000)
[09:01:18] attack: skip 1:4:8 (cap loot=20000 < min=50000)
[09:01:18] attack: skip 1:4:10 (cap loot=20000 < min=50000)
[09:01:18] attack: skip 1:4:12 (cap loot=20000 < min=50000)
[09:01:18] attack: skip 1:5:4 (cap loot=20000 < min=50000)
[09:01:18] attack: skip 1:5:6 (cap loot=20000 < min=50000)
[09:01:18] attack: skip 1:5:8 (cap loot=20000 < min=50000)
[09:01:18] attack: skip 1:5:10 (cap loot=20000 < min=50000)
[09:01:18] attack: spy 1:5:12 probes=4 eta=1s
[09:01:18] attack: spy 1:6:4 probes=4 eta=1s
[09:01:18] attack: spy 1:6:6 probes=4 eta=1s
[09:01:18] attack: spy 1:6:8 probes=4 eta=1s
[09:01:18] attack: skip 1:6:10 (cap loot=20000 < min=50000)
[09:01:18] attack: skip 1:6:12 (cap loot=20000 < min=50000)
[09:01:18] attack: skip 1:7:4 (cap loot=20000 < min=50000)
[09:01:18] attack: skip 1:7:6 (cap loot=20000 < min=50000)
[09:01:18] attack: skip 1:7:8 (cap loot=20000 < min=50000)
[09:01:18] attack: skip 1:7:10 (cap loot=20000 < min=50000)
[09:01:18] research: blocked research_energy_technology (building_laboratory 0/1)
[2026-05-11 09:01:59] ==== loop 34/∞ | seed=700949671613944981 archetype=turtle personality=flotero focus=eco actions_per_loop=4 ====
[09:01:59] planet 28: queue busy, throttled building_robot_factory
[09:01:59] planet 28: queue busy, throttled building_robot_factory
[09:01:59] planet 28: queue busy, throttled building_robot_factory
[09:01:59] planet 28: queue busy, throttled building_robot_factory
[09:01:59] attack: intel 1:5:12 ships=37 defs=181 res=92571438
[09:01:59] attack: intel 1:6:4 ships=96 defs=104 res=124577757
[09:01:59] attack: intel 1:6:6 ships=270 defs=191 res=98071924
[09:01:59] attack: intel 1:6:8 ships=118 defs=0 res=143882174
[09:01:59] attack: skip 1:2:1 (cap loot=20000 < min=50000)
[09:01:59] attack: skip 1:2:2 (cap loot=20000 < min=50000)
[09:01:59] attack: skip 1:2:3 (cap loot=20000 < min=50000)
[09:01:59] attack: skip 1:2:4 (cap loot=20000 < min=50000)
[09:01:59] attack: skip 1:2:5 (cap loot=20000 < min=50000)
[09:01:59] attack: skip 1:2:6 (cap loot=20000 < min=50000)
[09:01:59] attack: skip 1:2:7 (cap loot=20000 < min=50000)
[09:01:59] attack: skip 1:2:8 (cap loot=20000 < min=50000)
[09:01:59] attack: skip 1:2:9 (cap loot=20000 < min=50000)
[09:01:59] attack: skip 1:2:10 (cap loot=20000 < min=50000)
[09:01:59] attack: skip 1:2:11 (cap loot=20000 < min=50000)
[09:01:59] attack: skip 1:2:12 (cap loot=20000 < min=50000)
[09:01:59] attack: skip 1:2:13 (cap loot=20000 < min=50000)
[09:01:59] attack: skip 1:2:14 (cap loot=20000 < min=50000)
[09:01:59] attack: skip 1:2:15 (cap loot=20000 < min=50000)
[09:01:59] attack: skip 1:3:1 (cap loot=20000 < min=50000)
[09:01:59] attack: skip 1:3:2 (cap loot=20000 < min=50000)
[09:01:59] attack: skip 1:3:3 (cap loot=20000 < min=50000)
[09:01:59] attack: skip 1:3:4 (cap loot=20000 < min=50000)
[09:01:59] attack: skip 1:3:5 (cap loot=20000 < min=50000)
[09:01:59] attack: skip 1:3:11 (cap loot=20000 < min=50000)
[09:01:59] attack: skip 1:3:12 (cap loot=20000 < min=50000)
[09:01:59] attack: skip 1:3:13 (cap loot=20000 < min=50000)
[09:01:59] attack: skip 1:4:3 (cap loot=20000 < min=50000)
[09:01:59] attack: skip 1:3:6 (cap loot=20000 < min=50000)
[09:01:59] attack: skip 1:3:8 (cap loot=20000 < min=50000)
[09:01:59] attack: skip 1:3:10 (cap loot=20000 < min=50000)
[09:01:59] attack: skip 1:4:4 (cap loot=20000 < min=50000)
[09:01:59] attack: skip 1:4:6 (cap loot=20000 < min=50000)
[09:01:59] attack: skip 1:4:8 (cap loot=20000 < min=50000)
[09:01:59] attack: skip 1:4:10 (cap loot=20000 < min=50000)
[09:01:59] attack: skip 1:4:12 (cap loot=20000 < min=50000)
[09:01:59] attack: skip 1:5:4 (cap loot=20000 < min=50000)
[09:01:59] attack: skip 1:5:6 (cap loot=20000 < min=50000)
[09:01:59] attack: skip 1:5:8 (cap loot=20000 < min=50000)
[09:01:59] attack: skip 1:5:10 (cap loot=20000 < min=50000)
[09:01:59] attack: skip 1:5:12 (cap loot=20000 < min=50000)
[09:01:59] attack: skip 1:6:4 (cap loot=20000 < min=50000)
[09:01:59] attack: skip 1:6:6 (cap loot=20000 < min=50000)
[09:01:59] attack: skip 1:6:8 (cap loot=20000 < min=50000)
[09:01:59] attack: spy 1:6:10 probes=4 eta=1s
[09:01:59] attack: spy 1:6:12 probes=4 eta=1s
[09:01:59] attack: spy 1:7:4 probes=4 eta=1s
[09:01:59] attack: spy 1:7:6 probes=4 eta=1s
[09:01:59] attack: skip 1:7:8 (cap loot=20000 < min=50000)
[09:01:59] attack: skip 1:7:10 (cap loot=20000 < min=50000)
[2026-05-11 09:02:46] ==== loop 35/∞ | seed=700949671613944981 archetype=turtle personality=flotero focus=eco actions_per_loop=4 ====
[09:02:46] planet 28: queue busy, throttled building_robot_factory
[09:02:46] planet 28: queue busy, throttled building_robot_factory
[09:02:46] planet 28: queue busy, throttled building_robot_factory
[09:02:46] planet 28: queue busy, throttled building_robot_factory
[09:02:46] attack: intel 1:6:10 ships=0 defs=0 res=1810219
[09:02:46] attack: intel 1:6:12 ships=55 defs=0 res=46686582
[09:02:46] attack: intel 1:7:4 ships=0 defs=8 res=17416942
[09:02:46] attack: intel 1:7:6 ships=105 defs=18 res=3108630
[09:02:46] attack: skip 1:2:1 (cap loot=20000 < min=50000)
[09:02:46] attack: skip 1:2:2 (cap loot=20000 < min=50000)
[09:02:46] attack: skip 1:2:3 (cap loot=20000 < min=50000)
[09:02:46] attack: skip 1:2:4 (cap loot=20000 < min=50000)
[09:02:46] attack: skip 1:2:5 (cap loot=20000 < min=50000)
[09:02:46] attack: skip 1:2:6 (cap loot=20000 < min=50000)
[09:02:46] attack: skip 1:2:7 (cap loot=20000 < min=50000)
[09:02:46] attack: skip 1:2:8 (cap loot=20000 < min=50000)
[09:02:46] attack: skip 1:2:9 (cap loot=20000 < min=50000)
[09:02:46] attack: skip 1:2:10 (cap loot=20000 < min=50000)
[09:02:46] attack: skip 1:2:11 (cap loot=20000 < min=50000)
[09:02:46] attack: skip 1:2:12 (cap loot=20000 < min=50000)
[09:02:46] attack: skip 1:2:13 (cap loot=20000 < min=50000)
[09:02:46] attack: skip 1:2:14 (cap loot=20000 < min=50000)
[09:02:46] attack: skip 1:2:15 (cap loot=20000 < min=50000)
[09:02:46] attack: skip 1:3:1 (cap loot=20000 < min=50000)
[09:02:46] attack: skip 1:3:2 (cap loot=20000 < min=50000)
[09:02:46] attack: skip 1:3:3 (cap loot=20000 < min=50000)
[09:02:46] attack: skip 1:3:4 (cap loot=20000 < min=50000)
[09:02:46] attack: skip 1:3:5 (cap loot=20000 < min=50000)
[09:02:46] attack: skip 1:3:11 (cap loot=20000 < min=50000)
[09:02:46] attack: skip 1:3:12 (cap loot=20000 < min=50000)
[09:02:46] attack: skip 1:3:13 (cap loot=20000 < min=50000)
[09:02:46] attack: skip 1:4:3 (cap loot=20000 < min=50000)
[09:02:46] attack: skip 1:3:6 (cap loot=20000 < min=50000)
[09:02:46] attack: skip 1:3:8 (cap loot=20000 < min=50000)
[09:02:46] attack: skip 1:3:10 (cap loot=20000 < min=50000)
[09:02:46] attack: skip 1:4:4 (cap loot=20000 < min=50000)
[09:02:46] attack: skip 1:4:6 (cap loot=20000 < min=50000)
[09:02:46] attack: skip 1:4:8 (cap loot=20000 < min=50000)
[09:02:46] attack: skip 1:4:10 (cap loot=20000 < min=50000)
[09:02:46] attack: skip 1:4:12 (cap loot=20000 < min=50000)
[09:02:46] attack: skip 1:5:4 (cap loot=20000 < min=50000)
[09:02:46] attack: skip 1:5:6 (cap loot=20000 < min=50000)
[09:02:46] attack: skip 1:5:8 (cap loot=20000 < min=50000)
[09:02:46] attack: skip 1:5:10 (cap loot=20000 < min=50000)
[09:02:46] attack: skip 1:5:12 (cap loot=20000 < min=50000)
[09:02:46] attack: skip 1:6:4 (cap loot=20000 < min=50000)
[09:02:46] attack: skip 1:6:6 (cap loot=20000 < min=50000)
[09:02:46] attack: skip 1:6:8 (cap loot=20000 < min=50000)
[09:02:46] attack: skip 1:6:10 (cap loot=20000 < min=50000)
[09:02:46] attack: skip 1:6:12 (cap loot=20000 < min=50000)
[09:02:46] attack: skip 1:7:4 (cap loot=20000 < min=50000)
[09:02:46] attack: skip 1:7:6 (cap loot=20000 < min=50000)
[09:02:46] attack: spy 1:7:8 probes=4 eta=1s
[09:02:46] attack: spy 1:7:10 probes=4 eta=1s
[09:02:46] research: blocked research_energy_technology (building_laboratory 0/1)
[2026-05-11 09:03:28] ==== loop 36/∞ | seed=700949671613944981 archetype=turtle personality=flotero focus=eco actions_per_loop=4 ====
[09:03:28] planet 28: queue busy, throttled building_robot_factory
[09:03:28] planet 28: queue busy, throttled building_robot_factory
[09:03:28] planet 28: queue busy, throttled building_robot_factory
[09:03:28] planet 28: queue busy, throttled building_robot_factory
[09:03:28] attack: intel 1:7:8 ships=0 defs=0 res=15026763
[09:03:28] attack: intel 1:7:10 ships=55 defs=64 res=20554331
[09:03:28] attack: skip 1:2:1 (cap loot=20000 < min=50000)
[09:03:28] attack: skip 1:2:2 (cap loot=20000 < min=50000)
[09:03:28] attack: skip 1:2:3 (cap loot=20000 < min=50000)
[09:03:28] attack: skip 1:2:4 (cap loot=20000 < min=50000)
[09:03:28] attack: skip 1:2:5 (cap loot=20000 < min=50000)
[09:03:28] attack: skip 1:2:6 (cap loot=20000 < min=50000)
[09:03:28] attack: skip 1:2:7 (cap loot=20000 < min=50000)
[09:03:28] attack: skip 1:2:8 (cap loot=20000 < min=50000)
[09:03:28] attack: skip 1:2:9 (cap loot=20000 < min=50000)
[09:03:28] attack: skip 1:2:10 (cap loot=20000 < min=50000)
[09:03:28] attack: skip 1:2:11 (cap loot=20000 < min=50000)
[09:03:28] attack: skip 1:2:12 (cap loot=20000 < min=50000)
[09:03:28] attack: skip 1:2:13 (cap loot=20000 < min=50000)
[09:03:28] attack: skip 1:2:14 (cap loot=20000 < min=50000)
[09:03:28] attack: skip 1:2:15 (cap loot=20000 < min=50000)
[09:03:28] attack: skip 1:3:1 (cap loot=20000 < min=50000)
[09:03:28] attack: skip 1:3:2 (cap loot=20000 < min=50000)
[09:03:28] attack: skip 1:3:3 (cap loot=20000 < min=50000)
[09:03:28] attack: skip 1:3:4 (cap loot=20000 < min=50000)
[09:03:28] attack: skip 1:3:5 (cap loot=20000 < min=50000)
[09:03:28] attack: skip 1:3:11 (cap loot=20000 < min=50000)
[09:03:28] attack: skip 1:3:12 (cap loot=20000 < min=50000)
[09:03:28] attack: skip 1:3:13 (cap loot=20000 < min=50000)
[09:03:28] attack: skip 1:4:3 (cap loot=20000 < min=50000)
[09:03:28] attack: skip 1:3:6 (cap loot=20000 < min=50000)
[09:03:28] attack: skip 1:3:8 (cap loot=20000 < min=50000)
[09:03:28] attack: skip 1:3:10 (cap loot=20000 < min=50000)
[09:03:28] attack: skip 1:4:4 (cap loot=20000 < min=50000)
[09:03:28] attack: skip 1:4:6 (cap loot=20000 < min=50000)
[09:03:28] attack: skip 1:4:8 (cap loot=20000 < min=50000)
[09:03:28] attack: skip 1:4:10 (cap loot=20000 < min=50000)
[09:03:28] attack: skip 1:4:12 (cap loot=20000 < min=50000)
[09:03:28] attack: skip 1:5:4 (cap loot=20000 < min=50000)
[09:03:28] attack: skip 1:5:6 (cap loot=20000 < min=50000)
[09:03:28] attack: skip 1:5:8 (cap loot=20000 < min=50000)
[09:03:28] attack: skip 1:5:10 (cap loot=20000 < min=50000)
[09:03:28] attack: skip 1:5:12 (cap loot=20000 < min=50000)
[09:03:28] attack: skip 1:6:4 (cap loot=20000 < min=50000)
[09:03:28] attack: skip 1:6:6 (cap loot=20000 < min=50000)
[09:03:28] attack: skip 1:6:8 (cap loot=20000 < min=50000)
[09:03:28] attack: skip 1:6:10 (cap loot=20000 < min=50000)
[09:03:28] attack: skip 1:6:12 (cap loot=20000 < min=50000)
[09:03:28] attack: skip 1:7:4 (cap loot=20000 < min=50000)
[09:03:28] attack: skip 1:7:6 (cap loot=20000 < min=50000)
[09:03:28] attack: skip 1:7:8 (cap loot=20000 < min=50000)
[09:03:28] attack: skip 1:7:10 (cap loot=20000 < min=50000)
[09:03:28] attack: idle candidates=46 fresh_intel=46 no_spy_src=0 no_atk_src=0 raidmix_fail=0 cooldown_spy=0
[09:03:28] research: blocked research_energy_technology (building_laboratory 0/1)
[2026-05-11 09:04:07] ==== loop 37/∞ | seed=700949671613944981 archetype=turtle personality=flotero focus=eco actions_per_loop=4 ====
[09:04:07] planet 28: queue busy, throttled building_robot_factory
[09:04:07] planet 28: queue busy, throttled building_robot_factory
[09:04:07] planet 28: queue busy, throttled building_robot_factory
[09:04:07] planet 28: queue busy, throttled building_robot_factory
[09:04:07] attack: skip 1:2:1 (cap loot=20000 < min=50000)
[09:04:07] attack: skip 1:2:2 (cap loot=20000 < min=50000)
[09:04:07] attack: skip 1:2:3 (cap loot=20000 < min=50000)
[09:04:07] attack: skip 1:2:4 (cap loot=20000 < min=50000)
[09:04:07] attack: skip 1:2:5 (cap loot=20000 < min=50000)
[09:04:07] attack: skip 1:2:6 (cap loot=20000 < min=50000)
[09:04:07] attack: skip 1:2:7 (cap loot=20000 < min=50000)
[09:04:07] attack: skip 1:2:8 (cap loot=20000 < min=50000)
[09:04:07] attack: skip 1:2:9 (cap loot=20000 < min=50000)
[09:04:07] attack: skip 1:2:10 (cap loot=20000 < min=50000)
[09:04:07] attack: skip 1:2:11 (cap loot=20000 < min=50000)
[09:04:07] attack: skip 1:2:12 (cap loot=20000 < min=50000)
[09:04:07] attack: skip 1:2:13 (cap loot=20000 < min=50000)
[09:04:07] attack: skip 1:2:14 (cap loot=20000 < min=50000)
[09:04:07] attack: skip 1:2:15 (cap loot=20000 < min=50000)
[09:04:07] attack: skip 1:3:1 (cap loot=20000 < min=50000)
[09:04:07] attack: skip 1:3:2 (cap loot=20000 < min=50000)
[09:04:07] attack: skip 1:3:3 (cap loot=20000 < min=50000)
[09:04:07] attack: skip 1:3:4 (cap loot=20000 < min=50000)
[09:04:07] attack: skip 1:3:5 (cap loot=20000 < min=50000)
[09:04:07] attack: skip 1:3:11 (cap loot=20000 < min=50000)
[09:04:07] attack: skip 1:3:12 (cap loot=20000 < min=50000)
[09:04:07] attack: skip 1:3:13 (cap loot=20000 < min=50000)
[09:04:07] attack: skip 1:4:3 (cap loot=20000 < min=50000)
[09:04:07] attack: skip 1:3:6 (cap loot=20000 < min=50000)
[09:04:07] attack: skip 1:3:8 (cap loot=20000 < min=50000)
[09:04:07] attack: skip 1:3:10 (cap loot=20000 < min=50000)
[09:04:07] attack: skip 1:4:4 (cap loot=20000 < min=50000)
[09:04:07] attack: skip 1:4:6 (cap loot=20000 < min=50000)
[09:04:07] attack: skip 1:4:8 (cap loot=20000 < min=50000)
[09:04:07] attack: skip 1:4:10 (cap loot=20000 < min=50000)
[09:04:07] attack: skip 1:4:12 (cap loot=20000 < min=50000)
[09:04:07] attack: skip 1:5:4 (cap loot=20000 < min=50000)
[09:04:07] attack: skip 1:5:6 (cap loot=20000 < min=50000)
[09:04:07] attack: skip 1:5:8 (cap loot=20000 < min=50000)
[09:04:07] attack: skip 1:5:10 (cap loot=20000 < min=50000)
[09:04:07] attack: skip 1:5:12 (cap loot=20000 < min=50000)
[09:04:07] attack: skip 1:6:4 (cap loot=20000 < min=50000)
[09:04:07] attack: skip 1:6:6 (cap loot=20000 < min=50000)
[09:04:07] attack: skip 1:6:8 (cap loot=20000 < min=50000)
[09:04:07] attack: skip 1:6:10 (cap loot=20000 < min=50000)
[09:04:07] attack: skip 1:6:12 (cap loot=20000 < min=50000)
[09:04:07] attack: skip 1:7:4 (cap loot=20000 < min=50000)
[09:04:07] attack: skip 1:7:6 (cap loot=20000 < min=50000)
[09:04:07] attack: skip 1:7:8 (cap loot=20000 < min=50000)
[09:04:07] attack: skip 1:7:10 (cap loot=20000 < min=50000)
[09:04:07] attack: idle candidates=46 fresh_intel=46 no_spy_src=0 no_atk_src=0 raidmix_fail=0 cooldown_spy=0
[09:04:07] research: blocked research_energy_technology (building_laboratory 0/1)
[2026-05-11 09:04:50] ==== loop 38/∞ | seed=700949671613944981 archetype=turtle personality=flotero focus=eco actions_per_loop=4 ====
[09:04:50] planet 28: queue busy, throttled building_robot_factory
[09:04:50] planet 28: queue busy, throttled building_robot_factory
[09:04:50] planet 28: queue busy, throttled building_robot_factory
[09:04:50] planet 28: queue busy, throttled building_robot_factory
[09:04:50] attack: skip 1:2:1 (cap loot=20000 < min=50000)
[09:04:50] attack: skip 1:2:2 (cap loot=20000 < min=50000)
[09:04:50] attack: skip 1:2:3 (cap loot=20000 < min=50000)
[09:04:50] attack: skip 1:2:4 (cap loot=20000 < min=50000)
[09:04:50] attack: skip 1:2:5 (cap loot=20000 < min=50000)
[09:04:50] attack: skip 1:2:6 (cap loot=20000 < min=50000)
[09:04:50] attack: skip 1:2:7 (cap loot=20000 < min=50000)
[09:04:50] attack: skip 1:2:8 (cap loot=20000 < min=50000)
[09:04:50] attack: skip 1:2:9 (cap loot=20000 < min=50000)
[09:04:50] attack: skip 1:2:10 (cap loot=20000 < min=50000)
[09:04:50] attack: skip 1:2:11 (cap loot=20000 < min=50000)
[09:04:50] attack: skip 1:2:12 (cap loot=20000 < min=50000)
[09:04:50] attack: skip 1:2:13 (cap loot=20000 < min=50000)
[09:04:50] attack: skip 1:2:14 (cap loot=20000 < min=50000)
[09:04:50] attack: skip 1:2:15 (cap loot=20000 < min=50000)
[09:04:50] attack: skip 1:3:1 (cap loot=20000 < min=50000)
[09:04:50] attack: skip 1:3:2 (cap loot=20000 < min=50000)
[09:04:50] attack: skip 1:3:3 (cap loot=20000 < min=50000)
[09:04:50] attack: skip 1:3:4 (cap loot=20000 < min=50000)
[09:04:50] attack: skip 1:3:5 (cap loot=20000 < min=50000)
[09:04:50] attack: skip 1:3:11 (cap loot=20000 < min=50000)
[09:04:50] attack: skip 1:3:12 (cap loot=20000 < min=50000)
[09:04:50] attack: skip 1:3:13 (cap loot=20000 < min=50000)
[09:04:50] attack: skip 1:4:3 (cap loot=20000 < min=50000)
[09:04:50] attack: skip 1:3:6 (cap loot=20000 < min=50000)
[09:04:50] attack: skip 1:3:8 (cap loot=20000 < min=50000)
[09:04:50] attack: skip 1:3:10 (cap loot=20000 < min=50000)
[09:04:50] attack: skip 1:4:4 (cap loot=20000 < min=50000)
[09:04:50] attack: skip 1:4:6 (cap loot=20000 < min=50000)
[09:04:50] attack: skip 1:4:8 (cap loot=20000 < min=50000)
[09:04:50] attack: skip 1:4:10 (cap loot=20000 < min=50000)
[09:04:50] attack: skip 1:4:12 (cap loot=20000 < min=50000)
[09:04:50] attack: skip 1:5:4 (cap loot=20000 < min=50000)
[09:04:50] attack: skip 1:5:6 (cap loot=20000 < min=50000)
[09:04:50] attack: skip 1:5:8 (cap loot=20000 < min=50000)
[09:04:50] attack: skip 1:5:10 (cap loot=20000 < min=50000)
[09:04:50] attack: skip 1:5:12 (cap loot=20000 < min=50000)
[09:04:50] attack: skip 1:6:4 (cap loot=20000 < min=50000)
[09:04:50] attack: skip 1:6:6 (cap loot=20000 < min=50000)
[09:04:50] attack: skip 1:6:8 (cap loot=20000 < min=50000)
[09:04:50] attack: skip 1:6:10 (cap loot=20000 < min=50000)
[09:04:50] attack: skip 1:6:12 (cap loot=20000 < min=50000)
[09:04:50] attack: skip 1:7:4 (cap loot=20000 < min=50000)
[09:04:50] attack: skip 1:7:6 (cap loot=20000 < min=50000)
[09:04:50] attack: skip 1:7:8 (cap loot=20000 < min=50000)
[09:04:50] attack: skip 1:7:10 (cap loot=20000 < min=50000)
[09:04:50] attack: idle candidates=46 fresh_intel=46 no_spy_src=0 no_atk_src=0 raidmix_fail=0 cooldown_spy=0
[09:04:50] research: blocked research_energy_technology (building_laboratory 0/1)
[2026-05-11 09:05:30] ==== loop 39/∞ | seed=700949671613944981 archetype=turtle personality=flotero focus=eco actions_per_loop=4 ====
[09:05:30] planet 28: queue busy, throttled building_robot_factory
[09:05:30] planet 28: queue busy, throttled building_robot_factory
[09:05:30] planet 28: queue busy, throttled building_robot_factory
[09:05:30] planet 28: queue busy, throttled building_robot_factory
[09:05:30] attack: skip 1:2:1 (cap loot=20000 < min=50000)
[09:05:30] attack: skip 1:2:2 (cap loot=20000 < min=50000)
[09:05:30] attack: skip 1:2:3 (cap loot=20000 < min=50000)
[09:05:30] attack: skip 1:2:4 (cap loot=20000 < min=50000)
[09:05:30] attack: skip 1:2:5 (cap loot=20000 < min=50000)
[09:05:30] attack: skip 1:2:6 (cap loot=20000 < min=50000)
[09:05:30] attack: skip 1:2:7 (cap loot=20000 < min=50000)
[09:05:30] attack: skip 1:2:8 (cap loot=20000 < min=50000)
[09:05:30] attack: skip 1:2:9 (cap loot=20000 < min=50000)
[09:05:30] attack: skip 1:2:10 (cap loot=20000 < min=50000)
[09:05:30] attack: skip 1:2:11 (cap loot=20000 < min=50000)
[09:05:30] attack: skip 1:2:12 (cap loot=20000 < min=50000)
[09:05:30] attack: skip 1:2:13 (cap loot=20000 < min=50000)
[09:05:30] attack: skip 1:2:14 (cap loot=20000 < min=50000)
[09:05:30] attack: skip 1:2:15 (cap loot=20000 < min=50000)
[09:05:30] attack: skip 1:3:1 (cap loot=20000 < min=50000)
[09:05:30] attack: skip 1:3:2 (cap loot=20000 < min=50000)
[09:05:30] attack: skip 1:3:3 (cap loot=20000 < min=50000)
[09:05:30] attack: skip 1:3:4 (cap loot=20000 < min=50000)
[09:05:30] attack: skip 1:3:5 (cap loot=20000 < min=50000)
[09:05:30] attack: skip 1:3:11 (cap loot=20000 < min=50000)
[09:05:30] attack: skip 1:3:12 (cap loot=20000 < min=50000)
[09:05:30] attack: skip 1:3:13 (cap loot=20000 < min=50000)
[09:05:30] attack: skip 1:4:3 (cap loot=20000 < min=50000)
[09:05:30] attack: skip 1:3:6 (cap loot=20000 < min=50000)
[09:05:30] attack: skip 1:3:8 (cap loot=20000 < min=50000)
[09:05:30] attack: skip 1:3:10 (cap loot=20000 < min=50000)
[09:05:30] attack: skip 1:4:4 (cap loot=20000 < min=50000)
[09:05:30] attack: skip 1:4:6 (cap loot=20000 < min=50000)
[09:05:30] attack: skip 1:4:8 (cap loot=20000 < min=50000)
[09:05:30] attack: skip 1:4:10 (cap loot=20000 < min=50000)
[09:05:30] attack: skip 1:4:12 (cap loot=20000 < min=50000)
[09:05:30] attack: skip 1:5:4 (cap loot=20000 < min=50000)
[09:05:30] attack: skip 1:5:6 (cap loot=20000 < min=50000)
[09:05:30] attack: skip 1:5:8 (cap loot=20000 < min=50000)
[09:05:30] attack: skip 1:5:10 (cap loot=20000 < min=50000)
[09:05:30] attack: skip 1:5:12 (cap loot=20000 < min=50000)
[09:05:30] attack: skip 1:6:4 (cap loot=20000 < min=50000)
[09:05:30] attack: skip 1:6:6 (cap loot=20000 < min=50000)
[09:05:30] attack: skip 1:6:8 (cap loot=20000 < min=50000)
[09:05:30] attack: skip 1:6:10 (cap loot=20000 < min=50000)
[09:05:30] attack: skip 1:6:12 (cap loot=20000 < min=50000)
[09:05:30] attack: skip 1:7:4 (cap loot=20000 < min=50000)
[09:05:30] attack: skip 1:7:6 (cap loot=20000 < min=50000)
[09:05:30] attack: skip 1:7:8 (cap loot=20000 < min=50000)
[09:05:30] attack: skip 1:7:10 (cap loot=20000 < min=50000)
[09:05:30] attack: idle candidates=46 fresh_intel=46 no_spy_src=0 no_atk_src=0 raidmix_fail=0 cooldown_spy=0
[09:05:30] research: blocked research_energy_technology (building_laboratory 0/1)
[2026-05-11 09:06:13] ==== loop 40/∞ | seed=700949671613944981 archetype=turtle personality=flotero focus=eco actions_per_loop=4 ====
[09:06:13] planet 28: queue busy, throttled building_robot_factory
[09:06:13] planet 28: queue busy, throttled building_robot_factory
[09:06:13] planet 28: queue busy, throttled building_robot_factory
[09:06:13] planet 28: queue busy, throttled building_robot_factory
[09:06:13] attack: skip 1:2:1 (cap loot=20000 < min=50000)
[09:06:13] attack: skip 1:2:2 (cap loot=20000 < min=50000)
[09:06:13] attack: skip 1:2:3 (cap loot=20000 < min=50000)
[09:06:13] attack: skip 1:2:4 (cap loot=20000 < min=50000)
[09:06:13] attack: skip 1:2:5 (cap loot=20000 < min=50000)
[09:06:13] attack: skip 1:2:6 (cap loot=20000 < min=50000)
[09:06:13] attack: skip 1:2:7 (cap loot=20000 < min=50000)
[09:06:13] attack: skip 1:2:8 (cap loot=20000 < min=50000)
[09:06:13] attack: skip 1:2:9 (cap loot=20000 < min=50000)
[09:06:13] attack: skip 1:2:10 (cap loot=20000 < min=50000)
[09:06:13] attack: skip 1:2:11 (cap loot=20000 < min=50000)
[09:06:13] attack: skip 1:2:12 (cap loot=20000 < min=50000)
[09:06:13] attack: skip 1:2:13 (cap loot=20000 < min=50000)
[09:06:13] attack: skip 1:2:14 (cap loot=20000 < min=50000)
[09:06:13] attack: skip 1:2:15 (cap loot=20000 < min=50000)
[09:06:13] attack: skip 1:3:1 (cap loot=20000 < min=50000)
[09:06:13] attack: skip 1:3:2 (cap loot=20000 < min=50000)
[09:06:13] attack: skip 1:3:3 (cap loot=20000 < min=50000)
[09:06:13] attack: skip 1:3:4 (cap loot=20000 < min=50000)
[09:06:13] attack: skip 1:3:5 (cap loot=20000 < min=50000)
[09:06:13] attack: skip 1:3:11 (cap loot=20000 < min=50000)
[09:06:13] attack: skip 1:3:12 (cap loot=20000 < min=50000)
[09:06:13] attack: skip 1:3:13 (cap loot=20000 < min=50000)
[09:06:13] attack: skip 1:4:3 (cap loot=20000 < min=50000)
[09:06:13] attack: skip 1:3:6 (cap loot=20000 < min=50000)
[09:06:13] attack: skip 1:3:8 (cap loot=20000 < min=50000)
[09:06:13] attack: skip 1:3:10 (cap loot=20000 < min=50000)
[09:06:13] attack: skip 1:4:4 (cap loot=20000 < min=50000)
[09:06:13] attack: skip 1:4:6 (cap loot=20000 < min=50000)
[09:06:13] attack: skip 1:4:8 (cap loot=20000 < min=50000)
[09:06:13] attack: skip 1:4:10 (cap loot=20000 < min=50000)
[09:06:13] attack: skip 1:4:12 (cap loot=20000 < min=50000)
[09:06:13] attack: skip 1:5:4 (cap loot=20000 < min=50000)
[09:06:13] attack: skip 1:5:6 (cap loot=20000 < min=50000)
[09:06:13] attack: skip 1:5:8 (cap loot=20000 < min=50000)
[09:06:13] attack: skip 1:5:10 (cap loot=20000 < min=50000)
[09:06:13] attack: skip 1:5:12 (cap loot=20000 < min=50000)
[09:06:13] attack: skip 1:6:4 (cap loot=20000 < min=50000)
[09:06:13] attack: skip 1:6:6 (cap loot=20000 < min=50000)
[09:06:13] attack: skip 1:6:8 (cap loot=20000 < min=50000)
[09:06:13] attack: skip 1:6:10 (cap loot=20000 < min=50000)
[09:06:13] attack: skip 1:6:12 (cap loot=20000 < min=50000)
[09:06:13] attack: skip 1:7:4 (cap loot=20000 < min=50000)
[09:06:13] attack: skip 1:7:6 (cap loot=20000 < min=50000)
[09:06:13] attack: skip 1:7:8 (cap loot=20000 < min=50000)
[09:06:13] attack: skip 1:7:10 (cap loot=20000 < min=50000)
[09:06:13] attack: idle candidates=46 fresh_intel=46 no_spy_src=0 no_atk_src=0 raidmix_fail=0 cooldown_spy=0
[2026-05-11 09:06:52] ==== loop 41/∞ | seed=700949671613944981 archetype=turtle personality=flotero focus=eco actions_per_loop=4 ====
[09:06:52] planet 28: queue busy, throttled building_robot_factory
[09:06:52] planet 28: queue busy, throttled building_robot_factory
[09:06:52] planet 28: queue busy, throttled building_robot_factory
[09:06:52] attack: skip 1:2:1 (cap loot=20000 < min=50000)
[09:06:52] attack: skip 1:2:2 (cap loot=20000 < min=50000)
[09:06:52] attack: skip 1:2:3 (cap loot=20000 < min=50000)
[09:06:52] attack: skip 1:2:4 (cap loot=20000 < min=50000)
[09:06:52] attack: skip 1:2:5 (cap loot=20000 < min=50000)
[09:06:52] attack: skip 1:2:6 (cap loot=20000 < min=50000)
[09:06:52] attack: skip 1:2:7 (cap loot=20000 < min=50000)
[09:06:52] attack: skip 1:2:8 (cap loot=20000 < min=50000)
[09:06:52] attack: skip 1:2:9 (cap loot=20000 < min=50000)
[09:06:52] attack: skip 1:2:10 (cap loot=20000 < min=50000)
[09:06:52] attack: skip 1:2:11 (cap loot=20000 < min=50000)
[09:06:52] attack: skip 1:2:12 (cap loot=20000 < min=50000)
[09:06:52] attack: skip 1:2:13 (cap loot=20000 < min=50000)
[09:06:52] attack: skip 1:2:14 (cap loot=20000 < min=50000)
[09:06:52] attack: skip 1:2:15 (cap loot=20000 < min=50000)
[09:06:52] attack: skip 1:3:1 (cap loot=20000 < min=50000)
[09:06:52] attack: skip 1:3:2 (cap loot=20000 < min=50000)
[09:06:52] attack: skip 1:3:3 (cap loot=20000 < min=50000)
[09:06:52] attack: skip 1:3:4 (cap loot=20000 < min=50000)
[09:06:52] attack: skip 1:3:5 (cap loot=20000 < min=50000)
[09:06:52] attack: skip 1:3:11 (cap loot=20000 < min=50000)
[09:06:52] attack: skip 1:3:12 (cap loot=20000 < min=50000)
[09:06:52] attack: skip 1:3:13 (cap loot=20000 < min=50000)
[09:06:52] attack: skip 1:4:3 (cap loot=20000 < min=50000)
[09:06:52] attack: skip 1:3:6 (cap loot=20000 < min=50000)
[09:06:52] attack: skip 1:3:8 (cap loot=20000 < min=50000)
[09:06:52] attack: skip 1:3:10 (cap loot=20000 < min=50000)
[09:06:52] attack: skip 1:4:4 (cap loot=20000 < min=50000)
[09:06:52] attack: skip 1:4:6 (cap loot=20000 < min=50000)
[09:06:52] attack: skip 1:4:8 (cap loot=20000 < min=50000)
[09:06:52] attack: skip 1:4:10 (cap loot=20000 < min=50000)
[09:06:52] attack: skip 1:4:12 (cap loot=20000 < min=50000)
[09:06:52] attack: skip 1:5:4 (cap loot=20000 < min=50000)
[09:06:52] attack: skip 1:5:6 (cap loot=20000 < min=50000)
[09:06:52] attack: skip 1:5:8 (cap loot=20000 < min=50000)
[09:06:52] attack: skip 1:5:10 (cap loot=20000 < min=50000)
[09:06:52] attack: skip 1:5:12 (cap loot=20000 < min=50000)
[09:06:52] attack: skip 1:6:4 (cap loot=20000 < min=50000)
[09:06:52] attack: skip 1:6:6 (cap loot=20000 < min=50000)
[09:06:52] attack: skip 1:6:8 (cap loot=20000 < min=50000)
[09:06:52] attack: skip 1:6:10 (cap loot=20000 < min=50000)
[09:06:52] attack: skip 1:6:12 (cap loot=20000 < min=50000)
[09:06:52] attack: skip 1:7:4 (cap loot=20000 < min=50000)
[09:06:52] attack: skip 1:7:6 (cap loot=20000 < min=50000)
[09:06:52] attack: skip 1:7:8 (cap loot=20000 < min=50000)
[09:06:52] attack: skip 1:7:10 (cap loot=20000 < min=50000)
[09:06:52] attack: idle candidates=46 fresh_intel=46 no_spy_src=0 no_atk_src=0 raidmix_fail=0 cooldown_spy=0
[2026-05-11 09:07:33] ==== loop 42/∞ | seed=700949671613944981 archetype=turtle personality=flotero focus=eco actions_per_loop=4 ====
[09:07:33] planet 28: queue busy, throttled building_robot_factory
[09:07:33] planet 28: queue busy, throttled building_robot_factory
[09:07:33] planet 28: queue busy, throttled building_robot_factory
[09:07:33] planet 28: queue busy, throttled building_robot_factory
[09:07:33] attack: skip 1:2:1 (cap loot=20000 < min=50000)
[09:07:33] attack: skip 1:2:2 (cap loot=20000 < min=50000)
[09:07:33] attack: skip 1:2:3 (cap loot=20000 < min=50000)
[09:07:33] attack: skip 1:2:4 (cap loot=20000 < min=50000)
[09:07:33] attack: skip 1:2:5 (cap loot=20000 < min=50000)
[09:07:33] attack: skip 1:2:6 (cap loot=20000 < min=50000)
[09:07:33] attack: skip 1:2:7 (cap loot=20000 < min=50000)
[09:07:33] attack: skip 1:2:8 (cap loot=20000 < min=50000)
[09:07:33] attack: skip 1:2:9 (cap loot=20000 < min=50000)
[09:07:33] attack: skip 1:2:10 (cap loot=20000 < min=50000)
[09:07:33] attack: skip 1:2:11 (cap loot=20000 < min=50000)
[09:07:33] attack: skip 1:2:12 (cap loot=20000 < min=50000)
[09:07:33] attack: skip 1:2:13 (cap loot=20000 < min=50000)
[09:07:33] attack: skip 1:2:14 (cap loot=20000 < min=50000)
[09:07:33] attack: skip 1:2:15 (cap loot=20000 < min=50000)
[09:07:33] attack: skip 1:3:1 (cap loot=20000 < min=50000)
[09:07:33] attack: skip 1:3:2 (cap loot=20000 < min=50000)
[09:07:33] attack: skip 1:3:3 (cap loot=20000 < min=50000)
[09:07:33] attack: skip 1:3:4 (cap loot=20000 < min=50000)
[09:07:33] attack: skip 1:3:5 (cap loot=20000 < min=50000)
[09:07:33] attack: skip 1:3:11 (cap loot=20000 < min=50000)
[09:07:33] attack: skip 1:3:12 (cap loot=20000 < min=50000)
[09:07:33] attack: skip 1:3:13 (cap loot=20000 < min=50000)
[09:07:33] attack: skip 1:4:3 (cap loot=20000 < min=50000)
[09:07:33] attack: skip 1:3:6 (cap loot=20000 < min=50000)
[09:07:33] attack: skip 1:3:8 (cap loot=20000 < min=50000)
[09:07:33] attack: skip 1:3:10 (cap loot=20000 < min=50000)
[09:07:33] attack: skip 1:4:4 (cap loot=20000 < min=50000)
[09:07:33] attack: skip 1:4:6 (cap loot=20000 < min=50000)
[09:07:33] attack: skip 1:4:8 (cap loot=20000 < min=50000)
[09:07:33] attack: skip 1:4:10 (cap loot=20000 < min=50000)
[09:07:33] attack: skip 1:4:12 (cap loot=20000 < min=50000)
[09:07:33] attack: skip 1:5:4 (cap loot=20000 < min=50000)
[09:07:33] attack: skip 1:5:6 (cap loot=20000 < min=50000)
[09:07:33] attack: skip 1:5:8 (cap loot=20000 < min=50000)
[09:07:33] attack: skip 1:5:10 (cap loot=20000 < min=50000)
[09:07:33] attack: skip 1:5:12 (cap loot=20000 < min=50000)
[09:07:33] attack: skip 1:6:4 (cap loot=20000 < min=50000)
[09:07:33] attack: skip 1:6:6 (cap loot=20000 < min=50000)
[09:07:33] attack: skip 1:6:8 (cap loot=20000 < min=50000)
[09:07:33] attack: skip 1:6:10 (cap loot=20000 < min=50000)
[09:07:33] attack: skip 1:6:12 (cap loot=20000 < min=50000)
[09:07:33] attack: skip 1:7:4 (cap loot=20000 < min=50000)
[09:07:33] attack: skip 1:7:6 (cap loot=20000 < min=50000)
[09:07:33] attack: skip 1:7:8 (cap loot=20000 < min=50000)
[09:07:33] attack: skip 1:7:10 (cap loot=20000 < min=50000)
[09:07:33] attack: idle candidates=46 fresh_intel=46 no_spy_src=0 no_atk_src=0 raidmix_fail=0 cooldown_spy=0
[09:07:33] research: blocked research_energy_technology (building_laboratory 0/1)
[2026-05-11 09:08:16] ==== loop 43/∞ | seed=700949671613944981 archetype=turtle personality=flotero focus=eco actions_per_loop=4 ====
[09:08:16] planet 28: queue busy, throttled building_robot_factory
[09:08:16] planet 28: queue busy, throttled building_robot_factory
[09:08:16] planet 28: queue busy, throttled building_robot_factory
[09:08:16] planet 28: queue busy, throttled building_robot_factory
[09:08:16] attack: skip 1:2:1 (cap loot=20000 < min=50000)
[09:08:16] attack: skip 1:2:2 (cap loot=20000 < min=50000)
[09:08:16] attack: skip 1:2:3 (cap loot=20000 < min=50000)
[09:08:16] attack: skip 1:2:4 (cap loot=20000 < min=50000)
[09:08:16] attack: skip 1:2:5 (cap loot=20000 < min=50000)
[09:08:16] attack: skip 1:2:6 (cap loot=20000 < min=50000)
[09:08:16] attack: skip 1:2:7 (cap loot=20000 < min=50000)
[09:08:16] attack: skip 1:2:8 (cap loot=20000 < min=50000)
[09:08:16] attack: skip 1:2:9 (cap loot=20000 < min=50000)
[09:08:16] attack: skip 1:2:10 (cap loot=20000 < min=50000)
[09:08:16] attack: skip 1:2:11 (cap loot=20000 < min=50000)
[09:08:16] attack: skip 1:2:12 (cap loot=20000 < min=50000)
[09:08:16] attack: skip 1:2:13 (cap loot=20000 < min=50000)
[09:08:16] attack: skip 1:2:14 (cap loot=20000 < min=50000)
[09:08:16] attack: skip 1:2:15 (cap loot=20000 < min=50000)
[09:08:16] attack: skip 1:3:1 (cap loot=20000 < min=50000)
[09:08:16] attack: skip 1:3:2 (cap loot=20000 < min=50000)
[09:08:16] attack: skip 1:3:3 (cap loot=20000 < min=50000)
[09:08:16] attack: skip 1:3:4 (cap loot=20000 < min=50000)
[09:08:16] attack: skip 1:3:5 (cap loot=20000 < min=50000)
[09:08:16] attack: skip 1:3:11 (cap loot=20000 < min=50000)
[09:08:16] attack: skip 1:3:12 (cap loot=20000 < min=50000)
[09:08:16] attack: skip 1:3:13 (cap loot=20000 < min=50000)
[09:08:16] attack: skip 1:4:3 (cap loot=20000 < min=50000)
[09:08:16] attack: skip 1:3:6 (cap loot=20000 < min=50000)
[09:08:16] attack: skip 1:3:8 (cap loot=20000 < min=50000)
[09:08:16] attack: skip 1:3:10 (cap loot=20000 < min=50000)
[09:08:16] attack: skip 1:4:4 (cap loot=20000 < min=50000)
[09:08:16] attack: skip 1:4:6 (cap loot=20000 < min=50000)
[09:08:16] attack: skip 1:4:8 (cap loot=20000 < min=50000)
[09:08:16] attack: skip 1:4:10 (cap loot=20000 < min=50000)
[09:08:16] attack: skip 1:4:12 (cap loot=20000 < min=50000)
[09:08:16] attack: skip 1:5:4 (cap loot=20000 < min=50000)
[09:08:16] attack: skip 1:5:6 (cap loot=20000 < min=50000)
[09:08:16] attack: skip 1:5:8 (cap loot=20000 < min=50000)
[09:08:16] attack: skip 1:5:10 (cap loot=20000 < min=50000)
[09:08:16] attack: skip 1:5:12 (cap loot=20000 < min=50000)
[09:08:16] attack: skip 1:6:4 (cap loot=20000 < min=50000)
[09:08:16] attack: skip 1:6:6 (cap loot=20000 < min=50000)
[09:08:16] attack: skip 1:6:8 (cap loot=20000 < min=50000)
[09:08:16] attack: skip 1:6:10 (cap loot=20000 < min=50000)
[09:08:16] attack: skip 1:6:12 (cap loot=20000 < min=50000)
[09:08:16] attack: skip 1:7:4 (cap loot=20000 < min=50000)
[09:08:16] attack: skip 1:7:6 (cap loot=20000 < min=50000)
[09:08:16] attack: skip 1:7:8 (cap loot=20000 < min=50000)
[09:08:16] attack: skip 1:7:10 (cap loot=20000 < min=50000)
[09:08:16] attack: idle candidates=46 fresh_intel=46 no_spy_src=0 no_atk_src=0 raidmix_fail=0 cooldown_spy=0
[2026-05-11 09:08:54] ==== loop 44/∞ | seed=700949671613944981 archetype=turtle personality=flotero focus=eco actions_per_loop=4 ====
[09:08:54] planet 28: queue busy, throttled building_robot_factory
[09:08:54] planet 28: queue busy, throttled building_robot_factory
[09:08:54] planet 28: queue busy, throttled building_robot_factory
[09:08:54] planet 28: queue busy, throttled building_robot_factory
[09:08:54] attack: skip 1:2:1 (cap loot=20000 < min=50000)
[09:08:54] attack: skip 1:2:2 (cap loot=20000 < min=50000)
[09:08:54] attack: skip 1:2:3 (cap loot=20000 < min=50000)
[09:08:54] attack: skip 1:2:4 (cap loot=20000 < min=50000)
[09:08:54] attack: skip 1:2:5 (cap loot=20000 < min=50000)
[09:08:54] attack: skip 1:2:6 (cap loot=20000 < min=50000)
[09:08:54] attack: skip 1:2:7 (cap loot=20000 < min=50000)
[09:08:54] attack: skip 1:2:8 (cap loot=20000 < min=50000)
[09:08:54] attack: skip 1:2:9 (cap loot=20000 < min=50000)
[09:08:54] attack: skip 1:2:10 (cap loot=20000 < min=50000)
[09:08:54] attack: skip 1:2:11 (cap loot=20000 < min=50000)
[09:08:54] attack: skip 1:2:12 (cap loot=20000 < min=50000)
[09:08:54] attack: skip 1:2:13 (cap loot=20000 < min=50000)
[09:08:54] attack: skip 1:2:14 (cap loot=20000 < min=50000)
[09:08:54] attack: skip 1:2:15 (cap loot=20000 < min=50000)
[09:08:54] attack: skip 1:3:1 (cap loot=20000 < min=50000)
[09:08:54] attack: skip 1:3:2 (cap loot=20000 < min=50000)
[09:08:54] attack: skip 1:3:3 (cap loot=20000 < min=50000)
[09:08:54] attack: skip 1:3:4 (cap loot=20000 < min=50000)
[09:08:54] attack: skip 1:3:5 (cap loot=20000 < min=50000)
[09:08:54] attack: skip 1:3:11 (cap loot=20000 < min=50000)
[09:08:54] attack: skip 1:3:12 (cap loot=20000 < min=50000)
[09:08:54] attack: skip 1:3:13 (cap loot=20000 < min=50000)
[09:08:54] attack: skip 1:4:3 (cap loot=20000 < min=50000)
[09:08:54] attack: skip 1:3:6 (cap loot=20000 < min=50000)
[09:08:54] attack: skip 1:3:8 (cap loot=20000 < min=50000)
[09:08:54] attack: skip 1:3:10 (cap loot=20000 < min=50000)
[09:08:54] attack: skip 1:4:4 (cap loot=20000 < min=50000)
[09:08:54] attack: skip 1:4:6 (cap loot=20000 < min=50000)
[09:08:54] attack: skip 1:4:8 (cap loot=20000 < min=50000)
[09:08:54] attack: skip 1:4:10 (cap loot=20000 < min=50000)
[09:08:54] attack: skip 1:4:12 (cap loot=20000 < min=50000)
[09:08:54] attack: skip 1:5:4 (cap loot=20000 < min=50000)
[09:08:54] attack: skip 1:5:6 (cap loot=20000 < min=50000)
[09:08:54] attack: skip 1:5:8 (cap loot=20000 < min=50000)
[09:08:54] attack: skip 1:5:10 (cap loot=20000 < min=50000)
[09:08:54] attack: skip 1:5:12 (cap loot=20000 < min=50000)
[09:08:54] attack: skip 1:6:4 (cap loot=20000 < min=50000)
[09:08:54] attack: skip 1:6:6 (cap loot=20000 < min=50000)
[09:08:54] attack: skip 1:6:8 (cap loot=20000 < min=50000)
[09:08:54] attack: skip 1:6:10 (cap loot=20000 < min=50000)
[09:08:54] attack: skip 1:6:12 (cap loot=20000 < min=50000)
[09:08:54] attack: skip 1:7:4 (cap loot=20000 < min=50000)
[09:08:54] attack: skip 1:7:6 (cap loot=20000 < min=50000)
[09:08:54] attack: skip 1:7:8 (cap loot=20000 < min=50000)
[09:08:54] attack: skip 1:7:10 (cap loot=20000 < min=50000)
[09:08:54] attack: idle candidates=46 fresh_intel=46 no_spy_src=0 no_atk_src=0 raidmix_fail=0 cooldown_spy=0
[09:08:54] research: blocked research_energy_technology (building_laboratory 0/1)
[2026-05-11 09:09:35] ==== loop 45/∞ | seed=700949671613944981 archetype=turtle personality=flotero focus=eco actions_per_loop=4 ====
[09:09:35] planet 28: queue busy, throttled building_robot_factory
[09:09:35] planet 28: queue busy, throttled building_robot_factory
[09:09:35] planet 28: queue busy, throttled building_robot_factory
[09:09:35] attack: skip 1:2:1 (cap loot=20000 < min=50000)
[09:09:35] attack: skip 1:2:2 (cap loot=20000 < min=50000)
[09:09:35] attack: skip 1:2:3 (cap loot=20000 < min=50000)
[09:09:35] attack: skip 1:2:4 (cap loot=20000 < min=50000)
[09:09:35] attack: skip 1:2:5 (cap loot=20000 < min=50000)
[09:09:35] attack: skip 1:2:6 (cap loot=20000 < min=50000)
[09:09:35] attack: skip 1:2:7 (cap loot=20000 < min=50000)
[09:09:35] attack: skip 1:2:8 (cap loot=20000 < min=50000)
[09:09:35] attack: skip 1:2:9 (cap loot=20000 < min=50000)
[09:09:35] attack: skip 1:2:10 (cap loot=20000 < min=50000)
[09:09:35] attack: skip 1:2:11 (cap loot=20000 < min=50000)
[09:09:35] attack: skip 1:2:12 (cap loot=20000 < min=50000)
[09:09:35] attack: skip 1:2:13 (cap loot=20000 < min=50000)
[09:09:35] attack: skip 1:2:14 (cap loot=20000 < min=50000)
[09:09:35] attack: skip 1:2:15 (cap loot=20000 < min=50000)
[09:09:35] attack: skip 1:3:1 (cap loot=20000 < min=50000)
[09:09:35] attack: skip 1:3:2 (cap loot=20000 < min=50000)
[09:09:35] attack: skip 1:3:3 (cap loot=20000 < min=50000)
[09:09:35] attack: skip 1:3:4 (cap loot=20000 < min=50000)
[09:09:35] attack: skip 1:3:5 (cap loot=20000 < min=50000)
[09:09:35] attack: skip 1:3:11 (cap loot=20000 < min=50000)
[09:09:35] attack: skip 1:3:12 (cap loot=20000 < min=50000)
[09:09:35] attack: skip 1:3:13 (cap loot=20000 < min=50000)
[09:09:35] attack: skip 1:4:3 (cap loot=20000 < min=50000)
[09:09:35] attack: skip 1:3:6 (cap loot=20000 < min=50000)
[09:09:35] attack: skip 1:3:8 (cap loot=20000 < min=50000)
[09:09:35] attack: skip 1:3:10 (cap loot=20000 < min=50000)
[09:09:35] attack: skip 1:4:4 (cap loot=20000 < min=50000)
[09:09:35] attack: skip 1:4:6 (cap loot=20000 < min=50000)
[09:09:35] attack: skip 1:4:8 (cap loot=20000 < min=50000)
[09:09:35] attack: skip 1:4:10 (cap loot=20000 < min=50000)
[09:09:35] attack: skip 1:4:12 (cap loot=20000 < min=50000)
[09:09:35] attack: skip 1:5:4 (cap loot=20000 < min=50000)
[09:09:35] attack: skip 1:5:6 (cap loot=20000 < min=50000)
[09:09:35] attack: skip 1:5:8 (cap loot=20000 < min=50000)
[09:09:35] attack: skip 1:5:10 (cap loot=20000 < min=50000)
[09:09:35] attack: skip 1:5:12 (cap loot=20000 < min=50000)
[09:09:35] attack: skip 1:6:4 (cap loot=20000 < min=50000)
[09:09:35] attack: skip 1:6:6 (cap loot=20000 < min=50000)
[09:09:35] attack: skip 1:6:8 (cap loot=20000 < min=50000)
[09:09:35] attack: skip 1:6:10 (cap loot=20000 < min=50000)
[09:09:35] attack: skip 1:6:12 (cap loot=20000 < min=50000)
[09:09:35] attack: skip 1:7:4 (cap loot=20000 < min=50000)
[09:09:35] attack: skip 1:7:6 (cap loot=20000 < min=50000)
[09:09:35] attack: skip 1:7:8 (cap loot=20000 < min=50000)
[09:09:35] attack: skip 1:7:10 (cap loot=20000 < min=50000)
[09:09:35] attack: idle candidates=46 fresh_intel=46 no_spy_src=0 no_atk_src=0 raidmix_fail=0 cooldown_spy=0
[09:09:35] research: blocked research_energy_technology (building_laboratory 0/1)
[2026-05-11 09:10:15] ==== loop 46/∞ | seed=700949671613944981 archetype=turtle personality=flotero focus=eco actions_per_loop=4 ====
[09:10:17] planet 28: building queue full (5)
[09:10:17] planet 28: building queue full (5)
[09:10:17] planet 28: building queue full (5)
[09:10:17] attack: skip 1:2:1 (cap loot=20000 < min=50000)
[09:10:17] attack: skip 1:2:2 (cap loot=20000 < min=50000)
[09:10:17] attack: skip 1:2:3 (cap loot=20000 < min=50000)
[09:10:17] attack: skip 1:2:4 (cap loot=20000 < min=50000)
[09:10:17] attack: skip 1:2:5 (cap loot=20000 < min=50000)
[09:10:17] attack: skip 1:2:6 (cap loot=20000 < min=50000)
[09:10:17] attack: skip 1:2:7 (cap loot=20000 < min=50000)
[09:10:17] attack: skip 1:2:8 (cap loot=20000 < min=50000)
[09:10:17] attack: skip 1:2:9 (cap loot=20000 < min=50000)
[09:10:17] attack: skip 1:2:10 (cap loot=20000 < min=50000)
[09:10:17] attack: skip 1:2:11 (cap loot=20000 < min=50000)
[09:10:17] attack: skip 1:2:12 (cap loot=20000 < min=50000)
[09:10:17] attack: skip 1:2:13 (cap loot=20000 < min=50000)
[09:10:17] attack: skip 1:2:14 (cap loot=20000 < min=50000)
[09:10:17] attack: skip 1:2:15 (cap loot=20000 < min=50000)
[09:10:17] attack: skip 1:3:1 (cap loot=20000 < min=50000)
[09:10:17] attack: skip 1:3:2 (cap loot=20000 < min=50000)
[09:10:17] attack: skip 1:3:3 (cap loot=20000 < min=50000)
[09:10:17] attack: skip 1:3:4 (cap loot=20000 < min=50000)
[09:10:17] attack: skip 1:3:5 (cap loot=20000 < min=50000)
[09:10:17] attack: skip 1:3:11 (cap loot=20000 < min=50000)
[09:10:17] attack: skip 1:3:12 (cap loot=20000 < min=50000)
[09:10:17] attack: skip 1:3:13 (cap loot=20000 < min=50000)
[09:10:17] attack: skip 1:4:3 (cap loot=20000 < min=50000)
[09:10:17] attack: skip 1:3:6 (cap loot=20000 < min=50000)
[09:10:17] attack: skip 1:3:8 (cap loot=20000 < min=50000)
[09:10:17] attack: skip 1:3:10 (cap loot=20000 < min=50000)
[09:10:17] attack: skip 1:4:4 (cap loot=20000 < min=50000)
[09:10:17] attack: skip 1:4:6 (cap loot=20000 < min=50000)
[09:10:17] attack: skip 1:4:8 (cap loot=20000 < min=50000)
[09:10:17] attack: skip 1:4:10 (cap loot=20000 < min=50000)
[09:10:17] attack: skip 1:4:12 (cap loot=20000 < min=50000)
[09:10:17] attack: skip 1:5:4 (cap loot=20000 < min=50000)
[09:10:17] attack: skip 1:5:6 (cap loot=20000 < min=50000)
[09:10:17] attack: skip 1:5:8 (cap loot=20000 < min=50000)
[09:10:17] attack: skip 1:5:10 (cap loot=20000 < min=50000)
[09:10:17] attack: skip 1:5:12 (cap loot=20000 < min=50000)
[09:10:17] attack: skip 1:6:4 (cap loot=20000 < min=50000)
[09:10:17] attack: skip 1:6:6 (cap loot=20000 < min=50000)
[09:10:17] attack: skip 1:6:8 (cap loot=20000 < min=50000)
[09:10:17] attack: skip 1:6:10 (cap loot=20000 < min=50000)
[09:10:17] attack: skip 1:6:12 (cap loot=20000 < min=50000)
[09:10:17] attack: skip 1:7:4 (cap loot=20000 < min=50000)
[09:10:17] attack: skip 1:7:6 (cap loot=20000 < min=50000)
[09:10:17] attack: skip 1:7:8 (cap loot=20000 < min=50000)
[09:10:17] attack: skip 1:7:10 (cap loot=20000 < min=50000)
[09:10:17] attack: idle candidates=46 fresh_intel=46 no_spy_src=0 no_atk_src=0 raidmix_fail=0 cooldown_spy=0
[09:10:17] research: blocked research_energy_technology (building_laboratory 0/1)
[2026-05-11 09:10:58] ==== loop 47/∞ | seed=700949671613944981 archetype=turtle personality=flotero focus=eco actions_per_loop=4 ====
[09:11:00] planet 28: building queue full (5)
[09:11:00] planet 28: building queue full (5)
[09:11:00] planet 28: building queue full (5)
[09:11:00] attack: skip 1:2:1 (cap loot=20000 < min=50000)
[09:11:00] attack: skip 1:2:2 (cap loot=20000 < min=50000)
[09:11:00] attack: skip 1:2:3 (cap loot=20000 < min=50000)
[09:11:00] attack: skip 1:2:4 (cap loot=20000 < min=50000)
[09:11:00] attack: skip 1:2:5 (cap loot=20000 < min=50000)
[09:11:00] attack: skip 1:2:6 (cap loot=20000 < min=50000)
[09:11:00] attack: skip 1:2:7 (cap loot=20000 < min=50000)
[09:11:00] attack: skip 1:2:8 (cap loot=20000 < min=50000)
[09:11:00] attack: skip 1:2:9 (cap loot=20000 < min=50000)
[09:11:00] attack: skip 1:2:10 (cap loot=20000 < min=50000)
[09:11:00] attack: skip 1:2:11 (cap loot=20000 < min=50000)
[09:11:00] attack: skip 1:2:12 (cap loot=20000 < min=50000)
[09:11:00] attack: skip 1:2:13 (cap loot=20000 < min=50000)
[09:11:00] attack: skip 1:2:14 (cap loot=20000 < min=50000)
[09:11:00] attack: skip 1:2:15 (cap loot=20000 < min=50000)
[09:11:00] attack: skip 1:3:1 (cap loot=20000 < min=50000)
[09:11:00] attack: skip 1:3:2 (cap loot=20000 < min=50000)
[09:11:00] attack: skip 1:3:3 (cap loot=20000 < min=50000)
[09:11:00] attack: skip 1:3:4 (cap loot=20000 < min=50000)
[09:11:00] attack: skip 1:3:5 (cap loot=20000 < min=50000)
[09:11:00] attack: skip 1:3:11 (cap loot=20000 < min=50000)
[09:11:00] attack: skip 1:3:12 (cap loot=20000 < min=50000)
[09:11:00] attack: skip 1:3:13 (cap loot=20000 < min=50000)
[09:11:00] attack: skip 1:4:3 (cap loot=20000 < min=50000)
[09:11:00] attack: skip 1:3:6 (cap loot=20000 < min=50000)
[09:11:00] attack: skip 1:3:8 (cap loot=20000 < min=50000)
[09:11:00] attack: skip 1:3:10 (cap loot=20000 < min=50000)
[09:11:00] attack: skip 1:4:4 (cap loot=20000 < min=50000)
[09:11:00] attack: skip 1:4:6 (cap loot=20000 < min=50000)
[09:11:00] attack: skip 1:4:8 (cap loot=20000 < min=50000)
[09:11:00] attack: skip 1:4:10 (cap loot=20000 < min=50000)
[09:11:00] attack: skip 1:4:12 (cap loot=20000 < min=50000)
[09:11:00] attack: skip 1:5:4 (cap loot=20000 < min=50000)
[09:11:00] attack: skip 1:5:6 (cap loot=20000 < min=50000)
[09:11:00] attack: skip 1:5:8 (cap loot=20000 < min=50000)
[09:11:00] attack: skip 1:5:10 (cap loot=20000 < min=50000)
[09:11:00] attack: skip 1:5:12 (cap loot=20000 < min=50000)
[09:11:00] attack: skip 1:6:4 (cap loot=20000 < min=50000)
[09:11:00] attack: skip 1:6:6 (cap loot=20000 < min=50000)
[09:11:00] attack: skip 1:6:8 (cap loot=20000 < min=50000)
[09:11:00] attack: skip 1:6:10 (cap loot=20000 < min=50000)
[09:11:00] attack: skip 1:6:12 (cap loot=20000 < min=50000)
[09:11:00] attack: skip 1:7:4 (cap loot=20000 < min=50000)
[09:11:00] attack: skip 1:7:6 (cap loot=20000 < min=50000)
[09:11:00] attack: skip 1:7:8 (cap loot=20000 < min=50000)
[09:11:00] attack: skip 1:7:10 (cap loot=20000 < min=50000)
[09:11:00] attack: idle candidates=46 fresh_intel=46 no_spy_src=0 no_atk_src=0 raidmix_fail=0 cooldown_spy=0
[09:11:00] research: blocked research_energy_technology (building_laboratory 0/1)
[2026-05-11 09:11:37] ==== loop 48/∞ | seed=700949671613944981 archetype=turtle personality=flotero focus=eco actions_per_loop=4 ====
[09:11:40] planet 28: building queue full (5)
[09:11:40] planet 28: building queue full (5)
[09:11:40] planet 28: building queue full (5)
[09:11:40] planet 28: building queue full (5)
[09:11:40] attack: skip 1:2:1 (cap loot=20000 < min=50000)
[09:11:40] attack: skip 1:2:2 (cap loot=20000 < min=50000)
[09:11:40] attack: skip 1:2:3 (cap loot=20000 < min=50000)
[09:11:40] attack: skip 1:2:4 (cap loot=20000 < min=50000)
[09:11:40] attack: skip 1:2:5 (cap loot=20000 < min=50000)
[09:11:40] attack: skip 1:2:6 (cap loot=20000 < min=50000)
[09:11:40] attack: skip 1:2:7 (cap loot=20000 < min=50000)
[09:11:40] attack: skip 1:2:8 (cap loot=20000 < min=50000)
[09:11:40] attack: skip 1:2:9 (cap loot=20000 < min=50000)
[09:11:40] attack: skip 1:2:10 (cap loot=20000 < min=50000)
[09:11:40] attack: skip 1:2:11 (cap loot=20000 < min=50000)
[09:11:40] attack: skip 1:2:12 (cap loot=20000 < min=50000)
[09:11:40] attack: skip 1:2:13 (cap loot=20000 < min=50000)
[09:11:40] attack: skip 1:2:14 (cap loot=20000 < min=50000)
[09:11:40] attack: skip 1:2:15 (cap loot=20000 < min=50000)
[09:11:40] attack: skip 1:3:1 (cap loot=20000 < min=50000)
[09:11:40] attack: skip 1:3:2 (cap loot=20000 < min=50000)
[09:11:40] attack: skip 1:3:3 (cap loot=20000 < min=50000)
[09:11:40] attack: skip 1:3:4 (cap loot=20000 < min=50000)
[09:11:40] attack: skip 1:3:5 (cap loot=20000 < min=50000)
[09:11:40] attack: skip 1:3:11 (cap loot=20000 < min=50000)
[09:11:40] attack: skip 1:3:12 (cap loot=20000 < min=50000)
[09:11:40] attack: skip 1:3:13 (cap loot=20000 < min=50000)
[09:11:40] attack: skip 1:4:3 (cap loot=20000 < min=50000)
[09:11:40] attack: skip 1:3:6 (cap loot=20000 < min=50000)
[09:11:40] attack: skip 1:3:8 (cap loot=20000 < min=50000)
[09:11:40] attack: skip 1:3:10 (cap loot=20000 < min=50000)
[09:11:40] attack: skip 1:4:4 (cap loot=20000 < min=50000)
[09:11:40] attack: skip 1:4:6 (cap loot=20000 < min=50000)
[09:11:40] attack: skip 1:4:8 (cap loot=20000 < min=50000)
[09:11:40] attack: skip 1:4:10 (cap loot=20000 < min=50000)
[09:11:40] attack: skip 1:4:12 (cap loot=20000 < min=50000)
[09:11:40] attack: skip 1:5:4 (cap loot=20000 < min=50000)
[09:11:40] attack: skip 1:5:6 (cap loot=20000 < min=50000)
[09:11:40] attack: skip 1:5:8 (cap loot=20000 < min=50000)
[09:11:40] attack: skip 1:5:10 (cap loot=20000 < min=50000)
[09:11:40] attack: skip 1:5:12 (cap loot=20000 < min=50000)
[09:11:40] attack: skip 1:6:4 (cap loot=20000 < min=50000)
[09:11:40] attack: skip 1:6:6 (cap loot=20000 < min=50000)
[09:11:40] attack: skip 1:6:8 (cap loot=20000 < min=50000)
[09:11:40] attack: skip 1:6:10 (cap loot=20000 < min=50000)
[09:11:40] attack: skip 1:6:12 (cap loot=20000 < min=50000)
[09:11:40] attack: skip 1:7:4 (cap loot=20000 < min=50000)
[09:11:40] attack: skip 1:7:6 (cap loot=20000 < min=50000)
[09:11:40] attack: skip 1:7:8 (cap loot=20000 < min=50000)
[09:11:40] attack: skip 1:7:10 (cap loot=20000 < min=50000)
[09:11:40] attack: idle candidates=46 fresh_intel=46 no_spy_src=0 no_atk_src=0 raidmix_fail=0 cooldown_spy=0
[09:11:40] research: blocked research_energy_technology (building_laboratory 0/1)
[2026-05-11 09:12:22] ==== loop 49/∞ | seed=700949671613944981 archetype=turtle personality=flotero focus=eco actions_per_loop=4 ====
[09:12:23] planet 28: building queue full (5)
[09:12:23] planet 28: building queue full (5)
[09:12:23] planet 28: building queue full (5)
[09:12:23] planet 28: building queue full (5)
[09:12:23] attack: skip 1:2:1 (cap loot=20000 < min=50000)
[09:12:23] attack: skip 1:2:2 (cap loot=20000 < min=50000)
[09:12:23] attack: skip 1:2:3 (cap loot=20000 < min=50000)
[09:12:23] attack: skip 1:2:4 (cap loot=20000 < min=50000)
[09:12:23] attack: skip 1:2:5 (cap loot=20000 < min=50000)
[09:12:23] attack: skip 1:2:6 (cap loot=20000 < min=50000)
[09:12:23] attack: skip 1:2:7 (cap loot=20000 < min=50000)
[09:12:23] attack: skip 1:2:8 (cap loot=20000 < min=50000)
[09:12:23] attack: skip 1:2:9 (cap loot=20000 < min=50000)
[09:12:23] attack: skip 1:2:10 (cap loot=20000 < min=50000)
[09:12:23] attack: skip 1:2:11 (cap loot=20000 < min=50000)
[09:12:23] attack: skip 1:2:12 (cap loot=20000 < min=50000)
[09:12:23] attack: skip 1:2:13 (cap loot=20000 < min=50000)
[09:12:23] attack: skip 1:2:14 (cap loot=20000 < min=50000)
[09:12:23] attack: skip 1:2:15 (cap loot=20000 < min=50000)
[09:12:23] attack: skip 1:3:1 (cap loot=20000 < min=50000)
[09:12:23] attack: skip 1:3:2 (cap loot=20000 < min=50000)
[09:12:23] attack: skip 1:3:3 (cap loot=20000 < min=50000)
[09:12:23] attack: skip 1:3:4 (cap loot=20000 < min=50000)
[09:12:23] attack: skip 1:3:5 (cap loot=20000 < min=50000)
[09:12:23] attack: skip 1:3:11 (cap loot=20000 < min=50000)
[09:12:23] attack: skip 1:3:12 (cap loot=20000 < min=50000)
[09:12:23] attack: skip 1:3:13 (cap loot=20000 < min=50000)
[09:12:23] attack: skip 1:4:3 (cap loot=20000 < min=50000)
[09:12:23] attack: skip 1:3:6 (cap loot=20000 < min=50000)
[09:12:23] attack: skip 1:3:8 (cap loot=20000 < min=50000)
[09:12:23] attack: skip 1:3:10 (cap loot=20000 < min=50000)
[09:12:23] attack: skip 1:4:4 (cap loot=20000 < min=50000)
[09:12:23] attack: skip 1:4:6 (cap loot=20000 < min=50000)
[09:12:23] attack: skip 1:4:8 (cap loot=20000 < min=50000)
[09:12:23] attack: skip 1:4:10 (cap loot=20000 < min=50000)
[09:12:23] attack: skip 1:4:12 (cap loot=20000 < min=50000)
[09:12:23] attack: skip 1:5:4 (cap loot=20000 < min=50000)
[09:12:23] attack: skip 1:5:6 (cap loot=20000 < min=50000)
[09:12:23] attack: skip 1:5:8 (cap loot=20000 < min=50000)
[09:12:23] attack: skip 1:5:10 (cap loot=20000 < min=50000)
[09:12:23] attack: skip 1:5:12 (cap loot=20000 < min=50000)
[09:12:23] attack: skip 1:6:4 (cap loot=20000 < min=50000)
[09:12:23] attack: skip 1:6:6 (cap loot=20000 < min=50000)
[09:12:23] attack: skip 1:6:8 (cap loot=20000 < min=50000)
[09:12:23] attack: skip 1:6:10 (cap loot=20000 < min=50000)
[09:12:23] attack: skip 1:6:12 (cap loot=20000 < min=50000)
[09:12:23] attack: skip 1:7:4 (cap loot=20000 < min=50000)
[09:12:23] attack: skip 1:7:6 (cap loot=20000 < min=50000)
[09:12:23] attack: skip 1:7:8 (cap loot=20000 < min=50000)
[09:12:23] attack: skip 1:7:10 (cap loot=20000 < min=50000)
[09:12:23] attack: idle candidates=46 fresh_intel=46 no_spy_src=0 no_atk_src=0 raidmix_fail=0 cooldown_spy=0
[09:12:23] research: blocked research_energy_technology (building_laboratory 0/1)
[2026-05-11 09:13:04] ==== loop 50/∞ | seed=700949671613944981 archetype=turtle personality=flotero focus=eco actions_per_loop=4 ====
[09:13:06] planet 28: building queue full (5)
[09:13:06] planet 28: building queue full (5)
[09:13:06] planet 28: building queue full (5)
[09:13:06] planet 28: building queue full (5)
[09:13:06] attack: skip 1:2:1 (cap loot=20000 < min=50000)
[09:13:06] attack: skip 1:2:2 (cap loot=20000 < min=50000)
[09:13:06] attack: skip 1:2:3 (cap loot=20000 < min=50000)
[09:13:06] attack: skip 1:2:4 (cap loot=20000 < min=50000)
[09:13:06] attack: skip 1:2:5 (cap loot=20000 < min=50000)
[09:13:06] attack: skip 1:2:6 (cap loot=20000 < min=50000)
[09:13:06] attack: skip 1:2:7 (cap loot=20000 < min=50000)
[09:13:06] attack: skip 1:2:8 (cap loot=20000 < min=50000)
[09:13:06] attack: skip 1:2:9 (cap loot=20000 < min=50000)
[09:13:06] attack: skip 1:2:10 (cap loot=20000 < min=50000)
[09:13:06] attack: skip 1:2:11 (cap loot=20000 < min=50000)
[09:13:06] attack: skip 1:2:12 (cap loot=20000 < min=50000)
[09:13:06] attack: skip 1:2:13 (cap loot=20000 < min=50000)
[09:13:06] attack: skip 1:2:14 (cap loot=20000 < min=50000)
[09:13:06] attack: skip 1:2:15 (cap loot=20000 < min=50000)
[09:13:06] attack: skip 1:3:1 (cap loot=20000 < min=50000)
[09:13:06] attack: skip 1:3:2 (cap loot=20000 < min=50000)
[09:13:06] attack: skip 1:3:3 (cap loot=20000 < min=50000)
[09:13:06] attack: skip 1:3:4 (cap loot=20000 < min=50000)
[09:13:06] attack: skip 1:3:5 (cap loot=20000 < min=50000)
[09:13:06] attack: skip 1:3:11 (cap loot=20000 < min=50000)
[09:13:06] attack: skip 1:3:12 (cap loot=20000 < min=50000)
[09:13:06] attack: skip 1:3:13 (cap loot=20000 < min=50000)
[09:13:06] attack: skip 1:4:3 (cap loot=20000 < min=50000)
[09:13:06] attack: skip 1:3:6 (cap loot=20000 < min=50000)
[09:13:06] attack: skip 1:3:8 (cap loot=20000 < min=50000)
[09:13:06] attack: skip 1:3:10 (cap loot=20000 < min=50000)
[09:13:06] attack: skip 1:4:4 (cap loot=20000 < min=50000)
[09:13:06] attack: skip 1:4:6 (cap loot=20000 < min=50000)
[09:13:06] attack: skip 1:4:8 (cap loot=20000 < min=50000)
[09:13:06] attack: skip 1:4:10 (cap loot=20000 < min=50000)
[09:13:06] attack: skip 1:4:12 (cap loot=20000 < min=50000)
[09:13:06] attack: skip 1:5:4 (cap loot=20000 < min=50000)
[09:13:06] attack: skip 1:5:6 (cap loot=20000 < min=50000)
[09:13:06] attack: skip 1:5:8 (cap loot=20000 < min=50000)
[09:13:06] attack: skip 1:5:10 (cap loot=20000 < min=50000)
[09:13:06] attack: skip 1:5:12 (cap loot=20000 < min=50000)
[09:13:06] attack: skip 1:6:4 (cap loot=20000 < min=50000)
[09:13:06] attack: skip 1:6:6 (cap loot=20000 < min=50000)
[09:13:06] attack: skip 1:6:8 (cap loot=20000 < min=50000)
[09:13:06] attack: skip 1:6:10 (cap loot=20000 < min=50000)
[09:13:06] attack: skip 1:6:12 (cap loot=20000 < min=50000)
[09:13:06] attack: skip 1:7:4 (cap loot=20000 < min=50000)
[09:13:06] attack: skip 1:7:6 (cap loot=20000 < min=50000)
[09:13:06] attack: skip 1:7:8 (cap loot=20000 < min=50000)
[09:13:06] attack: skip 1:7:10 (cap loot=20000 < min=50000)
[09:13:06] attack: idle candidates=46 fresh_intel=46 no_spy_src=0 no_atk_src=0 raidmix_fail=0 cooldown_spy=0
[09:13:06] research: blocked research_energy_technology (building_laboratory 0/1)
[2026-05-11 09:13:46] ==== loop 51/∞ | seed=700949671613944981 archetype=turtle personality=flotero focus=eco actions_per_loop=4 ====
[09:13:49] planet 28: building queue full (5)
[09:13:49] planet 28: building queue full (5)
[09:13:49] planet 28: building queue full (5)
[09:13:49] planet 28: building queue full (5)
[09:13:49] attack: skip 1:2:1 (cap loot=20000 < min=50000)
[09:13:49] attack: skip 1:2:2 (cap loot=20000 < min=50000)
[09:13:49] attack: skip 1:2:3 (cap loot=20000 < min=50000)
[09:13:49] attack: skip 1:2:4 (cap loot=20000 < min=50000)
[09:13:49] attack: skip 1:2:5 (cap loot=20000 < min=50000)
[09:13:49] attack: skip 1:2:6 (cap loot=20000 < min=50000)
[09:13:49] attack: skip 1:2:7 (cap loot=20000 < min=50000)
[09:13:49] attack: skip 1:2:8 (cap loot=20000 < min=50000)
[09:13:49] attack: skip 1:2:9 (cap loot=20000 < min=50000)
[09:13:49] attack: skip 1:2:10 (cap loot=20000 < min=50000)
[09:13:49] attack: skip 1:2:11 (cap loot=20000 < min=50000)
[09:13:49] attack: skip 1:2:12 (cap loot=20000 < min=50000)
[09:13:49] attack: skip 1:2:13 (cap loot=20000 < min=50000)
[09:13:49] attack: skip 1:2:14 (cap loot=20000 < min=50000)
[09:13:49] attack: skip 1:2:15 (cap loot=20000 < min=50000)
[09:13:49] attack: skip 1:3:1 (cap loot=20000 < min=50000)
[09:13:49] attack: skip 1:3:2 (cap loot=20000 < min=50000)
[09:13:49] attack: skip 1:3:3 (cap loot=20000 < min=50000)
[09:13:49] attack: skip 1:3:4 (cap loot=20000 < min=50000)
[09:13:49] attack: skip 1:3:5 (cap loot=20000 < min=50000)
[09:13:49] attack: skip 1:3:11 (cap loot=20000 < min=50000)
[09:13:49] attack: skip 1:3:12 (cap loot=20000 < min=50000)
[09:13:49] attack: skip 1:3:13 (cap loot=20000 < min=50000)
[09:13:49] attack: skip 1:4:3 (cap loot=20000 < min=50000)
[09:13:49] attack: skip 1:3:6 (cap loot=20000 < min=50000)
[09:13:49] attack: skip 1:3:8 (cap loot=20000 < min=50000)
[09:13:49] attack: skip 1:3:10 (cap loot=20000 < min=50000)
[09:13:49] attack: skip 1:4:4 (cap loot=20000 < min=50000)
[09:13:49] attack: skip 1:4:6 (cap loot=20000 < min=50000)
[09:13:49] attack: skip 1:4:8 (cap loot=20000 < min=50000)
[09:13:49] attack: skip 1:4:10 (cap loot=20000 < min=50000)
[09:13:49] attack: skip 1:4:12 (cap loot=20000 < min=50000)
[09:13:49] attack: skip 1:5:4 (cap loot=20000 < min=50000)
[09:13:49] attack: skip 1:5:6 (cap loot=20000 < min=50000)
[09:13:49] attack: skip 1:5:8 (cap loot=20000 < min=50000)
[09:13:49] attack: skip 1:5:10 (cap loot=20000 < min=50000)
[09:13:49] attack: skip 1:5:12 (cap loot=20000 < min=50000)
[09:13:49] attack: skip 1:6:4 (cap loot=20000 < min=50000)
[09:13:49] attack: skip 1:6:6 (cap loot=20000 < min=50000)
[09:13:49] attack: skip 1:6:8 (cap loot=20000 < min=50000)
[09:13:49] attack: skip 1:6:10 (cap loot=20000 < min=50000)
[09:13:49] attack: skip 1:6:12 (cap loot=20000 < min=50000)
[09:13:49] attack: skip 1:7:4 (cap loot=20000 < min=50000)
[09:13:49] attack: skip 1:7:6 (cap loot=20000 < min=50000)
[09:13:49] attack: skip 1:7:8 (cap loot=20000 < min=50000)
[09:13:49] attack: skip 1:7:10 (cap loot=20000 < min=50000)
[09:13:49] attack: idle candidates=46 fresh_intel=46 no_spy_src=0 no_atk_src=0 raidmix_fail=0 cooldown_spy=0
[09:13:49] research: blocked research_energy_technology (building_laboratory 0/1)
[2026-05-11 09:14:31] ==== loop 52/∞ | seed=700949671613944981 archetype=turtle personality=flotero focus=eco actions_per_loop=4 ====
[09:14:35] planet 28: building queue full (5)
[09:14:35] planet 28: building queue full (5)
[09:14:35] planet 28: building queue full (5)
[09:14:35] planet 28: building queue full (5)
[09:14:35] attack: skip 1:2:1 (cap loot=20000 < min=50000)
[09:14:35] attack: skip 1:2:2 (cap loot=20000 < min=50000)
[09:14:35] attack: skip 1:2:3 (cap loot=20000 < min=50000)
[09:14:35] attack: skip 1:2:4 (cap loot=20000 < min=50000)
[09:14:35] attack: skip 1:2:5 (cap loot=20000 < min=50000)
[09:14:35] attack: skip 1:2:6 (cap loot=20000 < min=50000)
[09:14:35] attack: skip 1:2:7 (cap loot=20000 < min=50000)
[09:14:35] attack: skip 1:2:8 (cap loot=20000 < min=50000)
[09:14:35] attack: skip 1:2:9 (cap loot=20000 < min=50000)
[09:14:35] attack: skip 1:2:10 (cap loot=20000 < min=50000)
[09:14:35] attack: skip 1:2:11 (cap loot=20000 < min=50000)
[09:14:35] attack: skip 1:2:12 (cap loot=20000 < min=50000)
[09:14:35] attack: skip 1:2:13 (cap loot=20000 < min=50000)
[09:14:35] attack: skip 1:2:14 (cap loot=20000 < min=50000)
[09:14:35] attack: skip 1:2:15 (cap loot=20000 < min=50000)
[09:14:35] attack: skip 1:3:1 (cap loot=20000 < min=50000)
[09:14:35] attack: skip 1:3:2 (cap loot=20000 < min=50000)
[09:14:35] attack: skip 1:3:3 (cap loot=20000 < min=50000)
[09:14:35] attack: skip 1:3:4 (cap loot=20000 < min=50000)
[09:14:35] attack: skip 1:3:5 (cap loot=20000 < min=50000)
[09:14:35] attack: skip 1:3:11 (cap loot=20000 < min=50000)
[09:14:35] attack: skip 1:3:12 (cap loot=20000 < min=50000)
[09:14:35] attack: skip 1:3:13 (cap loot=20000 < min=50000)
[09:14:35] attack: skip 1:4:3 (cap loot=20000 < min=50000)
[09:14:35] attack: skip 1:3:6 (cap loot=20000 < min=50000)
[09:14:35] attack: skip 1:3:8 (cap loot=20000 < min=50000)
[09:14:35] attack: skip 1:3:10 (cap loot=20000 < min=50000)
[09:14:35] attack: skip 1:4:4 (cap loot=20000 < min=50000)
[09:14:35] attack: skip 1:4:6 (cap loot=20000 < min=50000)
[09:14:35] attack: skip 1:4:8 (cap loot=20000 < min=50000)
[09:14:35] attack: skip 1:4:10 (cap loot=20000 < min=50000)
[09:14:35] attack: skip 1:4:12 (cap loot=20000 < min=50000)
[09:14:35] attack: skip 1:5:4 (cap loot=20000 < min=50000)
[09:14:35] attack: skip 1:5:6 (cap loot=20000 < min=50000)
[09:14:35] attack: skip 1:5:8 (cap loot=20000 < min=50000)
[09:14:35] attack: skip 1:5:10 (cap loot=20000 < min=50000)
[09:14:35] attack: skip 1:5:12 (cap loot=20000 < min=50000)
[09:14:35] attack: skip 1:6:4 (cap loot=20000 < min=50000)
[09:14:35] attack: skip 1:6:6 (cap loot=20000 < min=50000)
[09:14:35] attack: skip 1:6:8 (cap loot=20000 < min=50000)
[09:14:35] attack: skip 1:6:10 (cap loot=20000 < min=50000)
[09:14:35] attack: skip 1:6:12 (cap loot=20000 < min=50000)
[09:14:35] attack: skip 1:7:4 (cap loot=20000 < min=50000)
[09:14:35] attack: skip 1:7:6 (cap loot=20000 < min=50000)
[09:14:35] attack: skip 1:7:8 (cap loot=20000 < min=50000)
[09:14:35] attack: skip 1:7:10 (cap loot=20000 < min=50000)
[09:14:35] attack: idle candidates=46 fresh_intel=46 no_spy_src=0 no_atk_src=0 raidmix_fail=0 cooldown_spy=0
[09:14:35] research: blocked research_energy_technology (building_laboratory 0/1)
[2026-05-11 09:15:20] ==== loop 53/∞ | seed=700949671613944981 archetype=turtle personality=flotero focus=eco actions_per_loop=4 ====
[09:15:22] planet 28: building queue full (5)
[09:15:22] planet 28: building queue full (5)
[09:15:22] planet 28: building queue full (5)
[09:15:22] attack: skip 1:2:1 (cap loot=20000 < min=50000)
[09:15:22] attack: skip 1:2:2 (cap loot=20000 < min=50000)
[09:15:22] attack: skip 1:2:3 (cap loot=20000 < min=50000)
[09:15:22] attack: skip 1:2:4 (cap loot=20000 < min=50000)
[09:15:22] attack: skip 1:2:5 (cap loot=20000 < min=50000)
[09:15:22] attack: skip 1:2:6 (cap loot=20000 < min=50000)
[09:15:22] attack: skip 1:2:7 (cap loot=20000 < min=50000)
[09:15:22] attack: skip 1:2:8 (cap loot=20000 < min=50000)
[09:15:22] attack: skip 1:2:9 (cap loot=20000 < min=50000)
[09:15:22] attack: skip 1:2:10 (cap loot=20000 < min=50000)
[09:15:22] attack: skip 1:2:11 (cap loot=20000 < min=50000)
[09:15:22] attack: skip 1:2:12 (cap loot=20000 < min=50000)
[09:15:22] attack: skip 1:2:13 (cap loot=20000 < min=50000)
[09:15:22] attack: skip 1:2:14 (cap loot=20000 < min=50000)
[09:15:22] attack: skip 1:2:15 (cap loot=20000 < min=50000)
[09:15:22] attack: skip 1:3:1 (cap loot=20000 < min=50000)
[09:15:22] attack: skip 1:3:2 (cap loot=20000 < min=50000)
[09:15:22] attack: skip 1:3:3 (cap loot=20000 < min=50000)
[09:15:22] attack: skip 1:3:4 (cap loot=20000 < min=50000)
[09:15:22] attack: skip 1:3:5 (cap loot=20000 < min=50000)
[09:15:22] attack: skip 1:3:11 (cap loot=20000 < min=50000)
[09:15:22] attack: skip 1:3:12 (cap loot=20000 < min=50000)
[09:15:22] attack: skip 1:3:13 (cap loot=20000 < min=50000)
[09:15:22] attack: skip 1:4:3 (cap loot=20000 < min=50000)
[09:15:22] attack: skip 1:3:6 (cap loot=20000 < min=50000)
[09:15:22] attack: skip 1:3:8 (cap loot=20000 < min=50000)
[09:15:22] attack: skip 1:3:10 (cap loot=20000 < min=50000)
[09:15:22] attack: skip 1:4:4 (cap loot=20000 < min=50000)
[09:15:22] attack: skip 1:4:6 (cap loot=20000 < min=50000)
[09:15:22] attack: skip 1:4:8 (cap loot=20000 < min=50000)
[09:15:22] attack: skip 1:4:10 (cap loot=20000 < min=50000)
[09:15:22] attack: skip 1:4:12 (cap loot=20000 < min=50000)
[09:15:22] attack: skip 1:5:4 (cap loot=20000 < min=50000)
[09:15:22] attack: skip 1:5:6 (cap loot=20000 < min=50000)
[09:15:22] attack: skip 1:5:8 (cap loot=20000 < min=50000)
[09:15:22] attack: skip 1:5:10 (cap loot=20000 < min=50000)
[09:15:22] attack: skip 1:5:12 (cap loot=20000 < min=50000)
[09:15:22] attack: skip 1:6:4 (cap loot=20000 < min=50000)
[09:15:22] attack: skip 1:6:6 (cap loot=20000 < min=50000)
[09:15:22] attack: skip 1:6:8 (cap loot=20000 < min=50000)
[09:15:22] attack: skip 1:6:10 (cap loot=20000 < min=50000)
[09:15:22] attack: skip 1:6:12 (cap loot=20000 < min=50000)
[09:15:22] attack: skip 1:7:4 (cap loot=20000 < min=50000)
[09:15:22] attack: skip 1:7:6 (cap loot=20000 < min=50000)
[09:15:22] attack: skip 1:7:8 (cap loot=20000 < min=50000)
[09:15:22] attack: skip 1:7:10 (cap loot=20000 < min=50000)
[09:15:22] attack: idle candidates=46 fresh_intel=46 no_spy_src=0 no_atk_src=0 raidmix_fail=0 cooldown_spy=0
[2026-05-11 09:16:05] ==== loop 54/∞ | seed=700949671613944981 archetype=turtle personality=flotero focus=eco actions_per_loop=4 ====
[09:16:07] planet 28: building queue full (5)
[09:16:07] planet 28: building queue full (5)
[09:16:07] planet 28: building queue full (5)
[09:16:07] planet 28: building queue full (5)
[09:16:07] attack: skip 1:2:1 (cap loot=20000 < min=50000)
[09:16:07] attack: skip 1:2:2 (cap loot=20000 < min=50000)
[09:16:07] attack: skip 1:2:3 (cap loot=20000 < min=50000)
[09:16:07] attack: skip 1:2:4 (cap loot=20000 < min=50000)
[09:16:07] attack: skip 1:2:5 (cap loot=20000 < min=50000)
[09:16:07] attack: skip 1:2:6 (cap loot=20000 < min=50000)
[09:16:07] attack: skip 1:2:7 (cap loot=20000 < min=50000)
[09:16:07] attack: skip 1:2:8 (cap loot=20000 < min=50000)
[09:16:07] attack: skip 1:2:9 (cap loot=20000 < min=50000)
[09:16:07] attack: skip 1:2:10 (cap loot=20000 < min=50000)
[09:16:07] attack: skip 1:2:11 (cap loot=20000 < min=50000)
[09:16:07] attack: skip 1:2:12 (cap loot=20000 < min=50000)
[09:16:07] attack: skip 1:2:13 (cap loot=20000 < min=50000)
[09:16:07] attack: skip 1:2:14 (cap loot=20000 < min=50000)
[09:16:07] attack: skip 1:2:15 (cap loot=20000 < min=50000)
[09:16:07] attack: skip 1:3:1 (cap loot=20000 < min=50000)
[09:16:07] attack: skip 1:3:2 (cap loot=20000 < min=50000)
[09:16:07] attack: skip 1:3:3 (cap loot=20000 < min=50000)
[09:16:07] attack: skip 1:3:4 (cap loot=20000 < min=50000)
[09:16:07] attack: skip 1:3:5 (cap loot=20000 < min=50000)
[09:16:07] attack: skip 1:3:11 (cap loot=20000 < min=50000)
[09:16:07] attack: skip 1:3:12 (cap loot=20000 < min=50000)
[09:16:07] attack: skip 1:3:13 (cap loot=20000 < min=50000)
[09:16:07] attack: skip 1:4:3 (cap loot=20000 < min=50000)
[09:16:07] attack: skip 1:3:6 (cap loot=20000 < min=50000)
[09:16:07] attack: skip 1:3:8 (cap loot=20000 < min=50000)
[09:16:07] attack: skip 1:3:10 (cap loot=20000 < min=50000)
[09:16:07] attack: skip 1:4:4 (cap loot=20000 < min=50000)
[09:16:07] attack: skip 1:4:6 (cap loot=20000 < min=50000)
[09:16:07] attack: skip 1:4:8 (cap loot=20000 < min=50000)
[09:16:07] attack: skip 1:4:10 (cap loot=20000 < min=50000)
[09:16:07] attack: skip 1:4:12 (cap loot=20000 < min=50000)
[09:16:07] attack: skip 1:5:4 (cap loot=20000 < min=50000)
[09:16:07] attack: skip 1:5:6 (cap loot=20000 < min=50000)
[09:16:07] attack: skip 1:5:8 (cap loot=20000 < min=50000)
[09:16:07] attack: skip 1:5:10 (cap loot=20000 < min=50000)
[09:16:07] attack: skip 1:5:12 (cap loot=20000 < min=50000)
[09:16:07] attack: skip 1:6:4 (cap loot=20000 < min=50000)
[09:16:07] attack: skip 1:6:6 (cap loot=20000 < min=50000)
[09:16:07] attack: skip 1:6:8 (cap loot=20000 < min=50000)
[09:16:07] attack: skip 1:6:10 (cap loot=20000 < min=50000)
[09:16:07] attack: skip 1:6:12 (cap loot=20000 < min=50000)
[09:16:07] attack: skip 1:7:4 (cap loot=20000 < min=50000)
[09:16:07] attack: skip 1:7:6 (cap loot=20000 < min=50000)
[09:16:07] attack: skip 1:7:8 (cap loot=20000 < min=50000)
[09:16:07] attack: skip 1:7:10 (cap loot=20000 < min=50000)
[09:16:07] attack: idle candidates=46 fresh_intel=46 no_spy_src=0 no_atk_src=0 raidmix_fail=0 cooldown_spy=0
[2026-05-11 09:16:47] ==== loop 55/∞ | seed=700949671613944981 archetype=turtle personality=flotero focus=eco actions_per_loop=4 ====
[09:16:50] planet 28: building queue full (5)
[09:16:50] planet 28: building queue full (5)
[09:16:50] planet 28: building queue full (5)
[09:16:50] planet 28: building queue full (5)
[09:16:50] attack: skip 1:2:1 (cap loot=20000 < min=50000)
[09:16:50] attack: skip 1:2:2 (cap loot=20000 < min=50000)
[09:16:50] attack: skip 1:2:3 (cap loot=20000 < min=50000)
[09:16:50] attack: skip 1:2:4 (cap loot=20000 < min=50000)
[09:16:50] attack: skip 1:2:5 (cap loot=20000 < min=50000)
[09:16:50] attack: skip 1:2:6 (cap loot=20000 < min=50000)
[09:16:50] attack: skip 1:2:7 (cap loot=20000 < min=50000)
[09:16:50] attack: skip 1:2:8 (cap loot=20000 < min=50000)
[09:16:50] attack: skip 1:2:9 (cap loot=20000 < min=50000)
[09:16:50] attack: skip 1:2:10 (cap loot=20000 < min=50000)
[09:16:50] attack: skip 1:2:11 (cap loot=20000 < min=50000)
[09:16:50] attack: skip 1:2:12 (cap loot=20000 < min=50000)
[09:16:50] attack: skip 1:2:13 (cap loot=20000 < min=50000)
[09:16:50] attack: skip 1:2:14 (cap loot=20000 < min=50000)
[09:16:50] attack: skip 1:2:15 (cap loot=20000 < min=50000)
[09:16:50] attack: skip 1:3:1 (cap loot=20000 < min=50000)
[09:16:50] attack: skip 1:3:2 (cap loot=20000 < min=50000)
[09:16:50] attack: skip 1:3:3 (cap loot=20000 < min=50000)
[09:16:50] attack: skip 1:3:4 (cap loot=20000 < min=50000)
[09:16:50] attack: skip 1:3:5 (cap loot=20000 < min=50000)
[09:16:50] attack: skip 1:3:11 (cap loot=20000 < min=50000)
[09:16:50] attack: skip 1:3:12 (cap loot=20000 < min=50000)
[09:16:50] attack: skip 1:3:13 (cap loot=20000 < min=50000)
[09:16:50] attack: skip 1:4:3 (cap loot=20000 < min=50000)
[09:16:50] attack: skip 1:3:6 (cap loot=20000 < min=50000)
[09:16:50] attack: skip 1:3:8 (cap loot=20000 < min=50000)
[09:16:50] attack: skip 1:3:10 (cap loot=20000 < min=50000)
[09:16:50] attack: skip 1:4:4 (cap loot=20000 < min=50000)
[09:16:50] attack: skip 1:4:6 (cap loot=20000 < min=50000)
[09:16:50] attack: skip 1:4:8 (cap loot=20000 < min=50000)
[09:16:50] attack: skip 1:4:10 (cap loot=20000 < min=50000)
[09:16:50] attack: skip 1:4:12 (cap loot=20000 < min=50000)
[09:16:50] attack: skip 1:5:4 (cap loot=20000 < min=50000)
[09:16:50] attack: skip 1:5:6 (cap loot=20000 < min=50000)
[09:16:50] attack: skip 1:5:8 (cap loot=20000 < min=50000)
[09:16:50] attack: skip 1:5:10 (cap loot=20000 < min=50000)
[09:16:50] attack: skip 1:5:12 (cap loot=20000 < min=50000)
[09:16:50] attack: skip 1:6:4 (cap loot=20000 < min=50000)
[09:16:50] attack: skip 1:6:6 (cap loot=20000 < min=50000)
[09:16:50] attack: skip 1:6:8 (cap loot=20000 < min=50000)
[09:16:50] attack: skip 1:6:10 (cap loot=20000 < min=50000)
[09:16:50] attack: skip 1:6:12 (cap loot=20000 < min=50000)
[09:16:50] attack: skip 1:7:4 (cap loot=20000 < min=50000)
[09:16:50] attack: skip 1:7:6 (cap loot=20000 < min=50000)
[09:16:50] attack: skip 1:7:8 (cap loot=20000 < min=50000)
[09:16:50] attack: skip 1:7:10 (cap loot=20000 < min=50000)
[09:16:50] attack: idle candidates=46 fresh_intel=46 no_spy_src=0 no_atk_src=0 raidmix_fail=0 cooldown_spy=0
[09:16:50] research: blocked research_energy_technology (building_laboratory 0/1)
[2026-05-11 09:17:31] ==== loop 56/∞ | seed=700949671613944981 archetype=turtle personality=flotero focus=eco actions_per_loop=4 ====
[09:17:34] planet 28: building queue full (5)
[09:17:34] planet 28: building queue full (5)
[09:17:34] planet 28: building queue full (5)
[09:17:34] planet 28: building queue full (5)
[09:17:34] attack: skip 1:2:1 (cap loot=20000 < min=50000)
[09:17:34] attack: skip 1:2:2 (cap loot=20000 < min=50000)
[09:17:34] attack: skip 1:2:3 (cap loot=20000 < min=50000)
[09:17:34] attack: skip 1:2:4 (cap loot=20000 < min=50000)
[09:17:34] attack: skip 1:2:5 (cap loot=20000 < min=50000)
[09:17:34] attack: skip 1:2:6 (cap loot=20000 < min=50000)
[09:17:34] attack: skip 1:2:7 (cap loot=20000 < min=50000)
[09:17:34] attack: skip 1:2:8 (cap loot=20000 < min=50000)
[09:17:34] attack: skip 1:2:9 (cap loot=20000 < min=50000)
[09:17:34] attack: skip 1:2:10 (cap loot=20000 < min=50000)
[09:17:34] attack: skip 1:2:11 (cap loot=20000 < min=50000)
[09:17:34] attack: skip 1:2:12 (cap loot=20000 < min=50000)
[09:17:34] attack: skip 1:2:13 (cap loot=20000 < min=50000)
[09:17:34] attack: skip 1:2:14 (cap loot=20000 < min=50000)
[09:17:34] attack: skip 1:2:15 (cap loot=20000 < min=50000)
[09:17:34] attack: skip 1:3:1 (cap loot=20000 < min=50000)
[09:17:34] attack: skip 1:3:2 (cap loot=20000 < min=50000)
[09:17:34] attack: skip 1:3:3 (cap loot=20000 < min=50000)
[09:17:34] attack: skip 1:3:4 (cap loot=20000 < min=50000)
[09:17:34] attack: skip 1:3:5 (cap loot=20000 < min=50000)
[09:17:34] attack: skip 1:3:11 (cap loot=20000 < min=50000)
[09:17:34] attack: skip 1:3:12 (cap loot=20000 < min=50000)
[09:17:34] attack: skip 1:3:13 (cap loot=20000 < min=50000)
[09:17:34] attack: skip 1:4:3 (cap loot=20000 < min=50000)
[09:17:34] attack: skip 1:3:6 (cap loot=20000 < min=50000)
[09:17:34] attack: skip 1:3:8 (cap loot=20000 < min=50000)
[09:17:34] attack: skip 1:3:10 (cap loot=20000 < min=50000)
[09:17:34] attack: skip 1:4:4 (cap loot=20000 < min=50000)
[09:17:34] attack: skip 1:4:6 (cap loot=20000 < min=50000)
[09:17:34] attack: skip 1:4:8 (cap loot=20000 < min=50000)
[09:17:34] attack: skip 1:4:10 (cap loot=20000 < min=50000)
[09:17:34] attack: skip 1:4:12 (cap loot=20000 < min=50000)
[09:17:34] attack: skip 1:5:4 (cap loot=20000 < min=50000)
[09:17:34] attack: skip 1:5:6 (cap loot=20000 < min=50000)
[09:17:34] attack: skip 1:5:8 (cap loot=20000 < min=50000)
[09:17:34] attack: skip 1:5:10 (cap loot=20000 < min=50000)
[09:17:34] attack: skip 1:5:12 (cap loot=20000 < min=50000)
[09:17:34] attack: skip 1:6:4 (cap loot=20000 < min=50000)
[09:17:34] attack: skip 1:6:6 (cap loot=20000 < min=50000)
[09:17:34] attack: skip 1:6:8 (cap loot=20000 < min=50000)
[09:17:34] attack: skip 1:6:10 (cap loot=20000 < min=50000)
[09:17:34] attack: skip 1:6:12 (cap loot=20000 < min=50000)
[09:17:34] attack: skip 1:7:4 (cap loot=20000 < min=50000)
[09:17:34] attack: skip 1:7:6 (cap loot=20000 < min=50000)
[09:17:34] attack: skip 1:7:8 (cap loot=20000 < min=50000)
[09:17:34] attack: skip 1:7:10 (cap loot=20000 < min=50000)
[09:17:34] attack: idle candidates=46 fresh_intel=46 no_spy_src=0 no_atk_src=0 raidmix_fail=0 cooldown_spy=0
[09:17:34] research: blocked research_energy_technology (building_laboratory 0/1)
[2026-05-11 09:18:20] ==== loop 57/∞ | seed=700949671613944981 archetype=turtle personality=flotero focus=eco actions_per_loop=4 ====
[09:18:22] planet 28: building queue full (5)
[09:18:22] planet 28: building queue full (5)
[09:18:22] planet 28: building queue full (5)
[09:18:22] attack: skip 1:2:1 (cap loot=20000 < min=50000)
[09:18:22] attack: skip 1:2:2 (cap loot=20000 < min=50000)
[09:18:22] attack: skip 1:2:3 (cap loot=20000 < min=50000)
[09:18:22] attack: skip 1:2:4 (cap loot=20000 < min=50000)
[09:18:22] attack: skip 1:2:5 (cap loot=20000 < min=50000)
[09:18:22] attack: skip 1:2:6 (cap loot=20000 < min=50000)
[09:18:22] attack: skip 1:2:7 (cap loot=20000 < min=50000)
[09:18:22] attack: skip 1:2:8 (cap loot=20000 < min=50000)
[09:18:22] attack: skip 1:2:9 (cap loot=20000 < min=50000)
[09:18:22] attack: skip 1:2:10 (cap loot=20000 < min=50000)
[09:18:22] attack: skip 1:2:11 (cap loot=20000 < min=50000)
[09:18:22] attack: skip 1:2:12 (cap loot=20000 < min=50000)
[09:18:22] attack: skip 1:2:13 (cap loot=20000 < min=50000)
[09:18:22] attack: skip 1:2:14 (cap loot=20000 < min=50000)
[09:18:22] attack: skip 1:2:15 (cap loot=20000 < min=50000)
[09:18:22] attack: skip 1:3:1 (cap loot=20000 < min=50000)
[09:18:22] attack: skip 1:3:2 (cap loot=20000 < min=50000)
[09:18:22] attack: skip 1:3:3 (cap loot=20000 < min=50000)
[09:18:22] attack: skip 1:3:4 (cap loot=20000 < min=50000)
[09:18:22] attack: skip 1:3:5 (cap loot=20000 < min=50000)
[09:18:22] attack: skip 1:3:11 (cap loot=20000 < min=50000)
[09:18:22] attack: skip 1:3:12 (cap loot=20000 < min=50000)
[09:18:22] attack: skip 1:3:13 (cap loot=20000 < min=50000)
[09:18:22] attack: skip 1:4:3 (cap loot=20000 < min=50000)
[09:18:22] attack: skip 1:3:6 (cap loot=20000 < min=50000)
[09:18:22] attack: skip 1:3:8 (cap loot=20000 < min=50000)
[09:18:22] attack: skip 1:3:10 (cap loot=20000 < min=50000)
[09:18:22] attack: skip 1:4:4 (cap loot=20000 < min=50000)
[09:18:22] attack: skip 1:4:6 (cap loot=20000 < min=50000)
[09:18:22] attack: skip 1:4:8 (cap loot=20000 < min=50000)
[09:18:22] attack: skip 1:4:10 (cap loot=20000 < min=50000)
[09:18:22] attack: skip 1:4:12 (cap loot=20000 < min=50000)
[09:18:22] attack: skip 1:5:4 (cap loot=20000 < min=50000)
[09:18:22] attack: skip 1:5:6 (cap loot=20000 < min=50000)
[09:18:22] attack: skip 1:5:8 (cap loot=20000 < min=50000)
[09:18:22] attack: skip 1:5:10 (cap loot=20000 < min=50000)
[09:18:22] attack: skip 1:5:12 (cap loot=20000 < min=50000)
[09:18:22] attack: skip 1:6:4 (cap loot=20000 < min=50000)
[09:18:22] attack: skip 1:6:6 (cap loot=20000 < min=50000)
[09:18:22] attack: skip 1:6:8 (cap loot=20000 < min=50000)
[09:18:22] attack: skip 1:6:10 (cap loot=20000 < min=50000)
[09:18:22] attack: skip 1:6:12 (cap loot=20000 < min=50000)
[09:18:22] attack: skip 1:7:4 (cap loot=20000 < min=50000)
[09:18:22] attack: skip 1:7:6 (cap loot=20000 < min=50000)
[09:18:22] attack: skip 1:7:8 (cap loot=20000 < min=50000)
[09:18:22] attack: skip 1:7:10 (cap loot=20000 < min=50000)
[09:18:22] attack: idle candidates=46 fresh_intel=46 no_spy_src=0 no_atk_src=0 raidmix_fail=0 cooldown_spy=0
[09:18:22] research: blocked research_energy_technology (building_laboratory 0/1)
[2026-05-11 09:19:06] ==== loop 58/∞ | seed=700949671613944981 archetype=turtle personality=flotero focus=eco actions_per_loop=4 ====
[09:19:10] planet 28: building queue full (5)
[09:19:10] planet 28: building queue full (5)
[09:19:10] planet 28: building queue full (5)
[09:19:10] planet 28: building queue full (5)
[09:19:10] attack: skip 1:2:1 (cap loot=20000 < min=50000)
[09:19:10] attack: skip 1:2:2 (cap loot=20000 < min=50000)
[09:19:10] attack: skip 1:2:3 (cap loot=20000 < min=50000)
[09:19:10] attack: skip 1:2:4 (cap loot=20000 < min=50000)
[09:19:10] attack: skip 1:2:5 (cap loot=20000 < min=50000)
[09:19:10] attack: skip 1:2:6 (cap loot=20000 < min=50000)
[09:19:10] attack: skip 1:2:7 (cap loot=20000 < min=50000)
[09:19:10] attack: skip 1:2:8 (cap loot=20000 < min=50000)
[09:19:10] attack: skip 1:2:9 (cap loot=20000 < min=50000)
[09:19:10] attack: skip 1:2:10 (cap loot=20000 < min=50000)
[09:19:10] attack: skip 1:2:11 (cap loot=20000 < min=50000)
[09:19:10] attack: skip 1:2:12 (cap loot=20000 < min=50000)
[09:19:10] attack: skip 1:2:13 (cap loot=20000 < min=50000)
[09:19:10] attack: skip 1:2:14 (cap loot=20000 < min=50000)
[09:19:10] attack: skip 1:2:15 (cap loot=20000 < min=50000)
[09:19:10] attack: skip 1:3:1 (cap loot=20000 < min=50000)
[09:19:10] attack: skip 1:3:2 (cap loot=20000 < min=50000)
[09:19:10] attack: skip 1:3:3 (cap loot=20000 < min=50000)
[09:19:10] attack: skip 1:3:4 (cap loot=20000 < min=50000)
[09:19:10] attack: skip 1:3:5 (cap loot=20000 < min=50000)
[09:19:10] attack: skip 1:3:11 (cap loot=20000 < min=50000)
[09:19:10] attack: skip 1:3:12 (cap loot=20000 < min=50000)
[09:19:10] attack: skip 1:3:13 (cap loot=20000 < min=50000)
[09:19:10] attack: skip 1:4:3 (cap loot=20000 < min=50000)
[09:19:10] attack: skip 1:3:6 (cap loot=20000 < min=50000)
[09:19:10] attack: skip 1:3:8 (cap loot=20000 < min=50000)
[09:19:10] attack: skip 1:3:10 (cap loot=20000 < min=50000)
[09:19:10] attack: skip 1:4:4 (cap loot=20000 < min=50000)
[09:19:10] attack: skip 1:4:6 (cap loot=20000 < min=50000)
[09:19:10] attack: skip 1:4:8 (cap loot=20000 < min=50000)
[09:19:10] attack: skip 1:4:10 (cap loot=20000 < min=50000)
[09:19:10] attack: skip 1:4:12 (cap loot=20000 < min=50000)
[09:19:10] attack: skip 1:5:4 (cap loot=20000 < min=50000)
[09:19:10] attack: skip 1:5:6 (cap loot=20000 < min=50000)
[09:19:10] attack: skip 1:5:8 (cap loot=20000 < min=50000)
[09:19:10] attack: skip 1:5:10 (cap loot=20000 < min=50000)
[09:19:10] attack: skip 1:5:12 (cap loot=20000 < min=50000)
[09:19:10] attack: skip 1:6:4 (cap loot=20000 < min=50000)
[09:19:10] attack: skip 1:6:6 (cap loot=20000 < min=50000)
[09:19:10] attack: skip 1:6:8 (cap loot=20000 < min=50000)
[09:19:10] attack: skip 1:6:10 (cap loot=20000 < min=50000)
[09:19:10] attack: skip 1:6:12 (cap loot=20000 < min=50000)
[09:19:10] attack: skip 1:7:4 (cap loot=20000 < min=50000)
[09:19:10] attack: skip 1:7:6 (cap loot=20000 < min=50000)
[09:19:10] attack: skip 1:7:8 (cap loot=20000 < min=50000)
[09:19:10] attack: skip 1:7:10 (cap loot=20000 < min=50000)
[09:19:10] attack: idle candidates=46 fresh_intel=46 no_spy_src=0 no_atk_src=0 raidmix_fail=0 cooldown_spy=0
[2026-05-11 09:19:54] ==== loop 59/∞ | seed=700949671613944981 archetype=turtle personality=flotero focus=eco actions_per_loop=4 ====
[09:19:55] planet 28: building queue full (5)
[09:19:55] planet 28: building queue full (5)
[09:19:55] planet 28: building queue full (5)
[09:19:55] attack: skip 1:2:1 (cap loot=20000 < min=50000)
[09:19:55] attack: skip 1:2:2 (cap loot=20000 < min=50000)
[09:19:55] attack: skip 1:2:3 (cap loot=20000 < min=50000)
[09:19:55] attack: skip 1:2:4 (cap loot=20000 < min=50000)
[09:19:55] attack: skip 1:2:5 (cap loot=20000 < min=50000)
[09:19:55] attack: skip 1:2:6 (cap loot=20000 < min=50000)
[09:19:55] attack: skip 1:2:7 (cap loot=20000 < min=50000)
[09:19:55] attack: skip 1:2:8 (cap loot=20000 < min=50000)
[09:19:55] attack: skip 1:2:9 (cap loot=20000 < min=50000)
[09:19:55] attack: skip 1:2:10 (cap loot=20000 < min=50000)
[09:19:55] attack: skip 1:2:11 (cap loot=20000 < min=50000)
[09:19:55] attack: skip 1:2:12 (cap loot=20000 < min=50000)
[09:19:55] attack: skip 1:2:13 (cap loot=20000 < min=50000)
[09:19:55] attack: skip 1:2:14 (cap loot=20000 < min=50000)
[09:19:55] attack: skip 1:2:15 (cap loot=20000 < min=50000)
[09:19:55] attack: skip 1:3:1 (cap loot=20000 < min=50000)
[09:19:55] attack: skip 1:3:2 (cap loot=20000 < min=50000)
[09:19:55] attack: skip 1:3:3 (cap loot=20000 < min=50000)
[09:19:55] attack: skip 1:3:4 (cap loot=20000 < min=50000)
[09:19:55] attack: skip 1:3:5 (cap loot=20000 < min=50000)
[09:19:55] attack: skip 1:3:11 (cap loot=20000 < min=50000)
[09:19:55] attack: skip 1:3:12 (cap loot=20000 < min=50000)
[09:19:55] attack: skip 1:3:13 (cap loot=20000 < min=50000)
[09:19:55] attack: skip 1:4:3 (cap loot=20000 < min=50000)
[09:19:55] attack: skip 1:3:6 (cap loot=20000 < min=50000)
[09:19:55] attack: skip 1:3:8 (cap loot=20000 < min=50000)
[09:19:55] attack: skip 1:3:10 (cap loot=20000 < min=50000)
[09:19:55] attack: skip 1:4:4 (cap loot=20000 < min=50000)
[09:19:55] attack: skip 1:4:6 (cap loot=20000 < min=50000)
[09:19:55] attack: skip 1:4:8 (cap loot=20000 < min=50000)
[09:19:55] attack: skip 1:4:10 (cap loot=20000 < min=50000)
[09:19:55] attack: skip 1:4:12 (cap loot=20000 < min=50000)
[09:19:55] attack: skip 1:5:4 (cap loot=20000 < min=50000)
[09:19:55] attack: skip 1:5:6 (cap loot=20000 < min=50000)
[09:19:55] attack: skip 1:5:8 (cap loot=20000 < min=50000)
[09:19:55] attack: skip 1:5:10 (cap loot=20000 < min=50000)
[09:19:55] attack: skip 1:5:12 (cap loot=20000 < min=50000)
[09:19:55] attack: skip 1:6:4 (cap loot=20000 < min=50000)
[09:19:55] attack: skip 1:6:6 (cap loot=20000 < min=50000)
[09:19:55] attack: skip 1:6:8 (cap loot=20000 < min=50000)
[09:19:55] attack: skip 1:6:10 (cap loot=20000 < min=50000)
[09:19:55] attack: skip 1:6:12 (cap loot=20000 < min=50000)
[09:19:55] attack: skip 1:7:4 (cap loot=20000 < min=50000)
[09:19:55] attack: skip 1:7:6 (cap loot=20000 < min=50000)
[09:19:55] attack: skip 1:7:8 (cap loot=20000 < min=50000)
[09:19:55] attack: skip 1:7:10 (cap loot=20000 < min=50000)
[09:19:55] attack: idle candidates=46 fresh_intel=46 no_spy_src=0 no_atk_src=0 raidmix_fail=0 cooldown_spy=0
[2026-05-11 09:20:35] ==== loop 60/∞ | seed=700949671613944981 archetype=turtle personality=flotero focus=eco actions_per_loop=4 ====
[09:20:37] planet 28: building queue full (5)
[09:20:37] planet 28: building queue full (5)
[09:20:37] planet 28: building queue full (5)
[09:20:37] attack: skip 1:2:1 (cap loot=20000 < min=50000)
[09:20:37] attack: skip 1:2:2 (cap loot=20000 < min=50000)
[09:20:37] attack: skip 1:2:3 (cap loot=20000 < min=50000)
[09:20:37] attack: skip 1:2:4 (cap loot=20000 < min=50000)
[09:20:37] attack: skip 1:2:5 (cap loot=20000 < min=50000)
[09:20:37] attack: skip 1:2:6 (cap loot=20000 < min=50000)
[09:20:37] attack: skip 1:2:7 (cap loot=20000 < min=50000)
[09:20:37] attack: skip 1:2:8 (cap loot=20000 < min=50000)
[09:20:37] attack: skip 1:2:9 (cap loot=20000 < min=50000)
[09:20:37] attack: skip 1:2:10 (cap loot=20000 < min=50000)
[09:20:37] attack: skip 1:2:11 (cap loot=20000 < min=50000)
[09:20:37] attack: skip 1:2:12 (cap loot=20000 < min=50000)
[09:20:37] attack: skip 1:2:13 (cap loot=20000 < min=50000)
[09:20:37] attack: skip 1:2:14 (cap loot=20000 < min=50000)
[09:20:37] attack: skip 1:2:15 (cap loot=20000 < min=50000)
[09:20:37] attack: skip 1:3:1 (cap loot=20000 < min=50000)
[09:20:37] attack: skip 1:3:2 (cap loot=20000 < min=50000)
[09:20:37] attack: skip 1:3:3 (cap loot=20000 < min=50000)
[09:20:37] attack: skip 1:3:4 (cap loot=20000 < min=50000)
[09:20:37] attack: skip 1:3:5 (cap loot=20000 < min=50000)
[09:20:37] attack: skip 1:3:11 (cap loot=20000 < min=50000)
[09:20:37] attack: skip 1:3:12 (cap loot=20000 < min=50000)
[09:20:37] attack: skip 1:3:13 (cap loot=20000 < min=50000)
[09:20:37] attack: skip 1:4:3 (cap loot=20000 < min=50000)
[09:20:37] attack: skip 1:3:6 (cap loot=20000 < min=50000)
[09:20:37] attack: skip 1:3:8 (cap loot=20000 < min=50000)
[09:20:37] attack: skip 1:3:10 (cap loot=20000 < min=50000)
[09:20:37] attack: skip 1:4:4 (cap loot=20000 < min=50000)
[09:20:37] attack: skip 1:4:6 (cap loot=20000 < min=50000)
[09:20:37] attack: skip 1:4:8 (cap loot=20000 < min=50000)
[09:20:37] attack: skip 1:4:10 (cap loot=20000 < min=50000)
[09:20:37] attack: skip 1:4:12 (cap loot=20000 < min=50000)
[09:20:37] attack: skip 1:5:4 (cap loot=20000 < min=50000)
[09:20:37] attack: skip 1:5:6 (cap loot=20000 < min=50000)
[09:20:37] attack: skip 1:5:8 (cap loot=20000 < min=50000)
[09:20:37] attack: skip 1:5:10 (cap loot=20000 < min=50000)
[09:20:37] attack: skip 1:5:12 (cap loot=20000 < min=50000)
[09:20:37] attack: skip 1:6:4 (cap loot=20000 < min=50000)
[09:20:37] attack: skip 1:6:6 (cap loot=20000 < min=50000)
[09:20:37] attack: skip 1:6:8 (cap loot=20000 < min=50000)
[09:20:37] attack: skip 1:6:10 (cap loot=20000 < min=50000)
[09:20:37] attack: skip 1:6:12 (cap loot=20000 < min=50000)
[09:20:37] attack: skip 1:7:4 (cap loot=20000 < min=50000)
[09:20:37] attack: skip 1:7:6 (cap loot=20000 < min=50000)
[09:20:37] attack: skip 1:7:8 (cap loot=20000 < min=50000)
[09:20:37] attack: skip 1:7:10 (cap loot=20000 < min=50000)
[09:20:37] attack: idle candidates=46 fresh_intel=46 no_spy_src=0 no_atk_src=0 raidmix_fail=0 cooldown_spy=0
[2026-05-11 09:21:18] ==== loop 61/∞ | seed=700949671613944981 archetype=turtle personality=flotero focus=eco actions_per_loop=4 ====
[09:21:22] planet 28: building queue full (5)
[09:21:22] planet 28: building queue full (5)
[09:21:22] planet 28: building queue full (5)
[09:21:22] planet 28: building queue full (5)
[09:21:22] attack: skip 1:2:1 (cap loot=20000 < min=50000)
[09:21:22] attack: skip 1:2:2 (cap loot=20000 < min=50000)
[09:21:22] attack: skip 1:2:3 (cap loot=20000 < min=50000)
[09:21:22] attack: skip 1:2:4 (cap loot=20000 < min=50000)
[09:21:22] attack: skip 1:2:5 (cap loot=20000 < min=50000)
[09:21:22] attack: skip 1:2:6 (cap loot=20000 < min=50000)
[09:21:22] attack: skip 1:2:7 (cap loot=20000 < min=50000)
[09:21:22] attack: skip 1:2:8 (cap loot=20000 < min=50000)
[09:21:22] attack: skip 1:2:9 (cap loot=20000 < min=50000)
[09:21:22] attack: skip 1:2:10 (cap loot=20000 < min=50000)
[09:21:22] attack: skip 1:2:11 (cap loot=20000 < min=50000)
[09:21:22] attack: skip 1:2:12 (cap loot=20000 < min=50000)
[09:21:22] attack: skip 1:2:13 (cap loot=20000 < min=50000)
[09:21:22] attack: skip 1:2:14 (cap loot=20000 < min=50000)
[09:21:22] attack: skip 1:2:15 (cap loot=20000 < min=50000)
[09:21:22] attack: skip 1:3:1 (cap loot=20000 < min=50000)
[09:21:22] attack: skip 1:3:2 (cap loot=20000 < min=50000)
[09:21:22] attack: skip 1:3:3 (cap loot=20000 < min=50000)
[09:21:22] attack: skip 1:3:4 (cap loot=20000 < min=50000)
[09:21:22] attack: skip 1:3:5 (cap loot=20000 < min=50000)
[09:21:22] attack: skip 1:3:11 (cap loot=20000 < min=50000)
[09:21:22] attack: skip 1:3:12 (cap loot=20000 < min=50000)
[09:21:22] attack: skip 1:3:13 (cap loot=20000 < min=50000)
[09:21:22] attack: skip 1:4:3 (cap loot=20000 < min=50000)
[09:21:22] attack: skip 1:3:6 (cap loot=20000 < min=50000)
[09:21:22] attack: skip 1:3:8 (cap loot=20000 < min=50000)
[09:21:22] attack: skip 1:3:10 (cap loot=20000 < min=50000)
[09:21:22] attack: skip 1:4:4 (cap loot=20000 < min=50000)
[09:21:22] attack: skip 1:4:6 (cap loot=20000 < min=50000)
[09:21:22] attack: skip 1:4:8 (cap loot=20000 < min=50000)
[09:21:22] attack: skip 1:4:10 (cap loot=20000 < min=50000)
[09:21:22] attack: skip 1:4:12 (cap loot=20000 < min=50000)
[09:21:22] attack: skip 1:5:4 (cap loot=20000 < min=50000)
[09:21:22] attack: skip 1:5:6 (cap loot=20000 < min=50000)
[09:21:22] attack: skip 1:5:8 (cap loot=20000 < min=50000)
[09:21:22] attack: skip 1:5:10 (cap loot=20000 < min=50000)
[09:21:22] attack: skip 1:5:12 (cap loot=20000 < min=50000)
[09:21:22] attack: skip 1:6:4 (cap loot=20000 < min=50000)
[09:21:22] attack: skip 1:6:6 (cap loot=20000 < min=50000)
[09:21:22] attack: skip 1:6:8 (cap loot=20000 < min=50000)
[09:21:22] attack: skip 1:6:10 (cap loot=20000 < min=50000)
[09:21:22] attack: skip 1:6:12 (cap loot=20000 < min=50000)
[09:21:22] attack: skip 1:7:4 (cap loot=20000 < min=50000)
[09:21:22] attack: skip 1:7:6 (cap loot=20000 < min=50000)
[09:21:22] attack: skip 1:7:8 (cap loot=20000 < min=50000)
[09:21:22] attack: skip 1:7:10 (cap loot=20000 < min=50000)
[09:21:22] attack: idle candidates=46 fresh_intel=46 no_spy_src=0 no_atk_src=0 raidmix_fail=0 cooldown_spy=0
[09:21:22] research: blocked research_energy_technology (building_laboratory 0/1)
[2026-05-11 09:22:05] ==== loop 62/∞ | seed=700949671613944981 archetype=turtle personality=flotero focus=eco actions_per_loop=4 ====
[09:22:07] planet 28: building queue full (5)
[09:22:07] planet 28: building queue full (5)
[09:22:07] planet 28: building queue full (5)
[09:22:07] planet 28: building queue full (5)
[09:22:07] attack: skip 1:2:1 (cap loot=20000 < min=50000)
[09:22:07] attack: skip 1:2:2 (cap loot=20000 < min=50000)
[09:22:07] attack: skip 1:2:3 (cap loot=20000 < min=50000)
[09:22:07] attack: skip 1:2:4 (cap loot=20000 < min=50000)
[09:22:07] attack: skip 1:2:5 (cap loot=20000 < min=50000)
[09:22:07] attack: skip 1:2:6 (cap loot=20000 < min=50000)
[09:22:07] attack: skip 1:2:7 (cap loot=20000 < min=50000)
[09:22:07] attack: skip 1:2:8 (cap loot=20000 < min=50000)
[09:22:07] attack: skip 1:2:9 (cap loot=20000 < min=50000)
[09:22:07] attack: skip 1:2:10 (cap loot=20000 < min=50000)
[09:22:07] attack: skip 1:2:11 (cap loot=20000 < min=50000)
[09:22:07] attack: skip 1:2:12 (cap loot=20000 < min=50000)
[09:22:07] attack: skip 1:2:13 (cap loot=20000 < min=50000)
[09:22:07] attack: skip 1:2:14 (cap loot=20000 < min=50000)
[09:22:07] attack: skip 1:2:15 (cap loot=20000 < min=50000)
[09:22:07] attack: skip 1:3:1 (cap loot=20000 < min=50000)
[09:22:07] attack: skip 1:3:2 (cap loot=20000 < min=50000)
[09:22:07] attack: skip 1:3:3 (cap loot=20000 < min=50000)
[09:22:07] attack: skip 1:3:4 (cap loot=20000 < min=50000)
[09:22:07] attack: skip 1:3:5 (cap loot=20000 < min=50000)
[09:22:07] attack: skip 1:3:11 (cap loot=20000 < min=50000)
[09:22:07] attack: skip 1:3:12 (cap loot=20000 < min=50000)
[09:22:07] attack: skip 1:3:13 (cap loot=20000 < min=50000)
[09:22:07] attack: skip 1:4:3 (cap loot=20000 < min=50000)
[09:22:07] attack: skip 1:3:6 (cap loot=20000 < min=50000)
[09:22:07] attack: skip 1:3:8 (cap loot=20000 < min=50000)
[09:22:07] attack: skip 1:3:10 (cap loot=20000 < min=50000)
[09:22:07] attack: skip 1:4:4 (cap loot=20000 < min=50000)
[09:22:07] attack: skip 1:4:6 (cap loot=20000 < min=50000)
[09:22:07] attack: skip 1:4:8 (cap loot=20000 < min=50000)
[09:22:07] attack: skip 1:4:10 (cap loot=20000 < min=50000)
[09:22:07] attack: skip 1:4:12 (cap loot=20000 < min=50000)
[09:22:07] attack: skip 1:5:4 (cap loot=20000 < min=50000)
[09:22:07] attack: skip 1:5:6 (cap loot=20000 < min=50000)
[09:22:07] attack: skip 1:5:8 (cap loot=20000 < min=50000)
[09:22:07] attack: skip 1:5:10 (cap loot=20000 < min=50000)
[09:22:07] attack: skip 1:5:12 (cap loot=20000 < min=50000)
[09:22:07] attack: skip 1:6:4 (cap loot=20000 < min=50000)
[09:22:07] attack: skip 1:6:6 (cap loot=20000 < min=50000)
[09:22:07] attack: skip 1:6:8 (cap loot=20000 < min=50000)
[09:22:07] attack: skip 1:6:10 (cap loot=20000 < min=50000)
[09:22:07] attack: skip 1:6:12 (cap loot=20000 < min=50000)
[09:22:07] attack: skip 1:7:4 (cap loot=20000 < min=50000)
[09:22:07] attack: skip 1:7:6 (cap loot=20000 < min=50000)
[09:22:07] attack: skip 1:7:8 (cap loot=20000 < min=50000)
[09:22:07] attack: skip 1:7:10 (cap loot=20000 < min=50000)
[09:22:07] attack: idle candidates=46 fresh_intel=46 no_spy_src=0 no_atk_src=0 raidmix_fail=0 cooldown_spy=0
[2026-05-11 09:22:51] ==== loop 63/∞ | seed=700949671613944981 archetype=turtle personality=flotero focus=eco actions_per_loop=4 ====
[09:22:53] planet 28: building queue full (5)
[09:22:53] planet 28: building queue full (5)
[09:22:53] planet 28: building queue full (5)
[09:22:53] planet 28: building queue full (5)
[09:22:53] attack: skip 1:2:1 (cap loot=20000 < min=50000)
[09:22:53] attack: skip 1:2:2 (cap loot=20000 < min=50000)
[09:22:53] attack: skip 1:2:3 (cap loot=20000 < min=50000)
[09:22:53] attack: skip 1:2:4 (cap loot=20000 < min=50000)
[09:22:53] attack: skip 1:2:5 (cap loot=20000 < min=50000)
[09:22:53] attack: skip 1:2:6 (cap loot=20000 < min=50000)
[09:22:53] attack: skip 1:2:7 (cap loot=20000 < min=50000)
[09:22:53] attack: skip 1:2:8 (cap loot=20000 < min=50000)
[09:22:53] attack: skip 1:2:9 (cap loot=20000 < min=50000)
[09:22:53] attack: skip 1:2:10 (cap loot=20000 < min=50000)
[09:22:53] attack: skip 1:2:11 (cap loot=20000 < min=50000)
[09:22:53] attack: skip 1:2:12 (cap loot=20000 < min=50000)
[09:22:53] attack: skip 1:2:13 (cap loot=20000 < min=50000)
[09:22:53] attack: skip 1:2:14 (cap loot=20000 < min=50000)
[09:22:53] attack: skip 1:2:15 (cap loot=20000 < min=50000)
[09:22:53] attack: skip 1:3:1 (cap loot=20000 < min=50000)
[09:22:53] attack: skip 1:3:2 (cap loot=20000 < min=50000)
[09:22:53] attack: skip 1:3:3 (cap loot=20000 < min=50000)
[09:22:53] attack: skip 1:3:4 (cap loot=20000 < min=50000)
[09:22:53] attack: skip 1:3:5 (cap loot=20000 < min=50000)
[09:22:53] attack: skip 1:3:11 (cap loot=20000 < min=50000)
[09:22:53] attack: skip 1:3:12 (cap loot=20000 < min=50000)
[09:22:53] attack: skip 1:3:13 (cap loot=20000 < min=50000)
[09:22:53] attack: skip 1:4:3 (cap loot=20000 < min=50000)
[09:22:53] attack: skip 1:3:6 (cap loot=20000 < min=50000)
[09:22:53] attack: skip 1:3:8 (cap loot=20000 < min=50000)
[09:22:53] attack: skip 1:3:10 (cap loot=20000 < min=50000)
[09:22:53] attack: skip 1:4:4 (cap loot=20000 < min=50000)
[09:22:53] attack: skip 1:4:6 (cap loot=20000 < min=50000)
[09:22:53] attack: skip 1:4:8 (cap loot=20000 < min=50000)
[09:22:53] attack: skip 1:4:10 (cap loot=20000 < min=50000)
[09:22:53] attack: skip 1:4:12 (cap loot=20000 < min=50000)
[09:22:53] attack: skip 1:5:4 (cap loot=20000 < min=50000)
[09:22:53] attack: skip 1:5:6 (cap loot=20000 < min=50000)
[09:22:53] attack: skip 1:5:8 (cap loot=20000 < min=50000)
[09:22:53] attack: skip 1:5:10 (cap loot=20000 < min=50000)
[09:22:53] attack: skip 1:5:12 (cap loot=20000 < min=50000)
[09:22:53] attack: skip 1:6:4 (cap loot=20000 < min=50000)
[09:22:53] attack: skip 1:6:6 (cap loot=20000 < min=50000)
[09:22:53] attack: skip 1:6:8 (cap loot=20000 < min=50000)
[09:22:53] attack: skip 1:6:10 (cap loot=20000 < min=50000)
[09:22:53] attack: skip 1:6:12 (cap loot=20000 < min=50000)
[09:22:53] attack: skip 1:7:4 (cap loot=20000 < min=50000)
[09:22:53] attack: skip 1:7:6 (cap loot=20000 < min=50000)
[09:22:53] attack: skip 1:7:8 (cap loot=20000 < min=50000)
[09:22:53] attack: skip 1:7:10 (cap loot=20000 < min=50000)
[09:22:53] attack: idle candidates=46 fresh_intel=46 no_spy_src=0 no_atk_src=0 raidmix_fail=0 cooldown_spy=0
[09:22:53] research: blocked research_energy_technology (building_laboratory 0/1)
[2026-05-11 09:23:32] ==== loop 64/∞ | seed=700949671613944981 archetype=turtle personality=flotero focus=eco actions_per_loop=4 ====
[09:23:35] planet 28: building queue full (5)
[09:23:35] planet 28: building queue full (5)
[09:23:35] planet 28: building queue full (5)
[09:23:35] planet 28: building queue full (5)
[09:23:35] attack: skip 1:2:1 (cap loot=20000 < min=50000)
[09:23:35] attack: skip 1:2:2 (cap loot=20000 < min=50000)
[09:23:35] attack: skip 1:2:3 (cap loot=20000 < min=50000)
[09:23:35] attack: skip 1:2:4 (cap loot=20000 < min=50000)
[09:23:35] attack: skip 1:2:5 (cap loot=20000 < min=50000)
[09:23:35] attack: skip 1:2:6 (cap loot=20000 < min=50000)
[09:23:35] attack: skip 1:2:7 (cap loot=20000 < min=50000)
[09:23:35] attack: skip 1:2:8 (cap loot=20000 < min=50000)
[09:23:35] attack: skip 1:2:9 (cap loot=20000 < min=50000)
[09:23:35] attack: skip 1:2:10 (cap loot=20000 < min=50000)
[09:23:35] attack: skip 1:2:11 (cap loot=20000 < min=50000)
[09:23:35] attack: skip 1:2:12 (cap loot=20000 < min=50000)
[09:23:35] attack: skip 1:2:13 (cap loot=20000 < min=50000)
[09:23:35] attack: skip 1:2:14 (cap loot=20000 < min=50000)
[09:23:35] attack: skip 1:2:15 (cap loot=20000 < min=50000)
[09:23:35] attack: skip 1:3:1 (cap loot=20000 < min=50000)
[09:23:35] attack: skip 1:3:2 (cap loot=20000 < min=50000)
[09:23:35] attack: skip 1:3:3 (cap loot=20000 < min=50000)
[09:23:35] attack: skip 1:3:4 (cap loot=20000 < min=50000)
[09:23:35] attack: skip 1:3:5 (cap loot=20000 < min=50000)
[09:23:35] attack: skip 1:3:11 (cap loot=20000 < min=50000)
[09:23:35] attack: skip 1:3:12 (cap loot=20000 < min=50000)
[09:23:35] attack: skip 1:3:13 (cap loot=20000 < min=50000)
[09:23:35] attack: skip 1:4:3 (cap loot=20000 < min=50000)
[09:23:35] attack: skip 1:3:6 (cap loot=20000 < min=50000)
[09:23:35] attack: skip 1:3:8 (cap loot=20000 < min=50000)
[09:23:35] attack: skip 1:3:10 (cap loot=20000 < min=50000)
[09:23:35] attack: skip 1:4:4 (cap loot=20000 < min=50000)
[09:23:35] attack: skip 1:4:6 (cap loot=20000 < min=50000)
[09:23:35] attack: skip 1:4:8 (cap loot=20000 < min=50000)
[09:23:35] attack: skip 1:4:10 (cap loot=20000 < min=50000)
[09:23:35] attack: skip 1:4:12 (cap loot=20000 < min=50000)
[09:23:35] attack: skip 1:5:4 (cap loot=20000 < min=50000)
[09:23:35] attack: skip 1:5:6 (cap loot=20000 < min=50000)
[09:23:35] attack: skip 1:5:8 (cap loot=20000 < min=50000)
[09:23:35] attack: skip 1:5:10 (cap loot=20000 < min=50000)
[09:23:35] attack: skip 1:5:12 (cap loot=20000 < min=50000)
[09:23:35] attack: skip 1:6:4 (cap loot=20000 < min=50000)
[09:23:35] attack: skip 1:6:6 (cap loot=20000 < min=50000)
[09:23:35] attack: skip 1:6:8 (cap loot=20000 < min=50000)
[09:23:35] attack: skip 1:6:10 (cap loot=20000 < min=50000)
[09:23:35] attack: skip 1:6:12 (cap loot=20000 < min=50000)
[09:23:35] attack: skip 1:7:4 (cap loot=20000 < min=50000)
[09:23:35] attack: skip 1:7:6 (cap loot=20000 < min=50000)
[09:23:35] attack: skip 1:7:8 (cap loot=20000 < min=50000)
[09:23:35] attack: skip 1:7:10 (cap loot=20000 < min=50000)
[09:23:35] attack: idle candidates=46 fresh_intel=46 no_spy_src=0 no_atk_src=0 raidmix_fail=0 cooldown_spy=0
[2026-05-11 09:24:19] ==== loop 65/∞ | seed=700949671613944981 archetype=turtle personality=flotero focus=eco actions_per_loop=4 ====
[09:24:22] planet 28: building queue full (5)
[09:24:22] planet 28: building queue full (5)
[09:24:22] planet 28: building queue full (5)
[09:24:22] planet 28: building queue full (5)
[09:24:22] attack: skip 1:2:1 (cap loot=20000 < min=50000)
[09:24:22] attack: skip 1:2:2 (cap loot=20000 < min=50000)
[09:24:22] attack: skip 1:2:3 (cap loot=20000 < min=50000)
[09:24:22] attack: skip 1:2:4 (cap loot=20000 < min=50000)
[09:24:22] attack: skip 1:2:5 (cap loot=20000 < min=50000)
[09:24:22] attack: skip 1:2:6 (cap loot=20000 < min=50000)
[09:24:22] attack: skip 1:2:7 (cap loot=20000 < min=50000)
[09:24:22] attack: skip 1:2:8 (cap loot=20000 < min=50000)
[09:24:22] attack: skip 1:2:9 (cap loot=20000 < min=50000)
[09:24:22] attack: skip 1:2:10 (cap loot=20000 < min=50000)
[09:24:22] attack: skip 1:2:11 (cap loot=20000 < min=50000)
[09:24:22] attack: skip 1:2:12 (cap loot=20000 < min=50000)
[09:24:22] attack: skip 1:2:13 (cap loot=20000 < min=50000)
[09:24:22] attack: skip 1:2:14 (cap loot=20000 < min=50000)
[09:24:22] attack: skip 1:2:15 (cap loot=20000 < min=50000)
[09:24:22] attack: skip 1:3:1 (cap loot=20000 < min=50000)
[09:24:22] attack: skip 1:3:2 (cap loot=20000 < min=50000)
[09:24:22] attack: skip 1:3:3 (cap loot=20000 < min=50000)
[09:24:22] attack: skip 1:3:4 (cap loot=20000 < min=50000)
[09:24:22] attack: skip 1:3:5 (cap loot=20000 < min=50000)
[09:24:22] attack: skip 1:3:11 (cap loot=20000 < min=50000)
[09:24:22] attack: skip 1:3:12 (cap loot=20000 < min=50000)
[09:24:22] attack: skip 1:3:13 (cap loot=20000 < min=50000)
[09:24:22] attack: skip 1:4:3 (cap loot=20000 < min=50000)
[09:24:22] attack: skip 1:3:6 (cap loot=20000 < min=50000)
[09:24:22] attack: skip 1:3:8 (cap loot=20000 < min=50000)
[09:24:22] attack: skip 1:3:10 (cap loot=20000 < min=50000)
[09:24:22] attack: skip 1:4:4 (cap loot=20000 < min=50000)
[09:24:22] attack: skip 1:4:6 (cap loot=20000 < min=50000)
[09:24:22] attack: skip 1:4:8 (cap loot=20000 < min=50000)
[09:24:22] attack: skip 1:4:10 (cap loot=20000 < min=50000)
[09:24:22] attack: skip 1:4:12 (cap loot=20000 < min=50000)
[09:24:22] attack: skip 1:5:4 (cap loot=20000 < min=50000)
[09:24:22] attack: skip 1:5:6 (cap loot=20000 < min=50000)
[09:24:22] attack: skip 1:5:8 (cap loot=20000 < min=50000)
[09:24:22] attack: skip 1:5:10 (cap loot=20000 < min=50000)
[09:24:22] attack: skip 1:5:12 (cap loot=20000 < min=50000)
[09:24:22] attack: skip 1:6:4 (cap loot=20000 < min=50000)
[09:24:22] attack: skip 1:6:6 (cap loot=20000 < min=50000)
[09:24:22] attack: skip 1:6:8 (cap loot=20000 < min=50000)
[09:24:22] attack: skip 1:6:10 (cap loot=20000 < min=50000)
[09:24:22] attack: skip 1:6:12 (cap loot=20000 < min=50000)
[09:24:22] attack: skip 1:7:4 (cap loot=20000 < min=50000)
[09:24:22] attack: skip 1:7:6 (cap loot=20000 < min=50000)
[09:24:22] attack: skip 1:7:8 (cap loot=20000 < min=50000)
[09:24:22] attack: skip 1:7:10 (cap loot=20000 < min=50000)
[09:24:22] attack: idle candidates=46 fresh_intel=46 no_spy_src=0 no_atk_src=0 raidmix_fail=0 cooldown_spy=0
[2026-05-11 09:25:05] ==== loop 66/∞ | seed=700949671613944981 archetype=turtle personality=flotero focus=eco actions_per_loop=4 ====
[09:25:08] planet 28: building queue full (5)
[09:25:08] planet 28: building queue full (5)
[09:25:08] planet 28: building queue full (5)
[09:25:08] planet 28: building queue full (5)
[09:25:08] attack: skip 1:2:1 (cap loot=20000 < min=50000)
[09:25:08] attack: skip 1:2:2 (cap loot=20000 < min=50000)
[09:25:08] attack: skip 1:2:3 (cap loot=20000 < min=50000)
[09:25:08] attack: skip 1:2:4 (cap loot=20000 < min=50000)
[09:25:08] attack: skip 1:2:5 (cap loot=20000 < min=50000)
[09:25:08] attack: skip 1:2:6 (cap loot=20000 < min=50000)
[09:25:08] attack: skip 1:2:7 (cap loot=20000 < min=50000)
[09:25:08] attack: skip 1:2:8 (cap loot=20000 < min=50000)
[09:25:08] attack: skip 1:2:9 (cap loot=20000 < min=50000)
[09:25:08] attack: skip 1:2:10 (cap loot=20000 < min=50000)
[09:25:08] attack: skip 1:2:11 (cap loot=20000 < min=50000)
[09:25:08] attack: skip 1:2:12 (cap loot=20000 < min=50000)
[09:25:08] attack: skip 1:2:13 (cap loot=20000 < min=50000)
[09:25:08] attack: skip 1:2:14 (cap loot=20000 < min=50000)
[09:25:08] attack: skip 1:2:15 (cap loot=20000 < min=50000)
[09:25:08] attack: skip 1:3:1 (cap loot=20000 < min=50000)
[09:25:08] attack: skip 1:3:2 (cap loot=20000 < min=50000)
[09:25:08] attack: skip 1:3:3 (cap loot=20000 < min=50000)
[09:25:08] attack: skip 1:3:4 (cap loot=20000 < min=50000)
[09:25:08] attack: skip 1:3:5 (cap loot=20000 < min=50000)
[09:25:08] attack: skip 1:3:11 (cap loot=20000 < min=50000)
[09:25:08] attack: skip 1:3:12 (cap loot=20000 < min=50000)
[09:25:08] attack: skip 1:3:13 (cap loot=20000 < min=50000)
[09:25:08] attack: skip 1:4:3 (cap loot=20000 < min=50000)
[09:25:08] attack: skip 1:3:6 (cap loot=20000 < min=50000)
[09:25:08] attack: skip 1:3:8 (cap loot=20000 < min=50000)
[09:25:08] attack: skip 1:3:10 (cap loot=20000 < min=50000)
[09:25:08] attack: skip 1:4:4 (cap loot=20000 < min=50000)
[09:25:08] attack: skip 1:4:6 (cap loot=20000 < min=50000)
[09:25:08] attack: skip 1:4:8 (cap loot=20000 < min=50000)
[09:25:08] attack: skip 1:4:10 (cap loot=20000 < min=50000)
[09:25:08] attack: skip 1:4:12 (cap loot=20000 < min=50000)
[09:25:08] attack: skip 1:5:4 (cap loot=20000 < min=50000)
[09:25:08] attack: skip 1:5:6 (cap loot=20000 < min=50000)
[09:25:08] attack: skip 1:5:8 (cap loot=20000 < min=50000)
[09:25:08] attack: skip 1:5:10 (cap loot=20000 < min=50000)
[09:25:08] attack: skip 1:5:12 (cap loot=20000 < min=50000)
[09:25:08] attack: skip 1:6:4 (cap loot=20000 < min=50000)
[09:25:08] attack: skip 1:6:6 (cap loot=20000 < min=50000)
[09:25:08] attack: skip 1:6:8 (cap loot=20000 < min=50000)
[09:25:08] attack: skip 1:6:10 (cap loot=20000 < min=50000)
[09:25:08] attack: skip 1:6:12 (cap loot=20000 < min=50000)
[09:25:08] attack: skip 1:7:4 (cap loot=20000 < min=50000)
[09:25:08] attack: skip 1:7:6 (cap loot=20000 < min=50000)
[09:25:08] attack: skip 1:7:8 (cap loot=20000 < min=50000)
[09:25:08] attack: skip 1:7:10 (cap loot=20000 < min=50000)
[09:25:08] attack: idle candidates=46 fresh_intel=46 no_spy_src=0 no_atk_src=0 raidmix_fail=0 cooldown_spy=0
[09:25:08] research: blocked research_energy_technology (building_laboratory 0/1)
[2026-05-11 09:25:56] ==== loop 67/∞ | seed=700949671613944981 archetype=turtle personality=flotero focus=eco actions_per_loop=4 ====
[09:25:57] planet 28: building queue full (5)
[09:25:57] planet 28: building queue full (5)
[09:25:57] planet 28: building queue full (5)
[09:25:57] attack: spy 1:2:1 probes=4 eta=1s
[09:25:57] attack: spy 1:2:2 probes=4 eta=1s
[09:25:57] attack: spy 1:2:3 probes=4 eta=1s
[09:25:57] attack: spy 1:2:4 probes=4 eta=1s
[09:25:57] attack: skip 1:2:5 (cap loot=20000 < min=50000)
[09:25:57] attack: skip 1:2:6 (cap loot=20000 < min=50000)
[09:25:57] attack: skip 1:2:7 (cap loot=20000 < min=50000)
[09:25:57] attack: skip 1:2:8 (cap loot=20000 < min=50000)
[09:25:57] attack: skip 1:2:9 (cap loot=20000 < min=50000)
[09:25:57] attack: skip 1:2:10 (cap loot=20000 < min=50000)
[09:25:57] attack: skip 1:2:11 (cap loot=20000 < min=50000)
[09:25:57] attack: skip 1:2:12 (cap loot=20000 < min=50000)
[09:25:57] attack: skip 1:2:13 (cap loot=20000 < min=50000)
[09:25:57] attack: skip 1:2:14 (cap loot=20000 < min=50000)
[09:25:57] attack: skip 1:2:15 (cap loot=20000 < min=50000)
[09:25:57] attack: skip 1:3:1 (cap loot=20000 < min=50000)
[09:25:57] attack: skip 1:3:2 (cap loot=20000 < min=50000)
[09:25:57] attack: skip 1:3:3 (cap loot=20000 < min=50000)
[09:25:57] attack: skip 1:3:4 (cap loot=20000 < min=50000)
[09:25:57] attack: skip 1:3:5 (cap loot=20000 < min=50000)
[09:25:57] attack: skip 1:3:11 (cap loot=20000 < min=50000)
[09:25:57] attack: skip 1:3:12 (cap loot=20000 < min=50000)
[09:25:57] attack: skip 1:3:13 (cap loot=20000 < min=50000)
[09:25:57] attack: skip 1:4:3 (cap loot=20000 < min=50000)
[09:25:57] attack: skip 1:3:6 (cap loot=20000 < min=50000)
[09:25:57] attack: skip 1:3:8 (cap loot=20000 < min=50000)
[09:25:57] attack: skip 1:3:10 (cap loot=20000 < min=50000)
[09:25:57] attack: skip 1:4:4 (cap loot=20000 < min=50000)
[09:25:57] attack: skip 1:4:6 (cap loot=20000 < min=50000)
[09:25:57] attack: skip 1:4:8 (cap loot=20000 < min=50000)
[09:25:57] attack: skip 1:4:10 (cap loot=20000 < min=50000)
[09:25:57] attack: skip 1:4:12 (cap loot=20000 < min=50000)
[09:25:57] attack: skip 1:5:4 (cap loot=20000 < min=50000)
[09:25:57] attack: skip 1:5:6 (cap loot=20000 < min=50000)
[09:25:57] attack: skip 1:5:8 (cap loot=20000 < min=50000)
[09:25:57] attack: skip 1:5:10 (cap loot=20000 < min=50000)
[09:25:57] attack: skip 1:5:12 (cap loot=20000 < min=50000)
[09:25:57] attack: skip 1:6:4 (cap loot=20000 < min=50000)
[09:25:57] attack: skip 1:6:6 (cap loot=20000 < min=50000)
[09:25:57] attack: skip 1:6:8 (cap loot=20000 < min=50000)
[09:25:57] attack: skip 1:6:10 (cap loot=20000 < min=50000)
[09:25:57] attack: skip 1:6:12 (cap loot=20000 < min=50000)
[09:25:57] attack: skip 1:7:4 (cap loot=20000 < min=50000)
[09:25:57] attack: skip 1:7:6 (cap loot=20000 < min=50000)
[09:25:57] attack: skip 1:7:8 (cap loot=20000 < min=50000)
[09:25:57] attack: skip 1:7:10 (cap loot=20000 < min=50000)
[09:25:57] research: blocked research_energy_technology (building_laboratory 0/1)
[2026-05-11 09:26:37] ==== loop 68/∞ | seed=700949671613944981 archetype=turtle personality=flotero focus=eco actions_per_loop=4 ====
[09:26:39] planet 28: building queue full (5)
[09:26:39] planet 28: building queue full (5)
[09:26:39] planet 28: building queue full (5)
[09:26:39] planet 28: building queue full (5)
[09:26:39] attack: intel 1:2:1 ships=0 defs=0 res=5520017192
[09:26:39] attack: intel 1:2:2 ships=0 defs=0 res=5522677971
[09:26:39] attack: intel 1:2:3 ships=0 defs=0 res=5524241018
[09:26:39] attack: intel 1:2:4 ships=0 defs=0 res=5523489131
[09:26:39] attack: skip 1:2:1 (cap loot=20000 < min=50000)
[09:26:39] attack: skip 1:2:2 (cap loot=20000 < min=50000)
[09:26:39] attack: skip 1:2:3 (cap loot=20000 < min=50000)
[09:26:39] attack: skip 1:2:4 (cap loot=20000 < min=50000)
[09:26:39] attack: spy 1:2:5 probes=4 eta=1s
[09:26:39] attack: spy 1:2:6 probes=4 eta=1s
[09:26:39] attack: spy 1:2:7 probes=4 eta=1s
[09:26:39] attack: spy 1:2:8 probes=4 eta=1s
[09:26:39] attack: skip 1:2:9 (cap loot=20000 < min=50000)
[09:26:39] attack: skip 1:2:10 (cap loot=20000 < min=50000)
[09:26:39] attack: skip 1:2:11 (cap loot=20000 < min=50000)
[09:26:39] attack: skip 1:2:12 (cap loot=20000 < min=50000)
[09:26:39] attack: skip 1:2:13 (cap loot=20000 < min=50000)
[09:26:39] attack: skip 1:2:14 (cap loot=20000 < min=50000)
[09:26:39] attack: skip 1:2:15 (cap loot=20000 < min=50000)
[09:26:39] attack: skip 1:3:1 (cap loot=20000 < min=50000)
[09:26:39] attack: skip 1:3:2 (cap loot=20000 < min=50000)
[09:26:39] attack: skip 1:3:3 (cap loot=20000 < min=50000)
[09:26:39] attack: skip 1:3:4 (cap loot=20000 < min=50000)
[09:26:39] attack: skip 1:3:5 (cap loot=20000 < min=50000)
[09:26:39] attack: skip 1:3:11 (cap loot=20000 < min=50000)
[09:26:39] attack: skip 1:3:12 (cap loot=20000 < min=50000)
[09:26:39] attack: skip 1:3:13 (cap loot=20000 < min=50000)
[09:26:39] attack: skip 1:4:3 (cap loot=20000 < min=50000)
[09:26:39] attack: skip 1:3:6 (cap loot=20000 < min=50000)
[09:26:39] attack: skip 1:3:8 (cap loot=20000 < min=50000)
[09:26:39] attack: skip 1:3:10 (cap loot=20000 < min=50000)
[09:26:39] attack: skip 1:4:4 (cap loot=20000 < min=50000)
[09:26:39] attack: skip 1:4:6 (cap loot=20000 < min=50000)
[09:26:39] attack: skip 1:4:8 (cap loot=20000 < min=50000)
[09:26:39] attack: skip 1:4:10 (cap loot=20000 < min=50000)
[09:26:39] attack: skip 1:4:12 (cap loot=20000 < min=50000)
[09:26:39] attack: skip 1:5:4 (cap loot=20000 < min=50000)
[09:26:39] attack: skip 1:5:6 (cap loot=20000 < min=50000)
[09:26:39] attack: skip 1:5:8 (cap loot=20000 < min=50000)
[09:26:39] attack: skip 1:5:10 (cap loot=20000 < min=50000)
[09:26:39] attack: skip 1:5:12 (cap loot=20000 < min=50000)
[09:26:39] attack: skip 1:6:4 (cap loot=20000 < min=50000)
[09:26:39] attack: skip 1:6:6 (cap loot=20000 < min=50000)
[09:26:39] attack: skip 1:6:8 (cap loot=20000 < min=50000)
[09:26:39] attack: skip 1:6:10 (cap loot=20000 < min=50000)
[09:26:39] attack: skip 1:6:12 (cap loot=20000 < min=50000)
[09:26:39] attack: skip 1:7:4 (cap loot=20000 < min=50000)
[09:26:39] attack: skip 1:7:6 (cap loot=20000 < min=50000)
[09:26:39] attack: skip 1:7:8 (cap loot=20000 < min=50000)
[09:26:39] attack: skip 1:7:10 (cap loot=20000 < min=50000)
[2026-05-11 09:27:24] ==== loop 69/∞ | seed=700949671613944981 archetype=turtle personality=flotero focus=eco actions_per_loop=4 ====
[09:27:25] planet 28: building queue full (5)
[09:27:25] planet 28: building queue full (5)
[09:27:25] planet 28: building queue full (5)
[09:27:25] attack: intel 1:2:5 ships=0 defs=0 res=5389343977
[09:27:25] attack: intel 1:2:6 ships=0 defs=0 res=5512968443
[09:27:25] attack: intel 1:2:7 ships=0 defs=0 res=5507599436
[09:27:25] attack: intel 1:2:8 ships=0 defs=0 res=5362979444
[09:27:25] attack: skip 1:2:1 (cap loot=20000 < min=50000)
[09:27:25] attack: skip 1:2:2 (cap loot=20000 < min=50000)
[09:27:25] attack: skip 1:2:3 (cap loot=20000 < min=50000)
[09:27:25] attack: skip 1:2:4 (cap loot=20000 < min=50000)
[09:27:25] attack: skip 1:2:5 (cap loot=20000 < min=50000)
[09:27:25] attack: skip 1:2:6 (cap loot=20000 < min=50000)
[09:27:25] attack: skip 1:2:7 (cap loot=20000 < min=50000)
[09:27:25] attack: skip 1:2:8 (cap loot=20000 < min=50000)
[09:27:25] attack: spy 1:2:9 probes=4 eta=1s
[09:27:25] attack: spy 1:2:10 probes=4 eta=1s
[09:27:25] attack: spy 1:2:11 probes=4 eta=1s
[09:27:25] attack: spy 1:2:12 probes=4 eta=1s
[09:27:25] attack: skip 1:2:13 (cap loot=20000 < min=50000)
[09:27:25] attack: skip 1:2:14 (cap loot=20000 < min=50000)
[09:27:25] attack: skip 1:2:15 (cap loot=20000 < min=50000)
[09:27:25] attack: skip 1:3:1 (cap loot=20000 < min=50000)
[09:27:25] attack: skip 1:3:2 (cap loot=20000 < min=50000)
[09:27:25] attack: skip 1:3:3 (cap loot=20000 < min=50000)
[09:27:25] attack: skip 1:3:4 (cap loot=20000 < min=50000)
[09:27:25] attack: skip 1:3:5 (cap loot=20000 < min=50000)
[09:27:25] attack: skip 1:3:11 (cap loot=20000 < min=50000)
[09:27:25] attack: skip 1:3:12 (cap loot=20000 < min=50000)
[09:27:25] attack: skip 1:3:13 (cap loot=20000 < min=50000)
[09:27:25] attack: skip 1:4:3 (cap loot=20000 < min=50000)
[09:27:25] attack: skip 1:3:6 (cap loot=20000 < min=50000)
[09:27:25] attack: skip 1:3:8 (cap loot=20000 < min=50000)
[09:27:25] attack: skip 1:3:10 (cap loot=20000 < min=50000)
[09:27:25] attack: skip 1:4:4 (cap loot=20000 < min=50000)
[09:27:25] attack: skip 1:4:6 (cap loot=20000 < min=50000)
[09:27:25] attack: skip 1:4:8 (cap loot=20000 < min=50000)
[09:27:25] attack: skip 1:4:10 (cap loot=20000 < min=50000)
[09:27:25] attack: skip 1:4:12 (cap loot=20000 < min=50000)
[09:27:25] attack: skip 1:5:4 (cap loot=20000 < min=50000)
[09:27:25] attack: skip 1:5:6 (cap loot=20000 < min=50000)
[09:27:25] attack: skip 1:5:8 (cap loot=20000 < min=50000)
[09:27:25] attack: skip 1:5:10 (cap loot=20000 < min=50000)
[09:27:25] attack: skip 1:5:12 (cap loot=20000 < min=50000)
[09:27:25] attack: skip 1:6:4 (cap loot=20000 < min=50000)
[09:27:25] attack: skip 1:6:6 (cap loot=20000 < min=50000)
[09:27:25] attack: skip 1:6:8 (cap loot=20000 < min=50000)
[09:27:25] attack: skip 1:6:10 (cap loot=20000 < min=50000)
[09:27:25] attack: skip 1:6:12 (cap loot=20000 < min=50000)
[09:27:25] attack: skip 1:7:4 (cap loot=20000 < min=50000)
[09:27:25] attack: skip 1:7:6 (cap loot=20000 < min=50000)
[09:27:25] attack: skip 1:7:8 (cap loot=20000 < min=50000)
[09:27:25] attack: skip 1:7:10 (cap loot=20000 < min=50000)
[09:27:25] research: blocked research_energy_technology (building_laboratory 0/1)
[2026-05-11 09:28:07] ==== loop 70/∞ | seed=700949671613944981 archetype=turtle personality=flotero focus=eco actions_per_loop=4 ====
[09:28:09] planet 28: building queue full (5)
[09:28:09] planet 28: building queue full (5)
[09:28:09] planet 28: building queue full (5)
[09:28:09] attack: intel 1:2:9 ships=0 defs=0 res=5903826067
[09:28:09] attack: intel 1:2:10 ships=0 defs=0 res=7102431612
[09:28:09] attack: intel 1:2:11 ships=0 defs=0 res=7103201412
[09:28:09] attack: intel 1:2:12 ships=0 defs=0 res=7103702412
[09:28:09] attack: skip 1:2:1 (cap loot=20000 < min=50000)
[09:28:09] attack: skip 1:2:2 (cap loot=20000 < min=50000)
[09:28:09] attack: skip 1:2:3 (cap loot=20000 < min=50000)
[09:28:09] attack: skip 1:2:4 (cap loot=20000 < min=50000)
[09:28:09] attack: skip 1:2:5 (cap loot=20000 < min=50000)
[09:28:09] attack: skip 1:2:6 (cap loot=20000 < min=50000)
[09:28:09] attack: skip 1:2:7 (cap loot=20000 < min=50000)
[09:28:09] attack: skip 1:2:8 (cap loot=20000 < min=50000)
[09:28:09] attack: skip 1:2:9 (cap loot=20000 < min=50000)
[09:28:09] attack: skip 1:2:10 (cap loot=20000 < min=50000)
[09:28:09] attack: skip 1:2:11 (cap loot=20000 < min=50000)
[09:28:09] attack: skip 1:2:12 (cap loot=20000 < min=50000)
[09:28:09] attack: spy 1:2:13 probes=4 eta=1s
[09:28:09] attack: spy 1:2:14 probes=4 eta=1s
[09:28:09] attack: spy 1:2:15 probes=4 eta=1s
[09:28:09] attack: spy 1:3:1 probes=4 eta=1s
[09:28:09] attack: skip 1:3:2 (cap loot=20000 < min=50000)
[09:28:09] attack: skip 1:3:3 (cap loot=20000 < min=50000)
[09:28:09] attack: skip 1:3:4 (cap loot=20000 < min=50000)
[09:28:09] attack: skip 1:3:5 (cap loot=20000 < min=50000)
[09:28:09] attack: skip 1:3:11 (cap loot=20000 < min=50000)
[09:28:09] attack: skip 1:3:12 (cap loot=20000 < min=50000)
[09:28:09] attack: skip 1:3:13 (cap loot=20000 < min=50000)
[09:28:09] attack: skip 1:4:3 (cap loot=20000 < min=50000)
[09:28:09] attack: skip 1:3:6 (cap loot=20000 < min=50000)
[09:28:09] attack: skip 1:3:8 (cap loot=20000 < min=50000)
[09:28:09] attack: skip 1:3:10 (cap loot=20000 < min=50000)
[09:28:09] attack: skip 1:4:4 (cap loot=20000 < min=50000)
[09:28:09] attack: skip 1:4:6 (cap loot=20000 < min=50000)
[09:28:09] attack: skip 1:4:8 (cap loot=20000 < min=50000)
[09:28:09] attack: skip 1:4:10 (cap loot=20000 < min=50000)
[09:28:09] attack: skip 1:4:12 (cap loot=20000 < min=50000)
[09:28:09] attack: skip 1:5:4 (cap loot=20000 < min=50000)
[09:28:09] attack: skip 1:5:6 (cap loot=20000 < min=50000)
[09:28:09] attack: skip 1:5:8 (cap loot=20000 < min=50000)
[09:28:09] attack: skip 1:5:10 (cap loot=20000 < min=50000)
[09:28:09] attack: skip 1:5:12 (cap loot=20000 < min=50000)
[09:28:09] attack: skip 1:6:4 (cap loot=20000 < min=50000)
[09:28:09] attack: skip 1:6:6 (cap loot=20000 < min=50000)
[09:28:09] attack: skip 1:6:8 (cap loot=20000 < min=50000)
[09:28:09] attack: skip 1:6:10 (cap loot=20000 < min=50000)
[09:28:09] attack: skip 1:6:12 (cap loot=20000 < min=50000)
[09:28:09] attack: skip 1:7:4 (cap loot=20000 < min=50000)
[09:28:09] attack: skip 1:7:6 (cap loot=20000 < min=50000)
[09:28:09] attack: skip 1:7:8 (cap loot=20000 < min=50000)
[09:28:09] attack: skip 1:7:10 (cap loot=20000 < min=50000)
[09:28:09] research: blocked research_energy_technology (building_laboratory 0/1)
[2026-05-11 09:28:50] ==== loop 71/∞ | seed=700949671613944981 archetype=turtle personality=flotero focus=eco actions_per_loop=4 ====
[09:28:53] planet 28: building queue full (5)
[09:28:53] planet 28: building queue full (5)
[09:28:53] planet 28: building queue full (5)
[09:28:53] planet 28: building queue full (5)
[09:28:53] attack: intel 1:2:13 ships=0 defs=0 res=5559876277
[09:28:53] attack: intel 1:2:14 ships=0 defs=0 res=5777684859
[09:28:53] attack: intel 1:2:15 ships=0 defs=0 res=5815725164
[09:28:53] attack: intel 1:3:1 ships=0 defs=0 res=5911973766
[09:28:53] attack: skip 1:2:1 (cap loot=20000 < min=50000)
[09:28:53] attack: skip 1:2:2 (cap loot=20000 < min=50000)
[09:28:53] attack: skip 1:2:3 (cap loot=20000 < min=50000)
[09:28:53] attack: skip 1:2:4 (cap loot=20000 < min=50000)
[09:28:53] attack: skip 1:2:5 (cap loot=20000 < min=50000)
[09:28:53] attack: skip 1:2:6 (cap loot=20000 < min=50000)
[09:28:53] attack: skip 1:2:7 (cap loot=20000 < min=50000)
[09:28:53] attack: skip 1:2:8 (cap loot=20000 < min=50000)
[09:28:53] attack: skip 1:2:9 (cap loot=20000 < min=50000)
[09:28:53] attack: skip 1:2:10 (cap loot=20000 < min=50000)
[09:28:53] attack: skip 1:2:11 (cap loot=20000 < min=50000)
[09:28:53] attack: skip 1:2:12 (cap loot=20000 < min=50000)
[09:28:53] attack: skip 1:2:13 (cap loot=20000 < min=50000)
[09:28:53] attack: skip 1:2:14 (cap loot=20000 < min=50000)
[09:28:53] attack: skip 1:2:15 (cap loot=20000 < min=50000)
[09:28:53] attack: skip 1:3:1 (cap loot=20000 < min=50000)
[09:28:53] attack: spy 1:3:2 probes=4 eta=1s
[09:28:53] attack: spy 1:3:3 probes=4 eta=1s
[09:28:53] attack: spy 1:3:4 probes=4 eta=1s
[09:28:53] attack: spy 1:3:5 probes=4 eta=1s
[09:28:53] attack: skip 1:3:11 (cap loot=20000 < min=50000)
[09:28:53] attack: skip 1:3:12 (cap loot=20000 < min=50000)
[09:28:53] attack: skip 1:3:13 (cap loot=20000 < min=50000)
[09:28:53] attack: skip 1:4:3 (cap loot=20000 < min=50000)
[09:28:53] attack: skip 1:3:6 (cap loot=20000 < min=50000)
[09:28:53] attack: skip 1:3:8 (cap loot=20000 < min=50000)
[09:28:53] attack: skip 1:3:10 (cap loot=20000 < min=50000)
[09:28:53] attack: skip 1:4:4 (cap loot=20000 < min=50000)
[09:28:53] attack: skip 1:4:6 (cap loot=20000 < min=50000)
[09:28:53] attack: skip 1:4:8 (cap loot=20000 < min=50000)
[09:28:53] attack: skip 1:4:10 (cap loot=20000 < min=50000)
[09:28:53] attack: skip 1:4:12 (cap loot=20000 < min=50000)
[09:28:53] attack: skip 1:5:4 (cap loot=20000 < min=50000)
[09:28:53] attack: skip 1:5:6 (cap loot=20000 < min=50000)
[09:28:53] attack: skip 1:5:8 (cap loot=20000 < min=50000)
[09:28:53] attack: skip 1:5:10 (cap loot=20000 < min=50000)
[09:28:53] attack: skip 1:5:12 (cap loot=20000 < min=50000)
[09:28:53] attack: skip 1:6:4 (cap loot=20000 < min=50000)
[09:28:53] attack: skip 1:6:6 (cap loot=20000 < min=50000)
[09:28:53] attack: skip 1:6:8 (cap loot=20000 < min=50000)
[09:28:53] attack: skip 1:6:10 (cap loot=20000 < min=50000)
[09:28:53] attack: skip 1:6:12 (cap loot=20000 < min=50000)
[09:28:53] attack: skip 1:7:4 (cap loot=20000 < min=50000)
[09:28:53] attack: skip 1:7:6 (cap loot=20000 < min=50000)
[09:28:53] attack: skip 1:7:8 (cap loot=20000 < min=50000)
[09:28:53] attack: skip 1:7:10 (cap loot=20000 < min=50000)
[09:28:53] research: blocked research_energy_technology (building_laboratory 0/1)
[2026-05-11 09:29:28] ==== loop 72/∞ | seed=700949671613944981 archetype=turtle personality=flotero focus=eco actions_per_loop=4 ====
[09:29:32] planet 28: building queue full (5)
[09:29:32] planet 28: building queue full (5)
[09:29:32] planet 28: building queue full (5)
[09:29:32] planet 28: building queue full (5)
[09:29:32] attack: intel 1:3:2 ships=0 defs=0 res=5908362383
[09:29:32] attack: intel 1:3:3 ships=0 defs=0 res=5906622843
[09:29:32] attack: intel 1:3:4 ships=0 defs=0 res=5556007518
[09:29:32] attack: intel 1:3:5 ships=0 defs=0 res=5424021857
[09:29:32] attack: skip 1:2:1 (cap loot=20000 < min=50000)
[09:29:32] attack: skip 1:2:2 (cap loot=20000 < min=50000)
[09:29:32] attack: skip 1:2:3 (cap loot=20000 < min=50000)
[09:29:32] attack: skip 1:2:4 (cap loot=20000 < min=50000)
[09:29:32] attack: skip 1:2:5 (cap loot=20000 < min=50000)
[09:29:32] attack: skip 1:2:6 (cap loot=20000 < min=50000)
[09:29:32] attack: skip 1:2:7 (cap loot=20000 < min=50000)
[09:29:32] attack: skip 1:2:8 (cap loot=20000 < min=50000)
[09:29:32] attack: skip 1:2:9 (cap loot=20000 < min=50000)
[09:29:32] attack: skip 1:2:10 (cap loot=20000 < min=50000)
[09:29:32] attack: skip 1:2:11 (cap loot=20000 < min=50000)
[09:29:32] attack: skip 1:2:12 (cap loot=20000 < min=50000)
[09:29:32] attack: skip 1:2:13 (cap loot=20000 < min=50000)
[09:29:32] attack: skip 1:2:14 (cap loot=20000 < min=50000)
[09:29:32] attack: skip 1:2:15 (cap loot=20000 < min=50000)
[09:29:32] attack: skip 1:3:1 (cap loot=20000 < min=50000)
[09:29:32] attack: skip 1:3:2 (cap loot=20000 < min=50000)
[09:29:32] attack: skip 1:3:3 (cap loot=20000 < min=50000)
[09:29:32] attack: skip 1:3:4 (cap loot=20000 < min=50000)
[09:29:32] attack: skip 1:3:5 (cap loot=20000 < min=50000)
[09:29:32] attack: spy 1:3:11 probes=4 eta=1s
[09:29:32] attack: spy 1:3:12 probes=4 eta=1s
[09:29:32] attack: spy 1:3:13 probes=4 eta=1s
[09:29:32] attack: spy 1:4:3 probes=4 eta=1s
[09:29:32] attack: skip 1:3:6 (cap loot=20000 < min=50000)
[09:29:32] attack: skip 1:3:8 (cap loot=20000 < min=50000)
[09:29:32] attack: skip 1:3:10 (cap loot=20000 < min=50000)
[09:29:32] attack: skip 1:4:4 (cap loot=20000 < min=50000)
[09:29:32] attack: skip 1:4:6 (cap loot=20000 < min=50000)
[09:29:32] attack: skip 1:4:8 (cap loot=20000 < min=50000)
[09:29:32] attack: skip 1:4:10 (cap loot=20000 < min=50000)
[09:29:32] attack: skip 1:4:12 (cap loot=20000 < min=50000)
[09:29:32] attack: skip 1:5:4 (cap loot=20000 < min=50000)
[09:29:32] attack: skip 1:5:6 (cap loot=20000 < min=50000)
[09:29:32] attack: skip 1:5:8 (cap loot=20000 < min=50000)
[09:29:32] attack: skip 1:5:10 (cap loot=20000 < min=50000)
[09:29:32] attack: skip 1:5:12 (cap loot=20000 < min=50000)
[09:29:32] attack: skip 1:6:4 (cap loot=20000 < min=50000)
[09:29:32] attack: skip 1:6:6 (cap loot=20000 < min=50000)
[09:29:32] attack: skip 1:6:8 (cap loot=20000 < min=50000)
[09:29:32] attack: skip 1:6:10 (cap loot=20000 < min=50000)
[09:29:32] attack: skip 1:6:12 (cap loot=20000 < min=50000)
[09:29:32] attack: skip 1:7:4 (cap loot=20000 < min=50000)
[09:29:32] attack: skip 1:7:6 (cap loot=20000 < min=50000)
[09:29:32] attack: skip 1:7:8 (cap loot=20000 < min=50000)
[09:29:32] attack: skip 1:7:10 (cap loot=20000 < min=50000)
[09:29:32] research: blocked research_energy_technology (building_laboratory 0/1)
[2026-05-11 09:30:15] ==== loop 73/∞ | seed=700949671613944981 archetype=turtle personality=flotero focus=eco actions_per_loop=4 ====
[09:30:19] planet 28: building queue full (5)
[09:30:19] planet 28: building queue full (5)
[09:30:19] planet 28: building queue full (5)
[09:30:19] planet 28: building queue full (5)
[09:30:19] attack: intel 1:3:11 ships=0 defs=0 res=5743204597
[09:30:19] attack: intel 1:3:12 ships=0 defs=0 res=5395524108
[09:30:19] attack: intel 1:3:13 ships=0 defs=0 res=5532552364
[09:30:19] attack: intel 1:4:3 ships=0 defs=0 res=5879719139
[09:30:19] attack: skip 1:2:1 (cap loot=20000 < min=50000)
[09:30:19] attack: skip 1:2:2 (cap loot=20000 < min=50000)
[09:30:19] attack: skip 1:2:3 (cap loot=20000 < min=50000)
[09:30:19] attack: skip 1:2:4 (cap loot=20000 < min=50000)
[09:30:19] attack: skip 1:2:5 (cap loot=20000 < min=50000)
[09:30:19] attack: skip 1:2:6 (cap loot=20000 < min=50000)
[09:30:19] attack: skip 1:2:7 (cap loot=20000 < min=50000)
[09:30:19] attack: skip 1:2:8 (cap loot=20000 < min=50000)
[09:30:19] attack: skip 1:2:9 (cap loot=20000 < min=50000)
[09:30:19] attack: skip 1:2:10 (cap loot=20000 < min=50000)
[09:30:19] attack: skip 1:2:11 (cap loot=20000 < min=50000)
[09:30:19] attack: skip 1:2:12 (cap loot=20000 < min=50000)
[09:30:19] attack: skip 1:2:13 (cap loot=20000 < min=50000)
[09:30:19] attack: skip 1:2:14 (cap loot=20000 < min=50000)
[09:30:19] attack: skip 1:2:15 (cap loot=20000 < min=50000)
[09:30:19] attack: skip 1:3:1 (cap loot=20000 < min=50000)
[09:30:19] attack: skip 1:3:2 (cap loot=20000 < min=50000)
[09:30:19] attack: skip 1:3:3 (cap loot=20000 < min=50000)
[09:30:19] attack: skip 1:3:4 (cap loot=20000 < min=50000)
[09:30:19] attack: skip 1:3:5 (cap loot=20000 < min=50000)
[09:30:19] attack: skip 1:3:11 (cap loot=20000 < min=50000)
[09:30:19] attack: skip 1:3:12 (cap loot=20000 < min=50000)
[09:30:19] attack: skip 1:3:13 (cap loot=20000 < min=50000)
[09:30:19] attack: skip 1:4:3 (cap loot=20000 < min=50000)
[09:30:19] attack: spy 1:3:6 probes=4 eta=1s
[09:30:19] attack: spy 1:3:8 probes=4 eta=1s
[09:30:19] attack: spy 1:3:10 probes=4 eta=1s
[09:30:19] attack: spy 1:4:4 probes=4 eta=1s
[09:30:19] attack: skip 1:4:6 (cap loot=20000 < min=50000)
[09:30:19] attack: skip 1:4:8 (cap loot=20000 < min=50000)
[09:30:19] attack: skip 1:4:10 (cap loot=20000 < min=50000)
[09:30:19] attack: skip 1:4:12 (cap loot=20000 < min=50000)
[09:30:19] attack: skip 1:5:4 (cap loot=20000 < min=50000)
[09:30:19] attack: skip 1:5:6 (cap loot=20000 < min=50000)
[09:30:19] attack: skip 1:5:8 (cap loot=20000 < min=50000)
[09:30:19] attack: skip 1:5:10 (cap loot=20000 < min=50000)
[09:30:19] attack: skip 1:5:12 (cap loot=20000 < min=50000)
[09:30:19] attack: skip 1:6:4 (cap loot=20000 < min=50000)
[09:30:19] attack: skip 1:6:6 (cap loot=20000 < min=50000)
[09:30:19] attack: skip 1:6:8 (cap loot=20000 < min=50000)
[09:30:19] attack: skip 1:6:10 (cap loot=20000 < min=50000)
[09:30:19] attack: skip 1:6:12 (cap loot=20000 < min=50000)
[09:30:19] attack: skip 1:7:4 (cap loot=20000 < min=50000)
[09:30:19] attack: skip 1:7:6 (cap loot=20000 < min=50000)
[09:30:19] attack: skip 1:7:8 (cap loot=20000 < min=50000)
[09:30:19] attack: skip 1:7:10 (cap loot=20000 < min=50000)
[09:30:19] research: blocked research_energy_technology (building_laboratory 0/1)
[2026-05-11 09:30:57] ==== loop 74/∞ | seed=700949671613944981 archetype=turtle personality=flotero focus=eco actions_per_loop=4 ====
[09:31:00] planet 28: building queue full (5)
[09:31:00] planet 28: building queue full (5)
[09:31:00] planet 28: building queue full (5)
[09:31:00] attack: intel 1:3:6 ships=145 defs=8 res=98978034
[09:31:00] attack: intel 1:3:8 ships=15 defs=58 res=33263389
[09:31:00] attack: intel 1:3:10 ships=78 defs=117 res=95125989
[09:31:00] attack: intel 1:4:4 ships=113 defs=11 res=143297107
[09:31:00] attack: skip 1:2:1 (cap loot=20000 < min=50000)
[09:31:00] attack: skip 1:2:2 (cap loot=20000 < min=50000)
[09:31:00] attack: skip 1:2:3 (cap loot=20000 < min=50000)
[09:31:00] attack: skip 1:2:4 (cap loot=20000 < min=50000)
[09:31:00] attack: skip 1:2:5 (cap loot=20000 < min=50000)
[09:31:00] attack: skip 1:2:6 (cap loot=20000 < min=50000)
[09:31:00] attack: skip 1:2:7 (cap loot=20000 < min=50000)
[09:31:00] attack: skip 1:2:8 (cap loot=20000 < min=50000)
[09:31:00] attack: skip 1:2:9 (cap loot=20000 < min=50000)
[09:31:00] attack: skip 1:2:10 (cap loot=20000 < min=50000)
[09:31:00] attack: skip 1:2:11 (cap loot=20000 < min=50000)
[09:31:00] attack: skip 1:2:12 (cap loot=20000 < min=50000)
[09:31:00] attack: skip 1:2:13 (cap loot=20000 < min=50000)
[09:31:00] attack: skip 1:2:14 (cap loot=20000 < min=50000)
[09:31:00] attack: skip 1:2:15 (cap loot=20000 < min=50000)
[09:31:00] attack: skip 1:3:1 (cap loot=20000 < min=50000)
[09:31:00] attack: skip 1:3:2 (cap loot=20000 < min=50000)
[09:31:00] attack: skip 1:3:3 (cap loot=20000 < min=50000)
[09:31:00] attack: skip 1:3:4 (cap loot=20000 < min=50000)
[09:31:00] attack: skip 1:3:5 (cap loot=20000 < min=50000)
[09:31:00] attack: skip 1:3:11 (cap loot=20000 < min=50000)
[09:31:00] attack: skip 1:3:12 (cap loot=20000 < min=50000)
[09:31:00] attack: skip 1:3:13 (cap loot=20000 < min=50000)
[09:31:00] attack: skip 1:4:3 (cap loot=20000 < min=50000)
[09:31:00] attack: skip 1:3:6 (cap loot=20000 < min=50000)
[09:31:00] attack: skip 1:3:8 (cap loot=20000 < min=50000)
[09:31:00] attack: skip 1:3:10 (cap loot=20000 < min=50000)
[09:31:00] attack: skip 1:4:4 (cap loot=20000 < min=50000)
[09:31:00] attack: spy 1:4:6 probes=4 eta=1s
[09:31:00] attack: spy 1:4:8 probes=4 eta=1s
[09:31:00] attack: spy 1:4:10 probes=4 eta=1s
[09:31:00] attack: spy 1:4:12 probes=4 eta=1s
[09:31:00] attack: skip 1:5:4 (cap loot=20000 < min=50000)
[09:31:00] attack: skip 1:5:6 (cap loot=20000 < min=50000)
[09:31:00] attack: skip 1:5:8 (cap loot=20000 < min=50000)
[09:31:00] attack: skip 1:5:10 (cap loot=20000 < min=50000)
[09:31:00] attack: skip 1:5:12 (cap loot=20000 < min=50000)
[09:31:00] attack: skip 1:6:4 (cap loot=20000 < min=50000)
[09:31:00] attack: skip 1:6:6 (cap loot=20000 < min=50000)
[09:31:00] attack: skip 1:6:8 (cap loot=20000 < min=50000)
[09:31:00] attack: skip 1:6:10 (cap loot=20000 < min=50000)
[09:31:00] attack: skip 1:6:12 (cap loot=20000 < min=50000)
[09:31:00] attack: skip 1:7:4 (cap loot=20000 < min=50000)
[09:31:00] attack: skip 1:7:6 (cap loot=20000 < min=50000)
[09:31:00] attack: skip 1:7:8 (cap loot=20000 < min=50000)
[09:31:00] attack: skip 1:7:10 (cap loot=20000 < min=50000)
[09:31:00] research: blocked research_energy_technology (building_laboratory 0/1)
[2026-05-11 09:31:38] ==== loop 75/∞ | seed=700949671613944981 archetype=turtle personality=flotero focus=eco actions_per_loop=4 ====
[09:31:40] planet 28: building queue full (5)
[09:31:40] planet 28: building queue full (5)
[09:31:40] planet 28: building queue full (5)
[09:31:40] attack: intel 1:4:6 ships=64 defs=0 res=123225797
[09:31:40] attack: intel 1:4:8 ships=136 defs=119 res=72730064
[09:31:40] attack: intel 1:4:10 ships=192 defs=154 res=130305154
[09:31:40] attack: intel 1:4:12 ships=126 defs=200 res=129696177
[09:31:40] attack: skip 1:2:1 (cap loot=20000 < min=50000)
[09:31:40] attack: skip 1:2:2 (cap loot=20000 < min=50000)
[09:31:40] attack: skip 1:2:3 (cap loot=20000 < min=50000)
[09:31:40] attack: skip 1:2:4 (cap loot=20000 < min=50000)
[09:31:40] attack: skip 1:2:5 (cap loot=20000 < min=50000)
[09:31:40] attack: skip 1:2:6 (cap loot=20000 < min=50000)
[09:31:40] attack: skip 1:2:7 (cap loot=20000 < min=50000)
[09:31:40] attack: skip 1:2:8 (cap loot=20000 < min=50000)
[09:31:40] attack: skip 1:2:9 (cap loot=20000 < min=50000)
[09:31:40] attack: skip 1:2:10 (cap loot=20000 < min=50000)
[09:31:40] attack: skip 1:2:11 (cap loot=20000 < min=50000)
[09:31:40] attack: skip 1:2:12 (cap loot=20000 < min=50000)
[09:31:40] attack: skip 1:2:13 (cap loot=20000 < min=50000)
[09:31:40] attack: skip 1:2:14 (cap loot=20000 < min=50000)
[09:31:40] attack: skip 1:2:15 (cap loot=20000 < min=50000)
[09:31:40] attack: skip 1:3:1 (cap loot=20000 < min=50000)
[09:31:40] attack: skip 1:3:2 (cap loot=20000 < min=50000)
[09:31:40] attack: skip 1:3:3 (cap loot=20000 < min=50000)
[09:31:40] attack: skip 1:3:4 (cap loot=20000 < min=50000)
[09:31:40] attack: skip 1:3:5 (cap loot=20000 < min=50000)
[09:31:40] attack: skip 1:3:11 (cap loot=20000 < min=50000)
[09:31:40] attack: skip 1:3:12 (cap loot=20000 < min=50000)
[09:31:40] attack: skip 1:3:13 (cap loot=20000 < min=50000)
[09:31:40] attack: skip 1:4:3 (cap loot=20000 < min=50000)
[09:31:40] attack: skip 1:3:6 (cap loot=20000 < min=50000)
[09:31:40] attack: skip 1:3:8 (cap loot=20000 < min=50000)
[09:31:40] attack: skip 1:3:10 (cap loot=20000 < min=50000)
[09:31:40] attack: skip 1:4:4 (cap loot=20000 < min=50000)
[09:31:40] attack: skip 1:4:6 (cap loot=20000 < min=50000)
[09:31:40] attack: skip 1:4:8 (cap loot=20000 < min=50000)
[09:31:40] attack: skip 1:4:10 (cap loot=20000 < min=50000)
[09:31:40] attack: skip 1:4:12 (cap loot=20000 < min=50000)
[09:31:40] attack: spy 1:5:4 probes=4 eta=1s
[09:31:40] attack: spy 1:5:6 probes=4 eta=1s
[09:31:40] attack: spy 1:5:8 probes=4 eta=1s
[09:31:40] attack: spy 1:5:10 probes=4 eta=1s
[09:31:40] attack: skip 1:5:12 (cap loot=20000 < min=50000)
[09:31:40] attack: skip 1:6:4 (cap loot=20000 < min=50000)
[09:31:40] attack: skip 1:6:6 (cap loot=20000 < min=50000)
[09:31:40] attack: skip 1:6:8 (cap loot=20000 < min=50000)
[09:31:40] attack: skip 1:6:10 (cap loot=20000 < min=50000)
[09:31:40] attack: skip 1:6:12 (cap loot=20000 < min=50000)
[09:31:40] attack: skip 1:7:4 (cap loot=20000 < min=50000)
[09:31:40] attack: skip 1:7:6 (cap loot=20000 < min=50000)
[09:31:40] attack: skip 1:7:8 (cap loot=20000 < min=50000)
[09:31:40] attack: skip 1:7:10 (cap loot=20000 < min=50000)
[2026-05-11 09:32:26] ==== loop 76/∞ | seed=700949671613944981 archetype=turtle personality=flotero focus=eco actions_per_loop=4 ====
[09:32:28] planet 28: building queue full (5)
[09:32:28] planet 28: building queue full (5)
[09:32:28] planet 28: building queue full (5)
[09:32:28] planet 28: building queue full (5)
[09:32:28] attack: intel 1:5:4 ships=126 defs=35 res=98489952
[09:32:28] attack: intel 1:5:6 ships=110 defs=216 res=50818310
[09:32:28] attack: intel 1:5:8 ships=327 defs=11 res=146975615
[09:32:28] attack: intel 1:5:10 ships=53 defs=56 res=56421862
[09:32:28] attack: skip 1:2:1 (cap loot=20000 < min=50000)
[09:32:28] attack: skip 1:2:2 (cap loot=20000 < min=50000)
[09:32:28] attack: skip 1:2:3 (cap loot=20000 < min=50000)
[09:32:28] attack: skip 1:2:4 (cap loot=20000 < min=50000)
[09:32:28] attack: skip 1:2:5 (cap loot=20000 < min=50000)
[09:32:28] attack: skip 1:2:6 (cap loot=20000 < min=50000)
[09:32:28] attack: skip 1:2:7 (cap loot=20000 < min=50000)
[09:32:28] attack: skip 1:2:8 (cap loot=20000 < min=50000)
[09:32:28] attack: skip 1:2:9 (cap loot=20000 < min=50000)
[09:32:28] attack: skip 1:2:10 (cap loot=20000 < min=50000)
[09:32:28] attack: skip 1:2:11 (cap loot=20000 < min=50000)
[09:32:28] attack: skip 1:2:12 (cap loot=20000 < min=50000)
[09:32:28] attack: skip 1:2:13 (cap loot=20000 < min=50000)
[09:32:28] attack: skip 1:2:14 (cap loot=20000 < min=50000)
[09:32:28] attack: skip 1:2:15 (cap loot=20000 < min=50000)
[09:32:28] attack: skip 1:3:1 (cap loot=20000 < min=50000)
[09:32:28] attack: skip 1:3:2 (cap loot=20000 < min=50000)
[09:32:28] attack: skip 1:3:3 (cap loot=20000 < min=50000)
[09:32:28] attack: skip 1:3:4 (cap loot=20000 < min=50000)
[09:32:28] attack: skip 1:3:5 (cap loot=20000 < min=50000)
[09:32:28] attack: skip 1:3:11 (cap loot=20000 < min=50000)
[09:32:28] attack: skip 1:3:12 (cap loot=20000 < min=50000)
[09:32:28] attack: skip 1:3:13 (cap loot=20000 < min=50000)
[09:32:28] attack: skip 1:4:3 (cap loot=20000 < min=50000)
[09:32:28] attack: skip 1:3:6 (cap loot=20000 < min=50000)
[09:32:28] attack: skip 1:3:8 (cap loot=20000 < min=50000)
[09:32:28] attack: skip 1:3:10 (cap loot=20000 < min=50000)
[09:32:28] attack: skip 1:4:4 (cap loot=20000 < min=50000)
[09:32:28] attack: skip 1:4:6 (cap loot=20000 < min=50000)
[09:32:28] attack: skip 1:4:8 (cap loot=20000 < min=50000)
[09:32:28] attack: skip 1:4:10 (cap loot=20000 < min=50000)
[09:32:28] attack: skip 1:4:12 (cap loot=20000 < min=50000)
[09:32:28] attack: skip 1:5:4 (cap loot=20000 < min=50000)
[09:32:28] attack: skip 1:5:6 (cap loot=20000 < min=50000)
[09:32:28] attack: skip 1:5:8 (cap loot=20000 < min=50000)
[09:32:28] attack: skip 1:5:10 (cap loot=20000 < min=50000)
[09:32:28] attack: spy 1:5:12 probes=4 eta=1s
[09:32:28] attack: spy 1:6:4 probes=4 eta=1s
[09:32:28] attack: spy 1:6:6 probes=4 eta=1s
[09:32:28] attack: spy 1:6:8 probes=4 eta=1s
[09:32:28] attack: skip 1:6:10 (cap loot=20000 < min=50000)
[09:32:28] attack: skip 1:6:12 (cap loot=20000 < min=50000)
[09:32:28] attack: skip 1:7:4 (cap loot=20000 < min=50000)
[09:32:28] attack: skip 1:7:6 (cap loot=20000 < min=50000)
[09:32:28] attack: skip 1:7:8 (cap loot=20000 < min=50000)
[09:32:28] attack: skip 1:7:10 (cap loot=20000 < min=50000)
[2026-05-11 09:33:06] ==== loop 77/∞ | seed=700949671613944981 archetype=turtle personality=flotero focus=eco actions_per_loop=4 ====
[09:33:09] planet 28: building queue full (5)
[09:33:09] planet 28: building queue full (5)
[09:33:09] planet 28: building queue full (5)
[09:33:09] planet 28: building queue full (5)
[09:33:09] attack: intel 1:5:12 ships=98 defs=181 res=93078167
[09:33:09] attack: intel 1:6:4 ships=161 defs=104 res=125402113
[09:33:09] attack: intel 1:6:6 ships=270 defs=191 res=98902021
[09:33:09] attack: intel 1:6:8 ships=171 defs=0 res=144949369
[09:33:09] attack: skip 1:2:1 (cap loot=20000 < min=50000)
[09:33:09] attack: skip 1:2:2 (cap loot=20000 < min=50000)
[09:33:09] attack: skip 1:2:3 (cap loot=20000 < min=50000)
[09:33:09] attack: skip 1:2:4 (cap loot=20000 < min=50000)
[09:33:09] attack: skip 1:2:5 (cap loot=20000 < min=50000)
[09:33:09] attack: skip 1:2:6 (cap loot=20000 < min=50000)
[09:33:09] attack: skip 1:2:7 (cap loot=20000 < min=50000)
[09:33:09] attack: skip 1:2:8 (cap loot=20000 < min=50000)
[09:33:09] attack: skip 1:2:9 (cap loot=20000 < min=50000)
[09:33:09] attack: skip 1:2:10 (cap loot=20000 < min=50000)
[09:33:09] attack: skip 1:2:11 (cap loot=20000 < min=50000)
[09:33:09] attack: skip 1:2:12 (cap loot=20000 < min=50000)
[09:33:09] attack: skip 1:2:13 (cap loot=20000 < min=50000)
[09:33:09] attack: skip 1:2:14 (cap loot=20000 < min=50000)
[09:33:09] attack: skip 1:2:15 (cap loot=20000 < min=50000)
[09:33:09] attack: skip 1:3:1 (cap loot=20000 < min=50000)
[09:33:09] attack: skip 1:3:2 (cap loot=20000 < min=50000)
[09:33:09] attack: skip 1:3:3 (cap loot=20000 < min=50000)
[09:33:09] attack: skip 1:3:4 (cap loot=20000 < min=50000)
[09:33:09] attack: skip 1:3:5 (cap loot=20000 < min=50000)
[09:33:09] attack: skip 1:3:11 (cap loot=20000 < min=50000)
[09:33:09] attack: skip 1:3:12 (cap loot=20000 < min=50000)
[09:33:09] attack: skip 1:3:13 (cap loot=20000 < min=50000)
[09:33:09] attack: skip 1:4:3 (cap loot=20000 < min=50000)
[09:33:09] attack: skip 1:3:6 (cap loot=20000 < min=50000)
[09:33:09] attack: skip 1:3:8 (cap loot=20000 < min=50000)
[09:33:09] attack: skip 1:3:10 (cap loot=20000 < min=50000)
[09:33:09] attack: skip 1:4:4 (cap loot=20000 < min=50000)
[09:33:09] attack: skip 1:4:6 (cap loot=20000 < min=50000)
[09:33:09] attack: skip 1:4:8 (cap loot=20000 < min=50000)
[09:33:09] attack: skip 1:4:10 (cap loot=20000 < min=50000)
[09:33:09] attack: skip 1:4:12 (cap loot=20000 < min=50000)
[09:33:09] attack: skip 1:5:4 (cap loot=20000 < min=50000)
[09:33:09] attack: skip 1:5:6 (cap loot=20000 < min=50000)
[09:33:09] attack: skip 1:5:8 (cap loot=20000 < min=50000)
[09:33:09] attack: skip 1:5:10 (cap loot=20000 < min=50000)
[09:33:09] attack: skip 1:5:12 (cap loot=20000 < min=50000)
[09:33:09] attack: skip 1:6:4 (cap loot=20000 < min=50000)
[09:33:09] attack: skip 1:6:6 (cap loot=20000 < min=50000)
[09:33:09] attack: skip 1:6:8 (cap loot=20000 < min=50000)
[09:33:09] attack: spy 1:6:10 probes=4 eta=1s
[09:33:09] attack: spy 1:6:12 probes=4 eta=1s
[09:33:09] attack: spy 1:7:4 probes=4 eta=1s
[09:33:09] attack: spy 1:7:6 probes=4 eta=1s
[09:33:09] attack: skip 1:7:8 (cap loot=20000 < min=50000)
[09:33:09] attack: skip 1:7:10 (cap loot=20000 < min=50000)
[09:33:09] research: blocked research_energy_technology (building_laboratory 0/1)
[2026-05-11 09:33:54] ==== loop 78/∞ | seed=700949671613944981 archetype=turtle personality=flotero focus=eco actions_per_loop=4 ====
[09:33:57] planet 28: building queue full (5)
[09:33:57] planet 28: building queue full (5)
[09:33:57] planet 28: building queue full (5)
[09:33:57] planet 28: building queue full (5)
[09:33:57] attack: intel 1:6:10 ships=0 defs=0 res=1820630
[09:33:57] attack: intel 1:6:12 ships=55 defs=0 res=47687265
[09:33:57] attack: intel 1:7:4 ships=0 defs=8 res=17792269
[09:33:57] attack: intel 1:7:6 ships=168 defs=18 res=2889960
[09:33:57] attack: skip 1:2:1 (cap loot=20000 < min=50000)
[09:33:57] attack: skip 1:2:2 (cap loot=20000 < min=50000)
[09:33:57] attack: skip 1:2:3 (cap loot=20000 < min=50000)
[09:33:57] attack: skip 1:2:4 (cap loot=20000 < min=50000)
[09:33:57] attack: skip 1:2:5 (cap loot=20000 < min=50000)
[09:33:57] attack: skip 1:2:6 (cap loot=20000 < min=50000)
[09:33:57] attack: skip 1:2:7 (cap loot=20000 < min=50000)
[09:33:57] attack: skip 1:2:8 (cap loot=20000 < min=50000)
[09:33:57] attack: skip 1:2:9 (cap loot=20000 < min=50000)
[09:33:57] attack: skip 1:2:10 (cap loot=20000 < min=50000)
[09:33:57] attack: skip 1:2:11 (cap loot=20000 < min=50000)
[09:33:57] attack: skip 1:2:12 (cap loot=20000 < min=50000)
[09:33:57] attack: skip 1:2:13 (cap loot=20000 < min=50000)
[09:33:57] attack: skip 1:2:14 (cap loot=20000 < min=50000)
[09:33:57] attack: skip 1:2:15 (cap loot=20000 < min=50000)
[09:33:57] attack: skip 1:3:1 (cap loot=20000 < min=50000)
[09:33:57] attack: skip 1:3:2 (cap loot=20000 < min=50000)
[09:33:57] attack: skip 1:3:3 (cap loot=20000 < min=50000)
[09:33:57] attack: skip 1:3:4 (cap loot=20000 < min=50000)
[09:33:57] attack: skip 1:3:5 (cap loot=20000 < min=50000)
[09:33:57] attack: skip 1:3:11 (cap loot=20000 < min=50000)
[09:33:57] attack: skip 1:3:12 (cap loot=20000 < min=50000)
[09:33:57] attack: skip 1:3:13 (cap loot=20000 < min=50000)
[09:33:57] attack: skip 1:4:3 (cap loot=20000 < min=50000)
[09:33:57] attack: skip 1:3:6 (cap loot=20000 < min=50000)
[09:33:57] attack: skip 1:3:8 (cap loot=20000 < min=50000)
[09:33:57] attack: skip 1:3:10 (cap loot=20000 < min=50000)
[09:33:57] attack: skip 1:4:4 (cap loot=20000 < min=50000)
[09:33:57] attack: skip 1:4:6 (cap loot=20000 < min=50000)
[09:33:57] attack: skip 1:4:8 (cap loot=20000 < min=50000)
[09:33:57] attack: skip 1:4:10 (cap loot=20000 < min=50000)
[09:33:57] attack: skip 1:4:12 (cap loot=20000 < min=50000)
[09:33:57] attack: skip 1:5:4 (cap loot=20000 < min=50000)
[09:33:57] attack: skip 1:5:6 (cap loot=20000 < min=50000)
[09:33:57] attack: skip 1:5:8 (cap loot=20000 < min=50000)
[09:33:57] attack: skip 1:5:10 (cap loot=20000 < min=50000)
[09:33:57] attack: skip 1:5:12 (cap loot=20000 < min=50000)
[09:33:57] attack: skip 1:6:4 (cap loot=20000 < min=50000)
[09:33:57] attack: skip 1:6:6 (cap loot=20000 < min=50000)
[09:33:57] attack: skip 1:6:8 (cap loot=20000 < min=50000)
[09:33:57] attack: skip 1:6:10 (cap loot=20000 < min=50000)
[09:33:57] attack: skip 1:6:12 (cap loot=20000 < min=50000)
[09:33:57] attack: skip 1:7:4 (cap loot=20000 < min=50000)
[09:33:57] attack: skip 1:7:6 (cap loot=20000 < min=50000)
[09:33:57] attack: spy 1:7:8 probes=4 eta=1s
[09:33:57] attack: spy 1:7:10 probes=4 eta=1s
[2026-05-11 09:34:40] ==== loop 79/∞ | seed=700949671613944981 archetype=turtle personality=flotero focus=eco actions_per_loop=4 ====
[09:34:42] planet 28: building queue full (5)
[09:34:42] planet 28: building queue full (5)
[09:34:42] planet 28: building queue full (5)
[09:34:42] planet 28: building queue full (5)
[09:34:42] attack: intel 1:7:8 ships=0 defs=0 res=15529296
[09:34:42] attack: intel 1:7:10 ships=55 defs=64 res=21047710
[09:34:42] attack: skip 1:2:1 (cap loot=20000 < min=50000)
[09:34:42] attack: skip 1:2:2 (cap loot=20000 < min=50000)
[09:34:42] attack: skip 1:2:3 (cap loot=20000 < min=50000)
[09:34:42] attack: skip 1:2:4 (cap loot=20000 < min=50000)
[09:34:42] attack: skip 1:2:5 (cap loot=20000 < min=50000)
[09:34:42] attack: skip 1:2:6 (cap loot=20000 < min=50000)
[09:34:42] attack: skip 1:2:7 (cap loot=20000 < min=50000)
[09:34:42] attack: skip 1:2:8 (cap loot=20000 < min=50000)
[09:34:42] attack: skip 1:2:9 (cap loot=20000 < min=50000)
[09:34:42] attack: skip 1:2:10 (cap loot=20000 < min=50000)
[09:34:42] attack: skip 1:2:11 (cap loot=20000 < min=50000)
[09:34:42] attack: skip 1:2:12 (cap loot=20000 < min=50000)
[09:34:42] attack: skip 1:2:13 (cap loot=20000 < min=50000)
[09:34:42] attack: skip 1:2:14 (cap loot=20000 < min=50000)
[09:34:42] attack: skip 1:2:15 (cap loot=20000 < min=50000)
[09:34:42] attack: skip 1:3:1 (cap loot=20000 < min=50000)
[09:34:42] attack: skip 1:3:2 (cap loot=20000 < min=50000)
[09:34:42] attack: skip 1:3:3 (cap loot=20000 < min=50000)
[09:34:42] attack: skip 1:3:4 (cap loot=20000 < min=50000)
[09:34:42] attack: skip 1:3:5 (cap loot=20000 < min=50000)
[09:34:42] attack: skip 1:3:11 (cap loot=20000 < min=50000)
[09:34:42] attack: skip 1:3:12 (cap loot=20000 < min=50000)
[09:34:42] attack: skip 1:3:13 (cap loot=20000 < min=50000)
[09:34:42] attack: skip 1:4:3 (cap loot=20000 < min=50000)
[09:34:42] attack: skip 1:3:6 (cap loot=20000 < min=50000)
[09:34:42] attack: skip 1:3:8 (cap loot=20000 < min=50000)
[09:34:42] attack: skip 1:3:10 (cap loot=20000 < min=50000)
[09:34:42] attack: skip 1:4:4 (cap loot=20000 < min=50000)
[09:34:42] attack: skip 1:4:6 (cap loot=20000 < min=50000)
[09:34:42] attack: skip 1:4:8 (cap loot=20000 < min=50000)
[09:34:42] attack: skip 1:4:10 (cap loot=20000 < min=50000)
[09:34:42] attack: skip 1:4:12 (cap loot=20000 < min=50000)
[09:34:42] attack: skip 1:5:4 (cap loot=20000 < min=50000)
[09:34:42] attack: skip 1:5:6 (cap loot=20000 < min=50000)
[09:34:42] attack: skip 1:5:8 (cap loot=20000 < min=50000)
[09:34:42] attack: skip 1:5:10 (cap loot=20000 < min=50000)
[09:34:42] attack: skip 1:5:12 (cap loot=20000 < min=50000)
[09:34:42] attack: skip 1:6:4 (cap loot=20000 < min=50000)
[09:34:42] attack: skip 1:6:6 (cap loot=20000 < min=50000)
[09:34:42] attack: skip 1:6:8 (cap loot=20000 < min=50000)
[09:34:42] attack: skip 1:6:10 (cap loot=20000 < min=50000)
[09:34:42] attack: skip 1:6:12 (cap loot=20000 < min=50000)
[09:34:42] attack: skip 1:7:4 (cap loot=20000 < min=50000)
[09:34:42] attack: skip 1:7:6 (cap loot=20000 < min=50000)
[09:34:42] attack: skip 1:7:8 (cap loot=20000 < min=50000)
[09:34:42] attack: skip 1:7:10 (cap loot=20000 < min=50000)
[09:34:42] attack: idle candidates=46 fresh_intel=46 no_spy_src=0 no_atk_src=0 raidmix_fail=0 cooldown_spy=0
[09:34:42] research: blocked research_energy_technology (building_laboratory 0/1)
[2026-05-11 09:35:35] ==== loop 80/∞ | seed=700949671613944981 archetype=turtle personality=flotero focus=eco actions_per_loop=4 ====
[09:35:36] planet 28: building queue full (5)
[09:35:36] planet 28: building queue full (5)
[09:35:36] planet 28: building queue full (5)
[09:35:36] attack: skip 1:2:1 (cap loot=20000 < min=50000)
[09:35:36] attack: skip 1:2:2 (cap loot=20000 < min=50000)
[09:35:36] attack: skip 1:2:3 (cap loot=20000 < min=50000)
[09:35:36] attack: skip 1:2:4 (cap loot=20000 < min=50000)
[09:35:36] attack: skip 1:2:5 (cap loot=20000 < min=50000)
[09:35:36] attack: skip 1:2:6 (cap loot=20000 < min=50000)
[09:35:36] attack: skip 1:2:7 (cap loot=20000 < min=50000)
[09:35:36] attack: skip 1:2:8 (cap loot=20000 < min=50000)
[09:35:36] attack: skip 1:2:9 (cap loot=20000 < min=50000)
[09:35:36] attack: skip 1:2:10 (cap loot=20000 < min=50000)
[09:35:36] attack: skip 1:2:11 (cap loot=20000 < min=50000)
[09:35:36] attack: skip 1:2:12 (cap loot=20000 < min=50000)
[09:35:36] attack: skip 1:2:13 (cap loot=20000 < min=50000)
[09:35:36] attack: skip 1:2:14 (cap loot=20000 < min=50000)
[09:35:36] attack: skip 1:2:15 (cap loot=20000 < min=50000)
[09:35:36] attack: skip 1:3:1 (cap loot=20000 < min=50000)
[09:35:36] attack: skip 1:3:2 (cap loot=20000 < min=50000)
[09:35:36] attack: skip 1:3:3 (cap loot=20000 < min=50000)
[09:35:36] attack: skip 1:3:4 (cap loot=20000 < min=50000)
[09:35:36] attack: skip 1:3:5 (cap loot=20000 < min=50000)
[09:35:36] attack: skip 1:3:11 (cap loot=20000 < min=50000)
[09:35:36] attack: skip 1:3:12 (cap loot=20000 < min=50000)
[09:35:36] attack: skip 1:3:13 (cap loot=20000 < min=50000)
[09:35:36] attack: skip 1:4:3 (cap loot=20000 < min=50000)
[09:35:36] attack: skip 1:3:6 (cap loot=20000 < min=50000)
[09:35:36] attack: skip 1:3:8 (cap loot=20000 < min=50000)
[09:35:36] attack: skip 1:3:10 (cap loot=20000 < min=50000)
[09:35:36] attack: skip 1:4:4 (cap loot=20000 < min=50000)
[09:35:36] attack: skip 1:4:6 (cap loot=20000 < min=50000)
[09:35:36] attack: skip 1:4:8 (cap loot=20000 < min=50000)
[09:35:36] attack: skip 1:4:10 (cap loot=20000 < min=50000)
[09:35:36] attack: skip 1:4:12 (cap loot=20000 < min=50000)
[09:35:36] attack: skip 1:5:4 (cap loot=20000 < min=50000)
[09:35:36] attack: skip 1:5:6 (cap loot=20000 < min=50000)
[09:35:36] attack: skip 1:5:8 (cap loot=20000 < min=50000)
[09:35:36] attack: skip 1:5:10 (cap loot=20000 < min=50000)
[09:35:36] attack: skip 1:5:12 (cap loot=20000 < min=50000)
[09:35:36] attack: skip 1:6:4 (cap loot=20000 < min=50000)
[09:35:36] attack: skip 1:6:6 (cap loot=20000 < min=50000)
[09:35:36] attack: skip 1:6:8 (cap loot=20000 < min=50000)
[09:35:36] attack: skip 1:6:10 (cap loot=20000 < min=50000)
[09:35:36] attack: skip 1:6:12 (cap loot=20000 < min=50000)
[09:35:36] attack: skip 1:7:4 (cap loot=20000 < min=50000)
[09:35:36] attack: skip 1:7:6 (cap loot=20000 < min=50000)
[09:35:36] attack: skip 1:7:8 (cap loot=20000 < min=50000)
[09:35:36] attack: skip 1:7:10 (cap loot=20000 < min=50000)
[09:35:36] attack: idle candidates=46 fresh_intel=46 no_spy_src=0 no_atk_src=0 raidmix_fail=0 cooldown_spy=0
[09:35:36] research: blocked research_energy_technology (building_laboratory 0/1)
[2026-05-11 09:36:18] ==== loop 81/∞ | seed=700949671613944981 archetype=turtle personality=flotero focus=eco actions_per_loop=4 ====
[09:36:20] planet 28: building queue full (5)
[09:36:20] planet 28: building queue full (5)
[09:36:20] planet 28: building queue full (5)
[09:36:20] planet 28: building queue full (5)
[09:36:20] attack: skip 1:2:1 (cap loot=20000 < min=50000)
[09:36:20] attack: skip 1:2:2 (cap loot=20000 < min=50000)
[09:36:20] attack: skip 1:2:3 (cap loot=20000 < min=50000)
[09:36:20] attack: skip 1:2:4 (cap loot=20000 < min=50000)
[09:36:20] attack: skip 1:2:5 (cap loot=20000 < min=50000)
[09:36:20] attack: skip 1:2:6 (cap loot=20000 < min=50000)
[09:36:20] attack: skip 1:2:7 (cap loot=20000 < min=50000)
[09:36:20] attack: skip 1:2:8 (cap loot=20000 < min=50000)
[09:36:20] attack: skip 1:2:9 (cap loot=20000 < min=50000)
[09:36:20] attack: skip 1:2:10 (cap loot=20000 < min=50000)
[09:36:20] attack: skip 1:2:11 (cap loot=20000 < min=50000)
[09:36:20] attack: skip 1:2:12 (cap loot=20000 < min=50000)
[09:36:20] attack: skip 1:2:13 (cap loot=20000 < min=50000)
[09:36:20] attack: skip 1:2:14 (cap loot=20000 < min=50000)
[09:36:20] attack: skip 1:2:15 (cap loot=20000 < min=50000)
[09:36:20] attack: skip 1:3:1 (cap loot=20000 < min=50000)
[09:36:20] attack: skip 1:3:2 (cap loot=20000 < min=50000)
[09:36:20] attack: skip 1:3:3 (cap loot=20000 < min=50000)
[09:36:20] attack: skip 1:3:4 (cap loot=20000 < min=50000)
[09:36:20] attack: skip 1:3:5 (cap loot=20000 < min=50000)
[09:36:20] attack: skip 1:3:11 (cap loot=20000 < min=50000)
[09:36:20] attack: skip 1:3:12 (cap loot=20000 < min=50000)
[09:36:20] attack: skip 1:3:13 (cap loot=20000 < min=50000)
[09:36:20] attack: skip 1:4:3 (cap loot=20000 < min=50000)
[09:36:20] attack: skip 1:3:6 (cap loot=20000 < min=50000)
[09:36:20] attack: skip 1:3:8 (cap loot=20000 < min=50000)
[09:36:20] attack: skip 1:3:10 (cap loot=20000 < min=50000)
[09:36:20] attack: skip 1:4:4 (cap loot=20000 < min=50000)
[09:36:20] attack: skip 1:4:6 (cap loot=20000 < min=50000)
[09:36:20] attack: skip 1:4:8 (cap loot=20000 < min=50000)
[09:36:20] attack: skip 1:4:10 (cap loot=20000 < min=50000)
[09:36:20] attack: skip 1:4:12 (cap loot=20000 < min=50000)
[09:36:20] attack: skip 1:5:4 (cap loot=20000 < min=50000)
[09:36:20] attack: skip 1:5:6 (cap loot=20000 < min=50000)
[09:36:20] attack: skip 1:5:8 (cap loot=20000 < min=50000)
[09:36:20] attack: skip 1:5:10 (cap loot=20000 < min=50000)
[09:36:20] attack: skip 1:5:12 (cap loot=20000 < min=50000)
[09:36:20] attack: skip 1:6:4 (cap loot=20000 < min=50000)
[09:36:20] attack: skip 1:6:6 (cap loot=20000 < min=50000)
[09:36:20] attack: skip 1:6:8 (cap loot=20000 < min=50000)
[09:36:20] attack: skip 1:6:10 (cap loot=20000 < min=50000)
[09:36:20] attack: skip 1:6:12 (cap loot=20000 < min=50000)
[09:36:20] attack: skip 1:7:4 (cap loot=20000 < min=50000)
[09:36:20] attack: skip 1:7:6 (cap loot=20000 < min=50000)
[09:36:20] attack: skip 1:7:8 (cap loot=20000 < min=50000)
[09:36:20] attack: skip 1:7:10 (cap loot=20000 < min=50000)
[09:36:20] attack: idle candidates=46 fresh_intel=46 no_spy_src=0 no_atk_src=0 raidmix_fail=0 cooldown_spy=0
[09:36:20] research: blocked research_energy_technology (building_laboratory 0/1)
[2026-05-11 09:37:03] ==== loop 82/∞ | seed=700949671613944981 archetype=turtle personality=flotero focus=eco actions_per_loop=4 ====
[09:37:06] planet 28: building queue full (5)
[09:37:06] planet 28: building queue full (5)
[09:37:06] planet 28: building queue full (5)
[09:37:06] planet 28: building queue full (5)
[09:37:06] attack: skip 1:2:1 (cap loot=20000 < min=50000)
[09:37:06] attack: skip 1:2:2 (cap loot=20000 < min=50000)
[09:37:06] attack: skip 1:2:3 (cap loot=20000 < min=50000)
[09:37:06] attack: skip 1:2:4 (cap loot=20000 < min=50000)
[09:37:06] attack: skip 1:2:5 (cap loot=20000 < min=50000)
[09:37:06] attack: skip 1:2:6 (cap loot=20000 < min=50000)
[09:37:06] attack: skip 1:2:7 (cap loot=20000 < min=50000)
[09:37:06] attack: skip 1:2:8 (cap loot=20000 < min=50000)
[09:37:06] attack: skip 1:2:9 (cap loot=20000 < min=50000)
[09:37:06] attack: skip 1:2:10 (cap loot=20000 < min=50000)
[09:37:06] attack: skip 1:2:11 (cap loot=20000 < min=50000)
[09:37:06] attack: skip 1:2:12 (cap loot=20000 < min=50000)
[09:37:06] attack: skip 1:2:13 (cap loot=20000 < min=50000)
[09:37:06] attack: skip 1:2:14 (cap loot=20000 < min=50000)
[09:37:06] attack: skip 1:2:15 (cap loot=20000 < min=50000)
[09:37:06] attack: skip 1:3:1 (cap loot=20000 < min=50000)
[09:37:06] attack: skip 1:3:2 (cap loot=20000 < min=50000)
[09:37:06] attack: skip 1:3:3 (cap loot=20000 < min=50000)
[09:37:06] attack: skip 1:3:4 (cap loot=20000 < min=50000)
[09:37:06] attack: skip 1:3:5 (cap loot=20000 < min=50000)
[09:37:06] attack: skip 1:3:11 (cap loot=20000 < min=50000)
[09:37:06] attack: skip 1:3:12 (cap loot=20000 < min=50000)
[09:37:06] attack: skip 1:3:13 (cap loot=20000 < min=50000)
[09:37:06] attack: skip 1:4:3 (cap loot=20000 < min=50000)
[09:37:06] attack: skip 1:3:6 (cap loot=20000 < min=50000)
[09:37:06] attack: skip 1:3:8 (cap loot=20000 < min=50000)
[09:37:06] attack: skip 1:3:10 (cap loot=20000 < min=50000)
[09:37:06] attack: skip 1:4:4 (cap loot=20000 < min=50000)
[09:37:06] attack: skip 1:4:6 (cap loot=20000 < min=50000)
[09:37:06] attack: skip 1:4:8 (cap loot=20000 < min=50000)
[09:37:06] attack: skip 1:4:10 (cap loot=20000 < min=50000)
[09:37:06] attack: skip 1:4:12 (cap loot=20000 < min=50000)
[09:37:06] attack: skip 1:5:4 (cap loot=20000 < min=50000)
[09:37:06] attack: skip 1:5:6 (cap loot=20000 < min=50000)
[09:37:06] attack: skip 1:5:8 (cap loot=20000 < min=50000)
[09:37:06] attack: skip 1:5:10 (cap loot=20000 < min=50000)
[09:37:06] attack: skip 1:5:12 (cap loot=20000 < min=50000)
[09:37:06] attack: skip 1:6:4 (cap loot=20000 < min=50000)
[09:37:06] attack: skip 1:6:6 (cap loot=20000 < min=50000)
[09:37:06] attack: skip 1:6:8 (cap loot=20000 < min=50000)
[09:37:06] attack: skip 1:6:10 (cap loot=20000 < min=50000)
[09:37:06] attack: skip 1:6:12 (cap loot=20000 < min=50000)
[09:37:06] attack: skip 1:7:4 (cap loot=20000 < min=50000)
[09:37:06] attack: skip 1:7:6 (cap loot=20000 < min=50000)
[09:37:06] attack: skip 1:7:8 (cap loot=20000 < min=50000)
[09:37:06] attack: skip 1:7:10 (cap loot=20000 < min=50000)
[09:37:06] attack: idle candidates=46 fresh_intel=46 no_spy_src=0 no_atk_src=0 raidmix_fail=0 cooldown_spy=0
[09:37:06] research: blocked research_energy_technology (building_laboratory 0/1)
[2026-05-11 09:37:50] ==== loop 83/∞ | seed=700949671613944981 archetype=turtle personality=flotero focus=eco actions_per_loop=4 ====
[09:37:53] planet 28: building queue full (5)
[09:37:53] planet 28: building queue full (5)
[09:37:53] planet 28: building queue full (5)
[09:37:53] planet 28: building queue full (5)
[09:37:53] attack: skip 1:2:1 (cap loot=20000 < min=50000)
[09:37:53] attack: skip 1:2:2 (cap loot=20000 < min=50000)
[09:37:53] attack: skip 1:2:3 (cap loot=20000 < min=50000)
[09:37:53] attack: skip 1:2:4 (cap loot=20000 < min=50000)
[09:37:53] attack: skip 1:2:5 (cap loot=20000 < min=50000)
[09:37:53] attack: skip 1:2:6 (cap loot=20000 < min=50000)
[09:37:53] attack: skip 1:2:7 (cap loot=20000 < min=50000)
[09:37:53] attack: skip 1:2:8 (cap loot=20000 < min=50000)
[09:37:53] attack: skip 1:2:9 (cap loot=20000 < min=50000)
[09:37:53] attack: skip 1:2:10 (cap loot=20000 < min=50000)
[09:37:53] attack: skip 1:2:11 (cap loot=20000 < min=50000)
[09:37:53] attack: skip 1:2:12 (cap loot=20000 < min=50000)
[09:37:53] attack: skip 1:2:13 (cap loot=20000 < min=50000)
[09:37:53] attack: skip 1:2:14 (cap loot=20000 < min=50000)
[09:37:53] attack: skip 1:2:15 (cap loot=20000 < min=50000)
[09:37:53] attack: skip 1:3:1 (cap loot=20000 < min=50000)
[09:37:53] attack: skip 1:3:2 (cap loot=20000 < min=50000)
[09:37:53] attack: skip 1:3:3 (cap loot=20000 < min=50000)
[09:37:53] attack: skip 1:3:4 (cap loot=20000 < min=50000)
[09:37:53] attack: skip 1:3:5 (cap loot=20000 < min=50000)
[09:37:53] attack: skip 1:3:11 (cap loot=20000 < min=50000)
[09:37:53] attack: skip 1:3:12 (cap loot=20000 < min=50000)
[09:37:53] attack: skip 1:3:13 (cap loot=20000 < min=50000)
[09:37:53] attack: skip 1:4:3 (cap loot=20000 < min=50000)
[09:37:53] attack: skip 1:3:6 (cap loot=20000 < min=50000)
[09:37:53] attack: skip 1:3:8 (cap loot=20000 < min=50000)
[09:37:53] attack: skip 1:3:10 (cap loot=20000 < min=50000)
[09:37:53] attack: skip 1:4:4 (cap loot=20000 < min=50000)
[09:37:53] attack: skip 1:4:6 (cap loot=20000 < min=50000)
[09:37:53] attack: skip 1:4:8 (cap loot=20000 < min=50000)
[09:37:53] attack: skip 1:4:10 (cap loot=20000 < min=50000)
[09:37:53] attack: skip 1:4:12 (cap loot=20000 < min=50000)
[09:37:53] attack: skip 1:5:4 (cap loot=20000 < min=50000)
[09:37:53] attack: skip 1:5:6 (cap loot=20000 < min=50000)
[09:37:53] attack: skip 1:5:8 (cap loot=20000 < min=50000)
[09:37:53] attack: skip 1:5:10 (cap loot=20000 < min=50000)
[09:37:53] attack: skip 1:5:12 (cap loot=20000 < min=50000)
[09:37:53] attack: skip 1:6:4 (cap loot=20000 < min=50000)
[09:37:53] attack: skip 1:6:6 (cap loot=20000 < min=50000)
[09:37:53] attack: skip 1:6:8 (cap loot=20000 < min=50000)
[09:37:53] attack: skip 1:6:10 (cap loot=20000 < min=50000)
[09:37:53] attack: skip 1:6:12 (cap loot=20000 < min=50000)
[09:37:53] attack: skip 1:7:4 (cap loot=20000 < min=50000)
[09:37:53] attack: skip 1:7:6 (cap loot=20000 < min=50000)
[09:37:53] attack: skip 1:7:8 (cap loot=20000 < min=50000)
[09:37:53] attack: skip 1:7:10 (cap loot=20000 < min=50000)
[09:37:53] attack: idle candidates=46 fresh_intel=46 no_spy_src=0 no_atk_src=0 raidmix_fail=0 cooldown_spy=0
[09:37:53] research: blocked research_energy_technology (building_laboratory 0/1)
[2026-05-11 09:38:38] ==== loop 84/∞ | seed=700949671613944981 archetype=turtle personality=flotero focus=eco actions_per_loop=4 ====
[09:38:40] planet 28: building queue full (5)
[09:38:40] planet 28: building queue full (5)
[09:38:40] planet 28: building queue full (5)
[09:38:40] attack: skip 1:2:1 (cap loot=20000 < min=50000)
[09:38:40] attack: skip 1:2:2 (cap loot=20000 < min=50000)
[09:38:40] attack: skip 1:2:3 (cap loot=20000 < min=50000)
[09:38:40] attack: skip 1:2:4 (cap loot=20000 < min=50000)
[09:38:40] attack: skip 1:2:5 (cap loot=20000 < min=50000)
[09:38:40] attack: skip 1:2:6 (cap loot=20000 < min=50000)
[09:38:40] attack: skip 1:2:7 (cap loot=20000 < min=50000)
[09:38:40] attack: skip 1:2:8 (cap loot=20000 < min=50000)
[09:38:40] attack: skip 1:2:9 (cap loot=20000 < min=50000)
[09:38:40] attack: skip 1:2:10 (cap loot=20000 < min=50000)
[09:38:40] attack: skip 1:2:11 (cap loot=20000 < min=50000)
[09:38:40] attack: skip 1:2:12 (cap loot=20000 < min=50000)
[09:38:40] attack: skip 1:2:13 (cap loot=20000 < min=50000)
[09:38:40] attack: skip 1:2:14 (cap loot=20000 < min=50000)
[09:38:40] attack: skip 1:2:15 (cap loot=20000 < min=50000)
[09:38:40] attack: skip 1:3:1 (cap loot=20000 < min=50000)
[09:38:40] attack: skip 1:3:2 (cap loot=20000 < min=50000)
[09:38:40] attack: skip 1:3:3 (cap loot=20000 < min=50000)
[09:38:40] attack: skip 1:3:4 (cap loot=20000 < min=50000)
[09:38:40] attack: skip 1:3:5 (cap loot=20000 < min=50000)
[09:38:40] attack: skip 1:3:11 (cap loot=20000 < min=50000)
[09:38:40] attack: skip 1:3:12 (cap loot=20000 < min=50000)
[09:38:40] attack: skip 1:3:13 (cap loot=20000 < min=50000)
[09:38:40] attack: skip 1:4:3 (cap loot=20000 < min=50000)
[09:38:40] attack: skip 1:3:6 (cap loot=20000 < min=50000)
[09:38:40] attack: skip 1:3:8 (cap loot=20000 < min=50000)
[09:38:40] attack: skip 1:3:10 (cap loot=20000 < min=50000)
[09:38:40] attack: skip 1:4:4 (cap loot=20000 < min=50000)
[09:38:40] attack: skip 1:4:6 (cap loot=20000 < min=50000)
[09:38:40] attack: skip 1:4:8 (cap loot=20000 < min=50000)
[09:38:40] attack: skip 1:4:10 (cap loot=20000 < min=50000)
[09:38:40] attack: skip 1:4:12 (cap loot=20000 < min=50000)
[09:38:40] attack: skip 1:5:4 (cap loot=20000 < min=50000)
[09:38:40] attack: skip 1:5:6 (cap loot=20000 < min=50000)
[09:38:40] attack: skip 1:5:8 (cap loot=20000 < min=50000)
[09:38:40] attack: skip 1:5:10 (cap loot=20000 < min=50000)
[09:38:40] attack: skip 1:5:12 (cap loot=20000 < min=50000)
[09:38:40] attack: skip 1:6:4 (cap loot=20000 < min=50000)
[09:38:40] attack: skip 1:6:6 (cap loot=20000 < min=50000)
[09:38:40] attack: skip 1:6:8 (cap loot=20000 < min=50000)
[09:38:40] attack: skip 1:6:10 (cap loot=20000 < min=50000)
[09:38:40] attack: skip 1:6:12 (cap loot=20000 < min=50000)
[09:38:40] attack: skip 1:7:4 (cap loot=20000 < min=50000)
[09:38:40] attack: skip 1:7:6 (cap loot=20000 < min=50000)
[09:38:40] attack: skip 1:7:8 (cap loot=20000 < min=50000)
[09:38:40] attack: skip 1:7:10 (cap loot=20000 < min=50000)
[09:38:40] attack: idle candidates=46 fresh_intel=46 no_spy_src=0 no_atk_src=0 raidmix_fail=0 cooldown_spy=0
[09:38:40] research: blocked research_energy_technology (building_laboratory 0/1)
[2026-05-11 09:39:21] ==== loop 85/∞ | seed=700949671613944981 archetype=turtle personality=flotero focus=eco actions_per_loop=4 ====
[09:39:25] planet 28: building queue full (5)
[09:39:25] planet 28: building queue full (5)
[09:39:25] planet 28: building queue full (5)
[09:39:25] planet 28: building queue full (5)
[09:39:25] attack: skip 1:2:1 (cap loot=20000 < min=50000)
[09:39:25] attack: skip 1:2:2 (cap loot=20000 < min=50000)
[09:39:25] attack: skip 1:2:3 (cap loot=20000 < min=50000)
[09:39:25] attack: skip 1:2:4 (cap loot=20000 < min=50000)
[09:39:25] attack: skip 1:2:5 (cap loot=20000 < min=50000)
[09:39:25] attack: skip 1:2:6 (cap loot=20000 < min=50000)
[09:39:25] attack: skip 1:2:7 (cap loot=20000 < min=50000)
[09:39:25] attack: skip 1:2:8 (cap loot=20000 < min=50000)
[09:39:25] attack: skip 1:2:9 (cap loot=20000 < min=50000)
[09:39:25] attack: skip 1:2:10 (cap loot=20000 < min=50000)
[09:39:25] attack: skip 1:2:11 (cap loot=20000 < min=50000)
[09:39:25] attack: skip 1:2:12 (cap loot=20000 < min=50000)
[09:39:25] attack: skip 1:2:13 (cap loot=20000 < min=50000)
[09:39:25] attack: skip 1:2:14 (cap loot=20000 < min=50000)
[09:39:25] attack: skip 1:2:15 (cap loot=20000 < min=50000)
[09:39:25] attack: skip 1:3:1 (cap loot=20000 < min=50000)
[09:39:25] attack: skip 1:3:2 (cap loot=20000 < min=50000)
[09:39:25] attack: skip 1:3:3 (cap loot=20000 < min=50000)
[09:39:25] attack: skip 1:3:4 (cap loot=20000 < min=50000)
[09:39:25] attack: skip 1:3:5 (cap loot=20000 < min=50000)
[09:39:25] attack: skip 1:3:11 (cap loot=20000 < min=50000)
[09:39:25] attack: skip 1:3:12 (cap loot=20000 < min=50000)
[09:39:25] attack: skip 1:3:13 (cap loot=20000 < min=50000)
[09:39:25] attack: skip 1:4:3 (cap loot=20000 < min=50000)
[09:39:25] attack: skip 1:3:6 (cap loot=20000 < min=50000)
[09:39:25] attack: skip 1:3:8 (cap loot=20000 < min=50000)
[09:39:25] attack: skip 1:3:10 (cap loot=20000 < min=50000)
[09:39:25] attack: skip 1:4:4 (cap loot=20000 < min=50000)
[09:39:25] attack: skip 1:4:6 (cap loot=20000 < min=50000)
[09:39:25] attack: skip 1:4:8 (cap loot=20000 < min=50000)
[09:39:25] attack: skip 1:4:10 (cap loot=20000 < min=50000)
[09:39:25] attack: skip 1:4:12 (cap loot=20000 < min=50000)
[09:39:25] attack: skip 1:5:4 (cap loot=20000 < min=50000)
[09:39:25] attack: skip 1:5:6 (cap loot=20000 < min=50000)
[09:39:25] attack: skip 1:5:8 (cap loot=20000 < min=50000)
[09:39:25] attack: skip 1:5:10 (cap loot=20000 < min=50000)
[09:39:25] attack: skip 1:5:12 (cap loot=20000 < min=50000)
[09:39:25] attack: skip 1:6:4 (cap loot=20000 < min=50000)
[09:39:25] attack: skip 1:6:6 (cap loot=20000 < min=50000)
[09:39:25] attack: skip 1:6:8 (cap loot=20000 < min=50000)
[09:39:25] attack: skip 1:6:10 (cap loot=20000 < min=50000)
[09:39:25] attack: skip 1:6:12 (cap loot=20000 < min=50000)
[09:39:25] attack: skip 1:7:4 (cap loot=20000 < min=50000)
[09:39:25] attack: skip 1:7:6 (cap loot=20000 < min=50000)
[09:39:25] attack: skip 1:7:8 (cap loot=20000 < min=50000)
[09:39:25] attack: skip 1:7:10 (cap loot=20000 < min=50000)
[09:39:25] attack: idle candidates=46 fresh_intel=46 no_spy_src=0 no_atk_src=0 raidmix_fail=0 cooldown_spy=0
[09:39:25] research: blocked research_energy_technology (building_laboratory 0/1)
[2026-05-11 09:39:51] ==== loop 1/∞ | seed=700949671613944981 archetype=turtle personality=flotero focus=eco actions_per_loop=4 ====
[09:39:53] planet 28: building queue full (5)
[09:39:53] planet 28: building queue full (5)
[09:39:53] planet 28: building queue full (5)
[09:39:53] planet 28: building queue full (5)
[09:39:53] attack: skip 1:2:1 (cap loot=20000 < min=50000)
[09:39:53] attack: skip 1:2:2 (cap loot=20000 < min=50000)
[09:39:53] attack: skip 1:2:3 (cap loot=20000 < min=50000)
[09:39:53] attack: skip 1:2:4 (cap loot=20000 < min=50000)
[09:39:53] attack: skip 1:2:5 (cap loot=20000 < min=50000)
[09:39:53] attack: skip 1:2:6 (cap loot=20000 < min=50000)
[09:39:53] attack: skip 1:2:7 (cap loot=20000 < min=50000)
[09:39:53] attack: skip 1:2:8 (cap loot=20000 < min=50000)
[09:39:53] attack: skip 1:2:9 (cap loot=20000 < min=50000)
[09:39:53] attack: skip 1:2:10 (cap loot=20000 < min=50000)
[09:39:53] attack: skip 1:2:11 (cap loot=20000 < min=50000)
[09:39:53] attack: skip 1:2:12 (cap loot=20000 < min=50000)
[09:39:53] attack: skip 1:2:13 (cap loot=20000 < min=50000)
[09:39:53] attack: skip 1:2:14 (cap loot=20000 < min=50000)
[09:39:53] attack: skip 1:2:15 (cap loot=20000 < min=50000)
[09:39:53] attack: skip 1:3:1 (cap loot=20000 < min=50000)
[09:39:53] attack: skip 1:3:2 (cap loot=20000 < min=50000)
[09:39:53] attack: skip 1:3:3 (cap loot=20000 < min=50000)
[09:39:53] attack: skip 1:3:4 (cap loot=20000 < min=50000)
[09:39:53] attack: skip 1:3:5 (cap loot=20000 < min=50000)
[09:39:53] attack: skip 1:3:11 (cap loot=20000 < min=50000)
[09:39:53] attack: skip 1:3:12 (cap loot=20000 < min=50000)
[09:39:53] attack: skip 1:3:13 (cap loot=20000 < min=50000)
[09:39:53] attack: skip 1:4:3 (cap loot=20000 < min=50000)
[09:39:53] attack: skip 1:3:6 (cap loot=20000 < min=50000)
[09:39:53] attack: skip 1:3:8 (cap loot=20000 < min=50000)
[09:39:53] attack: skip 1:3:10 (cap loot=20000 < min=50000)
[09:39:53] attack: skip 1:4:4 (cap loot=20000 < min=50000)
[09:39:53] attack: skip 1:4:6 (cap loot=20000 < min=50000)
[09:39:53] attack: skip 1:4:8 (cap loot=20000 < min=50000)
[09:39:53] attack: skip 1:4:10 (cap loot=20000 < min=50000)
[09:39:53] attack: skip 1:4:12 (cap loot=20000 < min=50000)
[09:39:53] attack: skip 1:5:4 (cap loot=20000 < min=50000)
[09:39:53] attack: skip 1:5:6 (cap loot=20000 < min=50000)
[09:39:53] attack: skip 1:5:8 (cap loot=20000 < min=50000)
[09:39:53] attack: skip 1:5:10 (cap loot=20000 < min=50000)
[09:39:53] attack: skip 1:5:12 (cap loot=20000 < min=50000)
[09:39:53] attack: skip 1:6:4 (cap loot=20000 < min=50000)
[09:39:53] attack: skip 1:6:6 (cap loot=20000 < min=50000)
[09:39:53] attack: skip 1:6:8 (cap loot=20000 < min=50000)
[09:39:53] attack: skip 1:6:10 (cap loot=20000 < min=50000)
[09:39:53] attack: skip 1:6:12 (cap loot=20000 < min=50000)
[09:39:53] attack: skip 1:7:4 (cap loot=20000 < min=50000)
[09:39:53] attack: skip 1:7:6 (cap loot=20000 < min=50000)
[09:39:53] attack: skip 1:7:8 (cap loot=20000 < min=50000)
[09:39:53] attack: skip 1:7:10 (cap loot=20000 < min=50000)
[09:39:53] attack: idle candidates=46 fresh_intel=46 no_spy_src=0 no_atk_src=0 raidmix_fail=0 cooldown_spy=0
[09:39:53] research: blocked research_energy_technology (building_laboratory 0/1)
[2026-05-11 09:40:38] ==== loop 2/∞ | seed=700949671613944981 archetype=turtle personality=flotero focus=eco actions_per_loop=4 ====
[09:40:39] planet 28: no resources for building_metal_store+1
[09:40:39] attack: skip 1:2:1 (cap loot=20000 < min=50000)
[09:40:39] attack: skip 1:2:2 (cap loot=20000 < min=50000)
[09:40:39] attack: skip 1:2:3 (cap loot=20000 < min=50000)
[09:40:39] attack: skip 1:2:4 (cap loot=20000 < min=50000)
[09:40:39] attack: skip 1:2:5 (cap loot=20000 < min=50000)
[09:40:39] attack: skip 1:2:6 (cap loot=20000 < min=50000)
[09:40:39] attack: skip 1:2:7 (cap loot=20000 < min=50000)
[09:40:39] attack: skip 1:2:8 (cap loot=20000 < min=50000)
[09:40:39] attack: skip 1:2:9 (cap loot=20000 < min=50000)
[09:40:39] attack: skip 1:2:10 (cap loot=20000 < min=50000)
[09:40:39] attack: skip 1:2:11 (cap loot=20000 < min=50000)
[09:40:39] attack: skip 1:2:12 (cap loot=20000 < min=50000)
[09:40:39] attack: skip 1:2:13 (cap loot=20000 < min=50000)
[09:40:39] attack: skip 1:2:14 (cap loot=20000 < min=50000)
[09:40:39] attack: skip 1:2:15 (cap loot=20000 < min=50000)
[09:40:39] attack: skip 1:3:1 (cap loot=20000 < min=50000)
[09:40:39] attack: skip 1:3:2 (cap loot=20000 < min=50000)
[09:40:39] attack: skip 1:3:3 (cap loot=20000 < min=50000)
[09:40:39] attack: skip 1:3:4 (cap loot=20000 < min=50000)
[09:40:39] attack: skip 1:3:5 (cap loot=20000 < min=50000)
[09:40:39] attack: skip 1:3:11 (cap loot=20000 < min=50000)
[09:40:39] attack: skip 1:3:12 (cap loot=20000 < min=50000)
[09:40:39] attack: skip 1:3:13 (cap loot=20000 < min=50000)
[09:40:39] attack: skip 1:4:3 (cap loot=20000 < min=50000)
[09:40:39] attack: skip 1:3:6 (cap loot=20000 < min=50000)
[09:40:39] attack: skip 1:3:8 (cap loot=20000 < min=50000)
[09:40:39] attack: skip 1:3:10 (cap loot=20000 < min=50000)
[09:40:39] attack: skip 1:4:4 (cap loot=20000 < min=50000)
[09:40:39] attack: skip 1:4:6 (cap loot=20000 < min=50000)
[09:40:39] attack: skip 1:4:8 (cap loot=20000 < min=50000)
[09:40:39] attack: skip 1:4:10 (cap loot=20000 < min=50000)
[09:40:39] attack: skip 1:4:12 (cap loot=20000 < min=50000)
[09:40:39] attack: skip 1:5:4 (cap loot=20000 < min=50000)
[09:40:39] attack: skip 1:5:6 (cap loot=20000 < min=50000)
[09:40:39] attack: skip 1:5:8 (cap loot=20000 < min=50000)
[09:40:39] attack: skip 1:5:10 (cap loot=20000 < min=50000)
[09:40:39] attack: skip 1:5:12 (cap loot=20000 < min=50000)
[09:40:39] attack: skip 1:6:4 (cap loot=20000 < min=50000)
[09:40:39] attack: skip 1:6:6 (cap loot=20000 < min=50000)
[09:40:39] attack: skip 1:6:8 (cap loot=20000 < min=50000)
[09:40:39] attack: skip 1:6:10 (cap loot=20000 < min=50000)
[09:40:39] attack: skip 1:6:12 (cap loot=20000 < min=50000)
[09:40:39] attack: skip 1:7:4 (cap loot=20000 < min=50000)
[09:40:39] attack: skip 1:7:6 (cap loot=20000 < min=50000)
[09:40:39] attack: skip 1:7:8 (cap loot=20000 < min=50000)
[09:40:39] attack: skip 1:7:10 (cap loot=20000 < min=50000)
[09:40:39] attack: idle candidates=46 fresh_intel=46 no_spy_src=0 no_atk_src=0 raidmix_fail=0 cooldown_spy=0
[09:40:39] research: blocked research_energy_technology (building_laboratory 0/1)
[2026-05-11 09:41:25] ==== loop 3/∞ | seed=700949671613944981 archetype=turtle personality=flotero focus=eco actions_per_loop=4 ====
[09:41:26] planet 28: no resources for building_metal_store+1
[09:41:26] attack: skip 1:2:1 (cap loot=20000 < min=50000)
[09:41:26] attack: skip 1:2:2 (cap loot=20000 < min=50000)
[09:41:26] attack: skip 1:2:3 (cap loot=20000 < min=50000)
[09:41:26] attack: skip 1:2:4 (cap loot=20000 < min=50000)
[09:41:26] attack: skip 1:2:5 (cap loot=20000 < min=50000)
[09:41:26] attack: skip 1:2:6 (cap loot=20000 < min=50000)
[09:41:26] attack: skip 1:2:7 (cap loot=20000 < min=50000)
[09:41:26] attack: skip 1:2:8 (cap loot=20000 < min=50000)
[09:41:26] attack: skip 1:2:9 (cap loot=20000 < min=50000)
[09:41:26] attack: skip 1:2:10 (cap loot=20000 < min=50000)
[09:41:26] attack: skip 1:2:11 (cap loot=20000 < min=50000)
[09:41:26] attack: skip 1:2:12 (cap loot=20000 < min=50000)
[09:41:26] attack: skip 1:2:13 (cap loot=20000 < min=50000)
[09:41:26] attack: skip 1:2:14 (cap loot=20000 < min=50000)
[09:41:26] attack: skip 1:2:15 (cap loot=20000 < min=50000)
[09:41:26] attack: skip 1:3:1 (cap loot=20000 < min=50000)
[09:41:26] attack: skip 1:3:2 (cap loot=20000 < min=50000)
[09:41:26] attack: skip 1:3:3 (cap loot=20000 < min=50000)
[09:41:26] attack: skip 1:3:4 (cap loot=20000 < min=50000)
[09:41:26] attack: skip 1:3:5 (cap loot=20000 < min=50000)
[09:41:26] attack: skip 1:3:11 (cap loot=20000 < min=50000)
[09:41:26] attack: skip 1:3:12 (cap loot=20000 < min=50000)
[09:41:26] attack: skip 1:3:13 (cap loot=20000 < min=50000)
[09:41:26] attack: skip 1:4:3 (cap loot=20000 < min=50000)
[09:41:26] attack: skip 1:3:6 (cap loot=20000 < min=50000)
[09:41:26] attack: skip 1:3:8 (cap loot=20000 < min=50000)
[09:41:26] attack: skip 1:3:10 (cap loot=20000 < min=50000)
[09:41:26] attack: skip 1:4:4 (cap loot=20000 < min=50000)
[09:41:26] attack: skip 1:4:6 (cap loot=20000 < min=50000)
[09:41:26] attack: skip 1:4:8 (cap loot=20000 < min=50000)
[09:41:26] attack: skip 1:4:10 (cap loot=20000 < min=50000)
[09:41:26] attack: skip 1:4:12 (cap loot=20000 < min=50000)
[09:41:26] attack: skip 1:5:4 (cap loot=20000 < min=50000)
[09:41:26] attack: skip 1:5:6 (cap loot=20000 < min=50000)
[09:41:26] attack: skip 1:5:8 (cap loot=20000 < min=50000)
[09:41:26] attack: skip 1:5:10 (cap loot=20000 < min=50000)
[09:41:26] attack: skip 1:5:12 (cap loot=20000 < min=50000)
[09:41:26] attack: skip 1:6:4 (cap loot=20000 < min=50000)
[09:41:26] attack: skip 1:6:6 (cap loot=20000 < min=50000)
[09:41:26] attack: skip 1:6:8 (cap loot=20000 < min=50000)
[09:41:26] attack: skip 1:6:10 (cap loot=20000 < min=50000)
[09:41:26] attack: skip 1:6:12 (cap loot=20000 < min=50000)
[09:41:26] attack: skip 1:7:4 (cap loot=20000 < min=50000)
[09:41:26] attack: skip 1:7:6 (cap loot=20000 < min=50000)
[09:41:26] attack: skip 1:7:8 (cap loot=20000 < min=50000)
[09:41:26] attack: skip 1:7:10 (cap loot=20000 < min=50000)
[09:41:26] attack: idle candidates=46 fresh_intel=46 no_spy_src=0 no_atk_src=0 raidmix_fail=0 cooldown_spy=0
[09:41:26] research: blocked research_energy_technology (building_laboratory 0/1)
[2026-05-11 09:42:03] ==== loop 4/∞ | seed=700949671613944981 archetype=turtle personality=flotero focus=eco actions_per_loop=4 ====
[09:42:04] planet 28: no resources for building_metal_store+1
[09:42:04] attack: skip 1:2:1 (cap loot=20000 < min=50000)
[09:42:04] attack: skip 1:2:2 (cap loot=20000 < min=50000)
[09:42:04] attack: skip 1:2:3 (cap loot=20000 < min=50000)
[09:42:04] attack: skip 1:2:4 (cap loot=20000 < min=50000)
[09:42:04] attack: skip 1:2:5 (cap loot=20000 < min=50000)
[09:42:04] attack: skip 1:2:6 (cap loot=20000 < min=50000)
[09:42:04] attack: skip 1:2:7 (cap loot=20000 < min=50000)
[09:42:04] attack: skip 1:2:8 (cap loot=20000 < min=50000)
[09:42:04] attack: skip 1:2:9 (cap loot=20000 < min=50000)
[09:42:04] attack: skip 1:2:10 (cap loot=20000 < min=50000)
[09:42:04] attack: skip 1:2:11 (cap loot=20000 < min=50000)
[09:42:04] attack: skip 1:2:12 (cap loot=20000 < min=50000)
[09:42:04] attack: skip 1:2:13 (cap loot=20000 < min=50000)
[09:42:04] attack: skip 1:2:14 (cap loot=20000 < min=50000)
[09:42:04] attack: skip 1:2:15 (cap loot=20000 < min=50000)
[09:42:04] attack: skip 1:3:1 (cap loot=20000 < min=50000)
[09:42:04] attack: skip 1:3:2 (cap loot=20000 < min=50000)
[09:42:04] attack: skip 1:3:3 (cap loot=20000 < min=50000)
[09:42:04] attack: skip 1:3:4 (cap loot=20000 < min=50000)
[09:42:04] attack: skip 1:3:5 (cap loot=20000 < min=50000)
[09:42:04] attack: skip 1:3:11 (cap loot=20000 < min=50000)
[09:42:04] attack: skip 1:3:12 (cap loot=20000 < min=50000)
[09:42:04] attack: skip 1:3:13 (cap loot=20000 < min=50000)
[09:42:04] attack: skip 1:4:3 (cap loot=20000 < min=50000)
[09:42:04] attack: skip 1:3:6 (cap loot=20000 < min=50000)
[09:42:04] attack: skip 1:3:8 (cap loot=20000 < min=50000)
[09:42:04] attack: skip 1:3:10 (cap loot=20000 < min=50000)
[09:42:04] attack: skip 1:4:4 (cap loot=20000 < min=50000)
[09:42:04] attack: skip 1:4:6 (cap loot=20000 < min=50000)
[09:42:04] attack: skip 1:4:8 (cap loot=20000 < min=50000)
[09:42:04] attack: skip 1:4:10 (cap loot=20000 < min=50000)
[09:42:04] attack: skip 1:4:12 (cap loot=20000 < min=50000)
[09:42:04] attack: skip 1:5:4 (cap loot=20000 < min=50000)
[09:42:04] attack: skip 1:5:6 (cap loot=20000 < min=50000)
[09:42:04] attack: skip 1:5:8 (cap loot=20000 < min=50000)
[09:42:04] attack: skip 1:5:10 (cap loot=20000 < min=50000)
[09:42:04] attack: skip 1:5:12 (cap loot=20000 < min=50000)
[09:42:04] attack: skip 1:6:4 (cap loot=20000 < min=50000)
[09:42:04] attack: skip 1:6:6 (cap loot=20000 < min=50000)
[09:42:04] attack: skip 1:6:8 (cap loot=20000 < min=50000)
[09:42:04] attack: skip 1:6:10 (cap loot=20000 < min=50000)
[09:42:04] attack: skip 1:6:12 (cap loot=20000 < min=50000)
[09:42:04] attack: skip 1:7:4 (cap loot=20000 < min=50000)
[09:42:04] attack: skip 1:7:6 (cap loot=20000 < min=50000)
[09:42:04] attack: skip 1:7:8 (cap loot=20000 < min=50000)
[09:42:04] attack: skip 1:7:10 (cap loot=20000 < min=50000)
[09:42:04] attack: idle candidates=46 fresh_intel=46 no_spy_src=0 no_atk_src=0 raidmix_fail=0 cooldown_spy=0
[2026-05-11 09:42:49] ==== loop 5/∞ | seed=700949671613944981 archetype=turtle personality=flotero focus=eco actions_per_loop=4 ====
[09:42:50] planet 28: no resources for building_metal_store+1
[09:42:50] attack: skip 1:2:1 (cap loot=20000 < min=50000)
[09:42:50] attack: skip 1:2:2 (cap loot=20000 < min=50000)
[09:42:50] attack: skip 1:2:3 (cap loot=20000 < min=50000)
[09:42:50] attack: skip 1:2:4 (cap loot=20000 < min=50000)
[09:42:50] attack: skip 1:2:5 (cap loot=20000 < min=50000)
[09:42:50] attack: skip 1:2:6 (cap loot=20000 < min=50000)
[09:42:50] attack: skip 1:2:7 (cap loot=20000 < min=50000)
[09:42:50] attack: skip 1:2:8 (cap loot=20000 < min=50000)
[09:42:50] attack: skip 1:2:9 (cap loot=20000 < min=50000)
[09:42:50] attack: skip 1:2:10 (cap loot=20000 < min=50000)
[09:42:50] attack: skip 1:2:11 (cap loot=20000 < min=50000)
[09:42:50] attack: skip 1:2:12 (cap loot=20000 < min=50000)
[09:42:50] attack: skip 1:2:13 (cap loot=20000 < min=50000)
[09:42:50] attack: skip 1:2:14 (cap loot=20000 < min=50000)
[09:42:50] attack: skip 1:2:15 (cap loot=20000 < min=50000)
[09:42:50] attack: skip 1:3:1 (cap loot=20000 < min=50000)
[09:42:50] attack: skip 1:3:2 (cap loot=20000 < min=50000)
[09:42:50] attack: skip 1:3:3 (cap loot=20000 < min=50000)
[09:42:50] attack: skip 1:3:4 (cap loot=20000 < min=50000)
[09:42:50] attack: skip 1:3:5 (cap loot=20000 < min=50000)
[09:42:50] attack: skip 1:3:11 (cap loot=20000 < min=50000)
[09:42:50] attack: skip 1:3:12 (cap loot=20000 < min=50000)
[09:42:50] attack: skip 1:3:13 (cap loot=20000 < min=50000)
[09:42:50] attack: skip 1:4:3 (cap loot=20000 < min=50000)
[09:42:50] attack: skip 1:3:6 (cap loot=20000 < min=50000)
[09:42:50] attack: skip 1:3:8 (cap loot=20000 < min=50000)
[09:42:50] attack: skip 1:3:10 (cap loot=20000 < min=50000)
[09:42:50] attack: skip 1:4:4 (cap loot=20000 < min=50000)
[09:42:50] attack: skip 1:4:6 (cap loot=20000 < min=50000)
[09:42:50] attack: skip 1:4:8 (cap loot=20000 < min=50000)
[09:42:50] attack: skip 1:4:10 (cap loot=20000 < min=50000)
[09:42:50] attack: skip 1:4:12 (cap loot=20000 < min=50000)
[09:42:50] attack: skip 1:5:4 (cap loot=20000 < min=50000)
[09:42:50] attack: skip 1:5:6 (cap loot=20000 < min=50000)
[09:42:50] attack: skip 1:5:8 (cap loot=20000 < min=50000)
[09:42:50] attack: skip 1:5:10 (cap loot=20000 < min=50000)
[09:42:50] attack: skip 1:5:12 (cap loot=20000 < min=50000)
[09:42:50] attack: skip 1:6:4 (cap loot=20000 < min=50000)
[09:42:50] attack: skip 1:6:6 (cap loot=20000 < min=50000)
[09:42:50] attack: skip 1:6:8 (cap loot=20000 < min=50000)
[09:42:50] attack: skip 1:6:10 (cap loot=20000 < min=50000)
[09:42:50] attack: skip 1:6:12 (cap loot=20000 < min=50000)
[09:42:50] attack: skip 1:7:4 (cap loot=20000 < min=50000)
[09:42:50] attack: skip 1:7:6 (cap loot=20000 < min=50000)
[09:42:50] attack: skip 1:7:8 (cap loot=20000 < min=50000)
[09:42:50] attack: skip 1:7:10 (cap loot=20000 < min=50000)
[09:42:50] attack: idle candidates=46 fresh_intel=46 no_spy_src=0 no_atk_src=0 raidmix_fail=0 cooldown_spy=0
[2026-05-11 09:43:36] ==== loop 6/∞ | seed=700949671613944981 archetype=turtle personality=flotero focus=eco actions_per_loop=4 ====
[09:43:37] planet 28: no resources for building_metal_store+1
[09:43:37] attack: skip 1:2:1 (cap loot=20000 < min=50000)
[09:43:37] attack: skip 1:2:2 (cap loot=20000 < min=50000)
[09:43:37] attack: skip 1:2:3 (cap loot=20000 < min=50000)
[09:43:37] attack: skip 1:2:4 (cap loot=20000 < min=50000)
[09:43:37] attack: skip 1:2:5 (cap loot=20000 < min=50000)
[09:43:37] attack: skip 1:2:6 (cap loot=20000 < min=50000)
[09:43:37] attack: skip 1:2:7 (cap loot=20000 < min=50000)
[09:43:37] attack: skip 1:2:8 (cap loot=20000 < min=50000)
[09:43:37] attack: skip 1:2:9 (cap loot=20000 < min=50000)
[09:43:37] attack: skip 1:2:10 (cap loot=20000 < min=50000)
[09:43:37] attack: skip 1:2:11 (cap loot=20000 < min=50000)
[09:43:37] attack: skip 1:2:12 (cap loot=20000 < min=50000)
[09:43:37] attack: skip 1:2:13 (cap loot=20000 < min=50000)
[09:43:37] attack: skip 1:2:14 (cap loot=20000 < min=50000)
[09:43:37] attack: skip 1:2:15 (cap loot=20000 < min=50000)
[09:43:37] attack: skip 1:3:1 (cap loot=20000 < min=50000)
[09:43:37] attack: skip 1:3:2 (cap loot=20000 < min=50000)
[09:43:37] attack: skip 1:3:3 (cap loot=20000 < min=50000)
[09:43:37] attack: skip 1:3:4 (cap loot=20000 < min=50000)
[09:43:37] attack: skip 1:3:5 (cap loot=20000 < min=50000)
[09:43:37] attack: skip 1:3:11 (cap loot=20000 < min=50000)
[09:43:37] attack: skip 1:3:12 (cap loot=20000 < min=50000)
[09:43:37] attack: skip 1:3:13 (cap loot=20000 < min=50000)
[09:43:37] attack: skip 1:4:3 (cap loot=20000 < min=50000)
[09:43:37] attack: skip 1:3:6 (cap loot=20000 < min=50000)
[09:43:37] attack: skip 1:3:8 (cap loot=20000 < min=50000)
[09:43:37] attack: skip 1:3:10 (cap loot=20000 < min=50000)
[09:43:37] attack: skip 1:4:4 (cap loot=20000 < min=50000)
[09:43:37] attack: skip 1:4:6 (cap loot=20000 < min=50000)
[09:43:37] attack: skip 1:4:8 (cap loot=20000 < min=50000)
[09:43:37] attack: skip 1:4:10 (cap loot=20000 < min=50000)
[09:43:37] attack: skip 1:4:12 (cap loot=20000 < min=50000)
[09:43:37] attack: skip 1:5:4 (cap loot=20000 < min=50000)
[09:43:37] attack: skip 1:5:6 (cap loot=20000 < min=50000)
[09:43:37] attack: skip 1:5:8 (cap loot=20000 < min=50000)
[09:43:37] attack: skip 1:5:10 (cap loot=20000 < min=50000)
[09:43:37] attack: skip 1:5:12 (cap loot=20000 < min=50000)
[09:43:37] attack: skip 1:6:4 (cap loot=20000 < min=50000)
[09:43:37] attack: skip 1:6:6 (cap loot=20000 < min=50000)
[09:43:37] attack: skip 1:6:8 (cap loot=20000 < min=50000)
[09:43:37] attack: skip 1:6:10 (cap loot=20000 < min=50000)
[09:43:37] attack: skip 1:6:12 (cap loot=20000 < min=50000)
[09:43:37] attack: skip 1:7:4 (cap loot=20000 < min=50000)
[09:43:37] attack: skip 1:7:6 (cap loot=20000 < min=50000)
[09:43:37] attack: skip 1:7:8 (cap loot=20000 < min=50000)
[09:43:37] attack: skip 1:7:10 (cap loot=20000 < min=50000)
[09:43:37] attack: idle candidates=46 fresh_intel=46 no_spy_src=0 no_atk_src=0 raidmix_fail=0 cooldown_spy=0
[09:43:37] research: blocked research_energy_technology (building_laboratory 0/1)
[2026-05-11 09:44:23] ==== loop 7/∞ | seed=700949671613944981 archetype=turtle personality=flotero focus=eco actions_per_loop=4 ====
[09:44:24] planet 28: no resources for building_metal_store+1
[09:44:24] attack: skip 1:2:1 (cap loot=20000 < min=50000)
[09:44:24] attack: skip 1:2:2 (cap loot=20000 < min=50000)
[09:44:24] attack: skip 1:2:3 (cap loot=20000 < min=50000)
[09:44:24] attack: skip 1:2:4 (cap loot=20000 < min=50000)
[09:44:24] attack: skip 1:2:5 (cap loot=20000 < min=50000)
[09:44:24] attack: skip 1:2:6 (cap loot=20000 < min=50000)
[09:44:24] attack: skip 1:2:7 (cap loot=20000 < min=50000)
[09:44:24] attack: skip 1:2:8 (cap loot=20000 < min=50000)
[09:44:24] attack: skip 1:2:9 (cap loot=20000 < min=50000)
[09:44:24] attack: skip 1:2:10 (cap loot=20000 < min=50000)
[09:44:24] attack: skip 1:2:11 (cap loot=20000 < min=50000)
[09:44:24] attack: skip 1:2:12 (cap loot=20000 < min=50000)
[09:44:24] attack: skip 1:2:13 (cap loot=20000 < min=50000)
[09:44:24] attack: skip 1:2:14 (cap loot=20000 < min=50000)
[09:44:24] attack: skip 1:2:15 (cap loot=20000 < min=50000)
[09:44:24] attack: skip 1:3:1 (cap loot=20000 < min=50000)
[09:44:24] attack: skip 1:3:2 (cap loot=20000 < min=50000)
[09:44:24] attack: skip 1:3:3 (cap loot=20000 < min=50000)
[09:44:24] attack: skip 1:3:4 (cap loot=20000 < min=50000)
[09:44:24] attack: skip 1:3:5 (cap loot=20000 < min=50000)
[09:44:24] attack: skip 1:3:11 (cap loot=20000 < min=50000)
[09:44:24] attack: skip 1:3:12 (cap loot=20000 < min=50000)
[09:44:24] attack: skip 1:3:13 (cap loot=20000 < min=50000)
[09:44:24] attack: skip 1:4:3 (cap loot=20000 < min=50000)
[09:44:24] attack: skip 1:3:6 (cap loot=20000 < min=50000)
[09:44:24] attack: skip 1:3:8 (cap loot=20000 < min=50000)
[09:44:24] attack: skip 1:3:10 (cap loot=20000 < min=50000)
[09:44:24] attack: skip 1:4:4 (cap loot=20000 < min=50000)
[09:44:24] attack: skip 1:4:6 (cap loot=20000 < min=50000)
[09:44:24] attack: skip 1:4:8 (cap loot=20000 < min=50000)
[09:44:24] attack: skip 1:4:10 (cap loot=20000 < min=50000)
[09:44:24] attack: skip 1:4:12 (cap loot=20000 < min=50000)
[09:44:24] attack: skip 1:5:4 (cap loot=20000 < min=50000)
[09:44:24] attack: skip 1:5:6 (cap loot=20000 < min=50000)
[09:44:24] attack: skip 1:5:8 (cap loot=20000 < min=50000)
[09:44:24] attack: skip 1:5:10 (cap loot=20000 < min=50000)
[09:44:24] attack: skip 1:5:12 (cap loot=20000 < min=50000)
[09:44:24] attack: skip 1:6:4 (cap loot=20000 < min=50000)
[09:44:24] attack: skip 1:6:6 (cap loot=20000 < min=50000)
[09:44:24] attack: skip 1:6:8 (cap loot=20000 < min=50000)
[09:44:24] attack: skip 1:6:10 (cap loot=20000 < min=50000)
[09:44:24] attack: skip 1:6:12 (cap loot=20000 < min=50000)
[09:44:24] attack: skip 1:7:4 (cap loot=20000 < min=50000)
[09:44:24] attack: skip 1:7:6 (cap loot=20000 < min=50000)
[09:44:24] attack: skip 1:7:8 (cap loot=20000 < min=50000)
[09:44:24] attack: skip 1:7:10 (cap loot=20000 < min=50000)
[09:44:24] attack: idle candidates=46 fresh_intel=46 no_spy_src=0 no_atk_src=0 raidmix_fail=0 cooldown_spy=0
[09:44:24] research: blocked research_energy_technology (building_laboratory 0/1)
[2026-05-11 09:45:10] ==== loop 8/∞ | seed=700949671613944981 archetype=turtle personality=flotero focus=eco actions_per_loop=4 ====
[09:45:11] planet 28: no resources for building_metal_store+1
[09:45:11] attack: skip 1:2:1 (cap loot=20000 < min=50000)
[09:45:11] attack: skip 1:2:2 (cap loot=20000 < min=50000)
[09:45:11] attack: skip 1:2:3 (cap loot=20000 < min=50000)
[09:45:11] attack: skip 1:2:4 (cap loot=20000 < min=50000)
[09:45:11] attack: skip 1:2:5 (cap loot=20000 < min=50000)
[09:45:11] attack: skip 1:2:6 (cap loot=20000 < min=50000)
[09:45:11] attack: skip 1:2:7 (cap loot=20000 < min=50000)
[09:45:11] attack: skip 1:2:8 (cap loot=20000 < min=50000)
[09:45:11] attack: skip 1:2:9 (cap loot=20000 < min=50000)
[09:45:11] attack: skip 1:2:10 (cap loot=20000 < min=50000)
[09:45:11] attack: skip 1:2:11 (cap loot=20000 < min=50000)
[09:45:11] attack: skip 1:2:12 (cap loot=20000 < min=50000)
[09:45:11] attack: skip 1:2:13 (cap loot=20000 < min=50000)
[09:45:11] attack: skip 1:2:14 (cap loot=20000 < min=50000)
[09:45:11] attack: skip 1:2:15 (cap loot=20000 < min=50000)
[09:45:11] attack: skip 1:3:1 (cap loot=20000 < min=50000)
[09:45:11] attack: skip 1:3:2 (cap loot=20000 < min=50000)
[09:45:11] attack: skip 1:3:3 (cap loot=20000 < min=50000)
[09:45:11] attack: skip 1:3:4 (cap loot=20000 < min=50000)
[09:45:11] attack: skip 1:3:5 (cap loot=20000 < min=50000)
[09:45:11] attack: skip 1:3:11 (cap loot=20000 < min=50000)
[09:45:11] attack: skip 1:3:12 (cap loot=20000 < min=50000)
[09:45:11] attack: skip 1:3:13 (cap loot=20000 < min=50000)
[09:45:11] attack: skip 1:4:3 (cap loot=20000 < min=50000)
[09:45:11] attack: skip 1:3:6 (cap loot=20000 < min=50000)
[09:45:11] attack: skip 1:3:8 (cap loot=20000 < min=50000)
[09:45:11] attack: skip 1:3:10 (cap loot=20000 < min=50000)
[09:45:11] attack: skip 1:4:4 (cap loot=20000 < min=50000)
[09:45:11] attack: skip 1:4:6 (cap loot=20000 < min=50000)
[09:45:11] attack: skip 1:4:8 (cap loot=20000 < min=50000)
[09:45:11] attack: skip 1:4:10 (cap loot=20000 < min=50000)
[09:45:11] attack: skip 1:4:12 (cap loot=20000 < min=50000)
[09:45:11] attack: skip 1:5:4 (cap loot=20000 < min=50000)
[09:45:11] attack: skip 1:5:6 (cap loot=20000 < min=50000)
[09:45:11] attack: skip 1:5:8 (cap loot=20000 < min=50000)
[09:45:11] attack: skip 1:5:10 (cap loot=20000 < min=50000)
[09:45:11] attack: skip 1:5:12 (cap loot=20000 < min=50000)
[09:45:11] attack: skip 1:6:4 (cap loot=20000 < min=50000)
[09:45:11] attack: skip 1:6:6 (cap loot=20000 < min=50000)
[09:45:11] attack: skip 1:6:8 (cap loot=20000 < min=50000)
[09:45:11] attack: skip 1:6:10 (cap loot=20000 < min=50000)
[09:45:11] attack: skip 1:6:12 (cap loot=20000 < min=50000)
[09:45:11] attack: skip 1:7:4 (cap loot=20000 < min=50000)
[09:45:11] attack: skip 1:7:6 (cap loot=20000 < min=50000)
[09:45:11] attack: skip 1:7:8 (cap loot=20000 < min=50000)
[09:45:11] attack: skip 1:7:10 (cap loot=20000 < min=50000)
[09:45:11] attack: idle candidates=46 fresh_intel=46 no_spy_src=0 no_atk_src=0 raidmix_fail=0 cooldown_spy=0
[09:45:11] research: blocked research_energy_technology (building_laboratory 0/1)
[2026-05-11 09:45:57] ==== loop 9/∞ | seed=700949671613944981 archetype=turtle personality=flotero focus=eco actions_per_loop=4 ====
[09:45:57] planet 28: no resources for building_metal_store+1
[09:45:57] attack: skip 1:2:1 (cap loot=20000 < min=50000)
[09:45:57] attack: skip 1:2:2 (cap loot=20000 < min=50000)
[09:45:57] attack: skip 1:2:3 (cap loot=20000 < min=50000)
[09:45:57] attack: skip 1:2:4 (cap loot=20000 < min=50000)
[09:45:57] attack: skip 1:2:5 (cap loot=20000 < min=50000)
[09:45:57] attack: skip 1:2:6 (cap loot=20000 < min=50000)
[09:45:57] attack: skip 1:2:7 (cap loot=20000 < min=50000)
[09:45:57] attack: skip 1:2:8 (cap loot=20000 < min=50000)
[09:45:57] attack: skip 1:2:9 (cap loot=20000 < min=50000)
[09:45:57] attack: skip 1:2:10 (cap loot=20000 < min=50000)
[09:45:57] attack: skip 1:2:11 (cap loot=20000 < min=50000)
[09:45:57] attack: skip 1:2:12 (cap loot=20000 < min=50000)
[09:45:57] attack: skip 1:2:13 (cap loot=20000 < min=50000)
[09:45:57] attack: skip 1:2:14 (cap loot=20000 < min=50000)
[09:45:57] attack: skip 1:2:15 (cap loot=20000 < min=50000)
[09:45:57] attack: skip 1:3:1 (cap loot=20000 < min=50000)
[09:45:57] attack: skip 1:3:2 (cap loot=20000 < min=50000)
[09:45:57] attack: skip 1:3:3 (cap loot=20000 < min=50000)
[09:45:57] attack: skip 1:3:4 (cap loot=20000 < min=50000)
[09:45:57] attack: skip 1:3:5 (cap loot=20000 < min=50000)
[09:45:57] attack: skip 1:3:11 (cap loot=20000 < min=50000)
[09:45:57] attack: skip 1:3:12 (cap loot=20000 < min=50000)
[09:45:57] attack: skip 1:3:13 (cap loot=20000 < min=50000)
[09:45:57] attack: skip 1:4:3 (cap loot=20000 < min=50000)
[09:45:57] attack: skip 1:3:6 (cap loot=20000 < min=50000)
[09:45:57] attack: skip 1:3:8 (cap loot=20000 < min=50000)
[09:45:57] attack: skip 1:3:10 (cap loot=20000 < min=50000)
[09:45:57] attack: skip 1:4:4 (cap loot=20000 < min=50000)
[09:45:57] attack: skip 1:4:6 (cap loot=20000 < min=50000)
[09:45:57] attack: skip 1:4:8 (cap loot=20000 < min=50000)
[09:45:57] attack: skip 1:4:10 (cap loot=20000 < min=50000)
[09:45:57] attack: skip 1:4:12 (cap loot=20000 < min=50000)
[09:45:57] attack: skip 1:5:4 (cap loot=20000 < min=50000)
[09:45:57] attack: skip 1:5:6 (cap loot=20000 < min=50000)
[09:45:57] attack: skip 1:5:8 (cap loot=20000 < min=50000)
[09:45:57] attack: skip 1:5:10 (cap loot=20000 < min=50000)
[09:45:57] attack: skip 1:5:12 (cap loot=20000 < min=50000)
[09:45:57] attack: skip 1:6:4 (cap loot=20000 < min=50000)
[09:45:57] attack: skip 1:6:6 (cap loot=20000 < min=50000)
[09:45:57] attack: skip 1:6:8 (cap loot=20000 < min=50000)
[09:45:57] attack: skip 1:6:10 (cap loot=20000 < min=50000)
[09:45:57] attack: skip 1:6:12 (cap loot=20000 < min=50000)
[09:45:57] attack: skip 1:7:4 (cap loot=20000 < min=50000)
[09:45:57] attack: skip 1:7:6 (cap loot=20000 < min=50000)
[09:45:57] attack: skip 1:7:8 (cap loot=20000 < min=50000)
[09:45:57] attack: skip 1:7:10 (cap loot=20000 < min=50000)
[09:45:57] attack: idle candidates=46 fresh_intel=46 no_spy_src=0 no_atk_src=0 raidmix_fail=0 cooldown_spy=0
[09:45:57] research: blocked research_energy_technology (building_laboratory 0/1)
[2026-05-11 09:46:36] ==== loop 10/∞ | seed=700949671613944981 archetype=turtle personality=flotero focus=eco actions_per_loop=4 ====
[09:46:36] planet 28: no resources for building_metal_store+1
[09:46:36] attack: skip 1:2:1 (cap loot=20000 < min=50000)
[09:46:36] attack: skip 1:2:2 (cap loot=20000 < min=50000)
[09:46:36] attack: skip 1:2:3 (cap loot=20000 < min=50000)
[09:46:36] attack: skip 1:2:4 (cap loot=20000 < min=50000)
[09:46:36] attack: skip 1:2:5 (cap loot=20000 < min=50000)
[09:46:36] attack: skip 1:2:6 (cap loot=20000 < min=50000)
[09:46:36] attack: skip 1:2:7 (cap loot=20000 < min=50000)
[09:46:36] attack: skip 1:2:8 (cap loot=20000 < min=50000)
[09:46:36] attack: skip 1:2:9 (cap loot=20000 < min=50000)
[09:46:36] attack: skip 1:2:10 (cap loot=20000 < min=50000)
[09:46:36] attack: skip 1:2:11 (cap loot=20000 < min=50000)
[09:46:36] attack: skip 1:2:12 (cap loot=20000 < min=50000)
[09:46:36] attack: skip 1:2:13 (cap loot=20000 < min=50000)
[09:46:36] attack: skip 1:2:14 (cap loot=20000 < min=50000)
[09:46:36] attack: skip 1:2:15 (cap loot=20000 < min=50000)
[09:46:36] attack: skip 1:3:1 (cap loot=20000 < min=50000)
[09:46:36] attack: skip 1:3:2 (cap loot=20000 < min=50000)
[09:46:36] attack: skip 1:3:3 (cap loot=20000 < min=50000)
[09:46:36] attack: skip 1:3:4 (cap loot=20000 < min=50000)
[09:46:36] attack: skip 1:3:5 (cap loot=20000 < min=50000)
[09:46:36] attack: skip 1:3:11 (cap loot=20000 < min=50000)
[09:46:36] attack: skip 1:3:12 (cap loot=20000 < min=50000)
[09:46:36] attack: skip 1:3:13 (cap loot=20000 < min=50000)
[09:46:36] attack: skip 1:4:3 (cap loot=20000 < min=50000)
[09:46:36] attack: skip 1:3:6 (cap loot=20000 < min=50000)
[09:46:36] attack: skip 1:3:8 (cap loot=20000 < min=50000)
[09:46:36] attack: skip 1:3:10 (cap loot=20000 < min=50000)
[09:46:36] attack: skip 1:4:4 (cap loot=20000 < min=50000)
[09:46:36] attack: skip 1:4:6 (cap loot=20000 < min=50000)
[09:46:36] attack: skip 1:4:8 (cap loot=20000 < min=50000)
[09:46:36] attack: skip 1:4:10 (cap loot=20000 < min=50000)
[09:46:36] attack: skip 1:4:12 (cap loot=20000 < min=50000)
[09:46:36] attack: skip 1:5:4 (cap loot=20000 < min=50000)
[09:46:36] attack: skip 1:5:6 (cap loot=20000 < min=50000)
[09:46:36] attack: skip 1:5:8 (cap loot=20000 < min=50000)
[09:46:36] attack: skip 1:5:10 (cap loot=20000 < min=50000)
[09:46:36] attack: skip 1:5:12 (cap loot=20000 < min=50000)
[09:46:36] attack: skip 1:6:4 (cap loot=20000 < min=50000)
[09:46:36] attack: skip 1:6:6 (cap loot=20000 < min=50000)
[09:46:36] attack: skip 1:6:8 (cap loot=20000 < min=50000)
[09:46:36] attack: skip 1:6:10 (cap loot=20000 < min=50000)
[09:46:36] attack: skip 1:6:12 (cap loot=20000 < min=50000)
[09:46:36] attack: skip 1:7:4 (cap loot=20000 < min=50000)
[09:46:36] attack: skip 1:7:6 (cap loot=20000 < min=50000)
[09:46:36] attack: skip 1:7:8 (cap loot=20000 < min=50000)
[09:46:36] attack: skip 1:7:10 (cap loot=20000 < min=50000)
[09:46:36] attack: idle candidates=46 fresh_intel=46 no_spy_src=0 no_atk_src=0 raidmix_fail=0 cooldown_spy=0
[09:46:36] research: blocked research_energy_technology (building_laboratory 0/1)
[2026-05-11 09:47:21] ==== loop 11/∞ | seed=700949671613944981 archetype=turtle personality=flotero focus=eco actions_per_loop=4 ====
[09:47:22] planet 28: no resources for building_metal_store+1
[09:47:22] attack: skip 1:2:1 (cap loot=20000 < min=50000)
[09:47:22] attack: skip 1:2:2 (cap loot=20000 < min=50000)
[09:47:22] attack: skip 1:2:3 (cap loot=20000 < min=50000)
[09:47:22] attack: skip 1:2:4 (cap loot=20000 < min=50000)
[09:47:22] attack: skip 1:2:5 (cap loot=20000 < min=50000)
[09:47:22] attack: skip 1:2:6 (cap loot=20000 < min=50000)
[09:47:22] attack: skip 1:2:7 (cap loot=20000 < min=50000)
[09:47:22] attack: skip 1:2:8 (cap loot=20000 < min=50000)
[09:47:22] attack: skip 1:2:9 (cap loot=20000 < min=50000)
[09:47:22] attack: skip 1:2:10 (cap loot=20000 < min=50000)
[09:47:22] attack: skip 1:2:11 (cap loot=20000 < min=50000)
[09:47:22] attack: skip 1:2:12 (cap loot=20000 < min=50000)
[09:47:22] attack: skip 1:2:13 (cap loot=20000 < min=50000)
[09:47:22] attack: skip 1:2:14 (cap loot=20000 < min=50000)
[09:47:22] attack: skip 1:2:15 (cap loot=20000 < min=50000)
[09:47:22] attack: skip 1:3:1 (cap loot=20000 < min=50000)
[09:47:22] attack: skip 1:3:2 (cap loot=20000 < min=50000)
[09:47:22] attack: skip 1:3:3 (cap loot=20000 < min=50000)
[09:47:22] attack: skip 1:3:4 (cap loot=20000 < min=50000)
[09:47:22] attack: skip 1:3:5 (cap loot=20000 < min=50000)
[09:47:22] attack: skip 1:3:11 (cap loot=20000 < min=50000)
[09:47:22] attack: skip 1:3:12 (cap loot=20000 < min=50000)
[09:47:22] attack: skip 1:3:13 (cap loot=20000 < min=50000)
[09:47:22] attack: skip 1:4:3 (cap loot=20000 < min=50000)
[09:47:22] attack: skip 1:3:6 (cap loot=20000 < min=50000)
[09:47:22] attack: skip 1:3:8 (cap loot=20000 < min=50000)
[09:47:22] attack: skip 1:3:10 (cap loot=20000 < min=50000)
[09:47:22] attack: skip 1:4:4 (cap loot=20000 < min=50000)
[09:47:22] attack: skip 1:4:6 (cap loot=20000 < min=50000)
[09:47:22] attack: skip 1:4:8 (cap loot=20000 < min=50000)
[09:47:22] attack: skip 1:4:10 (cap loot=20000 < min=50000)
[09:47:22] attack: skip 1:4:12 (cap loot=20000 < min=50000)
[09:47:22] attack: skip 1:5:4 (cap loot=20000 < min=50000)
[09:47:22] attack: skip 1:5:6 (cap loot=20000 < min=50000)
[09:47:22] attack: skip 1:5:8 (cap loot=20000 < min=50000)
[09:47:22] attack: skip 1:5:10 (cap loot=20000 < min=50000)
[09:47:22] attack: skip 1:5:12 (cap loot=20000 < min=50000)
[09:47:22] attack: skip 1:6:4 (cap loot=20000 < min=50000)
[09:47:22] attack: skip 1:6:6 (cap loot=20000 < min=50000)
[09:47:22] attack: skip 1:6:8 (cap loot=20000 < min=50000)
[09:47:22] attack: skip 1:6:10 (cap loot=20000 < min=50000)
[09:47:22] attack: skip 1:6:12 (cap loot=20000 < min=50000)
[09:47:22] attack: skip 1:7:4 (cap loot=20000 < min=50000)
[09:47:22] attack: skip 1:7:6 (cap loot=20000 < min=50000)
[09:47:22] attack: skip 1:7:8 (cap loot=20000 < min=50000)
[09:47:22] attack: skip 1:7:10 (cap loot=20000 < min=50000)
[09:47:22] attack: idle candidates=46 fresh_intel=46 no_spy_src=0 no_atk_src=0 raidmix_fail=0 cooldown_spy=0
[09:47:22] research: blocked research_energy_technology (building_laboratory 0/1)
[2026-05-11 09:48:09] ==== loop 12/∞ | seed=700949671613944981 archetype=turtle personality=flotero focus=eco actions_per_loop=4 ====
[09:48:10] planet 28: no resources for building_metal_store+1
[09:48:10] attack: skip 1:2:1 (cap loot=20000 < min=50000)
[09:48:10] attack: skip 1:2:2 (cap loot=20000 < min=50000)
[09:48:10] attack: skip 1:2:3 (cap loot=20000 < min=50000)
[09:48:10] attack: skip 1:2:4 (cap loot=20000 < min=50000)
[09:48:10] attack: skip 1:2:5 (cap loot=20000 < min=50000)
[09:48:10] attack: skip 1:2:6 (cap loot=20000 < min=50000)
[09:48:10] attack: skip 1:2:7 (cap loot=20000 < min=50000)
[09:48:10] attack: skip 1:2:8 (cap loot=20000 < min=50000)
[09:48:10] attack: skip 1:2:9 (cap loot=20000 < min=50000)
[09:48:10] attack: skip 1:2:10 (cap loot=20000 < min=50000)
[09:48:10] attack: skip 1:2:11 (cap loot=20000 < min=50000)
[09:48:10] attack: skip 1:2:12 (cap loot=20000 < min=50000)
[09:48:10] attack: skip 1:2:13 (cap loot=20000 < min=50000)
[09:48:10] attack: skip 1:2:14 (cap loot=20000 < min=50000)
[09:48:10] attack: skip 1:2:15 (cap loot=20000 < min=50000)
[09:48:10] attack: skip 1:3:1 (cap loot=20000 < min=50000)
[09:48:10] attack: skip 1:3:2 (cap loot=20000 < min=50000)
[09:48:10] attack: skip 1:3:3 (cap loot=20000 < min=50000)
[09:48:10] attack: skip 1:3:4 (cap loot=20000 < min=50000)
[09:48:10] attack: skip 1:3:5 (cap loot=20000 < min=50000)
[09:48:10] attack: skip 1:3:11 (cap loot=20000 < min=50000)
[09:48:10] attack: skip 1:3:12 (cap loot=20000 < min=50000)
[09:48:10] attack: skip 1:3:13 (cap loot=20000 < min=50000)
[09:48:10] attack: skip 1:4:3 (cap loot=20000 < min=50000)
[09:48:10] attack: skip 1:3:6 (cap loot=20000 < min=50000)
[09:48:10] attack: skip 1:3:8 (cap loot=20000 < min=50000)
[09:48:10] attack: skip 1:3:10 (cap loot=20000 < min=50000)
[09:48:10] attack: skip 1:4:4 (cap loot=20000 < min=50000)
[09:48:10] attack: skip 1:4:6 (cap loot=20000 < min=50000)
[09:48:10] attack: skip 1:4:8 (cap loot=20000 < min=50000)
[09:48:10] attack: skip 1:4:10 (cap loot=20000 < min=50000)
[09:48:10] attack: skip 1:4:12 (cap loot=20000 < min=50000)
[09:48:10] attack: skip 1:5:4 (cap loot=20000 < min=50000)
[09:48:10] attack: skip 1:5:6 (cap loot=20000 < min=50000)
[09:48:10] attack: skip 1:5:8 (cap loot=20000 < min=50000)
[09:48:10] attack: skip 1:5:10 (cap loot=20000 < min=50000)
[09:48:10] attack: skip 1:5:12 (cap loot=20000 < min=50000)
[09:48:10] attack: skip 1:6:4 (cap loot=20000 < min=50000)
[09:48:10] attack: skip 1:6:6 (cap loot=20000 < min=50000)
[09:48:10] attack: skip 1:6:8 (cap loot=20000 < min=50000)
[09:48:10] attack: skip 1:6:10 (cap loot=20000 < min=50000)
[09:48:10] attack: skip 1:6:12 (cap loot=20000 < min=50000)
[09:48:10] attack: skip 1:7:4 (cap loot=20000 < min=50000)
[09:48:10] attack: skip 1:7:6 (cap loot=20000 < min=50000)
[09:48:10] attack: skip 1:7:8 (cap loot=20000 < min=50000)
[09:48:10] attack: skip 1:7:10 (cap loot=20000 < min=50000)
[09:48:10] attack: idle candidates=46 fresh_intel=46 no_spy_src=0 no_atk_src=0 raidmix_fail=0 cooldown_spy=0
[2026-05-11 09:48:50] ==== loop 13/∞ | seed=700949671613944981 archetype=turtle personality=flotero focus=eco actions_per_loop=4 ====
[09:48:51] planet 28: no resources for building_metal_store+1
[09:48:51] attack: skip 1:2:1 (cap loot=20000 < min=50000)
[09:48:51] attack: skip 1:2:2 (cap loot=20000 < min=50000)
[09:48:51] attack: skip 1:2:3 (cap loot=20000 < min=50000)
[09:48:51] attack: skip 1:2:4 (cap loot=20000 < min=50000)
[09:48:51] attack: skip 1:2:5 (cap loot=20000 < min=50000)
[09:48:51] attack: skip 1:2:6 (cap loot=20000 < min=50000)
[09:48:51] attack: skip 1:2:7 (cap loot=20000 < min=50000)
[09:48:51] attack: skip 1:2:8 (cap loot=20000 < min=50000)
[09:48:51] attack: skip 1:2:9 (cap loot=20000 < min=50000)
[09:48:51] attack: skip 1:2:10 (cap loot=20000 < min=50000)
[09:48:51] attack: skip 1:2:11 (cap loot=20000 < min=50000)
[09:48:51] attack: skip 1:2:12 (cap loot=20000 < min=50000)
[09:48:51] attack: skip 1:2:13 (cap loot=20000 < min=50000)
[09:48:51] attack: skip 1:2:14 (cap loot=20000 < min=50000)
[09:48:51] attack: skip 1:2:15 (cap loot=20000 < min=50000)
[09:48:51] attack: skip 1:3:1 (cap loot=20000 < min=50000)
[09:48:51] attack: skip 1:3:2 (cap loot=20000 < min=50000)
[09:48:51] attack: skip 1:3:3 (cap loot=20000 < min=50000)
[09:48:51] attack: skip 1:3:4 (cap loot=20000 < min=50000)
[09:48:51] attack: skip 1:3:5 (cap loot=20000 < min=50000)
[09:48:51] attack: skip 1:3:11 (cap loot=20000 < min=50000)
[09:48:51] attack: skip 1:3:12 (cap loot=20000 < min=50000)
[09:48:51] attack: skip 1:3:13 (cap loot=20000 < min=50000)
[09:48:51] attack: skip 1:4:3 (cap loot=20000 < min=50000)
[09:48:51] attack: skip 1:3:6 (cap loot=20000 < min=50000)
[09:48:51] attack: skip 1:3:8 (cap loot=20000 < min=50000)
[09:48:51] attack: skip 1:3:10 (cap loot=20000 < min=50000)
[09:48:51] attack: skip 1:4:4 (cap loot=20000 < min=50000)
[09:48:51] attack: skip 1:4:6 (cap loot=20000 < min=50000)
[09:48:51] attack: skip 1:4:8 (cap loot=20000 < min=50000)
[09:48:51] attack: skip 1:4:10 (cap loot=20000 < min=50000)
[09:48:51] attack: skip 1:4:12 (cap loot=20000 < min=50000)
[09:48:51] attack: skip 1:5:4 (cap loot=20000 < min=50000)
[09:48:51] attack: skip 1:5:6 (cap loot=20000 < min=50000)
[09:48:51] attack: skip 1:5:8 (cap loot=20000 < min=50000)
[09:48:51] attack: skip 1:5:10 (cap loot=20000 < min=50000)
[09:48:51] attack: skip 1:5:12 (cap loot=20000 < min=50000)
[09:48:51] attack: skip 1:6:4 (cap loot=20000 < min=50000)
[09:48:51] attack: skip 1:6:6 (cap loot=20000 < min=50000)
[09:48:51] attack: skip 1:6:8 (cap loot=20000 < min=50000)
[09:48:51] attack: skip 1:6:10 (cap loot=20000 < min=50000)
[09:48:51] attack: skip 1:6:12 (cap loot=20000 < min=50000)
[09:48:51] attack: skip 1:7:4 (cap loot=20000 < min=50000)
[09:48:51] attack: skip 1:7:6 (cap loot=20000 < min=50000)
[09:48:51] attack: skip 1:7:8 (cap loot=20000 < min=50000)
[09:48:51] attack: skip 1:7:10 (cap loot=20000 < min=50000)
[09:48:51] attack: idle candidates=46 fresh_intel=46 no_spy_src=0 no_atk_src=0 raidmix_fail=0 cooldown_spy=0
[09:48:51] research: blocked research_energy_technology (building_laboratory 0/1)
[2026-05-11 09:49:37] ==== loop 14/∞ | seed=700949671613944981 archetype=turtle personality=flotero focus=eco actions_per_loop=4 ====
[09:49:37] planet 28: no resources for building_metal_store+1
[09:49:37] attack: skip 1:2:1 (cap loot=20000 < min=50000)
[09:49:37] attack: skip 1:2:2 (cap loot=20000 < min=50000)
[09:49:37] attack: skip 1:2:3 (cap loot=20000 < min=50000)
[09:49:37] attack: skip 1:2:4 (cap loot=20000 < min=50000)
[09:49:37] attack: skip 1:2:5 (cap loot=20000 < min=50000)
[09:49:37] attack: skip 1:2:6 (cap loot=20000 < min=50000)
[09:49:37] attack: skip 1:2:7 (cap loot=20000 < min=50000)
[09:49:37] attack: skip 1:2:8 (cap loot=20000 < min=50000)
[09:49:37] attack: skip 1:2:9 (cap loot=20000 < min=50000)
[09:49:37] attack: skip 1:2:10 (cap loot=20000 < min=50000)
[09:49:37] attack: skip 1:2:11 (cap loot=20000 < min=50000)
[09:49:37] attack: skip 1:2:12 (cap loot=20000 < min=50000)
[09:49:37] attack: skip 1:2:13 (cap loot=20000 < min=50000)
[09:49:37] attack: skip 1:2:14 (cap loot=20000 < min=50000)
[09:49:37] attack: skip 1:2:15 (cap loot=20000 < min=50000)
[09:49:37] attack: skip 1:3:1 (cap loot=20000 < min=50000)
[09:49:37] attack: skip 1:3:2 (cap loot=20000 < min=50000)
[09:49:37] attack: skip 1:3:3 (cap loot=20000 < min=50000)
[09:49:37] attack: skip 1:3:4 (cap loot=20000 < min=50000)
[09:49:37] attack: skip 1:3:5 (cap loot=20000 < min=50000)
[09:49:37] attack: skip 1:3:11 (cap loot=20000 < min=50000)
[09:49:37] attack: skip 1:3:12 (cap loot=20000 < min=50000)
[09:49:37] attack: skip 1:3:13 (cap loot=20000 < min=50000)
[09:49:37] attack: skip 1:4:3 (cap loot=20000 < min=50000)
[09:49:37] attack: skip 1:3:6 (cap loot=20000 < min=50000)
[09:49:37] attack: skip 1:3:8 (cap loot=20000 < min=50000)
[09:49:37] attack: skip 1:3:10 (cap loot=20000 < min=50000)
[09:49:37] attack: skip 1:4:4 (cap loot=20000 < min=50000)
[09:49:37] attack: skip 1:4:6 (cap loot=20000 < min=50000)
[09:49:37] attack: skip 1:4:8 (cap loot=20000 < min=50000)
[09:49:37] attack: skip 1:4:10 (cap loot=20000 < min=50000)
[09:49:37] attack: skip 1:4:12 (cap loot=20000 < min=50000)
[09:49:37] attack: skip 1:5:4 (cap loot=20000 < min=50000)
[09:49:37] attack: skip 1:5:6 (cap loot=20000 < min=50000)
[09:49:37] attack: skip 1:5:8 (cap loot=20000 < min=50000)
[09:49:37] attack: skip 1:5:10 (cap loot=20000 < min=50000)
[09:49:37] attack: skip 1:5:12 (cap loot=20000 < min=50000)
[09:49:37] attack: skip 1:6:4 (cap loot=20000 < min=50000)
[09:49:37] attack: skip 1:6:6 (cap loot=20000 < min=50000)
[09:49:37] attack: skip 1:6:8 (cap loot=20000 < min=50000)
[09:49:37] attack: skip 1:6:10 (cap loot=20000 < min=50000)
[09:49:37] attack: skip 1:6:12 (cap loot=20000 < min=50000)
[09:49:37] attack: skip 1:7:4 (cap loot=20000 < min=50000)
[09:49:37] attack: skip 1:7:6 (cap loot=20000 < min=50000)
[09:49:37] attack: skip 1:7:8 (cap loot=20000 < min=50000)
[09:49:37] attack: skip 1:7:10 (cap loot=20000 < min=50000)
[09:49:37] attack: idle candidates=46 fresh_intel=46 no_spy_src=0 no_atk_src=0 raidmix_fail=0 cooldown_spy=0
[2026-05-11 09:50:23] ==== loop 15/∞ | seed=700949671613944981 archetype=turtle personality=flotero focus=eco actions_per_loop=4 ====
[09:50:25] planet 28: building queue full (5)
[09:50:25] planet 28: building queue full (5)
[09:50:25] planet 28: building queue full (5)
[09:50:25] attack: skip 1:2:1 (cap loot=20000 < min=50000)
[09:50:25] attack: skip 1:2:2 (cap loot=20000 < min=50000)
[09:50:25] attack: skip 1:2:3 (cap loot=20000 < min=50000)
[09:50:25] attack: skip 1:2:4 (cap loot=20000 < min=50000)
[09:50:25] attack: skip 1:2:5 (cap loot=20000 < min=50000)
[09:50:25] attack: skip 1:2:6 (cap loot=20000 < min=50000)
[09:50:25] attack: skip 1:2:7 (cap loot=20000 < min=50000)
[09:50:25] attack: skip 1:2:8 (cap loot=20000 < min=50000)
[09:50:25] attack: skip 1:2:9 (cap loot=20000 < min=50000)
[09:50:25] attack: skip 1:2:10 (cap loot=20000 < min=50000)
[09:50:25] attack: skip 1:2:11 (cap loot=20000 < min=50000)
[09:50:25] attack: skip 1:2:12 (cap loot=20000 < min=50000)
[09:50:25] attack: skip 1:2:13 (cap loot=20000 < min=50000)
[09:50:25] attack: skip 1:2:14 (cap loot=20000 < min=50000)
[09:50:25] attack: skip 1:2:15 (cap loot=20000 < min=50000)
[09:50:25] attack: skip 1:3:1 (cap loot=20000 < min=50000)
[09:50:25] attack: skip 1:3:2 (cap loot=20000 < min=50000)
[09:50:25] attack: skip 1:3:3 (cap loot=20000 < min=50000)
[09:50:25] attack: skip 1:3:4 (cap loot=20000 < min=50000)
[09:50:25] attack: skip 1:3:5 (cap loot=20000 < min=50000)
[09:50:25] attack: skip 1:3:11 (cap loot=20000 < min=50000)
[09:50:25] attack: skip 1:3:12 (cap loot=20000 < min=50000)
[09:50:25] attack: skip 1:3:13 (cap loot=20000 < min=50000)
[09:50:25] attack: skip 1:4:3 (cap loot=20000 < min=50000)
[09:50:25] attack: skip 1:3:6 (cap loot=20000 < min=50000)
[09:50:25] attack: skip 1:3:8 (cap loot=20000 < min=50000)
[09:50:25] attack: skip 1:3:10 (cap loot=20000 < min=50000)
[09:50:25] attack: skip 1:4:4 (cap loot=20000 < min=50000)
[09:50:25] attack: skip 1:4:6 (cap loot=20000 < min=50000)
[09:50:25] attack: skip 1:4:8 (cap loot=20000 < min=50000)
[09:50:25] attack: skip 1:4:10 (cap loot=20000 < min=50000)
[09:50:25] attack: skip 1:4:12 (cap loot=20000 < min=50000)
[09:50:25] attack: skip 1:5:4 (cap loot=20000 < min=50000)
[09:50:25] attack: skip 1:5:6 (cap loot=20000 < min=50000)
[09:50:25] attack: skip 1:5:8 (cap loot=20000 < min=50000)
[09:50:25] attack: skip 1:5:10 (cap loot=20000 < min=50000)
[09:50:25] attack: skip 1:5:12 (cap loot=20000 < min=50000)
[09:50:25] attack: skip 1:6:4 (cap loot=20000 < min=50000)
[09:50:25] attack: skip 1:6:6 (cap loot=20000 < min=50000)
[09:50:25] attack: skip 1:6:8 (cap loot=20000 < min=50000)
[09:50:25] attack: skip 1:6:10 (cap loot=20000 < min=50000)
[09:50:25] attack: skip 1:6:12 (cap loot=20000 < min=50000)
[09:50:25] attack: skip 1:7:4 (cap loot=20000 < min=50000)
[09:50:25] attack: skip 1:7:6 (cap loot=20000 < min=50000)
[09:50:25] attack: skip 1:7:8 (cap loot=20000 < min=50000)
[09:50:25] attack: skip 1:7:10 (cap loot=20000 < min=50000)
[09:50:25] attack: idle candidates=46 fresh_intel=46 no_spy_src=0 no_atk_src=0 raidmix_fail=0 cooldown_spy=0
[2026-05-11 09:51:00] ==== loop 16/∞ | seed=700949671613944981 archetype=turtle personality=flotero focus=eco actions_per_loop=4 ====
[09:51:02] planet 28: building queue full (5)
[09:51:02] planet 28: building queue full (5)
[09:51:02] planet 28: building queue full (5)
[09:51:02] planet 28: building queue full (5)
[09:51:02] attack: skip 1:2:1 (cap loot=20000 < min=50000)
[09:51:02] attack: skip 1:2:2 (cap loot=20000 < min=50000)
[09:51:02] attack: skip 1:2:3 (cap loot=20000 < min=50000)
[09:51:02] attack: skip 1:2:4 (cap loot=20000 < min=50000)
[09:51:02] attack: skip 1:2:5 (cap loot=20000 < min=50000)
[09:51:02] attack: skip 1:2:6 (cap loot=20000 < min=50000)
[09:51:02] attack: skip 1:2:7 (cap loot=20000 < min=50000)
[09:51:02] attack: skip 1:2:8 (cap loot=20000 < min=50000)
[09:51:02] attack: skip 1:2:9 (cap loot=20000 < min=50000)
[09:51:02] attack: skip 1:2:10 (cap loot=20000 < min=50000)
[09:51:02] attack: skip 1:2:11 (cap loot=20000 < min=50000)
[09:51:02] attack: skip 1:2:12 (cap loot=20000 < min=50000)
[09:51:02] attack: skip 1:2:13 (cap loot=20000 < min=50000)
[09:51:02] attack: skip 1:2:14 (cap loot=20000 < min=50000)
[09:51:02] attack: skip 1:2:15 (cap loot=20000 < min=50000)
[09:51:02] attack: skip 1:3:1 (cap loot=20000 < min=50000)
[09:51:02] attack: skip 1:3:2 (cap loot=20000 < min=50000)
[09:51:02] attack: skip 1:3:3 (cap loot=20000 < min=50000)
[09:51:02] attack: skip 1:3:4 (cap loot=20000 < min=50000)
[09:51:02] attack: skip 1:3:5 (cap loot=20000 < min=50000)
[09:51:02] attack: skip 1:3:11 (cap loot=20000 < min=50000)
[09:51:02] attack: skip 1:3:12 (cap loot=20000 < min=50000)
[09:51:02] attack: skip 1:3:13 (cap loot=20000 < min=50000)
[09:51:02] attack: skip 1:4:3 (cap loot=20000 < min=50000)
[09:51:02] attack: skip 1:3:6 (cap loot=20000 < min=50000)
[09:51:02] attack: skip 1:3:8 (cap loot=20000 < min=50000)
[09:51:02] attack: skip 1:3:10 (cap loot=20000 < min=50000)
[09:51:02] attack: skip 1:4:4 (cap loot=20000 < min=50000)
[09:51:02] attack: skip 1:4:6 (cap loot=20000 < min=50000)
[09:51:02] attack: skip 1:4:8 (cap loot=20000 < min=50000)
[09:51:02] attack: skip 1:4:10 (cap loot=20000 < min=50000)
[09:51:02] attack: skip 1:4:12 (cap loot=20000 < min=50000)
[09:51:02] attack: skip 1:5:4 (cap loot=20000 < min=50000)
[09:51:02] attack: skip 1:5:6 (cap loot=20000 < min=50000)
[09:51:02] attack: skip 1:5:8 (cap loot=20000 < min=50000)
[09:51:02] attack: skip 1:5:10 (cap loot=20000 < min=50000)
[09:51:02] attack: skip 1:5:12 (cap loot=20000 < min=50000)
[09:51:02] attack: skip 1:6:4 (cap loot=20000 < min=50000)
[09:51:02] attack: skip 1:6:6 (cap loot=20000 < min=50000)
[09:51:02] attack: skip 1:6:8 (cap loot=20000 < min=50000)
[09:51:02] attack: skip 1:6:10 (cap loot=20000 < min=50000)
[09:51:02] attack: skip 1:6:12 (cap loot=20000 < min=50000)
[09:51:02] attack: skip 1:7:4 (cap loot=20000 < min=50000)
[09:51:02] attack: skip 1:7:6 (cap loot=20000 < min=50000)
[09:51:02] attack: skip 1:7:8 (cap loot=20000 < min=50000)
[09:51:02] attack: skip 1:7:10 (cap loot=20000 < min=50000)
[09:51:02] attack: idle candidates=46 fresh_intel=46 no_spy_src=0 no_atk_src=0 raidmix_fail=0 cooldown_spy=0
[09:51:02] research: blocked research_energy_technology (building_laboratory 0/1)
[2026-05-11 09:51:42] ==== loop 17/∞ | seed=700949671613944981 archetype=turtle personality=flotero focus=eco actions_per_loop=4 ====
[09:51:44] planet 28: building queue full (5)
[09:51:44] planet 28: building queue full (5)
[09:51:44] planet 28: building queue full (5)
[09:51:44] planet 28: building queue full (5)
[09:51:44] attack: skip 1:2:1 (cap loot=20000 < min=50000)
[09:51:44] attack: skip 1:2:2 (cap loot=20000 < min=50000)
[09:51:44] attack: skip 1:2:3 (cap loot=20000 < min=50000)
[09:51:44] attack: skip 1:2:4 (cap loot=20000 < min=50000)
[09:51:44] attack: skip 1:2:5 (cap loot=20000 < min=50000)
[09:51:44] attack: skip 1:2:6 (cap loot=20000 < min=50000)
[09:51:44] attack: skip 1:2:7 (cap loot=20000 < min=50000)
[09:51:44] attack: skip 1:2:8 (cap loot=20000 < min=50000)
[09:51:44] attack: skip 1:2:9 (cap loot=20000 < min=50000)
[09:51:44] attack: skip 1:2:10 (cap loot=20000 < min=50000)
[09:51:44] attack: skip 1:2:11 (cap loot=20000 < min=50000)
[09:51:44] attack: skip 1:2:12 (cap loot=20000 < min=50000)
[09:51:44] attack: skip 1:2:13 (cap loot=20000 < min=50000)
[09:51:44] attack: skip 1:2:14 (cap loot=20000 < min=50000)
[09:51:44] attack: skip 1:2:15 (cap loot=20000 < min=50000)
[09:51:44] attack: skip 1:3:1 (cap loot=20000 < min=50000)
[09:51:44] attack: skip 1:3:2 (cap loot=20000 < min=50000)
[09:51:44] attack: skip 1:3:3 (cap loot=20000 < min=50000)
[09:51:44] attack: skip 1:3:4 (cap loot=20000 < min=50000)
[09:51:44] attack: skip 1:3:5 (cap loot=20000 < min=50000)
[09:51:44] attack: skip 1:3:11 (cap loot=20000 < min=50000)
[09:51:44] attack: skip 1:3:12 (cap loot=20000 < min=50000)
[09:51:44] attack: skip 1:3:13 (cap loot=20000 < min=50000)
[09:51:44] attack: skip 1:4:3 (cap loot=20000 < min=50000)
[09:51:44] attack: skip 1:3:6 (cap loot=20000 < min=50000)
[09:51:44] attack: skip 1:3:8 (cap loot=20000 < min=50000)
[09:51:44] attack: skip 1:3:10 (cap loot=20000 < min=50000)
[09:51:44] attack: skip 1:4:4 (cap loot=20000 < min=50000)
[09:51:44] attack: skip 1:4:6 (cap loot=20000 < min=50000)
[09:51:44] attack: skip 1:4:8 (cap loot=20000 < min=50000)
[09:51:44] attack: skip 1:4:10 (cap loot=20000 < min=50000)
[09:51:44] attack: skip 1:4:12 (cap loot=20000 < min=50000)
[09:51:44] attack: skip 1:5:4 (cap loot=20000 < min=50000)
[09:51:44] attack: skip 1:5:6 (cap loot=20000 < min=50000)
[09:51:44] attack: skip 1:5:8 (cap loot=20000 < min=50000)
[09:51:44] attack: skip 1:5:10 (cap loot=20000 < min=50000)
[09:51:44] attack: skip 1:5:12 (cap loot=20000 < min=50000)
[09:51:44] attack: skip 1:6:4 (cap loot=20000 < min=50000)
[09:51:44] attack: skip 1:6:6 (cap loot=20000 < min=50000)
[09:51:44] attack: skip 1:6:8 (cap loot=20000 < min=50000)
[09:51:44] attack: skip 1:6:10 (cap loot=20000 < min=50000)
[09:51:44] attack: skip 1:6:12 (cap loot=20000 < min=50000)
[09:51:44] attack: skip 1:7:4 (cap loot=20000 < min=50000)
[09:51:44] attack: skip 1:7:6 (cap loot=20000 < min=50000)
[09:51:44] attack: skip 1:7:8 (cap loot=20000 < min=50000)
[09:51:44] attack: skip 1:7:10 (cap loot=20000 < min=50000)
[09:51:44] attack: idle candidates=46 fresh_intel=46 no_spy_src=0 no_atk_src=0 raidmix_fail=0 cooldown_spy=0
[09:51:44] research: blocked research_energy_technology (building_laboratory 0/1)
[2026-05-11 09:52:22] ==== loop 18/∞ | seed=700949671613944981 archetype=turtle personality=flotero focus=eco actions_per_loop=4 ====
[09:52:25] planet 28: building queue full (5)
[09:52:25] planet 28: building queue full (5)
[09:52:25] planet 28: building queue full (5)
[09:52:25] planet 28: building queue full (5)
[09:52:25] attack: skip 1:2:1 (cap loot=20000 < min=50000)
[09:52:25] attack: skip 1:2:2 (cap loot=20000 < min=50000)
[09:52:25] attack: skip 1:2:3 (cap loot=20000 < min=50000)
[09:52:25] attack: skip 1:2:4 (cap loot=20000 < min=50000)
[09:52:25] attack: skip 1:2:5 (cap loot=20000 < min=50000)
[09:52:25] attack: skip 1:2:6 (cap loot=20000 < min=50000)
[09:52:25] attack: skip 1:2:7 (cap loot=20000 < min=50000)
[09:52:25] attack: skip 1:2:8 (cap loot=20000 < min=50000)
[09:52:25] attack: skip 1:2:9 (cap loot=20000 < min=50000)
[09:52:25] attack: skip 1:2:10 (cap loot=20000 < min=50000)
[09:52:25] attack: skip 1:2:11 (cap loot=20000 < min=50000)
[09:52:25] attack: skip 1:2:12 (cap loot=20000 < min=50000)
[09:52:25] attack: skip 1:2:13 (cap loot=20000 < min=50000)
[09:52:25] attack: skip 1:2:14 (cap loot=20000 < min=50000)
[09:52:25] attack: skip 1:2:15 (cap loot=20000 < min=50000)
[09:52:25] attack: skip 1:3:1 (cap loot=20000 < min=50000)
[09:52:25] attack: skip 1:3:2 (cap loot=20000 < min=50000)
[09:52:25] attack: skip 1:3:3 (cap loot=20000 < min=50000)
[09:52:25] attack: skip 1:3:4 (cap loot=20000 < min=50000)
[09:52:25] attack: skip 1:3:5 (cap loot=20000 < min=50000)
[09:52:25] attack: skip 1:3:11 (cap loot=20000 < min=50000)
[09:52:25] attack: skip 1:3:12 (cap loot=20000 < min=50000)
[09:52:25] attack: skip 1:3:13 (cap loot=20000 < min=50000)
[09:52:25] attack: skip 1:4:3 (cap loot=20000 < min=50000)
[09:52:25] attack: skip 1:3:6 (cap loot=20000 < min=50000)
[09:52:25] attack: skip 1:3:8 (cap loot=20000 < min=50000)
[09:52:25] attack: skip 1:3:10 (cap loot=20000 < min=50000)
[09:52:25] attack: skip 1:4:4 (cap loot=20000 < min=50000)
[09:52:25] attack: skip 1:4:6 (cap loot=20000 < min=50000)
[09:52:25] attack: skip 1:4:8 (cap loot=20000 < min=50000)
[09:52:25] attack: skip 1:4:10 (cap loot=20000 < min=50000)
[09:52:25] attack: skip 1:4:12 (cap loot=20000 < min=50000)
[09:52:25] attack: skip 1:5:4 (cap loot=20000 < min=50000)
[09:52:25] attack: skip 1:5:6 (cap loot=20000 < min=50000)
[09:52:25] attack: skip 1:5:8 (cap loot=20000 < min=50000)
[09:52:25] attack: skip 1:5:10 (cap loot=20000 < min=50000)
[09:52:25] attack: skip 1:5:12 (cap loot=20000 < min=50000)
[09:52:25] attack: skip 1:6:4 (cap loot=20000 < min=50000)
[09:52:25] attack: skip 1:6:6 (cap loot=20000 < min=50000)
[09:52:25] attack: skip 1:6:8 (cap loot=20000 < min=50000)
[09:52:25] attack: skip 1:6:10 (cap loot=20000 < min=50000)
[09:52:25] attack: skip 1:6:12 (cap loot=20000 < min=50000)
[09:52:25] attack: skip 1:7:4 (cap loot=20000 < min=50000)
[09:52:25] attack: skip 1:7:6 (cap loot=20000 < min=50000)
[09:52:25] attack: skip 1:7:8 (cap loot=20000 < min=50000)
[09:52:25] attack: skip 1:7:10 (cap loot=20000 < min=50000)
[09:52:25] attack: idle candidates=46 fresh_intel=46 no_spy_src=0 no_atk_src=0 raidmix_fail=0 cooldown_spy=0
[2026-05-11 09:53:03] ==== loop 19/∞ | seed=700949671613944981 archetype=turtle personality=flotero focus=eco actions_per_loop=4 ====
[09:53:06] planet 28: building queue full (5)
[09:53:06] planet 28: building queue full (5)
[09:53:06] planet 28: building queue full (5)
[09:53:06] attack: skip 1:2:1 (cap loot=20000 < min=50000)
[09:53:06] attack: skip 1:2:2 (cap loot=20000 < min=50000)
[09:53:06] attack: skip 1:2:3 (cap loot=20000 < min=50000)
[09:53:06] attack: skip 1:2:4 (cap loot=20000 < min=50000)
[09:53:06] attack: skip 1:2:5 (cap loot=20000 < min=50000)
[09:53:06] attack: skip 1:2:6 (cap loot=20000 < min=50000)
[09:53:06] attack: skip 1:2:7 (cap loot=20000 < min=50000)
[09:53:06] attack: skip 1:2:8 (cap loot=20000 < min=50000)
[09:53:06] attack: skip 1:2:9 (cap loot=20000 < min=50000)
[09:53:06] attack: skip 1:2:10 (cap loot=20000 < min=50000)
[09:53:06] attack: skip 1:2:11 (cap loot=20000 < min=50000)
[09:53:06] attack: skip 1:2:12 (cap loot=20000 < min=50000)
[09:53:06] attack: skip 1:2:13 (cap loot=20000 < min=50000)
[09:53:06] attack: skip 1:2:14 (cap loot=20000 < min=50000)
[09:53:06] attack: skip 1:2:15 (cap loot=20000 < min=50000)
[09:53:06] attack: skip 1:3:1 (cap loot=20000 < min=50000)
[09:53:06] attack: skip 1:3:2 (cap loot=20000 < min=50000)
[09:53:06] attack: skip 1:3:3 (cap loot=20000 < min=50000)
[09:53:06] attack: skip 1:3:4 (cap loot=20000 < min=50000)
[09:53:06] attack: skip 1:3:5 (cap loot=20000 < min=50000)
[09:53:06] attack: skip 1:3:11 (cap loot=20000 < min=50000)
[09:53:06] attack: skip 1:3:12 (cap loot=20000 < min=50000)
[09:53:06] attack: skip 1:3:13 (cap loot=20000 < min=50000)
[09:53:06] attack: skip 1:4:3 (cap loot=20000 < min=50000)
[09:53:06] attack: skip 1:3:6 (cap loot=20000 < min=50000)
[09:53:06] attack: skip 1:3:8 (cap loot=20000 < min=50000)
[09:53:06] attack: skip 1:3:10 (cap loot=20000 < min=50000)
[09:53:06] attack: skip 1:4:4 (cap loot=20000 < min=50000)
[09:53:06] attack: skip 1:4:6 (cap loot=20000 < min=50000)
[09:53:06] attack: skip 1:4:8 (cap loot=20000 < min=50000)
[09:53:06] attack: skip 1:4:10 (cap loot=20000 < min=50000)
[09:53:06] attack: skip 1:4:12 (cap loot=20000 < min=50000)
[09:53:06] attack: skip 1:5:4 (cap loot=20000 < min=50000)
[09:53:06] attack: skip 1:5:6 (cap loot=20000 < min=50000)
[09:53:06] attack: skip 1:5:8 (cap loot=20000 < min=50000)
[09:53:06] attack: skip 1:5:10 (cap loot=20000 < min=50000)
[09:53:06] attack: skip 1:5:12 (cap loot=20000 < min=50000)
[09:53:06] attack: skip 1:6:4 (cap loot=20000 < min=50000)
[09:53:06] attack: skip 1:6:6 (cap loot=20000 < min=50000)
[09:53:06] attack: skip 1:6:8 (cap loot=20000 < min=50000)
[09:53:06] attack: skip 1:6:10 (cap loot=20000 < min=50000)
[09:53:06] attack: skip 1:6:12 (cap loot=20000 < min=50000)
[09:53:06] attack: skip 1:7:4 (cap loot=20000 < min=50000)
[09:53:06] attack: skip 1:7:6 (cap loot=20000 < min=50000)
[09:53:06] attack: skip 1:7:8 (cap loot=20000 < min=50000)
[09:53:06] attack: skip 1:7:10 (cap loot=20000 < min=50000)
[09:53:06] attack: idle candidates=46 fresh_intel=46 no_spy_src=0 no_atk_src=0 raidmix_fail=0 cooldown_spy=0
[2026-05-11 09:53:45] ==== loop 20/∞ | seed=700949671613944981 archetype=turtle personality=flotero focus=eco actions_per_loop=4 ====
[09:53:47] planet 28: building queue full (5)
[09:53:47] planet 28: building queue full (5)
[09:53:47] planet 28: building queue full (5)
[09:53:47] planet 28: building queue full (5)
[09:53:47] attack: skip 1:2:1 (cap loot=20000 < min=50000)
[09:53:47] attack: skip 1:2:2 (cap loot=20000 < min=50000)
[09:53:47] attack: skip 1:2:3 (cap loot=20000 < min=50000)
[09:53:47] attack: skip 1:2:4 (cap loot=20000 < min=50000)
[09:53:47] attack: skip 1:2:5 (cap loot=20000 < min=50000)
[09:53:47] attack: skip 1:2:6 (cap loot=20000 < min=50000)
[09:53:47] attack: skip 1:2:7 (cap loot=20000 < min=50000)
[09:53:47] attack: skip 1:2:8 (cap loot=20000 < min=50000)
[09:53:47] attack: skip 1:2:9 (cap loot=20000 < min=50000)
[09:53:47] attack: skip 1:2:10 (cap loot=20000 < min=50000)
[09:53:47] attack: skip 1:2:11 (cap loot=20000 < min=50000)
[09:53:47] attack: skip 1:2:12 (cap loot=20000 < min=50000)
[09:53:47] attack: skip 1:2:13 (cap loot=20000 < min=50000)
[09:53:47] attack: skip 1:2:14 (cap loot=20000 < min=50000)
[09:53:47] attack: skip 1:2:15 (cap loot=20000 < min=50000)
[09:53:47] attack: skip 1:3:1 (cap loot=20000 < min=50000)
[09:53:47] attack: skip 1:3:2 (cap loot=20000 < min=50000)
[09:53:47] attack: skip 1:3:3 (cap loot=20000 < min=50000)
[09:53:47] attack: skip 1:3:4 (cap loot=20000 < min=50000)
[09:53:47] attack: skip 1:3:5 (cap loot=20000 < min=50000)
[09:53:47] attack: skip 1:3:11 (cap loot=20000 < min=50000)
[09:53:47] attack: skip 1:3:12 (cap loot=20000 < min=50000)
[09:53:47] attack: skip 1:3:13 (cap loot=20000 < min=50000)
[09:53:47] attack: skip 1:4:3 (cap loot=20000 < min=50000)
[09:53:47] attack: skip 1:3:6 (cap loot=20000 < min=50000)
[09:53:47] attack: skip 1:3:8 (cap loot=20000 < min=50000)
[09:53:47] attack: skip 1:3:10 (cap loot=20000 < min=50000)
[09:53:47] attack: skip 1:4:4 (cap loot=20000 < min=50000)
[09:53:47] attack: skip 1:4:6 (cap loot=20000 < min=50000)
[09:53:47] attack: skip 1:4:8 (cap loot=20000 < min=50000)
[09:53:47] attack: skip 1:4:10 (cap loot=20000 < min=50000)
[09:53:47] attack: skip 1:4:12 (cap loot=20000 < min=50000)
[09:53:47] attack: skip 1:5:4 (cap loot=20000 < min=50000)
[09:53:47] attack: skip 1:5:6 (cap loot=20000 < min=50000)
[09:53:47] attack: skip 1:5:8 (cap loot=20000 < min=50000)
[09:53:47] attack: skip 1:5:10 (cap loot=20000 < min=50000)
[09:53:47] attack: skip 1:5:12 (cap loot=20000 < min=50000)
[09:53:47] attack: skip 1:6:4 (cap loot=20000 < min=50000)
[09:53:47] attack: skip 1:6:6 (cap loot=20000 < min=50000)
[09:53:47] attack: skip 1:6:8 (cap loot=20000 < min=50000)
[09:53:47] attack: skip 1:6:10 (cap loot=20000 < min=50000)
[09:53:47] attack: skip 1:6:12 (cap loot=20000 < min=50000)
[09:53:47] attack: skip 1:7:4 (cap loot=20000 < min=50000)
[09:53:47] attack: skip 1:7:6 (cap loot=20000 < min=50000)
[09:53:47] attack: skip 1:7:8 (cap loot=20000 < min=50000)
[09:53:47] attack: skip 1:7:10 (cap loot=20000 < min=50000)
[09:53:47] attack: idle candidates=46 fresh_intel=46 no_spy_src=0 no_atk_src=0 raidmix_fail=0 cooldown_spy=0
[09:53:47] research: blocked research_energy_technology (building_laboratory 0/1)
[2026-05-11 09:54:27] ==== loop 21/∞ | seed=700949671613944981 archetype=turtle personality=flotero focus=eco actions_per_loop=4 ====
[09:54:30] planet 28: building queue full (5)
[09:54:30] planet 28: building queue full (5)
[09:54:30] planet 28: building queue full (5)
[09:54:30] planet 28: building queue full (5)
[09:54:30] attack: skip 1:2:1 (cap loot=20000 < min=50000)
[09:54:30] attack: skip 1:2:2 (cap loot=20000 < min=50000)
[09:54:30] attack: skip 1:2:3 (cap loot=20000 < min=50000)
[09:54:30] attack: skip 1:2:4 (cap loot=20000 < min=50000)
[09:54:30] attack: skip 1:2:5 (cap loot=20000 < min=50000)
[09:54:30] attack: skip 1:2:6 (cap loot=20000 < min=50000)
[09:54:30] attack: skip 1:2:7 (cap loot=20000 < min=50000)
[09:54:30] attack: skip 1:2:8 (cap loot=20000 < min=50000)
[09:54:30] attack: skip 1:2:9 (cap loot=20000 < min=50000)
[09:54:30] attack: skip 1:2:10 (cap loot=20000 < min=50000)
[09:54:30] attack: skip 1:2:11 (cap loot=20000 < min=50000)
[09:54:30] attack: skip 1:2:12 (cap loot=20000 < min=50000)
[09:54:30] attack: skip 1:2:13 (cap loot=20000 < min=50000)
[09:54:30] attack: skip 1:2:14 (cap loot=20000 < min=50000)
[09:54:30] attack: skip 1:2:15 (cap loot=20000 < min=50000)
[09:54:30] attack: skip 1:3:1 (cap loot=20000 < min=50000)
[09:54:30] attack: skip 1:3:2 (cap loot=20000 < min=50000)
[09:54:30] attack: skip 1:3:3 (cap loot=20000 < min=50000)
[09:54:30] attack: skip 1:3:4 (cap loot=20000 < min=50000)
[09:54:30] attack: skip 1:3:5 (cap loot=20000 < min=50000)
[09:54:30] attack: skip 1:3:11 (cap loot=20000 < min=50000)
[09:54:30] attack: skip 1:3:12 (cap loot=20000 < min=50000)
[09:54:30] attack: skip 1:3:13 (cap loot=20000 < min=50000)
[09:54:30] attack: skip 1:4:3 (cap loot=20000 < min=50000)
[09:54:30] attack: skip 1:3:6 (cap loot=20000 < min=50000)
[09:54:30] attack: skip 1:3:8 (cap loot=20000 < min=50000)
[09:54:30] attack: skip 1:3:10 (cap loot=20000 < min=50000)
[09:54:30] attack: skip 1:4:4 (cap loot=20000 < min=50000)
[09:54:30] attack: skip 1:4:6 (cap loot=20000 < min=50000)
[09:54:30] attack: skip 1:4:8 (cap loot=20000 < min=50000)
[09:54:30] attack: skip 1:4:10 (cap loot=20000 < min=50000)
[09:54:30] attack: skip 1:4:12 (cap loot=20000 < min=50000)
[09:54:30] attack: skip 1:5:4 (cap loot=20000 < min=50000)
[09:54:30] attack: skip 1:5:6 (cap loot=20000 < min=50000)
[09:54:30] attack: skip 1:5:8 (cap loot=20000 < min=50000)
[09:54:30] attack: skip 1:5:10 (cap loot=20000 < min=50000)
[09:54:30] attack: skip 1:5:12 (cap loot=20000 < min=50000)
[09:54:30] attack: skip 1:6:4 (cap loot=20000 < min=50000)
[09:54:30] attack: skip 1:6:6 (cap loot=20000 < min=50000)
[09:54:30] attack: skip 1:6:8 (cap loot=20000 < min=50000)
[09:54:30] attack: skip 1:6:10 (cap loot=20000 < min=50000)
[09:54:30] attack: skip 1:6:12 (cap loot=20000 < min=50000)
[09:54:30] attack: skip 1:7:4 (cap loot=20000 < min=50000)
[09:54:30] attack: skip 1:7:6 (cap loot=20000 < min=50000)
[09:54:30] attack: skip 1:7:8 (cap loot=20000 < min=50000)
[09:54:30] attack: skip 1:7:10 (cap loot=20000 < min=50000)
[09:54:30] attack: idle candidates=46 fresh_intel=46 no_spy_src=0 no_atk_src=0 raidmix_fail=0 cooldown_spy=0
[09:54:30] research: blocked research_energy_technology (building_laboratory 0/1)
[2026-05-11 09:55:11] ==== loop 22/∞ | seed=700949671613944981 archetype=turtle personality=flotero focus=eco actions_per_loop=4 ====
[09:55:12] planet 28: building queue full (5)
[09:55:12] planet 28: building queue full (5)
[09:55:12] planet 28: building queue full (5)
[09:55:12] attack: skip 1:2:1 (cap loot=20000 < min=50000)
[09:55:12] attack: skip 1:2:2 (cap loot=20000 < min=50000)
[09:55:12] attack: skip 1:2:3 (cap loot=20000 < min=50000)
[09:55:12] attack: skip 1:2:4 (cap loot=20000 < min=50000)
[09:55:12] attack: skip 1:2:5 (cap loot=20000 < min=50000)
[09:55:12] attack: skip 1:2:6 (cap loot=20000 < min=50000)
[09:55:12] attack: skip 1:2:7 (cap loot=20000 < min=50000)
[09:55:12] attack: skip 1:2:8 (cap loot=20000 < min=50000)
[09:55:12] attack: skip 1:2:9 (cap loot=20000 < min=50000)
[09:55:12] attack: skip 1:2:10 (cap loot=20000 < min=50000)
[09:55:12] attack: skip 1:2:11 (cap loot=20000 < min=50000)
[09:55:12] attack: skip 1:2:12 (cap loot=20000 < min=50000)
[09:55:12] attack: skip 1:2:13 (cap loot=20000 < min=50000)
[09:55:12] attack: skip 1:2:14 (cap loot=20000 < min=50000)
[09:55:12] attack: skip 1:2:15 (cap loot=20000 < min=50000)
[09:55:12] attack: skip 1:3:1 (cap loot=20000 < min=50000)
[09:55:12] attack: skip 1:3:2 (cap loot=20000 < min=50000)
[09:55:12] attack: skip 1:3:3 (cap loot=20000 < min=50000)
[09:55:12] attack: skip 1:3:4 (cap loot=20000 < min=50000)
[09:55:12] attack: skip 1:3:5 (cap loot=20000 < min=50000)
[09:55:12] attack: skip 1:3:11 (cap loot=20000 < min=50000)
[09:55:12] attack: skip 1:3:12 (cap loot=20000 < min=50000)
[09:55:12] attack: skip 1:3:13 (cap loot=20000 < min=50000)
[09:55:12] attack: skip 1:4:3 (cap loot=20000 < min=50000)
[09:55:12] attack: skip 1:3:6 (cap loot=20000 < min=50000)
[09:55:12] attack: skip 1:3:8 (cap loot=20000 < min=50000)
[09:55:12] attack: skip 1:3:10 (cap loot=20000 < min=50000)
[09:55:12] attack: skip 1:4:4 (cap loot=20000 < min=50000)
[09:55:12] attack: skip 1:4:6 (cap loot=20000 < min=50000)
[09:55:12] attack: skip 1:4:8 (cap loot=20000 < min=50000)
[09:55:12] attack: skip 1:4:10 (cap loot=20000 < min=50000)
[09:55:12] attack: skip 1:4:12 (cap loot=20000 < min=50000)
[09:55:12] attack: skip 1:5:4 (cap loot=20000 < min=50000)
[09:55:12] attack: skip 1:5:6 (cap loot=20000 < min=50000)
[09:55:12] attack: skip 1:5:8 (cap loot=20000 < min=50000)
[09:55:12] attack: skip 1:5:10 (cap loot=20000 < min=50000)
[09:55:12] attack: skip 1:5:12 (cap loot=20000 < min=50000)
[09:55:12] attack: skip 1:6:4 (cap loot=20000 < min=50000)
[09:55:12] attack: skip 1:6:6 (cap loot=20000 < min=50000)
[09:55:12] attack: skip 1:6:8 (cap loot=20000 < min=50000)
[09:55:12] attack: skip 1:6:10 (cap loot=20000 < min=50000)
[09:55:12] attack: skip 1:6:12 (cap loot=20000 < min=50000)
[09:55:12] attack: skip 1:7:4 (cap loot=20000 < min=50000)
[09:55:12] attack: skip 1:7:6 (cap loot=20000 < min=50000)
[09:55:12] attack: skip 1:7:8 (cap loot=20000 < min=50000)
[09:55:12] attack: skip 1:7:10 (cap loot=20000 < min=50000)
[09:55:12] attack: idle candidates=46 fresh_intel=46 no_spy_src=0 no_atk_src=0 raidmix_fail=0 cooldown_spy=0
[09:55:12] research: blocked research_energy_technology (building_laboratory 0/1)
[2026-05-11 09:55:51] ==== loop 23/∞ | seed=700949671613944981 archetype=turtle personality=flotero focus=eco actions_per_loop=4 ====
[09:55:53] planet 28: building queue full (5)
[09:55:53] planet 28: building queue full (5)
[09:55:53] planet 28: building queue full (5)
[09:55:53] planet 28: building queue full (5)
[09:55:53] attack: skip 1:2:1 (cap loot=20000 < min=50000)
[09:55:53] attack: skip 1:2:2 (cap loot=20000 < min=50000)
[09:55:53] attack: skip 1:2:3 (cap loot=20000 < min=50000)
[09:55:53] attack: skip 1:2:4 (cap loot=20000 < min=50000)
[09:55:53] attack: skip 1:2:5 (cap loot=20000 < min=50000)
[09:55:53] attack: skip 1:2:6 (cap loot=20000 < min=50000)
[09:55:53] attack: skip 1:2:7 (cap loot=20000 < min=50000)
[09:55:53] attack: skip 1:2:8 (cap loot=20000 < min=50000)
[09:55:53] attack: skip 1:2:9 (cap loot=20000 < min=50000)
[09:55:53] attack: skip 1:2:10 (cap loot=20000 < min=50000)
[09:55:53] attack: skip 1:2:11 (cap loot=20000 < min=50000)
[09:55:53] attack: skip 1:2:12 (cap loot=20000 < min=50000)
[09:55:53] attack: skip 1:2:13 (cap loot=20000 < min=50000)
[09:55:53] attack: skip 1:2:14 (cap loot=20000 < min=50000)
[09:55:53] attack: skip 1:2:15 (cap loot=20000 < min=50000)
[09:55:53] attack: skip 1:3:1 (cap loot=20000 < min=50000)
[09:55:53] attack: skip 1:3:2 (cap loot=20000 < min=50000)
[09:55:53] attack: skip 1:3:3 (cap loot=20000 < min=50000)
[09:55:53] attack: skip 1:3:4 (cap loot=20000 < min=50000)
[09:55:53] attack: skip 1:3:5 (cap loot=20000 < min=50000)
[09:55:53] attack: skip 1:3:11 (cap loot=20000 < min=50000)
[09:55:53] attack: skip 1:3:12 (cap loot=20000 < min=50000)
[09:55:53] attack: skip 1:3:13 (cap loot=20000 < min=50000)
[09:55:53] attack: skip 1:4:3 (cap loot=20000 < min=50000)
[09:55:53] attack: skip 1:3:6 (cap loot=20000 < min=50000)
[09:55:53] attack: skip 1:3:8 (cap loot=20000 < min=50000)
[09:55:53] attack: skip 1:3:10 (cap loot=20000 < min=50000)
[09:55:53] attack: skip 1:4:4 (cap loot=20000 < min=50000)
[09:55:53] attack: skip 1:4:6 (cap loot=20000 < min=50000)
[09:55:53] attack: skip 1:4:8 (cap loot=20000 < min=50000)
[09:55:53] attack: skip 1:4:10 (cap loot=20000 < min=50000)
[09:55:53] attack: skip 1:4:12 (cap loot=20000 < min=50000)
[09:55:53] attack: skip 1:5:4 (cap loot=20000 < min=50000)
[09:55:53] attack: skip 1:5:6 (cap loot=20000 < min=50000)
[09:55:53] attack: skip 1:5:8 (cap loot=20000 < min=50000)
[09:55:53] attack: skip 1:5:10 (cap loot=20000 < min=50000)
[09:55:53] attack: skip 1:5:12 (cap loot=20000 < min=50000)
[09:55:53] attack: skip 1:6:4 (cap loot=20000 < min=50000)
[09:55:53] attack: skip 1:6:6 (cap loot=20000 < min=50000)
[09:55:53] attack: skip 1:6:8 (cap loot=20000 < min=50000)
[09:55:53] attack: skip 1:6:10 (cap loot=20000 < min=50000)
[09:55:53] attack: skip 1:6:12 (cap loot=20000 < min=50000)
[09:55:53] attack: skip 1:7:4 (cap loot=20000 < min=50000)
[09:55:53] attack: skip 1:7:6 (cap loot=20000 < min=50000)
[09:55:53] attack: skip 1:7:8 (cap loot=20000 < min=50000)
[09:55:53] attack: skip 1:7:10 (cap loot=20000 < min=50000)
[09:55:53] attack: idle candidates=46 fresh_intel=46 no_spy_src=0 no_atk_src=0 raidmix_fail=0 cooldown_spy=0
[09:55:53] research: blocked research_energy_technology (building_laboratory 0/1)
[2026-05-11 09:56:30] ==== loop 24/∞ | seed=700949671613944981 archetype=turtle personality=flotero focus=eco actions_per_loop=4 ====
[09:56:31] planet 28: building queue full (5)
[09:56:31] planet 28: building queue full (5)
[09:56:31] planet 28: building queue full (5)
[09:56:31] planet 28: building queue full (5)
[09:56:31] attack: skip 1:2:1 (cap loot=20000 < min=50000)
[09:56:31] attack: skip 1:2:2 (cap loot=20000 < min=50000)
[09:56:31] attack: skip 1:2:3 (cap loot=20000 < min=50000)
[09:56:31] attack: skip 1:2:4 (cap loot=20000 < min=50000)
[09:56:31] attack: skip 1:2:5 (cap loot=20000 < min=50000)
[09:56:31] attack: skip 1:2:6 (cap loot=20000 < min=50000)
[09:56:31] attack: skip 1:2:7 (cap loot=20000 < min=50000)
[09:56:31] attack: skip 1:2:8 (cap loot=20000 < min=50000)
[09:56:31] attack: skip 1:2:9 (cap loot=20000 < min=50000)
[09:56:31] attack: skip 1:2:10 (cap loot=20000 < min=50000)
[09:56:31] attack: skip 1:2:11 (cap loot=20000 < min=50000)
[09:56:31] attack: skip 1:2:12 (cap loot=20000 < min=50000)
[09:56:31] attack: skip 1:2:13 (cap loot=20000 < min=50000)
[09:56:31] attack: skip 1:2:14 (cap loot=20000 < min=50000)
[09:56:31] attack: skip 1:2:15 (cap loot=20000 < min=50000)
[09:56:31] attack: skip 1:3:1 (cap loot=20000 < min=50000)
[09:56:31] attack: skip 1:3:2 (cap loot=20000 < min=50000)
[09:56:31] attack: skip 1:3:3 (cap loot=20000 < min=50000)
[09:56:31] attack: skip 1:3:4 (cap loot=20000 < min=50000)
[09:56:31] attack: skip 1:3:5 (cap loot=20000 < min=50000)
[09:56:31] attack: skip 1:3:11 (cap loot=20000 < min=50000)
[09:56:31] attack: skip 1:3:12 (cap loot=20000 < min=50000)
[09:56:31] attack: skip 1:3:13 (cap loot=20000 < min=50000)
[09:56:31] attack: skip 1:4:3 (cap loot=20000 < min=50000)
[09:56:31] attack: skip 1:3:6 (cap loot=20000 < min=50000)
[09:56:31] attack: skip 1:3:8 (cap loot=20000 < min=50000)
[09:56:31] attack: skip 1:3:10 (cap loot=20000 < min=50000)
[09:56:31] attack: skip 1:4:4 (cap loot=20000 < min=50000)
[09:56:31] attack: skip 1:4:6 (cap loot=20000 < min=50000)
[09:56:31] attack: skip 1:4:8 (cap loot=20000 < min=50000)
[09:56:31] attack: skip 1:4:10 (cap loot=20000 < min=50000)
[09:56:31] attack: skip 1:4:12 (cap loot=20000 < min=50000)
[09:56:31] attack: skip 1:5:4 (cap loot=20000 < min=50000)
[09:56:31] attack: skip 1:5:6 (cap loot=20000 < min=50000)
[09:56:31] attack: skip 1:5:8 (cap loot=20000 < min=50000)
[09:56:31] attack: skip 1:5:10 (cap loot=20000 < min=50000)
[09:56:31] attack: skip 1:5:12 (cap loot=20000 < min=50000)
[09:56:31] attack: skip 1:6:4 (cap loot=20000 < min=50000)
[09:56:31] attack: skip 1:6:6 (cap loot=20000 < min=50000)
[09:56:31] attack: skip 1:6:8 (cap loot=20000 < min=50000)
[09:56:31] attack: skip 1:6:10 (cap loot=20000 < min=50000)
[09:56:31] attack: skip 1:6:12 (cap loot=20000 < min=50000)
[09:56:31] attack: skip 1:7:4 (cap loot=20000 < min=50000)
[09:56:31] attack: skip 1:7:6 (cap loot=20000 < min=50000)
[09:56:31] attack: skip 1:7:8 (cap loot=20000 < min=50000)
[09:56:31] attack: skip 1:7:10 (cap loot=20000 < min=50000)
[09:56:31] attack: idle candidates=46 fresh_intel=46 no_spy_src=0 no_atk_src=0 raidmix_fail=0 cooldown_spy=0
[09:56:31] research: blocked research_energy_technology (building_laboratory 0/1)
[2026-05-11 09:57:07] ==== loop 25/∞ | seed=700949671613944981 archetype=turtle personality=flotero focus=eco actions_per_loop=4 ====
[09:57:10] planet 28: building queue full (5)
[09:57:10] planet 28: building queue full (5)
[09:57:10] planet 28: building queue full (5)
[09:57:10] planet 28: building queue full (5)
[09:57:10] attack: spy 1:2:1 probes=4 eta=1s
[09:57:10] attack: spy 1:2:2 probes=4 eta=1s
[09:57:10] attack: spy 1:2:3 probes=4 eta=1s
[09:57:10] attack: spy 1:2:4 probes=4 eta=1s
[09:57:10] attack: skip 1:2:5 (cap loot=20000 < min=50000)
[09:57:10] attack: skip 1:2:6 (cap loot=20000 < min=50000)
[09:57:10] attack: skip 1:2:7 (cap loot=20000 < min=50000)
[09:57:10] attack: skip 1:2:8 (cap loot=20000 < min=50000)
[09:57:10] attack: skip 1:2:9 (cap loot=20000 < min=50000)
[09:57:10] attack: skip 1:2:10 (cap loot=20000 < min=50000)
[09:57:10] attack: skip 1:2:11 (cap loot=20000 < min=50000)
[09:57:10] attack: skip 1:2:12 (cap loot=20000 < min=50000)
[09:57:10] attack: skip 1:2:13 (cap loot=20000 < min=50000)
[09:57:10] attack: skip 1:2:14 (cap loot=20000 < min=50000)
[09:57:10] attack: skip 1:2:15 (cap loot=20000 < min=50000)
[09:57:10] attack: skip 1:3:1 (cap loot=20000 < min=50000)
[09:57:10] attack: skip 1:3:2 (cap loot=20000 < min=50000)
[09:57:10] attack: skip 1:3:3 (cap loot=20000 < min=50000)
[09:57:10] attack: skip 1:3:4 (cap loot=20000 < min=50000)
[09:57:10] attack: skip 1:3:5 (cap loot=20000 < min=50000)
[09:57:10] attack: skip 1:3:11 (cap loot=20000 < min=50000)
[09:57:10] attack: skip 1:3:12 (cap loot=20000 < min=50000)
[09:57:10] attack: skip 1:3:13 (cap loot=20000 < min=50000)
[09:57:10] attack: skip 1:4:3 (cap loot=20000 < min=50000)
[09:57:10] attack: skip 1:3:6 (cap loot=20000 < min=50000)
[09:57:10] attack: skip 1:3:8 (cap loot=20000 < min=50000)
[09:57:10] attack: skip 1:3:10 (cap loot=20000 < min=50000)
[09:57:10] attack: skip 1:4:4 (cap loot=20000 < min=50000)
[09:57:10] attack: skip 1:4:6 (cap loot=20000 < min=50000)
[09:57:10] attack: skip 1:4:8 (cap loot=20000 < min=50000)
[09:57:10] attack: skip 1:4:10 (cap loot=20000 < min=50000)
[09:57:10] attack: skip 1:4:12 (cap loot=20000 < min=50000)
[09:57:10] attack: skip 1:5:4 (cap loot=20000 < min=50000)
[09:57:10] attack: skip 1:5:6 (cap loot=20000 < min=50000)
[09:57:10] attack: skip 1:5:8 (cap loot=20000 < min=50000)
[09:57:10] attack: skip 1:5:10 (cap loot=20000 < min=50000)
[09:57:10] attack: skip 1:5:12 (cap loot=20000 < min=50000)
[09:57:10] attack: skip 1:6:4 (cap loot=20000 < min=50000)
[09:57:10] attack: skip 1:6:6 (cap loot=20000 < min=50000)
[09:57:10] attack: skip 1:6:8 (cap loot=20000 < min=50000)
[09:57:10] attack: skip 1:6:10 (cap loot=20000 < min=50000)
[09:57:10] attack: skip 1:6:12 (cap loot=20000 < min=50000)
[09:57:10] attack: skip 1:7:4 (cap loot=20000 < min=50000)
[09:57:10] attack: skip 1:7:6 (cap loot=20000 < min=50000)
[09:57:10] attack: skip 1:7:8 (cap loot=20000 < min=50000)
[09:57:10] attack: skip 1:7:10 (cap loot=20000 < min=50000)
[09:57:10] research: blocked research_energy_technology (building_laboratory 0/1)
[2026-05-11 09:57:47] ==== loop 26/∞ | seed=700949671613944981 archetype=turtle personality=flotero focus=eco actions_per_loop=4 ====
[09:57:50] planet 28: building queue full (5)
[09:57:50] planet 28: building queue full (5)
[09:57:50] planet 28: building queue full (5)
[09:57:50] attack: intel 1:2:1 ships=0 defs=0 res=5562881421
[09:57:50] attack: intel 1:2:2 ships=0 defs=0 res=5565313777
[09:57:50] attack: intel 1:2:3 ships=0 defs=0 res=5566842524
[09:57:50] attack: intel 1:2:4 ships=0 defs=0 res=5581337309
[09:57:50] attack: spy 1:2:5 probes=4 eta=1s
[09:57:50] attack: spy 1:2:6 probes=4 eta=1s
[09:57:50] attack: spy 1:2:7 probes=4 eta=1s
[09:57:50] attack: skip 1:2:9 (cap loot=20000 < min=50000)
[09:57:50] attack: skip 1:2:10 (cap loot=20000 < min=50000)
[09:57:50] attack: skip 1:2:11 (cap loot=20000 < min=50000)
[09:57:50] attack: skip 1:2:12 (cap loot=20000 < min=50000)
[09:57:50] attack: skip 1:2:13 (cap loot=20000 < min=50000)
[09:57:50] attack: skip 1:2:14 (cap loot=20000 < min=50000)
[09:57:50] attack: skip 1:2:15 (cap loot=20000 < min=50000)
[09:57:50] attack: skip 1:3:1 (cap loot=20000 < min=50000)
[09:57:50] attack: skip 1:3:2 (cap loot=20000 < min=50000)
[09:57:50] attack: skip 1:3:3 (cap loot=20000 < min=50000)
[09:57:50] attack: skip 1:3:4 (cap loot=20000 < min=50000)
[09:57:50] attack: skip 1:3:5 (cap loot=20000 < min=50000)
[09:57:50] attack: skip 1:3:11 (cap loot=20000 < min=50000)
[09:57:50] attack: skip 1:3:12 (cap loot=20000 < min=50000)
[09:57:50] attack: skip 1:3:13 (cap loot=20000 < min=50000)
[09:57:50] attack: skip 1:4:3 (cap loot=20000 < min=50000)
[09:57:50] attack: skip 1:3:6 (cap loot=20000 < min=50000)
[09:57:50] attack: skip 1:3:8 (cap loot=20000 < min=50000)
[09:57:50] attack: skip 1:3:10 (cap loot=20000 < min=50000)
[09:57:50] attack: skip 1:4:4 (cap loot=20000 < min=50000)
[09:57:50] attack: skip 1:4:6 (cap loot=20000 < min=50000)
[09:57:50] attack: skip 1:4:8 (cap loot=20000 < min=50000)
[09:57:50] attack: skip 1:4:10 (cap loot=20000 < min=50000)
[09:57:50] attack: skip 1:4:12 (cap loot=20000 < min=50000)
[09:57:50] attack: skip 1:5:4 (cap loot=20000 < min=50000)
[09:57:50] attack: skip 1:5:6 (cap loot=20000 < min=50000)
[09:57:50] attack: skip 1:5:8 (cap loot=20000 < min=50000)
[09:57:50] attack: skip 1:5:10 (cap loot=20000 < min=50000)
[09:57:50] attack: skip 1:5:12 (cap loot=20000 < min=50000)
[09:57:50] attack: skip 1:6:4 (cap loot=20000 < min=50000)
[09:57:50] attack: skip 1:6:6 (cap loot=20000 < min=50000)
[09:57:50] attack: skip 1:6:8 (cap loot=20000 < min=50000)
[09:57:50] attack: skip 1:6:10 (cap loot=20000 < min=50000)
[09:57:50] attack: skip 1:6:12 (cap loot=20000 < min=50000)
[09:57:50] attack: skip 1:7:4 (cap loot=20000 < min=50000)
[09:57:50] attack: skip 1:7:6 (cap loot=20000 < min=50000)
[09:57:50] attack: skip 1:7:8 (cap loot=20000 < min=50000)
[09:57:50] attack: skip 1:7:10 (cap loot=20000 < min=50000)
[2026-05-11 09:58:29] ==== loop 27/∞ | seed=700949671613944981 archetype=turtle personality=flotero focus=eco actions_per_loop=4 ====
[09:58:32] planet 28: building queue full (5)
[09:58:32] planet 28: building queue full (5)
[09:58:32] planet 28: building queue full (5)
[09:58:32] planet 28: building queue full (5)
[09:58:32] attack: intel 1:2:5 ships=0 defs=0 res=5447157855
[09:58:32] attack: intel 1:2:6 ships=0 defs=0 res=5571674140
[09:58:32] attack: intel 1:2:7 ships=0 defs=0 res=5566305134
[09:58:32] attack: skip 1:2:13 (cap loot=20000 < min=50000)
[09:58:32] attack: skip 1:2:14 (cap loot=20000 < min=50000)
[09:58:32] attack: skip 1:2:15 (cap loot=20000 < min=50000)
[09:58:32] attack: skip 1:3:1 (cap loot=20000 < min=50000)
[09:58:32] attack: skip 1:3:2 (cap loot=20000 < min=50000)
[09:58:32] attack: skip 1:3:3 (cap loot=20000 < min=50000)
[09:58:32] attack: skip 1:3:4 (cap loot=20000 < min=50000)
[09:58:32] attack: skip 1:3:5 (cap loot=20000 < min=50000)
[09:58:32] attack: skip 1:3:11 (cap loot=20000 < min=50000)
[09:58:32] attack: skip 1:3:12 (cap loot=20000 < min=50000)
[09:58:32] attack: skip 1:3:13 (cap loot=20000 < min=50000)
[09:58:32] attack: skip 1:4:3 (cap loot=20000 < min=50000)
[09:58:32] attack: skip 1:3:6 (cap loot=20000 < min=50000)
[09:58:32] attack: skip 1:3:8 (cap loot=20000 < min=50000)
[09:58:32] attack: skip 1:3:10 (cap loot=20000 < min=50000)
[09:58:32] attack: skip 1:4:4 (cap loot=20000 < min=50000)
[09:58:32] attack: skip 1:4:6 (cap loot=20000 < min=50000)
[09:58:32] attack: skip 1:4:8 (cap loot=20000 < min=50000)
[09:58:32] attack: skip 1:4:10 (cap loot=20000 < min=50000)
[09:58:32] attack: skip 1:4:12 (cap loot=20000 < min=50000)
[09:58:32] attack: skip 1:5:4 (cap loot=20000 < min=50000)
[09:58:32] attack: skip 1:5:6 (cap loot=20000 < min=50000)
[09:58:32] attack: skip 1:5:8 (cap loot=20000 < min=50000)
[09:58:32] attack: skip 1:5:10 (cap loot=20000 < min=50000)
[09:58:32] attack: skip 1:5:12 (cap loot=20000 < min=50000)
[09:58:32] attack: skip 1:6:4 (cap loot=20000 < min=50000)
[09:58:32] attack: skip 1:6:6 (cap loot=20000 < min=50000)
[09:58:32] attack: skip 1:6:8 (cap loot=20000 < min=50000)
[09:58:32] attack: skip 1:6:10 (cap loot=20000 < min=50000)
[09:58:32] attack: skip 1:6:12 (cap loot=20000 < min=50000)
[09:58:32] attack: skip 1:7:4 (cap loot=20000 < min=50000)
[09:58:32] attack: skip 1:7:6 (cap loot=20000 < min=50000)
[09:58:32] attack: skip 1:7:8 (cap loot=20000 < min=50000)
[09:58:32] attack: skip 1:7:10 (cap loot=20000 < min=50000)
[09:58:32] attack: idle candidates=46 fresh_intel=34 no_spy_src=5 no_atk_src=0 raidmix_fail=0 cooldown_spy=7
[09:58:32] research: blocked research_energy_technology (building_laboratory 0/1)
[2026-05-11 09:59:09] ==== loop 28/∞ | seed=700949671613944981 archetype=turtle personality=flotero focus=eco actions_per_loop=4 ====
[09:59:12] planet 28: building queue full (5)
[09:59:12] planet 28: building queue full (5)
[09:59:12] planet 28: building queue full (5)
[09:59:12] attack: skip 1:3:2 (cap loot=20000 < min=50000)
[09:59:12] attack: skip 1:3:3 (cap loot=20000 < min=50000)
[09:59:12] attack: skip 1:3:4 (cap loot=20000 < min=50000)
[09:59:12] attack: skip 1:3:5 (cap loot=20000 < min=50000)
[09:59:12] attack: skip 1:3:11 (cap loot=20000 < min=50000)
[09:59:12] attack: skip 1:3:12 (cap loot=20000 < min=50000)
[09:59:12] attack: skip 1:3:13 (cap loot=20000 < min=50000)
[09:59:12] attack: skip 1:4:3 (cap loot=20000 < min=50000)
[09:59:12] attack: skip 1:3:6 (cap loot=20000 < min=50000)
[09:59:12] attack: skip 1:3:8 (cap loot=20000 < min=50000)
[09:59:12] attack: skip 1:3:10 (cap loot=20000 < min=50000)
[09:59:12] attack: skip 1:4:4 (cap loot=20000 < min=50000)
[09:59:12] attack: skip 1:4:6 (cap loot=20000 < min=50000)
[09:59:12] attack: skip 1:4:8 (cap loot=20000 < min=50000)
[09:59:12] attack: skip 1:4:10 (cap loot=20000 < min=50000)
[09:59:12] attack: skip 1:4:12 (cap loot=20000 < min=50000)
[09:59:12] attack: skip 1:5:4 (cap loot=20000 < min=50000)
[09:59:12] attack: skip 1:5:6 (cap loot=20000 < min=50000)
[09:59:12] attack: skip 1:5:8 (cap loot=20000 < min=50000)
[09:59:12] attack: skip 1:5:10 (cap loot=20000 < min=50000)
[09:59:12] attack: skip 1:5:12 (cap loot=20000 < min=50000)
[09:59:12] attack: skip 1:6:4 (cap loot=20000 < min=50000)
[09:59:12] attack: skip 1:6:6 (cap loot=20000 < min=50000)
[09:59:12] attack: skip 1:6:8 (cap loot=20000 < min=50000)
[09:59:12] attack: skip 1:6:10 (cap loot=20000 < min=50000)
[09:59:12] attack: skip 1:6:12 (cap loot=20000 < min=50000)
[09:59:12] attack: skip 1:7:4 (cap loot=20000 < min=50000)
[09:59:12] attack: skip 1:7:6 (cap loot=20000 < min=50000)
[09:59:12] attack: skip 1:7:8 (cap loot=20000 < min=50000)
[09:59:12] attack: skip 1:7:10 (cap loot=20000 < min=50000)
[09:59:12] attack: idle candidates=46 fresh_intel=30 no_spy_src=9 no_atk_src=0 raidmix_fail=0 cooldown_spy=7
[2026-05-11 09:59:52] ==== loop 29/∞ | seed=700949671613944981 archetype=turtle personality=flotero focus=eco actions_per_loop=4 ====
[09:59:55] planet 28: building queue full (5)
[09:59:55] planet 28: building queue full (5)
[09:59:55] planet 28: building queue full (5)
[09:59:55] planet 28: building queue full (5)
[09:59:55] attack: spy 1:2:8 probes=4 eta=1s
[09:59:55] attack: spy 1:2:9 probes=4 eta=1s
[09:59:55] attack: spy 1:2:10 probes=4 eta=1s
[09:59:55] attack: spy 1:2:11 probes=4 eta=1s
[09:59:55] attack: skip 1:3:11 (cap loot=20000 < min=50000)
[09:59:55] attack: skip 1:3:12 (cap loot=20000 < min=50000)
[09:59:55] attack: skip 1:3:13 (cap loot=20000 < min=50000)
[09:59:55] attack: skip 1:4:3 (cap loot=20000 < min=50000)
[09:59:55] attack: skip 1:3:6 (cap loot=20000 < min=50000)
[09:59:55] attack: skip 1:3:8 (cap loot=20000 < min=50000)
[09:59:55] attack: skip 1:3:10 (cap loot=20000 < min=50000)
[09:59:55] attack: skip 1:4:4 (cap loot=20000 < min=50000)
[09:59:55] attack: skip 1:4:6 (cap loot=20000 < min=50000)
[09:59:55] attack: skip 1:4:8 (cap loot=20000 < min=50000)
[09:59:55] attack: skip 1:4:10 (cap loot=20000 < min=50000)
[09:59:55] attack: skip 1:4:12 (cap loot=20000 < min=50000)
[09:59:55] attack: skip 1:5:4 (cap loot=20000 < min=50000)
[09:59:55] attack: skip 1:5:6 (cap loot=20000 < min=50000)
[09:59:55] attack: skip 1:5:8 (cap loot=20000 < min=50000)
[09:59:55] attack: skip 1:5:10 (cap loot=20000 < min=50000)
[09:59:55] attack: skip 1:5:12 (cap loot=20000 < min=50000)
[09:59:55] attack: skip 1:6:4 (cap loot=20000 < min=50000)
[09:59:55] attack: skip 1:6:6 (cap loot=20000 < min=50000)
[09:59:55] attack: skip 1:6:8 (cap loot=20000 < min=50000)
[09:59:55] attack: skip 1:6:10 (cap loot=20000 < min=50000)
[09:59:55] attack: skip 1:6:12 (cap loot=20000 < min=50000)
[09:59:55] attack: skip 1:7:4 (cap loot=20000 < min=50000)
[09:59:55] attack: skip 1:7:6 (cap loot=20000 < min=50000)
[09:59:55] attack: skip 1:7:8 (cap loot=20000 < min=50000)
[09:59:55] attack: skip 1:7:10 (cap loot=20000 < min=50000)
[2026-05-11 10:00:32] ==== loop 30/∞ | seed=700949671613944981 archetype=turtle personality=flotero focus=eco actions_per_loop=4 ====
[10:00:34] planet 28: building queue full (5)
[10:00:34] planet 28: building queue full (5)
[10:00:34] planet 28: building queue full (5)
[10:00:34] planet 28: building queue full (5)
[10:00:34] attack: intel 1:2:8 ships=0 defs=0 res=5423794636
[10:00:34] attack: intel 1:2:9 ships=0 defs=0 res=5933616250
[10:00:34] attack: intel 1:2:10 ships=0 defs=0 res=7132221794
[10:00:34] attack: intel 1:2:11 ships=0 defs=0 res=7114361659
[10:00:34] attack: spy 1:2:12 probes=4 eta=1s
[10:00:34] attack: spy 1:2:13 probes=4 eta=1s
[10:00:34] attack: spy 1:2:14 probes=4 eta=1s
[10:00:34] attack: skip 1:3:6 (cap loot=20000 < min=50000)
[10:00:34] attack: skip 1:3:8 (cap loot=20000 < min=50000)
[10:00:34] attack: skip 1:3:10 (cap loot=20000 < min=50000)
[10:00:34] attack: skip 1:4:4 (cap loot=20000 < min=50000)
[10:00:34] attack: skip 1:4:6 (cap loot=20000 < min=50000)
[10:00:34] attack: skip 1:4:8 (cap loot=20000 < min=50000)
[10:00:34] attack: skip 1:4:10 (cap loot=20000 < min=50000)
[10:00:34] attack: skip 1:4:12 (cap loot=20000 < min=50000)
[10:00:34] attack: skip 1:5:4 (cap loot=20000 < min=50000)
[10:00:34] attack: skip 1:5:6 (cap loot=20000 < min=50000)
[10:00:34] attack: skip 1:5:8 (cap loot=20000 < min=50000)
[10:00:34] attack: skip 1:5:10 (cap loot=20000 < min=50000)
[10:00:34] attack: skip 1:5:12 (cap loot=20000 < min=50000)
[10:00:34] attack: skip 1:6:4 (cap loot=20000 < min=50000)
[10:00:34] attack: skip 1:6:6 (cap loot=20000 < min=50000)
[10:00:34] attack: skip 1:6:8 (cap loot=20000 < min=50000)
[10:00:34] attack: skip 1:6:10 (cap loot=20000 < min=50000)
[10:00:34] attack: skip 1:6:12 (cap loot=20000 < min=50000)
[10:00:34] attack: skip 1:7:4 (cap loot=20000 < min=50000)
[10:00:34] attack: skip 1:7:6 (cap loot=20000 < min=50000)
[10:00:34] attack: skip 1:7:8 (cap loot=20000 < min=50000)
[10:00:34] attack: skip 1:7:10 (cap loot=20000 < min=50000)
[10:00:34] research: blocked research_energy_technology (building_laboratory 0/1)
[2026-05-11 10:01:13] ==== loop 31/∞ | seed=700949671613944981 archetype=turtle personality=flotero focus=eco actions_per_loop=4 ====
[10:01:16] planet 28: building queue full (5)
[10:01:16] planet 28: building queue full (5)
[10:01:16] planet 28: building queue full (5)
[10:01:16] planet 28: building queue full (5)
[10:01:16] attack: intel 1:2:12 ships=0 defs=0 res=7138020291
[10:01:16] attack: intel 1:2:13 ships=0 defs=0 res=5593285186
[10:01:16] attack: intel 1:2:14 ships=0 defs=0 res=5811093770
[10:01:16] attack: spy 1:2:15 probes=4 eta=1s
[10:01:16] attack: spy 1:3:1 probes=4 eta=1s
[10:01:16] attack: spy 1:3:2 probes=4 eta=1s
[10:01:16] attack: spy 1:3:3 probes=4 eta=1s
[10:01:16] attack: skip 1:4:6 (cap loot=20000 < min=50000)
[10:01:16] attack: skip 1:4:8 (cap loot=20000 < min=50000)
[10:01:16] attack: skip 1:4:10 (cap loot=20000 < min=50000)
[10:01:16] attack: skip 1:4:12 (cap loot=20000 < min=50000)
[10:01:16] attack: skip 1:5:4 (cap loot=20000 < min=50000)
[10:01:16] attack: skip 1:5:6 (cap loot=20000 < min=50000)
[10:01:16] attack: skip 1:5:8 (cap loot=20000 < min=50000)
[10:01:16] attack: skip 1:5:10 (cap loot=20000 < min=50000)
[10:01:16] attack: skip 1:5:12 (cap loot=20000 < min=50000)
[10:01:16] attack: skip 1:6:4 (cap loot=20000 < min=50000)
[10:01:16] attack: skip 1:6:6 (cap loot=20000 < min=50000)
[10:01:16] attack: skip 1:6:8 (cap loot=20000 < min=50000)
[10:01:16] attack: skip 1:6:10 (cap loot=20000 < min=50000)
[10:01:16] attack: skip 1:6:12 (cap loot=20000 < min=50000)
[10:01:16] attack: skip 1:7:4 (cap loot=20000 < min=50000)
[10:01:16] attack: skip 1:7:6 (cap loot=20000 < min=50000)
[10:01:16] attack: skip 1:7:8 (cap loot=20000 < min=50000)
[10:01:16] attack: skip 1:7:10 (cap loot=20000 < min=50000)
[10:01:16] research: blocked research_energy_technology (building_laboratory 0/1)
[2026-05-11 10:01:53] ==== loop 32/∞ | seed=700949671613944981 archetype=turtle personality=flotero focus=eco actions_per_loop=4 ====
[10:01:55] planet 28: building queue full (5)
[10:01:55] planet 28: building queue full (5)
[10:01:55] planet 28: building queue full (5)
[10:01:55] planet 28: building queue full (5)
[10:01:55] attack: intel 1:2:15 ships=0 defs=0 res=5849614283
[10:01:55] attack: intel 1:3:1 ships=0 defs=0 res=5945862887
[10:01:55] attack: intel 1:3:2 ships=0 defs=0 res=5941514037
[10:01:55] attack: intel 1:3:3 ships=0 defs=0 res=5939774498
[10:01:55] attack: spy 1:3:4 probes=4 eta=1s
[10:01:55] attack: spy 1:3:5 probes=4 eta=1s
[10:01:55] attack: spy 1:3:11 probes=4 eta=1s
[10:01:55] attack: spy 1:3:12 probes=4 eta=1s
[10:01:55] attack: skip 1:5:4 (cap loot=20000 < min=50000)
[10:01:55] attack: skip 1:5:6 (cap loot=20000 < min=50000)
[10:01:55] attack: skip 1:5:8 (cap loot=20000 < min=50000)
[10:01:55] attack: skip 1:5:10 (cap loot=20000 < min=50000)
[10:01:55] attack: skip 1:5:12 (cap loot=20000 < min=50000)
[10:01:55] attack: skip 1:6:4 (cap loot=20000 < min=50000)
[10:01:55] attack: skip 1:6:6 (cap loot=20000 < min=50000)
[10:01:55] attack: skip 1:6:8 (cap loot=20000 < min=50000)
[10:01:55] attack: skip 1:6:10 (cap loot=20000 < min=50000)
[10:01:55] attack: skip 1:6:12 (cap loot=20000 < min=50000)
[10:01:55] attack: skip 1:7:4 (cap loot=20000 < min=50000)
[10:01:55] attack: skip 1:7:6 (cap loot=20000 < min=50000)
[10:01:55] attack: skip 1:7:8 (cap loot=20000 < min=50000)
[10:01:55] attack: skip 1:7:10 (cap loot=20000 < min=50000)
[10:01:55] research: blocked research_energy_technology (building_laboratory 0/1)
[2026-05-11 10:02:31] ==== loop 33/∞ | seed=700949671613944981 archetype=turtle personality=flotero focus=eco actions_per_loop=4 ====
[10:02:32] planet 28: building queue full (5)
[10:02:32] planet 28: building queue full (5)
[10:02:32] planet 28: building queue full (5)
[10:02:32] planet 28: building queue full (5)
[10:02:32] attack: intel 1:3:4 ships=0 defs=0 res=5589725134
[10:02:32] attack: intel 1:3:5 ships=0 defs=0 res=5457739473
[10:02:32] attack: intel 1:3:11 ships=0 defs=0 res=5807072554
[10:02:32] attack: intel 1:3:12 ships=0 defs=0 res=5459392067
[10:02:32] attack: spy 1:3:13 probes=4 eta=1s
[10:02:32] attack: spy 1:4:3 probes=4 eta=1s
[10:02:32] attack: spy 1:3:6 probes=4 eta=1s
[10:02:32] attack: spy 1:3:8 probes=4 eta=1s
[10:02:32] attack: skip 1:5:12 (cap loot=20000 < min=50000)
[10:02:32] attack: skip 1:6:4 (cap loot=20000 < min=50000)
[10:02:32] attack: skip 1:6:6 (cap loot=20000 < min=50000)
[10:02:32] attack: skip 1:6:8 (cap loot=20000 < min=50000)
[10:02:32] attack: skip 1:6:10 (cap loot=20000 < min=50000)
[10:02:32] attack: skip 1:6:12 (cap loot=20000 < min=50000)
[10:02:32] attack: skip 1:7:4 (cap loot=20000 < min=50000)
[10:02:32] attack: skip 1:7:6 (cap loot=20000 < min=50000)
[10:02:32] attack: skip 1:7:8 (cap loot=20000 < min=50000)
[10:02:32] attack: skip 1:7:10 (cap loot=20000 < min=50000)
[10:02:32] research: blocked research_energy_technology (building_laboratory 0/1)
[2026-05-11 10:03:06] ==== loop 34/∞ | seed=700949671613944981 archetype=turtle personality=flotero focus=eco actions_per_loop=4 ====
[10:03:08] planet 28: building queue full (5)
[10:03:08] planet 28: building queue full (5)
[10:03:08] planet 28: building queue full (5)
[10:03:08] attack: intel 1:3:13 ships=0 defs=0 res=5593984969
[10:03:08] attack: intel 1:4:3 ships=0 defs=0 res=5942540924
[10:03:08] attack: intel 1:3:6 ships=145 defs=114 res=98102178
[10:03:08] attack: intel 1:3:8 ships=15 defs=59 res=33704308
[10:03:08] attack: spy 1:3:10 probes=4 eta=1s
[10:03:08] attack: spy 1:4:4 probes=4 eta=1s
[10:03:08] attack: spy 1:4:6 probes=4 eta=1s
[10:03:08] attack: skip 1:5:12 (cap loot=20000 < min=50000)
[10:03:08] attack: skip 1:6:4 (cap loot=20000 < min=50000)
[10:03:08] attack: skip 1:6:6 (cap loot=20000 < min=50000)
[10:03:08] attack: skip 1:6:8 (cap loot=20000 < min=50000)
[10:03:08] attack: skip 1:6:10 (cap loot=20000 < min=50000)
[10:03:08] attack: skip 1:6:12 (cap loot=20000 < min=50000)
[10:03:08] attack: skip 1:7:4 (cap loot=20000 < min=50000)
[10:03:08] attack: skip 1:7:6 (cap loot=20000 < min=50000)
[10:03:08] attack: skip 1:7:8 (cap loot=20000 < min=50000)
[10:03:08] attack: skip 1:7:10 (cap loot=20000 < min=50000)
[2026-05-11 10:03:47] ==== loop 35/∞ | seed=700949671613944981 archetype=turtle personality=flotero focus=eco actions_per_loop=4 ====
[10:03:51] planet 28: building queue full (5)
[10:03:51] planet 28: building queue full (5)
[10:03:51] planet 28: building queue full (5)
[10:03:51] planet 28: building queue full (5)
[10:03:51] attack: intel 1:3:10 ships=78 defs=120 res=96241089
[10:03:51] attack: intel 1:4:4 ships=113 defs=14 res=144816665
[10:03:51] attack: intel 1:4:6 ships=110 defs=0 res=124772509
[10:03:51] attack: spy 1:4:8 probes=4 eta=1s
[10:03:51] attack: spy 1:4:10 probes=4 eta=1s
[10:03:51] attack: spy 1:4:12 probes=4 eta=1s
[10:03:51] attack: spy 1:5:4 probes=4 eta=1s
[10:03:51] attack: skip 1:6:10 (cap loot=20000 < min=50000)
[10:03:51] attack: skip 1:6:12 (cap loot=20000 < min=50000)
[10:03:51] attack: skip 1:7:4 (cap loot=20000 < min=50000)
[10:03:51] attack: skip 1:7:6 (cap loot=20000 < min=50000)
[10:03:51] attack: skip 1:7:8 (cap loot=20000 < min=50000)
[10:03:51] attack: skip 1:7:10 (cap loot=20000 < min=50000)
[10:03:51] research: blocked research_energy_technology (building_laboratory 0/1)
[2026-05-11 10:04:25] ==== loop 36/∞ | seed=700949671613944981 archetype=turtle personality=flotero focus=eco actions_per_loop=4 ====
[10:04:28] planet 28: building queue full (5)
[10:04:28] planet 28: building queue full (5)
[10:04:28] planet 28: building queue full (5)
[10:04:28] planet 28: building queue full (5)
[10:04:28] attack: intel 1:4:8 ships=136 defs=119 res=73994488
[10:04:28] attack: intel 1:4:10 ships=201 defs=214 res=131860128
[10:04:28] attack: intel 1:4:12 ships=126 defs=200 res=131408051
[10:04:28] attack: intel 1:5:4 ships=164 defs=158 res=99833343
[10:04:28] attack: spy 1:5:6 probes=4 eta=1s
[10:04:28] attack: skip 1:7:8 (cap loot=20000 < min=50000)
[10:04:28] attack: skip 1:7:10 (cap loot=20000 < min=50000)
[10:04:28] research: blocked research_energy_technology (building_laboratory 0/1)
[2026-05-11 10:05:08] ==== loop 37/∞ | seed=700949671613944981 archetype=turtle personality=flotero focus=eco actions_per_loop=4 ====
[10:05:11] planet 28: building queue full (5)
[10:05:11] planet 28: building queue full (5)
[10:05:11] planet 28: building queue full (5)
[10:05:11] planet 28: building queue full (5)
[10:05:11] attack: intel 1:5:6 ships=126 defs=260 res=52021885
[10:05:11] research: blocked research_energy_technology (building_laboratory 0/1)
[2026-05-11 10:05:48] ==== loop 38/∞ | seed=700949671613944981 archetype=turtle personality=flotero focus=eco actions_per_loop=4 ====
[10:05:50] planet 28: building queue full (5)
[10:05:50] planet 28: building queue full (5)
[10:05:50] planet 28: building queue full (5)
[10:05:50] planet 28: building queue full (5)
[10:05:50] research: blocked research_energy_technology (building_laboratory 0/1)
[2026-05-11 10:06:25] ==== loop 39/∞ | seed=700949671613944981 archetype=turtle personality=flotero focus=eco actions_per_loop=4 ====
[10:06:27] planet 28: building queue full (5)
[10:06:27] planet 28: building queue full (5)
[10:06:27] planet 28: building queue full (5)
[10:06:27] planet 28: building queue full (5)
[2026-05-11 10:07:05] ==== loop 40/∞ | seed=700949671613944981 archetype=turtle personality=flotero focus=eco actions_per_loop=4 ====
[10:07:07] planet 28: building queue full (5)
[10:07:07] planet 28: building queue full (5)
[10:07:07] planet 28: building queue full (5)
[10:07:07] planet 28: building queue full (5)
[10:07:07] research: blocked research_energy_technology (building_laboratory 0/1)
[2026-05-11 10:07:43] ==== loop 41/∞ | seed=700949671613944981 archetype=turtle personality=flotero focus=eco actions_per_loop=4 ====
[10:07:46] planet 28: building queue full (5)
[10:07:46] planet 28: building queue full (5)
[10:07:46] planet 28: building queue full (5)
[10:07:46] planet 28: building queue full (5)
[2026-05-11 10:08:23] ==== loop 42/∞ | seed=700949671613944981 archetype=turtle personality=flotero focus=eco actions_per_loop=4 ====
[10:08:25] planet 28: building queue full (5)
[10:08:25] planet 28: building queue full (5)
[10:08:25] planet 28: building queue full (5)
[10:08:25] planet 28: building queue full (5)
[2026-05-11 10:08:57] ==== loop 43/∞ | seed=700949671613944981 archetype=turtle personality=flotero focus=eco actions_per_loop=4 ====
[10:09:00] planet 28: building queue full (5)
[10:09:00] planet 28: building queue full (5)
[10:09:00] planet 28: building queue full (5)
[10:09:00] planet 28: building queue full (5)
[2026-05-11 10:09:30] ==== loop 44/∞ | seed=700949671613944981 archetype=turtle personality=flotero focus=eco actions_per_loop=4 ====
[10:09:33] planet 28: building queue full (5)
[10:09:33] planet 28: building queue full (5)
[10:09:33] planet 28: building queue full (5)
[10:09:33] attack: spy 1:2:1 probes=4 eta=1s
[10:09:33] attack: spy 1:2:2 probes=4 eta=1s
[10:09:33] attack: spy 1:2:3 probes=4 eta=1s
[10:09:33] attack: spy 1:2:4 probes=4 eta=1s
[2026-05-11 10:10:10] ==== loop 45/∞ | seed=700949671613944981 archetype=turtle personality=flotero focus=eco actions_per_loop=4 ====
[10:10:14] planet 28: building queue full (5)
[10:10:14] planet 28: building queue full (5)
[10:10:14] planet 28: building queue full (5)
[10:10:14] planet 28: building queue full (5)
[10:10:14] attack: intel 1:2:1 ships=0 defs=0 res=5593150142
[10:10:14] attack: intel 1:2:2 ships=0 defs=0 res=5597933770
[10:10:14] attack: intel 1:2:3 ships=0 defs=0 res=5599462517
[10:10:14] attack: intel 1:2:4 ships=0 defs=0 res=5598710629
[10:10:14] attack: spy 1:2:5 probes=4 eta=1s
[10:10:14] attack: spy 1:2:6 probes=4 eta=1s
[10:10:14] attack: spy 1:2:7 probes=4 eta=1s
[10:10:14] attack: spy 1:2:8 probes=4 eta=1s
[10:10:14] research: blocked research_energy_technology (building_laboratory 0/1)
[2026-05-11 10:10:54] ==== loop 46/∞ | seed=700949671613944981 archetype=turtle personality=flotero focus=eco actions_per_loop=4 ====
[10:10:56] planet 28: building queue full (5)
[10:10:56] planet 28: building queue full (5)
[10:10:56] planet 28: building queue full (5)
[10:10:56] planet 28: building queue full (5)
[10:10:56] attack: intel 1:2:5 ships=0 defs=0 res=5464462572
[10:10:56] attack: intel 1:2:6 ships=0 defs=0 res=5588978859
[10:10:56] attack: intel 1:2:7 ships=0 defs=0 res=5583609851
[10:10:56] attack: intel 1:2:8 ships=0 defs=0 res=5438989859
[10:10:56] research: blocked research_energy_technology (building_laboratory 0/1)
[2026-05-11 10:11:40] ==== loop 47/∞ | seed=700949671613944981 archetype=turtle personality=flotero focus=eco actions_per_loop=4 ====
[10:11:43] planet 28: building queue full (5)
[10:11:43] planet 28: building queue full (5)
[10:11:43] planet 28: building queue full (5)
[2026-05-11 10:12:20] ==== loop 48/∞ | seed=700949671613944981 archetype=turtle personality=flotero focus=eco actions_per_loop=4 ====
[10:12:22] planet 28: building queue full (5)
[10:12:22] planet 28: building queue full (5)
[10:12:22] planet 28: building queue full (5)
[2026-05-11 10:13:02] ==== loop 49/∞ | seed=700949671613944981 archetype=turtle personality=flotero focus=eco actions_per_loop=4 ====
[10:13:04] planet 28: building queue full (5)
[10:13:04] planet 28: building queue full (5)
[10:13:04] planet 28: building queue full (5)
[10:13:04] research: blocked research_energy_technology (building_laboratory 0/1)
[2026-05-11 10:13:46] ==== loop 50/∞ | seed=700949671613944981 archetype=turtle personality=flotero focus=eco actions_per_loop=4 ====
[10:13:49] planet 28: building queue full (5)
[10:13:49] planet 28: building queue full (5)
[10:13:49] planet 28: building queue full (5)
[10:13:49] planet 28: building queue full (5)
[10:13:49] research: blocked research_energy_technology (building_laboratory 0/1)
[2026-05-11 10:14:28] ==== loop 51/∞ | seed=700949671613944981 archetype=turtle personality=flotero focus=eco actions_per_loop=4 ====
[10:14:31] planet 28: building queue full (5)
[10:14:31] planet 28: building queue full (5)
[10:14:31] planet 28: building queue full (5)
[10:14:31] planet 28: building queue full (5)
[2026-05-11 10:15:12] ==== loop 52/∞ | seed=700949671613944981 archetype=turtle personality=flotero focus=eco actions_per_loop=4 ====
[10:15:14] planet 28: building queue full (5)
[10:15:14] planet 28: building queue full (5)
[10:15:14] planet 28: building queue full (5)
[10:15:14] research: blocked research_energy_technology (building_laboratory 0/1)
[2026-05-11 10:15:57] ==== loop 53/∞ | seed=700949671613944981 archetype=turtle personality=flotero focus=eco actions_per_loop=4 ====
[10:15:58] planet 28: building queue full (5)
[10:15:58] planet 28: building queue full (5)
[10:15:58] planet 28: building queue full (5)
[10:15:58] research: blocked research_energy_technology (building_laboratory 0/1)
[2026-05-11 10:16:35] ==== loop 54/∞ | seed=700949671613944981 archetype=turtle personality=flotero focus=eco actions_per_loop=4 ====
[10:16:37] planet 28: building queue full (5)
[10:16:37] planet 28: building queue full (5)
[10:16:37] planet 28: building queue full (5)
[10:16:37] planet 28: building queue full (5)
[10:16:37] research: blocked research_energy_technology (building_laboratory 0/1)
[2026-05-11 10:17:19] ==== loop 55/∞ | seed=700949671613944981 archetype=turtle personality=flotero focus=eco actions_per_loop=4 ====
[10:17:21] planet 28: building queue full (5)
[10:17:21] planet 28: building queue full (5)
[10:17:21] planet 28: building queue full (5)
[10:17:21] planet 28: building queue full (5)
[10:17:21] attack: spy 1:2:9 probes=4 eta=1s
[10:17:21] attack: spy 1:2:10 probes=4 eta=1s
[10:17:21] attack: spy 1:2:11 probes=4 eta=1s
[10:17:21] attack: spy 1:2:12 probes=4 eta=1s
[10:17:21] research: blocked research_energy_technology (building_laboratory 0/1)
[2026-05-11 10:18:06] ==== loop 56/∞ | seed=700949671613944981 archetype=turtle personality=flotero focus=eco actions_per_loop=4 ====
[10:18:08] planet 28: building queue full (5)
[10:18:08] planet 28: building queue full (5)
[10:18:08] planet 28: building queue full (5)
[10:18:08] attack: intel 1:2:9 ships=0 defs=0 res=5955037055
[10:18:08] attack: intel 1:2:10 ships=0 defs=0 res=7153642601
[10:18:08] attack: intel 1:2:11 ships=0 defs=0 res=7153910400
[10:18:08] attack: intel 1:2:12 ships=0 defs=0 res=7154913401
[10:18:08] attack: spy 1:2:13 probes=4 eta=1s
[10:18:08] attack: spy 1:2:14 probes=4 eta=1s
[10:18:08] attack: spy 1:2:15 probes=4 eta=1s
[10:18:08] attack: spy 1:3:1 probes=4 eta=1s
[10:18:08] research: blocked research_energy_technology (building_laboratory 0/1)
[2026-05-11 10:18:49] ==== loop 57/∞ | seed=700949671613944981 archetype=turtle personality=flotero focus=eco actions_per_loop=4 ====
[10:18:53] planet 28: building queue full (5)
[10:18:53] planet 28: building queue full (5)
[10:18:53] planet 28: building queue full (5)
[10:18:53] planet 28: building queue full (5)
[10:18:53] attack: intel 1:2:13 ships=0 defs=0 res=5611052963
[10:18:53] attack: intel 1:2:14 ships=0 defs=0 res=5828861547
[10:18:53] attack: intel 1:2:15 ships=0 defs=0 res=5866901850
[10:18:53] attack: intel 1:3:1 ships=0 defs=0 res=5963150454
[10:18:53] attack: spy 1:3:2 probes=4 eta=1s
[10:18:53] attack: spy 1:3:3 probes=4 eta=1s
[10:18:53] attack: spy 1:3:4 probes=4 eta=1s
[10:18:53] attack: spy 1:3:5 probes=4 eta=1s
[10:18:53] research: blocked research_energy_technology (building_laboratory 0/1)
[2026-05-11 10:19:32] ==== loop 58/∞ | seed=700949671613944981 archetype=turtle personality=flotero focus=eco actions_per_loop=4 ====
[10:19:35] planet 28: building queue full (5)
[10:19:35] planet 28: building queue full (5)
[10:19:35] planet 28: building queue full (5)
[10:19:35] attack: intel 1:3:2 ships=0 defs=0 res=5959967829
[10:19:35] attack: intel 1:3:3 ships=0 defs=0 res=5958228290
[10:19:35] attack: intel 1:3:4 ships=0 defs=0 res=5607612965
[10:19:35] attack: intel 1:3:5 ships=0 defs=0 res=5475627304
[10:19:35] attack: spy 1:2:1 probes=4 eta=1s
[10:19:35] attack: spy 1:2:2 probes=4 eta=1s
[10:19:35] attack: spy 1:2:3 probes=4 eta=1s
[10:19:35] attack: spy 1:2:4 probes=4 eta=1s
[10:19:35] research: blocked research_energy_technology (building_laboratory 0/1)
[2026-05-11 10:20:15] ==== loop 59/∞ | seed=700949671613944981 archetype=turtle personality=flotero focus=eco actions_per_loop=4 ====
[10:20:17] planet 28: building queue full (5)
[10:20:17] planet 28: building queue full (5)
[10:20:17] planet 28: building queue full (5)
[10:20:17] planet 28: building queue full (5)
[10:20:17] attack: intel 1:2:1 ships=0 defs=0 res=5603440360
[10:20:17] attack: intel 1:2:2 ships=0 defs=0 res=5608566997
[10:20:17] attack: intel 1:2:3 ships=0 defs=0 res=5609752735
[10:20:17] attack: intel 1:2:4 ships=0 defs=0 res=5609000847
[10:20:17] attack: spy 1:2:5 probes=4 eta=1s
[10:20:17] attack: spy 1:2:6 probes=4 eta=1s
[10:20:17] attack: spy 1:2:7 probes=4 eta=1s
[10:20:17] attack: spy 1:2:8 probes=4 eta=1s
[10:20:17] research: blocked research_energy_technology (building_laboratory 0/1)
[2026-05-11 10:21:07] ==== loop 60/∞ | seed=700949671613944981 archetype=turtle personality=flotero focus=eco actions_per_loop=4 ====
[10:21:09] planet 28: building queue full (5)
[10:21:09] planet 28: building queue full (5)
[10:21:09] planet 28: building queue full (5)
[10:21:09] planet 28: building queue full (5)
[10:21:09] attack: intel 1:2:5 ships=0 defs=0 res=5475593159
[10:21:09] attack: intel 1:2:6 ships=0 defs=0 res=5600109444
[10:21:09] attack: intel 1:2:7 ships=0 defs=0 res=5594740438
[10:21:09] attack: intel 1:2:8 ships=0 defs=0 res=5450120446
[10:21:09] attack: spy 1:3:11 probes=4 eta=1s
[10:21:09] attack: spy 1:3:12 probes=4 eta=1s
[10:21:09] attack: spy 1:3:13 probes=4 eta=1s
[10:21:09] attack: spy 1:4:3 probes=4 eta=1s
[10:21:09] research: blocked research_energy_technology (building_laboratory 0/1)
[2026-05-11 10:22:00] ==== loop 61/∞ | seed=700949671613944981 archetype=turtle personality=flotero focus=eco actions_per_loop=4 ====
[10:22:03] planet 28: building queue full (5)
[10:22:03] planet 28: building queue full (5)
[10:22:03] planet 28: building queue full (5)
[10:22:03] planet 28: building queue full (5)
[10:22:03] attack: spy 1:3:6 probes=4 eta=1s
[10:22:03] attack: spy 1:3:8 probes=4 eta=1s
[10:22:03] attack: spy 1:3:10 probes=4 eta=1s
[10:22:03] attack: spy 1:4:4 probes=4 eta=1s
[10:22:03] research: blocked research_energy_technology (building_laboratory 0/1)
[2026-05-11 10:22:51] ==== loop 62/∞ | seed=700949671613944981 archetype=turtle personality=flotero focus=eco actions_per_loop=4 ====
[10:22:53] planet 28: building queue full (5)
[10:22:53] planet 28: building queue full (5)
[10:22:53] planet 28: building queue full (5)
[10:22:53] planet 28: building queue full (5)
[10:22:53] research: blocked research_energy_technology (building_laboratory 0/1)
[2026-05-11 10:23:35] ==== loop 63/∞ | seed=700949671613944981 archetype=turtle personality=flotero focus=eco actions_per_loop=4 ====
[10:23:36] planet 28: building queue full (5)
[10:23:36] planet 28: building queue full (5)
[10:23:36] planet 28: building queue full (5)
[10:23:36] planet 28: building queue full (5)
[10:23:36] research: blocked research_energy_technology (building_laboratory 0/1)
[2026-05-11 10:24:22] ==== loop 64/∞ | seed=700949671613944981 archetype=turtle personality=flotero focus=eco actions_per_loop=4 ====
[10:24:25] planet 28: building queue full (5)
[10:24:25] planet 28: building queue full (5)
[10:24:25] planet 28: building queue full (5)
[10:24:25] planet 28: building queue full (5)
[10:24:25] research: blocked research_energy_technology (building_laboratory 0/1)
[2026-05-11 10:25:09] ==== loop 65/∞ | seed=700949671613944981 archetype=turtle personality=flotero focus=eco actions_per_loop=4 ====
[10:25:12] planet 28: building queue full (5)
[10:25:12] planet 28: building queue full (5)
[10:25:12] planet 28: building queue full (5)
[10:25:12] research: blocked research_energy_technology (building_laboratory 0/1)
[2026-05-11 10:25:58] ==== loop 66/∞ | seed=700949671613944981 archetype=turtle personality=flotero focus=eco actions_per_loop=4 ====
[10:26:00] planet 28: building queue full (5)
[10:26:00] planet 28: building queue full (5)
[10:26:00] planet 28: building queue full (5)
[10:26:00] planet 28: building queue full (5)
[10:26:00] research: blocked research_energy_technology (building_laboratory 0/1)
[2026-05-11 10:26:42] ==== loop 67/∞ | seed=700949671613944981 archetype=turtle personality=flotero focus=eco actions_per_loop=4 ====
[10:26:44] planet 28: building queue full (5)
[10:26:44] planet 28: building queue full (5)
[10:26:44] planet 28: building queue full (5)
[10:26:44] planet 28: building queue full (5)
[2026-05-11 10:27:28] ==== loop 68/∞ | seed=700949671613944981 archetype=turtle personality=flotero focus=eco actions_per_loop=4 ====
[10:27:32] planet 28: building queue full (5)
[10:27:32] planet 28: building queue full (5)
[10:27:32] planet 28: building queue full (5)
[10:27:32] planet 28: building queue full (5)
[2026-05-11 10:28:12] ==== loop 69/∞ | seed=700949671613944981 archetype=turtle personality=flotero focus=eco actions_per_loop=4 ====
[10:28:15] planet 28: building queue full (5)
[10:28:15] planet 28: building queue full (5)
[10:28:15] planet 28: building queue full (5)
[10:28:15] planet 28: building queue full (5)
[2026-05-11 10:29:05] ==== loop 70/∞ | seed=700949671613944981 archetype=turtle personality=flotero focus=eco actions_per_loop=4 ====
[10:29:07] planet 28: building queue full (5)
[10:29:07] planet 28: building queue full (5)
[10:29:07] planet 28: building queue full (5)
[10:29:07] planet 28: building queue full (5)
[2026-05-11 10:29:53] ==== loop 71/∞ | seed=700949671613944981 archetype=turtle personality=flotero focus=eco actions_per_loop=4 ====
[10:29:56] planet 28: building queue full (5)
[10:29:56] planet 28: building queue full (5)
[10:29:56] planet 28: building queue full (5)
[10:29:56] planet 28: building queue full (5)
[10:29:56] research: blocked research_energy_technology (building_laboratory 0/1)
