[2026-05-12 07:07:58] ==== loop 1/∞ | seed=96239353316064498 archetype=balanced personality=defensor focus=eco actions_per_loop=1 ====
[07:07:59] planet 75: queued building_solar_plant to 1
[07:07:59] research: blocked research_energy_technology (building_laboratory 0/1)
[2026-05-12 07:08:30] ==== loop 2/∞ | seed=96239353316064498 archetype=balanced personality=defensor focus=eco actions_per_loop=1 ====
[07:08:31] planet 75: queued building_crystal_mine to 1
[07:08:31] research: blocked research_energy_technology (building_laboratory 0/1)
[2026-05-12 07:08:57] ==== loop 3/∞ | seed=96239353316064498 archetype=balanced personality=defensor focus=eco actions_per_loop=1 ====
[07:08:58] planet 75: queued building_crystal_mine to 2
[07:08:58] research: blocked research_energy_technology (building_laboratory 0/1)
[2026-05-12 07:09:24] ==== loop 4/∞ | seed=96239353316064498 archetype=balanced personality=defensor focus=eco actions_per_loop=1 ====
[07:09:25] planet 75: queued building_solar_plant to 2
[2026-05-12 07:09:46] ==== loop 5/∞ | seed=96239353316064498 archetype=balanced personality=defensor focus=eco actions_per_loop=1 ====
[07:09:47] alliance: application cleared (rejected or cancelled) ally=1
[07:09:47] planet 75: queued building_crystal_mine to 3
[07:09:47] research: blocked research_energy_technology (building_laboratory 0/1)
[2026-05-12 07:10:47] ==== loop 8/∞ | seed=96239353316064498 archetype=balanced personality=defensor focus=eco actions_per_loop=1 ====
[07:10:48] planet 75: queued building_solar_plant to 3
[07:10:48] research: blocked research_energy_technology (building_laboratory 0/1)
[2026-05-12 07:11:27] ==== loop 10/∞ | seed=96239353316064498 archetype=balanced personality=defensor focus=eco actions_per_loop=1 ====
[07:11:27] planet 75: queued building_solar_plant to 4
[07:11:27] research: blocked research_energy_technology (building_laboratory 0/1)
[2026-05-12 07:11:47] ==== loop 11/∞ | seed=96239353316064498 archetype=balanced personality=defensor focus=eco actions_per_loop=1 ====
[07:11:47] planet 75: queued building_solar_plant to 5
[2026-05-12 07:12:30] ==== loop 13/∞ | seed=96239353316064498 archetype=balanced personality=defensor focus=eco actions_per_loop=1 ====
[07:12:31] planet 75: queued building_solar_plant to 6
[07:12:31] research: blocked research_energy_technology (building_laboratory 0/1)
[2026-05-12 07:12:53] ==== loop 14/∞ | seed=96239353316064498 archetype=balanced personality=defensor focus=eco actions_per_loop=1 ====
[07:12:53] planet 75: queued building_solar_plant to 7
[2026-05-12 07:13:16] ==== loop 15/∞ | seed=96239353316064498 archetype=balanced personality=defensor focus=eco actions_per_loop=1 ====
[07:13:17] planet 75: queued building_solar_plant to 8
[2026-05-12 07:13:39] ==== loop 16/∞ | seed=96239353316064498 archetype=balanced personality=defensor focus=eco actions_per_loop=1 ====
[07:13:39] planet 75: queued building_solar_plant to 9
[07:13:39] research: blocked research_energy_technology (building_laboratory 0/1)
[2026-05-12 07:14:24] ==== loop 18/∞ | seed=96239353316064498 archetype=balanced personality=defensor focus=eco actions_per_loop=1 ====
[07:14:25] planet 75: queued building_solar_plant to 10
[2026-05-12 07:14:42] ==== loop 19/∞ | seed=96239353316064498 archetype=balanced personality=defensor focus=eco actions_per_loop=1 ====
[07:14:44] planet 75: queued building_solar_plant to 11
[07:14:44] research: blocked research_energy_technology (building_laboratory 0/1)
[2026-05-12 07:15:02] ==== loop 20/∞ | seed=96239353316064498 archetype=balanced personality=defensor focus=eco actions_per_loop=1 ====
[07:15:03] planet 75: queued building_solar_plant to 12
[07:15:03] research: blocked research_energy_technology (building_laboratory 0/1)
[2026-05-12 07:15:22] ==== loop 21/∞ | seed=96239353316064498 archetype=balanced personality=defensor focus=eco actions_per_loop=1 ====
[07:15:23] planet 75: queued building_solar_plant to 13
[2026-05-12 07:15:40] ==== loop 22/∞ | seed=96239353316064498 archetype=balanced personality=defensor focus=eco actions_per_loop=1 ====
[07:15:41] planet 75: queued building_solar_plant to 14
[07:15:41] research: blocked research_energy_technology (building_laboratory 0/1)
[2026-05-12 07:15:56] ==== loop 23/∞ | seed=96239353316064498 archetype=balanced personality=defensor focus=eco actions_per_loop=1 ====
[07:15:57] planet 75: queued building_solar_plant to 15
[2026-05-12 07:16:15] ==== loop 24/∞ | seed=96239353316064498 archetype=balanced personality=defensor focus=eco actions_per_loop=1 ====
[07:16:15] alliance: idle no_candidate
[07:16:15] planet 75: queued building_solar_plant to 16
[2026-05-12 07:16:35] ==== loop 25/∞ | seed=96239353316064498 archetype=balanced personality=defensor focus=eco actions_per_loop=1 ====
[07:16:36] planet 75: building queue full (5)
[07:16:36] research: blocked research_energy_technology (building_laboratory 0/1)
[2026-05-12 07:17:15] ==== loop 27/∞ | seed=96239353316064498 archetype=balanced personality=defensor focus=eco actions_per_loop=1 ====
[07:17:15] planet 75: building queue full (5)
[2026-05-12 07:17:32] ==== loop 28/∞ | seed=96239353316064498 archetype=balanced personality=defensor focus=eco actions_per_loop=1 ====
[07:17:32] planet 75: queued building_solar_plant to 17
[07:17:32] research: blocked research_energy_technology (building_laboratory 0/1)
[2026-05-12 07:17:54] ==== loop 29/∞ | seed=96239353316064498 archetype=balanced personality=defensor focus=eco actions_per_loop=1 ====
[07:17:55] planet 75: building queue full (5)
[07:17:55] research: blocked research_energy_technology (building_laboratory 0/1)
[2026-05-12 07:18:14] ==== loop 30/∞ | seed=96239353316064498 archetype=balanced personality=defensor focus=eco actions_per_loop=1 ====
[07:18:15] planet 75: building queue full (5)
[2026-05-12 07:18:50] ==== loop 32/∞ | seed=96239353316064498 archetype=balanced personality=defensor focus=eco actions_per_loop=1 ====
[07:18:50] planet 75: building queue full (5)
[07:18:50] research: blocked research_energy_technology (building_laboratory 0/1)
[2026-05-12 07:19:10] ==== loop 33/∞ | seed=96239353316064498 archetype=balanced personality=defensor focus=eco actions_per_loop=1 ====
[07:19:11] planet 75: building queue full (5)
[07:19:11] research: blocked research_energy_technology (building_laboratory 0/1)
[2026-05-12 07:19:28] ==== loop 34/∞ | seed=96239353316064498 archetype=balanced personality=defensor focus=eco actions_per_loop=1 ====
[07:19:28] planet 75: building queue full (5)
[2026-05-12 07:19:52] ==== loop 35/∞ | seed=96239353316064498 archetype=balanced personality=defensor focus=eco actions_per_loop=1 ====
[07:19:52] planet 75: queued building_solar_plant to 18
[2026-05-12 07:20:15] ==== loop 36/∞ | seed=96239353316064498 archetype=balanced personality=defensor focus=eco actions_per_loop=1 ====
[07:20:16] planet 75: building queue full (5)
[2026-05-12 07:20:34] ==== loop 37/∞ | seed=96239353316064498 archetype=balanced personality=defensor focus=eco actions_per_loop=1 ====
[07:20:34] planet 75: building queue full (5)
[2026-05-12 07:21:12] ==== loop 39/∞ | seed=96239353316064498 archetype=balanced personality=defensor focus=eco actions_per_loop=1 ====
[07:21:12] planet 75: building queue full (5)
[07:21:12] research: blocked research_energy_technology (building_laboratory 0/1)
[2026-05-12 07:21:31] ==== loop 40/∞ | seed=96239353316064498 archetype=balanced personality=defensor focus=eco actions_per_loop=1 ====
[07:21:32] planet 75: building queue full (5)
[2026-05-12 07:21:50] ==== loop 41/∞ | seed=96239353316064498 archetype=balanced personality=defensor focus=eco actions_per_loop=1 ====
[07:21:51] planet 75: building queue full (5)
[2026-05-12 07:22:11] ==== loop 42/∞ | seed=96239353316064498 archetype=balanced personality=defensor focus=eco actions_per_loop=1 ====
[07:22:11] planet 75: building queue full (5)
[2026-05-12 07:22:49] ==== loop 44/∞ | seed=96239353316064498 archetype=balanced personality=defensor focus=eco actions_per_loop=1 ====
[07:22:49] alliance: idle no_candidate
[07:22:49] planet 75: building queue full (5)
[07:22:49] research: blocked research_energy_technology (building_laboratory 0/1)
[2026-05-12 07:23:07] ==== loop 45/∞ | seed=96239353316064498 archetype=balanced personality=defensor focus=eco actions_per_loop=1 ====
[07:23:08] planet 75: queued building_crystal_mine to 4
[07:23:08] research: blocked research_energy_technology (building_laboratory 0/1)
[2026-05-12 07:23:26] ==== loop 46/∞ | seed=96239353316064498 archetype=balanced personality=defensor focus=eco actions_per_loop=1 ====
[07:23:26] planet 75: building queue full (5)
[2026-05-12 07:23:46] ==== loop 47/∞ | seed=96239353316064498 archetype=balanced personality=defensor focus=eco actions_per_loop=1 ====
[07:23:46] planet 75: building queue full (5)
[2026-05-12 07:24:08] ==== loop 48/∞ | seed=96239353316064498 archetype=balanced personality=defensor focus=eco actions_per_loop=1 ====
[07:24:09] planet 75: building queue full (5)
[07:24:09] research: blocked research_energy_technology (building_laboratory 0/1)
[2026-05-12 07:24:29] ==== loop 49/∞ | seed=96239353316064498 archetype=balanced personality=defensor focus=eco actions_per_loop=1 ====
[07:24:30] planet 75: building queue full (5)
[07:24:30] research: blocked research_energy_technology (building_laboratory 0/1)
[2026-05-12 07:24:51] ==== loop 50/∞ | seed=96239353316064498 archetype=balanced personality=defensor focus=eco actions_per_loop=1 ====
[07:24:52] planet 75: building queue full (5)
[2026-05-12 07:25:14] ==== loop 51/∞ | seed=96239353316064498 archetype=balanced personality=defensor focus=eco actions_per_loop=1 ====
[07:25:15] planet 75: building queue full (5)
[2026-05-12 07:25:38] ==== loop 52/∞ | seed=96239353316064498 archetype=balanced personality=defensor focus=eco actions_per_loop=1 ====
[07:25:38] planet 75: building queue full (5)
[2026-05-12 07:26:02] ==== loop 53/∞ | seed=96239353316064498 archetype=balanced personality=defensor focus=eco actions_per_loop=1 ====
[07:26:03] planet 75: building queue full (5)
[07:26:03] research: blocked research_energy_technology (building_laboratory 0/1)
[2026-05-12 07:26:24] ==== loop 54/∞ | seed=96239353316064498 archetype=balanced personality=defensor focus=eco actions_per_loop=1 ====
[07:26:25] planet 75: building queue full (5)
[2026-05-12 07:26:45] ==== loop 55/∞ | seed=96239353316064498 archetype=balanced personality=defensor focus=eco actions_per_loop=1 ====
[07:26:46] planet 75: building queue full (5)
[07:26:46] research: blocked research_energy_technology (building_laboratory 0/1)
[2026-05-12 07:27:05] ==== loop 56/∞ | seed=96239353316064498 archetype=balanced personality=defensor focus=eco actions_per_loop=1 ====
[07:27:05] planet 75: building queue full (5)
[2026-05-12 07:27:21] ==== loop 57/∞ | seed=96239353316064498 archetype=balanced personality=defensor focus=eco actions_per_loop=1 ====
[07:27:21] planet 75: building queue full (5)
[2026-05-12 07:28:01] ==== loop 59/∞ | seed=96239353316064498 archetype=balanced personality=defensor focus=eco actions_per_loop=1 ====
[07:28:02] planet 75: queued building_crystal_mine to 5
[07:28:02] research: blocked research_energy_technology (building_laboratory 0/1)
[2026-05-12 07:28:24] ==== loop 60/∞ | seed=96239353316064498 archetype=balanced personality=defensor focus=eco actions_per_loop=1 ====
[07:28:25] planet 75: building queue full (5)
[2026-05-12 07:28:45] ==== loop 61/∞ | seed=96239353316064498 archetype=balanced personality=defensor focus=eco actions_per_loop=1 ====
[07:28:46] planet 75: building queue full (5)
[07:28:46] research: blocked research_energy_technology (building_laboratory 0/1)
[2026-05-12 07:29:27] ==== loop 63/∞ | seed=96239353316064498 archetype=balanced personality=defensor focus=eco actions_per_loop=1 ====
[07:29:27] planet 75: building queue full (5)
[07:29:27] research: blocked research_energy_technology (building_laboratory 0/1)
[2026-05-12 07:29:50] ==== loop 64/∞ | seed=96239353316064498 archetype=balanced personality=defensor focus=eco actions_per_loop=1 ====
[07:29:50] alliance: idle no_candidate
[07:29:50] planet 75: building queue full (5)
[07:29:50] research: blocked research_energy_technology (building_laboratory 0/1)
[2026-05-12 07:30:12] ==== loop 65/∞ | seed=96239353316064498 archetype=balanced personality=defensor focus=eco actions_per_loop=1 ====
[07:30:13] planet 75: building queue full (5)
[2026-05-12 07:30:54] ==== loop 67/∞ | seed=96239353316064498 archetype=balanced personality=defensor focus=eco actions_per_loop=1 ====
[07:30:55] planet 75: building queue full (5)
[2026-05-12 07:31:37] ==== loop 69/∞ | seed=96239353316064498 archetype=balanced personality=defensor focus=eco actions_per_loop=1 ====
[07:31:37] planet 75: building queue full (5)
[07:31:37] research: blocked research_energy_technology (building_laboratory 0/1)
[2026-05-12 07:31:56] ==== loop 70/∞ | seed=96239353316064498 archetype=balanced personality=defensor focus=eco actions_per_loop=1 ====
[07:31:57] planet 75: building queue full (5)
[07:31:57] research: blocked research_energy_technology (building_laboratory 0/1)
[2026-05-12 07:32:18] ==== loop 71/∞ | seed=96239353316064498 archetype=balanced personality=defensor focus=eco actions_per_loop=1 ====
[07:32:19] planet 75: building queue full (5)
[2026-05-12 07:32:59] ==== loop 73/∞ | seed=96239353316064498 archetype=balanced personality=defensor focus=eco actions_per_loop=1 ====
[07:32:59] planet 75: building queue full (5)
[2026-05-12 07:33:45] ==== loop 75/∞ | seed=96239353316064498 archetype=balanced personality=defensor focus=eco actions_per_loop=1 ====
[07:33:46] planet 75: building queue full (5)
[2026-05-12 07:34:06] ==== loop 76/∞ | seed=96239353316064498 archetype=balanced personality=defensor focus=eco actions_per_loop=1 ====
[07:34:08] planet 75: building queue full (5)
[07:34:08] research: blocked research_energy_technology (building_laboratory 0/1)
[2026-05-12 07:34:25] ==== loop 77/∞ | seed=96239353316064498 archetype=balanced personality=defensor focus=eco actions_per_loop=1 ====
[07:34:25] planet 75: building queue full (5)
[2026-05-12 07:34:45] ==== loop 78/∞ | seed=96239353316064498 archetype=balanced personality=defensor focus=eco actions_per_loop=1 ====
[07:34:46] planet 75: building queue full (5)
[07:34:46] research: blocked research_energy_technology (building_laboratory 0/1)
[2026-05-12 07:35:03] ==== loop 79/∞ | seed=96239353316064498 archetype=balanced personality=defensor focus=eco actions_per_loop=1 ====
[07:35:04] planet 75: building queue full (5)
[07:35:04] research: blocked research_energy_technology (building_laboratory 0/1)
[2026-05-12 07:35:47] ==== loop 81/∞ | seed=96239353316064498 archetype=balanced personality=defensor focus=eco actions_per_loop=1 ====
[07:35:47] planet 75: queued building_crystal_mine to 6
[2026-05-12 07:36:07] ==== loop 82/∞ | seed=96239353316064498 archetype=balanced personality=defensor focus=eco actions_per_loop=1 ====
[07:36:08] planet 75: building queue full (5)
[2026-05-12 07:37:14] ==== loop 85/∞ | seed=96239353316064498 archetype=balanced personality=defensor focus=eco actions_per_loop=1 ====
[07:37:15] planet 75: building queue full (5)
[2026-05-12 07:37:35] ==== loop 86/∞ | seed=96239353316064498 archetype=balanced personality=defensor focus=eco actions_per_loop=1 ====
[07:37:36] planet 75: building queue full (5)
[07:37:36] research: blocked research_energy_technology (building_laboratory 0/1)
[2026-05-12 07:37:58] ==== loop 87/∞ | seed=96239353316064498 archetype=balanced personality=defensor focus=eco actions_per_loop=1 ====
[07:37:59] planet 75: building queue full (5)
[07:37:59] research: blocked research_energy_technology (building_laboratory 0/1)
[2026-05-12 07:38:20] ==== loop 88/∞ | seed=96239353316064498 archetype=balanced personality=defensor focus=eco actions_per_loop=1 ====
[07:38:21] planet 75: building queue full (5)
[07:38:21] research: blocked research_energy_technology (building_laboratory 0/1)
[2026-05-12 07:39:21] ==== loop 91/∞ | seed=96239353316064498 archetype=balanced personality=defensor focus=eco actions_per_loop=1 ====
[07:39:22] planet 75: building queue full (5)
[07:39:22] research: blocked research_energy_technology (building_laboratory 0/1)
[2026-05-12 07:39:59] ==== loop 93/∞ | seed=96239353316064498 archetype=balanced personality=defensor focus=eco actions_per_loop=1 ====
[07:39:59] planet 75: building queue full (5)
[2026-05-12 07:40:17] ==== loop 94/∞ | seed=96239353316064498 archetype=balanced personality=defensor focus=eco actions_per_loop=1 ====
[07:40:18] planet 75: building queue full (5)
[2026-05-12 07:40:36] ==== loop 95/∞ | seed=96239353316064498 archetype=balanced personality=defensor focus=eco actions_per_loop=1 ====
[07:40:36] planet 75: building queue full (5)
[07:40:36] research: blocked research_energy_technology (building_laboratory 0/1)
[2026-05-12 07:40:54] ==== loop 96/∞ | seed=96239353316064498 archetype=balanced personality=defensor focus=eco actions_per_loop=1 ====
[07:40:55] planet 75: building queue full (5)
[07:40:55] research: blocked research_energy_technology (building_laboratory 0/1)
[2026-05-12 07:41:14] ==== loop 97/∞ | seed=96239353316064498 archetype=balanced personality=defensor focus=eco actions_per_loop=1 ====
[07:41:15] planet 75: building queue full (5)
[07:41:15] research: blocked research_energy_technology (building_laboratory 0/1)
[2026-05-12 07:41:34] ==== loop 98/∞ | seed=96239353316064498 archetype=balanced personality=defensor focus=eco actions_per_loop=1 ====
[07:41:34] planet 75: building queue full (5)
[2026-05-12 07:41:57] ==== loop 99/∞ | seed=96239353316064498 archetype=balanced personality=defensor focus=eco actions_per_loop=1 ====
[07:41:57] planet 75: building queue full (5)
[2026-05-12 07:42:17] ==== loop 100/∞ | seed=96239353316064498 archetype=balanced personality=defensor focus=eco actions_per_loop=1 ====
[07:42:18] planet 75: building queue full (5)
[2026-05-12 07:42:38] ==== loop 101/∞ | seed=96239353316064498 archetype=balanced personality=defensor focus=eco actions_per_loop=1 ====
[07:42:39] planet 75: building queue full (5)
[2026-05-12 07:43:01] ==== loop 102/∞ | seed=96239353316064498 archetype=balanced personality=defensor focus=eco actions_per_loop=1 ====
[07:43:02] planet 75: building queue full (5)
[07:43:02] research: blocked research_energy_technology (building_laboratory 0/1)
[2026-05-12 07:43:44] ==== loop 104/∞ | seed=96239353316064498 archetype=balanced personality=defensor focus=eco actions_per_loop=1 ====
[07:43:45] alliance: idle no_candidate
[07:43:45] planet 75: building queue full (5)
[2026-05-12 07:44:08] ==== loop 105/∞ | seed=96239353316064498 archetype=balanced personality=defensor focus=eco actions_per_loop=1 ====
[07:44:08] planet 75: building queue full (5)
[2026-05-12 07:44:53] ==== loop 107/∞ | seed=96239353316064498 archetype=balanced personality=defensor focus=eco actions_per_loop=1 ====
[07:44:54] planet 75: building queue full (5)
[07:44:54] research: blocked research_energy_technology (building_laboratory 0/1)
[2026-05-12 07:45:35] ==== loop 109/∞ | seed=96239353316064498 archetype=balanced personality=defensor focus=eco actions_per_loop=1 ====
[07:45:36] planet 75: building queue full (5)
[07:45:36] research: blocked research_energy_technology (building_laboratory 0/1)
[2026-05-12 07:46:16] ==== loop 111/∞ | seed=96239353316064498 archetype=balanced personality=defensor focus=eco actions_per_loop=1 ====
[07:46:18] planet 75: queued building_crystal_mine to 7
[2026-05-12 07:46:38] ==== loop 112/∞ | seed=96239353316064498 archetype=balanced personality=defensor focus=eco actions_per_loop=1 ====
[07:46:39] planet 75: building queue full (5)
[2026-05-12 07:47:18] ==== loop 114/∞ | seed=96239353316064498 archetype=balanced personality=defensor focus=eco actions_per_loop=1 ====
[07:47:18] planet 75: building queue full (5)
[2026-05-12 07:47:38] ==== loop 115/∞ | seed=96239353316064498 archetype=balanced personality=defensor focus=eco actions_per_loop=1 ====
[07:47:38] planet 75: building queue full (5)
[2026-05-12 07:48:18] ==== loop 117/∞ | seed=96239353316064498 archetype=balanced personality=defensor focus=eco actions_per_loop=1 ====
[07:48:18] planet 75: building queue full (5)
[07:48:18] research: blocked research_energy_technology (building_laboratory 0/1)
[2026-05-12 07:48:39] ==== loop 118/∞ | seed=96239353316064498 archetype=balanced personality=defensor focus=eco actions_per_loop=1 ====
[07:48:40] planet 75: building queue full (5)
[07:48:40] research: blocked research_energy_technology (building_laboratory 0/1)
[2026-05-12 07:48:58] ==== loop 119/∞ | seed=96239353316064498 archetype=balanced personality=defensor focus=eco actions_per_loop=1 ====
[07:48:59] planet 75: building queue full (5)
[07:48:59] research: blocked research_energy_technology (building_laboratory 0/1)
[2026-05-12 07:49:17] ==== loop 120/∞ | seed=96239353316064498 archetype=balanced personality=defensor focus=eco actions_per_loop=1 ====
[07:49:18] planet 75: building queue full (5)
[2026-05-12 07:49:37] ==== loop 121/∞ | seed=96239353316064498 archetype=balanced personality=defensor focus=eco actions_per_loop=1 ====
[07:49:38] planet 75: building queue full (5)
[2026-05-12 07:50:39] ==== loop 124/∞ | seed=96239353316064498 archetype=balanced personality=defensor focus=eco actions_per_loop=1 ====
[07:50:41] alliance: idle no_candidate
[07:50:41] planet 75: building queue full (5)
[2026-05-12 07:51:00] ==== loop 125/∞ | seed=96239353316064498 archetype=balanced personality=defensor focus=eco actions_per_loop=1 ====
[07:51:00] planet 75: building queue full (5)
[2026-05-12 07:51:20] ==== loop 126/∞ | seed=96239353316064498 archetype=balanced personality=defensor focus=eco actions_per_loop=1 ====
[07:51:20] planet 75: building queue full (5)
[2026-05-12 07:51:38] ==== loop 127/∞ | seed=96239353316064498 archetype=balanced personality=defensor focus=eco actions_per_loop=1 ====
[07:51:39] planet 75: building queue full (5)
[07:51:39] research: blocked research_energy_technology (building_laboratory 0/1)
[2026-05-12 07:51:58] ==== loop 128/∞ | seed=96239353316064498 archetype=balanced personality=defensor focus=eco actions_per_loop=1 ====
[07:51:58] planet 75: building queue full (5)
[2026-05-12 07:52:56] ==== loop 131/∞ | seed=96239353316064498 archetype=balanced personality=defensor focus=eco actions_per_loop=1 ====
[07:52:56] planet 75: building queue full (5)
[2026-05-12 07:53:17] ==== loop 132/∞ | seed=96239353316064498 archetype=balanced personality=defensor focus=eco actions_per_loop=1 ====
[07:53:17] planet 75: building queue full (5)
[07:53:17] research: blocked research_energy_technology (building_laboratory 0/1)
[2026-05-12 07:53:37] ==== loop 133/∞ | seed=96239353316064498 archetype=balanced personality=defensor focus=eco actions_per_loop=1 ====
[07:53:38] planet 75: building queue full (5)
[07:53:38] research: blocked research_energy_technology (building_laboratory 0/1)
[2026-05-12 07:53:57] ==== loop 134/∞ | seed=96239353316064498 archetype=balanced personality=defensor focus=eco actions_per_loop=1 ====
[07:53:57] planet 75: building queue full (5)
[2026-05-12 07:54:35] ==== loop 136/∞ | seed=96239353316064498 archetype=balanced personality=defensor focus=eco actions_per_loop=1 ====
[07:54:36] planet 75: building queue full (5)
[2026-05-12 07:54:54] ==== loop 137/∞ | seed=96239353316064498 archetype=balanced personality=defensor focus=eco actions_per_loop=1 ====
[07:54:54] planet 75: building queue full (5)
[2026-05-12 07:55:16] ==== loop 138/∞ | seed=96239353316064498 archetype=balanced personality=defensor focus=eco actions_per_loop=1 ====
[07:55:17] planet 75: building queue full (5)
[2026-05-12 07:55:38] ==== loop 139/∞ | seed=96239353316064498 archetype=balanced personality=defensor focus=eco actions_per_loop=1 ====
[07:55:38] planet 75: building queue full (5)
[2026-05-12 07:55:58] ==== loop 140/∞ | seed=96239353316064498 archetype=balanced personality=defensor focus=eco actions_per_loop=1 ====
[07:55:58] planet 75: building queue full (5)
[07:55:58] research: blocked research_energy_technology (building_laboratory 0/1)
[2026-05-12 07:56:18] ==== loop 141/∞ | seed=96239353316064498 archetype=balanced personality=defensor focus=eco actions_per_loop=1 ====
[07:56:18] planet 75: building queue full (5)
[07:56:18] research: blocked research_energy_technology (building_laboratory 0/1)
[2026-05-12 07:56:38] ==== loop 142/∞ | seed=96239353316064498 archetype=balanced personality=defensor focus=eco actions_per_loop=1 ====
[07:56:39] planet 75: building queue full (5)
[2026-05-12 07:57:18] ==== loop 144/∞ | seed=96239353316064498 archetype=balanced personality=defensor focus=eco actions_per_loop=1 ====
[07:57:19] alliance: idle no_candidate
[07:57:19] planet 75: building queue full (5)
[2026-05-12 07:57:56] ==== loop 146/∞ | seed=96239353316064498 archetype=balanced personality=defensor focus=eco actions_per_loop=1 ====
[07:57:56] planet 75: building queue full (5)
[2026-05-12 07:58:19] ==== loop 147/∞ | seed=96239353316064498 archetype=balanced personality=defensor focus=eco actions_per_loop=1 ====
[07:58:19] planet 75: building queue full (5)
[2026-05-12 07:58:43] ==== loop 148/∞ | seed=96239353316064498 archetype=balanced personality=defensor focus=eco actions_per_loop=1 ====
[07:58:43] planet 75: building queue full (5)
[2026-05-12 07:59:05] ==== loop 149/∞ | seed=96239353316064498 archetype=balanced personality=defensor focus=eco actions_per_loop=1 ====
[07:59:05] planet 75: building queue full (5)
[2026-05-12 07:59:27] ==== loop 150/∞ | seed=96239353316064498 archetype=balanced personality=defensor focus=eco actions_per_loop=1 ====
[07:59:27] planet 75: building queue full (5)
[2026-05-12 07:59:50] ==== loop 151/∞ | seed=96239353316064498 archetype=balanced personality=defensor focus=eco actions_per_loop=1 ====
[07:59:50] planet 75: building queue full (5)
[07:59:50] research: blocked research_energy_technology (building_laboratory 0/1)
[2026-05-12 08:00:10] ==== loop 152/∞ | seed=96239353316064498 archetype=balanced personality=defensor focus=eco actions_per_loop=1 ====
[08:00:11] planet 75: building queue full (5)
[2026-05-12 08:00:31] ==== loop 153/∞ | seed=96239353316064498 archetype=balanced personality=defensor focus=eco actions_per_loop=1 ====
[08:00:32] planet 75: building queue full (5)
[2026-05-12 08:00:52] ==== loop 154/∞ | seed=96239353316064498 archetype=balanced personality=defensor focus=eco actions_per_loop=1 ====
[08:00:53] planet 75: building queue full (5)
[08:00:53] research: blocked research_energy_technology (building_laboratory 0/1)
[2026-05-12 08:01:35] ==== loop 156/∞ | seed=96239353316064498 archetype=balanced personality=defensor focus=eco actions_per_loop=1 ====
[08:01:36] planet 75: building queue full (5)
[2026-05-12 08:01:54] ==== loop 157/∞ | seed=96239353316064498 archetype=balanced personality=defensor focus=eco actions_per_loop=1 ====
[08:01:55] planet 75: building queue full (5)
[08:01:55] research: blocked research_energy_technology (building_laboratory 0/1)
[2026-05-12 08:02:18] ==== loop 158/∞ | seed=96239353316064498 archetype=balanced personality=defensor focus=eco actions_per_loop=1 ====
[08:02:19] planet 75: building queue full (5)
[08:02:19] research: blocked research_energy_technology (building_laboratory 0/1)
[2026-05-12 08:02:37] ==== loop 159/∞ | seed=96239353316064498 archetype=balanced personality=defensor focus=eco actions_per_loop=1 ====
[08:02:37] planet 75: building queue full (5)
[08:02:37] research: blocked research_energy_technology (building_laboratory 0/1)
[2026-05-12 08:03:16] ==== loop 161/∞ | seed=96239353316064498 archetype=balanced personality=defensor focus=eco actions_per_loop=1 ====
[08:03:17] planet 75: queued building_deuterium_sintetizer to 1
[2026-05-12 08:03:56] ==== loop 163/∞ | seed=96239353316064498 archetype=balanced personality=defensor focus=eco actions_per_loop=1 ====
[08:03:56] planet 75: queued building_deuterium_sintetizer to 2
[08:03:56] research: blocked research_energy_technology (building_laboratory 0/1)
[2026-05-12 08:04:15] ==== loop 164/∞ | seed=96239353316064498 archetype=balanced personality=defensor focus=eco actions_per_loop=1 ====
[08:04:16] alliance: idle no_candidate
[08:04:16] planet 75: queued building_deuterium_sintetizer to 3
[08:04:16] research: blocked research_energy_technology (building_laboratory 0/1)
[2026-05-12 08:04:34] ==== loop 165/∞ | seed=96239353316064498 archetype=balanced personality=defensor focus=eco actions_per_loop=1 ====
[08:04:35] planet 75: queued building_deuterium_sintetizer to 4
[08:04:35] research: blocked research_energy_technology (building_laboratory 0/1)
[2026-05-12 08:04:59] ==== loop 166/∞ | seed=96239353316064498 archetype=balanced personality=defensor focus=eco actions_per_loop=1 ====
[08:04:59] planet 75: queued building_deuterium_sintetizer to 5
[2026-05-12 08:05:21] ==== loop 167/∞ | seed=96239353316064498 archetype=balanced personality=defensor focus=eco actions_per_loop=1 ====
[08:05:22] planet 75: queued building_deuterium_sintetizer to 6
[2026-05-12 08:05:41] ==== loop 168/∞ | seed=96239353316064498 archetype=balanced personality=defensor focus=eco actions_per_loop=1 ====
[08:05:43] planet 75: queued building_deuterium_sintetizer to 7
[08:05:43] research: blocked research_energy_technology (building_laboratory 0/1)
[2026-05-12 08:06:01] ==== loop 169/∞ | seed=96239353316064498 archetype=balanced personality=defensor focus=eco actions_per_loop=1 ====
[08:06:01] planet 75: queued building_deuterium_sintetizer to 8
[2026-05-12 08:06:21] ==== loop 170/∞ | seed=96239353316064498 archetype=balanced personality=defensor focus=eco actions_per_loop=1 ====
[08:06:22] planet 75: queued building_deuterium_sintetizer to 9
[08:06:22] research: blocked research_energy_technology (building_laboratory 0/1)
[2026-05-12 08:06:40] ==== loop 171/∞ | seed=96239353316064498 archetype=balanced personality=defensor focus=eco actions_per_loop=1 ====
[08:06:41] planet 75: queued building_deuterium_sintetizer to 10
[2026-05-12 08:07:03] ==== loop 172/∞ | seed=96239353316064498 archetype=balanced personality=defensor focus=eco actions_per_loop=1 ====
[08:07:03] planet 75: queued building_deuterium_sintetizer to 11
[08:07:03] research: blocked research_energy_technology (building_laboratory 0/1)
[2026-05-12 08:07:22] ==== loop 173/∞ | seed=96239353316064498 archetype=balanced personality=defensor focus=eco actions_per_loop=1 ====
[08:07:22] planet 75: queued building_deuterium_sintetizer to 12
[08:07:22] research: blocked research_energy_technology (building_laboratory 0/1)
[2026-05-12 08:07:46] ==== loop 174/∞ | seed=96239353316064498 archetype=balanced personality=defensor focus=eco actions_per_loop=1 ====
[08:07:46] planet 75: queued building_deuterium_sintetizer to 13
[08:07:46] research: blocked research_energy_technology (building_laboratory 0/1)
[2026-05-12 08:08:05] ==== loop 175/∞ | seed=96239353316064498 archetype=balanced personality=defensor focus=eco actions_per_loop=1 ====
[08:08:05] planet 75: building queue full (5)
[08:08:05] research: blocked research_energy_technology (building_laboratory 0/1)
[2026-05-12 08:08:25] ==== loop 176/∞ | seed=96239353316064498 archetype=balanced personality=defensor focus=eco actions_per_loop=1 ====
[08:08:26] planet 75: queued building_crystal_store to 1
[08:08:26] research: blocked research_energy_technology (building_laboratory 0/1)
[2026-05-12 08:08:50] ==== loop 177/∞ | seed=96239353316064498 archetype=balanced personality=defensor focus=eco actions_per_loop=1 ====
[08:08:50] planet 75: building queue full (5)
[08:08:50] research: blocked research_energy_technology (building_laboratory 0/1)
[2026-05-12 08:09:10] ==== loop 178/∞ | seed=96239353316064498 archetype=balanced personality=defensor focus=eco actions_per_loop=1 ====
[08:09:11] planet 75: building queue full (5)
[2026-05-12 08:09:33] ==== loop 179/∞ | seed=96239353316064498 archetype=balanced personality=defensor focus=eco actions_per_loop=1 ====
[08:09:33] planet 75: building queue full (5)
[2026-05-12 08:09:52] ==== loop 180/∞ | seed=96239353316064498 archetype=balanced personality=defensor focus=eco actions_per_loop=1 ====
[08:09:52] planet 75: building queue full (5)
[08:09:52] research: blocked research_energy_technology (building_laboratory 0/1)
[2026-05-12 08:10:16] ==== loop 181/∞ | seed=96239353316064498 archetype=balanced personality=defensor focus=eco actions_per_loop=1 ====
[08:10:16] planet 75: queued building_crystal_mine to 8
[08:10:16] research: blocked research_energy_technology (building_laboratory 0/1)
[2026-05-12 08:10:38] ==== loop 182/∞ | seed=96239353316064498 archetype=balanced personality=defensor focus=eco actions_per_loop=1 ====
[08:10:39] planet 75: building queue full (5)
[08:10:39] research: blocked research_energy_technology (building_laboratory 0/1)
[2026-05-12 08:11:01] ==== loop 183/∞ | seed=96239353316064498 archetype=balanced personality=defensor focus=eco actions_per_loop=1 ====
[08:11:02] planet 75: building queue full (5)
[08:11:02] research: blocked research_energy_technology (building_laboratory 0/1)
[2026-05-12 08:12:26] ==== loop 187/∞ | seed=96239353316064498 archetype=balanced personality=defensor focus=eco actions_per_loop=1 ====
[08:12:28] planet 75: building queue full (5)
[2026-05-12 08:13:57] ==== loop 191/∞ | seed=96239353316064498 archetype=balanced personality=defensor focus=eco actions_per_loop=1 ====
[08:13:58] planet 75: queued building_crystal_mine to 9
[08:13:58] research: blocked research_energy_technology (building_laboratory 0/1)
[2026-05-12 08:14:20] ==== loop 192/∞ | seed=96239353316064498 archetype=balanced personality=defensor focus=eco actions_per_loop=1 ====
[08:14:20] planet 75: building queue full (5)
[2026-05-12 08:14:40] ==== loop 193/∞ | seed=96239353316064498 archetype=balanced personality=defensor focus=eco actions_per_loop=1 ====
[08:14:41] planet 75: building queue full (5)
[08:14:41] research: blocked research_energy_technology (building_laboratory 0/1)
[2026-05-12 08:15:02] ==== loop 194/∞ | seed=96239353316064498 archetype=balanced personality=defensor focus=eco actions_per_loop=1 ====
[08:15:03] planet 75: building queue full (5)
[08:15:03] research: blocked research_energy_technology (building_laboratory 0/1)
[2026-05-12 08:16:13] ==== loop 197/∞ | seed=96239353316064498 archetype=balanced personality=defensor focus=eco actions_per_loop=1 ====
[08:16:14] planet 75: building queue full (5)
[08:16:14] research: blocked research_energy_technology (building_laboratory 0/1)
[2026-05-12 08:17:19] ==== loop 200/∞ | seed=96239353316064498 archetype=balanced personality=defensor focus=eco actions_per_loop=1 ====
[08:17:19] planet 75: queued building_crystal_mine to 10
[08:17:19] research: blocked research_energy_technology (building_laboratory 0/1)
[2026-05-12 08:17:40] ==== loop 201/∞ | seed=96239353316064498 archetype=balanced personality=defensor focus=eco actions_per_loop=1 ====
[08:17:40] planet 75: building queue full (5)
[08:17:40] research: blocked research_energy_technology (building_laboratory 0/1)
[2026-05-12 08:18:01] ==== loop 202/∞ | seed=96239353316064498 archetype=balanced personality=defensor focus=eco actions_per_loop=1 ====
[08:18:02] planet 75: building queue full (5)
[2026-05-12 08:18:25] ==== loop 203/∞ | seed=96239353316064498 archetype=balanced personality=defensor focus=eco actions_per_loop=1 ====
[08:18:25] planet 75: building queue full (5)
[2026-05-12 08:18:48] ==== loop 204/∞ | seed=96239353316064498 archetype=balanced personality=defensor focus=eco actions_per_loop=1 ====
[08:18:49] alliance: idle no_candidate
[08:18:49] planet 75: building queue full (5)
[08:18:49] research: blocked research_energy_technology (building_laboratory 0/1)
[2026-05-12 08:19:10] ==== loop 205/∞ | seed=96239353316064498 archetype=balanced personality=defensor focus=eco actions_per_loop=1 ====
[08:19:11] planet 75: building queue full (5)
[2026-05-12 08:19:50] ==== loop 207/∞ | seed=96239353316064498 archetype=balanced personality=defensor focus=eco actions_per_loop=1 ====
[08:19:51] planet 75: building queue full (5)
[2026-05-12 08:20:12] ==== loop 208/∞ | seed=96239353316064498 archetype=balanced personality=defensor focus=eco actions_per_loop=1 ====
[08:20:13] planet 75: building queue full (5)
[08:20:13] research: blocked research_energy_technology (building_laboratory 0/1)
[2026-05-12 08:20:34] ==== loop 209/∞ | seed=96239353316064498 archetype=balanced personality=defensor focus=eco actions_per_loop=1 ====
[08:20:35] planet 75: building queue full (5)
[2026-05-12 08:20:57] ==== loop 210/∞ | seed=96239353316064498 archetype=balanced personality=defensor focus=eco actions_per_loop=1 ====
[08:20:58] planet 75: building queue full (5)
[08:20:58] research: blocked research_energy_technology (building_laboratory 0/1)
[2026-05-12 08:21:19] ==== loop 211/∞ | seed=96239353316064498 archetype=balanced personality=defensor focus=eco actions_per_loop=1 ====
[08:21:19] planet 75: building queue full (5)
[08:21:19] research: blocked research_energy_technology (building_laboratory 0/1)
[2026-05-12 08:21:42] ==== loop 212/∞ | seed=96239353316064498 archetype=balanced personality=defensor focus=eco actions_per_loop=1 ====
[08:21:42] planet 75: building queue full (5)
[2026-05-12 08:22:03] ==== loop 213/∞ | seed=96239353316064498 archetype=balanced personality=defensor focus=eco actions_per_loop=1 ====
[08:22:03] planet 75: building queue full (5)
[2026-05-12 08:22:45] ==== loop 215/∞ | seed=96239353316064498 archetype=balanced personality=defensor focus=eco actions_per_loop=1 ====
[08:22:45] planet 75: building queue full (5)
[08:22:45] research: blocked research_energy_technology (building_laboratory 0/1)
[2026-05-12 08:23:10] ==== loop 216/∞ | seed=96239353316064498 archetype=balanced personality=defensor focus=eco actions_per_loop=1 ====
[08:23:11] planet 75: building queue full (5)
[08:23:11] research: blocked research_energy_technology (building_laboratory 0/1)
[2026-05-12 08:23:34] ==== loop 217/∞ | seed=96239353316064498 archetype=balanced personality=defensor focus=eco actions_per_loop=1 ====
[08:23:34] planet 75: queued building_deuterium_sintetizer to 14
[2026-05-12 08:23:57] ==== loop 218/∞ | seed=96239353316064498 archetype=balanced personality=defensor focus=eco actions_per_loop=1 ====
[08:23:59] planet 75: queued building_deuterium_sintetizer to 15
[2026-05-12 08:24:23] ==== loop 219/∞ | seed=96239353316064498 archetype=balanced personality=defensor focus=eco actions_per_loop=1 ====
[08:24:24] planet 75: queued building_crystal_store to 2
[2026-05-12 08:24:49] ==== loop 220/∞ | seed=96239353316064498 archetype=balanced personality=defensor focus=eco actions_per_loop=1 ====
[08:24:50] planet 75: queued building_crystal_store to 3
[2026-05-12 08:26:04] ==== loop 223/∞ | seed=96239353316064498 archetype=balanced personality=defensor focus=eco actions_per_loop=1 ====
[08:26:05] planet 75: queued building_crystal_store to 4
[2026-05-12 08:26:30] ==== loop 224/∞ | seed=96239353316064498 archetype=balanced personality=defensor focus=eco actions_per_loop=1 ====
[08:26:31] alliance: idle no_candidate
[08:26:31] planet 75: building queue full (5)
[08:26:31] research: blocked research_energy_technology (building_laboratory 0/1)
[2026-05-12 08:26:57] ==== loop 225/∞ | seed=96239353316064498 archetype=balanced personality=defensor focus=eco actions_per_loop=1 ====
[08:26:57] planet 75: building queue full (5)
[2026-05-12 08:27:24] ==== loop 226/∞ | seed=96239353316064498 archetype=balanced personality=defensor focus=eco actions_per_loop=1 ====
[08:27:24] planet 75: building queue full (5)
[08:27:24] research: blocked research_energy_technology (building_laboratory 0/1)
[2026-05-12 08:27:53] ==== loop 227/∞ | seed=96239353316064498 archetype=balanced personality=defensor focus=eco actions_per_loop=1 ====
[08:27:54] planet 75: building queue full (5)
[08:27:54] research: blocked research_energy_technology (building_laboratory 0/1)
[2026-05-12 08:28:19] ==== loop 228/∞ | seed=96239353316064498 archetype=balanced personality=defensor focus=eco actions_per_loop=1 ====
[08:28:19] planet 75: building queue full (5)
[2026-05-12 08:29:09] ==== loop 230/∞ | seed=96239353316064498 archetype=balanced personality=defensor focus=eco actions_per_loop=1 ====
[08:29:09] planet 75: building queue full (5)
[2026-05-12 08:29:33] ==== loop 231/∞ | seed=96239353316064498 archetype=balanced personality=defensor focus=eco actions_per_loop=1 ====
[08:29:33] planet 75: building queue full (5)
[08:29:33] research: blocked research_energy_technology (building_laboratory 0/1)
[2026-05-12 08:29:59] ==== loop 232/∞ | seed=96239353316064498 archetype=balanced personality=defensor focus=eco actions_per_loop=1 ====
[08:29:59] planet 75: building queue full (5)
[08:29:59] research: blocked research_energy_technology (building_laboratory 0/1)
[2026-05-12 08:30:24] ==== loop 233/∞ | seed=96239353316064498 archetype=balanced personality=defensor focus=eco actions_per_loop=1 ====
[08:30:25] planet 75: building queue full (5)
[2026-05-12 08:30:48] ==== loop 234/∞ | seed=96239353316064498 archetype=balanced personality=defensor focus=eco actions_per_loop=1 ====
[08:30:49] planet 75: building queue full (5)
[08:30:49] research: blocked research_energy_technology (building_laboratory 0/1)
[2026-05-12 08:31:12] ==== loop 235/∞ | seed=96239353316064498 archetype=balanced personality=defensor focus=eco actions_per_loop=1 ====
[08:31:13] planet 75: building queue full (5)
[2026-05-12 08:31:34] ==== loop 236/∞ | seed=96239353316064498 archetype=balanced personality=defensor focus=eco actions_per_loop=1 ====
[08:31:35] planet 75: building queue full (5)
[08:31:35] research: blocked research_energy_technology (building_laboratory 0/1)
[2026-05-12 08:31:56] ==== loop 237/∞ | seed=96239353316064498 archetype=balanced personality=defensor focus=eco actions_per_loop=1 ====
[08:31:56] planet 75: building queue full (5)
[08:31:56] research: blocked research_energy_technology (building_laboratory 0/1)
[2026-05-12 08:32:19] ==== loop 238/∞ | seed=96239353316064498 archetype=balanced personality=defensor focus=eco actions_per_loop=1 ====
[08:32:20] planet 75: building queue full (5)
[2026-05-12 08:32:42] ==== loop 239/∞ | seed=96239353316064498 archetype=balanced personality=defensor focus=eco actions_per_loop=1 ====
[08:32:42] planet 75: building queue full (5)
[2026-05-12 08:33:28] ==== loop 241/∞ | seed=96239353316064498 archetype=balanced personality=defensor focus=eco actions_per_loop=1 ====
[08:33:28] planet 75: building queue full (5)
[08:33:28] research: blocked research_energy_technology (building_laboratory 0/1)
[2026-05-12 08:33:48] ==== loop 242/∞ | seed=96239353316064498 archetype=balanced personality=defensor focus=eco actions_per_loop=1 ====
[08:33:48] planet 75: building queue full (5)
[2026-05-12 08:34:10] ==== loop 243/∞ | seed=96239353316064498 archetype=balanced personality=defensor focus=eco actions_per_loop=1 ====
[08:34:11] planet 75: building queue full (5)
[2026-05-12 08:34:31] ==== loop 244/∞ | seed=96239353316064498 archetype=balanced personality=defensor focus=eco actions_per_loop=1 ====
[08:34:32] alliance: idle no_candidate
[08:34:32] planet 75: queued building_deuterium_sintetizer to 16
[08:34:32] research: blocked research_energy_technology (building_laboratory 0/1)
[2026-05-12 08:34:53] ==== loop 245/∞ | seed=96239353316064498 archetype=balanced personality=defensor focus=eco actions_per_loop=1 ====
[08:34:54] planet 75: no resources for building_deuterium_sintetizer+1
[08:34:54] research: blocked research_energy_technology (building_laboratory 0/1)
[2026-05-12 08:35:16] ==== loop 246/∞ | seed=96239353316064498 archetype=balanced personality=defensor focus=eco actions_per_loop=1 ====
[08:35:16] planet 75: no resources for building_deuterium_sintetizer+1
[08:35:16] research: blocked research_energy_technology (building_laboratory 0/1)
[2026-05-12 08:35:37] ==== loop 247/∞ | seed=96239353316064498 archetype=balanced personality=defensor focus=eco actions_per_loop=1 ====
[08:35:38] planet 75: no resources for building_deuterium_sintetizer+1
[08:35:38] research: blocked research_energy_technology (building_laboratory 0/1)
[2026-05-12 08:36:22] ==== loop 249/∞ | seed=96239353316064498 archetype=balanced personality=defensor focus=eco actions_per_loop=1 ====
[08:36:23] planet 75: no resources for building_deuterium_sintetizer+1
[2026-05-12 08:36:43] ==== loop 250/∞ | seed=96239353316064498 archetype=balanced personality=defensor focus=eco actions_per_loop=1 ====
[08:36:45] planet 75: no resources for building_deuterium_sintetizer+1
[2026-05-12 08:37:09] ==== loop 251/∞ | seed=96239353316064498 archetype=balanced personality=defensor focus=eco actions_per_loop=1 ====
[08:37:10] planet 75: no resources for building_deuterium_sintetizer+1
[2026-05-12 08:37:31] ==== loop 252/∞ | seed=96239353316064498 archetype=balanced personality=defensor focus=eco actions_per_loop=1 ====
[08:37:31] planet 75: no resources for building_deuterium_sintetizer+1
[2026-05-12 08:37:53] ==== loop 253/∞ | seed=96239353316064498 archetype=balanced personality=defensor focus=eco actions_per_loop=1 ====
[08:37:54] planet 75: no resources for building_deuterium_sintetizer+1
[08:37:54] research: blocked research_energy_technology (building_laboratory 0/1)
[2026-05-12 08:38:16] ==== loop 254/∞ | seed=96239353316064498 archetype=balanced personality=defensor focus=eco actions_per_loop=1 ====
[08:38:17] planet 75: no resources for building_deuterium_sintetizer+1
[08:38:17] research: blocked research_energy_technology (building_laboratory 0/1)
[2026-05-12 08:39:02] ==== loop 256/∞ | seed=96239353316064498 archetype=balanced personality=defensor focus=eco actions_per_loop=1 ====
[08:39:03] planet 75: no resources for building_deuterium_sintetizer+1
[08:39:03] research: blocked research_energy_technology (building_laboratory 0/1)
[2026-05-12 08:39:24] ==== loop 257/∞ | seed=96239353316064498 archetype=balanced personality=defensor focus=eco actions_per_loop=1 ====
[08:39:24] planet 75: no resources for building_deuterium_sintetizer+1
[08:39:24] research: blocked research_energy_technology (building_laboratory 0/1)
[2026-05-12 08:39:45] ==== loop 258/∞ | seed=96239353316064498 archetype=balanced personality=defensor focus=eco actions_per_loop=1 ====
[08:39:45] planet 75: no resources for building_deuterium_sintetizer+1
[2026-05-12 08:40:06] ==== loop 259/∞ | seed=96239353316064498 archetype=balanced personality=defensor focus=eco actions_per_loop=1 ====
[08:40:06] planet 75: building queue full (5)
[08:40:06] research: blocked research_energy_technology (building_laboratory 0/1)
[2026-05-12 08:40:30] ==== loop 260/∞ | seed=96239353316064498 archetype=balanced personality=defensor focus=eco actions_per_loop=1 ====
[08:40:30] planet 75: building queue full (5)
[08:40:30] research: blocked research_energy_technology (building_laboratory 0/1)
[2026-05-12 08:40:52] ==== loop 261/∞ | seed=96239353316064498 archetype=balanced personality=defensor focus=eco actions_per_loop=1 ====
[08:40:52] planet 75: building queue full (5)
[08:40:52] research: blocked research_energy_technology (building_laboratory 0/1)
[2026-05-12 08:41:15] ==== loop 262/∞ | seed=96239353316064498 archetype=balanced personality=defensor focus=eco actions_per_loop=1 ====
[08:41:16] planet 75: building queue full (5)
[2026-05-12 08:41:33] ==== loop 263/∞ | seed=96239353316064498 archetype=balanced personality=defensor focus=eco actions_per_loop=1 ====
[08:41:34] planet 75: building queue full (5)
[08:41:34] research: blocked research_energy_technology (building_laboratory 0/1)
[2026-05-12 08:41:54] ==== loop 264/∞ | seed=96239353316064498 archetype=balanced personality=defensor focus=eco actions_per_loop=1 ====
[08:41:55] alliance: idle no_candidate
[08:41:55] planet 75: building queue full (5)
[2026-05-12 08:42:16] ==== loop 265/∞ | seed=96239353316064498 archetype=balanced personality=defensor focus=eco actions_per_loop=1 ====
[08:42:17] planet 75: building queue full (5)
[2026-05-12 08:42:40] ==== loop 266/∞ | seed=96239353316064498 archetype=balanced personality=defensor focus=eco actions_per_loop=1 ====
[08:42:41] planet 75: building queue full (5)
[08:42:41] research: blocked research_energy_technology (building_laboratory 0/1)
[2026-05-12 08:43:00] ==== loop 267/∞ | seed=96239353316064498 archetype=balanced personality=defensor focus=eco actions_per_loop=1 ====
[08:43:00] planet 75: building queue full (5)
[2026-05-12 08:43:19] ==== loop 268/∞ | seed=96239353316064498 archetype=balanced personality=defensor focus=eco actions_per_loop=1 ====
[08:43:19] planet 75: building queue full (5)
[2026-05-12 08:43:38] ==== loop 269/∞ | seed=96239353316064498 archetype=balanced personality=defensor focus=eco actions_per_loop=1 ====
[08:43:38] planet 75: building queue full (5)
[08:43:38] research: blocked research_energy_technology (building_laboratory 0/1)
[2026-05-12 08:44:16] ==== loop 271/∞ | seed=96239353316064498 archetype=balanced personality=defensor focus=eco actions_per_loop=1 ====
[08:44:16] planet 75: building queue full (5)
[2026-05-12 08:44:36] ==== loop 272/∞ | seed=96239353316064498 archetype=balanced personality=defensor focus=eco actions_per_loop=1 ====
[08:44:37] planet 75: building queue full (5)
[2026-05-12 08:44:57] ==== loop 273/∞ | seed=96239353316064498 archetype=balanced personality=defensor focus=eco actions_per_loop=1 ====
[08:44:58] planet 75: building queue full (5)
[08:44:58] research: blocked research_energy_technology (building_laboratory 0/1)
[2026-05-12 08:45:37] ==== loop 275/∞ | seed=96239353316064498 archetype=balanced personality=defensor focus=eco actions_per_loop=1 ====
[08:45:37] planet 75: building queue full (5)
[08:45:37] research: blocked research_energy_technology (building_laboratory 0/1)
[2026-05-12 08:45:59] ==== loop 276/∞ | seed=96239353316064498 archetype=balanced personality=defensor focus=eco actions_per_loop=1 ====
[08:45:59] planet 75: building queue full (5)
[2026-05-12 08:46:23] ==== loop 277/∞ | seed=96239353316064498 archetype=balanced personality=defensor focus=eco actions_per_loop=1 ====
[08:46:23] planet 75: building queue full (5)
[2026-05-12 08:47:03] ==== loop 279/∞ | seed=96239353316064498 archetype=balanced personality=defensor focus=eco actions_per_loop=1 ====
[08:47:04] planet 75: building queue full (5)
[2026-05-12 08:47:41] ==== loop 281/∞ | seed=96239353316064498 archetype=balanced personality=defensor focus=eco actions_per_loop=1 ====
[08:47:41] planet 75: building queue full (5)
[08:47:41] research: blocked research_energy_technology (building_laboratory 0/1)
[2026-05-12 08:48:03] ==== loop 282/∞ | seed=96239353316064498 archetype=balanced personality=defensor focus=eco actions_per_loop=1 ====
[08:48:03] planet 75: building queue full (5)
[08:48:03] research: blocked research_energy_technology (building_laboratory 0/1)
[2026-05-12 08:48:20] ==== loop 283/∞ | seed=96239353316064498 archetype=balanced personality=defensor focus=eco actions_per_loop=1 ====
[08:48:21] planet 75: queued building_metal_mine to 2
[08:48:21] research: blocked research_energy_technology (building_laboratory 0/1)
[2026-05-12 08:49:34] ==== loop 287/∞ | seed=96239353316064498 archetype=balanced personality=defensor focus=eco actions_per_loop=1 ====
[08:49:35] planet 75: queued building_metal_mine to 3
[08:49:35] research: blocked research_energy_technology (building_laboratory 0/1)
[2026-05-12 08:49:52] ==== loop 288/∞ | seed=96239353316064498 archetype=balanced personality=defensor focus=eco actions_per_loop=1 ====
[08:49:54] planet 75: queued building_metal_mine to 4
[08:49:54] research: blocked research_energy_technology (building_laboratory 0/1)
[2026-05-12 08:50:12] ==== loop 289/∞ | seed=96239353316064498 archetype=balanced personality=defensor focus=eco actions_per_loop=1 ====
[08:50:13] planet 75: queued building_crystal_store to 5
[2026-05-12 08:50:31] ==== loop 290/∞ | seed=96239353316064498 archetype=balanced personality=defensor focus=eco actions_per_loop=1 ====
[08:50:31] planet 75: building queue full (5)
[2026-05-12 08:50:52] ==== loop 291/∞ | seed=96239353316064498 archetype=balanced personality=defensor focus=eco actions_per_loop=1 ====
[08:50:53] planet 75: building queue full (5)
[2026-05-12 08:51:58] ==== loop 294/∞ | seed=96239353316064498 archetype=balanced personality=defensor focus=eco actions_per_loop=1 ====
[08:51:59] planet 75: building queue full (5)
[2026-05-12 08:52:21] ==== loop 295/∞ | seed=96239353316064498 archetype=balanced personality=defensor focus=eco actions_per_loop=1 ====
[08:52:22] planet 75: building queue full (5)
[08:52:22] research: blocked research_energy_technology (building_laboratory 0/1)
[2026-05-12 08:52:46] ==== loop 296/∞ | seed=96239353316064498 archetype=balanced personality=defensor focus=eco actions_per_loop=1 ====
[08:52:47] planet 75: building queue full (5)
[08:52:47] research: blocked research_energy_technology (building_laboratory 0/1)
[2026-05-12 08:53:32] ==== loop 298/∞ | seed=96239353316064498 archetype=balanced personality=defensor focus=eco actions_per_loop=1 ====
[08:53:33] planet 75: building queue full (5)
[08:53:33] research: blocked research_energy_technology (building_laboratory 0/1)
[2026-05-12 08:54:17] ==== loop 300/∞ | seed=96239353316064498 archetype=balanced personality=defensor focus=eco actions_per_loop=1 ====
[08:54:17] planet 75: building queue full (5)
[08:54:17] research: blocked research_energy_technology (building_laboratory 0/1)
[2026-05-12 08:54:38] ==== loop 301/∞ | seed=96239353316064498 archetype=balanced personality=defensor focus=eco actions_per_loop=1 ====
[08:54:39] planet 75: building queue full (5)
[08:54:39] research: blocked research_energy_technology (building_laboratory 0/1)
[2026-05-12 08:55:01] ==== loop 302/∞ | seed=96239353316064498 archetype=balanced personality=defensor focus=eco actions_per_loop=1 ====
[08:55:01] planet 75: building queue full (5)
[08:55:01] research: blocked research_energy_technology (building_laboratory 0/1)
[2026-05-12 08:55:23] ==== loop 303/∞ | seed=96239353316064498 archetype=balanced personality=defensor focus=eco actions_per_loop=1 ====
[08:55:24] planet 75: building queue full (5)
[08:55:24] research: blocked research_energy_technology (building_laboratory 0/1)
[2026-05-12 08:55:45] ==== loop 304/∞ | seed=96239353316064498 archetype=balanced personality=defensor focus=eco actions_per_loop=1 ====
[08:55:46] alliance: idle no_candidate
[08:55:46] planet 75: building queue full (5)
[2026-05-12 08:56:09] ==== loop 305/∞ | seed=96239353316064498 archetype=balanced personality=defensor focus=eco actions_per_loop=1 ====
[08:56:09] planet 75: building queue full (5)
[2026-05-12 08:56:31] ==== loop 306/∞ | seed=96239353316064498 archetype=balanced personality=defensor focus=eco actions_per_loop=1 ====
[08:56:32] planet 75: building queue full (5)
[2026-05-12 08:56:55] ==== loop 307/∞ | seed=96239353316064498 archetype=balanced personality=defensor focus=eco actions_per_loop=1 ====
[08:56:55] planet 75: building queue full (5)
[08:56:55] research: blocked research_energy_technology (building_laboratory 0/1)
[2026-05-12 08:57:16] ==== loop 308/∞ | seed=96239353316064498 archetype=balanced personality=defensor focus=eco actions_per_loop=1 ====
[08:57:17] planet 75: building queue full (5)
[08:57:17] research: blocked research_energy_technology (building_laboratory 0/1)
[2026-05-12 08:58:05] ==== loop 310/∞ | seed=96239353316064498 archetype=balanced personality=defensor focus=eco actions_per_loop=1 ====
[08:58:06] planet 75: building queue full (5)
[2026-05-12 08:58:28] ==== loop 311/∞ | seed=96239353316064498 archetype=balanced personality=defensor focus=eco actions_per_loop=1 ====
[08:58:28] planet 75: building queue full (5)
[08:58:28] research: blocked research_energy_technology (building_laboratory 0/1)
[2026-05-12 08:58:50] ==== loop 312/∞ | seed=96239353316064498 archetype=balanced personality=defensor focus=eco actions_per_loop=1 ====
[08:58:51] planet 75: building queue full (5)
[2026-05-12 08:59:18] ==== loop 313/∞ | seed=96239353316064498 archetype=balanced personality=defensor focus=eco actions_per_loop=1 ====
[08:59:18] planet 75: building queue full (5)
[2026-05-12 09:00:03] ==== loop 315/∞ | seed=96239353316064498 archetype=balanced personality=defensor focus=eco actions_per_loop=1 ====
[09:00:03] planet 75: building queue full (5)
[2026-05-12 09:00:26] ==== loop 316/∞ | seed=96239353316064498 archetype=balanced personality=defensor focus=eco actions_per_loop=1 ====
[09:00:26] planet 75: building queue full (5)
[2026-05-12 09:00:47] ==== loop 317/∞ | seed=96239353316064498 archetype=balanced personality=defensor focus=eco actions_per_loop=1 ====
[09:00:48] planet 75: building queue full (5)
[09:00:48] research: blocked research_energy_technology (building_laboratory 0/1)
[2026-05-12 09:01:10] ==== loop 318/∞ | seed=96239353316064498 archetype=balanced personality=defensor focus=eco actions_per_loop=1 ====
[09:01:10] planet 75: building queue full (5)
[2026-05-12 09:01:29] ==== loop 319/∞ | seed=96239353316064498 archetype=balanced personality=defensor focus=eco actions_per_loop=1 ====
[09:01:30] planet 75: building queue full (5)
[09:01:30] research: blocked research_energy_technology (building_laboratory 0/1)
[2026-05-12 09:02:14] ==== loop 321/∞ | seed=96239353316064498 archetype=balanced personality=defensor focus=eco actions_per_loop=1 ====
[09:02:15] planet 75: building queue full (5)
[09:02:15] research: blocked research_energy_technology (building_laboratory 0/1)
[2026-05-12 09:03:03] ==== loop 1/∞ | seed=96239353316064498 archetype=balanced personality=defensor focus=eco actions_per_loop=1 ====
[09:03:03] planet 75: building queue full (5)
[09:03:03] research: blocked research_energy_technology (building_laboratory 0/1)
[2026-05-12 09:03:44] ==== loop 2/∞ | seed=96239353316064498 archetype=balanced personality=defensor focus=eco actions_per_loop=1 ====
[09:03:45] planet 75: building queue full (5)
[2026-05-12 09:04:25] ==== loop 3/∞ | seed=96239353316064498 archetype=balanced personality=defensor focus=eco actions_per_loop=1 ====
[09:04:26] alliance: idle no_candidate
[09:04:26] planet 75: building queue full (5)
[2026-05-12 09:05:10] ==== loop 4/∞ | seed=96239353316064498 archetype=balanced personality=defensor focus=eco actions_per_loop=1 ====
[09:05:11] planet 75: building queue full (5)
[09:05:11] research: blocked research_energy_technology (building_laboratory 0/1)
[2026-05-12 09:05:51] ==== loop 5/∞ | seed=96239353316064498 archetype=balanced personality=defensor focus=eco actions_per_loop=1 ====
[09:05:51] planet 75: building queue full (5)
[2026-05-12 09:06:32] ==== loop 6/∞ | seed=96239353316064498 archetype=balanced personality=defensor focus=eco actions_per_loop=1 ====
[09:06:33] planet 75: building queue full (5)
[09:06:33] research: blocked research_energy_technology (building_laboratory 0/1)
[2026-05-12 09:07:18] ==== loop 7/∞ | seed=96239353316064498 archetype=balanced personality=defensor focus=eco actions_per_loop=1 ====
[09:07:18] planet 75: building queue full (5)
[09:07:18] research: blocked research_energy_technology (building_laboratory 0/1)
[2026-05-12 09:08:04] ==== loop 8/∞ | seed=96239353316064498 archetype=balanced personality=defensor focus=eco actions_per_loop=1 ====
[09:08:04] planet 75: building queue full (5)
[2026-05-12 09:08:45] ==== loop 9/∞ | seed=96239353316064498 archetype=balanced personality=defensor focus=eco actions_per_loop=1 ====
[09:08:46] planet 75: building queue full (5)
[2026-05-12 09:10:14] ==== loop 11/∞ | seed=96239353316064498 archetype=balanced personality=defensor focus=eco actions_per_loop=1 ====
[09:10:14] planet 75: building queue full (5)
[2026-05-12 09:10:53] ==== loop 12/∞ | seed=96239353316064498 archetype=balanced personality=defensor focus=eco actions_per_loop=1 ====
[09:10:54] planet 75: queued building_deuterium_tank to 1
[09:10:54] research: blocked research_energy_technology (building_laboratory 0/1)
[2026-05-12 09:11:35] ==== loop 13/∞ | seed=96239353316064498 archetype=balanced personality=defensor focus=eco actions_per_loop=1 ====
[09:11:35] planet 75: building queue full (5)
[09:11:35] research: blocked research_energy_technology (building_laboratory 0/1)
[2026-05-12 09:12:20] ==== loop 14/∞ | seed=96239353316064498 archetype=balanced personality=defensor focus=eco actions_per_loop=1 ====
[09:12:21] planet 75: building queue full (5)
[09:12:21] research: blocked research_energy_technology (building_laboratory 0/1)
[2026-05-12 09:13:05] ==== loop 15/∞ | seed=96239353316064498 archetype=balanced personality=defensor focus=eco actions_per_loop=1 ====
[09:13:06] planet 75: building queue full (5)
[09:13:06] research: blocked research_energy_technology (building_laboratory 0/1)
[2026-05-12 09:13:54] ==== loop 16/∞ | seed=96239353316064498 archetype=balanced personality=defensor focus=eco actions_per_loop=1 ====
[09:13:55] planet 75: queued building_deuterium_tank to 2
[2026-05-12 09:14:43] ==== loop 17/∞ | seed=96239353316064498 archetype=balanced personality=defensor focus=eco actions_per_loop=1 ====
[09:14:44] planet 75: queued building_deuterium_tank to 3
[09:14:44] research: blocked research_energy_technology (building_laboratory 0/1)
[2026-05-12 09:15:27] ==== loop 18/∞ | seed=96239353316064498 archetype=balanced personality=defensor focus=eco actions_per_loop=1 ====
[09:15:27] planet 75: queued building_deuterium_tank to 4
[09:15:27] research: blocked research_energy_technology (building_laboratory 0/1)
[2026-05-12 09:16:15] ==== loop 19/∞ | seed=96239353316064498 archetype=balanced personality=defensor focus=eco actions_per_loop=1 ====
[09:16:15] planet 75: building queue full (5)
[09:16:15] research: blocked research_energy_technology (building_laboratory 0/1)
[2026-05-12 09:16:58] ==== loop 20/∞ | seed=96239353316064498 archetype=balanced personality=defensor focus=eco actions_per_loop=1 ====
[09:16:58] planet 75: queued building_deuterium_tank to 5
[09:16:58] research: blocked research_energy_technology (building_laboratory 0/1)
[2026-05-12 09:17:47] ==== loop 21/∞ | seed=96239353316064498 archetype=balanced personality=defensor focus=eco actions_per_loop=1 ====
[09:17:48] planet 75: building queue full (5)
[2026-05-12 09:19:09] ==== loop 1/∞ | seed=96239353316064498 archetype=balanced personality=defensor focus=eco actions_per_loop=1 ====
[09:19:11] planet 75: building queue full (5)
[09:19:11] research: blocked research_energy_technology (building_laboratory 0/1)
[2026-05-12 09:21:29] ==== loop 4/∞ | seed=96239353316064498 archetype=balanced personality=defensor focus=eco actions_per_loop=1 ====
[09:21:30] planet 75: queued building_deuterium_tank to 6
[09:21:30] research: blocked research_energy_technology (building_laboratory 0/1)
[2026-05-12 09:22:19] ==== loop 5/∞ | seed=96239353316064498 archetype=balanced personality=defensor focus=eco actions_per_loop=1 ====
[09:22:19] planet 75: building queue full (5)
[2026-05-12 09:23:04] ==== loop 6/∞ | seed=96239353316064498 archetype=balanced personality=defensor focus=eco actions_per_loop=1 ====
[09:23:05] planet 75: building queue full (5)
[2026-05-12 09:23:48] ==== loop 7/∞ | seed=96239353316064498 archetype=balanced personality=defensor focus=eco actions_per_loop=1 ====
[09:23:50] planet 75: building queue full (5)
[2026-05-12 09:24:30] ==== loop 8/∞ | seed=96239353316064498 archetype=balanced personality=defensor focus=eco actions_per_loop=1 ====
[09:24:31] planet 75: building queue full (5)
[09:24:31] research: blocked research_energy_technology (building_laboratory 0/1)
[2026-05-12 09:25:20] ==== loop 9/∞ | seed=96239353316064498 archetype=balanced personality=defensor focus=eco actions_per_loop=1 ====
[09:25:21] planet 75: building queue full (5)
[09:25:21] research: blocked research_energy_technology (building_laboratory 0/1)
[2026-05-12 09:26:07] ==== loop 10/∞ | seed=96239353316064498 archetype=balanced personality=defensor focus=eco actions_per_loop=1 ====
[09:26:08] planet 75: building queue full (5)
[2026-05-12 09:27:40] ==== loop 12/∞ | seed=96239353316064498 archetype=balanced personality=defensor focus=eco actions_per_loop=1 ====
[09:27:41] planet 75: building queue full (5)
[09:27:41] research: blocked research_energy_technology (building_laboratory 0/1)
[2026-05-12 09:28:28] ==== loop 13/∞ | seed=96239353316064498 archetype=balanced personality=defensor focus=eco actions_per_loop=1 ====
[09:28:29] planet 75: building queue full (5)
[09:28:29] research: blocked research_energy_technology (building_laboratory 0/1)
[2026-05-12 09:29:17] ==== loop 14/∞ | seed=96239353316064498 archetype=balanced personality=defensor focus=eco actions_per_loop=1 ====
[09:29:18] planet 75: building queue full (5)
[09:29:18] research: blocked research_energy_technology (building_laboratory 0/1)
[2026-05-12 09:30:03] ==== loop 15/∞ | seed=96239353316064498 archetype=balanced personality=defensor focus=eco actions_per_loop=1 ====
[09:30:03] planet 75: queued building_metal_mine to 5
[09:30:03] research: blocked research_energy_technology (building_laboratory 0/1)
[2026-05-12 09:31:32] ==== loop 17/∞ | seed=96239353316064498 archetype=balanced personality=defensor focus=eco actions_per_loop=1 ====
[09:31:33] planet 75: building queue full (5)
[2026-05-12 09:32:16] ==== loop 18/∞ | seed=96239353316064498 archetype=balanced personality=defensor focus=eco actions_per_loop=1 ====
[09:32:16] planet 75: queued building_metal_mine to 6
[09:32:16] research: blocked research_energy_technology (building_laboratory 0/1)
[2026-05-12 09:32:57] ==== loop 19/∞ | seed=96239353316064498 archetype=balanced personality=defensor focus=eco actions_per_loop=1 ====
[09:32:58] planet 75: queued building_metal_mine to 7
[2026-05-12 09:33:41] ==== loop 20/∞ | seed=96239353316064498 archetype=balanced personality=defensor focus=eco actions_per_loop=1 ====
[09:33:42] planet 75: queued building_metal_mine to 8
[09:33:42] research: blocked research_energy_technology (building_laboratory 0/1)
[2026-05-12 09:34:38] ==== loop 1/∞ | seed=96239353316064498 archetype=balanced personality=defensor focus=eco actions_per_loop=1 ====
[09:34:38] planet 75: queued building_metal_mine to 9
[09:34:38] research: blocked research_energy_technology (building_laboratory 0/1)
[2026-05-12 09:36:03] ==== loop 3/∞ | seed=96239353316064498 archetype=balanced personality=defensor focus=eco actions_per_loop=1 ====
[09:36:03] planet 75: queued building_metal_mine to 10
[2026-05-12 09:37:28] ==== loop 5/∞ | seed=96239353316064498 archetype=balanced personality=defensor focus=eco actions_per_loop=1 ====
[09:37:29] planet 75: queued building_metal_mine to 11
[09:37:29] research: blocked research_energy_technology (building_laboratory 0/1)
[2026-05-12 09:38:10] ==== loop 6/∞ | seed=96239353316064498 archetype=balanced personality=defensor focus=eco actions_per_loop=1 ====
[09:38:10] planet 75: queue busy, throttled building_robot_factory
[09:38:10] research: blocked research_energy_technology (building_laboratory 0/1)
[2026-05-12 09:38:49] ==== loop 7/∞ | seed=96239353316064498 archetype=balanced personality=defensor focus=eco actions_per_loop=1 ====
[09:38:49] planet 75: queue busy, throttled building_robot_factory
[09:38:49] research: blocked research_energy_technology (building_laboratory 0/1)
[2026-05-12 09:39:28] ==== loop 8/∞ | seed=96239353316064498 archetype=balanced personality=defensor focus=eco actions_per_loop=1 ====
[09:39:28] planet 75: queue busy, throttled building_robot_factory
[09:39:28] research: blocked research_energy_technology (building_laboratory 0/1)
[2026-05-12 09:40:11] ==== loop 9/∞ | seed=96239353316064498 archetype=balanced personality=defensor focus=eco actions_per_loop=1 ====
[09:40:11] planet 75: queue busy, throttled building_robot_factory
[09:40:11] research: blocked research_energy_technology (building_laboratory 0/1)
[2026-05-12 09:40:56] ==== loop 10/∞ | seed=96239353316064498 archetype=balanced personality=defensor focus=eco actions_per_loop=1 ====
[09:40:56] planet 75: queue busy, throttled building_robot_factory
[2026-05-12 09:41:39] ==== loop 11/∞ | seed=96239353316064498 archetype=balanced personality=defensor focus=eco actions_per_loop=1 ====
[09:41:39] planet 75: queue busy, throttled building_robot_factory
[09:41:39] research: blocked research_energy_technology (building_laboratory 0/1)
[2026-05-12 09:42:23] ==== loop 12/∞ | seed=96239353316064498 archetype=balanced personality=defensor focus=eco actions_per_loop=1 ====
[09:42:23] planet 75: queue busy, throttled building_robot_factory
[09:42:23] research: blocked research_energy_technology (building_laboratory 0/1)
[2026-05-12 09:43:07] ==== loop 13/∞ | seed=96239353316064498 archetype=balanced personality=defensor focus=eco actions_per_loop=1 ====
[09:43:07] planet 75: queue busy, throttled building_robot_factory
[2026-05-12 09:43:52] ==== loop 14/∞ | seed=96239353316064498 archetype=balanced personality=defensor focus=eco actions_per_loop=1 ====
[09:43:52] planet 75: queue busy, throttled building_robot_factory
[09:43:52] research: blocked research_energy_technology (building_laboratory 0/1)
[2026-05-12 09:44:31] ==== loop 15/∞ | seed=96239353316064498 archetype=balanced personality=defensor focus=eco actions_per_loop=1 ====
[09:44:31] planet 75: queue busy, throttled building_robot_factory
[09:44:31] research: blocked research_energy_technology (building_laboratory 0/1)
[2026-05-12 09:45:15] ==== loop 16/∞ | seed=96239353316064498 archetype=balanced personality=defensor focus=eco actions_per_loop=1 ====
[09:45:15] planet 75: queue busy, throttled building_robot_factory
[09:45:15] research: blocked research_energy_technology (building_laboratory 0/1)
[2026-05-12 09:46:01] ==== loop 17/∞ | seed=96239353316064498 archetype=balanced personality=defensor focus=eco actions_per_loop=1 ====
[09:46:01] planet 75: queue busy, throttled building_robot_factory
[2026-05-12 09:46:46] ==== loop 18/∞ | seed=96239353316064498 archetype=balanced personality=defensor focus=eco actions_per_loop=1 ====
[09:46:46] planet 75: queue busy, throttled building_robot_factory
[2026-05-12 09:47:30] ==== loop 19/∞ | seed=96239353316064498 archetype=balanced personality=defensor focus=eco actions_per_loop=1 ====
[09:47:30] planet 75: queue busy, throttled building_robot_factory
[2026-05-12 09:48:14] ==== loop 20/∞ | seed=96239353316064498 archetype=balanced personality=defensor focus=eco actions_per_loop=1 ====
[09:48:14] planet 75: queue busy, throttled building_robot_factory
[2026-05-12 09:49:00] ==== loop 21/∞ | seed=96239353316064498 archetype=balanced personality=defensor focus=eco actions_per_loop=1 ====
[09:49:00] planet 75: queue busy, throttled building_robot_factory
[09:49:00] research: blocked research_energy_technology (building_laboratory 0/1)
[2026-05-12 09:49:48] ==== loop 22/∞ | seed=96239353316064498 archetype=balanced personality=defensor focus=eco actions_per_loop=1 ====
[09:49:48] alliance: idle no_candidate
[09:49:48] planet 75: queue busy, throttled building_robot_factory
[2026-05-12 09:50:29] ==== loop 23/∞ | seed=96239353316064498 archetype=balanced personality=defensor focus=eco actions_per_loop=1 ====
[09:50:29] planet 75: queue busy, throttled building_robot_factory
[2026-05-12 09:51:12] ==== loop 24/∞ | seed=96239353316064498 archetype=balanced personality=defensor focus=eco actions_per_loop=1 ====
[09:51:12] planet 75: queue busy, throttled building_robot_factory
[2026-05-12 09:52:32] ==== loop 26/∞ | seed=96239353316064498 archetype=balanced personality=defensor focus=eco actions_per_loop=1 ====
[09:52:32] planet 75: queue busy, throttled building_robot_factory
[09:52:32] research: blocked research_energy_technology (building_laboratory 0/1)
[2026-05-12 09:53:11] ==== loop 27/∞ | seed=96239353316064498 archetype=balanced personality=defensor focus=eco actions_per_loop=1 ====
[09:53:11] planet 75: queue busy, throttled building_robot_factory
[2026-05-12 09:53:55] ==== loop 28/∞ | seed=96239353316064498 archetype=balanced personality=defensor focus=eco actions_per_loop=1 ====
[09:53:55] planet 75: queue busy, throttled building_robot_factory
[2026-05-12 09:54:42] ==== loop 29/∞ | seed=96239353316064498 archetype=balanced personality=defensor focus=eco actions_per_loop=1 ====
[09:54:42] planet 75: queue busy, throttled building_robot_factory
[09:54:42] research: blocked research_energy_technology (building_laboratory 0/1)
[2026-05-12 09:55:23] ==== loop 30/∞ | seed=96239353316064498 archetype=balanced personality=defensor focus=eco actions_per_loop=1 ====
[09:55:23] planet 75: queue busy, throttled building_robot_factory
[09:55:23] research: blocked research_energy_technology (building_laboratory 0/1)
[2026-05-12 09:56:09] ==== loop 31/∞ | seed=96239353316064498 archetype=balanced personality=defensor focus=eco actions_per_loop=1 ====
[09:56:09] planet 75: queue busy, throttled building_robot_factory
[2026-05-12 09:56:56] ==== loop 32/∞ | seed=96239353316064498 archetype=balanced personality=defensor focus=eco actions_per_loop=1 ====
[09:56:56] planet 75: queue busy, throttled building_robot_factory
[09:56:56] research: blocked research_energy_technology (building_laboratory 0/1)
[2026-05-12 09:57:40] ==== loop 33/∞ | seed=96239353316064498 archetype=balanced personality=defensor focus=eco actions_per_loop=1 ====
[09:57:40] planet 75: queue busy, throttled building_robot_factory
[09:57:40] research: blocked research_energy_technology (building_laboratory 0/1)
[2026-05-12 09:58:26] ==== loop 34/∞ | seed=96239353316064498 archetype=balanced personality=defensor focus=eco actions_per_loop=1 ====
[09:58:26] planet 75: queue busy, throttled building_robot_factory
[2026-05-12 09:59:10] ==== loop 35/∞ | seed=96239353316064498 archetype=balanced personality=defensor focus=eco actions_per_loop=1 ====
[09:59:10] planet 75: queue busy, throttled building_robot_factory
[09:59:10] research: blocked research_energy_technology (building_laboratory 0/1)
[2026-05-12 09:59:53] ==== loop 36/∞ | seed=96239353316064498 archetype=balanced personality=defensor focus=eco actions_per_loop=1 ====
[09:59:53] planet 75: queue busy, throttled building_robot_factory
[2026-05-12 10:00:35] ==== loop 37/∞ | seed=96239353316064498 archetype=balanced personality=defensor focus=eco actions_per_loop=1 ====
[10:00:35] planet 75: queue busy, throttled building_robot_factory
[2026-05-12 10:02:45] ==== loop 40/∞ | seed=96239353316064498 archetype=balanced personality=defensor focus=eco actions_per_loop=1 ====
[10:02:45] planet 75: queue busy, throttled building_robot_factory
[2026-05-12 10:03:28] ==== loop 41/∞ | seed=96239353316064498 archetype=balanced personality=defensor focus=eco actions_per_loop=1 ====
[10:03:28] planet 75: queue busy, throttled building_robot_factory
[10:03:28] research: blocked research_energy_technology (building_laboratory 0/1)
[2026-05-12 10:04:11] ==== loop 42/∞ | seed=96239353316064498 archetype=balanced personality=defensor focus=eco actions_per_loop=1 ====
[10:04:11] alliance: idle no_candidate
[10:04:11] planet 75: queue busy, throttled building_robot_factory
[10:04:11] research: blocked research_energy_technology (building_laboratory 0/1)
[2026-05-12 10:04:53] ==== loop 43/∞ | seed=96239353316064498 archetype=balanced personality=defensor focus=eco actions_per_loop=1 ====
[10:04:53] planet 75: queue busy, throttled building_robot_factory
[10:04:53] research: blocked research_energy_technology (building_laboratory 0/1)
[2026-05-12 10:06:24] ==== loop 45/∞ | seed=96239353316064498 archetype=balanced personality=defensor focus=eco actions_per_loop=1 ====
[10:06:24] planet 75: queue busy, throttled building_robot_factory
[10:06:24] research: blocked research_energy_technology (building_laboratory 0/1)
[2026-05-12 10:07:11] ==== loop 46/∞ | seed=96239353316064498 archetype=balanced personality=defensor focus=eco actions_per_loop=1 ====
[10:07:11] planet 75: queue busy, throttled building_robot_factory
[2026-05-12 10:07:55] ==== loop 47/∞ | seed=96239353316064498 archetype=balanced personality=defensor focus=eco actions_per_loop=1 ====
[10:07:55] planet 75: queue busy, throttled building_robot_factory
[2026-05-12 10:09:21] ==== loop 49/∞ | seed=96239353316064498 archetype=balanced personality=defensor focus=eco actions_per_loop=1 ====
[10:09:21] planet 75: queue busy, throttled building_robot_factory
[10:09:21] research: blocked research_energy_technology (building_laboratory 0/1)
[2026-05-12 10:10:04] ==== loop 50/∞ | seed=96239353316064498 archetype=balanced personality=defensor focus=eco actions_per_loop=1 ====
[10:10:04] planet 75: queue busy, throttled building_robot_factory
[10:10:04] research: blocked research_energy_technology (building_laboratory 0/1)
[2026-05-12 10:10:45] ==== loop 51/∞ | seed=96239353316064498 archetype=balanced personality=defensor focus=eco actions_per_loop=1 ====
[10:10:45] planet 75: queue busy, throttled building_robot_factory
[10:10:45] research: blocked research_energy_technology (building_laboratory 0/1)
[2026-05-12 10:12:08] ==== loop 2/∞ | seed=96239353316064498 archetype=balanced personality=defensor focus=eco actions_per_loop=1 ====
[10:12:08] planet 75: queue busy, throttled building_robot_factory
[10:12:08] research: blocked research_energy_technology (building_laboratory 0/1)
[2026-05-12 10:12:44] ==== loop 3/∞ | seed=96239353316064498 archetype=balanced personality=defensor focus=eco actions_per_loop=1 ====
[10:12:44] planet 75: queue busy, throttled building_robot_factory
[10:12:44] research: blocked research_energy_technology (building_laboratory 0/1)
[2026-05-12 10:13:18] ==== loop 4/∞ | seed=96239353316064498 archetype=balanced personality=defensor focus=eco actions_per_loop=1 ====
[10:13:18] planet 75: queue busy, throttled building_robot_factory
[10:13:18] research: blocked research_energy_technology (building_laboratory 0/1)
[2026-05-12 10:13:49] ==== loop 5/∞ | seed=96239353316064498 archetype=balanced personality=defensor focus=eco actions_per_loop=1 ====
[10:13:49] planet 75: queue busy, throttled building_robot_factory
[10:13:49] research: blocked research_energy_technology (building_laboratory 0/1)
[2026-05-12 10:15:02] ==== loop 7/∞ | seed=96239353316064498 archetype=balanced personality=defensor focus=eco actions_per_loop=1 ====
[10:15:02] planet 75: queue busy, throttled building_robot_factory
[2026-05-12 10:15:43] ==== loop 8/∞ | seed=96239353316064498 archetype=balanced personality=defensor focus=eco actions_per_loop=1 ====
[10:15:43] planet 75: queue busy, throttled building_robot_factory
[2026-05-12 10:16:20] ==== loop 9/∞ | seed=96239353316064498 archetype=balanced personality=defensor focus=eco actions_per_loop=1 ====
[10:16:20] planet 75: queue busy, throttled building_robot_factory
[2026-05-12 10:16:58] ==== loop 10/∞ | seed=96239353316064498 archetype=balanced personality=defensor focus=eco actions_per_loop=1 ====
[10:16:58] planet 75: queue busy, throttled building_robot_factory
[10:16:58] research: blocked research_energy_technology (building_laboratory 0/1)
[2026-05-12 10:18:14] ==== loop 12/∞ | seed=96239353316064498 archetype=balanced personality=defensor focus=eco actions_per_loop=1 ====
[10:18:14] planet 75: queue busy, throttled building_robot_factory
[10:18:14] research: blocked research_energy_technology (building_laboratory 0/1)
[2026-05-12 10:18:50] ==== loop 13/∞ | seed=96239353316064498 archetype=balanced personality=defensor focus=eco actions_per_loop=1 ====
[10:18:50] planet 75: queue busy, throttled building_robot_factory
[2026-05-12 10:19:28] ==== loop 14/∞ | seed=96239353316064498 archetype=balanced personality=defensor focus=eco actions_per_loop=1 ====
[10:19:28] planet 75: queue busy, throttled building_robot_factory
[10:19:28] research: blocked research_energy_technology (building_laboratory 0/1)
[2026-05-12 10:20:45] ==== loop 16/∞ | seed=96239353316064498 archetype=balanced personality=defensor focus=eco actions_per_loop=1 ====
[10:20:45] planet 75: queue busy, throttled building_robot_factory
[10:20:45] research: blocked research_energy_technology (building_laboratory 0/1)
[2026-05-12 10:21:56] ==== loop 18/∞ | seed=96239353316064498 archetype=balanced personality=defensor focus=eco actions_per_loop=1 ====
[10:21:56] planet 75: queue busy, throttled building_robot_factory
[2026-05-12 10:22:34] ==== loop 19/∞ | seed=96239353316064498 archetype=balanced personality=defensor focus=eco actions_per_loop=1 ====
[10:22:34] planet 75: queue busy, throttled building_robot_factory
[10:22:34] research: blocked research_energy_technology (building_laboratory 0/1)
[2026-05-12 10:23:09] ==== loop 20/∞ | seed=96239353316064498 archetype=balanced personality=defensor focus=eco actions_per_loop=1 ====
[10:23:09] planet 75: queue busy, throttled building_robot_factory
[10:23:09] research: blocked research_energy_technology (building_laboratory 0/1)
[2026-05-12 10:24:24] ==== loop 22/∞ | seed=96239353316064498 archetype=balanced personality=defensor focus=eco actions_per_loop=1 ====
[10:24:24] planet 75: queue busy, throttled building_robot_factory
[10:24:24] research: blocked research_energy_technology (building_laboratory 0/1)
[2026-05-12 10:24:59] ==== loop 23/∞ | seed=96239353316064498 archetype=balanced personality=defensor focus=eco actions_per_loop=1 ====
[10:24:59] planet 75: queue busy, throttled building_robot_factory
[10:24:59] research: blocked research_energy_technology (building_laboratory 0/1)
[2026-05-12 10:25:37] ==== loop 24/∞ | seed=96239353316064498 archetype=balanced personality=defensor focus=eco actions_per_loop=1 ====
[10:25:37] planet 75: queue busy, throttled building_robot_factory
[10:25:37] research: blocked research_energy_technology (building_laboratory 0/1)
[2026-05-12 10:26:51] ==== loop 26/∞ | seed=96239353316064498 archetype=balanced personality=defensor focus=eco actions_per_loop=1 ====
[10:26:51] planet 75: queue busy, throttled building_robot_factory
[10:26:51] research: blocked research_energy_technology (building_laboratory 0/1)
[2026-05-12 10:28:11] ==== loop 28/∞ | seed=96239353316064498 archetype=balanced personality=defensor focus=eco actions_per_loop=1 ====
[10:28:11] planet 75: queue busy, throttled building_robot_factory
[2026-05-12 10:28:52] ==== loop 29/∞ | seed=96239353316064498 archetype=balanced personality=defensor focus=eco actions_per_loop=1 ====
[10:28:52] planet 75: queue busy, throttled building_robot_factory
[10:28:52] research: blocked research_energy_technology (building_laboratory 0/1)
[2026-05-12 10:29:30] ==== loop 30/∞ | seed=96239353316064498 archetype=balanced personality=defensor focus=eco actions_per_loop=1 ====
[10:29:30] planet 75: queue busy, throttled building_robot_factory
[2026-05-12 10:30:07] ==== loop 31/∞ | seed=96239353316064498 archetype=balanced personality=defensor focus=eco actions_per_loop=1 ====
[10:30:07] alliance: idle no_candidate
[10:30:07] planet 75: queue busy, throttled building_robot_factory
[2026-05-12 10:30:45] ==== loop 32/∞ | seed=96239353316064498 archetype=balanced personality=defensor focus=eco actions_per_loop=1 ====
[10:30:45] planet 75: queue busy, throttled building_robot_factory
[10:30:45] research: blocked research_energy_technology (building_laboratory 0/1)
[2026-05-12 10:31:25] ==== loop 33/∞ | seed=96239353316064498 archetype=balanced personality=defensor focus=eco actions_per_loop=1 ====
[10:31:25] planet 75: queue busy, throttled building_robot_factory
[2026-05-12 10:32:52] ==== loop 35/∞ | seed=96239353316064498 archetype=balanced personality=defensor focus=eco actions_per_loop=1 ====
[10:32:52] planet 75: queue busy, throttled building_robot_factory
[2026-05-12 10:33:35] ==== loop 36/∞ | seed=96239353316064498 archetype=balanced personality=defensor focus=eco actions_per_loop=1 ====
[10:33:35] planet 75: queue busy, throttled building_robot_factory
[10:33:35] research: blocked research_energy_technology (building_laboratory 0/1)
[2026-05-12 10:34:16] ==== loop 37/∞ | seed=96239353316064498 archetype=balanced personality=defensor focus=eco actions_per_loop=1 ====
[10:34:16] planet 75: queue busy, throttled building_robot_factory
[10:34:16] research: blocked research_energy_technology (building_laboratory 0/1)
[2026-05-12 10:34:59] ==== loop 38/∞ | seed=96239353316064498 archetype=balanced personality=defensor focus=eco actions_per_loop=1 ====
[10:34:59] planet 75: queue busy, throttled building_robot_factory
[10:34:59] research: blocked research_energy_technology (building_laboratory 0/1)
[2026-05-12 10:35:35] ==== loop 39/∞ | seed=96239353316064498 archetype=balanced personality=defensor focus=eco actions_per_loop=1 ====
[10:35:35] planet 75: queue busy, throttled building_robot_factory
[10:35:35] research: blocked research_energy_technology (building_laboratory 0/1)
[2026-05-12 10:36:15] ==== loop 40/∞ | seed=96239353316064498 archetype=balanced personality=defensor focus=eco actions_per_loop=1 ====
[10:36:15] planet 75: queue busy, throttled building_robot_factory
[2026-05-12 10:36:59] ==== loop 41/∞ | seed=96239353316064498 archetype=balanced personality=defensor focus=eco actions_per_loop=1 ====
[10:36:59] planet 75: queue busy, throttled building_robot_factory
[10:36:59] research: blocked research_energy_technology (building_laboratory 0/1)
[2026-05-12 10:39:15] ==== loop 44/∞ | seed=96239353316064498 archetype=balanced personality=defensor focus=eco actions_per_loop=1 ====
[10:39:15] planet 75: queue busy, throttled building_robot_factory
[2026-05-12 10:40:02] ==== loop 45/∞ | seed=96239353316064498 archetype=balanced personality=defensor focus=eco actions_per_loop=1 ====
[10:40:02] planet 75: queue busy, throttled building_robot_factory
[10:40:02] research: blocked research_energy_technology (building_laboratory 0/1)
[2026-05-12 10:40:37] ==== loop 46/∞ | seed=96239353316064498 archetype=balanced personality=defensor focus=eco actions_per_loop=1 ====
[10:40:37] planet 75: queue busy, throttled building_robot_factory
[10:40:37] research: blocked research_energy_technology (building_laboratory 0/1)
[2026-05-12 10:41:21] ==== loop 47/∞ | seed=96239353316064498 archetype=balanced personality=defensor focus=eco actions_per_loop=1 ====
[10:41:21] planet 75: queue busy, throttled building_robot_factory
[10:41:21] research: blocked research_energy_technology (building_laboratory 0/1)
[2026-05-12 10:42:41] ==== loop 49/∞ | seed=96239353316064498 archetype=balanced personality=defensor focus=eco actions_per_loop=1 ====
[10:42:41] planet 75: queue busy, throttled building_robot_factory
[10:42:41] research: blocked research_energy_technology (building_laboratory 0/1)
[2026-05-12 10:43:29] ==== loop 50/∞ | seed=96239353316064498 archetype=balanced personality=defensor focus=eco actions_per_loop=1 ====
[10:43:29] planet 75: queue busy, throttled building_robot_factory
[2026-05-12 10:44:14] ==== loop 51/∞ | seed=96239353316064498 archetype=balanced personality=defensor focus=eco actions_per_loop=1 ====
[10:44:14] alliance: idle no_candidate
[10:44:14] planet 75: queue busy, throttled building_robot_factory
[2026-05-12 10:45:00] ==== loop 1/∞ | seed=96239353316064498 archetype=balanced personality=defensor focus=eco actions_per_loop=1 ====
[10:45:00] planet 75: queue busy, throttled building_robot_factory
[2026-05-12 10:45:46] ==== loop 2/∞ | seed=96239353316064498 archetype=balanced personality=defensor focus=eco actions_per_loop=1 ====
[10:45:46] planet 75: queue busy, throttled building_robot_factory
[2026-05-12 10:46:29] ==== loop 3/∞ | seed=96239353316064498 archetype=balanced personality=defensor focus=eco actions_per_loop=1 ====
[10:46:29] planet 75: queue busy, throttled building_robot_factory
[10:46:29] research: blocked research_energy_technology (building_laboratory 0/1)
[2026-05-12 10:47:08] ==== loop 4/∞ | seed=96239353316064498 archetype=balanced personality=defensor focus=eco actions_per_loop=1 ====
[10:47:08] planet 75: queue busy, throttled building_robot_factory
[10:47:08] research: blocked research_energy_technology (building_laboratory 0/1)
[2026-05-12 10:47:50] ==== loop 5/∞ | seed=96239353316064498 archetype=balanced personality=defensor focus=eco actions_per_loop=1 ====
[10:47:50] planet 75: queue busy, throttled building_robot_factory
[2026-05-12 10:48:30] ==== loop 6/∞ | seed=96239353316064498 archetype=balanced personality=defensor focus=eco actions_per_loop=1 ====
[10:48:30] planet 75: queue busy, throttled building_robot_factory
[10:48:30] research: blocked research_energy_technology (building_laboratory 0/1)
[2026-05-12 10:49:08] ==== loop 7/∞ | seed=96239353316064498 archetype=balanced personality=defensor focus=eco actions_per_loop=1 ====
[10:49:08] planet 75: queue busy, throttled building_robot_factory
[2026-05-12 10:49:46] ==== loop 8/∞ | seed=96239353316064498 archetype=balanced personality=defensor focus=eco actions_per_loop=1 ====
[10:49:46] planet 75: queue busy, throttled building_robot_factory
[2026-05-12 10:50:34] ==== loop 9/∞ | seed=96239353316064498 archetype=balanced personality=defensor focus=eco actions_per_loop=1 ====
[10:50:34] planet 75: queue busy, throttled building_robot_factory
[10:50:34] research: blocked research_energy_technology (building_laboratory 0/1)
[2026-05-12 10:52:47] ==== loop 12/∞ | seed=96239353316064498 archetype=balanced personality=defensor focus=eco actions_per_loop=1 ====
[10:52:47] planet 75: queue busy, throttled building_robot_factory
[2026-05-12 10:53:32] ==== loop 13/∞ | seed=96239353316064498 archetype=balanced personality=defensor focus=eco actions_per_loop=1 ====
[10:53:32] planet 75: queue busy, throttled building_robot_factory
[2026-05-12 10:54:19] ==== loop 14/∞ | seed=96239353316064498 archetype=balanced personality=defensor focus=eco actions_per_loop=1 ====
[10:54:19] planet 75: queue busy, throttled building_robot_factory
[10:54:19] research: blocked research_energy_technology (building_laboratory 0/1)
[2026-05-12 10:55:00] ==== loop 15/∞ | seed=96239353316064498 archetype=balanced personality=defensor focus=eco actions_per_loop=1 ====
[10:55:00] planet 75: queue busy, throttled building_robot_factory
[10:55:00] research: blocked research_energy_technology (building_laboratory 0/1)
[2026-05-12 10:56:30] ==== loop 17/∞ | seed=96239353316064498 archetype=balanced personality=defensor focus=eco actions_per_loop=1 ====
[10:56:30] planet 75: queue busy, throttled building_robot_factory
[10:56:30] research: blocked research_energy_technology (building_laboratory 0/1)
[2026-05-12 10:57:12] ==== loop 18/∞ | seed=96239353316064498 archetype=balanced personality=defensor focus=eco actions_per_loop=1 ====
[10:57:13] planet 75: queue busy, throttled building_robot_factory
[2026-05-12 10:57:57] ==== loop 19/∞ | seed=96239353316064498 archetype=balanced personality=defensor focus=eco actions_per_loop=1 ====
[10:57:57] planet 75: queue busy, throttled building_robot_factory
[10:57:57] research: blocked research_energy_technology (building_laboratory 0/1)
[2026-05-12 10:58:41] ==== loop 20/∞ | seed=96239353316064498 archetype=balanced personality=defensor focus=eco actions_per_loop=1 ====
[10:58:41] alliance: idle no_candidate
[10:58:41] planet 75: queue busy, throttled building_robot_factory
[2026-05-12 10:59:26] ==== loop 21/∞ | seed=96239353316064498 archetype=balanced personality=defensor focus=eco actions_per_loop=1 ====
[10:59:26] planet 75: queue busy, throttled building_robot_factory
[2026-05-12 11:00:08] ==== loop 22/∞ | seed=96239353316064498 archetype=balanced personality=defensor focus=eco actions_per_loop=1 ====
[11:00:08] planet 75: queue busy, throttled building_robot_factory
[11:00:08] research: blocked research_energy_technology (building_laboratory 0/1)
[2026-05-12 11:00:51] ==== loop 23/∞ | seed=96239353316064498 archetype=balanced personality=defensor focus=eco actions_per_loop=1 ====
[11:00:51] planet 75: queue busy, throttled building_robot_factory
[11:00:51] research: blocked research_energy_technology (building_laboratory 0/1)
[2026-05-12 11:03:04] ==== loop 26/∞ | seed=96239353316064498 archetype=balanced personality=defensor focus=eco actions_per_loop=1 ====
[11:03:04] planet 75: queue busy, throttled building_robot_factory
[2026-05-12 11:03:53] ==== loop 27/∞ | seed=96239353316064498 archetype=balanced personality=defensor focus=eco actions_per_loop=1 ====
[11:03:53] planet 75: queue busy, throttled building_robot_factory
[11:03:53] research: blocked research_energy_technology (building_laboratory 0/1)
[2026-05-12 11:04:43] ==== loop 28/∞ | seed=96239353316064498 archetype=balanced personality=defensor focus=eco actions_per_loop=1 ====
[11:04:43] planet 75: queue busy, throttled building_robot_factory
[2026-05-12 11:05:26] ==== loop 29/∞ | seed=96239353316064498 archetype=balanced personality=defensor focus=eco actions_per_loop=1 ====
[11:05:26] planet 75: queue busy, throttled building_robot_factory
[2026-05-12 11:06:12] ==== loop 30/∞ | seed=96239353316064498 archetype=balanced personality=defensor focus=eco actions_per_loop=1 ====
[11:06:12] planet 75: queue busy, throttled building_robot_factory
[2026-05-12 11:07:49] ==== loop 32/∞ | seed=96239353316064498 archetype=balanced personality=defensor focus=eco actions_per_loop=1 ====
[11:07:49] planet 75: queue busy, throttled building_robot_factory
[2026-05-12 11:08:30] ==== loop 33/∞ | seed=96239353316064498 archetype=balanced personality=defensor focus=eco actions_per_loop=1 ====
[11:08:30] planet 75: queue busy, throttled building_robot_factory
[11:08:30] research: blocked research_energy_technology (building_laboratory 0/1)
[2026-05-12 11:09:16] ==== loop 34/∞ | seed=96239353316064498 archetype=balanced personality=defensor focus=eco actions_per_loop=1 ====
[11:09:16] planet 75: queue busy, throttled building_robot_factory
[11:09:16] research: blocked research_energy_technology (building_laboratory 0/1)
[2026-05-12 11:10:07] ==== loop 35/∞ | seed=96239353316064498 archetype=balanced personality=defensor focus=eco actions_per_loop=1 ====
[11:10:07] planet 75: queue busy, throttled building_robot_factory
[2026-05-12 11:10:50] ==== loop 36/∞ | seed=96239353316064498 archetype=balanced personality=defensor focus=eco actions_per_loop=1 ====
[11:10:50] planet 75: queue busy, throttled building_robot_factory
[11:10:50] research: blocked research_energy_technology (building_laboratory 0/1)
[2026-05-12 11:12:56] ==== loop 39/∞ | seed=96239353316064498 archetype=balanced personality=defensor focus=eco actions_per_loop=1 ====
[11:12:56] planet 75: queue busy, throttled building_robot_factory
[2026-05-12 11:14:23] ==== loop 41/∞ | seed=96239353316064498 archetype=balanced personality=defensor focus=eco actions_per_loop=1 ====
[11:14:23] planet 75: queue busy, throttled building_robot_factory
[11:14:23] research: blocked research_energy_technology (building_laboratory 0/1)
[2026-05-12 11:15:05] ==== loop 42/∞ | seed=96239353316064498 archetype=balanced personality=defensor focus=eco actions_per_loop=1 ====
[11:15:05] planet 75: queue busy, throttled building_robot_factory
[2026-05-12 11:15:58] ==== loop 43/∞ | seed=96239353316064498 archetype=balanced personality=defensor focus=eco actions_per_loop=1 ====
[11:15:58] planet 75: queue busy, throttled building_robot_factory
[2026-05-12 11:17:33] ==== loop 45/∞ | seed=96239353316064498 archetype=balanced personality=defensor focus=eco actions_per_loop=1 ====
[11:17:33] planet 75: queue busy, throttled building_robot_factory
[11:17:33] research: blocked research_energy_technology (building_laboratory 0/1)
[2026-05-12 11:18:25] ==== loop 46/∞ | seed=96239353316064498 archetype=balanced personality=defensor focus=eco actions_per_loop=1 ====
[11:18:25] planet 75: queue busy, throttled building_robot_factory
[11:18:25] research: blocked research_energy_technology (building_laboratory 0/1)
[2026-05-12 11:19:53] ==== loop 48/∞ | seed=96239353316064498 archetype=balanced personality=defensor focus=eco actions_per_loop=1 ====
[11:19:53] planet 75: queue busy, throttled building_robot_factory
[2026-05-12 11:21:18] ==== loop 50/∞ | seed=96239353316064498 archetype=balanced personality=defensor focus=eco actions_per_loop=1 ====
[11:21:18] planet 75: queue busy, throttled building_robot_factory
[11:21:18] research: blocked research_energy_technology (building_laboratory 0/1)
[2026-05-12 11:22:42] ==== loop 52/∞ | seed=96239353316064498 archetype=balanced personality=defensor focus=eco actions_per_loop=1 ====
[11:22:42] planet 75: queue busy, throttled building_robot_factory
[11:22:42] research: blocked research_energy_technology (building_laboratory 0/1)
[2026-05-12 11:23:24] ==== loop 53/∞ | seed=96239353316064498 archetype=balanced personality=defensor focus=eco actions_per_loop=1 ====
[11:23:24] planet 75: queue busy, throttled building_robot_factory
[2026-05-12 11:24:06] ==== loop 54/∞ | seed=96239353316064498 archetype=balanced personality=defensor focus=eco actions_per_loop=1 ====
[11:24:06] planet 75: queue busy, throttled building_robot_factory
[2026-05-12 11:24:46] ==== loop 55/∞ | seed=96239353316064498 archetype=balanced personality=defensor focus=eco actions_per_loop=1 ====
[11:24:46] planet 75: queue busy, throttled building_robot_factory
[11:24:46] research: blocked research_energy_technology (building_laboratory 0/1)
[2026-05-12 11:25:29] ==== loop 56/∞ | seed=96239353316064498 archetype=balanced personality=defensor focus=eco actions_per_loop=1 ====
[11:25:30] planet 75: queue busy, throttled building_robot_factory
[11:25:30] research: blocked research_energy_technology (building_laboratory 0/1)
[2026-05-12 11:27:32] ==== loop 59/∞ | seed=96239353316064498 archetype=balanced personality=defensor focus=eco actions_per_loop=1 ====
[11:27:32] planet 75: queue busy, throttled building_robot_factory
[11:27:32] research: blocked research_energy_technology (building_laboratory 0/1)
[2026-05-12 11:28:12] ==== loop 60/∞ | seed=96239353316064498 archetype=balanced personality=defensor focus=eco actions_per_loop=1 ====
[11:28:12] alliance: idle no_candidate
[11:28:12] planet 75: queue busy, throttled building_robot_factory
[2026-05-12 11:29:41] ==== loop 62/∞ | seed=96239353316064498 archetype=balanced personality=defensor focus=eco actions_per_loop=1 ====
[11:29:41] planet 75: queue busy, throttled building_robot_factory
[11:29:41] research: blocked research_energy_technology (building_laboratory 0/1)
[2026-05-12 11:30:22] ==== loop 63/∞ | seed=96239353316064498 archetype=balanced personality=defensor focus=eco actions_per_loop=1 ====
[11:30:22] planet 75: queue busy, throttled building_robot_factory
[11:30:22] research: blocked research_energy_technology (building_laboratory 0/1)
[2026-05-12 11:30:59] ==== loop 64/∞ | seed=96239353316064498 archetype=balanced personality=defensor focus=eco actions_per_loop=1 ====
[11:30:59] planet 75: queue busy, throttled building_robot_factory
[11:30:59] research: blocked research_energy_technology (building_laboratory 0/1)
[2026-05-12 11:32:24] ==== loop 66/∞ | seed=96239353316064498 archetype=balanced personality=defensor focus=eco actions_per_loop=1 ====
[11:32:24] planet 75: queue busy, throttled building_robot_factory
[2026-05-12 11:33:11] ==== loop 67/∞ | seed=96239353316064498 archetype=balanced personality=defensor focus=eco actions_per_loop=1 ====
[11:33:11] planet 75: queue busy, throttled building_robot_factory
[2026-05-12 11:33:50] ==== loop 68/∞ | seed=96239353316064498 archetype=balanced personality=defensor focus=eco actions_per_loop=1 ====
[11:33:50] planet 75: queue busy, throttled building_robot_factory
[2026-05-12 11:35:28] ==== loop 70/∞ | seed=96239353316064498 archetype=balanced personality=defensor focus=eco actions_per_loop=1 ====
[11:35:28] planet 75: queue busy, throttled building_robot_factory
[11:35:28] research: blocked research_energy_technology (building_laboratory 0/1)
[2026-05-12 11:36:15] ==== loop 71/∞ | seed=96239353316064498 archetype=balanced personality=defensor focus=eco actions_per_loop=1 ====
[11:36:15] planet 75: queue busy, throttled building_robot_factory
[2026-05-12 11:37:49] ==== loop 73/∞ | seed=96239353316064498 archetype=balanced personality=defensor focus=eco actions_per_loop=1 ====
[11:37:49] planet 75: queue busy, throttled building_robot_factory
[11:37:49] research: blocked research_energy_technology (building_laboratory 0/1)
[2026-05-12 11:39:25] ==== loop 75/∞ | seed=96239353316064498 archetype=balanced personality=defensor focus=eco actions_per_loop=1 ====
[11:39:25] planet 75: queue busy, throttled building_robot_factory
[11:39:25] research: blocked research_energy_technology (building_laboratory 0/1)
[2026-05-12 11:40:05] ==== loop 76/∞ | seed=96239353316064498 archetype=balanced personality=defensor focus=eco actions_per_loop=1 ====
[11:40:05] planet 75: queue busy, throttled building_robot_factory
[11:40:05] research: blocked research_energy_technology (building_laboratory 0/1)
[2026-05-12 11:41:44] ==== loop 78/∞ | seed=96239353316064498 archetype=balanced personality=defensor focus=eco actions_per_loop=1 ====
[11:41:44] planet 75: queue busy, throttled building_robot_factory
[2026-05-12 11:42:30] ==== loop 79/∞ | seed=96239353316064498 archetype=balanced personality=defensor focus=eco actions_per_loop=1 ====
[11:42:30] planet 75: queue busy, throttled building_robot_factory
[11:42:30] research: blocked research_energy_technology (building_laboratory 0/1)
[2026-05-12 11:43:19] ==== loop 80/∞ | seed=96239353316064498 archetype=balanced personality=defensor focus=eco actions_per_loop=1 ====
[11:43:19] alliance: idle no_candidate
[11:43:19] planet 75: queue busy, throttled building_robot_factory
[2026-05-12 11:44:07] ==== loop 81/∞ | seed=96239353316064498 archetype=balanced personality=defensor focus=eco actions_per_loop=1 ====
[11:44:07] planet 75: queue busy, throttled building_robot_factory
[11:44:07] research: blocked research_energy_technology (building_laboratory 0/1)
[2026-05-12 11:44:57] ==== loop 82/∞ | seed=96239353316064498 archetype=balanced personality=defensor focus=eco actions_per_loop=1 ====
[11:44:57] planet 75: queue busy, throttled building_robot_factory
[2026-05-12 11:46:28] ==== loop 84/∞ | seed=96239353316064498 archetype=balanced personality=defensor focus=eco actions_per_loop=1 ====
[11:46:28] planet 75: queue busy, throttled building_robot_factory
[2026-05-12 11:47:16] ==== loop 85/∞ | seed=96239353316064498 archetype=balanced personality=defensor focus=eco actions_per_loop=1 ====
[11:47:16] planet 75: queue busy, throttled building_robot_factory
[2026-05-12 11:48:02] ==== loop 86/∞ | seed=96239353316064498 archetype=balanced personality=defensor focus=eco actions_per_loop=1 ====
[11:48:02] planet 75: queue busy, throttled building_robot_factory
[11:48:02] research: blocked research_energy_technology (building_laboratory 0/1)
[2026-05-12 11:48:49] ==== loop 87/∞ | seed=96239353316064498 archetype=balanced personality=defensor focus=eco actions_per_loop=1 ====
[11:48:49] planet 75: queue busy, throttled building_robot_factory
[11:48:49] research: blocked research_energy_technology (building_laboratory 0/1)
[2026-05-12 11:50:22] ==== loop 89/∞ | seed=96239353316064498 archetype=balanced personality=defensor focus=eco actions_per_loop=1 ====
[11:50:22] planet 75: queue busy, throttled building_robot_factory
[11:50:22] research: blocked research_energy_technology (building_laboratory 0/1)
[2026-05-12 11:51:05] ==== loop 90/∞ | seed=96239353316064498 archetype=balanced personality=defensor focus=eco actions_per_loop=1 ====
[11:51:05] planet 75: queue busy, throttled building_robot_factory
[11:51:05] research: blocked research_energy_technology (building_laboratory 0/1)
[2026-05-12 11:51:49] ==== loop 91/∞ | seed=96239353316064498 archetype=balanced personality=defensor focus=eco actions_per_loop=1 ====
[11:51:49] planet 75: queue busy, throttled building_robot_factory
[2026-05-12 11:52:36] ==== loop 92/∞ | seed=96239353316064498 archetype=balanced personality=defensor focus=eco actions_per_loop=1 ====
[11:52:36] planet 75: queue busy, throttled building_robot_factory
[2026-05-12 11:53:23] ==== loop 93/∞ | seed=96239353316064498 archetype=balanced personality=defensor focus=eco actions_per_loop=1 ====
[11:53:23] planet 75: queue busy, throttled building_robot_factory
[11:53:23] research: blocked research_energy_technology (building_laboratory 0/1)
[2026-05-12 11:54:06] ==== loop 94/∞ | seed=96239353316064498 archetype=balanced personality=defensor focus=eco actions_per_loop=1 ====
[11:54:06] planet 75: queue busy, throttled building_robot_factory
[2026-05-12 11:55:41] ==== loop 96/∞ | seed=96239353316064498 archetype=balanced personality=defensor focus=eco actions_per_loop=1 ====
[11:55:41] planet 75: queue busy, throttled building_robot_factory
[2026-05-12 11:56:29] ==== loop 97/∞ | seed=96239353316064498 archetype=balanced personality=defensor focus=eco actions_per_loop=1 ====
[11:56:29] planet 75: queue busy, throttled building_robot_factory
[2026-05-12 11:57:59] ==== loop 99/∞ | seed=96239353316064498 archetype=balanced personality=defensor focus=eco actions_per_loop=1 ====
[11:57:59] planet 75: queue busy, throttled building_robot_factory
[2026-05-12 11:58:46] ==== loop 100/∞ | seed=96239353316064498 archetype=balanced personality=defensor focus=eco actions_per_loop=1 ====
[11:58:46] alliance: idle no_candidate
[11:58:46] planet 75: queue busy, throttled building_robot_factory
[11:58:46] research: blocked research_energy_technology (building_laboratory 0/1)
[2026-05-12 11:59:33] ==== loop 101/∞ | seed=96239353316064498 archetype=balanced personality=defensor focus=eco actions_per_loop=1 ====
[11:59:33] planet 75: queue busy, throttled building_robot_factory
[11:59:33] research: blocked research_energy_technology (building_laboratory 0/1)
[2026-05-12 12:00:15] ==== loop 102/∞ | seed=96239353316064498 archetype=balanced personality=defensor focus=eco actions_per_loop=1 ====
[12:00:15] planet 75: queue busy, throttled building_robot_factory
[2026-05-12 12:00:58] ==== loop 103/∞ | seed=96239353316064498 archetype=balanced personality=defensor focus=eco actions_per_loop=1 ====
[12:00:58] planet 75: queue busy, throttled building_robot_factory
[12:00:58] research: blocked research_energy_technology (building_laboratory 0/1)
[2026-05-12 12:01:45] ==== loop 104/∞ | seed=96239353316064498 archetype=balanced personality=defensor focus=eco actions_per_loop=1 ====
[12:01:45] planet 75: queue busy, throttled building_robot_factory
[2026-05-12 12:02:30] ==== loop 105/∞ | seed=96239353316064498 archetype=balanced personality=defensor focus=eco actions_per_loop=1 ====
[12:02:30] planet 75: queue busy, throttled building_robot_factory
[2026-05-12 12:03:16] ==== loop 106/∞ | seed=96239353316064498 archetype=balanced personality=defensor focus=eco actions_per_loop=1 ====
[12:03:16] planet 75: queue busy, throttled building_robot_factory
[12:03:16] research: blocked research_energy_technology (building_laboratory 0/1)
[2026-05-12 12:04:01] ==== loop 107/∞ | seed=96239353316064498 archetype=balanced personality=defensor focus=eco actions_per_loop=1 ====
[12:04:01] planet 75: queue busy, throttled building_robot_factory
[12:04:01] research: blocked research_energy_technology (building_laboratory 0/1)
[2026-05-12 12:04:42] ==== loop 108/∞ | seed=96239353316064498 archetype=balanced personality=defensor focus=eco actions_per_loop=1 ====
[12:04:42] planet 75: queue busy, throttled building_robot_factory
[12:04:42] research: blocked research_energy_technology (building_laboratory 0/1)
[2026-05-12 12:05:24] ==== loop 109/∞ | seed=96239353316064498 archetype=balanced personality=defensor focus=eco actions_per_loop=1 ====
[12:05:24] planet 75: queue busy, throttled building_robot_factory
[12:05:24] research: blocked research_energy_technology (building_laboratory 0/1)
[2026-05-12 12:06:11] ==== loop 110/∞ | seed=96239353316064498 archetype=balanced personality=defensor focus=eco actions_per_loop=1 ====
[12:06:11] planet 75: queue busy, throttled building_robot_factory
[2026-05-12 12:07:35] ==== loop 112/∞ | seed=96239353316064498 archetype=balanced personality=defensor focus=eco actions_per_loop=1 ====
[12:07:35] planet 75: queue busy, throttled building_robot_factory
[2026-05-12 12:08:19] ==== loop 113/∞ | seed=96239353316064498 archetype=balanced personality=defensor focus=eco actions_per_loop=1 ====
[12:08:19] planet 75: queue busy, throttled building_robot_factory
[2026-05-12 12:09:02] ==== loop 114/∞ | seed=96239353316064498 archetype=balanced personality=defensor focus=eco actions_per_loop=1 ====
[12:09:02] planet 75: queue busy, throttled building_robot_factory
[2026-05-12 12:10:29] ==== loop 116/∞ | seed=96239353316064498 archetype=balanced personality=defensor focus=eco actions_per_loop=1 ====
[12:10:29] planet 75: queue busy, throttled building_robot_factory
[2026-05-12 12:11:12] ==== loop 117/∞ | seed=96239353316064498 archetype=balanced personality=defensor focus=eco actions_per_loop=1 ====
[12:11:12] planet 75: queue busy, throttled building_robot_factory
[2026-05-12 12:11:54] ==== loop 118/∞ | seed=96239353316064498 archetype=balanced personality=defensor focus=eco actions_per_loop=1 ====
[12:11:54] planet 75: queue busy, throttled building_robot_factory
[12:11:54] research: blocked research_energy_technology (building_laboratory 0/1)
[2026-05-12 12:12:39] ==== loop 119/∞ | seed=96239353316064498 archetype=balanced personality=defensor focus=eco actions_per_loop=1 ====
[12:12:39] planet 75: queue busy, throttled building_robot_factory
[2026-05-12 12:13:22] ==== loop 120/∞ | seed=96239353316064498 archetype=balanced personality=defensor focus=eco actions_per_loop=1 ====
[12:13:22] alliance: idle no_candidate
[12:13:22] planet 75: queue busy, throttled building_robot_factory
[2026-05-12 12:14:05] ==== loop 121/∞ | seed=96239353316064498 archetype=balanced personality=defensor focus=eco actions_per_loop=1 ====
[12:14:05] planet 75: queue busy, throttled building_robot_factory
[2026-05-12 12:14:51] ==== loop 122/∞ | seed=96239353316064498 archetype=balanced personality=defensor focus=eco actions_per_loop=1 ====
[12:14:51] planet 75: queue busy, throttled building_robot_factory
[2026-05-12 12:15:35] ==== loop 123/∞ | seed=96239353316064498 archetype=balanced personality=defensor focus=eco actions_per_loop=1 ====
[12:15:35] planet 75: queue busy, throttled building_robot_factory
[2026-05-12 12:16:20] ==== loop 124/∞ | seed=96239353316064498 archetype=balanced personality=defensor focus=eco actions_per_loop=1 ====
[12:16:20] planet 75: queue busy, throttled building_robot_factory
[12:16:20] research: blocked research_energy_technology (building_laboratory 0/1)
[2026-05-12 12:17:51] ==== loop 126/∞ | seed=96239353316064498 archetype=balanced personality=defensor focus=eco actions_per_loop=1 ====
[12:17:51] planet 75: queue busy, throttled building_robot_factory
[2026-05-12 12:18:34] ==== loop 127/∞ | seed=96239353316064498 archetype=balanced personality=defensor focus=eco actions_per_loop=1 ====
[12:18:34] planet 75: queue busy, throttled building_robot_factory
[2026-05-12 12:19:24] ==== loop 128/∞ | seed=96239353316064498 archetype=balanced personality=defensor focus=eco actions_per_loop=1 ====
[12:19:24] planet 75: queue busy, throttled building_robot_factory
[12:19:24] research: blocked research_energy_technology (building_laboratory 0/1)
[2026-05-12 12:20:53] ==== loop 130/∞ | seed=96239353316064498 archetype=balanced personality=defensor focus=eco actions_per_loop=1 ====
[12:20:53] planet 75: queue busy, throttled building_robot_factory
[12:20:53] research: blocked research_energy_technology (building_laboratory 0/1)
[2026-05-12 12:21:39] ==== loop 131/∞ | seed=96239353316064498 archetype=balanced personality=defensor focus=eco actions_per_loop=1 ====
[12:21:39] planet 75: queue busy, throttled building_robot_factory
[2026-05-12 12:22:23] ==== loop 132/∞ | seed=96239353316064498 archetype=balanced personality=defensor focus=eco actions_per_loop=1 ====
[12:22:23] planet 75: queue busy, throttled building_robot_factory
[2026-05-12 12:23:07] ==== loop 133/∞ | seed=96239353316064498 archetype=balanced personality=defensor focus=eco actions_per_loop=1 ====
[12:23:07] planet 75: queue busy, throttled building_robot_factory
[2026-05-12 12:24:41] ==== loop 135/∞ | seed=96239353316064498 archetype=balanced personality=defensor focus=eco actions_per_loop=1 ====
[12:24:41] planet 75: queue busy, throttled building_robot_factory
[2026-05-12 12:25:28] ==== loop 136/∞ | seed=96239353316064498 archetype=balanced personality=defensor focus=eco actions_per_loop=1 ====
[12:25:28] planet 75: queue busy, throttled building_robot_factory
[2026-05-12 12:26:16] ==== loop 137/∞ | seed=96239353316064498 archetype=balanced personality=defensor focus=eco actions_per_loop=1 ====
[12:26:16] planet 75: queue busy, throttled building_robot_factory
[12:26:16] research: blocked research_energy_technology (building_laboratory 0/1)
[2026-05-12 12:27:03] ==== loop 138/∞ | seed=96239353316064498 archetype=balanced personality=defensor focus=eco actions_per_loop=1 ====
[12:27:03] planet 75: queue busy, throttled building_robot_factory
[12:27:03] research: blocked research_energy_technology (building_laboratory 0/1)
[2026-05-12 12:28:35] ==== loop 140/∞ | seed=96239353316064498 archetype=balanced personality=defensor focus=eco actions_per_loop=1 ====
[12:28:35] alliance: idle no_candidate
[12:28:35] planet 75: queue busy, throttled building_robot_factory
[12:28:35] research: blocked research_energy_technology (building_laboratory 0/1)
[2026-05-12 12:30:09] ==== loop 142/∞ | seed=96239353316064498 archetype=balanced personality=defensor focus=eco actions_per_loop=1 ====
[12:30:09] planet 75: queue busy, throttled building_robot_factory
[12:30:09] research: blocked research_energy_technology (building_laboratory 0/1)
[2026-05-12 12:30:51] ==== loop 143/∞ | seed=96239353316064498 archetype=balanced personality=defensor focus=eco actions_per_loop=1 ====
[12:30:51] planet 75: queue busy, throttled building_robot_factory
[12:30:51] research: blocked research_energy_technology (building_laboratory 0/1)
[2026-05-12 12:31:39] ==== loop 144/∞ | seed=96239353316064498 archetype=balanced personality=defensor focus=eco actions_per_loop=1 ====
[12:31:39] planet 75: queue busy, throttled building_robot_factory
[2026-05-12 12:32:26] ==== loop 145/∞ | seed=96239353316064498 archetype=balanced personality=defensor focus=eco actions_per_loop=1 ====
[12:32:26] planet 75: queue busy, throttled building_robot_factory
[2026-05-12 12:33:14] ==== loop 146/∞ | seed=96239353316064498 archetype=balanced personality=defensor focus=eco actions_per_loop=1 ====
[12:33:14] planet 75: queue busy, throttled building_robot_factory
[12:33:14] research: blocked research_energy_technology (building_laboratory 0/1)
[2026-05-12 12:35:31] ==== loop 149/∞ | seed=96239353316064498 archetype=balanced personality=defensor focus=eco actions_per_loop=1 ====
[12:35:31] planet 75: queue busy, throttled building_robot_factory
[12:35:31] research: blocked research_energy_technology (building_laboratory 0/1)
[2026-05-12 12:36:16] ==== loop 150/∞ | seed=96239353316064498 archetype=balanced personality=defensor focus=eco actions_per_loop=1 ====
[12:36:16] planet 75: queue busy, throttled building_robot_factory
[12:36:16] research: blocked research_energy_technology (building_laboratory 0/1)
[2026-05-12 12:37:45] ==== loop 152/∞ | seed=96239353316064498 archetype=balanced personality=defensor focus=eco actions_per_loop=1 ====
[12:37:45] planet 75: queue busy, throttled building_robot_factory
[12:37:45] research: blocked research_energy_technology (building_laboratory 0/1)
[2026-05-12 12:38:29] ==== loop 153/∞ | seed=96239353316064498 archetype=balanced personality=defensor focus=eco actions_per_loop=1 ====
[12:38:29] planet 75: queue busy, throttled building_robot_factory
[12:38:29] research: blocked research_energy_technology (building_laboratory 0/1)
[2026-05-12 12:39:18] ==== loop 154/∞ | seed=96239353316064498 archetype=balanced personality=defensor focus=eco actions_per_loop=1 ====
[12:39:18] planet 75: queue busy, throttled building_robot_factory
[12:39:18] research: blocked research_energy_technology (building_laboratory 0/1)
[2026-05-12 12:40:47] ==== loop 156/∞ | seed=96239353316064498 archetype=balanced personality=defensor focus=eco actions_per_loop=1 ====
[12:40:47] planet 75: queue busy, throttled building_robot_factory
[12:40:47] research: blocked research_energy_technology (building_laboratory 0/1)
[2026-05-12 12:41:27] ==== loop 157/∞ | seed=96239353316064498 archetype=balanced personality=defensor focus=eco actions_per_loop=1 ====
[12:41:27] planet 75: queue busy, throttled building_robot_factory
[12:41:27] research: blocked research_energy_technology (building_laboratory 0/1)
[2026-05-12 12:42:09] ==== loop 158/∞ | seed=96239353316064498 archetype=balanced personality=defensor focus=eco actions_per_loop=1 ====
[12:42:09] planet 75: queue busy, throttled building_robot_factory
[12:42:09] research: blocked research_energy_technology (building_laboratory 0/1)
[2026-05-12 12:43:42] ==== loop 2/∞ | seed=96239353316064498 archetype=balanced personality=defensor focus=eco actions_per_loop=1 ====
[12:43:42] alliance: idle no_candidate
[12:43:42] planet 75: queue busy, throttled building_robot_factory
[2026-05-12 12:45:08] ==== loop 4/∞ | seed=96239353316064498 archetype=balanced personality=defensor focus=eco actions_per_loop=1 ====
[12:45:08] planet 75: queue busy, throttled building_robot_factory
[12:45:08] research: blocked research_energy_technology (building_laboratory 0/1)
[2026-05-12 12:46:24] ==== loop 6/∞ | seed=96239353316064498 archetype=balanced personality=defensor focus=eco actions_per_loop=1 ====
[12:46:24] planet 75: queue busy, throttled building_robot_factory
[12:46:24] research: blocked research_energy_technology (building_laboratory 0/1)
[2026-05-12 12:48:30] ==== loop 9/∞ | seed=96239353316064498 archetype=balanced personality=defensor focus=eco actions_per_loop=1 ====
[12:48:30] planet 75: queue busy, throttled building_robot_factory
[2026-05-12 12:49:09] ==== loop 10/∞ | seed=96239353316064498 archetype=balanced personality=defensor focus=eco actions_per_loop=1 ====
[12:49:09] planet 75: queue busy, throttled building_robot_factory
[2026-05-12 12:49:55] ==== loop 11/∞ | seed=96239353316064498 archetype=balanced personality=defensor focus=eco actions_per_loop=1 ====
[12:49:55] planet 75: queue busy, throttled building_robot_factory
[2026-05-12 12:51:18] ==== loop 13/∞ | seed=96239353316064498 archetype=balanced personality=defensor focus=eco actions_per_loop=1 ====
[12:51:18] planet 75: queue busy, throttled building_robot_factory
[2026-05-12 12:52:00] ==== loop 14/∞ | seed=96239353316064498 archetype=balanced personality=defensor focus=eco actions_per_loop=1 ====
[12:52:00] planet 75: queue busy, throttled building_robot_factory
[2026-05-12 12:52:41] ==== loop 15/∞ | seed=96239353316064498 archetype=balanced personality=defensor focus=eco actions_per_loop=1 ====
[12:52:41] planet 75: queue busy, throttled building_robot_factory
[2026-05-12 12:53:22] ==== loop 16/∞ | seed=96239353316064498 archetype=balanced personality=defensor focus=eco actions_per_loop=1 ====
[12:53:22] planet 75: queue busy, throttled building_robot_factory
[12:53:22] research: blocked research_energy_technology (building_laboratory 0/1)
[2026-05-12 12:54:03] ==== loop 1/∞ | seed=96239353316064498 archetype=balanced personality=defensor focus=eco actions_per_loop=1 ====
[12:54:03] planet 75: queue busy, throttled building_robot_factory
[2026-05-12 12:54:48] ==== loop 2/∞ | seed=96239353316064498 archetype=balanced personality=defensor focus=eco actions_per_loop=1 ====
[12:54:48] planet 75: queue busy, throttled building_robot_factory
[2026-05-12 12:56:13] ==== loop 4/∞ | seed=96239353316064498 archetype=balanced personality=defensor focus=eco actions_per_loop=1 ====
[12:56:13] planet 75: queue busy, throttled building_robot_factory
[2026-05-12 12:56:57] ==== loop 5/∞ | seed=96239353316064498 archetype=balanced personality=defensor focus=eco actions_per_loop=1 ====
[12:56:57] planet 75: queue busy, throttled building_robot_factory
[2026-05-12 12:57:39] ==== loop 6/∞ | seed=96239353316064498 archetype=balanced personality=defensor focus=eco actions_per_loop=1 ====
[12:57:39] alliance: idle no_candidate
[12:57:39] planet 75: queue busy, throttled building_robot_factory
[12:57:39] research: blocked research_energy_technology (building_laboratory 0/1)
[2026-05-12 12:59:04] ==== loop 8/∞ | seed=96239353316064498 archetype=balanced personality=defensor focus=eco actions_per_loop=1 ====
[12:59:04] planet 75: queue busy, throttled building_robot_factory
[12:59:04] research: blocked research_energy_technology (building_laboratory 0/1)
llm_inbox: encolado job_id=25 message_id=4822
[2026-05-12 12:59:48] ==== loop 1/1 | seed=96239353316064498 archetype=balanced personality=defensor focus=eco actions_per_loop=1 ====
[12:59:48] planet 75: queue busy, throttled building_robot_factory
[2026-05-12 12:59:49] ==== loop 9/∞ | seed=96239353316064498 archetype=balanced personality=defensor focus=eco actions_per_loop=1 ====
[12:59:49] planet 75: queue busy, throttled building_robot_factory
[2026-05-12 13:00:31] ==== loop 10/∞ | seed=96239353316064498 archetype=balanced personality=defensor focus=eco actions_per_loop=1 ====
[13:00:31] planet 75: queue busy, throttled building_robot_factory
[13:00:31] research: blocked research_energy_technology (building_laboratory 0/1)
[2026-05-12 13:01:11] ==== loop 11/∞ | seed=96239353316064498 archetype=balanced personality=defensor focus=eco actions_per_loop=1 ====
[13:01:11] planet 75: queue busy, throttled building_robot_factory
[2026-05-12 13:01:51] ==== loop 12/∞ | seed=96239353316064498 archetype=balanced personality=defensor focus=eco actions_per_loop=1 ====
[13:01:51] planet 75: queue busy, throttled building_robot_factory
[13:01:51] research: blocked research_energy_technology (building_laboratory 0/1)
llm_inbox: job 25 fallido (incoming)
[2026-05-12 13:02:33] ==== loop 13/∞ | seed=96239353316064498 archetype=balanced personality=defensor focus=eco actions_per_loop=1 ====
[13:02:33] planet 75: queue busy, throttled building_robot_factory
[2026-05-12 13:04:06] ==== loop 15/∞ | seed=96239353316064498 archetype=balanced personality=defensor focus=eco actions_per_loop=1 ====
[13:04:06] planet 75: queue busy, throttled building_robot_factory
[13:04:06] research: blocked research_energy_technology (building_laboratory 0/1)
[2026-05-12 13:04:50] ==== loop 16/∞ | seed=96239353316064498 archetype=balanced personality=defensor focus=eco actions_per_loop=1 ====
[13:04:50] planet 75: queue busy, throttled building_robot_factory
[2026-05-12 13:05:36] ==== loop 17/∞ | seed=96239353316064498 archetype=balanced personality=defensor focus=eco actions_per_loop=1 ====
[13:05:36] planet 75: queue busy, throttled building_robot_factory
[2026-05-12 13:06:19] ==== loop 18/∞ | seed=96239353316064498 archetype=balanced personality=defensor focus=eco actions_per_loop=1 ====
[13:06:19] planet 75: queue busy, throttled building_robot_factory
llm_inbox: recuperados 1 job(s) fallido→respondido (reintento aplicar)
llm_inbox: job 25 done (mensaje ya no existe)
[2026-05-12 13:06:59] ==== loop 19/∞ | seed=96239353316064498 archetype=balanced personality=defensor focus=eco actions_per_loop=1 ====
[13:06:59] planet 75: queue busy, throttled building_robot_factory
[13:06:59] research: blocked research_energy_technology (building_laboratory 0/1)
[2026-05-12 13:07:38] ==== loop 20/∞ | seed=96239353316064498 archetype=balanced personality=defensor focus=eco actions_per_loop=1 ====
[13:07:38] planet 75: queue busy, throttled building_robot_factory
[13:07:38] research: blocked research_energy_technology (building_laboratory 0/1)
[2026-05-12 13:08:20] ==== loop 21/∞ | seed=96239353316064498 archetype=balanced personality=defensor focus=eco actions_per_loop=1 ====
[13:08:20] planet 75: queue busy, throttled building_robot_factory
[2026-05-12 13:09:37] ==== loop 1/∞ | seed=96239353316064498 archetype=balanced personality=defensor focus=eco actions_per_loop=1 ====
[13:09:37] planet 75: queue busy, throttled building_robot_factory
[2026-05-12 13:10:20] ==== loop 2/∞ | seed=96239353316064498 archetype=balanced personality=defensor focus=eco actions_per_loop=1 ====
[13:10:20] planet 75: queue busy, throttled building_robot_factory
[2026-05-12 13:10:59] ==== loop 3/∞ | seed=96239353316064498 archetype=balanced personality=defensor focus=eco actions_per_loop=1 ====
[13:10:59] alliance: idle no_candidate
[13:10:59] planet 75: queue busy, throttled building_robot_factory
[13:10:59] research: blocked research_energy_technology (building_laboratory 0/1)
[2026-05-12 13:11:39] ==== loop 4/∞ | seed=96239353316064498 archetype=balanced personality=defensor focus=eco actions_per_loop=1 ====
[13:11:39] planet 75: queue busy, throttled building_robot_factory
[13:11:39] research: blocked research_energy_technology (building_laboratory 0/1)
[2026-05-12 13:12:22] ==== loop 5/∞ | seed=96239353316064498 archetype=balanced personality=defensor focus=eco actions_per_loop=1 ====
[13:12:22] planet 75: queue busy, throttled building_robot_factory
[2026-05-12 13:13:02] ==== loop 6/∞ | seed=96239353316064498 archetype=balanced personality=defensor focus=eco actions_per_loop=1 ====
[13:13:02] planet 75: queue busy, throttled building_robot_factory
[2026-05-12 13:13:47] ==== loop 7/∞ | seed=96239353316064498 archetype=balanced personality=defensor focus=eco actions_per_loop=1 ====
[13:13:47] planet 75: queue busy, throttled building_robot_factory
[13:13:47] research: blocked research_energy_technology (building_laboratory 0/1)
[2026-05-12 13:14:32] ==== loop 8/∞ | seed=96239353316064498 archetype=balanced personality=defensor focus=eco actions_per_loop=1 ====
[13:14:32] planet 75: queue busy, throttled building_robot_factory
[13:14:32] research: blocked research_energy_technology (building_laboratory 0/1)
[2026-05-12 13:15:11] ==== loop 9/∞ | seed=96239353316064498 archetype=balanced personality=defensor focus=eco actions_per_loop=1 ====
[13:15:11] planet 75: queue busy, throttled building_robot_factory
[2026-05-12 13:15:57] ==== loop 10/∞ | seed=96239353316064498 archetype=balanced personality=defensor focus=eco actions_per_loop=1 ====
[13:15:57] planet 75: queue busy, throttled building_robot_factory
[13:15:57] research: blocked research_energy_technology (building_laboratory 0/1)
[2026-05-12 13:16:47] ==== loop 11/∞ | seed=96239353316064498 archetype=balanced personality=defensor focus=eco actions_per_loop=1 ====
[13:16:47] planet 75: queue busy, throttled building_robot_factory
[13:16:47] research: blocked research_energy_technology (building_laboratory 0/1)
[2026-05-12 13:17:29] ==== loop 12/∞ | seed=96239353316064498 archetype=balanced personality=defensor focus=eco actions_per_loop=1 ====
[13:17:29] planet 75: queue busy, throttled building_robot_factory
[13:17:29] research: blocked research_energy_technology (building_laboratory 0/1)
[2026-05-12 13:18:14] ==== loop 13/∞ | seed=96239353316064498 archetype=balanced personality=defensor focus=eco actions_per_loop=1 ====
[13:18:14] planet 75: queue busy, throttled building_robot_factory
[2026-05-12 13:18:57] ==== loop 14/∞ | seed=96239353316064498 archetype=balanced personality=defensor focus=eco actions_per_loop=1 ====
[13:18:57] planet 75: queue busy, throttled building_robot_factory
[2026-05-12 13:19:41] ==== loop 15/∞ | seed=96239353316064498 archetype=balanced personality=defensor focus=eco actions_per_loop=1 ====
[13:19:41] planet 75: queue busy, throttled building_robot_factory
[13:19:41] research: blocked research_energy_technology (building_laboratory 0/1)
[2026-05-12 13:20:21] ==== loop 16/∞ | seed=96239353316064498 archetype=balanced personality=defensor focus=eco actions_per_loop=1 ====
[13:20:21] planet 75: queue busy, throttled building_robot_factory
[13:20:21] research: blocked research_energy_technology (building_laboratory 0/1)
[2026-05-12 13:21:52] ==== loop 18/∞ | seed=96239353316064498 archetype=balanced personality=defensor focus=eco actions_per_loop=1 ====
[13:21:52] planet 75: queue busy, throttled building_robot_factory
[2026-05-12 13:22:56] ==== loop 1/∞ | seed=96239353316064498 archetype=balanced personality=defensor focus=eco actions_per_loop=1 ====
[13:22:56] planet 75: queue busy, throttled building_robot_factory
[13:22:56] research: blocked research_energy_technology (building_laboratory 0/1)
[2026-05-12 13:23:38] ==== loop 2/∞ | seed=96239353316064498 archetype=balanced personality=defensor focus=eco actions_per_loop=1 ====
[13:23:38] planet 75: queue busy, throttled building_robot_factory
[13:23:38] research: blocked research_energy_technology (building_laboratory 0/1)
[2026-05-12 13:24:14] ==== loop 3/∞ | seed=96239353316064498 archetype=balanced personality=defensor focus=eco actions_per_loop=1 ====
[13:24:14] planet 75: queue busy, throttled building_robot_factory
[13:24:14] research: blocked research_energy_technology (building_laboratory 0/1)
[2026-05-12 13:25:32] ==== loop 5/∞ | seed=96239353316064498 archetype=balanced personality=defensor focus=eco actions_per_loop=1 ====
[13:25:32] alliance: idle no_candidate
[13:25:32] planet 75: queue busy, throttled building_robot_factory
[2026-05-12 13:27:02] ==== loop 7/∞ | seed=96239353316064498 archetype=balanced personality=defensor focus=eco actions_per_loop=1 ====
[13:27:02] planet 75: queue busy, throttled building_robot_factory
[2026-05-12 13:27:41] ==== loop 8/∞ | seed=96239353316064498 archetype=balanced personality=defensor focus=eco actions_per_loop=1 ====
[13:27:41] planet 75: queue busy, throttled building_robot_factory
[2026-05-12 13:28:47] ==== loop 1/∞ | seed=96239353316064498 archetype=balanced personality=defensor focus=eco actions_per_loop=1 ====
[13:28:47] planet 75: queue busy, throttled building_robot_factory
[13:28:47] research: blocked research_energy_technology (building_laboratory 0/1)
[2026-05-12 13:30:08] ==== loop 3/∞ | seed=96239353316064498 archetype=balanced personality=defensor focus=eco actions_per_loop=1 ====
[13:30:08] planet 75: queue busy, throttled building_robot_factory
[2026-05-12 13:32:01] ==== loop 6/∞ | seed=96239353316064498 archetype=balanced personality=defensor focus=eco actions_per_loop=1 ====
[13:32:01] planet 75: queue busy, throttled building_robot_factory
[13:32:01] research: blocked research_energy_technology (building_laboratory 0/1)
[2026-05-12 13:32:38] ==== loop 7/∞ | seed=96239353316064498 archetype=balanced personality=defensor focus=eco actions_per_loop=1 ====
[13:32:38] planet 75: queue busy, throttled building_robot_factory
[2026-05-12 13:34:33] ==== loop 10/∞ | seed=96239353316064498 archetype=balanced personality=defensor focus=eco actions_per_loop=1 ====
[13:34:33] planet 75: queue busy, throttled building_robot_factory
[13:34:33] research: blocked research_energy_technology (building_laboratory 0/1)
[2026-05-12 13:35:13] ==== loop 11/∞ | seed=96239353316064498 archetype=balanced personality=defensor focus=eco actions_per_loop=1 ====
[13:35:13] planet 75: queue busy, throttled building_robot_factory
[13:35:13] research: blocked research_energy_technology (building_laboratory 0/1)
[2026-05-12 13:36:28] ==== loop 13/∞ | seed=96239353316064498 archetype=balanced personality=defensor focus=eco actions_per_loop=1 ====
[13:36:28] planet 75: queue busy, throttled building_robot_factory
[2026-05-12 13:37:02] ==== loop 14/∞ | seed=96239353316064498 archetype=balanced personality=defensor focus=eco actions_per_loop=1 ====
[13:37:02] planet 75: queue busy, throttled building_robot_factory
[2026-05-12 13:37:44] ==== loop 15/∞ | seed=96239353316064498 archetype=balanced personality=defensor focus=eco actions_per_loop=1 ====
[13:37:44] planet 75: queue busy, throttled building_robot_factory
[13:37:44] research: blocked research_energy_technology (building_laboratory 0/1)
[2026-05-12 13:38:24] ==== loop 16/∞ | seed=96239353316064498 archetype=balanced personality=defensor focus=eco actions_per_loop=1 ====
[13:38:25] planet 75: queue busy, throttled building_robot_factory
[13:38:25] research: blocked research_energy_technology (building_laboratory 0/1)
[2026-05-12 13:39:01] ==== loop 17/∞ | seed=96239353316064498 archetype=balanced personality=defensor focus=eco actions_per_loop=1 ====
[13:39:01] alliance: idle no_candidate
[13:39:01] planet 75: queue busy, throttled building_robot_factory
[13:39:01] research: blocked research_energy_technology (building_laboratory 0/1)
[2026-05-12 13:39:47] ==== loop 1/∞ | seed=96239353316064498 archetype=balanced personality=defensor focus=eco actions_per_loop=1 ====
[13:39:47] planet 75: queue busy, throttled building_robot_factory
[2026-05-12 13:40:20] ==== loop 2/∞ | seed=96239353316064498 archetype=balanced personality=defensor focus=eco actions_per_loop=1 ====
[13:40:20] planet 75: queue busy, throttled building_robot_factory
[13:40:20] research: blocked research_energy_technology (building_laboratory 0/1)
[2026-05-12 13:40:59] ==== loop 1/∞ | seed=96239353316064498 archetype=balanced personality=defensor focus=eco actions_per_loop=1 ====
[13:40:59] planet 75: queue busy, throttled building_robot_factory
[13:40:59] research: blocked research_energy_technology (building_laboratory 0/1)
[2026-05-12 13:41:34] ==== loop 2/∞ | seed=96239353316064498 archetype=balanced personality=defensor focus=eco actions_per_loop=1 ====
[13:41:34] planet 75: queue busy, throttled building_robot_factory
[2026-05-12 13:42:07] ==== loop 3/∞ | seed=96239353316064498 archetype=balanced personality=defensor focus=eco actions_per_loop=1 ====
[13:42:07] planet 75: queue busy, throttled building_robot_factory
[13:42:07] research: blocked research_energy_technology (building_laboratory 0/1)
[2026-05-12 13:43:26] ==== loop 5/∞ | seed=96239353316064498 archetype=balanced personality=defensor focus=eco actions_per_loop=1 ====
[13:43:26] planet 75: queue busy, throttled building_robot_factory
[13:43:26] research: blocked research_energy_technology (building_laboratory 0/1)
[2026-05-12 13:44:03] ==== loop 6/∞ | seed=96239353316064498 archetype=balanced personality=defensor focus=eco actions_per_loop=1 ====
[13:44:03] planet 75: queue busy, throttled building_robot_factory
[2026-05-12 13:44:54] ==== loop 1/∞ | seed=96239353316064498 archetype=balanced personality=defensor focus=eco actions_per_loop=1 ====
[13:44:54] planet 75: queue busy, throttled building_robot_factory
[2026-05-12 13:45:30] ==== loop 2/∞ | seed=96239353316064498 archetype=balanced personality=defensor focus=eco actions_per_loop=1 ====
[13:45:30] planet 75: queue busy, throttled building_robot_factory
[13:45:30] research: blocked research_energy_technology (building_laboratory 0/1)
[2026-05-12 13:47:15] ==== loop 5/∞ | seed=96239353316064498 archetype=balanced personality=defensor focus=eco actions_per_loop=1 ====
[13:47:15] planet 75: queue busy, throttled building_robot_factory
[2026-05-12 13:49:18] ==== loop 8/∞ | seed=96239353316064498 archetype=balanced personality=defensor focus=eco actions_per_loop=1 ====
[13:49:18] planet 75: queue busy, throttled building_robot_factory
[13:49:18] research: blocked research_energy_technology (building_laboratory 0/1)
[2026-05-12 13:49:58] ==== loop 9/∞ | seed=96239353316064498 archetype=balanced personality=defensor focus=eco actions_per_loop=1 ====
[13:49:58] planet 75: queue busy, throttled building_robot_factory
[2026-05-12 13:50:34] ==== loop 10/∞ | seed=96239353316064498 archetype=balanced personality=defensor focus=eco actions_per_loop=1 ====
[13:50:34] planet 75: queue busy, throttled building_robot_factory
[2026-05-12 13:51:09] ==== loop 11/∞ | seed=96239353316064498 archetype=balanced personality=defensor focus=eco actions_per_loop=1 ====
[13:51:09] planet 75: queue busy, throttled building_robot_factory
[2026-05-12 13:51:44] ==== loop 12/∞ | seed=96239353316064498 archetype=balanced personality=defensor focus=eco actions_per_loop=1 ====
[13:51:44] alliance: idle no_candidate
[13:51:44] planet 75: queue busy, throttled building_robot_factory
[13:51:44] research: blocked research_energy_technology (building_laboratory 0/1)
[2026-05-12 13:52:16] ==== loop 13/∞ | seed=96239353316064498 archetype=balanced personality=defensor focus=eco actions_per_loop=1 ====
[13:52:16] planet 75: queue busy, throttled building_robot_factory
[2026-05-12 13:53:27] ==== loop 15/∞ | seed=96239353316064498 archetype=balanced personality=defensor focus=eco actions_per_loop=1 ====
[13:53:27] planet 75: queue busy, throttled building_robot_factory
[2026-05-12 13:54:43] ==== loop 17/∞ | seed=96239353316064498 archetype=balanced personality=defensor focus=eco actions_per_loop=1 ====
[13:54:43] planet 75: queue busy, throttled building_robot_factory
[2026-05-12 13:55:19] ==== loop 18/∞ | seed=96239353316064498 archetype=balanced personality=defensor focus=eco actions_per_loop=1 ====
[13:55:19] planet 75: queue busy, throttled building_robot_factory
[2026-05-12 13:55:59] ==== loop 19/∞ | seed=96239353316064498 archetype=balanced personality=defensor focus=eco actions_per_loop=1 ====
[13:55:59] planet 75: queue busy, throttled building_robot_factory
[13:55:59] research: blocked research_energy_technology (building_laboratory 0/1)
[2026-05-12 13:56:32] ==== loop 20/∞ | seed=96239353316064498 archetype=balanced personality=defensor focus=eco actions_per_loop=1 ====
[13:56:32] planet 75: queue busy, throttled building_robot_factory
[13:56:32] research: blocked research_energy_technology (building_laboratory 0/1)
[2026-05-12 13:58:22] ==== loop 23/∞ | seed=96239353316064498 archetype=balanced personality=defensor focus=eco actions_per_loop=1 ====
[13:58:22] planet 75: queue busy, throttled building_robot_factory
[2026-05-12 13:58:59] ==== loop 24/∞ | seed=96239353316064498 archetype=balanced personality=defensor focus=eco actions_per_loop=1 ====
[13:58:59] planet 75: queue busy, throttled building_robot_factory
[13:58:59] research: blocked research_energy_technology (building_laboratory 0/1)
[2026-05-12 14:01:17] ==== loop 28/∞ | seed=96239353316064498 archetype=balanced personality=defensor focus=eco actions_per_loop=1 ====
[14:01:17] planet 75: queue busy, throttled building_robot_factory
[14:01:17] research: blocked research_energy_technology (building_laboratory 0/1)
[2026-05-12 14:01:57] ==== loop 29/∞ | seed=96239353316064498 archetype=balanced personality=defensor focus=eco actions_per_loop=1 ====
[14:01:57] planet 75: queue busy, throttled building_robot_factory
[2026-05-12 14:02:41] ==== loop 30/∞ | seed=96239353316064498 archetype=balanced personality=defensor focus=eco actions_per_loop=1 ====
[14:02:41] planet 75: queue busy, throttled building_robot_factory
[14:02:41] research: blocked research_energy_technology (building_laboratory 0/1)
[2026-05-12 14:04:39] ==== loop 33/∞ | seed=96239353316064498 archetype=balanced personality=defensor focus=eco actions_per_loop=1 ====
[14:04:39] planet 75: queue busy, throttled building_robot_factory
[2026-05-12 14:05:21] ==== loop 34/∞ | seed=96239353316064498 archetype=balanced personality=defensor focus=eco actions_per_loop=1 ====
[14:05:21] planet 75: queue busy, throttled building_robot_factory
[2026-05-12 14:05:56] ==== loop 35/∞ | seed=96239353316064498 archetype=balanced personality=defensor focus=eco actions_per_loop=1 ====
[14:05:56] planet 75: queue busy, throttled building_robot_factory
[14:05:56] research: blocked research_energy_technology (building_laboratory 0/1)
[2026-05-12 14:07:55] ==== loop 38/∞ | seed=96239353316064498 archetype=balanced personality=defensor focus=eco actions_per_loop=1 ====
[14:07:55] planet 75: queue busy, throttled building_robot_factory
[2026-05-12 14:08:36] ==== loop 39/∞ | seed=96239353316064498 archetype=balanced personality=defensor focus=eco actions_per_loop=1 ====
[14:08:36] planet 75: queue busy, throttled building_robot_factory
[2026-05-12 14:09:21] ==== loop 40/∞ | seed=96239353316064498 archetype=balanced personality=defensor focus=eco actions_per_loop=1 ====
[14:09:21] planet 75: queue busy, throttled building_robot_factory
[14:09:21] research: blocked research_energy_technology (building_laboratory 0/1)
[2026-05-12 14:10:00] ==== loop 41/∞ | seed=96239353316064498 archetype=balanced personality=defensor focus=eco actions_per_loop=1 ====
[14:10:00] planet 75: queue busy, throttled building_robot_factory
[2026-05-12 14:10:40] ==== loop 42/∞ | seed=96239353316064498 archetype=balanced personality=defensor focus=eco actions_per_loop=1 ====
[14:10:40] planet 75: queue busy, throttled building_robot_factory
[14:10:40] research: blocked research_energy_technology (building_laboratory 0/1)
[2026-05-12 14:11:21] ==== loop 43/∞ | seed=96239353316064498 archetype=balanced personality=defensor focus=eco actions_per_loop=1 ====
[14:11:21] planet 75: queue busy, throttled building_robot_factory
[14:11:21] research: blocked research_energy_technology (building_laboratory 0/1)
[2026-05-12 14:11:56] ==== loop 44/∞ | seed=96239353316064498 archetype=balanced personality=defensor focus=eco actions_per_loop=1 ====
[14:11:56] planet 75: queue busy, throttled building_robot_factory
[2026-05-12 14:12:33] ==== loop 45/∞ | seed=96239353316064498 archetype=balanced personality=defensor focus=eco actions_per_loop=1 ====
[14:12:33] planet 75: queue busy, throttled building_robot_factory
[2026-05-12 14:13:10] ==== loop 46/∞ | seed=96239353316064498 archetype=balanced personality=defensor focus=eco actions_per_loop=1 ====
[14:13:10] planet 75: queue busy, throttled building_robot_factory
[14:13:10] research: blocked research_energy_technology (building_laboratory 0/1)
[2026-05-12 14:13:47] ==== loop 47/∞ | seed=96239353316064498 archetype=balanced personality=defensor focus=eco actions_per_loop=1 ====
[14:13:47] planet 75: queue busy, throttled building_robot_factory
[14:13:47] research: blocked research_energy_technology (building_laboratory 0/1)
[2026-05-12 14:15:00] ==== loop 49/∞ | seed=96239353316064498 archetype=balanced personality=defensor focus=eco actions_per_loop=1 ====
[14:15:00] planet 75: queue busy, throttled building_robot_factory
[2026-05-12 14:15:40] ==== loop 50/∞ | seed=96239353316064498 archetype=balanced personality=defensor focus=eco actions_per_loop=1 ====
[14:15:40] planet 75: queue busy, throttled building_robot_factory
[14:15:40] research: blocked research_energy_technology (building_laboratory 0/1)
[2026-05-12 14:16:15] ==== loop 51/∞ | seed=96239353316064498 archetype=balanced personality=defensor focus=eco actions_per_loop=1 ====
[14:16:15] planet 75: queue busy, throttled building_robot_factory
[14:16:15] research: blocked research_energy_technology (building_laboratory 0/1)
[2026-05-12 14:17:25] ==== loop 53/∞ | seed=96239353316064498 archetype=balanced personality=defensor focus=eco actions_per_loop=1 ====
[14:17:25] planet 75: queue busy, throttled building_robot_factory
[2026-05-12 14:18:01] ==== loop 54/∞ | seed=96239353316064498 archetype=balanced personality=defensor focus=eco actions_per_loop=1 ====
[14:18:01] planet 75: queue busy, throttled building_robot_factory
[2026-05-12 14:19:14] ==== loop 56/∞ | seed=96239353316064498 archetype=balanced personality=defensor focus=eco actions_per_loop=1 ====
[14:19:14] planet 75: queue busy, throttled building_robot_factory
[2026-05-12 14:19:54] ==== loop 57/∞ | seed=96239353316064498 archetype=balanced personality=defensor focus=eco actions_per_loop=1 ====
[14:19:54] planet 75: queue busy, throttled building_robot_factory
[14:19:54] research: blocked research_energy_technology (building_laboratory 0/1)
[2026-05-12 14:20:33] ==== loop 58/∞ | seed=96239353316064498 archetype=balanced personality=defensor focus=eco actions_per_loop=1 ====
[14:20:33] planet 75: queue busy, throttled building_robot_factory
[14:20:33] research: blocked research_energy_technology (building_laboratory 0/1)
[2026-05-12 14:22:40] ==== loop 61/∞ | seed=96239353316064498 archetype=balanced personality=defensor focus=eco actions_per_loop=1 ====
[14:22:40] planet 75: queue busy, throttled building_robot_factory
[2026-05-12 14:23:28] ==== loop 62/∞ | seed=96239353316064498 archetype=balanced personality=defensor focus=eco actions_per_loop=1 ====
[14:23:28] planet 75: queue busy, throttled building_robot_factory
[2026-05-12 14:24:47] ==== loop 64/∞ | seed=96239353316064498 archetype=balanced personality=defensor focus=eco actions_per_loop=1 ====
[14:24:47] planet 75: queue busy, throttled building_robot_factory
[14:24:47] research: blocked research_energy_technology (building_laboratory 0/1)
[2026-05-12 14:25:29] ==== loop 65/∞ | seed=96239353316064498 archetype=balanced personality=defensor focus=eco actions_per_loop=1 ====
[14:25:29] planet 75: queue busy, throttled building_robot_factory
[14:25:29] research: blocked research_energy_technology (building_laboratory 0/1)
[2026-05-12 14:26:09] ==== loop 66/∞ | seed=96239353316064498 archetype=balanced personality=defensor focus=eco actions_per_loop=1 ====
[14:26:09] planet 75: queue busy, throttled building_robot_factory
[2026-05-12 14:26:53] ==== loop 67/∞ | seed=96239353316064498 archetype=balanced personality=defensor focus=eco actions_per_loop=1 ====
[14:26:53] planet 75: queue busy, throttled building_robot_factory
[14:26:53] research: blocked research_energy_technology (building_laboratory 0/1)
[2026-05-12 14:27:39] ==== loop 68/∞ | seed=96239353316064498 archetype=balanced personality=defensor focus=eco actions_per_loop=1 ====
[14:27:39] planet 75: queue busy, throttled building_robot_factory
[2026-05-12 14:28:19] ==== loop 69/∞ | seed=96239353316064498 archetype=balanced personality=defensor focus=eco actions_per_loop=1 ====
[14:28:19] planet 75: queue busy, throttled building_robot_factory
[14:28:19] research: blocked research_energy_technology (building_laboratory 0/1)
[2026-05-12 14:29:43] ==== loop 71/∞ | seed=96239353316064498 archetype=balanced personality=defensor focus=eco actions_per_loop=1 ====
[14:29:43] planet 75: queue busy, throttled building_robot_factory
[2026-05-12 14:30:28] ==== loop 72/∞ | seed=96239353316064498 archetype=balanced personality=defensor focus=eco actions_per_loop=1 ====
[14:30:28] alliance: idle no_candidate
[14:30:28] planet 75: queue busy, throttled building_robot_factory
[14:30:28] research: blocked research_energy_technology (building_laboratory 0/1)
[2026-05-12 14:32:03] ==== loop 74/∞ | seed=96239353316064498 archetype=balanced personality=defensor focus=eco actions_per_loop=1 ====
[14:32:03] planet 75: queue busy, throttled building_robot_factory
[14:32:03] research: blocked research_energy_technology (building_laboratory 0/1)
[2026-05-12 14:32:46] ==== loop 75/∞ | seed=96239353316064498 archetype=balanced personality=defensor focus=eco actions_per_loop=1 ====
[14:32:46] planet 75: queue busy, throttled building_robot_factory
[14:32:46] research: blocked research_energy_technology (building_laboratory 0/1)
[2026-05-12 14:33:35] ==== loop 76/∞ | seed=96239353316064498 archetype=balanced personality=defensor focus=eco actions_per_loop=1 ====
[14:33:35] planet 75: queue busy, throttled building_robot_factory
[14:33:35] research: blocked research_energy_technology (building_laboratory 0/1)
[2026-05-12 14:34:24] ==== loop 77/∞ | seed=96239353316064498 archetype=balanced personality=defensor focus=eco actions_per_loop=1 ====
[14:34:24] planet 75: queue busy, throttled building_robot_factory
[14:34:24] research: blocked research_energy_technology (building_laboratory 0/1)
[2026-05-12 14:36:10] ==== loop 2/∞ | seed=96239353316064498 archetype=balanced personality=defensor focus=eco actions_per_loop=1 ====
[14:36:10] planet 75: queue busy, throttled building_robot_factory
[14:36:10] research: blocked research_energy_technology (building_laboratory 0/1)
[2026-05-12 14:37:43] ==== loop 4/∞ | seed=96239353316064498 archetype=balanced personality=defensor focus=eco actions_per_loop=1 ====
[14:37:43] planet 75: queue busy, throttled building_robot_factory
[2026-05-12 14:38:27] ==== loop 5/∞ | seed=96239353316064498 archetype=balanced personality=defensor focus=eco actions_per_loop=1 ====
[14:38:27] planet 75: queue busy, throttled building_robot_factory
[2026-05-12 14:39:14] ==== loop 6/∞ | seed=96239353316064498 archetype=balanced personality=defensor focus=eco actions_per_loop=1 ====
[14:39:14] planet 75: queue busy, throttled building_robot_factory
[2026-05-12 14:40:01] ==== loop 7/∞ | seed=96239353316064498 archetype=balanced personality=defensor focus=eco actions_per_loop=1 ====
[14:40:01] planet 75: queue busy, throttled building_robot_factory
[2026-05-12 14:40:50] ==== loop 8/∞ | seed=96239353316064498 archetype=balanced personality=defensor focus=eco actions_per_loop=1 ====
[14:40:50] planet 75: queue busy, throttled building_robot_factory
[14:40:50] research: blocked research_energy_technology (building_laboratory 0/1)
[2026-05-12 14:41:30] ==== loop 9/∞ | seed=96239353316064498 archetype=balanced personality=defensor focus=eco actions_per_loop=1 ====
[14:41:30] planet 75: queue busy, throttled building_robot_factory
[14:41:30] research: blocked research_energy_technology (building_laboratory 0/1)
[2026-05-12 14:42:12] ==== loop 10/∞ | seed=96239353316064498 archetype=balanced personality=defensor focus=eco actions_per_loop=1 ====
[14:42:12] planet 75: queue busy, throttled building_robot_factory
[14:42:12] research: blocked research_energy_technology (building_laboratory 0/1)
[2026-05-12 14:43:40] ==== loop 12/∞ | seed=96239353316064498 archetype=balanced personality=defensor focus=eco actions_per_loop=1 ====
[14:43:40] planet 75: queue busy, throttled building_robot_factory
[14:43:40] research: blocked research_energy_technology (building_laboratory 0/1)
[2026-05-12 14:44:26] ==== loop 13/∞ | seed=96239353316064498 archetype=balanced personality=defensor focus=eco actions_per_loop=1 ====
[14:44:26] planet 75: queue busy, throttled building_robot_factory
[2026-05-12 14:45:10] ==== loop 14/∞ | seed=96239353316064498 archetype=balanced personality=defensor focus=eco actions_per_loop=1 ====
[14:45:10] planet 75: queue busy, throttled building_robot_factory
[2026-05-12 14:45:52] ==== loop 15/∞ | seed=96239353316064498 archetype=balanced personality=defensor focus=eco actions_per_loop=1 ====
[14:45:52] alliance: idle no_candidate
[14:45:52] planet 75: queue busy, throttled building_robot_factory
[2026-05-12 14:46:35] ==== loop 16/∞ | seed=96239353316064498 archetype=balanced personality=defensor focus=eco actions_per_loop=1 ====
[14:46:35] planet 75: queue busy, throttled building_robot_factory
[2026-05-12 14:47:17] ==== loop 17/∞ | seed=96239353316064498 archetype=balanced personality=defensor focus=eco actions_per_loop=1 ====
[14:47:17] planet 75: queue busy, throttled building_robot_factory
[14:47:17] research: blocked research_energy_technology (building_laboratory 0/1)
[2026-05-12 14:48:03] ==== loop 18/∞ | seed=96239353316064498 archetype=balanced personality=defensor focus=eco actions_per_loop=1 ====
[14:48:03] planet 75: queue busy, throttled building_robot_factory
