[2026-05-12 07:08:00] ==== loop 1/∞ | seed=864414431593735590 archetype=balanced personality=flotero focus=eco actions_per_loop=3 ====
[07:08:01] planet 78: queued building_solar_plant to 1
[07:08:01] research: blocked research_energy_technology (building_laboratory 0/1)
[2026-05-12 07:08:33] ==== loop 2/∞ | seed=864414431593735590 archetype=balanced personality=flotero focus=eco actions_per_loop=3 ====
[07:08:33] planet 78: queued building_crystal_mine to 1
[07:08:33] research: blocked research_energy_technology (building_laboratory 0/1)
[2026-05-12 07:08:59] ==== loop 3/∞ | seed=864414431593735590 archetype=balanced personality=flotero focus=eco actions_per_loop=3 ====
[07:09:00] planet 78: queued building_crystal_mine to 2
[2026-05-12 07:09:27] ==== loop 4/∞ | seed=864414431593735590 archetype=balanced personality=flotero focus=eco actions_per_loop=3 ====
[07:09:27] planet 78: queued building_solar_plant to 2
[2026-05-12 07:09:49] ==== loop 5/∞ | seed=864414431593735590 archetype=balanced personality=flotero focus=eco actions_per_loop=3 ====
[07:09:50] alliance: application cleared (rejected or cancelled) ally=1
[07:09:50] planet 78: queued building_crystal_mine to 3
[07:09:50] research: blocked research_energy_technology (building_laboratory 0/1)
[2026-05-12 07:10:09] ==== loop 6/∞ | seed=864414431593735590 archetype=balanced personality=flotero focus=eco actions_per_loop=3 ====
[07:10:10] planet 78: queued building_solar_plant to 3
[07:10:10] research: blocked research_energy_technology (building_laboratory 0/1)
[2026-05-12 07:10:30] ==== loop 7/∞ | seed=864414431593735590 archetype=balanced personality=flotero focus=eco actions_per_loop=3 ====
[07:10:31] planet 78: queued building_crystal_mine to 4
[2026-05-12 07:10:50] ==== loop 8/∞ | seed=864414431593735590 archetype=balanced personality=flotero focus=eco actions_per_loop=3 ====
[07:10:50] planet 78: queued building_deuterium_sintetizer to 1
[07:10:50] research: blocked research_energy_technology (building_laboratory 0/1)
[2026-05-12 07:11:09] ==== loop 9/∞ | seed=864414431593735590 archetype=balanced personality=flotero focus=eco actions_per_loop=3 ====
[07:11:11] planet 78: queued building_solar_plant to 4
[2026-05-12 07:11:28] ==== loop 10/∞ | seed=864414431593735590 archetype=balanced personality=flotero focus=eco actions_per_loop=3 ====
[07:11:28] planet 78: queued building_crystal_mine to 5
[2026-05-12 07:11:49] ==== loop 11/∞ | seed=864414431593735590 archetype=balanced personality=flotero focus=eco actions_per_loop=3 ====
[07:11:50] planet 78: queued building_deuterium_sintetizer to 2
[07:11:50] research: blocked research_energy_technology (building_laboratory 0/1)
[2026-05-12 07:12:09] ==== loop 12/∞ | seed=864414431593735590 archetype=balanced personality=flotero focus=eco actions_per_loop=3 ====
[07:12:10] planet 78: queued building_solar_plant to 5
[2026-05-12 07:12:33] ==== loop 13/∞ | seed=864414431593735590 archetype=balanced personality=flotero focus=eco actions_per_loop=3 ====
[07:12:34] planet 78: queued building_crystal_mine to 6
[2026-05-12 07:12:54] ==== loop 14/∞ | seed=864414431593735590 archetype=balanced personality=flotero focus=eco actions_per_loop=3 ====
[07:12:55] planet 78: queued building_solar_plant to 6
[07:12:55] research: blocked research_energy_technology (building_laboratory 0/1)
[2026-05-12 07:13:18] ==== loop 15/∞ | seed=864414431593735590 archetype=balanced personality=flotero focus=eco actions_per_loop=3 ====
[07:13:18] planet 78: queued building_deuterium_sintetizer to 3
[2026-05-12 07:13:40] ==== loop 16/∞ | seed=864414431593735590 archetype=balanced personality=flotero focus=eco actions_per_loop=3 ====
[07:13:41] planet 78: queued building_deuterium_sintetizer to 4
[07:13:41] research: blocked research_energy_technology (building_laboratory 0/1)
[2026-05-12 07:14:04] ==== loop 17/∞ | seed=864414431593735590 archetype=balanced personality=flotero focus=eco actions_per_loop=3 ====
[07:14:06] planet 78: queued building_solar_plant to 7
[07:14:06] research: blocked research_energy_technology (building_laboratory 0/1)
[2026-05-12 07:14:26] ==== loop 18/∞ | seed=864414431593735590 archetype=balanced personality=flotero focus=eco actions_per_loop=3 ====
[07:14:26] planet 78: queued building_deuterium_sintetizer to 5
[07:14:26] research: blocked research_energy_technology (building_laboratory 0/1)
[2026-05-12 07:14:45] ==== loop 19/∞ | seed=864414431593735590 archetype=balanced personality=flotero focus=eco actions_per_loop=3 ====
[07:14:45] planet 78: queued building_solar_plant to 8
[2026-05-12 07:15:05] ==== loop 20/∞ | seed=864414431593735590 archetype=balanced personality=flotero focus=eco actions_per_loop=3 ====
[07:15:06] planet 78: queued building_deuterium_sintetizer to 6
[2026-05-12 07:15:25] ==== loop 21/∞ | seed=864414431593735590 archetype=balanced personality=flotero focus=eco actions_per_loop=3 ====
[07:15:25] planet 78: queued building_deuterium_sintetizer to 7
[07:15:25] research: blocked research_energy_technology (building_laboratory 0/1)
[2026-05-12 07:15:42] ==== loop 22/∞ | seed=864414431593735590 archetype=balanced personality=flotero focus=eco actions_per_loop=3 ====
[07:15:42] planet 78: queued building_deuterium_sintetizer to 8
[07:15:42] research: blocked research_energy_technology (building_laboratory 0/1)
[2026-05-12 07:15:57] ==== loop 23/∞ | seed=864414431593735590 archetype=balanced personality=flotero focus=eco actions_per_loop=3 ====
[07:15:58] planet 78: queued building_deuterium_sintetizer to 9
[2026-05-12 07:16:17] ==== loop 24/∞ | seed=864414431593735590 archetype=balanced personality=flotero focus=eco actions_per_loop=3 ====
[07:16:17] alliance: idle no_candidate
[07:16:17] planet 78: queued building_solar_plant to 9
[07:16:17] research: blocked research_energy_technology (building_laboratory 0/1)
[2026-05-12 07:16:41] ==== loop 25/∞ | seed=864414431593735590 archetype=balanced personality=flotero focus=eco actions_per_loop=3 ====
[07:16:41] planet 78: queued building_solar_plant to 10
[07:16:41] research: blocked research_energy_technology (building_laboratory 0/1)
[2026-05-12 07:16:58] ==== loop 26/∞ | seed=864414431593735590 archetype=balanced personality=flotero focus=eco actions_per_loop=3 ====
[07:16:58] planet 78: queued building_solar_plant to 11
[2026-05-12 07:17:17] ==== loop 27/∞ | seed=864414431593735590 archetype=balanced personality=flotero focus=eco actions_per_loop=3 ====
[07:17:17] planet 78: queued building_solar_plant to 12
[07:17:17] research: blocked research_energy_technology (building_laboratory 0/1)
[2026-05-12 07:17:35] ==== loop 28/∞ | seed=864414431593735590 archetype=balanced personality=flotero focus=eco actions_per_loop=3 ====
[07:17:37] planet 78: building queue full (5)
[07:17:37] planet 78: building queue full (5)
[07:17:37] planet 78: building queue full (5)
[07:17:37] research: blocked research_energy_technology (building_laboratory 0/1)
[2026-05-12 07:17:56] ==== loop 29/∞ | seed=864414431593735590 archetype=balanced personality=flotero focus=eco actions_per_loop=3 ====
[07:17:57] planet 78: building queue full (5)
[07:17:57] planet 78: building queue full (5)
[07:17:57] planet 78: building queue full (5)
[2026-05-12 07:18:16] ==== loop 30/∞ | seed=864414431593735590 archetype=balanced personality=flotero focus=eco actions_per_loop=3 ====
[07:18:17] planet 78: queued building_solar_plant to 13
[07:18:17] research: blocked research_energy_technology (building_laboratory 0/1)
[2026-05-12 07:18:34] ==== loop 31/∞ | seed=864414431593735590 archetype=balanced personality=flotero focus=eco actions_per_loop=3 ====
[07:18:34] planet 78: queued building_solar_plant to 14
[2026-05-12 07:18:53] ==== loop 32/∞ | seed=864414431593735590 archetype=balanced personality=flotero focus=eco actions_per_loop=3 ====
[07:18:55] planet 78: building queue full (5)
[07:18:55] planet 78: building queue full (5)
[07:18:55] planet 78: building queue full (5)
[07:18:55] research: blocked research_energy_technology (building_laboratory 0/1)
[2026-05-12 07:19:12] ==== loop 33/∞ | seed=864414431593735590 archetype=balanced personality=flotero focus=eco actions_per_loop=3 ====
[07:19:13] planet 78: queued building_solar_plant to 15
[07:19:13] research: blocked research_energy_technology (building_laboratory 0/1)
[2026-05-12 07:19:30] ==== loop 34/∞ | seed=864414431593735590 archetype=balanced personality=flotero focus=eco actions_per_loop=3 ====
[07:19:33] planet 78: building queue full (5)
[07:19:33] planet 78: building queue full (5)
[07:19:33] research: blocked research_energy_technology (building_laboratory 0/1)
[2026-05-12 07:19:56] ==== loop 35/∞ | seed=864414431593735590 archetype=balanced personality=flotero focus=eco actions_per_loop=3 ====
[07:19:58] planet 78: building queue full (5)
[07:19:58] planet 78: building queue full (5)
[07:19:58] planet 78: building queue full (5)
[2026-05-12 07:20:16] ==== loop 36/∞ | seed=864414431593735590 archetype=balanced personality=flotero focus=eco actions_per_loop=3 ====
[07:20:17] planet 78: queued building_deuterium_tank to 1
[07:20:17] research: blocked research_energy_technology (building_laboratory 0/1)
[2026-05-12 07:20:35] ==== loop 37/∞ | seed=864414431593735590 archetype=balanced personality=flotero focus=eco actions_per_loop=3 ====
[07:20:37] planet 78: building queue full (5)
[07:20:37] planet 78: building queue full (5)
[07:20:37] research: blocked research_energy_technology (building_laboratory 0/1)
[2026-05-12 07:20:54] ==== loop 38/∞ | seed=864414431593735590 archetype=balanced personality=flotero focus=eco actions_per_loop=3 ====
[07:20:56] planet 78: building queue full (5)
[07:20:56] planet 78: building queue full (5)
[07:20:56] research: blocked research_energy_technology (building_laboratory 0/1)
[2026-05-12 07:21:12] ==== loop 39/∞ | seed=864414431593735590 archetype=balanced personality=flotero focus=eco actions_per_loop=3 ====
[07:21:14] planet 78: building queue full (5)
[07:21:14] planet 78: building queue full (5)
[07:21:14] planet 78: building queue full (5)
[2026-05-12 07:21:32] ==== loop 40/∞ | seed=864414431593735590 archetype=balanced personality=flotero focus=eco actions_per_loop=3 ====
[07:21:33] planet 78: queued building_deuterium_tank to 2
[07:21:33] research: blocked research_energy_technology (building_laboratory 0/1)
[2026-05-12 07:21:51] ==== loop 41/∞ | seed=864414431593735590 archetype=balanced personality=flotero focus=eco actions_per_loop=3 ====
[07:21:52] planet 78: building queue full (5)
[07:21:52] planet 78: building queue full (5)
[07:21:52] planet 78: building queue full (5)
[2026-05-12 07:22:12] ==== loop 42/∞ | seed=864414431593735590 archetype=balanced personality=flotero focus=eco actions_per_loop=3 ====
[07:22:14] planet 78: building queue full (5)
[07:22:14] planet 78: building queue full (5)
[07:22:14] planet 78: building queue full (5)
[2026-05-12 07:22:32] ==== loop 43/∞ | seed=864414431593735590 archetype=balanced personality=flotero focus=eco actions_per_loop=3 ====
[07:22:33] planet 78: building queue full (5)
[07:22:33] planet 78: building queue full (5)
[07:22:33] planet 78: building queue full (5)
[07:22:33] research: blocked research_energy_technology (building_laboratory 0/1)
[2026-05-12 07:22:51] ==== loop 44/∞ | seed=864414431593735590 archetype=balanced personality=flotero focus=eco actions_per_loop=3 ====
[07:22:53] alliance: idle no_candidate
[07:22:53] planet 78: building queue full (5)
[07:22:53] planet 78: building queue full (5)
[07:22:53] planet 78: building queue full (5)
[07:22:53] research: blocked research_energy_technology (building_laboratory 0/1)
[2026-05-12 07:23:11] ==== loop 45/∞ | seed=864414431593735590 archetype=balanced personality=flotero focus=eco actions_per_loop=3 ====
[07:23:12] planet 78: building queue full (5)
[07:23:12] planet 78: building queue full (5)
[07:23:12] planet 78: building queue full (5)
[07:23:12] research: blocked research_energy_technology (building_laboratory 0/1)
[2026-05-12 07:23:28] ==== loop 46/∞ | seed=864414431593735590 archetype=balanced personality=flotero focus=eco actions_per_loop=3 ====
[07:23:30] planet 78: building queue full (5)
[07:23:30] planet 78: building queue full (5)
[07:23:30] planet 78: building queue full (5)
[2026-05-12 07:23:50] ==== loop 47/∞ | seed=864414431593735590 archetype=balanced personality=flotero focus=eco actions_per_loop=3 ====
[07:23:51] planet 78: queued building_deuterium_tank to 3
[07:23:51] research: blocked research_energy_technology (building_laboratory 0/1)
[2026-05-12 07:24:13] ==== loop 48/∞ | seed=864414431593735590 archetype=balanced personality=flotero focus=eco actions_per_loop=3 ====
[07:24:15] planet 78: building queue full (5)
[07:24:15] planet 78: building queue full (5)
[07:24:15] planet 78: building queue full (5)
[2026-05-12 07:24:33] ==== loop 49/∞ | seed=864414431593735590 archetype=balanced personality=flotero focus=eco actions_per_loop=3 ====
[07:24:34] planet 78: building queue full (5)
[07:24:34] planet 78: building queue full (5)
[2026-05-12 07:24:55] ==== loop 50/∞ | seed=864414431593735590 archetype=balanced personality=flotero focus=eco actions_per_loop=3 ====
[07:24:57] planet 78: building queue full (5)
[07:24:57] planet 78: building queue full (5)
[07:24:57] planet 78: building queue full (5)
[2026-05-12 07:25:18] ==== loop 51/∞ | seed=864414431593735590 archetype=balanced personality=flotero focus=eco actions_per_loop=3 ====
[07:25:20] planet 78: building queue full (5)
[07:25:20] planet 78: building queue full (5)
[07:25:20] planet 78: building queue full (5)
[2026-05-12 07:25:42] ==== loop 52/∞ | seed=864414431593735590 archetype=balanced personality=flotero focus=eco actions_per_loop=3 ====
[07:25:44] planet 78: building queue full (5)
[07:25:44] planet 78: building queue full (5)
[07:25:44] planet 78: building queue full (5)
[07:25:44] research: blocked research_energy_technology (building_laboratory 0/1)
[2026-05-12 07:26:05] ==== loop 53/∞ | seed=864414431593735590 archetype=balanced personality=flotero focus=eco actions_per_loop=3 ====
[07:26:08] planet 78: building queue full (5)
[07:26:08] planet 78: building queue full (5)
[07:26:08] planet 78: building queue full (5)
[2026-05-12 07:26:27] ==== loop 54/∞ | seed=864414431593735590 archetype=balanced personality=flotero focus=eco actions_per_loop=3 ====
[07:26:29] planet 78: building queue full (5)
[07:26:29] planet 78: building queue full (5)
[07:26:29] planet 78: building queue full (5)
[2026-05-12 07:26:48] ==== loop 55/∞ | seed=864414431593735590 archetype=balanced personality=flotero focus=eco actions_per_loop=3 ====
[07:26:50] planet 78: building queue full (5)
[07:26:50] planet 78: building queue full (5)
[07:26:50] planet 78: building queue full (5)
[2026-05-12 07:27:07] ==== loop 56/∞ | seed=864414431593735590 archetype=balanced personality=flotero focus=eco actions_per_loop=3 ====
[07:27:08] planet 78: queued building_deuterium_tank to 4
[07:27:08] research: blocked research_energy_technology (building_laboratory 0/1)
[2026-05-12 07:27:25] ==== loop 57/∞ | seed=864414431593735590 archetype=balanced personality=flotero focus=eco actions_per_loop=3 ====
[07:27:27] planet 78: building queue full (5)
[07:27:27] planet 78: building queue full (5)
[07:27:27] research: blocked research_energy_technology (building_laboratory 0/1)
[2026-05-12 07:27:44] ==== loop 58/∞ | seed=864414431593735590 archetype=balanced personality=flotero focus=eco actions_per_loop=3 ====
[07:27:46] planet 78: building queue full (5)
[07:27:46] planet 78: building queue full (5)
[07:27:46] research: blocked research_energy_technology (building_laboratory 0/1)
[2026-05-12 07:28:05] ==== loop 59/∞ | seed=864414431593735590 archetype=balanced personality=flotero focus=eco actions_per_loop=3 ====
[07:28:07] planet 78: building queue full (5)
[07:28:07] planet 78: building queue full (5)
[07:28:07] planet 78: building queue full (5)
[2026-05-12 07:28:28] ==== loop 60/∞ | seed=864414431593735590 archetype=balanced personality=flotero focus=eco actions_per_loop=3 ====
[07:28:30] planet 78: building queue full (5)
[07:28:30] planet 78: building queue full (5)
[07:28:30] planet 78: building queue full (5)
[07:28:30] research: blocked research_energy_technology (building_laboratory 0/1)
[2026-05-12 07:28:49] ==== loop 61/∞ | seed=864414431593735590 archetype=balanced personality=flotero focus=eco actions_per_loop=3 ====
[07:28:50] planet 78: building queue full (5)
[07:28:50] planet 78: building queue full (5)
[07:28:50] research: blocked research_energy_technology (building_laboratory 0/1)
[2026-05-12 07:29:09] ==== loop 62/∞ | seed=864414431593735590 archetype=balanced personality=flotero focus=eco actions_per_loop=3 ====
[07:29:10] planet 78: building queue full (5)
[07:29:10] planet 78: building queue full (5)
[07:29:10] planet 78: building queue full (5)
[07:29:10] research: blocked research_energy_technology (building_laboratory 0/1)
[2026-05-12 07:29:30] ==== loop 63/∞ | seed=864414431593735590 archetype=balanced personality=flotero focus=eco actions_per_loop=3 ====
[07:29:32] planet 78: building queue full (5)
[07:29:32] planet 78: building queue full (5)
[07:29:32] planet 78: building queue full (5)
[07:29:32] research: blocked research_energy_technology (building_laboratory 0/1)
[2026-05-12 07:29:55] ==== loop 64/∞ | seed=864414431593735590 archetype=balanced personality=flotero focus=eco actions_per_loop=3 ====
[07:29:57] alliance: idle no_candidate
[07:29:57] planet 78: building queue full (5)
[07:29:57] planet 78: building queue full (5)
[07:29:57] planet 78: building queue full (5)
[07:29:57] research: blocked research_energy_technology (building_laboratory 0/1)
[2026-05-12 07:30:15] ==== loop 65/∞ | seed=864414431593735590 archetype=balanced personality=flotero focus=eco actions_per_loop=3 ====
[07:30:17] planet 78: building queue full (5)
[07:30:17] planet 78: building queue full (5)
[07:30:17] planet 78: building queue full (5)
[2026-05-12 07:30:37] ==== loop 66/∞ | seed=864414431593735590 archetype=balanced personality=flotero focus=eco actions_per_loop=3 ====
[07:30:40] planet 78: building queue full (5)
[07:30:40] planet 78: building queue full (5)
[07:30:40] planet 78: building queue full (5)
[07:30:40] research: blocked research_energy_technology (building_laboratory 0/1)
[2026-05-12 07:30:59] ==== loop 67/∞ | seed=864414431593735590 archetype=balanced personality=flotero focus=eco actions_per_loop=3 ====
[07:31:01] planet 78: building queue full (5)
[07:31:01] planet 78: building queue full (5)
[07:31:01] planet 78: building queue full (5)
[2026-05-12 07:31:20] ==== loop 68/∞ | seed=864414431593735590 archetype=balanced personality=flotero focus=eco actions_per_loop=3 ====
[07:31:22] planet 78: building queue full (5)
[07:31:22] planet 78: building queue full (5)
[2026-05-12 07:31:40] ==== loop 69/∞ | seed=864414431593735590 archetype=balanced personality=flotero focus=eco actions_per_loop=3 ====
[07:31:41] planet 78: building queue full (5)
[07:31:41] planet 78: building queue full (5)
[2026-05-12 07:32:02] ==== loop 70/∞ | seed=864414431593735590 archetype=balanced personality=flotero focus=eco actions_per_loop=3 ====
[07:32:02] planet 78: queued building_crystal_mine to 7
[2026-05-12 07:32:22] ==== loop 71/∞ | seed=864414431593735590 archetype=balanced personality=flotero focus=eco actions_per_loop=3 ====
[07:32:23] planet 78: queued building_crystal_mine to 8
[2026-05-12 07:32:43] ==== loop 72/∞ | seed=864414431593735590 archetype=balanced personality=flotero focus=eco actions_per_loop=3 ====
[07:32:44] planet 78: queued building_crystal_mine to 9
[2026-05-12 07:33:03] ==== loop 73/∞ | seed=864414431593735590 archetype=balanced personality=flotero focus=eco actions_per_loop=3 ====
[07:33:05] planet 78: queued building_crystal_mine to 10
[07:33:05] research: blocked research_energy_technology (building_laboratory 0/1)
[2026-05-12 07:33:26] ==== loop 74/∞ | seed=864414431593735590 archetype=balanced personality=flotero focus=eco actions_per_loop=3 ====
[07:33:29] planet 78: building queue full (5)
[07:33:29] planet 78: building queue full (5)
[07:33:29] planet 78: building queue full (5)
[07:33:29] research: blocked research_energy_technology (building_laboratory 0/1)
[2026-05-12 07:33:50] ==== loop 75/∞ | seed=864414431593735590 archetype=balanced personality=flotero focus=eco actions_per_loop=3 ====
[07:33:51] planet 78: building queue full (5)
[07:33:51] planet 78: building queue full (5)
[07:33:51] research: blocked research_energy_technology (building_laboratory 0/1)
[2026-05-12 07:34:09] ==== loop 76/∞ | seed=864414431593735590 archetype=balanced personality=flotero focus=eco actions_per_loop=3 ====
[07:34:10] planet 78: queued building_crystal_mine to 11
[07:34:10] research: blocked research_energy_technology (building_laboratory 0/1)
[2026-05-12 07:34:29] ==== loop 77/∞ | seed=864414431593735590 archetype=balanced personality=flotero focus=eco actions_per_loop=3 ====
[07:34:29] planet 78: queued building_crystal_mine to 12
[2026-05-12 07:34:48] ==== loop 78/∞ | seed=864414431593735590 archetype=balanced personality=flotero focus=eco actions_per_loop=3 ====
[07:34:49] planet 78: queued building_crystal_mine to 13
[2026-05-12 07:35:10] ==== loop 79/∞ | seed=864414431593735590 archetype=balanced personality=flotero focus=eco actions_per_loop=3 ====
[07:35:10] planet 78: queued building_crystal_mine to 14
[07:35:10] research: blocked research_energy_technology (building_laboratory 0/1)
[2026-05-12 07:35:27] ==== loop 80/∞ | seed=864414431593735590 archetype=balanced personality=flotero focus=eco actions_per_loop=3 ====
[07:35:30] planet 78: building queue full (5)
[07:35:30] planet 78: building queue full (5)
[07:35:30] planet 78: building queue full (5)
[2026-05-12 07:35:51] ==== loop 81/∞ | seed=864414431593735590 archetype=balanced personality=flotero focus=eco actions_per_loop=3 ====
[07:35:52] planet 78: queued building_crystal_mine to 15
[07:35:52] research: blocked research_energy_technology (building_laboratory 0/1)
[2026-05-12 07:36:14] ==== loop 82/∞ | seed=864414431593735590 archetype=balanced personality=flotero focus=eco actions_per_loop=3 ====
[07:36:16] planet 78: building queue full (5)
[07:36:16] planet 78: building queue full (5)
[07:36:16] planet 78: building queue full (5)
[2026-05-12 07:36:36] ==== loop 83/∞ | seed=864414431593735590 archetype=balanced personality=flotero focus=eco actions_per_loop=3 ====
[07:36:38] planet 78: building queue full (5)
[07:36:38] planet 78: building queue full (5)
[07:36:38] research: blocked research_energy_technology (building_laboratory 0/1)
[2026-05-12 07:36:58] ==== loop 84/∞ | seed=864414431593735590 archetype=balanced personality=flotero focus=eco actions_per_loop=3 ====
[07:36:59] alliance: idle no_candidate
[07:36:59] planet 78: queued building_crystal_mine to 16
[2026-05-12 07:37:18] ==== loop 85/∞ | seed=864414431593735590 archetype=balanced personality=flotero focus=eco actions_per_loop=3 ====
[07:37:19] planet 78: building queue full (5)
[07:37:19] planet 78: building queue full (5)
[07:37:19] planet 78: building queue full (5)
[07:37:19] research: blocked research_energy_technology (building_laboratory 0/1)
[2026-05-12 07:37:39] ==== loop 86/∞ | seed=864414431593735590 archetype=balanced personality=flotero focus=eco actions_per_loop=3 ====
[07:37:40] planet 78: building queue full (5)
[07:37:40] planet 78: building queue full (5)
[2026-05-12 07:38:02] ==== loop 87/∞ | seed=864414431593735590 archetype=balanced personality=flotero focus=eco actions_per_loop=3 ====
[07:38:04] planet 78: building queue full (5)
[07:38:04] planet 78: building queue full (5)
[07:38:04] research: blocked research_energy_technology (building_laboratory 0/1)
[2026-05-12 07:38:24] ==== loop 88/∞ | seed=864414431593735590 archetype=balanced personality=flotero focus=eco actions_per_loop=3 ====
[07:38:26] planet 78: building queue full (5)
[07:38:26] planet 78: building queue full (5)
[07:38:26] planet 78: building queue full (5)
[2026-05-12 07:38:45] ==== loop 89/∞ | seed=864414431593735590 archetype=balanced personality=flotero focus=eco actions_per_loop=3 ====
[07:38:47] planet 78: building queue full (5)
[07:38:47] planet 78: building queue full (5)
[07:38:47] planet 78: building queue full (5)
[2026-05-12 07:39:06] ==== loop 90/∞ | seed=864414431593735590 archetype=balanced personality=flotero focus=eco actions_per_loop=3 ====
[07:39:06] planet 78: queued building_crystal_mine to 17
[2026-05-12 07:39:24] ==== loop 91/∞ | seed=864414431593735590 archetype=balanced personality=flotero focus=eco actions_per_loop=3 ====
[07:39:25] planet 78: no resources for building_crystal_mine+1
[07:39:25] research: blocked research_energy_technology (building_laboratory 0/1)
[2026-05-12 07:39:41] ==== loop 92/∞ | seed=864414431593735590 archetype=balanced personality=flotero focus=eco actions_per_loop=3 ====
[07:39:42] planet 78: no resources for building_crystal_mine+1
[2026-05-12 07:40:02] ==== loop 93/∞ | seed=864414431593735590 archetype=balanced personality=flotero focus=eco actions_per_loop=3 ====
[07:40:02] planet 78: no resources for building_crystal_mine+1
[07:40:02] research: blocked research_energy_technology (building_laboratory 0/1)
[2026-05-12 07:40:22] ==== loop 94/∞ | seed=864414431593735590 archetype=balanced personality=flotero focus=eco actions_per_loop=3 ====
[07:40:22] planet 78: no resources for building_crystal_mine+1
[07:40:22] research: blocked research_energy_technology (building_laboratory 0/1)
[2026-05-12 07:40:40] ==== loop 95/∞ | seed=864414431593735590 archetype=balanced personality=flotero focus=eco actions_per_loop=3 ====
[07:40:40] planet 78: no resources for building_crystal_mine+1
[2026-05-12 07:41:00] ==== loop 96/∞ | seed=864414431593735590 archetype=balanced personality=flotero focus=eco actions_per_loop=3 ====
[07:41:01] planet 78: no resources for building_crystal_mine+1
[2026-05-12 07:41:18] ==== loop 97/∞ | seed=864414431593735590 archetype=balanced personality=flotero focus=eco actions_per_loop=3 ====
[07:41:19] planet 78: no resources for building_crystal_mine+1
[2026-05-12 07:41:40] ==== loop 98/∞ | seed=864414431593735590 archetype=balanced personality=flotero focus=eco actions_per_loop=3 ====
[07:41:41] planet 78: no resources for building_crystal_mine+1
[07:41:41] research: blocked research_energy_technology (building_laboratory 0/1)
[2026-05-12 07:42:02] ==== loop 99/∞ | seed=864414431593735590 archetype=balanced personality=flotero focus=eco actions_per_loop=3 ====
[07:42:02] planet 78: no resources for building_crystal_mine+1
[2026-05-12 07:42:24] ==== loop 100/∞ | seed=864414431593735590 archetype=balanced personality=flotero focus=eco actions_per_loop=3 ====
[07:42:24] planet 78: no resources for building_crystal_mine+1
[07:42:24] research: blocked research_energy_technology (building_laboratory 0/1)
[2026-05-12 07:42:43] ==== loop 101/∞ | seed=864414431593735590 archetype=balanced personality=flotero focus=eco actions_per_loop=3 ====
[07:42:44] planet 78: no resources for building_crystal_mine+1
[2026-05-12 07:43:08] ==== loop 102/∞ | seed=864414431593735590 archetype=balanced personality=flotero focus=eco actions_per_loop=3 ====
[07:43:08] planet 78: no resources for building_crystal_mine+1
[2026-05-12 07:43:26] ==== loop 103/∞ | seed=864414431593735590 archetype=balanced personality=flotero focus=eco actions_per_loop=3 ====
[07:43:27] planet 78: no resources for building_crystal_mine+1
[2026-05-12 07:43:49] ==== loop 104/∞ | seed=864414431593735590 archetype=balanced personality=flotero focus=eco actions_per_loop=3 ====
[07:43:50] alliance: idle no_candidate
[07:43:50] planet 78: no resources for building_crystal_mine+1
[2026-05-12 07:44:13] ==== loop 105/∞ | seed=864414431593735590 archetype=balanced personality=flotero focus=eco actions_per_loop=3 ====
[07:44:13] planet 78: no resources for building_crystal_mine+1
[2026-05-12 07:44:38] ==== loop 106/∞ | seed=864414431593735590 archetype=balanced personality=flotero focus=eco actions_per_loop=3 ====
[07:44:38] planet 78: no resources for building_crystal_mine+1
[2026-05-12 07:44:58] ==== loop 107/∞ | seed=864414431593735590 archetype=balanced personality=flotero focus=eco actions_per_loop=3 ====
[07:44:59] planet 78: no resources for building_crystal_mine+1
[07:44:59] research: blocked research_energy_technology (building_laboratory 0/1)
[2026-05-12 07:45:20] ==== loop 108/∞ | seed=864414431593735590 archetype=balanced personality=flotero focus=eco actions_per_loop=3 ====
[07:45:20] planet 78: no resources for building_crystal_mine+1
[07:45:20] research: blocked research_energy_technology (building_laboratory 0/1)
[2026-05-12 07:45:38] ==== loop 109/∞ | seed=864414431593735590 archetype=balanced personality=flotero focus=eco actions_per_loop=3 ====
[07:45:39] planet 78: no resources for building_crystal_mine+1
[2026-05-12 07:46:00] ==== loop 110/∞ | seed=864414431593735590 archetype=balanced personality=flotero focus=eco actions_per_loop=3 ====
[07:46:01] planet 78: no resources for building_crystal_mine+1
[07:46:01] research: blocked research_energy_technology (building_laboratory 0/1)
[2026-05-12 07:46:22] ==== loop 111/∞ | seed=864414431593735590 archetype=balanced personality=flotero focus=eco actions_per_loop=3 ====
[07:46:23] planet 78: no resources for building_crystal_mine+1
[2026-05-12 07:46:42] ==== loop 112/∞ | seed=864414431593735590 archetype=balanced personality=flotero focus=eco actions_per_loop=3 ====
[07:46:43] planet 78: no resources for building_crystal_mine+1
[07:46:43] research: blocked research_energy_technology (building_laboratory 0/1)
[2026-05-12 07:47:03] ==== loop 113/∞ | seed=864414431593735590 archetype=balanced personality=flotero focus=eco actions_per_loop=3 ====
[07:47:03] planet 78: no resources for building_crystal_mine+1
[07:47:03] research: blocked research_energy_technology (building_laboratory 0/1)
[2026-05-12 07:47:24] ==== loop 114/∞ | seed=864414431593735590 archetype=balanced personality=flotero focus=eco actions_per_loop=3 ====
[07:47:25] planet 78: no resources for building_crystal_mine+1
[07:47:25] research: blocked research_energy_technology (building_laboratory 0/1)
[2026-05-12 07:47:43] ==== loop 115/∞ | seed=864414431593735590 archetype=balanced personality=flotero focus=eco actions_per_loop=3 ====
[07:47:44] planet 78: no resources for building_crystal_mine+1
[2026-05-12 07:48:03] ==== loop 116/∞ | seed=864414431593735590 archetype=balanced personality=flotero focus=eco actions_per_loop=3 ====
[07:48:04] planet 78: no resources for building_crystal_mine+1
[2026-05-12 07:48:23] ==== loop 117/∞ | seed=864414431593735590 archetype=balanced personality=flotero focus=eco actions_per_loop=3 ====
[07:48:24] planet 78: no resources for building_crystal_mine+1
[07:48:24] research: blocked research_energy_technology (building_laboratory 0/1)
[2026-05-12 07:48:42] ==== loop 118/∞ | seed=864414431593735590 archetype=balanced personality=flotero focus=eco actions_per_loop=3 ====
[07:48:42] planet 78: no resources for building_crystal_mine+1
[2026-05-12 07:49:03] ==== loop 119/∞ | seed=864414431593735590 archetype=balanced personality=flotero focus=eco actions_per_loop=3 ====
[07:49:05] planet 78: no resources for building_crystal_mine+1
[07:49:05] research: blocked research_energy_technology (building_laboratory 0/1)
[2026-05-12 07:49:21] ==== loop 120/∞ | seed=864414431593735590 archetype=balanced personality=flotero focus=eco actions_per_loop=3 ====
[07:49:21] planet 78: no resources for building_crystal_mine+1
[07:49:21] research: blocked research_energy_technology (building_laboratory 0/1)
[2026-05-12 07:49:43] ==== loop 121/∞ | seed=864414431593735590 archetype=balanced personality=flotero focus=eco actions_per_loop=3 ====
[07:49:44] planet 78: no resources for building_crystal_mine+1
[07:49:44] research: blocked research_energy_technology (building_laboratory 0/1)
[2026-05-12 07:50:03] ==== loop 122/∞ | seed=864414431593735590 archetype=balanced personality=flotero focus=eco actions_per_loop=3 ====
[07:50:03] planet 78: no resources for building_crystal_mine+1
[2026-05-12 07:50:24] ==== loop 123/∞ | seed=864414431593735590 archetype=balanced personality=flotero focus=eco actions_per_loop=3 ====
[07:50:25] planet 78: no resources for building_crystal_mine+1
[07:50:25] research: blocked research_energy_technology (building_laboratory 0/1)
[2026-05-12 07:50:45] ==== loop 124/∞ | seed=864414431593735590 archetype=balanced personality=flotero focus=eco actions_per_loop=3 ====
[07:50:45] alliance: idle no_candidate
[07:50:45] planet 78: no resources for building_crystal_mine+1
[07:50:45] research: blocked research_energy_technology (building_laboratory 0/1)
[2026-05-12 07:51:04] ==== loop 125/∞ | seed=864414431593735590 archetype=balanced personality=flotero focus=eco actions_per_loop=3 ====
[07:51:05] planet 78: no resources for building_crystal_mine+1
[07:51:05] research: blocked research_energy_technology (building_laboratory 0/1)
[2026-05-12 07:51:23] ==== loop 126/∞ | seed=864414431593735590 archetype=balanced personality=flotero focus=eco actions_per_loop=3 ====
[07:51:24] planet 78: no resources for building_crystal_mine+1
[07:51:24] research: blocked research_energy_technology (building_laboratory 0/1)
[2026-05-12 07:51:44] ==== loop 127/∞ | seed=864414431593735590 archetype=balanced personality=flotero focus=eco actions_per_loop=3 ====
[07:51:44] planet 78: no resources for building_crystal_mine+1
[2026-05-12 07:52:02] ==== loop 128/∞ | seed=864414431593735590 archetype=balanced personality=flotero focus=eco actions_per_loop=3 ====
[07:52:02] planet 78: no resources for building_crystal_mine+1
[07:52:02] research: blocked research_energy_technology (building_laboratory 0/1)
[2026-05-12 07:52:21] ==== loop 129/∞ | seed=864414431593735590 archetype=balanced personality=flotero focus=eco actions_per_loop=3 ====
[07:52:22] planet 78: no resources for building_crystal_mine+1
[07:52:22] research: blocked research_energy_technology (building_laboratory 0/1)
[2026-05-12 07:52:39] ==== loop 130/∞ | seed=864414431593735590 archetype=balanced personality=flotero focus=eco actions_per_loop=3 ====
[07:52:40] planet 78: no resources for building_crystal_mine+1
[07:52:40] research: blocked research_energy_technology (building_laboratory 0/1)
[2026-05-12 07:53:02] ==== loop 131/∞ | seed=864414431593735590 archetype=balanced personality=flotero focus=eco actions_per_loop=3 ====
[07:53:03] planet 78: no resources for building_crystal_mine+1
[07:53:03] research: blocked research_energy_technology (building_laboratory 0/1)
[2026-05-12 07:53:22] ==== loop 132/∞ | seed=864414431593735590 archetype=balanced personality=flotero focus=eco actions_per_loop=3 ====
[07:53:23] planet 78: no resources for building_crystal_mine+1
[2026-05-12 07:53:41] ==== loop 133/∞ | seed=864414431593735590 archetype=balanced personality=flotero focus=eco actions_per_loop=3 ====
[07:53:42] planet 78: no resources for building_crystal_mine+1
[2026-05-12 07:53:59] ==== loop 134/∞ | seed=864414431593735590 archetype=balanced personality=flotero focus=eco actions_per_loop=3 ====
[07:53:59] planet 78: no resources for building_crystal_mine+1
[07:53:59] research: blocked research_energy_technology (building_laboratory 0/1)
[2026-05-12 07:54:20] ==== loop 135/∞ | seed=864414431593735590 archetype=balanced personality=flotero focus=eco actions_per_loop=3 ====
[07:54:20] planet 78: no resources for building_crystal_mine+1
[07:54:20] research: blocked research_energy_technology (building_laboratory 0/1)
[2026-05-12 07:54:40] ==== loop 136/∞ | seed=864414431593735590 archetype=balanced personality=flotero focus=eco actions_per_loop=3 ====
[07:54:40] planet 78: no resources for building_crystal_mine+1
[07:54:40] research: blocked research_energy_technology (building_laboratory 0/1)
[2026-05-12 07:54:58] ==== loop 137/∞ | seed=864414431593735590 archetype=balanced personality=flotero focus=eco actions_per_loop=3 ====
[07:54:59] planet 78: no resources for building_crystal_mine+1
[07:54:59] research: blocked research_energy_technology (building_laboratory 0/1)
[2026-05-12 07:55:21] ==== loop 138/∞ | seed=864414431593735590 archetype=balanced personality=flotero focus=eco actions_per_loop=3 ====
[07:55:21] planet 78: no resources for building_crystal_mine+1
[07:55:21] research: blocked research_energy_technology (building_laboratory 0/1)
[2026-05-12 07:55:43] ==== loop 139/∞ | seed=864414431593735590 archetype=balanced personality=flotero focus=eco actions_per_loop=3 ====
[07:55:44] planet 78: no resources for building_crystal_mine+1
[07:55:44] research: blocked research_energy_technology (building_laboratory 0/1)
[2026-05-12 07:56:04] ==== loop 140/∞ | seed=864414431593735590 archetype=balanced personality=flotero focus=eco actions_per_loop=3 ====
[07:56:04] planet 78: no resources for building_crystal_mine+1
[2026-05-12 07:56:23] ==== loop 141/∞ | seed=864414431593735590 archetype=balanced personality=flotero focus=eco actions_per_loop=3 ====
[07:56:24] planet 78: no resources for building_crystal_mine+1
[07:56:24] research: blocked research_energy_technology (building_laboratory 0/1)
[2026-05-12 07:56:44] ==== loop 142/∞ | seed=864414431593735590 archetype=balanced personality=flotero focus=eco actions_per_loop=3 ====
[07:56:44] planet 78: no resources for building_crystal_mine+1
[2026-05-12 07:57:04] ==== loop 143/∞ | seed=864414431593735590 archetype=balanced personality=flotero focus=eco actions_per_loop=3 ====
[07:57:05] planet 78: no resources for building_crystal_mine+1
[07:57:05] research: blocked research_energy_technology (building_laboratory 0/1)
[2026-05-12 07:57:21] ==== loop 144/∞ | seed=864414431593735590 archetype=balanced personality=flotero focus=eco actions_per_loop=3 ====
[07:57:22] alliance: idle no_candidate
[07:57:22] planet 78: no resources for building_crystal_mine+1
[2026-05-12 07:57:40] ==== loop 145/∞ | seed=864414431593735590 archetype=balanced personality=flotero focus=eco actions_per_loop=3 ====
[07:57:40] planet 78: no resources for building_crystal_mine+1
[2026-05-12 07:58:03] ==== loop 146/∞ | seed=864414431593735590 archetype=balanced personality=flotero focus=eco actions_per_loop=3 ====
[07:58:04] planet 78: no resources for building_crystal_mine+1
[07:58:04] research: blocked research_energy_technology (building_laboratory 0/1)
[2026-05-12 07:58:24] ==== loop 147/∞ | seed=864414431593735590 archetype=balanced personality=flotero focus=eco actions_per_loop=3 ====
[07:58:25] planet 78: no resources for building_crystal_mine+1
[2026-05-12 07:58:48] ==== loop 148/∞ | seed=864414431593735590 archetype=balanced personality=flotero focus=eco actions_per_loop=3 ====
[07:58:49] planet 78: no resources for building_crystal_mine+1
[07:58:49] research: blocked research_energy_technology (building_laboratory 0/1)
[2026-05-12 07:59:10] ==== loop 149/∞ | seed=864414431593735590 archetype=balanced personality=flotero focus=eco actions_per_loop=3 ====
[07:59:10] planet 78: no resources for building_crystal_mine+1
[2026-05-12 07:59:32] ==== loop 150/∞ | seed=864414431593735590 archetype=balanced personality=flotero focus=eco actions_per_loop=3 ====
[07:59:33] planet 78: no resources for building_crystal_mine+1
[07:59:33] research: blocked research_energy_technology (building_laboratory 0/1)
[2026-05-12 07:59:55] ==== loop 151/∞ | seed=864414431593735590 archetype=balanced personality=flotero focus=eco actions_per_loop=3 ====
[07:59:55] planet 78: no resources for building_crystal_mine+1
[2026-05-12 08:00:14] ==== loop 152/∞ | seed=864414431593735590 archetype=balanced personality=flotero focus=eco actions_per_loop=3 ====
[08:00:15] planet 78: queued building_robot_factory to 1
[2026-05-12 08:00:37] ==== loop 153/∞ | seed=864414431593735590 archetype=balanced personality=flotero focus=eco actions_per_loop=3 ====
[08:00:37] planet 78: queue busy, throttled building_robot_factory
[08:00:37] planet 78: queue busy, throttled building_robot_factory
[2026-05-12 08:00:58] ==== loop 154/∞ | seed=864414431593735590 archetype=balanced personality=flotero focus=eco actions_per_loop=3 ====
[08:00:58] planet 78: queue busy, throttled building_robot_factory
[08:00:58] planet 78: queue busy, throttled building_robot_factory
[08:00:58] planet 78: queue busy, throttled building_robot_factory
[2026-05-12 08:01:19] ==== loop 155/∞ | seed=864414431593735590 archetype=balanced personality=flotero focus=eco actions_per_loop=3 ====
[08:01:19] planet 78: queue busy, throttled building_robot_factory
[08:01:19] planet 78: queue busy, throttled building_robot_factory
[08:01:19] planet 78: queue busy, throttled building_robot_factory
[08:01:19] research: blocked research_energy_technology (building_laboratory 0/1)
[2026-05-12 08:01:40] ==== loop 156/∞ | seed=864414431593735590 archetype=balanced personality=flotero focus=eco actions_per_loop=3 ====
[08:01:40] planet 78: queue busy, throttled building_robot_factory
[08:01:40] planet 78: queue busy, throttled building_robot_factory
[08:01:40] research: blocked research_energy_technology (building_laboratory 0/1)
[2026-05-12 08:02:01] ==== loop 157/∞ | seed=864414431593735590 archetype=balanced personality=flotero focus=eco actions_per_loop=3 ====
[08:02:01] planet 78: queue busy, throttled building_robot_factory
[08:02:01] planet 78: queue busy, throttled building_robot_factory
[2026-05-12 08:02:21] ==== loop 158/∞ | seed=864414431593735590 archetype=balanced personality=flotero focus=eco actions_per_loop=3 ====
[08:02:21] planet 78: queue busy, throttled building_robot_factory
[08:02:21] planet 78: queue busy, throttled building_robot_factory
[08:02:21] planet 78: queue busy, throttled building_robot_factory
[08:02:21] research: blocked research_energy_technology (building_laboratory 0/1)
[2026-05-12 08:02:42] ==== loop 159/∞ | seed=864414431593735590 archetype=balanced personality=flotero focus=eco actions_per_loop=3 ====
[08:02:42] planet 78: queue busy, throttled building_robot_factory
[08:02:42] planet 78: queue busy, throttled building_robot_factory
[08:02:42] planet 78: queue busy, throttled building_robot_factory
[08:02:42] research: blocked research_energy_technology (building_laboratory 0/1)
[2026-05-12 08:03:01] ==== loop 160/∞ | seed=864414431593735590 archetype=balanced personality=flotero focus=eco actions_per_loop=3 ====
[08:03:01] planet 78: queue busy, throttled building_robot_factory
[08:03:01] planet 78: queue busy, throttled building_robot_factory
[08:03:01] planet 78: queue busy, throttled building_robot_factory
[08:03:01] research: blocked research_energy_technology (building_laboratory 0/1)
[2026-05-12 08:03:22] ==== loop 161/∞ | seed=864414431593735590 archetype=balanced personality=flotero focus=eco actions_per_loop=3 ====
[08:03:22] planet 78: queue busy, throttled building_robot_factory
[08:03:22] planet 78: queue busy, throttled building_robot_factory
[08:03:22] research: blocked research_energy_technology (building_laboratory 0/1)
[2026-05-12 08:03:40] ==== loop 162/∞ | seed=864414431593735590 archetype=balanced personality=flotero focus=eco actions_per_loop=3 ====
[08:03:40] planet 78: queue busy, throttled building_robot_factory
[08:03:40] planet 78: queue busy, throttled building_robot_factory
[08:03:40] planet 78: queue busy, throttled building_robot_factory
[08:03:40] research: blocked research_energy_technology (building_laboratory 0/1)
[2026-05-12 08:04:01] ==== loop 163/∞ | seed=864414431593735590 archetype=balanced personality=flotero focus=eco actions_per_loop=3 ====
[08:04:01] planet 78: queue busy, throttled building_robot_factory
[08:04:01] planet 78: queue busy, throttled building_robot_factory
[08:04:01] planet 78: queue busy, throttled building_robot_factory
[2026-05-12 08:04:20] ==== loop 164/∞ | seed=864414431593735590 archetype=balanced personality=flotero focus=eco actions_per_loop=3 ====
[08:04:20] alliance: idle no_candidate
[08:04:20] planet 78: queue busy, throttled building_robot_factory
[08:04:20] planet 78: queue busy, throttled building_robot_factory
[08:04:20] planet 78: queue busy, throttled building_robot_factory
[08:04:20] research: blocked research_energy_technology (building_laboratory 0/1)
[2026-05-12 08:04:40] ==== loop 165/∞ | seed=864414431593735590 archetype=balanced personality=flotero focus=eco actions_per_loop=3 ====
[08:04:40] planet 78: queue busy, throttled building_robot_factory
[08:04:40] planet 78: queue busy, throttled building_robot_factory
[08:04:40] planet 78: queue busy, throttled building_robot_factory
[08:04:40] research: blocked research_energy_technology (building_laboratory 0/1)
[2026-05-12 08:05:04] ==== loop 166/∞ | seed=864414431593735590 archetype=balanced personality=flotero focus=eco actions_per_loop=3 ====
[08:05:04] planet 78: queue busy, throttled building_robot_factory
[08:05:04] planet 78: queue busy, throttled building_robot_factory
[08:05:04] planet 78: queue busy, throttled building_robot_factory
[2026-05-12 08:05:26] ==== loop 167/∞ | seed=864414431593735590 archetype=balanced personality=flotero focus=eco actions_per_loop=3 ====
[08:05:26] planet 78: queue busy, throttled building_robot_factory
[08:05:26] planet 78: queue busy, throttled building_robot_factory
[08:05:26] planet 78: queue busy, throttled building_robot_factory
[08:05:26] research: blocked research_energy_technology (building_laboratory 0/1)
[2026-05-12 08:05:47] ==== loop 168/∞ | seed=864414431593735590 archetype=balanced personality=flotero focus=eco actions_per_loop=3 ====
[08:05:47] planet 78: queue busy, throttled building_robot_factory
[08:05:47] planet 78: queue busy, throttled building_robot_factory
[08:05:47] planet 78: queue busy, throttled building_robot_factory
[08:05:47] research: blocked research_energy_technology (building_laboratory 0/1)
[2026-05-12 08:06:06] ==== loop 169/∞ | seed=864414431593735590 archetype=balanced personality=flotero focus=eco actions_per_loop=3 ====
[08:06:06] planet 78: queue busy, throttled building_robot_factory
[08:06:06] planet 78: queue busy, throttled building_robot_factory
[08:06:06] planet 78: queue busy, throttled building_robot_factory
[2026-05-12 08:06:25] ==== loop 170/∞ | seed=864414431593735590 archetype=balanced personality=flotero focus=eco actions_per_loop=3 ====
[08:06:25] planet 78: queue busy, throttled building_robot_factory
[08:06:25] planet 78: queue busy, throttled building_robot_factory
[08:06:25] planet 78: queue busy, throttled building_robot_factory
[08:06:25] research: blocked research_energy_technology (building_laboratory 0/1)
[2026-05-12 08:06:45] ==== loop 171/∞ | seed=864414431593735590 archetype=balanced personality=flotero focus=eco actions_per_loop=3 ====
[08:06:45] planet 78: queue busy, throttled building_robot_factory
[08:06:45] planet 78: queue busy, throttled building_robot_factory
[08:06:45] planet 78: queue busy, throttled building_robot_factory
[2026-05-12 08:07:06] ==== loop 172/∞ | seed=864414431593735590 archetype=balanced personality=flotero focus=eco actions_per_loop=3 ====
[08:07:06] planet 78: queue busy, throttled building_robot_factory
[08:07:06] planet 78: queue busy, throttled building_robot_factory
[08:07:06] planet 78: queue busy, throttled building_robot_factory
[2026-05-12 08:07:26] ==== loop 173/∞ | seed=864414431593735590 archetype=balanced personality=flotero focus=eco actions_per_loop=3 ====
[08:07:26] planet 78: queue busy, throttled building_robot_factory
[08:07:26] planet 78: queue busy, throttled building_robot_factory
[08:07:26] planet 78: queue busy, throttled building_robot_factory
[08:07:26] research: blocked research_energy_technology (building_laboratory 0/1)
[2026-05-12 08:07:49] ==== loop 174/∞ | seed=864414431593735590 archetype=balanced personality=flotero focus=eco actions_per_loop=3 ====
[08:07:49] planet 78: queue busy, throttled building_robot_factory
[08:07:49] planet 78: queue busy, throttled building_robot_factory
[08:07:49] planet 78: queue busy, throttled building_robot_factory
[08:07:49] research: blocked research_energy_technology (building_laboratory 0/1)
[2026-05-12 08:08:10] ==== loop 175/∞ | seed=864414431593735590 archetype=balanced personality=flotero focus=eco actions_per_loop=3 ====
[08:08:10] planet 78: queue busy, throttled building_robot_factory
[08:08:10] planet 78: queue busy, throttled building_robot_factory
[08:08:10] planet 78: queue busy, throttled building_robot_factory
[08:08:10] research: blocked research_energy_technology (building_laboratory 0/1)
[2026-05-12 08:08:32] ==== loop 176/∞ | seed=864414431593735590 archetype=balanced personality=flotero focus=eco actions_per_loop=3 ====
[08:08:32] planet 78: queue busy, throttled building_robot_factory
[08:08:32] planet 78: queue busy, throttled building_robot_factory
[08:08:32] research: blocked research_energy_technology (building_laboratory 0/1)
[2026-05-12 08:08:54] ==== loop 177/∞ | seed=864414431593735590 archetype=balanced personality=flotero focus=eco actions_per_loop=3 ====
[08:08:54] planet 78: queued building_robot_factory to 2
[2026-05-12 08:09:16] ==== loop 178/∞ | seed=864414431593735590 archetype=balanced personality=flotero focus=eco actions_per_loop=3 ====
[08:09:16] planet 78: queue busy, throttled building_robot_factory
[08:09:16] planet 78: queue busy, throttled building_robot_factory
[08:09:16] planet 78: queue busy, throttled building_robot_factory
[2026-05-12 08:09:36] ==== loop 179/∞ | seed=864414431593735590 archetype=balanced personality=flotero focus=eco actions_per_loop=3 ====
[08:09:36] planet 78: queue busy, throttled building_robot_factory
[08:09:36] planet 78: queue busy, throttled building_robot_factory
[08:09:36] planet 78: queue busy, throttled building_robot_factory
[2026-05-12 08:09:56] ==== loop 180/∞ | seed=864414431593735590 archetype=balanced personality=flotero focus=eco actions_per_loop=3 ====
[08:09:56] planet 78: queue busy, throttled building_robot_factory
[08:09:56] planet 78: queue busy, throttled building_robot_factory
[08:09:56] planet 78: queue busy, throttled building_robot_factory
[08:09:56] research: blocked research_energy_technology (building_laboratory 0/1)
[2026-05-12 08:10:21] ==== loop 181/∞ | seed=864414431593735590 archetype=balanced personality=flotero focus=eco actions_per_loop=3 ====
[08:10:22] planet 78: no resources for building_crystal_mine+1
[2026-05-12 08:10:44] ==== loop 182/∞ | seed=864414431593735590 archetype=balanced personality=flotero focus=eco actions_per_loop=3 ====
[08:10:44] planet 78: no resources for building_crystal_mine+1
[2026-05-12 08:11:07] ==== loop 183/∞ | seed=864414431593735590 archetype=balanced personality=flotero focus=eco actions_per_loop=3 ====
[08:11:08] planet 78: no resources for building_crystal_mine+1
[2026-05-12 08:11:28] ==== loop 184/∞ | seed=864414431593735590 archetype=balanced personality=flotero focus=eco actions_per_loop=3 ====
[08:11:29] alliance: idle no_candidate
[08:11:29] planet 78: no resources for building_crystal_mine+1
[08:11:29] research: blocked research_energy_technology (building_laboratory 0/1)
[2026-05-12 08:11:50] ==== loop 185/∞ | seed=864414431593735590 archetype=balanced personality=flotero focus=eco actions_per_loop=3 ====
[08:11:50] planet 78: no resources for building_crystal_mine+1
[2026-05-12 08:12:11] ==== loop 186/∞ | seed=864414431593735590 archetype=balanced personality=flotero focus=eco actions_per_loop=3 ====
[08:12:11] planet 78: no resources for building_crystal_mine+1
[08:12:11] research: blocked research_energy_technology (building_laboratory 0/1)
[2026-05-12 08:12:32] ==== loop 187/∞ | seed=864414431593735590 archetype=balanced personality=flotero focus=eco actions_per_loop=3 ====
[08:12:32] planet 78: no resources for building_crystal_mine+1
[08:12:32] research: blocked research_energy_technology (building_laboratory 0/1)
[2026-05-12 08:12:55] ==== loop 188/∞ | seed=864414431593735590 archetype=balanced personality=flotero focus=eco actions_per_loop=3 ====
[08:12:56] planet 78: no resources for building_crystal_mine+1
[2026-05-12 08:13:17] ==== loop 189/∞ | seed=864414431593735590 archetype=balanced personality=flotero focus=eco actions_per_loop=3 ====
[08:13:17] planet 78: no resources for building_crystal_mine+1
[08:13:17] research: blocked research_energy_technology (building_laboratory 0/1)
[2026-05-12 08:13:40] ==== loop 190/∞ | seed=864414431593735590 archetype=balanced personality=flotero focus=eco actions_per_loop=3 ====
[08:13:41] planet 78: no resources for building_crystal_mine+1
[2026-05-12 08:14:02] ==== loop 191/∞ | seed=864414431593735590 archetype=balanced personality=flotero focus=eco actions_per_loop=3 ====
[08:14:03] planet 78: no resources for building_crystal_mine+1
[08:14:03] research: blocked research_energy_technology (building_laboratory 0/1)
[2026-05-12 08:14:23] ==== loop 192/∞ | seed=864414431593735590 archetype=balanced personality=flotero focus=eco actions_per_loop=3 ====
[08:14:23] planet 78: no resources for building_crystal_mine+1
[08:14:23] research: blocked research_energy_technology (building_laboratory 0/1)
[2026-05-12 08:14:46] ==== loop 193/∞ | seed=864414431593735590 archetype=balanced personality=flotero focus=eco actions_per_loop=3 ====
[08:14:46] planet 78: no resources for building_crystal_mine+1
[2026-05-12 08:15:08] ==== loop 194/∞ | seed=864414431593735590 archetype=balanced personality=flotero focus=eco actions_per_loop=3 ====
[08:15:09] planet 78: no resources for building_crystal_mine+1
[08:15:09] research: blocked research_energy_technology (building_laboratory 0/1)
[2026-05-12 08:15:31] ==== loop 195/∞ | seed=864414431593735590 archetype=balanced personality=flotero focus=eco actions_per_loop=3 ====
[08:15:31] planet 78: no resources for building_crystal_mine+1
[08:15:31] research: blocked research_energy_technology (building_laboratory 0/1)
[2026-05-12 08:15:54] ==== loop 196/∞ | seed=864414431593735590 archetype=balanced personality=flotero focus=eco actions_per_loop=3 ====
[08:15:54] planet 78: no resources for building_crystal_mine+1
[08:15:54] research: blocked research_energy_technology (building_laboratory 0/1)
[2026-05-12 08:16:17] ==== loop 197/∞ | seed=864414431593735590 archetype=balanced personality=flotero focus=eco actions_per_loop=3 ====
[08:16:17] planet 78: no resources for building_crystal_mine+1
[08:16:17] research: blocked research_energy_technology (building_laboratory 0/1)
[2026-05-12 08:16:37] ==== loop 198/∞ | seed=864414431593735590 archetype=balanced personality=flotero focus=eco actions_per_loop=3 ====
[08:16:38] planet 78: no resources for building_crystal_mine+1
[2026-05-12 08:16:59] ==== loop 199/∞ | seed=864414431593735590 archetype=balanced personality=flotero focus=eco actions_per_loop=3 ====
[08:16:59] planet 78: no resources for building_crystal_mine+1
[08:16:59] research: blocked research_energy_technology (building_laboratory 0/1)
[2026-05-12 08:17:23] ==== loop 200/∞ | seed=864414431593735590 archetype=balanced personality=flotero focus=eco actions_per_loop=3 ====
[08:17:23] planet 78: no resources for building_crystal_mine+1
[08:17:23] research: blocked research_energy_technology (building_laboratory 0/1)
[2026-05-12 08:17:44] ==== loop 201/∞ | seed=864414431593735590 archetype=balanced personality=flotero focus=eco actions_per_loop=3 ====
[08:17:45] planet 78: no resources for building_crystal_mine+1
[2026-05-12 08:18:07] ==== loop 202/∞ | seed=864414431593735590 archetype=balanced personality=flotero focus=eco actions_per_loop=3 ====
[08:18:08] planet 78: no resources for building_crystal_mine+1
[08:18:08] research: blocked research_energy_technology (building_laboratory 0/1)
[2026-05-12 08:18:29] ==== loop 203/∞ | seed=864414431593735590 archetype=balanced personality=flotero focus=eco actions_per_loop=3 ====
[08:18:30] planet 78: no resources for building_crystal_mine+1
[2026-05-12 08:18:54] ==== loop 204/∞ | seed=864414431593735590 archetype=balanced personality=flotero focus=eco actions_per_loop=3 ====
[08:18:54] alliance: idle no_candidate
[08:18:54] planet 78: no resources for building_crystal_mine+1
[08:18:54] research: blocked research_energy_technology (building_laboratory 0/1)
[2026-05-12 08:19:14] ==== loop 205/∞ | seed=864414431593735590 archetype=balanced personality=flotero focus=eco actions_per_loop=3 ====
[08:19:15] planet 78: no resources for building_crystal_mine+1
[2026-05-12 08:19:34] ==== loop 206/∞ | seed=864414431593735590 archetype=balanced personality=flotero focus=eco actions_per_loop=3 ====
[08:19:35] planet 78: no resources for building_crystal_mine+1
[2026-05-12 08:19:55] ==== loop 207/∞ | seed=864414431593735590 archetype=balanced personality=flotero focus=eco actions_per_loop=3 ====
[08:19:56] planet 78: no resources for building_crystal_mine+1
[08:19:56] research: blocked research_energy_technology (building_laboratory 0/1)
[2026-05-12 08:20:17] ==== loop 208/∞ | seed=864414431593735590 archetype=balanced personality=flotero focus=eco actions_per_loop=3 ====
[08:20:17] planet 78: no resources for building_crystal_mine+1
[2026-05-12 08:20:38] ==== loop 209/∞ | seed=864414431593735590 archetype=balanced personality=flotero focus=eco actions_per_loop=3 ====
[08:20:39] planet 78: no resources for building_crystal_mine+1
[2026-05-12 08:21:01] ==== loop 210/∞ | seed=864414431593735590 archetype=balanced personality=flotero focus=eco actions_per_loop=3 ====
[08:21:02] planet 78: no resources for building_crystal_mine+1
[08:21:02] research: blocked research_energy_technology (building_laboratory 0/1)
[2026-05-12 08:21:23] ==== loop 211/∞ | seed=864414431593735590 archetype=balanced personality=flotero focus=eco actions_per_loop=3 ====
[08:21:24] planet 78: no resources for building_crystal_mine+1
[2026-05-12 08:21:45] ==== loop 212/∞ | seed=864414431593735590 archetype=balanced personality=flotero focus=eco actions_per_loop=3 ====
[08:21:46] planet 78: no resources for building_crystal_mine+1
[08:21:46] research: blocked research_energy_technology (building_laboratory 0/1)
[2026-05-12 08:22:06] ==== loop 213/∞ | seed=864414431593735590 archetype=balanced personality=flotero focus=eco actions_per_loop=3 ====
[08:22:07] planet 78: no resources for building_crystal_mine+1
[2026-05-12 08:22:27] ==== loop 214/∞ | seed=864414431593735590 archetype=balanced personality=flotero focus=eco actions_per_loop=3 ====
[08:22:28] planet 78: no resources for building_crystal_mine+1
[2026-05-12 08:22:47] ==== loop 215/∞ | seed=864414431593735590 archetype=balanced personality=flotero focus=eco actions_per_loop=3 ====
[08:22:48] planet 78: no resources for building_crystal_mine+1
[08:22:48] research: blocked research_energy_technology (building_laboratory 0/1)
[2026-05-12 08:23:13] ==== loop 216/∞ | seed=864414431593735590 archetype=balanced personality=flotero focus=eco actions_per_loop=3 ====
[08:23:14] planet 78: no resources for building_crystal_mine+1
[08:23:14] research: blocked research_energy_technology (building_laboratory 0/1)
[2026-05-12 08:23:36] ==== loop 217/∞ | seed=864414431593735590 archetype=balanced personality=flotero focus=eco actions_per_loop=3 ====
[08:23:37] planet 78: no resources for building_crystal_mine+1
[2026-05-12 08:24:01] ==== loop 218/∞ | seed=864414431593735590 archetype=balanced personality=flotero focus=eco actions_per_loop=3 ====
[08:24:01] planet 78: no resources for building_crystal_mine+1
[08:24:01] research: blocked research_energy_technology (building_laboratory 0/1)
[2026-05-12 08:24:28] ==== loop 219/∞ | seed=864414431593735590 archetype=balanced personality=flotero focus=eco actions_per_loop=3 ====
[08:24:28] planet 78: no resources for building_crystal_mine+1
[2026-05-12 08:24:53] ==== loop 220/∞ | seed=864414431593735590 archetype=balanced personality=flotero focus=eco actions_per_loop=3 ====
[08:24:53] planet 78: no resources for building_crystal_mine+1
[2026-05-12 08:25:17] ==== loop 221/∞ | seed=864414431593735590 archetype=balanced personality=flotero focus=eco actions_per_loop=3 ====
[08:25:17] planet 78: no resources for building_crystal_mine+1
[2026-05-12 08:25:43] ==== loop 222/∞ | seed=864414431593735590 archetype=balanced personality=flotero focus=eco actions_per_loop=3 ====
[08:25:44] planet 78: no resources for building_crystal_mine+1
[08:25:44] research: blocked research_energy_technology (building_laboratory 0/1)
[2026-05-12 08:26:09] ==== loop 223/∞ | seed=864414431593735590 archetype=balanced personality=flotero focus=eco actions_per_loop=3 ====
[08:26:09] planet 78: no resources for building_crystal_mine+1
[2026-05-12 08:26:34] ==== loop 224/∞ | seed=864414431593735590 archetype=balanced personality=flotero focus=eco actions_per_loop=3 ====
[08:26:35] alliance: idle no_candidate
[08:26:35] planet 78: no resources for building_crystal_mine+1
[2026-05-12 08:27:01] ==== loop 225/∞ | seed=864414431593735590 archetype=balanced personality=flotero focus=eco actions_per_loop=3 ====
[08:27:02] planet 78: no resources for building_crystal_mine+1
[08:27:02] research: blocked research_energy_technology (building_laboratory 0/1)
[2026-05-12 08:27:29] ==== loop 226/∞ | seed=864414431593735590 archetype=balanced personality=flotero focus=eco actions_per_loop=3 ====
[08:27:30] planet 78: no resources for building_crystal_mine+1
[2026-05-12 08:27:58] ==== loop 227/∞ | seed=864414431593735590 archetype=balanced personality=flotero focus=eco actions_per_loop=3 ====
[08:27:59] planet 78: no resources for building_crystal_mine+1
[2026-05-12 08:28:22] ==== loop 228/∞ | seed=864414431593735590 archetype=balanced personality=flotero focus=eco actions_per_loop=3 ====
[08:28:24] planet 78: no resources for building_crystal_mine+1
[08:28:24] research: blocked research_energy_technology (building_laboratory 0/1)
[2026-05-12 08:28:44] ==== loop 229/∞ | seed=864414431593735590 archetype=balanced personality=flotero focus=eco actions_per_loop=3 ====
[08:28:45] planet 78: no resources for building_crystal_mine+1
[08:28:45] research: blocked research_energy_technology (building_laboratory 0/1)
[2026-05-12 08:29:11] ==== loop 230/∞ | seed=864414431593735590 archetype=balanced personality=flotero focus=eco actions_per_loop=3 ====
[08:29:11] planet 78: no resources for building_crystal_mine+1
[08:29:11] research: blocked research_energy_technology (building_laboratory 0/1)
[2026-05-12 08:29:36] ==== loop 231/∞ | seed=864414431593735590 archetype=balanced personality=flotero focus=eco actions_per_loop=3 ====
[08:29:37] planet 78: no resources for building_crystal_mine+1
[08:29:37] research: blocked research_energy_technology (building_laboratory 0/1)
[2026-05-12 08:30:05] ==== loop 232/∞ | seed=864414431593735590 archetype=balanced personality=flotero focus=eco actions_per_loop=3 ====
[08:30:05] planet 78: queued building_crystal_store to 1
[2026-05-12 08:30:29] ==== loop 233/∞ | seed=864414431593735590 archetype=balanced personality=flotero focus=eco actions_per_loop=3 ====
[08:30:31] planet 78: queued building_solar_plant to 16
[2026-05-12 08:30:54] ==== loop 234/∞ | seed=864414431593735590 archetype=balanced personality=flotero focus=eco actions_per_loop=3 ====
[08:30:55] planet 78: queued building_solar_plant to 17
[2026-05-12 08:31:17] ==== loop 235/∞ | seed=864414431593735590 archetype=balanced personality=flotero focus=eco actions_per_loop=3 ====
[08:31:18] planet 78: queued building_solar_plant to 18
[2026-05-12 08:31:38] ==== loop 236/∞ | seed=864414431593735590 archetype=balanced personality=flotero focus=eco actions_per_loop=3 ====
[08:31:39] planet 78: no resources for building_solar_plant+1
[08:31:39] research: blocked research_energy_technology (building_laboratory 0/1)
[2026-05-12 08:31:59] ==== loop 237/∞ | seed=864414431593735590 archetype=balanced personality=flotero focus=eco actions_per_loop=3 ====
[08:32:00] planet 78: no resources for building_solar_plant+1
[08:32:00] research: blocked research_energy_technology (building_laboratory 0/1)
[2026-05-12 08:32:23] ==== loop 238/∞ | seed=864414431593735590 archetype=balanced personality=flotero focus=eco actions_per_loop=3 ====
[08:32:24] planet 78: no resources for building_solar_plant+1
[08:32:24] research: blocked research_energy_technology (building_laboratory 0/1)
[2026-05-12 08:32:45] ==== loop 239/∞ | seed=864414431593735590 archetype=balanced personality=flotero focus=eco actions_per_loop=3 ====
[08:32:46] planet 78: queued building_crystal_store to 2
[08:32:46] research: blocked research_energy_technology (building_laboratory 0/1)
[2026-05-12 08:33:08] ==== loop 240/∞ | seed=864414431593735590 archetype=balanced personality=flotero focus=eco actions_per_loop=3 ====
[08:33:09] planet 78: queued building_crystal_store to 3
[2026-05-12 08:33:29] ==== loop 241/∞ | seed=864414431593735590 archetype=balanced personality=flotero focus=eco actions_per_loop=3 ====
[08:33:29] planet 78: queued building_crystal_store to 4
[2026-05-12 08:33:50] ==== loop 242/∞ | seed=864414431593735590 archetype=balanced personality=flotero focus=eco actions_per_loop=3 ====
[08:33:51] planet 78: building queue full (5)
[08:33:51] planet 78: building queue full (5)
[08:33:51] planet 78: building queue full (5)
[2026-05-12 08:34:13] ==== loop 243/∞ | seed=864414431593735590 archetype=balanced personality=flotero focus=eco actions_per_loop=3 ====
[08:34:14] planet 78: building queue full (5)
[08:34:14] planet 78: building queue full (5)
[08:34:14] planet 78: building queue full (5)
[2026-05-12 08:34:34] ==== loop 244/∞ | seed=864414431593735590 archetype=balanced personality=flotero focus=eco actions_per_loop=3 ====
[08:34:35] alliance: idle no_candidate
[08:34:35] planet 78: building queue full (5)
[08:34:35] planet 78: building queue full (5)
[08:34:35] planet 78: building queue full (5)
[08:34:35] research: blocked research_energy_technology (building_laboratory 0/1)
[2026-05-12 08:34:56] ==== loop 245/∞ | seed=864414431593735590 archetype=balanced personality=flotero focus=eco actions_per_loop=3 ====
[08:34:58] planet 78: building queue full (5)
[08:34:58] planet 78: building queue full (5)
[08:34:58] research: blocked research_energy_technology (building_laboratory 0/1)
[2026-05-12 08:35:18] ==== loop 246/∞ | seed=864414431593735590 archetype=balanced personality=flotero focus=eco actions_per_loop=3 ====
[08:35:20] planet 78: building queue full (5)
[08:35:20] planet 78: building queue full (5)
[08:35:20] planet 78: building queue full (5)
[2026-05-12 08:35:39] ==== loop 247/∞ | seed=864414431593735590 archetype=balanced personality=flotero focus=eco actions_per_loop=3 ====
[08:35:39] planet 78: queued building_crystal_store to 5
[08:35:39] research: blocked research_energy_technology (building_laboratory 0/1)
[2026-05-12 08:36:00] ==== loop 248/∞ | seed=864414431593735590 archetype=balanced personality=flotero focus=eco actions_per_loop=3 ====
[08:36:02] planet 78: building queue full (5)
[08:36:02] planet 78: building queue full (5)
[08:36:02] planet 78: building queue full (5)
[08:36:02] research: blocked research_energy_technology (building_laboratory 0/1)
[2026-05-12 08:36:24] ==== loop 249/∞ | seed=864414431593735590 archetype=balanced personality=flotero focus=eco actions_per_loop=3 ====
[08:36:25] planet 78: building queue full (5)
[08:36:25] planet 78: building queue full (5)
[2026-05-12 08:36:47] ==== loop 250/∞ | seed=864414431593735590 archetype=balanced personality=flotero focus=eco actions_per_loop=3 ====
[08:36:50] planet 78: building queue full (5)
[08:36:50] planet 78: building queue full (5)
[08:36:50] planet 78: building queue full (5)
[08:36:50] research: blocked research_energy_technology (building_laboratory 0/1)
[2026-05-12 08:37:13] ==== loop 251/∞ | seed=864414431593735590 archetype=balanced personality=flotero focus=eco actions_per_loop=3 ====
[08:37:14] planet 78: building queue full (5)
[08:37:14] planet 78: building queue full (5)
[08:37:14] planet 78: building queue full (5)
[2026-05-12 08:37:33] ==== loop 252/∞ | seed=864414431593735590 archetype=balanced personality=flotero focus=eco actions_per_loop=3 ====
[08:37:35] planet 78: building queue full (5)
[08:37:35] planet 78: building queue full (5)
[08:37:35] planet 78: building queue full (5)
[2026-05-12 08:37:56] ==== loop 253/∞ | seed=864414431593735590 archetype=balanced personality=flotero focus=eco actions_per_loop=3 ====
[08:37:57] planet 78: building queue full (5)
[08:37:57] planet 78: building queue full (5)
[08:37:57] research: blocked research_energy_technology (building_laboratory 0/1)
[2026-05-12 08:38:18] ==== loop 254/∞ | seed=864414431593735590 archetype=balanced personality=flotero focus=eco actions_per_loop=3 ====
[08:38:19] planet 78: building queue full (5)
[08:38:19] planet 78: building queue full (5)
[2026-05-12 08:38:40] ==== loop 255/∞ | seed=864414431593735590 archetype=balanced personality=flotero focus=eco actions_per_loop=3 ====
[08:38:43] planet 78: building queue full (5)
[08:38:43] planet 78: building queue full (5)
[08:38:43] planet 78: building queue full (5)
[2026-05-12 08:39:05] ==== loop 256/∞ | seed=864414431593735590 archetype=balanced personality=flotero focus=eco actions_per_loop=3 ====
[08:39:05] planet 78: building queue full (5)
[08:39:05] planet 78: building queue full (5)
[08:39:05] research: blocked research_energy_technology (building_laboratory 0/1)
[2026-05-12 08:39:26] ==== loop 257/∞ | seed=864414431593735590 archetype=balanced personality=flotero focus=eco actions_per_loop=3 ====
[08:39:28] planet 78: building queue full (5)
[08:39:28] planet 78: building queue full (5)
[08:39:28] planet 78: building queue full (5)
[2026-05-12 08:39:47] ==== loop 258/∞ | seed=864414431593735590 archetype=balanced personality=flotero focus=eco actions_per_loop=3 ====
[08:39:50] planet 78: building queue full (5)
[08:39:50] planet 78: building queue full (5)
[08:39:50] planet 78: building queue full (5)
[08:39:50] research: blocked research_energy_technology (building_laboratory 0/1)
[2026-05-12 08:40:08] ==== loop 259/∞ | seed=864414431593735590 archetype=balanced personality=flotero focus=eco actions_per_loop=3 ====
[08:40:09] planet 78: no resources for building_crystal_mine+1
[2026-05-12 08:40:32] ==== loop 260/∞ | seed=864414431593735590 archetype=balanced personality=flotero focus=eco actions_per_loop=3 ====
[08:40:34] planet 78: no resources for building_crystal_mine+1
[08:40:34] research: blocked research_energy_technology (building_laboratory 0/1)
[2026-05-12 08:40:52] ==== loop 261/∞ | seed=864414431593735590 archetype=balanced personality=flotero focus=eco actions_per_loop=3 ====
[08:40:52] planet 78: no resources for building_crystal_mine+1
[2026-05-12 08:41:16] ==== loop 262/∞ | seed=864414431593735590 archetype=balanced personality=flotero focus=eco actions_per_loop=3 ====
[08:41:16] planet 78: no resources for building_crystal_mine+1
[2026-05-12 08:41:34] ==== loop 263/∞ | seed=864414431593735590 archetype=balanced personality=flotero focus=eco actions_per_loop=3 ====
[08:41:34] planet 78: no resources for building_crystal_mine+1
[08:41:34] research: blocked research_energy_technology (building_laboratory 0/1)
[2026-05-12 08:41:55] ==== loop 264/∞ | seed=864414431593735590 archetype=balanced personality=flotero focus=eco actions_per_loop=3 ====
[08:41:56] alliance: idle no_candidate
[08:41:56] planet 78: no resources for building_crystal_mine+1
[2026-05-12 08:42:17] ==== loop 265/∞ | seed=864414431593735590 archetype=balanced personality=flotero focus=eco actions_per_loop=3 ====
[08:42:18] planet 78: no resources for building_crystal_mine+1
[08:42:18] research: blocked research_energy_technology (building_laboratory 0/1)
[2026-05-12 08:42:41] ==== loop 266/∞ | seed=864414431593735590 archetype=balanced personality=flotero focus=eco actions_per_loop=3 ====
[08:42:42] planet 78: no resources for building_crystal_mine+1
[08:42:42] research: blocked research_energy_technology (building_laboratory 0/1)
[2026-05-12 08:43:00] ==== loop 267/∞ | seed=864414431593735590 archetype=balanced personality=flotero focus=eco actions_per_loop=3 ====
[08:43:01] planet 78: no resources for building_crystal_mine+1
[08:43:01] research: blocked research_energy_technology (building_laboratory 0/1)
[2026-05-12 08:43:20] ==== loop 268/∞ | seed=864414431593735590 archetype=balanced personality=flotero focus=eco actions_per_loop=3 ====
[08:43:20] planet 78: no resources for building_crystal_mine+1
[08:43:20] research: blocked research_energy_technology (building_laboratory 0/1)
[2026-05-12 08:43:38] ==== loop 269/∞ | seed=864414431593735590 archetype=balanced personality=flotero focus=eco actions_per_loop=3 ====
[08:43:39] planet 78: no resources for building_crystal_mine+1
[08:43:39] research: blocked research_energy_technology (building_laboratory 0/1)
[2026-05-12 08:43:58] ==== loop 270/∞ | seed=864414431593735590 archetype=balanced personality=flotero focus=eco actions_per_loop=3 ====
[08:43:59] planet 78: no resources for building_crystal_mine+1
[08:43:59] research: blocked research_energy_technology (building_laboratory 0/1)
[2026-05-12 08:44:16] ==== loop 271/∞ | seed=864414431593735590 archetype=balanced personality=flotero focus=eco actions_per_loop=3 ====
[08:44:17] planet 78: no resources for building_crystal_mine+1
[08:44:17] research: blocked research_energy_technology (building_laboratory 0/1)
[2026-05-12 08:44:37] ==== loop 272/∞ | seed=864414431593735590 archetype=balanced personality=flotero focus=eco actions_per_loop=3 ====
[08:44:38] planet 78: no resources for building_crystal_mine+1
[08:44:38] research: blocked research_energy_technology (building_laboratory 0/1)
[2026-05-12 08:44:58] ==== loop 273/∞ | seed=864414431593735590 archetype=balanced personality=flotero focus=eco actions_per_loop=3 ====
[08:44:58] planet 78: no resources for building_crystal_mine+1
[08:44:58] research: blocked research_energy_technology (building_laboratory 0/1)
[2026-05-12 08:45:16] ==== loop 274/∞ | seed=864414431593735590 archetype=balanced personality=flotero focus=eco actions_per_loop=3 ====
[08:45:17] planet 78: no resources for building_crystal_mine+1
[2026-05-12 08:45:37] ==== loop 275/∞ | seed=864414431593735590 archetype=balanced personality=flotero focus=eco actions_per_loop=3 ====
[08:45:39] planet 78: no resources for building_crystal_mine+1
[08:45:39] research: blocked research_energy_technology (building_laboratory 0/1)
[2026-05-12 08:46:00] ==== loop 276/∞ | seed=864414431593735590 archetype=balanced personality=flotero focus=eco actions_per_loop=3 ====
[08:46:00] planet 78: no resources for building_crystal_mine+1
[2026-05-12 08:46:23] ==== loop 277/∞ | seed=864414431593735590 archetype=balanced personality=flotero focus=eco actions_per_loop=3 ====
[08:46:23] planet 78: no resources for building_crystal_mine+1
[2026-05-12 08:46:41] ==== loop 278/∞ | seed=864414431593735590 archetype=balanced personality=flotero focus=eco actions_per_loop=3 ====
[08:46:42] planet 78: no resources for building_crystal_mine+1
[2026-05-12 08:47:04] ==== loop 279/∞ | seed=864414431593735590 archetype=balanced personality=flotero focus=eco actions_per_loop=3 ====
[08:47:04] planet 78: no resources for building_crystal_mine+1
[08:47:04] research: blocked research_energy_technology (building_laboratory 0/1)
[2026-05-12 08:47:23] ==== loop 280/∞ | seed=864414431593735590 archetype=balanced personality=flotero focus=eco actions_per_loop=3 ====
[08:47:23] planet 78: no resources for building_crystal_mine+1
[08:47:23] research: blocked research_energy_technology (building_laboratory 0/1)
[2026-05-12 08:47:41] ==== loop 281/∞ | seed=864414431593735590 archetype=balanced personality=flotero focus=eco actions_per_loop=3 ====
[08:47:42] planet 78: no resources for building_crystal_mine+1
[08:47:42] research: blocked research_energy_technology (building_laboratory 0/1)
[2026-05-12 08:48:03] ==== loop 282/∞ | seed=864414431593735590 archetype=balanced personality=flotero focus=eco actions_per_loop=3 ====
[08:48:04] planet 78: no resources for building_crystal_mine+1
[08:48:04] research: blocked research_energy_technology (building_laboratory 0/1)
[2026-05-12 08:48:21] ==== loop 283/∞ | seed=864414431593735590 archetype=balanced personality=flotero focus=eco actions_per_loop=3 ====
[08:48:22] planet 78: no resources for building_crystal_mine+1
[2026-05-12 08:48:40] ==== loop 284/∞ | seed=864414431593735590 archetype=balanced personality=flotero focus=eco actions_per_loop=3 ====
[08:48:40] alliance: idle no_candidate
[08:48:40] planet 78: no resources for building_crystal_mine+1
[2026-05-12 08:48:59] ==== loop 285/∞ | seed=864414431593735590 archetype=balanced personality=flotero focus=eco actions_per_loop=3 ====
[08:49:00] planet 78: no resources for building_crystal_mine+1
[2026-05-12 08:49:16] ==== loop 286/∞ | seed=864414431593735590 archetype=balanced personality=flotero focus=eco actions_per_loop=3 ====
[08:49:17] planet 78: no resources for building_crystal_mine+1
[2026-05-12 08:49:35] ==== loop 287/∞ | seed=864414431593735590 archetype=balanced personality=flotero focus=eco actions_per_loop=3 ====
[08:49:35] planet 78: no resources for building_crystal_mine+1
[2026-05-12 08:49:54] ==== loop 288/∞ | seed=864414431593735590 archetype=balanced personality=flotero focus=eco actions_per_loop=3 ====
[08:49:55] planet 78: no resources for building_crystal_mine+1
[2026-05-12 08:50:15] ==== loop 289/∞ | seed=864414431593735590 archetype=balanced personality=flotero focus=eco actions_per_loop=3 ====
[08:50:15] planet 78: no resources for building_crystal_mine+1
[2026-05-12 08:50:32] ==== loop 290/∞ | seed=864414431593735590 archetype=balanced personality=flotero focus=eco actions_per_loop=3 ====
[08:50:33] planet 78: no resources for building_crystal_mine+1
[2026-05-12 08:50:56] ==== loop 291/∞ | seed=864414431593735590 archetype=balanced personality=flotero focus=eco actions_per_loop=3 ====
[08:50:56] planet 78: no resources for building_crystal_mine+1
[08:50:56] research: blocked research_energy_technology (building_laboratory 0/1)
[2026-05-12 08:51:16] ==== loop 292/∞ | seed=864414431593735590 archetype=balanced personality=flotero focus=eco actions_per_loop=3 ====
[08:51:16] planet 78: no resources for building_crystal_mine+1
[08:51:16] research: blocked research_energy_technology (building_laboratory 0/1)
[2026-05-12 08:51:39] ==== loop 293/∞ | seed=864414431593735590 archetype=balanced personality=flotero focus=eco actions_per_loop=3 ====
[08:51:40] planet 78: no resources for building_crystal_mine+1
[2026-05-12 08:52:01] ==== loop 294/∞ | seed=864414431593735590 archetype=balanced personality=flotero focus=eco actions_per_loop=3 ====
[08:52:02] planet 78: no resources for building_crystal_mine+1
[08:52:02] research: blocked research_energy_technology (building_laboratory 0/1)
[2026-05-12 08:52:25] ==== loop 295/∞ | seed=864414431593735590 archetype=balanced personality=flotero focus=eco actions_per_loop=3 ====
[08:52:26] planet 78: no resources for building_crystal_mine+1
[08:52:26] research: blocked research_energy_technology (building_laboratory 0/1)
[2026-05-12 08:52:49] ==== loop 296/∞ | seed=864414431593735590 archetype=balanced personality=flotero focus=eco actions_per_loop=3 ====
[08:52:49] planet 78: no resources for building_crystal_mine+1
[2026-05-12 08:53:13] ==== loop 297/∞ | seed=864414431593735590 archetype=balanced personality=flotero focus=eco actions_per_loop=3 ====
[08:53:14] planet 78: no resources for building_crystal_mine+1
[2026-05-12 08:53:36] ==== loop 298/∞ | seed=864414431593735590 archetype=balanced personality=flotero focus=eco actions_per_loop=3 ====
[08:53:37] planet 78: no resources for building_crystal_mine+1
[2026-05-12 08:53:58] ==== loop 299/∞ | seed=864414431593735590 archetype=balanced personality=flotero focus=eco actions_per_loop=3 ====
[08:53:58] planet 78: no resources for building_crystal_mine+1
[2026-05-12 08:54:20] ==== loop 300/∞ | seed=864414431593735590 archetype=balanced personality=flotero focus=eco actions_per_loop=3 ====
[08:54:20] planet 78: no resources for building_crystal_mine+1
[08:54:20] research: blocked research_energy_technology (building_laboratory 0/1)
[2026-05-12 08:54:41] ==== loop 301/∞ | seed=864414431593735590 archetype=balanced personality=flotero focus=eco actions_per_loop=3 ====
[08:54:42] planet 78: no resources for building_crystal_mine+1
[2026-05-12 08:55:04] ==== loop 302/∞ | seed=864414431593735590 archetype=balanced personality=flotero focus=eco actions_per_loop=3 ====
[08:55:04] planet 78: no resources for building_crystal_mine+1
[08:55:04] research: blocked research_energy_technology (building_laboratory 0/1)
[2026-05-12 08:55:27] ==== loop 303/∞ | seed=864414431593735590 archetype=balanced personality=flotero focus=eco actions_per_loop=3 ====
[08:55:27] planet 78: no resources for building_crystal_mine+1
[2026-05-12 08:55:48] ==== loop 304/∞ | seed=864414431593735590 archetype=balanced personality=flotero focus=eco actions_per_loop=3 ====
[08:55:48] alliance: idle no_candidate
[08:55:48] planet 78: no resources for building_crystal_mine+1
[08:55:48] research: blocked research_energy_technology (building_laboratory 0/1)
[2026-05-12 08:56:11] ==== loop 305/∞ | seed=864414431593735590 archetype=balanced personality=flotero focus=eco actions_per_loop=3 ====
[08:56:12] planet 78: no resources for building_crystal_mine+1
[2026-05-12 08:56:35] ==== loop 306/∞ | seed=864414431593735590 archetype=balanced personality=flotero focus=eco actions_per_loop=3 ====
[08:56:35] planet 78: no resources for building_crystal_mine+1
[08:56:35] research: blocked research_energy_technology (building_laboratory 0/1)
[2026-05-12 08:56:56] ==== loop 307/∞ | seed=864414431593735590 archetype=balanced personality=flotero focus=eco actions_per_loop=3 ====
[08:56:57] planet 78: no resources for building_crystal_mine+1
[08:56:57] research: blocked research_energy_technology (building_laboratory 0/1)
[2026-05-12 08:57:20] ==== loop 308/∞ | seed=864414431593735590 archetype=balanced personality=flotero focus=eco actions_per_loop=3 ====
[08:57:21] planet 78: no resources for building_crystal_mine+1
[2026-05-12 08:57:44] ==== loop 309/∞ | seed=864414431593735590 archetype=balanced personality=flotero focus=eco actions_per_loop=3 ====
[08:57:45] planet 78: no resources for building_crystal_mine+1
[2026-05-12 08:58:08] ==== loop 310/∞ | seed=864414431593735590 archetype=balanced personality=flotero focus=eco actions_per_loop=3 ====
[08:58:09] planet 78: no resources for building_crystal_mine+1
[08:58:09] research: blocked research_energy_technology (building_laboratory 0/1)
[2026-05-12 08:58:31] ==== loop 311/∞ | seed=864414431593735590 archetype=balanced personality=flotero focus=eco actions_per_loop=3 ====
[08:58:32] planet 78: no resources for building_crystal_mine+1
[08:58:32] research: blocked research_energy_technology (building_laboratory 0/1)
[2026-05-12 08:58:55] ==== loop 312/∞ | seed=864414431593735590 archetype=balanced personality=flotero focus=eco actions_per_loop=3 ====
[08:58:55] planet 78: no resources for building_crystal_mine+1
[2026-05-12 08:59:21] ==== loop 313/∞ | seed=864414431593735590 archetype=balanced personality=flotero focus=eco actions_per_loop=3 ====
[08:59:22] planet 78: no resources for building_crystal_mine+1
[08:59:22] research: blocked research_energy_technology (building_laboratory 0/1)
[2026-05-12 08:59:42] ==== loop 314/∞ | seed=864414431593735590 archetype=balanced personality=flotero focus=eco actions_per_loop=3 ====
[08:59:43] planet 78: no resources for building_crystal_mine+1
[2026-05-12 09:00:06] ==== loop 315/∞ | seed=864414431593735590 archetype=balanced personality=flotero focus=eco actions_per_loop=3 ====
[09:00:06] planet 78: queued building_deuterium_sintetizer to 10
[2026-05-12 09:00:28] ==== loop 316/∞ | seed=864414431593735590 archetype=balanced personality=flotero focus=eco actions_per_loop=3 ====
[09:00:28] planet 78: queued building_deuterium_sintetizer to 11
[2026-05-12 09:00:50] ==== loop 317/∞ | seed=864414431593735590 archetype=balanced personality=flotero focus=eco actions_per_loop=3 ====
[09:00:51] planet 78: queued building_crystal_store to 6
[09:00:51] research: blocked research_energy_technology (building_laboratory 0/1)
[2026-05-12 09:01:13] ==== loop 318/∞ | seed=864414431593735590 archetype=balanced personality=flotero focus=eco actions_per_loop=3 ====
[09:01:14] planet 78: queued building_crystal_store to 7
[09:01:14] research: blocked research_energy_technology (building_laboratory 0/1)
[2026-05-12 09:01:32] ==== loop 319/∞ | seed=864414431593735590 archetype=balanced personality=flotero focus=eco actions_per_loop=3 ====
[09:01:33] planet 78: no resources for building_crystal_store+1
[09:01:33] research: blocked research_energy_technology (building_laboratory 0/1)
[2026-05-12 09:01:55] ==== loop 320/∞ | seed=864414431593735590 archetype=balanced personality=flotero focus=eco actions_per_loop=3 ====
[09:01:56] planet 78: no resources for building_crystal_store+1
[09:01:56] research: blocked research_energy_technology (building_laboratory 0/1)
[2026-05-12 09:02:17] ==== loop 321/∞ | seed=864414431593735590 archetype=balanced personality=flotero focus=eco actions_per_loop=3 ====
[09:02:18] planet 78: no resources for building_crystal_store+1
[2026-05-12 09:03:03] ==== loop 1/∞ | seed=864414431593735590 archetype=balanced personality=flotero focus=eco actions_per_loop=3 ====
[09:03:04] planet 78: no resources for building_crystal_store+1
[09:03:04] research: blocked research_energy_technology (building_laboratory 0/1)
[2026-05-12 09:03:45] ==== loop 2/∞ | seed=864414431593735590 archetype=balanced personality=flotero focus=eco actions_per_loop=3 ====
[09:03:46] planet 78: no resources for building_crystal_store+1
[09:03:46] research: blocked research_energy_technology (building_laboratory 0/1)
[2026-05-12 09:04:26] ==== loop 3/∞ | seed=864414431593735590 archetype=balanced personality=flotero focus=eco actions_per_loop=3 ====
[09:04:27] alliance: idle no_candidate
[09:04:27] planet 78: no resources for building_crystal_store+1
[09:04:27] research: blocked research_energy_technology (building_laboratory 0/1)
[2026-05-12 09:05:12] ==== loop 4/∞ | seed=864414431593735590 archetype=balanced personality=flotero focus=eco actions_per_loop=3 ====
[09:05:12] planet 78: no resources for building_crystal_store+1
[2026-05-12 09:05:51] ==== loop 5/∞ | seed=864414431593735590 archetype=balanced personality=flotero focus=eco actions_per_loop=3 ====
[09:05:52] planet 78: no resources for building_crystal_store+1
[09:05:52] research: blocked research_energy_technology (building_laboratory 0/1)
[2026-05-12 09:06:33] ==== loop 6/∞ | seed=864414431593735590 archetype=balanced personality=flotero focus=eco actions_per_loop=3 ====
[09:06:33] planet 78: no resources for building_crystal_store+1
[09:06:33] research: blocked research_energy_technology (building_laboratory 0/1)
[2026-05-12 09:07:18] ==== loop 7/∞ | seed=864414431593735590 archetype=balanced personality=flotero focus=eco actions_per_loop=3 ====
[09:07:18] planet 78: no resources for building_crystal_store+1
[2026-05-12 09:08:04] ==== loop 8/∞ | seed=864414431593735590 archetype=balanced personality=flotero focus=eco actions_per_loop=3 ====
[09:08:05] planet 78: queued building_deuterium_sintetizer to 12
[2026-05-12 09:08:46] ==== loop 9/∞ | seed=864414431593735590 archetype=balanced personality=flotero focus=eco actions_per_loop=3 ====
[09:08:46] planet 78: no resources for building_crystal_store+1
[2026-05-12 09:09:28] ==== loop 10/∞ | seed=864414431593735590 archetype=balanced personality=flotero focus=eco actions_per_loop=3 ====
[09:09:29] planet 78: no resources for building_crystal_store+1
[09:09:29] research: blocked research_energy_technology (building_laboratory 0/1)
[2026-05-12 09:10:14] ==== loop 11/∞ | seed=864414431593735590 archetype=balanced personality=flotero focus=eco actions_per_loop=3 ====
[09:10:14] planet 78: queued building_metal_mine to 2
[2026-05-12 09:10:54] ==== loop 12/∞ | seed=864414431593735590 archetype=balanced personality=flotero focus=eco actions_per_loop=3 ====
[09:10:54] planet 78: queued building_metal_mine to 3
[09:10:54] research: blocked research_energy_technology (building_laboratory 0/1)
[2026-05-12 09:11:37] ==== loop 13/∞ | seed=864414431593735590 archetype=balanced personality=flotero focus=eco actions_per_loop=3 ====
[09:11:37] planet 78: queued building_metal_mine to 4
[09:11:37] research: blocked research_energy_technology (building_laboratory 0/1)
[2026-05-12 09:12:23] ==== loop 14/∞ | seed=864414431593735590 archetype=balanced personality=flotero focus=eco actions_per_loop=3 ====
[09:12:23] planet 78: queued building_metal_mine to 5
[09:12:23] research: blocked research_energy_technology (building_laboratory 0/1)
[2026-05-12 09:13:08] ==== loop 15/∞ | seed=864414431593735590 archetype=balanced personality=flotero focus=eco actions_per_loop=3 ====
[09:13:09] planet 78: queued building_metal_mine to 6
[09:13:09] research: blocked research_energy_technology (building_laboratory 0/1)
[2026-05-12 09:13:57] ==== loop 16/∞ | seed=864414431593735590 archetype=balanced personality=flotero focus=eco actions_per_loop=3 ====
[09:13:58] planet 78: queued building_metal_mine to 7
[09:13:58] research: blocked research_energy_technology (building_laboratory 0/1)
[2026-05-12 09:14:45] ==== loop 17/∞ | seed=864414431593735590 archetype=balanced personality=flotero focus=eco actions_per_loop=3 ====
[09:14:46] planet 78: queued building_metal_mine to 8
[09:14:46] research: blocked research_energy_technology (building_laboratory 0/1)
[2026-05-12 09:15:29] ==== loop 18/∞ | seed=864414431593735590 archetype=balanced personality=flotero focus=eco actions_per_loop=3 ====
[09:15:30] planet 78: queued building_metal_mine to 9
[09:15:30] research: blocked research_energy_technology (building_laboratory 0/1)
[2026-05-12 09:16:16] ==== loop 19/∞ | seed=864414431593735590 archetype=balanced personality=flotero focus=eco actions_per_loop=3 ====
[09:16:17] planet 78: queued building_metal_mine to 10
[09:16:17] research: blocked research_energy_technology (building_laboratory 0/1)
[2026-05-12 09:17:00] ==== loop 20/∞ | seed=864414431593735590 archetype=balanced personality=flotero focus=eco actions_per_loop=3 ====
[09:17:01] planet 78: queued building_metal_mine to 11
[09:17:01] research: blocked research_energy_technology (building_laboratory 0/1)
[2026-05-12 09:17:51] ==== loop 21/∞ | seed=864414431593735590 archetype=balanced personality=flotero focus=eco actions_per_loop=3 ====
[09:17:51] planet 78: no resources for building_crystal_mine+1
[2026-05-12 09:19:12] ==== loop 1/∞ | seed=864414431593735590 archetype=balanced personality=flotero focus=eco actions_per_loop=3 ====
[09:19:13] planet 78: no resources for building_crystal_mine+1
[09:19:13] research: blocked research_energy_technology (building_laboratory 0/1)
[2026-05-12 09:20:01] ==== loop 2/∞ | seed=864414431593735590 archetype=balanced personality=flotero focus=eco actions_per_loop=3 ====
[09:20:02] alliance: idle no_candidate
[09:20:02] planet 78: queued building_deuterium_tank to 5
[09:20:02] research: blocked research_energy_technology (building_laboratory 0/1)
[2026-05-12 09:20:43] ==== loop 3/∞ | seed=864414431593735590 archetype=balanced personality=flotero focus=eco actions_per_loop=3 ====
[09:20:45] planet 78: building queue full (5)
[09:20:45] planet 78: building queue full (5)
[09:20:45] planet 78: building queue full (5)
[09:20:45] research: blocked research_energy_technology (building_laboratory 0/1)
[2026-05-12 09:21:32] ==== loop 4/∞ | seed=864414431593735590 archetype=balanced personality=flotero focus=eco actions_per_loop=3 ====
[09:21:33] planet 78: queued building_deuterium_tank to 6
[2026-05-12 09:22:22] ==== loop 5/∞ | seed=864414431593735590 archetype=balanced personality=flotero focus=eco actions_per_loop=3 ====
[09:22:22] planet 78: building queue full (5)
[09:22:22] planet 78: building queue full (5)
[2026-05-12 09:23:07] ==== loop 6/∞ | seed=864414431593735590 archetype=balanced personality=flotero focus=eco actions_per_loop=3 ====
[09:23:08] planet 78: building queue full (5)
[09:23:08] planet 78: building queue full (5)
[09:23:08] research: blocked research_energy_technology (building_laboratory 0/1)
[2026-05-12 09:23:51] ==== loop 7/∞ | seed=864414431593735590 archetype=balanced personality=flotero focus=eco actions_per_loop=3 ====
[09:23:53] planet 78: building queue full (5)
[09:23:53] planet 78: building queue full (5)
[09:23:53] planet 78: building queue full (5)
[09:23:53] research: blocked research_energy_technology (building_laboratory 0/1)
[2026-05-12 09:24:33] ==== loop 8/∞ | seed=864414431593735590 archetype=balanced personality=flotero focus=eco actions_per_loop=3 ====
[09:24:33] planet 78: queued building_deuterium_tank to 7
[09:24:33] research: blocked research_energy_technology (building_laboratory 0/1)
[2026-05-12 09:25:22] ==== loop 9/∞ | seed=864414431593735590 archetype=balanced personality=flotero focus=eco actions_per_loop=3 ====
[09:25:24] planet 78: building queue full (5)
[09:25:24] planet 78: building queue full (5)
[09:25:24] research: blocked research_energy_technology (building_laboratory 0/1)
[2026-05-12 09:26:10] ==== loop 10/∞ | seed=864414431593735590 archetype=balanced personality=flotero focus=eco actions_per_loop=3 ====
[09:26:13] planet 78: building queue full (5)
[09:26:13] planet 78: building queue full (5)
[09:26:13] planet 78: building queue full (5)
[2026-05-12 09:26:57] ==== loop 11/∞ | seed=864414431593735590 archetype=balanced personality=flotero focus=eco actions_per_loop=3 ====
[09:27:00] planet 78: building queue full (5)
[09:27:00] planet 78: building queue full (5)
[09:27:00] planet 78: building queue full (5)
[2026-05-12 09:27:44] ==== loop 12/∞ | seed=864414431593735590 archetype=balanced personality=flotero focus=eco actions_per_loop=3 ====
[09:27:46] planet 78: building queue full (5)
[09:27:46] planet 78: building queue full (5)
[09:27:46] planet 78: building queue full (5)
[2026-05-12 09:28:31] ==== loop 13/∞ | seed=864414431593735590 archetype=balanced personality=flotero focus=eco actions_per_loop=3 ====
[09:28:32] planet 78: building queue full (5)
[09:28:32] planet 78: building queue full (5)
[09:28:32] research: blocked research_energy_technology (building_laboratory 0/1)
[2026-05-12 09:29:20] ==== loop 14/∞ | seed=864414431593735590 archetype=balanced personality=flotero focus=eco actions_per_loop=3 ====
[09:29:22] planet 78: building queue full (5)
[09:29:22] planet 78: building queue full (5)
[09:29:22] planet 78: building queue full (5)
[09:29:22] research: blocked research_energy_technology (building_laboratory 0/1)
[2026-05-12 09:30:06] ==== loop 15/∞ | seed=864414431593735590 archetype=balanced personality=flotero focus=eco actions_per_loop=3 ====
[09:30:07] planet 78: queued building_crystal_store to 8
[2026-05-12 09:30:48] ==== loop 16/∞ | seed=864414431593735590 archetype=balanced personality=flotero focus=eco actions_per_loop=3 ====
[09:30:49] planet 78: no resources for building_crystal_store+1
[2026-05-12 09:31:35] ==== loop 17/∞ | seed=864414431593735590 archetype=balanced personality=flotero focus=eco actions_per_loop=3 ====
[09:31:35] planet 78: no resources for building_crystal_store+1
[2026-05-12 09:32:18] ==== loop 18/∞ | seed=864414431593735590 archetype=balanced personality=flotero focus=eco actions_per_loop=3 ====
[09:32:19] planet 78: no resources for building_crystal_store+1
[09:32:19] research: blocked research_energy_technology (building_laboratory 0/1)
[2026-05-12 09:33:00] ==== loop 19/∞ | seed=864414431593735590 archetype=balanced personality=flotero focus=eco actions_per_loop=3 ====
[09:33:01] planet 78: no resources for building_crystal_store+1
[09:33:01] research: blocked research_energy_technology (building_laboratory 0/1)
[2026-05-12 09:33:42] ==== loop 20/∞ | seed=864414431593735590 archetype=balanced personality=flotero focus=eco actions_per_loop=3 ====
[09:33:43] planet 78: no resources for building_crystal_store+1
[2026-05-12 09:34:38] ==== loop 1/∞ | seed=864414431593735590 archetype=balanced personality=flotero focus=eco actions_per_loop=3 ====
[09:34:39] planet 78: no resources for building_crystal_store+1
[2026-05-12 09:35:20] ==== loop 2/∞ | seed=864414431593735590 archetype=balanced personality=flotero focus=eco actions_per_loop=3 ====
[09:35:21] alliance: idle no_candidate
[09:35:21] planet 78: no resources for building_crystal_store+1
[09:35:21] research: blocked research_energy_technology (building_laboratory 0/1)
[2026-05-12 09:36:03] ==== loop 3/∞ | seed=864414431593735590 archetype=balanced personality=flotero focus=eco actions_per_loop=3 ====
[09:36:03] planet 78: no resources for building_crystal_store+1
[2026-05-12 09:36:44] ==== loop 4/∞ | seed=864414431593735590 archetype=balanced personality=flotero focus=eco actions_per_loop=3 ====
[09:36:44] planet 78: no resources for building_crystal_store+1
[2026-05-12 09:37:29] ==== loop 5/∞ | seed=864414431593735590 archetype=balanced personality=flotero focus=eco actions_per_loop=3 ====
[09:37:30] planet 78: no resources for building_crystal_store+1
[2026-05-12 09:38:10] ==== loop 6/∞ | seed=864414431593735590 archetype=balanced personality=flotero focus=eco actions_per_loop=3 ====
[09:38:11] planet 78: no resources for building_crystal_store+1
[09:38:11] research: blocked research_energy_technology (building_laboratory 0/1)
[2026-05-12 09:38:49] ==== loop 7/∞ | seed=864414431593735590 archetype=balanced personality=flotero focus=eco actions_per_loop=3 ====
[09:38:49] planet 78: queued building_metal_store to 1
[2026-05-12 09:39:28] ==== loop 8/∞ | seed=864414431593735590 archetype=balanced personality=flotero focus=eco actions_per_loop=3 ====
[09:39:29] planet 78: no resources for building_crystal_store+1
[09:39:29] research: blocked research_energy_technology (building_laboratory 0/1)
[2026-05-12 09:40:11] ==== loop 9/∞ | seed=864414431593735590 archetype=balanced personality=flotero focus=eco actions_per_loop=3 ====
[09:40:13] planet 78: queued building_hangar to 1
[09:40:13] planet 78: queued ship_light_fighter +5
[09:40:13] planet 78: skipped duplicate ship_light_fighter this loop
[09:40:13] research: blocked research_energy_technology (building_laboratory 0/1)
[2026-05-12 09:40:57] ==== loop 10/∞ | seed=864414431593735590 archetype=balanced personality=flotero focus=eco actions_per_loop=3 ====
[09:40:57] planet 78: queued ship_light_fighter +5
[09:40:57] planet 78: skipped duplicate ship_light_fighter this loop
[09:40:57] planet 78: skipped duplicate ship_light_fighter this loop
[09:40:57] research: blocked research_energy_technology (building_laboratory 0/1)
[2026-05-12 09:41:39] ==== loop 11/∞ | seed=864414431593735590 archetype=balanced personality=flotero focus=eco actions_per_loop=3 ====
[09:41:39] planet 78: queued ship_light_fighter +5
[09:41:39] planet 78: skipped duplicate ship_light_fighter this loop
[2026-05-12 09:42:23] ==== loop 12/∞ | seed=864414431593735590 archetype=balanced personality=flotero focus=eco actions_per_loop=3 ====
[09:42:24] planet 78: queued ship_light_fighter +5
[09:42:24] planet 78: skipped duplicate ship_light_fighter this loop
[09:42:24] planet 78: skipped duplicate ship_light_fighter this loop
[2026-05-12 09:43:07] ==== loop 13/∞ | seed=864414431593735590 archetype=balanced personality=flotero focus=eco actions_per_loop=3 ====
[09:43:08] planet 78: queued ship_light_fighter +5
[09:43:08] planet 78: skipped duplicate ship_light_fighter this loop
[09:43:08] research: blocked research_energy_technology (building_laboratory 0/1)
[2026-05-12 09:43:52] ==== loop 14/∞ | seed=864414431593735590 archetype=balanced personality=flotero focus=eco actions_per_loop=3 ====
[09:43:53] planet 78: queued ship_light_fighter +5
[09:43:53] planet 78: skipped duplicate ship_light_fighter this loop
[09:43:53] planet 78: skipped duplicate ship_light_fighter this loop
[09:43:53] research: blocked research_energy_technology (building_laboratory 0/1)
[2026-05-12 09:44:31] ==== loop 15/∞ | seed=864414431593735590 archetype=balanced personality=flotero focus=eco actions_per_loop=3 ====
[09:44:32] planet 78: queued ship_light_fighter +5
[09:44:32] planet 78: skipped duplicate ship_light_fighter this loop
[09:44:32] planet 78: skipped duplicate ship_light_fighter this loop
[09:44:32] research: blocked research_energy_technology (building_laboratory 0/1)
[2026-05-12 09:45:15] ==== loop 16/∞ | seed=864414431593735590 archetype=balanced personality=flotero focus=eco actions_per_loop=3 ====
[09:45:16] planet 78: queued ship_light_fighter +5
[09:45:16] planet 78: skipped duplicate ship_light_fighter this loop
[09:45:16] planet 78: skipped duplicate ship_light_fighter this loop
[2026-05-12 09:46:01] ==== loop 17/∞ | seed=864414431593735590 archetype=balanced personality=flotero focus=eco actions_per_loop=3 ====
[09:46:02] planet 78: queued ship_light_fighter +5
[09:46:02] planet 78: skipped duplicate ship_light_fighter this loop
[09:46:02] planet 78: skipped duplicate ship_light_fighter this loop
[09:46:02] research: blocked research_energy_technology (building_laboratory 0/1)
[2026-05-12 09:46:46] ==== loop 18/∞ | seed=864414431593735590 archetype=balanced personality=flotero focus=eco actions_per_loop=3 ====
[09:46:46] planet 78: queued ship_light_fighter +5
[09:46:46] planet 78: skipped duplicate ship_light_fighter this loop
[09:46:46] planet 78: skipped duplicate ship_light_fighter this loop
[09:46:46] research: blocked research_energy_technology (building_laboratory 0/1)
[2026-05-12 09:47:30] ==== loop 19/∞ | seed=864414431593735590 archetype=balanced personality=flotero focus=eco actions_per_loop=3 ====
[09:47:31] planet 78: queued ship_light_fighter +5
[09:47:31] planet 78: skipped duplicate ship_light_fighter this loop
[09:47:31] planet 78: skipped duplicate ship_light_fighter this loop
[2026-05-12 09:48:16] ==== loop 20/∞ | seed=864414431593735590 archetype=balanced personality=flotero focus=eco actions_per_loop=3 ====
[09:48:17] planet 78: queued ship_light_fighter +5
[09:48:17] planet 78: skipped duplicate ship_light_fighter this loop
[09:48:17] planet 78: skipped duplicate ship_light_fighter this loop
[2026-05-12 09:49:02] ==== loop 21/∞ | seed=864414431593735590 archetype=balanced personality=flotero focus=eco actions_per_loop=3 ====
[09:49:03] planet 78: queued ship_light_fighter +5
[09:49:03] planet 78: skipped duplicate ship_light_fighter this loop
[09:49:03] planet 78: skipped duplicate ship_light_fighter this loop
[09:49:03] research: blocked research_energy_technology (building_laboratory 0/1)
[2026-05-12 09:49:50] ==== loop 22/∞ | seed=864414431593735590 archetype=balanced personality=flotero focus=eco actions_per_loop=3 ====
[09:49:50] alliance: idle no_candidate
[09:49:50] planet 78: queued ship_light_fighter +5
[09:49:50] planet 78: skipped duplicate ship_light_fighter this loop
[09:49:50] planet 78: skipped duplicate ship_light_fighter this loop
[09:49:50] research: blocked research_energy_technology (building_laboratory 0/1)
[2026-05-12 09:50:31] ==== loop 23/∞ | seed=864414431593735590 archetype=balanced personality=flotero focus=eco actions_per_loop=3 ====
[09:50:32] planet 78: queued building_deuterium_sintetizer to 13
[09:50:32] research: blocked research_energy_technology (building_laboratory 0/1)
[2026-05-12 09:51:15] ==== loop 24/∞ | seed=864414431593735590 archetype=balanced personality=flotero focus=eco actions_per_loop=3 ====
[09:51:16] planet 78: building queue full (5)
[09:51:16] planet 78: building queue full (5)
[09:51:16] planet 78: building queue full (5)
[09:51:16] research: blocked research_energy_technology (building_laboratory 0/1)
[2026-05-12 09:51:54] ==== loop 25/∞ | seed=864414431593735590 archetype=balanced personality=flotero focus=eco actions_per_loop=3 ====
[09:51:57] planet 78: building queue full (5)
[09:51:57] planet 78: building queue full (5)
[09:51:57] planet 78: building queue full (5)
[09:51:57] research: blocked research_energy_technology (building_laboratory 0/1)
[2026-05-12 09:52:34] ==== loop 26/∞ | seed=864414431593735590 archetype=balanced personality=flotero focus=eco actions_per_loop=3 ====
[09:52:34] planet 78: queued ship_solar_satellite +3
[09:52:34] planet 78: skipped duplicate ship_solar_satellite this loop
[09:52:34] research: blocked research_energy_technology (building_laboratory 0/1)
[2026-05-12 09:53:13] ==== loop 27/∞ | seed=864414431593735590 archetype=balanced personality=flotero focus=eco actions_per_loop=3 ====
[09:53:13] planet 78: queued ship_solar_satellite +3
[09:53:13] planet 78: skipped duplicate ship_solar_satellite this loop
[09:53:13] planet 78: skipped duplicate ship_solar_satellite this loop
[09:53:13] research: blocked research_energy_technology (building_laboratory 0/1)
[2026-05-12 09:53:57] ==== loop 28/∞ | seed=864414431593735590 archetype=balanced personality=flotero focus=eco actions_per_loop=3 ====
[09:53:58] planet 78: queued ship_solar_satellite +3
[09:53:58] planet 78: skipped duplicate ship_solar_satellite this loop
[09:53:58] planet 78: skipped duplicate ship_solar_satellite this loop
[2026-05-12 09:54:44] ==== loop 29/∞ | seed=864414431593735590 archetype=balanced personality=flotero focus=eco actions_per_loop=3 ====
[09:54:45] planet 78: queued ship_solar_satellite +3
[09:54:45] planet 78: skipped duplicate ship_solar_satellite this loop
[09:54:45] planet 78: skipped duplicate ship_solar_satellite this loop
[2026-05-12 09:55:25] ==== loop 30/∞ | seed=864414431593735590 archetype=balanced personality=flotero focus=eco actions_per_loop=3 ====
[09:55:25] planet 78: queued ship_solar_satellite +1
[09:55:25] planet 78: queued building_deuterium_sintetizer to 14
[2026-05-12 09:56:11] ==== loop 31/∞ | seed=864414431593735590 archetype=balanced personality=flotero focus=eco actions_per_loop=3 ====
[09:56:12] planet 78: queued building_metal_store to 2
[09:56:12] research: blocked research_energy_technology (building_laboratory 0/1)
[2026-05-12 09:56:57] ==== loop 32/∞ | seed=864414431593735590 archetype=balanced personality=flotero focus=eco actions_per_loop=3 ====
[09:57:00] planet 78: building queue full (5)
[09:57:00] planet 78: building queue full (5)
[09:57:00] planet 78: building queue full (5)
[2026-05-12 09:57:43] ==== loop 33/∞ | seed=864414431593735590 archetype=balanced personality=flotero focus=eco actions_per_loop=3 ====
[09:57:43] planet 78: building queue full (5)
[09:57:43] planet 78: building queue full (5)
[09:57:43] research: blocked research_energy_technology (building_laboratory 0/1)
[2026-05-12 09:58:28] ==== loop 34/∞ | seed=864414431593735590 archetype=balanced personality=flotero focus=eco actions_per_loop=3 ====
[09:58:29] planet 78: queued building_deuterium_sintetizer to 15
[09:58:29] research: blocked research_energy_technology (building_laboratory 0/1)
[2026-05-12 09:59:13] ==== loop 35/∞ | seed=864414431593735590 archetype=balanced personality=flotero focus=eco actions_per_loop=3 ====
[09:59:14] planet 78: queued building_metal_store to 3
[09:59:14] research: blocked research_energy_technology (building_laboratory 0/1)
[2026-05-12 09:59:54] ==== loop 36/∞ | seed=864414431593735590 archetype=balanced personality=flotero focus=eco actions_per_loop=3 ====
[09:59:56] planet 78: building queue full (5)
[09:59:56] planet 78: building queue full (5)
[09:59:56] planet 78: building queue full (5)
[09:59:56] research: blocked research_energy_technology (building_laboratory 0/1)
[2026-05-12 10:00:37] ==== loop 37/∞ | seed=864414431593735590 archetype=balanced personality=flotero focus=eco actions_per_loop=3 ====
[10:00:38] planet 78: no resources for defense_ion_cannon+8
[10:00:38] research: blocked research_energy_technology (building_laboratory 0/1)
[2026-05-12 10:01:23] ==== loop 38/∞ | seed=864414431593735590 archetype=balanced personality=flotero focus=eco actions_per_loop=3 ====
[10:01:24] planet 78: no resources for defense_ion_cannon+8
[10:01:24] research: blocked research_energy_technology (building_laboratory 0/1)
[2026-05-12 10:02:06] ==== loop 39/∞ | seed=864414431593735590 archetype=balanced personality=flotero focus=eco actions_per_loop=3 ====
[10:02:07] planet 78: no resources for defense_ion_cannon+8
[2026-05-12 10:02:48] ==== loop 40/∞ | seed=864414431593735590 archetype=balanced personality=flotero focus=eco actions_per_loop=3 ====
[10:02:48] planet 78: queued ship_solar_satellite +4
[10:02:48] planet 78: no resources for defense_ion_cannon+8
[2026-05-12 10:03:31] ==== loop 41/∞ | seed=864414431593735590 archetype=balanced personality=flotero focus=eco actions_per_loop=3 ====
[10:03:32] planet 78: no resources for defense_ion_cannon+8
[10:03:32] research: blocked research_energy_technology (building_laboratory 0/1)
[2026-05-12 10:04:13] ==== loop 42/∞ | seed=864414431593735590 archetype=balanced personality=flotero focus=eco actions_per_loop=3 ====
[10:04:14] alliance: idle no_candidate
[10:04:14] planet 78: no resources for defense_ion_cannon+8
[10:04:14] research: blocked research_energy_technology (building_laboratory 0/1)
[2026-05-12 10:04:55] ==== loop 43/∞ | seed=864414431593735590 archetype=balanced personality=flotero focus=eco actions_per_loop=3 ====
[10:04:55] planet 78: no resources for defense_ion_cannon+8
[10:04:55] research: blocked research_energy_technology (building_laboratory 0/1)
[2026-05-12 10:05:43] ==== loop 44/∞ | seed=864414431593735590 archetype=balanced personality=flotero focus=eco actions_per_loop=3 ====
[10:05:44] planet 78: no resources for defense_ion_cannon+8
[10:05:44] research: blocked research_energy_technology (building_laboratory 0/1)
[2026-05-12 10:06:27] ==== loop 45/∞ | seed=864414431593735590 archetype=balanced personality=flotero focus=eco actions_per_loop=3 ====
[10:06:27] planet 78: no resources for defense_ion_cannon+8
[10:06:27] research: blocked research_energy_technology (building_laboratory 0/1)
[2026-05-12 10:07:12] ==== loop 46/∞ | seed=864414431593735590 archetype=balanced personality=flotero focus=eco actions_per_loop=3 ====
[10:07:12] planet 78: no resources for defense_ion_cannon+8
[2026-05-12 10:07:57] ==== loop 47/∞ | seed=864414431593735590 archetype=balanced personality=flotero focus=eco actions_per_loop=3 ====
[10:07:58] planet 78: no resources for defense_ion_cannon+8
[10:07:58] research: blocked research_energy_technology (building_laboratory 0/1)
[2026-05-12 10:08:40] ==== loop 48/∞ | seed=864414431593735590 archetype=balanced personality=flotero focus=eco actions_per_loop=3 ====
[10:08:41] planet 78: queued defense_ion_cannon +8
[10:08:41] planet 78: skipped duplicate defense_ion_cannon this loop
[10:08:41] research: blocked research_energy_technology (building_laboratory 0/1)
[2026-05-12 10:09:22] ==== loop 49/∞ | seed=864414431593735590 archetype=balanced personality=flotero focus=eco actions_per_loop=3 ====
[10:09:23] planet 78: no resources for defense_ion_cannon+8
[2026-05-12 10:10:06] ==== loop 50/∞ | seed=864414431593735590 archetype=balanced personality=flotero focus=eco actions_per_loop=3 ====
[10:10:07] planet 78: no resources for building_solar_plant+1
[2026-05-12 10:10:45] ==== loop 51/∞ | seed=864414431593735590 archetype=balanced personality=flotero focus=eco actions_per_loop=3 ====
[10:10:46] planet 78: no resources for building_solar_plant+1
[2026-05-12 10:11:35] ==== loop 1/∞ | seed=864414431593735590 archetype=balanced personality=flotero focus=eco actions_per_loop=3 ====
[10:11:35] planet 78: queued building_laboratory to 1
[2026-05-12 10:12:08] ==== loop 2/∞ | seed=864414431593735590 archetype=balanced personality=flotero focus=eco actions_per_loop=3 ====
[10:12:09] planet 78: queued building_laboratory to 2
[2026-05-12 10:12:44] ==== loop 3/∞ | seed=864414431593735590 archetype=balanced personality=flotero focus=eco actions_per_loop=3 ====
[10:12:45] planet 78: queued building_laboratory to 3
[2026-05-12 10:13:18] ==== loop 4/∞ | seed=864414431593735590 archetype=balanced personality=flotero focus=eco actions_per_loop=3 ====
[10:13:19] planet 78: no resources for building_solar_plant+1
[10:13:19] research: queued research_energy_technology on planet 78 (3s)
[2026-05-12 10:13:50] ==== loop 5/∞ | seed=864414431593735590 archetype=balanced personality=flotero focus=eco actions_per_loop=3 ====
[10:13:50] planet 78: no resources for building_solar_plant+1
[10:13:50] research: already in progress
[2026-05-12 10:14:26] ==== loop 6/∞ | seed=864414431593735590 archetype=balanced personality=flotero focus=eco actions_per_loop=3 ====
[10:14:27] planet 78: no resources for building_solar_plant+1
[2026-05-12 10:15:02] ==== loop 7/∞ | seed=864414431593735590 archetype=balanced personality=flotero focus=eco actions_per_loop=3 ====
[10:15:03] planet 78: no resources for building_solar_plant+1
[10:15:03] research: already in progress
[2026-05-12 10:15:43] ==== loop 8/∞ | seed=864414431593735590 archetype=balanced personality=flotero focus=eco actions_per_loop=3 ====
[10:15:44] planet 78: no resources for building_solar_plant+1
[2026-05-12 10:16:20] ==== loop 9/∞ | seed=864414431593735590 archetype=balanced personality=flotero focus=eco actions_per_loop=3 ====
[10:16:20] planet 78: no resources for building_solar_plant+1
[10:16:20] research: already in progress
[2026-05-12 10:16:58] ==== loop 10/∞ | seed=864414431593735590 archetype=balanced personality=flotero focus=eco actions_per_loop=3 ====
[10:16:59] planet 78: no resources for building_solar_plant+1
[2026-05-12 10:17:36] ==== loop 11/∞ | seed=864414431593735590 archetype=balanced personality=flotero focus=eco actions_per_loop=3 ====
[10:17:37] alliance: idle no_candidate
[10:17:37] planet 78: no resources for building_solar_plant+1
[2026-05-12 10:18:14] ==== loop 12/∞ | seed=864414431593735590 archetype=balanced personality=flotero focus=eco actions_per_loop=3 ====
[10:18:15] planet 78: no resources for building_solar_plant+1
[2026-05-12 10:18:50] ==== loop 13/∞ | seed=864414431593735590 archetype=balanced personality=flotero focus=eco actions_per_loop=3 ====
[10:18:51] planet 78: no resources for building_solar_plant+1
[2026-05-12 10:19:28] ==== loop 14/∞ | seed=864414431593735590 archetype=balanced personality=flotero focus=eco actions_per_loop=3 ====
[10:19:29] planet 78: no resources for building_solar_plant+1
[10:19:29] research: already in progress
[2026-05-12 10:20:05] ==== loop 15/∞ | seed=864414431593735590 archetype=balanced personality=flotero focus=eco actions_per_loop=3 ====
[10:20:06] planet 78: no resources for defense_ion_cannon+8
[2026-05-12 10:20:45] ==== loop 16/∞ | seed=864414431593735590 archetype=balanced personality=flotero focus=eco actions_per_loop=3 ====
[10:20:46] planet 78: no resources for defense_ion_cannon+8
[2026-05-12 10:21:21] ==== loop 17/∞ | seed=864414431593735590 archetype=balanced personality=flotero focus=eco actions_per_loop=3 ====
[10:21:22] planet 78: no resources for defense_ion_cannon+8
[10:21:22] research: already in progress
[2026-05-12 10:21:56] ==== loop 18/∞ | seed=864414431593735590 archetype=balanced personality=flotero focus=eco actions_per_loop=3 ====
[10:21:56] planet 78: no resources for defense_ion_cannon+8
[10:21:56] research: already in progress
[2026-05-12 10:22:34] ==== loop 19/∞ | seed=864414431593735590 archetype=balanced personality=flotero focus=eco actions_per_loop=3 ====
[10:22:35] planet 78: no resources for defense_ion_cannon+8
[2026-05-12 10:23:09] ==== loop 20/∞ | seed=864414431593735590 archetype=balanced personality=flotero focus=eco actions_per_loop=3 ====
[10:23:09] planet 78: no resources for defense_ion_cannon+8
[10:23:09] research: already in progress
[2026-05-12 10:23:47] ==== loop 21/∞ | seed=864414431593735590 archetype=balanced personality=flotero focus=eco actions_per_loop=3 ====
[10:23:47] planet 78: no resources for defense_ion_cannon+8
[10:23:47] research: already in progress
[2026-05-12 10:24:24] ==== loop 22/∞ | seed=864414431593735590 archetype=balanced personality=flotero focus=eco actions_per_loop=3 ====
[10:24:24] planet 78: no resources for defense_ion_cannon+8
[10:24:24] research: already in progress
[2026-05-12 10:24:59] ==== loop 23/∞ | seed=864414431593735590 archetype=balanced personality=flotero focus=eco actions_per_loop=3 ====
[10:25:00] planet 78: no resources for defense_ion_cannon+8
[2026-05-12 10:25:37] ==== loop 24/∞ | seed=864414431593735590 archetype=balanced personality=flotero focus=eco actions_per_loop=3 ====
[10:25:38] planet 78: no resources for defense_ion_cannon+8
[2026-05-12 10:26:15] ==== loop 25/∞ | seed=864414431593735590 archetype=balanced personality=flotero focus=eco actions_per_loop=3 ====
[10:26:15] planet 78: no resources for defense_ion_cannon+8
[10:26:15] research: already in progress
[2026-05-12 10:26:51] ==== loop 26/∞ | seed=864414431593735590 archetype=balanced personality=flotero focus=eco actions_per_loop=3 ====
[10:26:52] planet 78: no resources for defense_ion_cannon+8
[10:26:52] research: already in progress
[2026-05-12 10:27:31] ==== loop 27/∞ | seed=864414431593735590 archetype=balanced personality=flotero focus=eco actions_per_loop=3 ====
[10:27:32] planet 78: no resources for defense_ion_cannon+8
[10:27:32] research: already in progress
[2026-05-12 10:28:11] ==== loop 28/∞ | seed=864414431593735590 archetype=balanced personality=flotero focus=eco actions_per_loop=3 ====
[10:28:13] planet 78: no resources for defense_ion_cannon+8
[2026-05-12 10:28:52] ==== loop 29/∞ | seed=864414431593735590 archetype=balanced personality=flotero focus=eco actions_per_loop=3 ====
[10:28:52] planet 78: no resources for defense_ion_cannon+8
[2026-05-12 10:29:30] ==== loop 30/∞ | seed=864414431593735590 archetype=balanced personality=flotero focus=eco actions_per_loop=3 ====
[10:29:30] planet 78: no resources for defense_ion_cannon+8
[2026-05-12 10:30:07] ==== loop 31/∞ | seed=864414431593735590 archetype=balanced personality=flotero focus=eco actions_per_loop=3 ====
[10:30:08] alliance: idle no_candidate
[10:30:08] planet 78: queued building_metal_store to 4
[10:30:08] research: already in progress
[2026-05-12 10:30:45] ==== loop 32/∞ | seed=864414431593735590 archetype=balanced personality=flotero focus=eco actions_per_loop=3 ====
[10:30:45] planet 78: queued building_metal_store to 5
[2026-05-12 10:31:25] ==== loop 33/∞ | seed=864414431593735590 archetype=balanced personality=flotero focus=eco actions_per_loop=3 ====
[10:31:25] planet 78: queued building_metal_store to 6
[2026-05-12 10:32:07] ==== loop 34/∞ | seed=864414431593735590 archetype=balanced personality=flotero focus=eco actions_per_loop=3 ====
[10:32:10] planet 78: building queue full (5)
[10:32:10] planet 78: building queue full (5)
[10:32:10] planet 78: building queue full (5)
[2026-05-12 10:32:52] ==== loop 35/∞ | seed=864414431593735590 archetype=balanced personality=flotero focus=eco actions_per_loop=3 ====
[10:32:52] planet 78: queued building_metal_store to 7
[10:32:52] research: already in progress
[2026-05-12 10:33:35] ==== loop 36/∞ | seed=864414431593735590 archetype=balanced personality=flotero focus=eco actions_per_loop=3 ====
[10:33:36] planet 78: no resources for building_metal_store+1
[2026-05-12 10:34:16] ==== loop 37/∞ | seed=864414431593735590 archetype=balanced personality=flotero focus=eco actions_per_loop=3 ====
[10:34:17] planet 78: no resources for building_metal_store+1
[10:34:17] research: already in progress
[2026-05-12 10:34:59] ==== loop 38/∞ | seed=864414431593735590 archetype=balanced personality=flotero focus=eco actions_per_loop=3 ====
[10:35:00] planet 78: no resources for building_metal_store+1
[10:35:00] research: already in progress
[2026-05-12 10:35:36] ==== loop 39/∞ | seed=864414431593735590 archetype=balanced personality=flotero focus=eco actions_per_loop=3 ====
[10:35:37] planet 78: building queue full (5)
[10:35:37] planet 78: building queue full (5)
[10:35:37] planet 78: building queue full (5)
[10:35:37] research: already in progress
[2026-05-12 10:36:15] ==== loop 40/∞ | seed=864414431593735590 archetype=balanced personality=flotero focus=eco actions_per_loop=3 ====
[10:36:15] planet 78: no resources for building_crystal_store+1
[2026-05-12 10:36:59] ==== loop 41/∞ | seed=864414431593735590 archetype=balanced personality=flotero focus=eco actions_per_loop=3 ====
[10:36:59] planet 78: no resources for building_crystal_store+1
[2026-05-12 10:37:48] ==== loop 42/∞ | seed=864414431593735590 archetype=balanced personality=flotero focus=eco actions_per_loop=3 ====
[10:37:49] planet 78: no resources for building_crystal_store+1
[10:37:49] research: already in progress
[2026-05-12 10:38:30] ==== loop 43/∞ | seed=864414431593735590 archetype=balanced personality=flotero focus=eco actions_per_loop=3 ====
[10:38:31] planet 78: no resources for building_crystal_store+1
[10:38:31] research: already in progress
[2026-05-12 10:39:15] ==== loop 44/∞ | seed=864414431593735590 archetype=balanced personality=flotero focus=eco actions_per_loop=3 ====
[10:39:16] planet 78: no resources for building_crystal_store+1
[10:39:16] research: already in progress
[2026-05-12 10:40:02] ==== loop 45/∞ | seed=864414431593735590 archetype=balanced personality=flotero focus=eco actions_per_loop=3 ====
[10:40:03] planet 78: no resources for defense_ion_cannon+8
[10:40:03] research: already in progress
[2026-05-12 10:40:37] ==== loop 46/∞ | seed=864414431593735590 archetype=balanced personality=flotero focus=eco actions_per_loop=3 ====
[10:40:38] planet 78: no resources for defense_ion_cannon+8
[2026-05-12 10:41:21] ==== loop 47/∞ | seed=864414431593735590 archetype=balanced personality=flotero focus=eco actions_per_loop=3 ====
[10:41:22] planet 78: no resources for defense_ion_cannon+8
[10:41:22] research: already in progress
[2026-05-12 10:42:02] ==== loop 48/∞ | seed=864414431593735590 archetype=balanced personality=flotero focus=eco actions_per_loop=3 ====
[10:42:02] planet 78: queued defense_ion_cannon +8
[10:42:02] planet 78: skipped duplicate defense_ion_cannon this loop
[2026-05-12 10:42:41] ==== loop 49/∞ | seed=864414431593735590 archetype=balanced personality=flotero focus=eco actions_per_loop=3 ====
[10:42:42] planet 78: no resources for defense_ion_cannon+8
[2026-05-12 10:43:29] ==== loop 50/∞ | seed=864414431593735590 archetype=balanced personality=flotero focus=eco actions_per_loop=3 ====
[10:43:29] planet 78: no resources for defense_ion_cannon+8
[10:43:29] research: already in progress
[2026-05-12 10:44:14] ==== loop 51/∞ | seed=864414431593735590 archetype=balanced personality=flotero focus=eco actions_per_loop=3 ====
[10:44:14] alliance: idle no_candidate
[10:44:14] planet 78: no resources for defense_ion_cannon+8
[10:44:14] research: already in progress
[2026-05-12 10:45:00] ==== loop 1/∞ | seed=864414431593735590 archetype=balanced personality=flotero focus=eco actions_per_loop=3 ====
[10:45:01] planet 78: no resources for defense_ion_cannon+8
[2026-05-12 10:45:46] ==== loop 2/∞ | seed=864414431593735590 archetype=balanced personality=flotero focus=eco actions_per_loop=3 ====
[10:45:46] planet 78: no resources for defense_ion_cannon+8
[10:45:46] research: already in progress
[2026-05-12 10:46:29] ==== loop 3/∞ | seed=864414431593735590 archetype=balanced personality=flotero focus=eco actions_per_loop=3 ====
[10:46:30] planet 78: no resources for defense_ion_cannon+8
[10:46:30] research: already in progress
[2026-05-12 10:47:08] ==== loop 4/∞ | seed=864414431593735590 archetype=balanced personality=flotero focus=eco actions_per_loop=3 ====
[10:47:09] planet 78: no resources for defense_ion_cannon+8
[2026-05-12 10:47:50] ==== loop 5/∞ | seed=864414431593735590 archetype=balanced personality=flotero focus=eco actions_per_loop=3 ====
[10:47:51] planet 78: no resources for defense_ion_cannon+8
[2026-05-12 10:48:30] ==== loop 6/∞ | seed=864414431593735590 archetype=balanced personality=flotero focus=eco actions_per_loop=3 ====
[10:48:30] planet 78: no resources for defense_ion_cannon+8
[2026-05-12 10:49:08] ==== loop 7/∞ | seed=864414431593735590 archetype=balanced personality=flotero focus=eco actions_per_loop=3 ====
[10:49:09] planet 78: no resources for defense_ion_cannon+8
[10:49:09] research: already in progress
[2026-05-12 10:49:47] ==== loop 8/∞ | seed=864414431593735590 archetype=balanced personality=flotero focus=eco actions_per_loop=3 ====
[10:49:48] planet 78: no resources for defense_ion_cannon+8
[10:49:48] research: already in progress
[2026-05-12 10:50:35] ==== loop 9/∞ | seed=864414431593735590 archetype=balanced personality=flotero focus=eco actions_per_loop=3 ====
[10:50:36] planet 78: no resources for building_deuterium_tank+1
[10:50:36] research: already in progress
[2026-05-12 10:51:20] ==== loop 10/∞ | seed=864414431593735590 archetype=balanced personality=flotero focus=eco actions_per_loop=3 ====
[10:51:20] planet 78: no resources for building_deuterium_tank+1
[2026-05-12 10:52:07] ==== loop 11/∞ | seed=864414431593735590 archetype=balanced personality=flotero focus=eco actions_per_loop=3 ====
[10:52:08] planet 78: no resources for building_deuterium_tank+1
[2026-05-12 10:52:48] ==== loop 12/∞ | seed=864414431593735590 archetype=balanced personality=flotero focus=eco actions_per_loop=3 ====
[10:52:48] planet 78: no resources for building_deuterium_tank+1
[2026-05-12 10:53:34] ==== loop 13/∞ | seed=864414431593735590 archetype=balanced personality=flotero focus=eco actions_per_loop=3 ====
[10:53:34] planet 78: no resources for building_deuterium_tank+1
[10:53:34] research: already in progress
[2026-05-12 10:54:20] ==== loop 14/∞ | seed=864414431593735590 archetype=balanced personality=flotero focus=eco actions_per_loop=3 ====
[10:54:21] planet 78: no resources for building_deuterium_tank+1
[2026-05-12 10:55:02] ==== loop 15/∞ | seed=864414431593735590 archetype=balanced personality=flotero focus=eco actions_per_loop=3 ====
[10:55:03] planet 78: no resources for building_deuterium_tank+1
[10:55:03] research: already in progress
[2026-05-12 10:55:48] ==== loop 16/∞ | seed=864414431593735590 archetype=balanced personality=flotero focus=eco actions_per_loop=3 ====
[10:55:49] planet 78: no resources for building_deuterium_tank+1
[2026-05-12 10:56:31] ==== loop 17/∞ | seed=864414431593735590 archetype=balanced personality=flotero focus=eco actions_per_loop=3 ====
[10:56:32] planet 78: no resources for building_deuterium_tank+1
[10:56:32] research: already in progress
[2026-05-12 10:57:14] ==== loop 18/∞ | seed=864414431593735590 archetype=balanced personality=flotero focus=eco actions_per_loop=3 ====
[10:57:15] planet 78: no resources for building_deuterium_tank+1
[2026-05-12 10:57:59] ==== loop 19/∞ | seed=864414431593735590 archetype=balanced personality=flotero focus=eco actions_per_loop=3 ====
[10:58:00] planet 78: no resources for building_deuterium_tank+1
[10:58:00] research: already in progress
[2026-05-12 10:58:43] ==== loop 20/∞ | seed=864414431593735590 archetype=balanced personality=flotero focus=eco actions_per_loop=3 ====
[10:58:44] alliance: idle no_candidate
[10:58:44] planet 78: no resources for building_deuterium_tank+1
[10:58:44] research: already in progress
[2026-05-12 10:59:27] ==== loop 21/∞ | seed=864414431593735590 archetype=balanced personality=flotero focus=eco actions_per_loop=3 ====
[10:59:28] planet 78: no resources for building_deuterium_tank+1
[2026-05-12 11:00:10] ==== loop 22/∞ | seed=864414431593735590 archetype=balanced personality=flotero focus=eco actions_per_loop=3 ====
[11:00:10] planet 78: no resources for building_crystal_store+1
[2026-05-12 11:00:53] ==== loop 23/∞ | seed=864414431593735590 archetype=balanced personality=flotero focus=eco actions_per_loop=3 ====
[11:00:54] planet 78: no resources for building_crystal_store+1
[11:00:54] research: already in progress
[2026-05-12 11:01:39] ==== loop 24/∞ | seed=864414431593735590 archetype=balanced personality=flotero focus=eco actions_per_loop=3 ====
[11:01:39] planet 78: no resources for building_crystal_store+1
[11:01:39] research: already in progress
[2026-05-12 11:02:19] ==== loop 25/∞ | seed=864414431593735590 archetype=balanced personality=flotero focus=eco actions_per_loop=3 ====
[11:02:20] planet 78: no resources for building_crystal_store+1
[11:02:20] research: already in progress
[2026-05-12 11:03:07] ==== loop 26/∞ | seed=864414431593735590 archetype=balanced personality=flotero focus=eco actions_per_loop=3 ====
[11:03:07] planet 78: no resources for building_crystal_store+1
[2026-05-12 11:03:56] ==== loop 27/∞ | seed=864414431593735590 archetype=balanced personality=flotero focus=eco actions_per_loop=3 ====
[11:03:56] planet 78: no resources for building_crystal_store+1
[2026-05-12 11:04:45] ==== loop 28/∞ | seed=864414431593735590 archetype=balanced personality=flotero focus=eco actions_per_loop=3 ====
[11:04:45] planet 78: no resources for building_crystal_store+1
[11:04:45] research: already in progress
[2026-05-12 11:05:29] ==== loop 29/∞ | seed=864414431593735590 archetype=balanced personality=flotero focus=eco actions_per_loop=3 ====
[11:05:30] planet 78: no resources for building_crystal_store+1
[2026-05-12 11:06:15] ==== loop 30/∞ | seed=864414431593735590 archetype=balanced personality=flotero focus=eco actions_per_loop=3 ====
[11:06:16] planet 78: no resources for building_crystal_store+1
[11:06:16] research: already in progress
[2026-05-12 11:07:02] ==== loop 31/∞ | seed=864414431593735590 archetype=balanced personality=flotero focus=eco actions_per_loop=3 ====
[11:07:02] planet 78: no resources for building_crystal_store+1
[11:07:02] research: already in progress
[2026-05-12 11:07:51] ==== loop 32/∞ | seed=864414431593735590 archetype=balanced personality=flotero focus=eco actions_per_loop=3 ====
[11:07:51] planet 78: no resources for building_crystal_store+1
[2026-05-12 11:08:32] ==== loop 33/∞ | seed=864414431593735590 archetype=balanced personality=flotero focus=eco actions_per_loop=3 ====
[11:08:33] planet 78: no resources for building_crystal_store+1
[11:08:33] research: already in progress
[2026-05-12 11:09:19] ==== loop 34/∞ | seed=864414431593735590 archetype=balanced personality=flotero focus=eco actions_per_loop=3 ====
[11:09:19] planet 78: no resources for building_crystal_store+1
[11:09:19] research: already in progress
[2026-05-12 11:10:10] ==== loop 35/∞ | seed=864414431593735590 archetype=balanced personality=flotero focus=eco actions_per_loop=3 ====
[11:10:11] planet 78: queued building_hangar to 2
[11:10:11] research: already in progress
[2026-05-12 11:10:50] ==== loop 36/∞ | seed=864414431593735590 archetype=balanced personality=flotero focus=eco actions_per_loop=3 ====
[11:10:50] planet 78: queued building_hangar to 3
[11:10:50] research: already in progress
[2026-05-12 11:11:33] ==== loop 37/∞ | seed=864414431593735590 archetype=balanced personality=flotero focus=eco actions_per_loop=3 ====
[11:11:35] planet 78: queued building_hangar to 4
[11:11:35] research: already in progress
[2026-05-12 11:12:15] ==== loop 38/∞ | seed=864414431593735590 archetype=balanced personality=flotero focus=eco actions_per_loop=3 ====
[11:12:16] planet 78: queued building_hangar to 5
[11:12:16] research: already in progress
[2026-05-12 11:12:57] ==== loop 39/∞ | seed=864414431593735590 archetype=balanced personality=flotero focus=eco actions_per_loop=3 ====
[11:12:58] planet 78: queued building_hangar to 6
[2026-05-12 11:13:41] ==== loop 40/∞ | seed=864414431593735590 archetype=balanced personality=flotero focus=eco actions_per_loop=3 ====
[11:13:41] alliance: idle no_candidate
[11:13:41] planet 78: queued building_solar_plant to 19
[2026-05-12 11:14:24] ==== loop 41/∞ | seed=864414431593735590 archetype=balanced personality=flotero focus=eco actions_per_loop=3 ====
[11:14:25] planet 78: queued building_hangar to 7
[2026-05-12 11:15:07] ==== loop 42/∞ | seed=864414431593735590 archetype=balanced personality=flotero focus=eco actions_per_loop=3 ====
[11:15:08] planet 78: no resources for building_solar_plant+1
[2026-05-12 11:16:01] ==== loop 43/∞ | seed=864414431593735590 archetype=balanced personality=flotero focus=eco actions_per_loop=3 ====
[11:16:01] planet 78: no resources for building_solar_plant+1
[2026-05-12 11:16:48] ==== loop 44/∞ | seed=864414431593735590 archetype=balanced personality=flotero focus=eco actions_per_loop=3 ====
[11:16:49] planet 78: building queue full (5)
[11:16:49] planet 78: building queue full (5)
[11:16:49] planet 78: building queue full (5)
[2026-05-12 11:17:35] ==== loop 45/∞ | seed=864414431593735590 archetype=balanced personality=flotero focus=eco actions_per_loop=3 ====
[11:17:36] planet 78: building queue full (5)
[11:17:36] planet 78: building queue full (5)
[2026-05-12 11:18:26] ==== loop 46/∞ | seed=864414431593735590 archetype=balanced personality=flotero focus=eco actions_per_loop=3 ====
[11:18:27] planet 78: building queue full (5)
[11:18:27] planet 78: building queue full (5)
[2026-05-12 11:19:07] ==== loop 47/∞ | seed=864414431593735590 archetype=balanced personality=flotero focus=eco actions_per_loop=3 ====
[11:19:10] planet 78: building queue full (5)
[11:19:10] planet 78: building queue full (5)
[11:19:10] planet 78: building queue full (5)
[2026-05-12 11:19:55] ==== loop 48/∞ | seed=864414431593735590 archetype=balanced personality=flotero focus=eco actions_per_loop=3 ====
[11:19:57] planet 78: building queue full (5)
[11:19:57] planet 78: building queue full (5)
[11:19:57] planet 78: building queue full (5)
[2026-05-12 11:20:37] ==== loop 49/∞ | seed=864414431593735590 archetype=balanced personality=flotero focus=eco actions_per_loop=3 ====
[11:20:38] planet 78: queued building_deuterium_sintetizer to 16
[11:20:38] research: already in progress
[2026-05-12 11:21:20] ==== loop 50/∞ | seed=864414431593735590 archetype=balanced personality=flotero focus=eco actions_per_loop=3 ====
[11:21:21] planet 78: building queue full (5)
[11:21:21] planet 78: building queue full (5)
[11:21:21] research: already in progress
[2026-05-12 11:22:01] ==== loop 51/∞ | seed=864414431593735590 archetype=balanced personality=flotero focus=eco actions_per_loop=3 ====
[11:22:01] planet 78: building queue full (5)
[11:22:01] planet 78: building queue full (5)
[11:22:01] research: already in progress
[2026-05-12 11:22:45] ==== loop 52/∞ | seed=864414431593735590 archetype=balanced personality=flotero focus=eco actions_per_loop=3 ====
[11:22:45] planet 78: no resources for building_crystal_store+1
[11:22:45] research: already in progress
[2026-05-12 11:23:24] ==== loop 53/∞ | seed=864414431593735590 archetype=balanced personality=flotero focus=eco actions_per_loop=3 ====
[11:23:25] planet 78: no resources for building_crystal_store+1
[2026-05-12 11:24:06] ==== loop 54/∞ | seed=864414431593735590 archetype=balanced personality=flotero focus=eco actions_per_loop=3 ====
[11:24:06] planet 78: no resources for building_crystal_store+1
[2026-05-12 11:24:46] ==== loop 55/∞ | seed=864414431593735590 archetype=balanced personality=flotero focus=eco actions_per_loop=3 ====
[11:24:46] planet 78: no resources for building_crystal_store+1
[11:24:46] research: already in progress
[2026-05-12 11:25:31] ==== loop 56/∞ | seed=864414431593735590 archetype=balanced personality=flotero focus=eco actions_per_loop=3 ====
[11:25:32] planet 78: no resources for building_crystal_store+1
[2026-05-12 11:26:13] ==== loop 57/∞ | seed=864414431593735590 archetype=balanced personality=flotero focus=eco actions_per_loop=3 ====
[11:26:13] planet 78: no resources for building_crystal_store+1
[2026-05-12 11:26:51] ==== loop 58/∞ | seed=864414431593735590 archetype=balanced personality=flotero focus=eco actions_per_loop=3 ====
[11:26:52] planet 78: no resources for building_crystal_store+1
[2026-05-12 11:27:33] ==== loop 59/∞ | seed=864414431593735590 archetype=balanced personality=flotero focus=eco actions_per_loop=3 ====
[11:27:33] planet 78: no resources for building_crystal_store+1
[11:27:33] research: already in progress
[2026-05-12 11:28:14] ==== loop 60/∞ | seed=864414431593735590 archetype=balanced personality=flotero focus=eco actions_per_loop=3 ====
[11:28:14] alliance: idle no_candidate
[11:28:14] planet 78: no resources for building_crystal_store+1
[11:28:14] research: already in progress
[2026-05-12 11:28:58] ==== loop 61/∞ | seed=864414431593735590 archetype=balanced personality=flotero focus=eco actions_per_loop=3 ====
[11:28:59] planet 78: no resources for building_crystal_store+1
[2026-05-12 11:29:42] ==== loop 62/∞ | seed=864414431593735590 archetype=balanced personality=flotero focus=eco actions_per_loop=3 ====
[11:29:42] planet 78: no resources for building_crystal_store+1
[11:29:42] research: already in progress
[2026-05-12 11:30:23] ==== loop 63/∞ | seed=864414431593735590 archetype=balanced personality=flotero focus=eco actions_per_loop=3 ====
[11:30:23] planet 78: queued building_deuterium_sintetizer to 17
[11:30:23] research: already in progress
[2026-05-12 11:31:01] ==== loop 64/∞ | seed=864414431593735590 archetype=balanced personality=flotero focus=eco actions_per_loop=3 ====
[11:31:04] planet 78: building queue full (5)
[11:31:04] planet 78: building queue full (5)
[11:31:04] planet 78: building queue full (5)
[2026-05-12 11:31:46] ==== loop 65/∞ | seed=864414431593735590 archetype=balanced personality=flotero focus=eco actions_per_loop=3 ====
[11:31:49] planet 78: building queue full (5)
[11:31:49] planet 78: building queue full (5)
[11:31:49] planet 78: building queue full (5)
[11:31:49] research: already in progress
[2026-05-12 11:32:26] ==== loop 66/∞ | seed=864414431593735590 archetype=balanced personality=flotero focus=eco actions_per_loop=3 ====
[11:32:29] planet 78: building queue full (5)
[11:32:29] planet 78: building queue full (5)
[11:32:29] planet 78: building queue full (5)
[11:32:29] research: already in progress
[2026-05-12 11:33:12] ==== loop 67/∞ | seed=864414431593735590 archetype=balanced personality=flotero focus=eco actions_per_loop=3 ====
[11:33:14] planet 78: building queue full (5)
[11:33:14] planet 78: building queue full (5)
[2026-05-12 11:33:52] ==== loop 68/∞ | seed=864414431593735590 archetype=balanced personality=flotero focus=eco actions_per_loop=3 ====
[11:33:54] planet 78: building queue full (5)
[11:33:54] planet 78: building queue full (5)
[11:33:54] planet 78: building queue full (5)
[11:33:54] research: already in progress
[2026-05-12 11:34:38] ==== loop 69/∞ | seed=864414431593735590 archetype=balanced personality=flotero focus=eco actions_per_loop=3 ====
[11:34:40] planet 78: building queue full (5)
[11:34:40] planet 78: building queue full (5)
[11:34:40] planet 78: building queue full (5)
[11:34:40] research: already in progress
[2026-05-12 11:35:29] ==== loop 70/∞ | seed=864414431593735590 archetype=balanced personality=flotero focus=eco actions_per_loop=3 ====
[11:35:30] planet 78: building queue full (5)
[11:35:30] planet 78: building queue full (5)
[2026-05-12 11:36:16] ==== loop 71/∞ | seed=864414431593735590 archetype=balanced personality=flotero focus=eco actions_per_loop=3 ====
[11:36:18] planet 78: building queue full (5)
[11:36:18] planet 78: building queue full (5)
[2026-05-12 11:37:01] ==== loop 72/∞ | seed=864414431593735590 archetype=balanced personality=flotero focus=eco actions_per_loop=3 ====
[11:37:04] planet 78: building queue full (5)
[11:37:04] planet 78: building queue full (5)
[11:37:04] planet 78: building queue full (5)
[2026-05-12 11:37:51] ==== loop 73/∞ | seed=864414431593735590 archetype=balanced personality=flotero focus=eco actions_per_loop=3 ====
[11:37:54] planet 78: building queue full (5)
[11:37:54] planet 78: building queue full (5)
[11:37:54] planet 78: building queue full (5)
[2026-05-12 11:38:39] ==== loop 74/∞ | seed=864414431593735590 archetype=balanced personality=flotero focus=eco actions_per_loop=3 ====
[11:38:42] planet 78: building queue full (5)
[11:38:42] planet 78: building queue full (5)
[2026-05-12 11:39:26] ==== loop 75/∞ | seed=864414431593735590 archetype=balanced personality=flotero focus=eco actions_per_loop=3 ====
[11:39:26] planet 78: queued ship_solar_satellite +5
[11:39:26] planet 78: skipped duplicate ship_solar_satellite this loop
[11:39:26] research: already in progress
[2026-05-12 11:40:09] ==== loop 76/∞ | seed=864414431593735590 archetype=balanced personality=flotero focus=eco actions_per_loop=3 ====
[11:40:10] planet 78: queued ship_solar_satellite +1
[11:40:10] planet 78: queued building_deuterium_tank to 8
[11:40:10] research: already in progress
[2026-05-12 11:40:55] ==== loop 77/∞ | seed=864414431593735590 archetype=balanced personality=flotero focus=eco actions_per_loop=3 ====
[11:40:55] planet 78: building queue full (5)
[11:40:55] planet 78: building queue full (5)
[2026-05-12 11:41:46] ==== loop 78/∞ | seed=864414431593735590 archetype=balanced personality=flotero focus=eco actions_per_loop=3 ====
[11:41:48] planet 78: building queue full (5)
[11:41:48] planet 78: building queue full (5)
[11:41:48] planet 78: building queue full (5)
[2026-05-12 11:42:32] ==== loop 79/∞ | seed=864414431593735590 archetype=balanced personality=flotero focus=eco actions_per_loop=3 ====
[11:42:34] planet 78: building queue full (5)
[11:42:34] planet 78: building queue full (5)
[11:42:34] planet 78: building queue full (5)
[2026-05-12 11:43:22] ==== loop 80/∞ | seed=864414431593735590 archetype=balanced personality=flotero focus=eco actions_per_loop=3 ====
[11:43:24] alliance: idle no_candidate
[11:43:24] planet 78: building queue full (5)
[11:43:24] planet 78: building queue full (5)
[11:43:24] planet 78: building queue full (5)
[11:43:24] research: already in progress
[2026-05-12 11:44:10] ==== loop 81/∞ | seed=864414431593735590 archetype=balanced personality=flotero focus=eco actions_per_loop=3 ====
[11:44:12] planet 78: building queue full (5)
[11:44:12] planet 78: building queue full (5)
[11:44:12] planet 78: building queue full (5)
[2026-05-12 11:44:58] ==== loop 82/∞ | seed=864414431593735590 archetype=balanced personality=flotero focus=eco actions_per_loop=3 ====
[11:45:00] planet 78: building queue full (5)
[11:45:00] planet 78: building queue full (5)
[11:45:00] planet 78: building queue full (5)
[11:45:00] research: already in progress
[2026-05-12 11:45:44] ==== loop 83/∞ | seed=864414431593735590 archetype=balanced personality=flotero focus=eco actions_per_loop=3 ====
[11:45:45] planet 78: building queue full (5)
[11:45:45] planet 78: building queue full (5)
[2026-05-12 11:46:30] ==== loop 84/∞ | seed=864414431593735590 archetype=balanced personality=flotero focus=eco actions_per_loop=3 ====
[11:46:31] planet 78: building queue full (5)
[11:46:31] planet 78: building queue full (5)
[11:46:31] planet 78: building queue full (5)
[2026-05-12 11:47:18] ==== loop 85/∞ | seed=864414431593735590 archetype=balanced personality=flotero focus=eco actions_per_loop=3 ====
[11:47:19] planet 78: building queue full (5)
[11:47:19] planet 78: building queue full (5)
[11:47:19] research: already in progress
[2026-05-12 11:48:04] ==== loop 86/∞ | seed=864414431593735590 archetype=balanced personality=flotero focus=eco actions_per_loop=3 ====
[11:48:05] planet 78: building queue full (5)
[11:48:05] planet 78: building queue full (5)
[11:48:05] planet 78: building queue full (5)
[11:48:05] research: already in progress
[2026-05-12 11:48:50] ==== loop 87/∞ | seed=864414431593735590 archetype=balanced personality=flotero focus=eco actions_per_loop=3 ====
[11:48:52] planet 78: building queue full (5)
[11:48:52] planet 78: building queue full (5)
[11:48:52] research: already in progress
[2026-05-12 11:49:38] ==== loop 88/∞ | seed=864414431593735590 archetype=balanced personality=flotero focus=eco actions_per_loop=3 ====
[11:49:39] planet 78: building queue full (5)
[11:49:39] planet 78: building queue full (5)
[2026-05-12 11:50:23] ==== loop 89/∞ | seed=864414431593735590 archetype=balanced personality=flotero focus=eco actions_per_loop=3 ====
[11:50:23] planet 78: no resources for defense_plasma_turret+8
[2026-05-12 11:51:06] ==== loop 90/∞ | seed=864414431593735590 archetype=balanced personality=flotero focus=eco actions_per_loop=3 ====
[11:51:07] planet 78: no resources for defense_plasma_turret+8
[2026-05-12 11:51:52] ==== loop 91/∞ | seed=864414431593735590 archetype=balanced personality=flotero focus=eco actions_per_loop=3 ====
[11:51:53] planet 78: no resources for defense_plasma_turret+8
[11:51:53] research: already in progress
[2026-05-12 11:52:38] ==== loop 92/∞ | seed=864414431593735590 archetype=balanced personality=flotero focus=eco actions_per_loop=3 ====
[11:52:38] planet 78: no resources for defense_plasma_turret+8
[11:52:38] research: already in progress
[2026-05-12 11:53:25] ==== loop 93/∞ | seed=864414431593735590 archetype=balanced personality=flotero focus=eco actions_per_loop=3 ====
[11:53:25] planet 78: no resources for defense_plasma_turret+8
[2026-05-12 11:54:08] ==== loop 94/∞ | seed=864414431593735590 archetype=balanced personality=flotero focus=eco actions_per_loop=3 ====
[11:54:09] planet 78: no resources for defense_plasma_turret+8
[11:54:09] research: already in progress
[2026-05-12 11:54:56] ==== loop 95/∞ | seed=864414431593735590 archetype=balanced personality=flotero focus=eco actions_per_loop=3 ====
[11:54:57] planet 78: no resources for defense_plasma_turret+8
[2026-05-12 11:55:43] ==== loop 96/∞ | seed=864414431593735590 archetype=balanced personality=flotero focus=eco actions_per_loop=3 ====
[11:55:44] planet 78: no resources for defense_plasma_turret+8
[2026-05-12 11:56:30] ==== loop 97/∞ | seed=864414431593735590 archetype=balanced personality=flotero focus=eco actions_per_loop=3 ====
[11:56:31] planet 78: no resources for defense_plasma_turret+8
[11:56:31] research: already in progress
[2026-05-12 11:57:17] ==== loop 98/∞ | seed=864414431593735590 archetype=balanced personality=flotero focus=eco actions_per_loop=3 ====
[11:57:18] planet 78: no resources for defense_plasma_turret+8
[11:57:18] research: already in progress
[2026-05-12 11:58:01] ==== loop 99/∞ | seed=864414431593735590 archetype=balanced personality=flotero focus=eco actions_per_loop=3 ====
[11:58:03] planet 78: no resources for defense_plasma_turret+8
[2026-05-12 11:58:47] ==== loop 100/∞ | seed=864414431593735590 archetype=balanced personality=flotero focus=eco actions_per_loop=3 ====
[11:58:47] alliance: idle no_candidate
[11:58:47] planet 78: no resources for defense_plasma_turret+8
[2026-05-12 11:59:35] ==== loop 101/∞ | seed=864414431593735590 archetype=balanced personality=flotero focus=eco actions_per_loop=3 ====
[11:59:36] planet 78: no resources for defense_plasma_turret+8
[11:59:36] research: already in progress
[2026-05-12 12:00:16] ==== loop 102/∞ | seed=864414431593735590 archetype=balanced personality=flotero focus=eco actions_per_loop=3 ====
[12:00:17] planet 78: queued building_metal_mine to 12
[2026-05-12 12:01:00] ==== loop 103/∞ | seed=864414431593735590 archetype=balanced personality=flotero focus=eco actions_per_loop=3 ====
[12:01:01] planet 78: queued ship_solar_satellite +2
[12:01:01] planet 78: queued building_metal_mine to 13
[2026-05-12 12:01:46] ==== loop 104/∞ | seed=864414431593735590 archetype=balanced personality=flotero focus=eco actions_per_loop=3 ====
[12:01:48] planet 78: queued ship_solar_satellite +3
[12:01:48] planet 78: queued building_metal_mine to 14
[2026-05-12 12:02:32] ==== loop 105/∞ | seed=864414431593735590 archetype=balanced personality=flotero focus=eco actions_per_loop=3 ====
[12:02:33] planet 78: queued ship_solar_satellite +3
[12:02:33] planet 78: queued building_metal_mine to 15
[2026-05-12 12:03:17] ==== loop 106/∞ | seed=864414431593735590 archetype=balanced personality=flotero focus=eco actions_per_loop=3 ====
[12:03:19] planet 78: building queue full (5)
[12:03:19] planet 78: building queue full (5)
[12:03:19] planet 78: building queue full (5)
[2026-05-12 12:04:03] ==== loop 107/∞ | seed=864414431593735590 archetype=balanced personality=flotero focus=eco actions_per_loop=3 ====
[12:04:05] planet 78: queued ship_solar_satellite +4
[12:04:05] planet 78: queued building_metal_mine to 16
[12:04:05] research: already in progress
[2026-05-12 12:04:44] ==== loop 108/∞ | seed=864414431593735590 archetype=balanced personality=flotero focus=eco actions_per_loop=3 ====
[12:04:46] planet 78: building queue full (5)
[12:04:46] planet 78: building queue full (5)
[2026-05-12 12:05:27] ==== loop 109/∞ | seed=864414431593735590 archetype=balanced personality=flotero focus=eco actions_per_loop=3 ====
[12:05:29] planet 78: building queue full (5)
[12:05:29] planet 78: building queue full (5)
[12:05:29] planet 78: building queue full (5)
[2026-05-12 12:06:13] ==== loop 110/∞ | seed=864414431593735590 archetype=balanced personality=flotero focus=eco actions_per_loop=3 ====
[12:06:15] planet 78: queued ship_solar_satellite +4
[12:06:15] planet 78: queued building_metal_mine to 17
[12:06:15] research: already in progress
[2026-05-12 12:06:53] ==== loop 111/∞ | seed=864414431593735590 archetype=balanced personality=flotero focus=eco actions_per_loop=3 ====
[12:06:55] planet 78: building queue full (5)
[12:06:55] planet 78: building queue full (5)
[12:06:55] planet 78: building queue full (5)
[12:06:55] research: already in progress
[2026-05-12 12:07:37] ==== loop 112/∞ | seed=864414431593735590 archetype=balanced personality=flotero focus=eco actions_per_loop=3 ====
[12:07:40] planet 78: building queue full (5)
[12:07:40] planet 78: building queue full (5)
[12:07:40] planet 78: building queue full (5)
[12:07:40] research: already in progress
[2026-05-12 12:08:21] ==== loop 113/∞ | seed=864414431593735590 archetype=balanced personality=flotero focus=eco actions_per_loop=3 ====
[12:08:22] planet 78: building queue full (5)
[12:08:22] planet 78: building queue full (5)
[12:08:22] planet 78: building queue full (5)
[12:08:22] research: already in progress
[2026-05-12 12:09:03] ==== loop 114/∞ | seed=864414431593735590 archetype=balanced personality=flotero focus=eco actions_per_loop=3 ====
[12:09:04] planet 78: queued ship_solar_satellite +5
[12:09:04] planet 78: queued building_metal_mine to 18
[12:09:04] research: already in progress
[2026-05-12 12:09:45] ==== loop 115/∞ | seed=864414431593735590 archetype=balanced personality=flotero focus=eco actions_per_loop=3 ====
[12:09:47] planet 78: building queue full (5)
[12:09:47] planet 78: building queue full (5)
[12:09:47] planet 78: building queue full (5)
[12:09:47] research: already in progress
[2026-05-12 12:10:30] ==== loop 116/∞ | seed=864414431593735590 archetype=balanced personality=flotero focus=eco actions_per_loop=3 ====
[12:10:30] planet 78: queued building_crystal_store to 9
[2026-05-12 12:11:14] ==== loop 117/∞ | seed=864414431593735590 archetype=balanced personality=flotero focus=eco actions_per_loop=3 ====
[12:11:15] planet 78: no resources for building_crystal_store+1
[2026-05-12 12:11:57] ==== loop 118/∞ | seed=864414431593735590 archetype=balanced personality=flotero focus=eco actions_per_loop=3 ====
[12:11:57] planet 78: no resources for building_crystal_store+1
[12:11:57] research: already in progress
[2026-05-12 12:12:41] ==== loop 119/∞ | seed=864414431593735590 archetype=balanced personality=flotero focus=eco actions_per_loop=3 ====
[12:12:41] planet 78: queued ship_solar_satellite +5
[12:12:41] planet 78: skipped duplicate ship_solar_satellite this loop
[12:12:41] planet 78: skipped duplicate ship_solar_satellite this loop
[2026-05-12 12:13:24] ==== loop 120/∞ | seed=864414431593735590 archetype=balanced personality=flotero focus=eco actions_per_loop=3 ====
[12:13:25] alliance: idle no_candidate
[12:13:25] planet 78: queued building_metal_store to 8
[2026-05-12 12:14:07] ==== loop 121/∞ | seed=864414431593735590 archetype=balanced personality=flotero focus=eco actions_per_loop=3 ====
[12:14:08] planet 78: building queue full (5)
[12:14:08] planet 78: building queue full (5)
[2026-05-12 12:14:53] ==== loop 122/∞ | seed=864414431593735590 archetype=balanced personality=flotero focus=eco actions_per_loop=3 ====
[12:14:55] planet 78: building queue full (5)
[12:14:55] planet 78: building queue full (5)
[12:14:55] planet 78: building queue full (5)
[2026-05-12 12:15:36] ==== loop 123/∞ | seed=864414431593735590 archetype=balanced personality=flotero focus=eco actions_per_loop=3 ====
[12:15:37] planet 78: building queue full (5)
[12:15:37] planet 78: building queue full (5)
[2026-05-12 12:16:23] ==== loop 124/∞ | seed=864414431593735590 archetype=balanced personality=flotero focus=eco actions_per_loop=3 ====
[12:16:25] planet 78: building queue full (5)
[12:16:25] planet 78: building queue full (5)
[12:16:25] planet 78: building queue full (5)
[2026-05-12 12:17:11] ==== loop 125/∞ | seed=864414431593735590 archetype=balanced personality=flotero focus=eco actions_per_loop=3 ====
[12:17:12] planet 78: building queue full (5)
[12:17:12] planet 78: building queue full (5)
[12:17:12] planet 78: building queue full (5)
[2026-05-12 12:17:53] ==== loop 126/∞ | seed=864414431593735590 archetype=balanced personality=flotero focus=eco actions_per_loop=3 ====
[12:17:55] planet 78: building queue full (5)
[12:17:55] planet 78: building queue full (5)
[12:17:55] planet 78: building queue full (5)
[2026-05-12 12:18:36] ==== loop 127/∞ | seed=864414431593735590 archetype=balanced personality=flotero focus=eco actions_per_loop=3 ====
[12:18:39] planet 78: building queue full (5)
[12:18:39] planet 78: building queue full (5)
[12:18:39] planet 78: building queue full (5)
[2026-05-12 12:19:26] ==== loop 128/∞ | seed=864414431593735590 archetype=balanced personality=flotero focus=eco actions_per_loop=3 ====
[12:19:29] planet 78: building queue full (5)
[12:19:29] planet 78: building queue full (5)
[12:19:29] planet 78: building queue full (5)
[12:19:29] research: already in progress
[2026-05-12 12:20:11] ==== loop 129/∞ | seed=864414431593735590 archetype=balanced personality=flotero focus=eco actions_per_loop=3 ====
[12:20:12] planet 78: queued building_deuterium_sintetizer to 18
[2026-05-12 12:20:54] ==== loop 130/∞ | seed=864414431593735590 archetype=balanced personality=flotero focus=eco actions_per_loop=3 ====
[12:20:56] planet 78: building queue full (5)
[12:20:56] planet 78: building queue full (5)
[12:20:56] planet 78: building queue full (5)
[2026-05-12 12:21:39] ==== loop 131/∞ | seed=864414431593735590 archetype=balanced personality=flotero focus=eco actions_per_loop=3 ====
[12:21:40] planet 78: building queue full (5)
[12:21:40] planet 78: building queue full (5)
[12:21:40] research: already in progress
[2026-05-12 12:22:23] ==== loop 132/∞ | seed=864414431593735590 archetype=balanced personality=flotero focus=eco actions_per_loop=3 ====
[12:22:24] planet 78: building queue full (5)
[12:22:24] planet 78: building queue full (5)
[12:22:24] research: already in progress
[2026-05-12 12:23:08] ==== loop 133/∞ | seed=864414431593735590 archetype=balanced personality=flotero focus=eco actions_per_loop=3 ====
[12:23:10] planet 78: building queue full (5)
[12:23:10] planet 78: building queue full (5)
[12:23:10] planet 78: building queue full (5)
[12:23:10] research: already in progress
[2026-05-12 12:23:56] ==== loop 134/∞ | seed=864414431593735590 archetype=balanced personality=flotero focus=eco actions_per_loop=3 ====
[12:23:58] planet 78: building queue full (5)
[12:23:58] planet 78: building queue full (5)
[12:23:58] planet 78: building queue full (5)
[2026-05-12 12:24:42] ==== loop 135/∞ | seed=864414431593735590 archetype=balanced personality=flotero focus=eco actions_per_loop=3 ====
[12:24:43] planet 78: building queue full (5)
[12:24:43] planet 78: building queue full (5)
[12:24:43] planet 78: building queue full (5)
[12:24:43] research: already in progress
[2026-05-12 12:25:28] ==== loop 136/∞ | seed=864414431593735590 archetype=balanced personality=flotero focus=eco actions_per_loop=3 ====
[12:25:30] planet 78: building queue full (5)
[12:25:30] planet 78: building queue full (5)
[12:25:30] planet 78: building queue full (5)
[12:25:30] research: already in progress
[2026-05-12 12:26:16] ==== loop 137/∞ | seed=864414431593735590 archetype=balanced personality=flotero focus=eco actions_per_loop=3 ====
[12:26:18] planet 78: building queue full (5)
[12:26:18] planet 78: building queue full (5)
[12:26:18] planet 78: building queue full (5)
[2026-05-12 12:27:04] ==== loop 138/∞ | seed=864414431593735590 archetype=balanced personality=flotero focus=eco actions_per_loop=3 ====
[12:27:05] planet 78: building queue full (5)
[12:27:05] planet 78: building queue full (5)
[12:27:05] research: already in progress
[2026-05-12 12:27:50] ==== loop 139/∞ | seed=864414431593735590 archetype=balanced personality=flotero focus=eco actions_per_loop=3 ====
[12:27:52] planet 78: building queue full (5)
[12:27:52] planet 78: building queue full (5)
[12:27:52] planet 78: building queue full (5)
[2026-05-12 12:28:36] ==== loop 140/∞ | seed=864414431593735590 archetype=balanced personality=flotero focus=eco actions_per_loop=3 ====
[12:28:37] alliance: idle no_candidate
[12:28:37] planet 78: building queue full (5)
[12:28:37] planet 78: building queue full (5)
[12:28:37] research: already in progress
[2026-05-12 12:29:23] ==== loop 141/∞ | seed=864414431593735590 archetype=balanced personality=flotero focus=eco actions_per_loop=3 ====
[12:29:25] planet 78: building queue full (5)
[12:29:25] planet 78: building queue full (5)
[12:29:25] planet 78: building queue full (5)
[2026-05-12 12:30:10] ==== loop 142/∞ | seed=864414431593735590 archetype=balanced personality=flotero focus=eco actions_per_loop=3 ====
[12:30:12] planet 78: building queue full (5)
[12:30:12] planet 78: building queue full (5)
[12:30:12] planet 78: building queue full (5)
[12:30:12] research: already in progress
[2026-05-12 12:30:53] ==== loop 143/∞ | seed=864414431593735590 archetype=balanced personality=flotero focus=eco actions_per_loop=3 ====
[12:30:54] planet 78: building queue full (5)
[12:30:54] planet 78: building queue full (5)
[12:30:54] planet 78: building queue full (5)
[2026-05-12 12:31:42] ==== loop 144/∞ | seed=864414431593735590 archetype=balanced personality=flotero focus=eco actions_per_loop=3 ====
[12:31:43] planet 78: building queue full (5)
[12:31:43] planet 78: building queue full (5)
[2026-05-12 12:32:28] ==== loop 145/∞ | seed=864414431593735590 archetype=balanced personality=flotero focus=eco actions_per_loop=3 ====
[12:32:29] planet 78: building queue full (5)
[12:32:29] planet 78: building queue full (5)
[12:32:29] planet 78: building queue full (5)
[12:32:29] research: already in progress
[2026-05-12 12:33:15] ==== loop 146/∞ | seed=864414431593735590 archetype=balanced personality=flotero focus=eco actions_per_loop=3 ====
[12:33:16] planet 78: building queue full (5)
[12:33:16] planet 78: building queue full (5)
[12:33:16] planet 78: building queue full (5)
[2026-05-12 12:34:01] ==== loop 147/∞ | seed=864414431593735590 archetype=balanced personality=flotero focus=eco actions_per_loop=3 ====
[12:34:03] planet 78: building queue full (5)
[12:34:03] planet 78: building queue full (5)
[12:34:03] planet 78: building queue full (5)
[12:34:03] research: already in progress
[2026-05-12 12:34:45] ==== loop 148/∞ | seed=864414431593735590 archetype=balanced personality=flotero focus=eco actions_per_loop=3 ====
[12:34:48] planet 78: building queue full (5)
[12:34:48] planet 78: building queue full (5)
[12:34:48] planet 78: building queue full (5)
[12:34:48] research: already in progress
[2026-05-12 12:35:33] ==== loop 149/∞ | seed=864414431593735590 archetype=balanced personality=flotero focus=eco actions_per_loop=3 ====
[12:35:34] planet 78: queued building_metal_store to 9
[2026-05-12 12:36:17] ==== loop 150/∞ | seed=864414431593735590 archetype=balanced personality=flotero focus=eco actions_per_loop=3 ====
[12:36:18] planet 78: building queue full (5)
[12:36:18] planet 78: building queue full (5)
[12:36:18] research: already in progress
[2026-05-12 12:37:03] ==== loop 151/∞ | seed=864414431593735590 archetype=balanced personality=flotero focus=eco actions_per_loop=3 ====
[12:37:03] planet 78: building queue full (5)
[12:37:03] planet 78: building queue full (5)
[2026-05-12 12:37:47] ==== loop 152/∞ | seed=864414431593735590 archetype=balanced personality=flotero focus=eco actions_per_loop=3 ====
[12:37:48] planet 78: building queue full (5)
[12:37:48] planet 78: building queue full (5)
[12:37:48] planet 78: building queue full (5)
[12:37:48] research: already in progress
[2026-05-12 12:38:30] ==== loop 153/∞ | seed=864414431593735590 archetype=balanced personality=flotero focus=eco actions_per_loop=3 ====
[12:38:33] planet 78: building queue full (5)
[12:38:33] planet 78: building queue full (5)
[12:38:33] planet 78: building queue full (5)
[2026-05-12 12:39:20] ==== loop 154/∞ | seed=864414431593735590 archetype=balanced personality=flotero focus=eco actions_per_loop=3 ====
[12:39:21] planet 78: building queue full (5)
[12:39:21] planet 78: building queue full (5)
[12:39:21] planet 78: building queue full (5)
[12:39:21] research: already in progress
[2026-05-12 12:40:05] ==== loop 155/∞ | seed=864414431593735590 archetype=balanced personality=flotero focus=eco actions_per_loop=3 ====
[12:40:06] planet 78: queued building_crystal_store to 10
[2026-05-12 12:40:48] ==== loop 156/∞ | seed=864414431593735590 archetype=balanced personality=flotero focus=eco actions_per_loop=3 ====
[12:40:48] planet 78: no resources for building_crystal_store+1
[2026-05-12 12:41:28] ==== loop 157/∞ | seed=864414431593735590 archetype=balanced personality=flotero focus=eco actions_per_loop=3 ====
[12:41:29] planet 78: no resources for building_crystal_store+1
[2026-05-12 12:42:11] ==== loop 158/∞ | seed=864414431593735590 archetype=balanced personality=flotero focus=eco actions_per_loop=3 ====
[12:42:12] planet 78: no resources for building_crystal_store+1
[12:42:12] research: already in progress
[2026-05-12 12:43:01] ==== loop 1/∞ | seed=864414431593735590 archetype=balanced personality=flotero focus=eco actions_per_loop=3 ====
[12:43:02] planet 78: no resources for building_crystal_store+1
[2026-05-12 12:43:44] ==== loop 2/∞ | seed=864414431593735590 archetype=balanced personality=flotero focus=eco actions_per_loop=3 ====
[12:43:45] alliance: idle no_candidate
[12:43:45] planet 78: no resources for building_crystal_store+1
[12:43:45] research: already in progress
[2026-05-12 12:44:31] ==== loop 3/∞ | seed=864414431593735590 archetype=balanced personality=flotero focus=eco actions_per_loop=3 ====
[12:44:32] planet 78: no resources for building_crystal_store+1
[12:44:32] research: already in progress
[2026-05-12 12:45:10] ==== loop 4/∞ | seed=864414431593735590 archetype=balanced personality=flotero focus=eco actions_per_loop=3 ====
[12:45:10] planet 78: no resources for building_crystal_store+1
[12:45:10] research: already in progress
[2026-05-12 12:45:47] ==== loop 5/∞ | seed=864414431593735590 archetype=balanced personality=flotero focus=eco actions_per_loop=3 ====
[12:45:48] planet 78: no resources for building_crystal_store+1
[12:45:48] research: already in progress
[2026-05-12 12:46:26] ==== loop 6/∞ | seed=864414431593735590 archetype=balanced personality=flotero focus=eco actions_per_loop=3 ====
[12:46:27] planet 78: no resources for building_crystal_store+1
[2026-05-12 12:47:09] ==== loop 7/∞ | seed=864414431593735590 archetype=balanced personality=flotero focus=eco actions_per_loop=3 ====
[12:47:09] planet 78: no resources for building_crystal_store+1
[2026-05-12 12:47:49] ==== loop 8/∞ | seed=864414431593735590 archetype=balanced personality=flotero focus=eco actions_per_loop=3 ====
[12:47:52] planet 78: building queue full (5)
[12:47:52] planet 78: building queue full (5)
[12:47:52] planet 78: building queue full (5)
[2026-05-12 12:48:31] ==== loop 9/∞ | seed=864414431593735590 archetype=balanced personality=flotero focus=eco actions_per_loop=3 ====
[12:48:33] planet 78: queued ship_solar_satellite +5
[12:48:33] planet 78: skipped duplicate ship_solar_satellite this loop
[12:48:33] research: already in progress
[2026-05-12 12:49:11] ==== loop 10/∞ | seed=864414431593735590 archetype=balanced personality=flotero focus=eco actions_per_loop=3 ====
[12:49:13] planet 78: queued ship_solar_satellite +2
[12:49:13] planet 78: building queue full (5)
[12:49:13] planet 78: building queue full (5)
[2026-05-12 12:49:56] ==== loop 11/∞ | seed=864414431593735590 archetype=balanced personality=flotero focus=eco actions_per_loop=3 ====
[12:49:58] planet 78: building queue full (5)
[12:49:58] planet 78: building queue full (5)
[2026-05-12 12:50:36] ==== loop 12/∞ | seed=864414431593735590 archetype=balanced personality=flotero focus=eco actions_per_loop=3 ====
[12:50:39] planet 78: building queue full (5)
[12:50:39] planet 78: building queue full (5)
[12:50:39] planet 78: building queue full (5)
[12:50:39] research: already in progress
[2026-05-12 12:51:18] ==== loop 13/∞ | seed=864414431593735590 archetype=balanced personality=flotero focus=eco actions_per_loop=3 ====
[12:51:20] planet 78: building queue full (5)
[12:51:20] planet 78: building queue full (5)
[12:51:20] planet 78: building queue full (5)
[12:51:20] research: already in progress
[2026-05-12 12:52:01] ==== loop 14/∞ | seed=864414431593735590 archetype=balanced personality=flotero focus=eco actions_per_loop=3 ====
[12:52:02] planet 78: building queue full (5)
[12:52:02] planet 78: building queue full (5)
[12:52:02] research: already in progress
[2026-05-12 12:52:42] ==== loop 15/∞ | seed=864414431593735590 archetype=balanced personality=flotero focus=eco actions_per_loop=3 ====
[12:52:44] planet 78: building queue full (5)
[12:52:44] planet 78: building queue full (5)
[12:52:44] planet 78: building queue full (5)
[2026-05-12 12:53:23] ==== loop 16/∞ | seed=864414431593735590 archetype=balanced personality=flotero focus=eco actions_per_loop=3 ====
[2026-05-12 12:54:03] ==== loop 1/∞ | seed=864414431593735590 archetype=balanced personality=flotero focus=eco actions_per_loop=3 ====
[12:54:04] planet 78: building queue full (5)
[12:54:04] planet 78: building queue full (5)
[12:54:04] research: already in progress
[2026-05-12 12:54:48] ==== loop 2/∞ | seed=864414431593735590 archetype=balanced personality=flotero focus=eco actions_per_loop=3 ====
[12:54:51] planet 78: building queue full (5)
[12:54:51] planet 78: building queue full (5)
[12:54:51] research: already in progress
[2026-05-12 12:55:30] ==== loop 3/∞ | seed=864414431593735590 archetype=balanced personality=flotero focus=eco actions_per_loop=3 ====
[12:55:30] planet 78: building queue full (5)
[12:55:30] planet 78: building queue full (5)
[12:55:30] research: already in progress
[2026-05-12 12:56:14] ==== loop 4/∞ | seed=864414431593735590 archetype=balanced personality=flotero focus=eco actions_per_loop=3 ====
[12:56:16] planet 78: building queue full (5)
[12:56:16] planet 78: building queue full (5)
[2026-05-12 12:56:57] ==== loop 5/∞ | seed=864414431593735590 archetype=balanced personality=flotero focus=eco actions_per_loop=3 ====
[12:56:59] planet 78: building queue full (5)
[12:56:59] planet 78: building queue full (5)
[12:56:59] planet 78: building queue full (5)
[12:56:59] research: already in progress
[2026-05-12 12:57:40] ==== loop 6/∞ | seed=864414431593735590 archetype=balanced personality=flotero focus=eco actions_per_loop=3 ====
[12:57:43] alliance: idle no_candidate
[12:57:43] planet 78: building queue full (5)
[12:57:43] planet 78: building queue full (5)
[12:57:43] planet 78: building queue full (5)
[2026-05-12 12:58:22] ==== loop 7/∞ | seed=864414431593735590 archetype=balanced personality=flotero focus=eco actions_per_loop=3 ====
[12:58:23] planet 78: building queue full (5)
[12:58:23] planet 78: building queue full (5)
[2026-05-12 12:59:05] ==== loop 8/∞ | seed=864414431593735590 archetype=balanced personality=flotero focus=eco actions_per_loop=3 ====
[12:59:06] planet 78: building queue full (5)
[12:59:06] planet 78: building queue full (5)
[12:59:06] research: already in progress
llm_inbox: encolado job_id=28 message_id=4845
[2026-05-12 12:59:49] ==== loop 1/1 | seed=864414431593735590 archetype=balanced personality=flotero focus=eco actions_per_loop=3 ====
[12:59:50] planet 78: queued building_metal_store to 10
[2026-05-12 12:59:50] ==== loop 9/∞ | seed=864414431593735590 archetype=balanced personality=flotero focus=eco actions_per_loop=3 ====
[12:59:51] planet 78: building queue full (5)
[12:59:51] planet 78: building queue full (5)
[2026-05-12 13:00:32] ==== loop 10/∞ | seed=864414431593735590 archetype=balanced personality=flotero focus=eco actions_per_loop=3 ====
[13:00:32] planet 78: queued building_deuterium_sintetizer to 19
[13:00:32] research: already in progress
[2026-05-12 13:01:13] ==== loop 11/∞ | seed=864414431593735590 archetype=balanced personality=flotero focus=eco actions_per_loop=3 ====
[13:01:13] planet 78: queue busy, throttled building_robot_factory
[13:01:13] planet 78: queue busy, throttled building_robot_factory
[13:01:13] planet 78: queue busy, throttled building_robot_factory
[2026-05-12 13:01:54] ==== loop 12/∞ | seed=864414431593735590 archetype=balanced personality=flotero focus=eco actions_per_loop=3 ====
[13:01:54] planet 78: queue busy, throttled building_robot_factory
[13:01:54] planet 78: queue busy, throttled building_robot_factory
[13:01:54] research: already in progress
[2026-05-12 13:02:35] ==== loop 13/∞ | seed=864414431593735590 archetype=balanced personality=flotero focus=eco actions_per_loop=3 ====
[13:02:35] planet 78: queue busy, throttled building_robot_factory
[13:02:35] planet 78: queue busy, throttled building_robot_factory
[13:02:35] planet 78: queue busy, throttled building_robot_factory
[13:02:35] research: queued research_energy_technology on planet 78 (7s)
llm_inbox: job 28 fallido (incoming)
[2026-05-12 13:03:24] ==== loop 14/∞ | seed=864414431593735590 archetype=balanced personality=flotero focus=eco actions_per_loop=3 ====
[13:03:24] planet 78: queue busy, throttled building_robot_factory
[13:03:24] planet 78: queue busy, throttled building_robot_factory
[13:03:24] planet 78: queue busy, throttled building_robot_factory
[2026-05-12 13:04:08] ==== loop 15/∞ | seed=864414431593735590 archetype=balanced personality=flotero focus=eco actions_per_loop=3 ====
[13:04:08] planet 78: queue busy, throttled building_robot_factory
[13:04:08] planet 78: queue busy, throttled building_robot_factory
[13:04:08] research: already in progress
[2026-05-12 13:04:52] ==== loop 16/∞ | seed=864414431593735590 archetype=balanced personality=flotero focus=eco actions_per_loop=3 ====
[13:04:52] planet 78: queue busy, throttled building_robot_factory
[13:04:52] planet 78: queue busy, throttled building_robot_factory
[13:04:52] planet 78: queue busy, throttled building_robot_factory
[2026-05-12 13:05:38] ==== loop 17/∞ | seed=864414431593735590 archetype=balanced personality=flotero focus=eco actions_per_loop=3 ====
[13:05:38] planet 78: queue busy, throttled building_robot_factory
[13:05:38] planet 78: queue busy, throttled building_robot_factory
[13:05:38] planet 78: queue busy, throttled building_robot_factory
[13:05:38] research: already in progress
[2026-05-12 13:06:20] ==== loop 18/∞ | seed=864414431593735590 archetype=balanced personality=flotero focus=eco actions_per_loop=3 ====
[13:06:20] planet 78: queue busy, throttled building_robot_factory
[13:06:20] planet 78: queue busy, throttled building_robot_factory
[13:06:20] planet 78: queue busy, throttled building_robot_factory
[13:06:20] research: already in progress
llm_inbox: recuperados 1 job(s) fallido→respondido (reintento aplicar)
llm_inbox: job 28 done (mensaje ya no existe)
[2026-05-12 13:06:56] ==== loop 1/1 | seed=864414431593735590 archetype=balanced personality=flotero focus=eco actions_per_loop=3 ====
[13:06:56] planet 78: queue busy, throttled building_robot_factory
[13:06:56] planet 78: queue busy, throttled building_robot_factory
[2026-05-12 13:07:02] ==== loop 19/∞ | seed=864414431593735590 archetype=balanced personality=flotero focus=eco actions_per_loop=3 ====
[13:07:02] planet 78: queue busy, throttled building_robot_factory
[13:07:02] planet 78: queue busy, throttled building_robot_factory
[13:07:02] planet 78: queue busy, throttled building_robot_factory
[13:07:02] research: already in progress
[2026-05-12 13:07:39] ==== loop 20/∞ | seed=864414431593735590 archetype=balanced personality=flotero focus=eco actions_per_loop=3 ====
[13:07:39] planet 78: queue busy, throttled building_robot_factory
[13:07:39] planet 78: queue busy, throttled building_robot_factory
[13:07:39] planet 78: queue busy, throttled building_robot_factory
[2026-05-12 13:08:22] ==== loop 21/∞ | seed=864414431593735590 archetype=balanced personality=flotero focus=eco actions_per_loop=3 ====
[13:08:22] planet 78: queue busy, throttled building_robot_factory
[13:08:22] planet 78: queue busy, throttled building_robot_factory
[13:08:22] planet 78: queue busy, throttled building_robot_factory
[2026-05-12 13:09:38] ==== loop 1/∞ | seed=864414431593735590 archetype=balanced personality=flotero focus=eco actions_per_loop=3 ====
[13:09:38] planet 78: queue busy, throttled building_robot_factory
[13:09:38] planet 78: queue busy, throttled building_robot_factory
[13:09:38] planet 78: queue busy, throttled building_robot_factory
[13:09:38] research: already in progress
[2026-05-12 13:10:20] ==== loop 2/∞ | seed=864414431593735590 archetype=balanced personality=flotero focus=eco actions_per_loop=3 ====
[13:10:20] planet 78: queue busy, throttled building_robot_factory
[13:10:20] planet 78: queue busy, throttled building_robot_factory
[2026-05-12 13:11:00] ==== loop 3/∞ | seed=864414431593735590 archetype=balanced personality=flotero focus=eco actions_per_loop=3 ====
[13:11:00] alliance: idle no_candidate
[13:11:00] planet 78: queue busy, throttled building_robot_factory
[13:11:00] planet 78: queue busy, throttled building_robot_factory
[13:11:00] planet 78: queue busy, throttled building_robot_factory
[13:11:00] research: already in progress
[2026-05-12 13:11:41] ==== loop 4/∞ | seed=864414431593735590 archetype=balanced personality=flotero focus=eco actions_per_loop=3 ====
[13:11:41] planet 78: queue busy, throttled building_robot_factory
[13:11:41] planet 78: queue busy, throttled building_robot_factory
[13:11:41] planet 78: queue busy, throttled building_robot_factory
[2026-05-12 13:12:24] ==== loop 5/∞ | seed=864414431593735590 archetype=balanced personality=flotero focus=eco actions_per_loop=3 ====
[13:12:24] planet 78: queue busy, throttled building_robot_factory
[13:12:24] planet 78: queue busy, throttled building_robot_factory
[13:12:24] research: already in progress
[2026-05-12 13:13:05] ==== loop 6/∞ | seed=864414431593735590 archetype=balanced personality=flotero focus=eco actions_per_loop=3 ====
[13:13:05] planet 78: queue busy, throttled building_robot_factory
[13:13:05] planet 78: queue busy, throttled building_robot_factory
[13:13:05] planet 78: queue busy, throttled building_robot_factory
[2026-05-12 13:13:50] ==== loop 7/∞ | seed=864414431593735590 archetype=balanced personality=flotero focus=eco actions_per_loop=3 ====
[13:13:50] planet 78: queue busy, throttled building_robot_factory
[13:13:50] planet 78: queue busy, throttled building_robot_factory
[13:13:50] planet 78: queue busy, throttled building_robot_factory
[2026-05-12 13:14:35] ==== loop 8/∞ | seed=864414431593735590 archetype=balanced personality=flotero focus=eco actions_per_loop=3 ====
[13:14:35] planet 78: queue busy, throttled building_robot_factory
[13:14:35] planet 78: queue busy, throttled building_robot_factory
[13:14:35] planet 78: queue busy, throttled building_robot_factory
[13:14:35] research: already in progress
[2026-05-12 13:15:13] ==== loop 9/∞ | seed=864414431593735590 archetype=balanced personality=flotero focus=eco actions_per_loop=3 ====
[13:15:14] planet 78: building queue full (5)
[13:15:14] planet 78: building queue full (5)
[13:15:14] research: already in progress
[2026-05-12 13:16:00] ==== loop 10/∞ | seed=864414431593735590 archetype=balanced personality=flotero focus=eco actions_per_loop=3 ====
[13:16:02] planet 78: building queue full (5)
[13:16:02] planet 78: building queue full (5)
[13:16:02] planet 78: building queue full (5)
[2026-05-12 13:16:50] ==== loop 11/∞ | seed=864414431593735590 archetype=balanced personality=flotero focus=eco actions_per_loop=3 ====
[13:16:52] planet 78: building queue full (5)
[13:16:52] planet 78: building queue full (5)
[13:16:52] planet 78: building queue full (5)
[13:16:52] research: already in progress
[2026-05-12 13:17:30] ==== loop 12/∞ | seed=864414431593735590 archetype=balanced personality=flotero focus=eco actions_per_loop=3 ====
[13:17:32] planet 78: building queue full (5)
[13:17:32] planet 78: building queue full (5)
[13:17:32] planet 78: building queue full (5)
[2026-05-12 13:18:15] ==== loop 13/∞ | seed=864414431593735590 archetype=balanced personality=flotero focus=eco actions_per_loop=3 ====
[13:18:16] planet 78: building queue full (5)
[13:18:16] planet 78: building queue full (5)
[13:18:16] research: already in progress
[2026-05-12 13:18:58] ==== loop 14/∞ | seed=864414431593735590 archetype=balanced personality=flotero focus=eco actions_per_loop=3 ====
[13:18:59] planet 78: building queue full (5)
[13:18:59] planet 78: building queue full (5)
[13:18:59] planet 78: building queue full (5)
[13:18:59] research: already in progress
[2026-05-12 13:19:42] ==== loop 15/∞ | seed=864414431593735590 archetype=balanced personality=flotero focus=eco actions_per_loop=3 ====
[13:19:44] planet 78: building queue full (5)
[13:19:44] planet 78: building queue full (5)
[13:19:44] planet 78: building queue full (5)
[2026-05-12 13:20:21] ==== loop 16/∞ | seed=864414431593735590 archetype=balanced personality=flotero focus=eco actions_per_loop=3 ====
[13:20:22] planet 78: queued building_solar_plant to 20
[13:20:22] research: already in progress
[2026-05-12 13:21:08] ==== loop 17/∞ | seed=864414431593735590 archetype=balanced personality=flotero focus=eco actions_per_loop=3 ====
[13:21:08] planet 78: queue busy, throttled building_robot_factory
[13:21:08] planet 78: queue busy, throttled building_robot_factory
[13:21:08] research: already in progress
[2026-05-12 13:21:54] ==== loop 18/∞ | seed=864414431593735590 archetype=balanced personality=flotero focus=eco actions_per_loop=3 ====
[13:21:54] planet 78: queue busy, throttled building_robot_factory
[13:21:54] planet 78: queue busy, throttled building_robot_factory
[13:21:54] planet 78: queue busy, throttled building_robot_factory
[2026-05-12 13:22:58] ==== loop 1/∞ | seed=864414431593735590 archetype=balanced personality=flotero focus=eco actions_per_loop=3 ====
[13:22:58] planet 78: queue busy, throttled building_robot_factory
[13:22:58] planet 78: queue busy, throttled building_robot_factory
[2026-05-12 13:23:40] ==== loop 2/∞ | seed=864414431593735590 archetype=balanced personality=flotero focus=eco actions_per_loop=3 ====
[13:23:40] planet 78: queue busy, throttled building_robot_factory
[13:23:40] planet 78: queue busy, throttled building_robot_factory
[13:23:40] planet 78: queue busy, throttled building_robot_factory
[13:23:40] research: already in progress
[2026-05-12 13:24:17] ==== loop 3/∞ | seed=864414431593735590 archetype=balanced personality=flotero focus=eco actions_per_loop=3 ====
[13:24:17] planet 78: queue busy, throttled building_robot_factory
[13:24:17] planet 78: queue busy, throttled building_robot_factory
[13:24:17] planet 78: queue busy, throttled building_robot_factory
[2026-05-12 13:24:55] ==== loop 4/∞ | seed=864414431593735590 archetype=balanced personality=flotero focus=eco actions_per_loop=3 ====
[13:24:55] planet 78: queue busy, throttled building_robot_factory
[13:24:55] planet 78: queue busy, throttled building_robot_factory
[13:24:55] planet 78: queue busy, throttled building_robot_factory
[2026-05-12 13:25:35] ==== loop 5/∞ | seed=864414431593735590 archetype=balanced personality=flotero focus=eco actions_per_loop=3 ====
[13:25:37] alliance: idle no_candidate
[13:25:37] planet 78: building queue full (5)
[13:25:37] planet 78: building queue full (5)
[13:25:37] planet 78: building queue full (5)
[13:25:37] research: already in progress
[2026-05-12 13:26:24] ==== loop 6/∞ | seed=864414431593735590 archetype=balanced personality=flotero focus=eco actions_per_loop=3 ====
[13:26:25] planet 78: building queue full (5)
[13:26:25] planet 78: building queue full (5)
[13:26:25] planet 78: building queue full (5)
[2026-05-12 13:27:03] ==== loop 7/∞ | seed=864414431593735590 archetype=balanced personality=flotero focus=eco actions_per_loop=3 ====
[13:27:04] planet 78: building queue full (5)
[13:27:04] planet 78: building queue full (5)
[13:27:04] planet 78: building queue full (5)
[2026-05-12 13:27:43] ==== loop 8/∞ | seed=864414431593735590 archetype=balanced personality=flotero focus=eco actions_per_loop=3 ====
[13:27:45] planet 78: building queue full (5)
[13:27:45] planet 78: building queue full (5)
[2026-05-12 13:28:49] ==== loop 1/∞ | seed=864414431593735590 archetype=balanced personality=flotero focus=eco actions_per_loop=3 ====
[13:28:51] planet 78: building queue full (5)
[13:28:51] planet 78: building queue full (5)
[13:28:51] planet 78: building queue full (5)
[2026-05-12 13:29:30] ==== loop 2/∞ | seed=864414431593735590 archetype=balanced personality=flotero focus=eco actions_per_loop=3 ====
[13:29:32] planet 78: building queue full (5)
[13:29:32] planet 78: building queue full (5)
[13:29:32] planet 78: building queue full (5)
[13:29:32] research: already in progress
[2026-05-12 13:30:09] ==== loop 3/∞ | seed=864414431593735590 archetype=balanced personality=flotero focus=eco actions_per_loop=3 ====
[13:30:09] planet 78: queue busy, throttled building_robot_factory
[13:30:09] planet 78: queue busy, throttled building_robot_factory
[13:30:09] planet 78: queue busy, throttled building_robot_factory
[2026-05-12 13:30:46] ==== loop 4/∞ | seed=864414431593735590 archetype=balanced personality=flotero focus=eco actions_per_loop=3 ====
[13:30:46] planet 78: queue busy, throttled building_robot_factory
[13:30:46] planet 78: queue busy, throttled building_robot_factory
[13:30:46] research: already in progress
[2026-05-12 13:31:24] ==== loop 5/∞ | seed=864414431593735590 archetype=balanced personality=flotero focus=eco actions_per_loop=3 ====
[13:31:24] planet 78: queue busy, throttled building_robot_factory
[13:31:24] planet 78: queue busy, throttled building_robot_factory
[13:31:24] planet 78: queue busy, throttled building_robot_factory
[13:31:24] research: already in progress
[2026-05-12 13:32:03] ==== loop 6/∞ | seed=864414431593735590 archetype=balanced personality=flotero focus=eco actions_per_loop=3 ====
[13:32:03] planet 78: queue busy, throttled building_robot_factory
[13:32:03] planet 78: queue busy, throttled building_robot_factory
[13:32:03] planet 78: queue busy, throttled building_robot_factory
[2026-05-12 13:32:40] ==== loop 7/∞ | seed=864414431593735590 archetype=balanced personality=flotero focus=eco actions_per_loop=3 ====
[13:32:40] planet 78: queue busy, throttled building_robot_factory
[13:32:40] planet 78: queue busy, throttled building_robot_factory
[13:32:40] planet 78: queue busy, throttled building_robot_factory
[2026-05-12 13:33:23] ==== loop 8/∞ | seed=864414431593735590 archetype=balanced personality=flotero focus=eco actions_per_loop=3 ====
[13:33:23] planet 78: queue busy, throttled building_robot_factory
[13:33:23] planet 78: queue busy, throttled building_robot_factory
[13:33:23] planet 78: queue busy, throttled building_robot_factory
[13:33:23] research: already in progress
[2026-05-12 13:33:57] ==== loop 9/∞ | seed=864414431593735590 archetype=balanced personality=flotero focus=eco actions_per_loop=3 ====
[13:33:57] planet 78: queue busy, throttled building_robot_factory
[13:33:57] planet 78: queue busy, throttled building_robot_factory
[2026-05-12 13:34:33] ==== loop 10/∞ | seed=864414431593735590 archetype=balanced personality=flotero focus=eco actions_per_loop=3 ====
[13:34:33] planet 78: queue busy, throttled building_robot_factory
[13:34:33] planet 78: queue busy, throttled building_robot_factory
[13:34:33] planet 78: queue busy, throttled building_robot_factory
[13:34:33] research: already in progress
[2026-05-12 13:35:13] ==== loop 11/∞ | seed=864414431593735590 archetype=balanced personality=flotero focus=eco actions_per_loop=3 ====
[13:35:13] planet 78: queue busy, throttled building_robot_factory
[13:35:13] planet 78: queue busy, throttled building_robot_factory
[13:35:13] planet 78: queue busy, throttled building_robot_factory
[13:35:13] research: already in progress
[2026-05-12 13:35:52] ==== loop 12/∞ | seed=864414431593735590 archetype=balanced personality=flotero focus=eco actions_per_loop=3 ====
[13:35:52] planet 78: queue busy, throttled building_robot_factory
[13:35:52] planet 78: queue busy, throttled building_robot_factory
[13:35:52] planet 78: queue busy, throttled building_robot_factory
[13:35:52] research: already in progress
[2026-05-12 13:36:29] ==== loop 13/∞ | seed=864414431593735590 archetype=balanced personality=flotero focus=eco actions_per_loop=3 ====
[13:36:29] planet 78: queue busy, throttled building_robot_factory
[13:36:29] planet 78: queue busy, throttled building_robot_factory
[13:36:29] planet 78: queue busy, throttled building_robot_factory
[13:36:29] research: already in progress
[2026-05-12 13:37:03] ==== loop 14/∞ | seed=864414431593735590 archetype=balanced personality=flotero focus=eco actions_per_loop=3 ====
[13:37:03] planet 78: queue busy, throttled building_robot_factory
[13:37:03] planet 78: queue busy, throttled building_robot_factory
[13:37:03] research: already in progress
[2026-05-12 13:37:45] ==== loop 15/∞ | seed=864414431593735590 archetype=balanced personality=flotero focus=eco actions_per_loop=3 ====
[13:37:45] planet 78: queue busy, throttled building_robot_factory
[13:37:45] planet 78: queue busy, throttled building_robot_factory
[13:37:45] planet 78: queue busy, throttled building_robot_factory
[2026-05-12 13:38:25] ==== loop 16/∞ | seed=864414431593735590 archetype=balanced personality=flotero focus=eco actions_per_loop=3 ====
[13:38:25] planet 78: queue busy, throttled building_robot_factory
[13:38:25] planet 78: queue busy, throttled building_robot_factory
[2026-05-12 13:39:02] ==== loop 17/∞ | seed=864414431593735590 archetype=balanced personality=flotero focus=eco actions_per_loop=3 ====
[13:39:02] alliance: idle no_candidate
[13:39:02] planet 78: queue busy, throttled building_robot_factory
[13:39:02] planet 78: queue busy, throttled building_robot_factory
[13:39:02] planet 78: queue busy, throttled building_robot_factory
[2026-05-12 13:39:49] ==== loop 1/∞ | seed=864414431593735590 archetype=balanced personality=flotero focus=eco actions_per_loop=3 ====
[13:39:49] planet 78: queue busy, throttled building_robot_factory
[13:39:49] planet 78: queue busy, throttled building_robot_factory
[13:39:49] planet 78: queue busy, throttled building_robot_factory
[13:39:49] research: already in progress
[2026-05-12 13:40:20] ==== loop 2/∞ | seed=864414431593735590 archetype=balanced personality=flotero focus=eco actions_per_loop=3 ====
[13:40:21] planet 78: queued building_metal_mine to 19
[13:40:21] research: already in progress
[2026-05-12 13:41:01] ==== loop 1/∞ | seed=864414431593735590 archetype=balanced personality=flotero focus=eco actions_per_loop=3 ====
[13:41:03] planet 78: building queue full (5)
[13:41:03] planet 78: building queue full (5)
[13:41:03] planet 78: building queue full (5)
[13:41:03] research: already in progress
[2026-05-12 13:41:36] ==== loop 2/∞ | seed=864414431593735590 archetype=balanced personality=flotero focus=eco actions_per_loop=3 ====
[13:41:36] planet 78: building queue full (5)
[13:41:36] planet 78: building queue full (5)
[13:41:36] research: already in progress
[2026-05-12 13:42:10] ==== loop 3/∞ | seed=864414431593735590 archetype=balanced personality=flotero focus=eco actions_per_loop=3 ====
[13:42:12] planet 78: building queue full (5)
[13:42:12] planet 78: building queue full (5)
[13:42:12] planet 78: building queue full (5)
[13:42:12] research: already in progress
[2026-05-12 13:42:46] ==== loop 4/∞ | seed=864414431593735590 archetype=balanced personality=flotero focus=eco actions_per_loop=3 ====
[13:42:49] planet 78: building queue full (5)
[13:42:49] planet 78: building queue full (5)
[13:42:49] planet 78: building queue full (5)
[13:42:49] research: already in progress
[2026-05-12 13:43:28] ==== loop 5/∞ | seed=864414431593735590 archetype=balanced personality=flotero focus=eco actions_per_loop=3 ====
[13:43:30] planet 78: building queue full (5)
[13:43:30] planet 78: building queue full (5)
[13:43:30] planet 78: building queue full (5)
[2026-05-12 13:44:05] ==== loop 6/∞ | seed=864414431593735590 archetype=balanced personality=flotero focus=eco actions_per_loop=3 ====
[13:44:07] planet 78: building queue full (5)
[13:44:07] planet 78: building queue full (5)
[13:44:07] planet 78: building queue full (5)
[13:44:07] research: already in progress
[2026-05-12 13:44:55] ==== loop 1/∞ | seed=864414431593735590 archetype=balanced personality=flotero focus=eco actions_per_loop=3 ====
[13:44:58] planet 78: building queue full (5)
[13:44:58] planet 78: building queue full (5)
[13:44:58] planet 78: building queue full (5)
[13:44:58] research: already in progress
[2026-05-12 13:45:32] ==== loop 2/∞ | seed=864414431593735590 archetype=balanced personality=flotero focus=eco actions_per_loop=3 ====
[13:45:34] planet 78: building queue full (5)
[13:45:34] planet 78: building queue full (5)
[13:45:34] planet 78: building queue full (5)
[13:45:34] research: already in progress
[2026-05-12 13:46:07] ==== loop 3/∞ | seed=864414431593735590 archetype=balanced personality=flotero focus=eco actions_per_loop=3 ====
[13:46:08] planet 78: building queue full (5)
[13:46:08] planet 78: building queue full (5)
[13:46:08] research: already in progress
[2026-05-12 13:46:47] ==== loop 4/∞ | seed=864414431593735590 archetype=balanced personality=flotero focus=eco actions_per_loop=3 ====
[13:46:49] planet 78: building queue full (5)
[13:46:49] planet 78: building queue full (5)
[13:46:49] planet 78: building queue full (5)
[2026-05-12 13:47:18] ==== loop 5/∞ | seed=864414431593735590 archetype=balanced personality=flotero focus=eco actions_per_loop=3 ====
[13:47:20] planet 78: building queue full (5)
[13:47:20] planet 78: building queue full (5)
[13:47:20] planet 78: building queue full (5)
[13:47:20] research: already in progress
[2026-05-12 13:47:58] ==== loop 6/∞ | seed=864414431593735590 archetype=balanced personality=flotero focus=eco actions_per_loop=3 ====
[13:48:00] planet 78: building queue full (5)
[13:48:00] planet 78: building queue full (5)
[13:48:00] planet 78: building queue full (5)
[13:48:00] research: already in progress
[2026-05-12 13:48:37] ==== loop 7/∞ | seed=864414431593735590 archetype=balanced personality=flotero focus=eco actions_per_loop=3 ====
[13:48:39] planet 78: building queue full (5)
[13:48:39] planet 78: building queue full (5)
[2026-05-12 13:49:20] ==== loop 8/∞ | seed=864414431593735590 archetype=balanced personality=flotero focus=eco actions_per_loop=3 ====
[13:49:21] planet 78: building queue full (5)
[13:49:21] planet 78: building queue full (5)
[13:49:21] planet 78: building queue full (5)
[2026-05-12 13:49:59] ==== loop 9/∞ | seed=864414431593735590 archetype=balanced personality=flotero focus=eco actions_per_loop=3 ====
[13:50:01] planet 78: building queue full (5)
[13:50:01] planet 78: building queue full (5)
[13:50:01] planet 78: queued building_deuterium_tank to 9
[2026-05-12 13:50:35] ==== loop 10/∞ | seed=864414431593735590 archetype=balanced personality=flotero focus=eco actions_per_loop=3 ====
[13:50:35] planet 78: queue busy, throttled building_robot_factory
[13:50:35] planet 78: queue busy, throttled building_robot_factory
[13:50:35] planet 78: queue busy, throttled building_robot_factory
[13:50:35] research: already in progress
[2026-05-12 13:51:10] ==== loop 11/∞ | seed=864414431593735590 archetype=balanced personality=flotero focus=eco actions_per_loop=3 ====
[13:51:10] planet 78: queue busy, throttled building_robot_factory
[13:51:10] planet 78: queue busy, throttled building_robot_factory
[13:51:10] planet 78: queue busy, throttled building_robot_factory
[2026-05-12 13:51:45] ==== loop 12/∞ | seed=864414431593735590 archetype=balanced personality=flotero focus=eco actions_per_loop=3 ====
[13:51:45] alliance: idle no_candidate
[13:51:45] planet 78: queue busy, throttled building_robot_factory
[13:51:45] planet 78: queue busy, throttled building_robot_factory
[13:51:45] planet 78: queue busy, throttled building_robot_factory
[2026-05-12 13:52:16] ==== loop 13/∞ | seed=864414431593735590 archetype=balanced personality=flotero focus=eco actions_per_loop=3 ====
[13:52:16] planet 78: queue busy, throttled building_robot_factory
[13:52:16] planet 78: queue busy, throttled building_robot_factory
[13:52:16] research: already in progress
[2026-05-12 13:52:55] ==== loop 14/∞ | seed=864414431593735590 archetype=balanced personality=flotero focus=eco actions_per_loop=3 ====
[13:52:56] planet 78: building queue full (5)
[13:52:56] planet 78: building queue full (5)
[13:52:56] planet 78: building queue full (5)
[13:52:56] research: already in progress
[2026-05-12 13:53:28] ==== loop 15/∞ | seed=864414431593735590 archetype=balanced personality=flotero focus=eco actions_per_loop=3 ====
[13:53:30] planet 78: building queue full (5)
[13:53:30] planet 78: building queue full (5)
[13:53:30] planet 78: building queue full (5)
[13:53:30] research: already in progress
[2026-05-12 13:54:05] ==== loop 16/∞ | seed=864414431593735590 archetype=balanced personality=flotero focus=eco actions_per_loop=3 ====
[13:54:07] planet 78: building queue full (5)
[13:54:07] planet 78: building queue full (5)
[13:54:07] planet 78: building queue full (5)
[2026-05-12 13:54:44] ==== loop 17/∞ | seed=864414431593735590 archetype=balanced personality=flotero focus=eco actions_per_loop=3 ====
[13:54:45] planet 78: building queue full (5)
[13:54:45] planet 78: building queue full (5)
[13:54:45] research: already in progress
[2026-05-12 13:55:20] ==== loop 18/∞ | seed=864414431593735590 archetype=balanced personality=flotero focus=eco actions_per_loop=3 ====
[13:55:22] planet 78: building queue full (5)
[13:55:22] planet 78: building queue full (5)
[13:55:22] planet 78: building queue full (5)
[2026-05-12 13:56:00] ==== loop 19/∞ | seed=864414431593735590 archetype=balanced personality=flotero focus=eco actions_per_loop=3 ====
[13:56:01] planet 78: building queue full (5)
[13:56:01] planet 78: building queue full (5)
[13:56:01] research: already in progress
[2026-05-12 13:56:33] ==== loop 20/∞ | seed=864414431593735590 archetype=balanced personality=flotero focus=eco actions_per_loop=3 ====
[13:56:35] planet 78: building queue full (5)
[13:56:35] planet 78: building queue full (5)
[13:56:35] planet 78: building queue full (5)
[2026-05-12 13:57:10] ==== loop 21/∞ | seed=864414431593735590 archetype=balanced personality=flotero focus=eco actions_per_loop=3 ====
[13:57:12] planet 78: building queue full (5)
[13:57:12] planet 78: building queue full (5)
[13:57:12] planet 78: building queue full (5)
[2026-05-12 13:57:46] ==== loop 22/∞ | seed=864414431593735590 archetype=balanced personality=flotero focus=eco actions_per_loop=3 ====
[13:57:48] planet 78: building queue full (5)
[13:57:48] planet 78: building queue full (5)
[13:57:48] planet 78: building queue full (5)
[13:57:48] research: already in progress
[2026-05-12 13:58:23] ==== loop 23/∞ | seed=864414431593735590 archetype=balanced personality=flotero focus=eco actions_per_loop=3 ====
[13:58:25] planet 78: building queue full (5)
[13:58:25] planet 78: building queue full (5)
[13:58:25] planet 78: building queue full (5)
[13:58:25] research: already in progress
[2026-05-12 13:58:59] ==== loop 24/∞ | seed=864414431593735590 archetype=balanced personality=flotero focus=eco actions_per_loop=3 ====
[13:59:01] planet 78: building queue full (5)
[13:59:01] planet 78: building queue full (5)
[13:59:01] planet 78: building queue full (5)
[2026-05-12 13:59:34] ==== loop 25/∞ | seed=864414431593735590 archetype=balanced personality=flotero focus=eco actions_per_loop=3 ====
[13:59:35] planet 78: building queue full (5)
[13:59:35] planet 78: building queue full (5)
[13:59:35] planet 78: building queue full (5)
[2026-05-12 14:00:06] ==== loop 26/∞ | seed=864414431593735590 archetype=balanced personality=flotero focus=eco actions_per_loop=3 ====
[14:00:07] planet 78: building queue full (5)
[14:00:07] planet 78: building queue full (5)
[14:00:07] planet 78: building queue full (5)
[14:00:07] research: already in progress
[2026-05-12 14:00:40] ==== loop 27/∞ | seed=864414431593735590 archetype=balanced personality=flotero focus=eco actions_per_loop=3 ====
[14:00:42] planet 78: building queue full (5)
[14:00:42] planet 78: building queue full (5)
[14:00:42] planet 78: building queue full (5)
[14:00:42] research: already in progress
[2026-05-12 14:01:19] ==== loop 28/∞ | seed=864414431593735590 archetype=balanced personality=flotero focus=eco actions_per_loop=3 ====
[14:01:21] planet 78: building queue full (5)
[14:01:21] planet 78: building queue full (5)
[14:01:21] planet 78: building queue full (5)
[2026-05-12 14:01:59] ==== loop 29/∞ | seed=864414431593735590 archetype=balanced personality=flotero focus=eco actions_per_loop=3 ====
[14:02:00] planet 78: building queue full (5)
[14:02:00] planet 78: building queue full (5)
[14:02:00] planet 78: building queue full (5)
[14:02:00] research: already in progress
[2026-05-12 14:02:43] ==== loop 30/∞ | seed=864414431593735590 archetype=balanced personality=flotero focus=eco actions_per_loop=3 ====
[14:02:45] planet 78: building queue full (5)
[14:02:45] planet 78: building queue full (5)
[14:02:45] planet 78: building queue full (5)
[14:02:45] research: already in progress
[2026-05-12 14:03:21] ==== loop 31/∞ | seed=864414431593735590 archetype=balanced personality=flotero focus=eco actions_per_loop=3 ====
[14:03:23] planet 78: building queue full (5)
[14:03:23] planet 78: building queue full (5)
[14:03:23] planet 78: building queue full (5)
[2026-05-12 14:04:02] ==== loop 32/∞ | seed=864414431593735590 archetype=balanced personality=flotero focus=eco actions_per_loop=3 ====
[14:04:04] alliance: idle no_candidate
[14:04:04] planet 78: building queue full (5)
[14:04:04] planet 78: building queue full (5)
[14:04:04] planet 78: building queue full (5)
[14:04:04] research: already in progress
[2026-05-12 14:04:42] ==== loop 33/∞ | seed=864414431593735590 archetype=balanced personality=flotero focus=eco actions_per_loop=3 ====
[14:04:44] planet 78: building queue full (5)
[14:04:44] planet 78: building queue full (5)
[14:04:44] planet 78: building queue full (5)
[14:04:44] research: already in progress
[2026-05-12 14:05:21] ==== loop 34/∞ | seed=864414431593735590 archetype=balanced personality=flotero focus=eco actions_per_loop=3 ====
[14:05:22] planet 78: building queue full (5)
[14:05:22] planet 78: building queue full (5)
[14:05:22] planet 78: building queue full (5)
[14:05:22] research: already in progress
[2026-05-12 14:05:58] ==== loop 35/∞ | seed=864414431593735590 archetype=balanced personality=flotero focus=eco actions_per_loop=3 ====
[14:06:00] planet 78: building queue full (5)
[14:06:00] planet 78: building queue full (5)
[14:06:00] planet 78: building queue full (5)
[14:06:00] research: already in progress
[2026-05-12 14:06:38] ==== loop 36/∞ | seed=864414431593735590 archetype=balanced personality=flotero focus=eco actions_per_loop=3 ====
[14:06:40] planet 78: building queue full (5)
[14:06:40] planet 78: building queue full (5)
[14:06:40] planet 78: building queue full (5)
[14:06:40] research: already in progress
[2026-05-12 14:07:19] ==== loop 37/∞ | seed=864414431593735590 archetype=balanced personality=flotero focus=eco actions_per_loop=3 ====
[14:07:22] planet 78: building queue full (5)
[14:07:22] planet 78: building queue full (5)
[14:07:22] planet 78: building queue full (5)
[2026-05-12 14:07:57] ==== loop 38/∞ | seed=864414431593735590 archetype=balanced personality=flotero focus=eco actions_per_loop=3 ====
[14:07:59] planet 78: building queue full (5)
[14:07:59] planet 78: building queue full (5)
[14:07:59] research: already in progress
[2026-05-12 14:08:38] ==== loop 39/∞ | seed=864414431593735590 archetype=balanced personality=flotero focus=eco actions_per_loop=3 ====
[14:08:39] planet 78: building queue full (5)
[14:08:39] planet 78: building queue full (5)
[14:08:39] planet 78: building queue full (5)
[2026-05-12 14:09:23] ==== loop 40/∞ | seed=864414431593735590 archetype=balanced personality=flotero focus=eco actions_per_loop=3 ====
[14:09:25] planet 78: building queue full (5)
[14:09:25] planet 78: building queue full (5)
[14:09:25] planet 78: building queue full (5)
[2026-05-12 14:10:01] ==== loop 41/∞ | seed=864414431593735590 archetype=balanced personality=flotero focus=eco actions_per_loop=3 ====
[14:10:03] planet 78: building queue full (5)
[14:10:03] planet 78: building queue full (5)
[14:10:03] planet 78: building queue full (5)
[14:10:03] research: already in progress
[2026-05-12 14:10:40] ==== loop 42/∞ | seed=864414431593735590 archetype=balanced personality=flotero focus=eco actions_per_loop=3 ====
[14:10:41] planet 78: building queue full (5)
[14:10:41] planet 78: building queue full (5)
[14:10:41] planet 78: building queue full (5)
[2026-05-12 14:11:21] ==== loop 43/∞ | seed=864414431593735590 archetype=balanced personality=flotero focus=eco actions_per_loop=3 ====
[14:11:22] planet 78: building queue full (5)
[14:11:22] planet 78: building queue full (5)
[2026-05-12 14:11:57] ==== loop 44/∞ | seed=864414431593735590 archetype=balanced personality=flotero focus=eco actions_per_loop=3 ====
[14:11:59] planet 78: building queue full (5)
[14:11:59] planet 78: building queue full (5)
[14:11:59] planet 78: building queue full (5)
[2026-05-12 14:12:34] ==== loop 45/∞ | seed=864414431593735590 archetype=balanced personality=flotero focus=eco actions_per_loop=3 ====
[14:12:37] planet 78: building queue full (5)
[14:12:37] planet 78: building queue full (5)
[14:12:37] planet 78: building queue full (5)
[14:12:37] research: already in progress
[2026-05-12 14:13:10] ==== loop 46/∞ | seed=864414431593735590 archetype=balanced personality=flotero focus=eco actions_per_loop=3 ====
[14:13:12] planet 78: building queue full (5)
[14:13:12] planet 78: building queue full (5)
[14:13:12] planet 78: building queue full (5)
[2026-05-12 14:13:48] ==== loop 47/∞ | seed=864414431593735590 archetype=balanced personality=flotero focus=eco actions_per_loop=3 ====
[14:13:49] planet 78: building queue full (5)
[14:13:49] planet 78: building queue full (5)
[14:13:49] research: already in progress
[2026-05-12 14:14:25] ==== loop 48/∞ | seed=864414431593735590 archetype=balanced personality=flotero focus=eco actions_per_loop=3 ====
[14:14:27] planet 78: building queue full (5)
[14:14:27] planet 78: building queue full (5)
[14:14:27] planet 78: building queue full (5)
[2026-05-12 14:15:01] ==== loop 49/∞ | seed=864414431593735590 archetype=balanced personality=flotero focus=eco actions_per_loop=3 ====
[14:15:04] planet 78: building queue full (5)
[14:15:04] planet 78: building queue full (5)
[14:15:04] planet 78: building queue full (5)
[2026-05-12 14:15:42] ==== loop 50/∞ | seed=864414431593735590 archetype=balanced personality=flotero focus=eco actions_per_loop=3 ====
[14:15:42] planet 78: queued ship_solar_satellite +5
[14:15:42] planet 78: skipped duplicate ship_solar_satellite this loop
[14:15:42] planet 78: skipped duplicate ship_solar_satellite this loop
[2026-05-12 14:16:15] ==== loop 51/∞ | seed=864414431593735590 archetype=balanced personality=flotero focus=eco actions_per_loop=3 ====
[14:16:17] planet 78: queued ship_solar_satellite +3
[14:16:17] planet 78: building queue full (5)
[14:16:17] planet 78: building queue full (5)
[14:16:17] research: already in progress
[2026-05-12 14:16:50] ==== loop 52/∞ | seed=864414431593735590 archetype=balanced personality=flotero focus=eco actions_per_loop=3 ====
[14:16:51] alliance: idle no_candidate
[14:16:51] planet 78: building queue full (5)
[14:16:51] planet 78: building queue full (5)
[14:16:51] research: already in progress
[2026-05-12 14:17:25] ==== loop 53/∞ | seed=864414431593735590 archetype=balanced personality=flotero focus=eco actions_per_loop=3 ====
[14:17:26] planet 78: building queue full (5)
[14:17:26] planet 78: building queue full (5)
[14:17:26] research: already in progress
[2026-05-12 14:18:01] ==== loop 54/∞ | seed=864414431593735590 archetype=balanced personality=flotero focus=eco actions_per_loop=3 ====
[14:18:03] planet 78: building queue full (5)
[14:18:03] planet 78: building queue full (5)
[14:18:03] planet 78: building queue full (5)
[14:18:03] research: already in progress
[2026-05-12 14:18:37] ==== loop 55/∞ | seed=864414431593735590 archetype=balanced personality=flotero focus=eco actions_per_loop=3 ====
[14:18:39] planet 78: building queue full (5)
[14:18:39] planet 78: building queue full (5)
[14:18:39] planet 78: building queue full (5)
[14:18:39] research: already in progress
[2026-05-12 14:19:15] ==== loop 56/∞ | seed=864414431593735590 archetype=balanced personality=flotero focus=eco actions_per_loop=3 ====
[14:19:17] planet 78: building queue full (5)
[14:19:17] planet 78: building queue full (5)
[14:19:17] research: already in progress
[2026-05-12 14:19:55] ==== loop 57/∞ | seed=864414431593735590 archetype=balanced personality=flotero focus=eco actions_per_loop=3 ====
[14:19:57] planet 78: building queue full (5)
[14:19:57] planet 78: building queue full (5)
[14:19:57] planet 78: building queue full (5)
[2026-05-12 14:20:34] ==== loop 58/∞ | seed=864414431593735590 archetype=balanced personality=flotero focus=eco actions_per_loop=3 ====
[14:20:36] planet 78: building queue full (5)
[14:20:36] planet 78: building queue full (5)
[14:20:36] planet 78: building queue full (5)
[2026-05-12 14:21:15] ==== loop 59/∞ | seed=864414431593735590 archetype=balanced personality=flotero focus=eco actions_per_loop=3 ====
[14:21:17] planet 78: building queue full (5)
[14:21:17] planet 78: building queue full (5)
[14:21:17] planet 78: building queue full (5)
[14:21:17] research: already in progress
[2026-05-12 14:21:54] ==== loop 60/∞ | seed=864414431593735590 archetype=balanced personality=flotero focus=eco actions_per_loop=3 ====
[14:21:56] planet 78: building queue full (5)
[14:21:56] planet 78: building queue full (5)
[14:21:56] planet 78: building queue full (5)
[2026-05-12 14:22:42] ==== loop 61/∞ | seed=864414431593735590 archetype=balanced personality=flotero focus=eco actions_per_loop=3 ====
[14:22:45] planet 78: building queue full (5)
[14:22:45] planet 78: building queue full (5)
[14:22:45] planet 78: building queue full (5)
[14:22:45] research: already in progress
[2026-05-12 14:23:30] ==== loop 62/∞ | seed=864414431593735590 archetype=balanced personality=flotero focus=eco actions_per_loop=3 ====
[14:23:31] planet 78: building queue full (5)
[14:23:31] planet 78: building queue full (5)
[14:23:31] planet 78: building queue full (5)
[2026-05-12 14:24:12] ==== loop 63/∞ | seed=864414431593735590 archetype=balanced personality=flotero focus=eco actions_per_loop=3 ====
[14:24:13] planet 78: building queue full (5)
[14:24:13] planet 78: building queue full (5)
[14:24:13] planet 78: building queue full (5)
[2026-05-12 14:24:50] ==== loop 64/∞ | seed=864414431593735590 archetype=balanced personality=flotero focus=eco actions_per_loop=3 ====
[14:24:52] planet 78: building queue full (5)
[14:24:52] planet 78: building queue full (5)
[14:24:52] planet 78: building queue full (5)
[2026-05-12 14:25:31] ==== loop 65/∞ | seed=864414431593735590 archetype=balanced personality=flotero focus=eco actions_per_loop=3 ====
[14:25:31] planet 78: queued building_solar_plant to 21
[14:25:31] research: already in progress
[2026-05-12 14:26:12] ==== loop 66/∞ | seed=864414431593735590 archetype=balanced personality=flotero focus=eco actions_per_loop=3 ====
[14:26:14] planet 78: building queue full (5)
[14:26:14] planet 78: building queue full (5)
[14:26:14] planet 78: building queue full (5)
[2026-05-12 14:26:56] ==== loop 67/∞ | seed=864414431593735590 archetype=balanced personality=flotero focus=eco actions_per_loop=3 ====
[14:26:57] planet 78: building queue full (5)
[14:26:57] planet 78: building queue full (5)
[2026-05-12 14:27:40] ==== loop 68/∞ | seed=864414431593735590 archetype=balanced personality=flotero focus=eco actions_per_loop=3 ====
[14:27:43] planet 78: building queue full (5)
[14:27:43] planet 78: building queue full (5)
[14:27:43] planet 78: building queue full (5)
[14:27:43] research: already in progress
[2026-05-12 14:28:22] ==== loop 69/∞ | seed=864414431593735590 archetype=balanced personality=flotero focus=eco actions_per_loop=3 ====
[14:28:25] planet 78: building queue full (5)
[14:28:25] planet 78: building queue full (5)
[14:28:25] planet 78: building queue full (5)
[14:28:25] research: already in progress
[2026-05-12 14:29:02] ==== loop 70/∞ | seed=864414431593735590 archetype=balanced personality=flotero focus=eco actions_per_loop=3 ====
[14:29:04] planet 78: building queue full (5)
[14:29:04] planet 78: building queue full (5)
[14:29:04] planet 78: building queue full (5)
[2026-05-12 14:29:43] ==== loop 71/∞ | seed=864414431593735590 archetype=balanced personality=flotero focus=eco actions_per_loop=3 ====
[14:29:46] planet 78: building queue full (5)
[14:29:46] planet 78: building queue full (5)
[14:29:46] planet 78: building queue full (5)
[2026-05-12 14:30:28] ==== loop 72/∞ | seed=864414431593735590 archetype=balanced personality=flotero focus=eco actions_per_loop=3 ====
[14:30:29] alliance: idle no_candidate
[14:30:29] planet 78: queued ship_cruiser +5
[14:30:29] planet 78: skipped duplicate ship_cruiser this loop
[14:30:29] planet 78: skipped duplicate ship_cruiser this loop
[2026-05-12 14:31:14] ==== loop 73/∞ | seed=864414431593735590 archetype=balanced personality=flotero focus=eco actions_per_loop=3 ====
[14:31:15] planet 78: queued ship_cruiser +5
[14:31:15] planet 78: skipped duplicate ship_cruiser this loop
[14:31:15] planet 78: skipped duplicate ship_cruiser this loop
[14:31:15] research: already in progress
[2026-05-12 14:32:03] ==== loop 74/∞ | seed=864414431593735590 archetype=balanced personality=flotero focus=eco actions_per_loop=3 ====
[14:32:04] planet 78: queued ship_cruiser +5
[14:32:04] planet 78: skipped duplicate ship_cruiser this loop
[14:32:04] planet 78: skipped duplicate ship_cruiser this loop
[14:32:04] research: already in progress
[2026-05-12 14:32:49] ==== loop 75/∞ | seed=864414431593735590 archetype=balanced personality=flotero focus=eco actions_per_loop=3 ====
[14:32:49] planet 78: queued ship_cruiser +5
[14:32:49] planet 78: skipped duplicate ship_cruiser this loop
[14:32:49] planet 78: skipped duplicate ship_cruiser this loop
[14:32:49] research: already in progress
[2026-05-12 14:33:37] ==== loop 76/∞ | seed=864414431593735590 archetype=balanced personality=flotero focus=eco actions_per_loop=3 ====
[14:33:38] planet 78: queued ship_cruiser +5
[14:33:38] planet 78: skipped duplicate ship_cruiser this loop
[14:33:38] planet 78: skipped duplicate ship_cruiser this loop
[14:33:38] research: already in progress
[2026-05-12 14:34:26] ==== loop 77/∞ | seed=864414431593735590 archetype=balanced personality=flotero focus=eco actions_per_loop=3 ====
[14:34:26] planet 78: queued ship_cruiser +5
[14:34:26] planet 78: skipped duplicate ship_cruiser this loop
[2026-05-12 14:35:27] ==== loop 1/∞ | seed=864414431593735590 archetype=balanced personality=flotero focus=eco actions_per_loop=3 ====
[14:35:28] planet 78: queued ship_cruiser +5
[14:35:28] planet 78: skipped duplicate ship_cruiser this loop
[14:35:28] planet 78: skipped duplicate ship_cruiser this loop
[2026-05-12 14:36:13] ==== loop 2/∞ | seed=864414431593735590 archetype=balanced personality=flotero focus=eco actions_per_loop=3 ====
[14:36:13] planet 78: queued ship_cruiser +5
[14:36:13] planet 78: skipped duplicate ship_cruiser this loop
[2026-05-12 14:36:57] ==== loop 3/∞ | seed=864414431593735590 archetype=balanced personality=flotero focus=eco actions_per_loop=3 ====
[14:36:58] planet 78: queued ship_cruiser +5
[14:36:58] planet 78: skipped duplicate ship_cruiser this loop
[14:36:58] research: already in progress
[2026-05-12 14:37:45] ==== loop 4/∞ | seed=864414431593735590 archetype=balanced personality=flotero focus=eco actions_per_loop=3 ====
[14:37:45] planet 78: queued ship_cruiser +5
[14:37:45] planet 78: skipped duplicate ship_cruiser this loop
[2026-05-12 14:38:28] ==== loop 5/∞ | seed=864414431593735590 archetype=balanced personality=flotero focus=eco actions_per_loop=3 ====
[14:38:29] planet 78: queued ship_cruiser +5
[14:38:29] planet 78: skipped duplicate ship_cruiser this loop
[14:38:29] planet 78: skipped duplicate ship_cruiser this loop
[14:38:29] research: already in progress
[2026-05-12 14:39:15] ==== loop 6/∞ | seed=864414431593735590 archetype=balanced personality=flotero focus=eco actions_per_loop=3 ====
[14:39:16] planet 78: queued ship_cruiser +5
[14:39:16] planet 78: skipped duplicate ship_cruiser this loop
[14:39:16] planet 78: skipped duplicate ship_cruiser this loop
[2026-05-12 14:40:02] ==== loop 7/∞ | seed=864414431593735590 archetype=balanced personality=flotero focus=eco actions_per_loop=3 ====
[14:40:05] planet 78: building queue full (5)
[14:40:05] planet 78: building queue full (5)
[14:40:05] planet 78: building queue full (5)
[2026-05-12 14:40:50] ==== loop 8/∞ | seed=864414431593735590 archetype=balanced personality=flotero focus=eco actions_per_loop=3 ====
[14:40:51] planet 78: building queue full (5)
[14:40:51] planet 78: building queue full (5)
[14:40:51] research: already in progress
[2026-05-12 14:41:30] ==== loop 9/∞ | seed=864414431593735590 archetype=balanced personality=flotero focus=eco actions_per_loop=3 ====
[14:41:32] planet 78: building queue full (5)
[14:41:32] planet 78: building queue full (5)
[14:41:32] planet 78: building queue full (5)
[2026-05-12 14:42:13] ==== loop 10/∞ | seed=864414431593735590 archetype=balanced personality=flotero focus=eco actions_per_loop=3 ====
[14:42:15] planet 78: building queue full (5)
[14:42:15] planet 78: building queue full (5)
[14:42:15] planet 78: building queue full (5)
[14:42:15] research: already in progress
[2026-05-12 14:42:56] ==== loop 11/∞ | seed=864414431593735590 archetype=balanced personality=flotero focus=eco actions_per_loop=3 ====
[14:42:58] planet 78: building queue full (5)
[14:42:58] planet 78: building queue full (5)
[14:42:58] planet 78: building queue full (5)
[14:42:58] research: already in progress
[2026-05-12 14:43:40] ==== loop 12/∞ | seed=864414431593735590 archetype=balanced personality=flotero focus=eco actions_per_loop=3 ====
[14:43:42] planet 78: building queue full (5)
[14:43:42] planet 78: building queue full (5)
[2026-05-12 14:44:26] ==== loop 13/∞ | seed=864414431593735590 archetype=balanced personality=flotero focus=eco actions_per_loop=3 ====
[14:44:27] planet 78: building queue full (5)
[14:44:27] planet 78: building queue full (5)
[2026-05-12 14:45:10] ==== loop 14/∞ | seed=864414431593735590 archetype=balanced personality=flotero focus=eco actions_per_loop=3 ====
[14:45:12] planet 78: building queue full (5)
[14:45:12] planet 78: building queue full (5)
[14:45:12] planet 78: building queue full (5)
[14:45:12] research: already in progress
[2026-05-12 14:45:53] ==== loop 15/∞ | seed=864414431593735590 archetype=balanced personality=flotero focus=eco actions_per_loop=3 ====
[14:45:54] alliance: idle no_candidate
[14:45:54] planet 78: building queue full (5)
[14:45:54] planet 78: building queue full (5)
[14:45:54] planet 78: building queue full (5)
[2026-05-12 14:46:35] ==== loop 16/∞ | seed=864414431593735590 archetype=balanced personality=flotero focus=eco actions_per_loop=3 ====
[14:46:38] planet 78: building queue full (5)
[14:46:38] planet 78: building queue full (5)
[14:46:38] planet 78: building queue full (5)
[2026-05-12 14:47:18] ==== loop 17/∞ | seed=864414431593735590 archetype=balanced personality=flotero focus=eco actions_per_loop=3 ====
[14:47:20] planet 78: building queue full (5)
[14:47:20] planet 78: building queue full (5)
[2026-05-12 14:48:05] ==== loop 18/∞ | seed=864414431593735590 archetype=balanced personality=flotero focus=eco actions_per_loop=3 ====
[14:48:06] planet 78: building queue full (5)
[14:48:06] planet 78: building queue full (5)
[14:48:06] research: already in progress
