[2026-05-12 07:07:39] ==== loop 1/∞ | seed=1088130647731202695 archetype=turbo personality=tecnologico focus=tech actions_per_loop=3 ====
[07:07:41] planet 33: queued building_deuterium_tank to 2
[07:07:41] attack: idle no_fleet_slots (used=5 max=1)
[07:07:41] research: blocked research_energy_technology (building_laboratory 0/1)
[2026-05-12 07:08:14] ==== loop 2/∞ | seed=1088130647731202695 archetype=turbo personality=tecnologico focus=tech actions_per_loop=3 ====
[07:08:14] planet 33: queued building_deuterium_tank to 3
[07:08:14] attack: idle no_fleet_slots (used=5 max=1)
[2026-05-12 07:08:46] ==== loop 3/∞ | seed=1088130647731202695 archetype=turbo personality=tecnologico focus=tech actions_per_loop=3 ====
[07:08:47] planet 33: queued building_deuterium_tank to 4
[07:08:47] attack: idle no_fleet_slots (used=5 max=1)
[2026-05-12 07:09:14] ==== loop 4/∞ | seed=1088130647731202695 archetype=turbo personality=tecnologico focus=tech actions_per_loop=3 ====
[07:09:14] planet 33: queued building_deuterium_tank to 5
[07:09:14] research: blocked research_energy_technology (building_laboratory 0/1)
[2026-05-12 07:09:39] ==== loop 5/∞ | seed=1088130647731202695 archetype=turbo personality=tecnologico focus=tech actions_per_loop=3 ====
[07:09:40] planet 33: queued building_deuterium_tank to 6
[07:09:40] research: blocked research_energy_technology (building_laboratory 0/1)
[2026-05-12 07:10:02] ==== loop 6/∞ | seed=1088130647731202695 archetype=turbo personality=tecnologico focus=tech actions_per_loop=3 ====
[07:10:03] planet 33: queued building_crystal_mine to 28
[07:10:03] research: blocked research_energy_technology (building_laboratory 0/1)
[2026-05-12 07:10:22] ==== loop 7/∞ | seed=1088130647731202695 archetype=turbo personality=tecnologico focus=tech actions_per_loop=3 ====
[07:10:23] planet 33: queued building_robot_factory to 6
[07:10:23] research: blocked research_energy_technology (building_laboratory 0/1)
[2026-05-12 07:10:43] ==== loop 8/∞ | seed=1088130647731202695 archetype=turbo personality=tecnologico focus=tech actions_per_loop=3 ====
[07:10:44] planet 33: queued building_robot_factory to 7
[2026-05-12 07:11:01] ==== loop 9/∞ | seed=1088130647731202695 archetype=turbo personality=tecnologico focus=tech actions_per_loop=3 ====
[07:11:01] planet 33: queue busy, throttled building_robot_factory
[07:11:01] planet 33: queue busy, throttled building_robot_factory
[07:11:01] planet 33: queue busy, throttled building_robot_factory
[07:11:01] research: blocked research_energy_technology (building_laboratory 0/1)
[2026-05-12 07:11:21] ==== loop 10/∞ | seed=1088130647731202695 archetype=turbo personality=tecnologico focus=tech actions_per_loop=3 ====
[07:11:21] planet 33: queue busy, throttled building_robot_factory
[07:11:21] planet 33: queue busy, throttled building_robot_factory
[07:11:21] planet 33: queue busy, throttled building_robot_factory
[07:11:21] research: blocked research_energy_technology (building_laboratory 0/1)
[2026-05-12 07:11:39] ==== loop 11/∞ | seed=1088130647731202695 archetype=turbo personality=tecnologico focus=tech actions_per_loop=3 ====
[07:11:39] planet 33: queue busy, throttled building_robot_factory
[07:11:39] planet 33: queue busy, throttled building_robot_factory
[07:11:39] planet 33: queue busy, throttled building_robot_factory
[07:11:39] research: blocked research_energy_technology (building_laboratory 0/1)
[2026-05-12 07:12:00] ==== loop 12/∞ | seed=1088130647731202695 archetype=turbo personality=tecnologico focus=tech actions_per_loop=3 ====
[07:12:01] planet 33: queue busy, throttled building_robot_factory
[07:12:01] planet 33: queue busy, throttled building_robot_factory
[07:12:01] planet 33: queue busy, throttled building_robot_factory
[07:12:01] research: blocked research_energy_technology (building_laboratory 0/1)
[2026-05-12 07:12:22] ==== loop 13/∞ | seed=1088130647731202695 archetype=turbo personality=tecnologico focus=tech actions_per_loop=3 ====
[07:12:22] planet 33: queue busy, throttled building_robot_factory
[07:12:22] planet 33: queue busy, throttled building_robot_factory
[07:12:22] planet 33: queue busy, throttled building_robot_factory
[07:12:22] research: blocked research_energy_technology (building_laboratory 0/1)
[2026-05-12 07:12:45] ==== loop 14/∞ | seed=1088130647731202695 archetype=turbo personality=tecnologico focus=tech actions_per_loop=3 ====
[07:12:45] planet 33: queue busy, throttled building_robot_factory
[07:12:45] planet 33: queue busy, throttled building_robot_factory
[07:12:45] planet 33: queue busy, throttled building_robot_factory
[07:12:45] research: blocked research_energy_technology (building_laboratory 0/1)
[2026-05-12 07:13:06] ==== loop 15/∞ | seed=1088130647731202695 archetype=turbo personality=tecnologico focus=tech actions_per_loop=3 ====
[07:13:06] planet 33: queue busy, throttled building_robot_factory
[07:13:06] planet 33: queue busy, throttled building_robot_factory
[07:13:06] planet 33: queue busy, throttled building_robot_factory
[07:13:06] research: blocked research_energy_technology (building_laboratory 0/1)
[2026-05-12 07:13:29] ==== loop 16/∞ | seed=1088130647731202695 archetype=turbo personality=tecnologico focus=tech actions_per_loop=3 ====
[07:13:29] planet 33: queue busy, throttled building_robot_factory
[07:13:29] planet 33: queue busy, throttled building_robot_factory
[07:13:29] planet 33: queue busy, throttled building_robot_factory
[07:13:29] research: blocked research_energy_technology (building_laboratory 0/1)
[2026-05-12 07:13:53] ==== loop 17/∞ | seed=1088130647731202695 archetype=turbo personality=tecnologico focus=tech actions_per_loop=3 ====
[07:13:53] planet 33: queue busy, throttled building_robot_factory
[07:13:53] planet 33: queue busy, throttled building_robot_factory
[07:13:53] planet 33: queue busy, throttled building_robot_factory
[07:13:53] research: blocked research_energy_technology (building_laboratory 0/1)
[2026-05-12 07:14:18] ==== loop 18/∞ | seed=1088130647731202695 archetype=turbo personality=tecnologico focus=tech actions_per_loop=3 ====
[07:14:18] planet 33: queue busy, throttled building_robot_factory
[07:14:18] planet 33: queue busy, throttled building_robot_factory
[07:14:18] planet 33: queue busy, throttled building_robot_factory
[07:14:18] research: blocked research_energy_technology (building_laboratory 0/1)
[2026-05-12 07:14:37] ==== loop 19/∞ | seed=1088130647731202695 archetype=turbo personality=tecnologico focus=tech actions_per_loop=3 ====
[07:14:37] planet 33: queue busy, throttled building_robot_factory
[07:14:37] planet 33: queue busy, throttled building_robot_factory
[07:14:37] planet 33: queue busy, throttled building_robot_factory
[2026-05-12 07:14:56] ==== loop 20/∞ | seed=1088130647731202695 archetype=turbo personality=tecnologico focus=tech actions_per_loop=3 ====
[07:14:56] planet 33: queue busy, throttled building_robot_factory
[07:14:56] planet 33: queue busy, throttled building_robot_factory
[07:14:56] planet 33: queue busy, throttled building_robot_factory
[07:14:56] research: blocked research_energy_technology (building_laboratory 0/1)
[2026-05-12 07:15:17] ==== loop 21/∞ | seed=1088130647731202695 archetype=turbo personality=tecnologico focus=tech actions_per_loop=3 ====
[07:15:17] planet 33: queue busy, throttled building_robot_factory
[07:15:17] planet 33: queue busy, throttled building_robot_factory
[07:15:17] planet 33: queue busy, throttled building_robot_factory
[2026-05-12 07:15:35] ==== loop 22/∞ | seed=1088130647731202695 archetype=turbo personality=tecnologico focus=tech actions_per_loop=3 ====
[07:15:35] planet 33: queue busy, throttled building_robot_factory
[07:15:35] planet 33: queue busy, throttled building_robot_factory
[07:15:35] planet 33: queue busy, throttled building_robot_factory
[2026-05-12 07:15:53] ==== loop 23/∞ | seed=1088130647731202695 archetype=turbo personality=tecnologico focus=tech actions_per_loop=3 ====
[07:15:53] planet 33: queue busy, throttled building_robot_factory
[07:15:53] planet 33: queue busy, throttled building_robot_factory
[07:15:53] planet 33: queue busy, throttled building_robot_factory
[07:15:53] research: blocked research_energy_technology (building_laboratory 0/1)
[2026-05-12 07:16:09] ==== loop 24/∞ | seed=1088130647731202695 archetype=turbo personality=tecnologico focus=tech actions_per_loop=3 ====
[07:16:09] planet 33: queue busy, throttled building_robot_factory
[07:16:09] planet 33: queue busy, throttled building_robot_factory
[07:16:09] planet 33: queue busy, throttled building_robot_factory
[07:16:09] research: blocked research_energy_technology (building_laboratory 0/1)
[2026-05-12 07:16:28] ==== loop 25/∞ | seed=1088130647731202695 archetype=turbo personality=tecnologico focus=tech actions_per_loop=3 ====
[07:16:28] planet 33: queue busy, throttled building_robot_factory
[07:16:28] planet 33: queue busy, throttled building_robot_factory
[07:16:28] planet 33: queue busy, throttled building_robot_factory
[07:16:28] research: blocked research_energy_technology (building_laboratory 0/1)
[2026-05-12 07:16:51] ==== loop 26/∞ | seed=1088130647731202695 archetype=turbo personality=tecnologico focus=tech actions_per_loop=3 ====
[07:16:51] planet 33: queue busy, throttled building_robot_factory
[07:16:51] planet 33: queue busy, throttled building_robot_factory
[07:16:51] planet 33: queue busy, throttled building_robot_factory
[07:16:51] research: blocked research_energy_technology (building_laboratory 0/1)
[2026-05-12 07:17:08] ==== loop 27/∞ | seed=1088130647731202695 archetype=turbo personality=tecnologico focus=tech actions_per_loop=3 ====
[07:17:08] planet 33: queue busy, throttled building_robot_factory
[07:17:08] planet 33: queue busy, throttled building_robot_factory
[07:17:08] planet 33: queue busy, throttled building_robot_factory
[2026-05-12 07:17:28] ==== loop 28/∞ | seed=1088130647731202695 archetype=turbo personality=tecnologico focus=tech actions_per_loop=3 ====
[07:17:28] planet 33: queue busy, throttled building_robot_factory
[07:17:28] planet 33: queue busy, throttled building_robot_factory
[07:17:28] planet 33: queue busy, throttled building_robot_factory
[07:17:28] research: blocked research_energy_technology (building_laboratory 0/1)
[2026-05-12 07:17:49] ==== loop 29/∞ | seed=1088130647731202695 archetype=turbo personality=tecnologico focus=tech actions_per_loop=3 ====
[07:17:49] planet 33: queue busy, throttled building_robot_factory
[07:17:49] planet 33: queue busy, throttled building_robot_factory
[07:17:49] planet 33: queue busy, throttled building_robot_factory
[07:17:49] research: blocked research_energy_technology (building_laboratory 0/1)
[2026-05-12 07:18:08] ==== loop 30/∞ | seed=1088130647731202695 archetype=turbo personality=tecnologico focus=tech actions_per_loop=3 ====
[07:18:08] planet 33: queue busy, throttled building_robot_factory
[07:18:08] planet 33: queue busy, throttled building_robot_factory
[07:18:08] planet 33: queue busy, throttled building_robot_factory
[07:18:08] research: blocked research_energy_technology (building_laboratory 0/1)
[2026-05-12 07:18:28] ==== loop 31/∞ | seed=1088130647731202695 archetype=turbo personality=tecnologico focus=tech actions_per_loop=3 ====
[07:18:28] planet 33: queue busy, throttled building_robot_factory
[07:18:28] planet 33: queue busy, throttled building_robot_factory
[07:18:28] planet 33: queue busy, throttled building_robot_factory
[07:18:28] research: blocked research_energy_technology (building_laboratory 0/1)
[2026-05-12 07:18:45] ==== loop 32/∞ | seed=1088130647731202695 archetype=turbo personality=tecnologico focus=tech actions_per_loop=3 ====
[07:18:45] planet 33: queue busy, throttled building_robot_factory
[07:18:45] planet 33: queue busy, throttled building_robot_factory
[07:18:45] planet 33: queue busy, throttled building_robot_factory
[07:18:45] research: blocked research_energy_technology (building_laboratory 0/1)
[2026-05-12 07:19:05] ==== loop 33/∞ | seed=1088130647731202695 archetype=turbo personality=tecnologico focus=tech actions_per_loop=3 ====
[07:19:05] planet 33: queue busy, throttled building_robot_factory
[07:19:05] planet 33: queue busy, throttled building_robot_factory
[07:19:05] planet 33: queue busy, throttled building_robot_factory
[07:19:05] research: blocked research_energy_technology (building_laboratory 0/1)
[2026-05-12 07:19:24] ==== loop 34/∞ | seed=1088130647731202695 archetype=turbo personality=tecnologico focus=tech actions_per_loop=3 ====
[07:19:24] planet 33: queue busy, throttled building_robot_factory
[07:19:24] planet 33: queue busy, throttled building_robot_factory
[07:19:24] planet 33: queue busy, throttled building_robot_factory
[2026-05-12 07:19:44] ==== loop 35/∞ | seed=1088130647731202695 archetype=turbo personality=tecnologico focus=tech actions_per_loop=3 ====
[07:19:44] planet 33: queue busy, throttled building_robot_factory
[07:19:44] planet 33: queue busy, throttled building_robot_factory
[07:19:44] planet 33: queue busy, throttled building_robot_factory
[07:19:44] research: blocked research_energy_technology (building_laboratory 0/1)
[2026-05-12 07:20:09] ==== loop 36/∞ | seed=1088130647731202695 archetype=turbo personality=tecnologico focus=tech actions_per_loop=3 ====
[07:20:09] planet 33: queue busy, throttled building_robot_factory
[07:20:09] planet 33: queue busy, throttled building_robot_factory
[07:20:09] planet 33: queue busy, throttled building_robot_factory
[2026-05-12 07:20:28] ==== loop 37/∞ | seed=1088130647731202695 archetype=turbo personality=tecnologico focus=tech actions_per_loop=3 ====
[07:20:28] planet 33: queue busy, throttled building_robot_factory
[07:20:28] planet 33: queue busy, throttled building_robot_factory
[07:20:28] planet 33: queue busy, throttled building_robot_factory
[2026-05-12 07:20:48] ==== loop 38/∞ | seed=1088130647731202695 archetype=turbo personality=tecnologico focus=tech actions_per_loop=3 ====
[07:20:48] planet 33: queue busy, throttled building_robot_factory
[07:20:48] planet 33: queue busy, throttled building_robot_factory
[07:20:48] planet 33: queue busy, throttled building_robot_factory
[2026-05-12 07:21:06] ==== loop 39/∞ | seed=1088130647731202695 archetype=turbo personality=tecnologico focus=tech actions_per_loop=3 ====
[07:21:06] planet 33: queue busy, throttled building_robot_factory
[07:21:06] planet 33: queue busy, throttled building_robot_factory
[07:21:06] planet 33: queue busy, throttled building_robot_factory
[07:21:06] research: blocked research_energy_technology (building_laboratory 0/1)
[2026-05-12 07:21:26] ==== loop 40/∞ | seed=1088130647731202695 archetype=turbo personality=tecnologico focus=tech actions_per_loop=3 ====
[07:21:26] planet 33: queue busy, throttled building_robot_factory
[07:21:26] planet 33: queue busy, throttled building_robot_factory
[07:21:26] planet 33: queue busy, throttled building_robot_factory
[07:21:26] research: blocked research_energy_technology (building_laboratory 0/1)
[2026-05-12 07:21:44] ==== loop 41/∞ | seed=1088130647731202695 archetype=turbo personality=tecnologico focus=tech actions_per_loop=3 ====
[07:21:44] planet 33: queue busy, throttled building_robot_factory
[07:21:44] planet 33: queue busy, throttled building_robot_factory
[2026-05-12 07:22:04] ==== loop 42/∞ | seed=1088130647731202695 archetype=turbo personality=tecnologico focus=tech actions_per_loop=3 ====
[07:22:04] planet 33: queue busy, throttled building_robot_factory
[07:22:04] planet 33: queue busy, throttled building_robot_factory
[07:22:04] planet 33: queue busy, throttled building_robot_factory
[2026-05-12 07:22:25] ==== loop 43/∞ | seed=1088130647731202695 archetype=turbo personality=tecnologico focus=tech actions_per_loop=3 ====
[07:22:25] planet 33: queue busy, throttled building_robot_factory
[07:22:25] planet 33: queue busy, throttled building_robot_factory
[07:22:25] planet 33: queue busy, throttled building_robot_factory
[07:22:25] research: blocked research_energy_technology (building_laboratory 0/1)
[2026-05-12 07:22:43] ==== loop 44/∞ | seed=1088130647731202695 archetype=turbo personality=tecnologico focus=tech actions_per_loop=3 ====
[07:22:43] planet 33: queue busy, throttled building_robot_factory
[07:22:43] planet 33: queue busy, throttled building_robot_factory
[2026-05-12 07:23:03] ==== loop 45/∞ | seed=1088130647731202695 archetype=turbo personality=tecnologico focus=tech actions_per_loop=3 ====
[07:23:03] planet 33: queue busy, throttled building_robot_factory
[07:23:03] planet 33: queue busy, throttled building_robot_factory
[07:23:03] planet 33: queue busy, throttled building_robot_factory
[07:23:03] research: blocked research_energy_technology (building_laboratory 0/1)
[2026-05-12 07:23:22] ==== loop 46/∞ | seed=1088130647731202695 archetype=turbo personality=tecnologico focus=tech actions_per_loop=3 ====
[07:23:22] planet 33: queue busy, throttled building_robot_factory
[07:23:22] planet 33: queue busy, throttled building_robot_factory
[07:23:22] planet 33: queue busy, throttled building_robot_factory
[07:23:22] research: blocked research_energy_technology (building_laboratory 0/1)
[2026-05-12 07:23:40] ==== loop 47/∞ | seed=1088130647731202695 archetype=turbo personality=tecnologico focus=tech actions_per_loop=3 ====
[07:23:40] planet 33: queue busy, throttled building_robot_factory
[07:23:40] planet 33: queue busy, throttled building_robot_factory
[07:23:40] planet 33: queue busy, throttled building_robot_factory
[07:23:40] research: blocked research_energy_technology (building_laboratory 0/1)
[2026-05-12 07:24:01] ==== loop 48/∞ | seed=1088130647731202695 archetype=turbo personality=tecnologico focus=tech actions_per_loop=3 ====
[07:24:01] planet 33: queue busy, throttled building_robot_factory
[07:24:01] planet 33: queue busy, throttled building_robot_factory
[07:24:01] planet 33: queue busy, throttled building_robot_factory
[07:24:01] research: blocked research_energy_technology (building_laboratory 0/1)
[2026-05-12 07:24:25] ==== loop 49/∞ | seed=1088130647731202695 archetype=turbo personality=tecnologico focus=tech actions_per_loop=3 ====
[07:24:25] planet 33: queue busy, throttled building_robot_factory
[07:24:25] planet 33: queue busy, throttled building_robot_factory
[07:24:25] planet 33: queue busy, throttled building_robot_factory
[07:24:25] research: blocked research_energy_technology (building_laboratory 0/1)
[2026-05-12 07:24:44] ==== loop 50/∞ | seed=1088130647731202695 archetype=turbo personality=tecnologico focus=tech actions_per_loop=3 ====
[07:24:44] planet 33: queue busy, throttled building_robot_factory
[07:24:44] planet 33: queue busy, throttled building_robot_factory
[07:24:44] planet 33: queue busy, throttled building_robot_factory
[07:24:44] research: blocked research_energy_technology (building_laboratory 0/1)
[2026-05-12 07:25:07] ==== loop 51/∞ | seed=1088130647731202695 archetype=turbo personality=tecnologico focus=tech actions_per_loop=3 ====
[07:25:07] planet 33: queue busy, throttled building_robot_factory
[07:25:07] planet 33: queue busy, throttled building_robot_factory
[07:25:07] planet 33: queue busy, throttled building_robot_factory
[07:25:07] research: blocked research_energy_technology (building_laboratory 0/1)
[2026-05-12 07:25:31] ==== loop 52/∞ | seed=1088130647731202695 archetype=turbo personality=tecnologico focus=tech actions_per_loop=3 ====
[07:25:31] planet 33: queue busy, throttled building_robot_factory
[07:25:31] planet 33: queue busy, throttled building_robot_factory
[07:25:31] planet 33: queue busy, throttled building_robot_factory
[07:25:31] research: blocked research_energy_technology (building_laboratory 0/1)
[2026-05-12 07:25:54] ==== loop 53/∞ | seed=1088130647731202695 archetype=turbo personality=tecnologico focus=tech actions_per_loop=3 ====
[07:25:54] planet 33: queue busy, throttled building_robot_factory
[07:25:54] planet 33: queue busy, throttled building_robot_factory
[07:25:54] planet 33: queue busy, throttled building_robot_factory
[2026-05-12 07:26:18] ==== loop 54/∞ | seed=1088130647731202695 archetype=turbo personality=tecnologico focus=tech actions_per_loop=3 ====
[07:26:18] planet 33: queue busy, throttled building_robot_factory
[07:26:18] planet 33: queue busy, throttled building_robot_factory
[07:26:18] planet 33: queue busy, throttled building_robot_factory
[07:26:18] research: blocked research_energy_technology (building_laboratory 0/1)
[2026-05-12 07:26:39] ==== loop 55/∞ | seed=1088130647731202695 archetype=turbo personality=tecnologico focus=tech actions_per_loop=3 ====
[07:26:39] planet 33: queue busy, throttled building_robot_factory
[07:26:39] planet 33: queue busy, throttled building_robot_factory
[07:26:39] planet 33: queue busy, throttled building_robot_factory
[07:26:39] research: blocked research_energy_technology (building_laboratory 0/1)
[2026-05-12 07:27:00] ==== loop 56/∞ | seed=1088130647731202695 archetype=turbo personality=tecnologico focus=tech actions_per_loop=3 ====
[07:27:00] planet 33: queue busy, throttled building_robot_factory
[07:27:00] planet 33: queue busy, throttled building_robot_factory
[07:27:00] planet 33: queue busy, throttled building_robot_factory
[07:27:00] research: blocked research_energy_technology (building_laboratory 0/1)
[2026-05-12 07:27:18] ==== loop 57/∞ | seed=1088130647731202695 archetype=turbo personality=tecnologico focus=tech actions_per_loop=3 ====
[07:27:18] planet 33: queue busy, throttled building_robot_factory
[07:27:18] planet 33: queue busy, throttled building_robot_factory
[07:27:18] research: blocked research_energy_technology (building_laboratory 0/1)
[2026-05-12 07:27:37] ==== loop 58/∞ | seed=1088130647731202695 archetype=turbo personality=tecnologico focus=tech actions_per_loop=3 ====
[07:27:37] planet 33: queue busy, throttled building_robot_factory
[07:27:37] planet 33: queue busy, throttled building_robot_factory
[2026-05-12 07:27:56] ==== loop 59/∞ | seed=1088130647731202695 archetype=turbo personality=tecnologico focus=tech actions_per_loop=3 ====
[07:27:56] planet 33: queue busy, throttled building_robot_factory
[07:27:56] planet 33: queue busy, throttled building_robot_factory
[07:27:56] planet 33: queue busy, throttled building_robot_factory
[07:27:56] research: blocked research_energy_technology (building_laboratory 0/1)
[2026-05-12 07:28:17] ==== loop 60/∞ | seed=1088130647731202695 archetype=turbo personality=tecnologico focus=tech actions_per_loop=3 ====
[07:28:17] planet 33: queue busy, throttled building_robot_factory
[07:28:17] planet 33: queue busy, throttled building_robot_factory
[07:28:17] planet 33: queue busy, throttled building_robot_factory
[07:28:17] research: blocked research_energy_technology (building_laboratory 0/1)
[2026-05-12 07:28:40] ==== loop 61/∞ | seed=1088130647731202695 archetype=turbo personality=tecnologico focus=tech actions_per_loop=3 ====
[07:28:40] planet 33: queue busy, throttled building_robot_factory
[07:28:40] planet 33: queue busy, throttled building_robot_factory
[2026-05-12 07:29:00] ==== loop 62/∞ | seed=1088130647731202695 archetype=turbo personality=tecnologico focus=tech actions_per_loop=3 ====
[07:29:00] planet 33: queue busy, throttled building_robot_factory
[07:29:00] planet 33: queue busy, throttled building_robot_factory
[07:29:00] planet 33: queue busy, throttled building_robot_factory
[2026-05-12 07:29:20] ==== loop 63/∞ | seed=1088130647731202695 archetype=turbo personality=tecnologico focus=tech actions_per_loop=3 ====
[07:29:20] planet 33: queue busy, throttled building_robot_factory
[07:29:20] planet 33: queue busy, throttled building_robot_factory
[07:29:20] planet 33: queue busy, throttled building_robot_factory
[07:29:20] research: blocked research_energy_technology (building_laboratory 0/1)
[2026-05-12 07:29:43] ==== loop 64/∞ | seed=1088130647731202695 archetype=turbo personality=tecnologico focus=tech actions_per_loop=3 ====
[07:29:43] planet 33: queue busy, throttled building_robot_factory
[07:29:43] planet 33: queue busy, throttled building_robot_factory
[07:29:43] planet 33: queue busy, throttled building_robot_factory
[2026-05-12 07:30:08] ==== loop 65/∞ | seed=1088130647731202695 archetype=turbo personality=tecnologico focus=tech actions_per_loop=3 ====
[07:30:08] planet 33: queue busy, throttled building_robot_factory
[07:30:08] planet 33: queue busy, throttled building_robot_factory
[07:30:08] planet 33: queue busy, throttled building_robot_factory
[07:30:08] research: blocked research_energy_technology (building_laboratory 0/1)
[2026-05-12 07:30:27] ==== loop 66/∞ | seed=1088130647731202695 archetype=turbo personality=tecnologico focus=tech actions_per_loop=3 ====
[07:30:27] planet 33: queue busy, throttled building_robot_factory
[07:30:27] planet 33: queue busy, throttled building_robot_factory
[07:30:27] planet 33: queue busy, throttled building_robot_factory
[07:30:27] research: blocked research_energy_technology (building_laboratory 0/1)
[2026-05-12 07:30:50] ==== loop 67/∞ | seed=1088130647731202695 archetype=turbo personality=tecnologico focus=tech actions_per_loop=3 ====
[07:30:50] planet 33: queue busy, throttled building_robot_factory
[07:30:50] planet 33: queue busy, throttled building_robot_factory
[07:30:50] planet 33: queue busy, throttled building_robot_factory
[07:30:50] research: blocked research_energy_technology (building_laboratory 0/1)
[2026-05-12 07:31:12] ==== loop 68/∞ | seed=1088130647731202695 archetype=turbo personality=tecnologico focus=tech actions_per_loop=3 ====
[07:31:12] planet 33: queue busy, throttled building_robot_factory
[07:31:12] planet 33: queue busy, throttled building_robot_factory
[07:31:12] planet 33: queue busy, throttled building_robot_factory
[07:31:12] research: blocked research_energy_technology (building_laboratory 0/1)
[2026-05-12 07:31:32] ==== loop 69/∞ | seed=1088130647731202695 archetype=turbo personality=tecnologico focus=tech actions_per_loop=3 ====
[07:31:32] planet 33: queue busy, throttled building_robot_factory
[07:31:32] planet 33: queue busy, throttled building_robot_factory
[07:31:32] research: blocked research_energy_technology (building_laboratory 0/1)
[2026-05-12 07:31:52] ==== loop 70/∞ | seed=1088130647731202695 archetype=turbo personality=tecnologico focus=tech actions_per_loop=3 ====
[07:31:52] planet 33: queue busy, throttled building_robot_factory
[07:31:52] planet 33: queue busy, throttled building_robot_factory
[07:31:52] planet 33: queue busy, throttled building_robot_factory
[07:31:52] research: blocked research_energy_technology (building_laboratory 0/1)
[2026-05-12 07:32:13] ==== loop 71/∞ | seed=1088130647731202695 archetype=turbo personality=tecnologico focus=tech actions_per_loop=3 ====
[07:32:13] planet 33: queue busy, throttled building_robot_factory
[07:32:13] planet 33: queue busy, throttled building_robot_factory
[07:32:13] research: blocked research_energy_technology (building_laboratory 0/1)
[2026-05-12 07:32:34] ==== loop 72/∞ | seed=1088130647731202695 archetype=turbo personality=tecnologico focus=tech actions_per_loop=3 ====
[07:32:34] planet 33: queue busy, throttled building_robot_factory
[07:32:34] planet 33: queue busy, throttled building_robot_factory
[07:32:34] planet 33: queue busy, throttled building_robot_factory
[07:32:34] research: blocked research_energy_technology (building_laboratory 0/1)
[2026-05-12 07:32:54] ==== loop 73/∞ | seed=1088130647731202695 archetype=turbo personality=tecnologico focus=tech actions_per_loop=3 ====
[07:32:54] planet 33: queue busy, throttled building_robot_factory
[07:32:54] planet 33: queue busy, throttled building_robot_factory
[07:32:54] planet 33: queue busy, throttled building_robot_factory
[07:32:54] research: blocked research_energy_technology (building_laboratory 0/1)
[2026-05-12 07:33:16] ==== loop 74/∞ | seed=1088130647731202695 archetype=turbo personality=tecnologico focus=tech actions_per_loop=3 ====
[07:33:16] planet 33: queue busy, throttled building_robot_factory
[07:33:16] planet 33: queue busy, throttled building_robot_factory
[07:33:16] research: blocked research_energy_technology (building_laboratory 0/1)
[2026-05-12 07:33:40] ==== loop 75/∞ | seed=1088130647731202695 archetype=turbo personality=tecnologico focus=tech actions_per_loop=3 ====
[07:33:40] planet 33: queue busy, throttled building_robot_factory
[07:33:40] planet 33: queue busy, throttled building_robot_factory
[07:33:40] research: blocked research_energy_technology (building_laboratory 0/1)
[2026-05-12 07:34:02] ==== loop 76/∞ | seed=1088130647731202695 archetype=turbo personality=tecnologico focus=tech actions_per_loop=3 ====
[07:34:02] planet 33: queue busy, throttled building_robot_factory
[07:34:02] planet 33: queue busy, throttled building_robot_factory
[07:34:02] planet 33: queue busy, throttled building_robot_factory
[07:34:02] research: blocked research_energy_technology (building_laboratory 0/1)
[2026-05-12 07:34:20] ==== loop 77/∞ | seed=1088130647731202695 archetype=turbo personality=tecnologico focus=tech actions_per_loop=3 ====
[07:34:20] planet 33: queue busy, throttled building_robot_factory
[07:34:20] planet 33: queue busy, throttled building_robot_factory
[07:34:20] planet 33: queue busy, throttled building_robot_factory
[07:34:20] research: blocked research_energy_technology (building_laboratory 0/1)
[2026-05-12 07:34:40] ==== loop 78/∞ | seed=1088130647731202695 archetype=turbo personality=tecnologico focus=tech actions_per_loop=3 ====
[07:34:40] planet 33: queue busy, throttled building_robot_factory
[07:34:40] planet 33: queue busy, throttled building_robot_factory
[07:34:40] planet 33: queue busy, throttled building_robot_factory
[07:34:40] research: blocked research_energy_technology (building_laboratory 0/1)
[2026-05-12 07:35:00] ==== loop 79/∞ | seed=1088130647731202695 archetype=turbo personality=tecnologico focus=tech actions_per_loop=3 ====
[07:35:00] planet 33: queue busy, throttled building_robot_factory
[07:35:00] planet 33: queue busy, throttled building_robot_factory
[07:35:00] planet 33: queue busy, throttled building_robot_factory
[2026-05-12 07:35:22] ==== loop 80/∞ | seed=1088130647731202695 archetype=turbo personality=tecnologico focus=tech actions_per_loop=3 ====
[07:35:22] planet 33: queue busy, throttled building_robot_factory
[07:35:22] planet 33: queue busy, throttled building_robot_factory
[07:35:22] planet 33: queue busy, throttled building_robot_factory
[07:35:22] research: blocked research_energy_technology (building_laboratory 0/1)
[2026-05-12 07:35:41] ==== loop 81/∞ | seed=1088130647731202695 archetype=turbo personality=tecnologico focus=tech actions_per_loop=3 ====
[07:35:41] planet 33: queue busy, throttled building_robot_factory
[07:35:41] planet 33: queue busy, throttled building_robot_factory
[07:35:41] planet 33: queue busy, throttled building_robot_factory
[07:35:41] research: blocked research_energy_technology (building_laboratory 0/1)
[2026-05-12 07:36:03] ==== loop 82/∞ | seed=1088130647731202695 archetype=turbo personality=tecnologico focus=tech actions_per_loop=3 ====
[07:36:03] planet 33: queue busy, throttled building_robot_factory
[07:36:03] planet 33: queue busy, throttled building_robot_factory
[07:36:03] planet 33: queue busy, throttled building_robot_factory
[07:36:03] research: blocked research_energy_technology (building_laboratory 0/1)
[2026-05-12 07:36:26] ==== loop 83/∞ | seed=1088130647731202695 archetype=turbo personality=tecnologico focus=tech actions_per_loop=3 ====
[07:36:26] planet 33: queue busy, throttled building_robot_factory
[07:36:26] planet 33: queue busy, throttled building_robot_factory
[07:36:26] research: blocked research_energy_technology (building_laboratory 0/1)
[2026-05-12 07:36:49] ==== loop 84/∞ | seed=1088130647731202695 archetype=turbo personality=tecnologico focus=tech actions_per_loop=3 ====
[07:36:49] planet 33: queue busy, throttled building_robot_factory
[07:36:49] planet 33: queue busy, throttled building_robot_factory
[07:36:49] planet 33: queue busy, throttled building_robot_factory
[07:36:49] research: blocked research_energy_technology (building_laboratory 0/1)
[2026-05-12 07:37:09] ==== loop 85/∞ | seed=1088130647731202695 archetype=turbo personality=tecnologico focus=tech actions_per_loop=3 ====
[07:37:09] planet 33: queue busy, throttled building_robot_factory
[07:37:09] planet 33: queue busy, throttled building_robot_factory
[07:37:09] planet 33: queue busy, throttled building_robot_factory
[2026-05-12 07:37:30] ==== loop 86/∞ | seed=1088130647731202695 archetype=turbo personality=tecnologico focus=tech actions_per_loop=3 ====
[07:37:30] planet 33: queue busy, throttled building_robot_factory
[07:37:30] planet 33: queue busy, throttled building_robot_factory
[07:37:30] planet 33: queue busy, throttled building_robot_factory
[2026-05-12 07:37:52] ==== loop 87/∞ | seed=1088130647731202695 archetype=turbo personality=tecnologico focus=tech actions_per_loop=3 ====
[07:37:52] planet 33: queue busy, throttled building_robot_factory
[07:37:52] planet 33: queue busy, throttled building_robot_factory
[07:37:52] planet 33: queue busy, throttled building_robot_factory
[2026-05-12 07:38:15] ==== loop 88/∞ | seed=1088130647731202695 archetype=turbo personality=tecnologico focus=tech actions_per_loop=3 ====
[07:38:15] planet 33: queue busy, throttled building_robot_factory
[07:38:15] planet 33: queue busy, throttled building_robot_factory
[07:38:15] research: blocked research_energy_technology (building_laboratory 0/1)
[2026-05-12 07:38:37] ==== loop 89/∞ | seed=1088130647731202695 archetype=turbo personality=tecnologico focus=tech actions_per_loop=3 ====
[07:38:37] planet 33: queue busy, throttled building_robot_factory
[07:38:37] planet 33: queue busy, throttled building_robot_factory
[07:38:37] planet 33: queue busy, throttled building_robot_factory
[07:38:37] research: blocked research_energy_technology (building_laboratory 0/1)
[2026-05-12 07:38:57] ==== loop 90/∞ | seed=1088130647731202695 archetype=turbo personality=tecnologico focus=tech actions_per_loop=3 ====
[07:38:57] planet 33: queue busy, throttled building_robot_factory
[07:38:57] planet 33: queue busy, throttled building_robot_factory
[07:38:57] planet 33: queue busy, throttled building_robot_factory
[07:38:57] research: blocked research_energy_technology (building_laboratory 0/1)
[2026-05-12 07:39:18] ==== loop 91/∞ | seed=1088130647731202695 archetype=turbo personality=tecnologico focus=tech actions_per_loop=3 ====
[07:39:18] planet 33: queue busy, throttled building_robot_factory
[07:39:18] planet 33: queue busy, throttled building_robot_factory
[07:39:18] planet 33: queue busy, throttled building_robot_factory
[07:39:18] research: blocked research_energy_technology (building_laboratory 0/1)
[2026-05-12 07:39:36] ==== loop 92/∞ | seed=1088130647731202695 archetype=turbo personality=tecnologico focus=tech actions_per_loop=3 ====
[07:39:36] planet 33: queue busy, throttled building_robot_factory
[07:39:36] planet 33: queue busy, throttled building_robot_factory
[07:39:36] planet 33: queue busy, throttled building_robot_factory
[07:39:36] research: blocked research_energy_technology (building_laboratory 0/1)
[2026-05-12 07:39:53] ==== loop 93/∞ | seed=1088130647731202695 archetype=turbo personality=tecnologico focus=tech actions_per_loop=3 ====
[07:39:53] planet 33: queue busy, throttled building_robot_factory
[07:39:53] planet 33: queue busy, throttled building_robot_factory
[07:39:53] planet 33: queue busy, throttled building_robot_factory
[07:39:53] research: blocked research_energy_technology (building_laboratory 0/1)
[2026-05-12 07:40:13] ==== loop 94/∞ | seed=1088130647731202695 archetype=turbo personality=tecnologico focus=tech actions_per_loop=3 ====
[07:40:13] planet 33: queue busy, throttled building_robot_factory
[07:40:13] planet 33: queue busy, throttled building_robot_factory
[07:40:13] planet 33: queue busy, throttled building_robot_factory
[2026-05-12 07:40:33] ==== loop 95/∞ | seed=1088130647731202695 archetype=turbo personality=tecnologico focus=tech actions_per_loop=3 ====
[07:40:33] planet 33: queue busy, throttled building_robot_factory
[07:40:33] planet 33: queue busy, throttled building_robot_factory
[07:40:33] planet 33: queue busy, throttled building_robot_factory
[07:40:33] research: blocked research_energy_technology (building_laboratory 0/1)
[2026-05-12 07:40:51] ==== loop 96/∞ | seed=1088130647731202695 archetype=turbo personality=tecnologico focus=tech actions_per_loop=3 ====
[07:40:51] planet 33: queue busy, throttled building_robot_factory
[07:40:51] planet 33: queue busy, throttled building_robot_factory
[07:40:51] planet 33: queue busy, throttled building_robot_factory
[07:40:51] research: blocked research_energy_technology (building_laboratory 0/1)
[2026-05-12 07:41:11] ==== loop 97/∞ | seed=1088130647731202695 archetype=turbo personality=tecnologico focus=tech actions_per_loop=3 ====
[07:41:11] planet 33: queue busy, throttled building_robot_factory
[07:41:11] planet 33: queue busy, throttled building_robot_factory
[07:41:11] planet 33: queue busy, throttled building_robot_factory
[2026-05-12 07:41:29] ==== loop 98/∞ | seed=1088130647731202695 archetype=turbo personality=tecnologico focus=tech actions_per_loop=3 ====
[07:41:29] planet 33: queue busy, throttled building_robot_factory
[07:41:29] planet 33: queue busy, throttled building_robot_factory
[07:41:29] planet 33: queue busy, throttled building_robot_factory
[2026-05-12 07:41:52] ==== loop 99/∞ | seed=1088130647731202695 archetype=turbo personality=tecnologico focus=tech actions_per_loop=3 ====
[07:41:52] planet 33: queue busy, throttled building_robot_factory
[07:41:52] planet 33: queue busy, throttled building_robot_factory
[07:41:52] planet 33: queue busy, throttled building_robot_factory
[2026-05-12 07:42:12] ==== loop 100/∞ | seed=1088130647731202695 archetype=turbo personality=tecnologico focus=tech actions_per_loop=3 ====
[07:42:12] planet 33: queue busy, throttled building_robot_factory
[07:42:12] planet 33: queue busy, throttled building_robot_factory
[07:42:12] planet 33: queue busy, throttled building_robot_factory
[07:42:12] research: blocked research_energy_technology (building_laboratory 0/1)
[2026-05-12 07:42:35] ==== loop 101/∞ | seed=1088130647731202695 archetype=turbo personality=tecnologico focus=tech actions_per_loop=3 ====
[07:42:35] planet 33: queue busy, throttled building_robot_factory
[07:42:35] planet 33: queue busy, throttled building_robot_factory
[07:42:35] planet 33: queue busy, throttled building_robot_factory
[07:42:35] research: blocked research_energy_technology (building_laboratory 0/1)
[2026-05-12 07:42:55] ==== loop 102/∞ | seed=1088130647731202695 archetype=turbo personality=tecnologico focus=tech actions_per_loop=3 ====
[07:42:55] planet 33: queue busy, throttled building_robot_factory
[07:42:55] planet 33: queue busy, throttled building_robot_factory
[07:42:55] planet 33: queue busy, throttled building_robot_factory
[07:42:55] research: blocked research_energy_technology (building_laboratory 0/1)
[2026-05-12 07:43:18] ==== loop 103/∞ | seed=1088130647731202695 archetype=turbo personality=tecnologico focus=tech actions_per_loop=3 ====
[07:43:18] planet 33: queue busy, throttled building_robot_factory
[07:43:18] planet 33: queue busy, throttled building_robot_factory
[07:43:18] planet 33: queue busy, throttled building_robot_factory
[07:43:18] research: blocked research_energy_technology (building_laboratory 0/1)
[2026-05-12 07:43:38] ==== loop 104/∞ | seed=1088130647731202695 archetype=turbo personality=tecnologico focus=tech actions_per_loop=3 ====
[07:43:38] planet 33: queue busy, throttled building_robot_factory
[07:43:38] planet 33: queue busy, throttled building_robot_factory
[07:43:38] planet 33: queue busy, throttled building_robot_factory
[2026-05-12 07:44:02] ==== loop 105/∞ | seed=1088130647731202695 archetype=turbo personality=tecnologico focus=tech actions_per_loop=3 ====
[07:44:02] planet 33: queue busy, throttled building_robot_factory
[07:44:02] planet 33: queue busy, throttled building_robot_factory
[07:44:02] planet 33: queue busy, throttled building_robot_factory
[07:44:02] research: blocked research_energy_technology (building_laboratory 0/1)
[2026-05-12 07:44:24] ==== loop 106/∞ | seed=1088130647731202695 archetype=turbo personality=tecnologico focus=tech actions_per_loop=3 ====
[07:44:24] planet 33: queue busy, throttled building_robot_factory
[07:44:24] planet 33: queue busy, throttled building_robot_factory
[07:44:24] planet 33: queue busy, throttled building_robot_factory
[07:44:24] research: blocked research_energy_technology (building_laboratory 0/1)
[2026-05-12 07:44:49] ==== loop 107/∞ | seed=1088130647731202695 archetype=turbo personality=tecnologico focus=tech actions_per_loop=3 ====
[07:44:49] planet 33: queue busy, throttled building_robot_factory
[07:44:49] planet 33: queue busy, throttled building_robot_factory
[07:44:49] planet 33: queue busy, throttled building_robot_factory
[07:44:49] research: blocked research_energy_technology (building_laboratory 0/1)
[2026-05-12 07:45:10] ==== loop 108/∞ | seed=1088130647731202695 archetype=turbo personality=tecnologico focus=tech actions_per_loop=3 ====
[07:45:10] planet 33: queue busy, throttled building_robot_factory
[07:45:10] planet 33: queue busy, throttled building_robot_factory
[07:45:10] planet 33: queue busy, throttled building_robot_factory
[07:45:10] research: blocked research_energy_technology (building_laboratory 0/1)
[2026-05-12 07:45:31] ==== loop 109/∞ | seed=1088130647731202695 archetype=turbo personality=tecnologico focus=tech actions_per_loop=3 ====
[07:45:31] planet 33: queue busy, throttled building_robot_factory
[07:45:31] planet 33: queue busy, throttled building_robot_factory
[07:45:31] planet 33: queue busy, throttled building_robot_factory
[2026-05-12 07:45:51] ==== loop 110/∞ | seed=1088130647731202695 archetype=turbo personality=tecnologico focus=tech actions_per_loop=3 ====
[07:45:51] planet 33: queue busy, throttled building_robot_factory
[07:45:51] planet 33: queue busy, throttled building_robot_factory
[07:45:51] planet 33: queue busy, throttled building_robot_factory
[07:45:51] research: blocked research_energy_technology (building_laboratory 0/1)
[2026-05-12 07:46:12] ==== loop 111/∞ | seed=1088130647731202695 archetype=turbo personality=tecnologico focus=tech actions_per_loop=3 ====
[07:46:12] planet 33: queue busy, throttled building_robot_factory
[07:46:12] planet 33: queue busy, throttled building_robot_factory
[07:46:12] planet 33: queue busy, throttled building_robot_factory
[2026-05-12 07:46:33] ==== loop 112/∞ | seed=1088130647731202695 archetype=turbo personality=tecnologico focus=tech actions_per_loop=3 ====
[07:46:33] planet 33: queue busy, throttled building_robot_factory
[07:46:33] planet 33: queue busy, throttled building_robot_factory
[07:46:33] planet 33: queue busy, throttled building_robot_factory
[07:46:33] research: blocked research_energy_technology (building_laboratory 0/1)
[2026-05-12 07:46:54] ==== loop 113/∞ | seed=1088130647731202695 archetype=turbo personality=tecnologico focus=tech actions_per_loop=3 ====
[07:46:54] planet 33: queue busy, throttled building_robot_factory
[07:46:54] planet 33: queue busy, throttled building_robot_factory
[07:46:54] research: blocked research_energy_technology (building_laboratory 0/1)
[2026-05-12 07:47:14] ==== loop 114/∞ | seed=1088130647731202695 archetype=turbo personality=tecnologico focus=tech actions_per_loop=3 ====
[07:47:14] planet 33: queue busy, throttled building_robot_factory
[07:47:14] planet 33: queue busy, throttled building_robot_factory
[07:47:14] planet 33: queue busy, throttled building_robot_factory
[2026-05-12 07:47:35] ==== loop 115/∞ | seed=1088130647731202695 archetype=turbo personality=tecnologico focus=tech actions_per_loop=3 ====
[07:47:35] planet 33: queue busy, throttled building_robot_factory
[07:47:35] planet 33: queue busy, throttled building_robot_factory
[07:47:35] planet 33: queue busy, throttled building_robot_factory
[2026-05-12 07:47:55] ==== loop 116/∞ | seed=1088130647731202695 archetype=turbo personality=tecnologico focus=tech actions_per_loop=3 ====
[07:47:55] planet 33: queue busy, throttled building_robot_factory
[07:47:55] planet 33: queue busy, throttled building_robot_factory
[07:47:55] planet 33: queue busy, throttled building_robot_factory
[2026-05-12 07:48:15] ==== loop 117/∞ | seed=1088130647731202695 archetype=turbo personality=tecnologico focus=tech actions_per_loop=3 ====
[07:48:15] planet 33: queue busy, throttled building_robot_factory
[07:48:15] planet 33: queue busy, throttled building_robot_factory
[07:48:15] planet 33: queue busy, throttled building_robot_factory
[07:48:15] research: blocked research_energy_technology (building_laboratory 0/1)
[2026-05-12 07:48:35] ==== loop 118/∞ | seed=1088130647731202695 archetype=turbo personality=tecnologico focus=tech actions_per_loop=3 ====
[07:48:35] planet 33: queue busy, throttled building_robot_factory
[07:48:35] planet 33: queue busy, throttled building_robot_factory
[07:48:35] planet 33: queue busy, throttled building_robot_factory
[07:48:35] research: blocked research_energy_technology (building_laboratory 0/1)
[2026-05-12 07:48:53] ==== loop 119/∞ | seed=1088130647731202695 archetype=turbo personality=tecnologico focus=tech actions_per_loop=3 ====
[07:48:53] planet 33: queue busy, throttled building_robot_factory
[07:48:53] planet 33: queue busy, throttled building_robot_factory
[07:48:53] planet 33: queue busy, throttled building_robot_factory
[07:48:53] research: blocked research_energy_technology (building_laboratory 0/1)
[2026-05-12 07:49:15] ==== loop 120/∞ | seed=1088130647731202695 archetype=turbo personality=tecnologico focus=tech actions_per_loop=3 ====
[07:49:15] planet 33: queue busy, throttled building_robot_factory
[07:49:15] planet 33: queue busy, throttled building_robot_factory
[07:49:15] planet 33: queue busy, throttled building_robot_factory
[07:49:15] research: blocked research_energy_technology (building_laboratory 0/1)
[2026-05-12 07:49:31] ==== loop 121/∞ | seed=1088130647731202695 archetype=turbo personality=tecnologico focus=tech actions_per_loop=3 ====
[07:49:31] planet 33: queue busy, throttled building_robot_factory
[07:49:31] planet 33: queue busy, throttled building_robot_factory
[07:49:31] planet 33: queue busy, throttled building_robot_factory
[2026-05-12 07:49:55] ==== loop 122/∞ | seed=1088130647731202695 archetype=turbo personality=tecnologico focus=tech actions_per_loop=3 ====
[07:49:55] planet 33: queue busy, throttled building_robot_factory
[07:49:55] planet 33: queue busy, throttled building_robot_factory
[07:49:55] planet 33: queue busy, throttled building_robot_factory
[07:49:55] research: blocked research_energy_technology (building_laboratory 0/1)
[2026-05-12 07:50:14] ==== loop 123/∞ | seed=1088130647731202695 archetype=turbo personality=tecnologico focus=tech actions_per_loop=3 ====
[07:50:14] planet 33: queue busy, throttled building_robot_factory
[07:50:14] planet 33: queue busy, throttled building_robot_factory
[07:50:14] planet 33: queue busy, throttled building_robot_factory
[2026-05-12 07:50:36] ==== loop 124/∞ | seed=1088130647731202695 archetype=turbo personality=tecnologico focus=tech actions_per_loop=3 ====
[07:50:36] planet 33: queue busy, throttled building_robot_factory
[07:50:36] planet 33: queue busy, throttled building_robot_factory
[07:50:36] planet 33: queue busy, throttled building_robot_factory
[2026-05-12 07:50:55] ==== loop 125/∞ | seed=1088130647731202695 archetype=turbo personality=tecnologico focus=tech actions_per_loop=3 ====
[07:50:55] planet 33: queue busy, throttled building_robot_factory
[07:50:55] planet 33: queue busy, throttled building_robot_factory
[07:50:55] planet 33: queue busy, throttled building_robot_factory
[2026-05-12 07:51:15] ==== loop 126/∞ | seed=1088130647731202695 archetype=turbo personality=tecnologico focus=tech actions_per_loop=3 ====
[07:51:15] planet 33: queue busy, throttled building_robot_factory
[07:51:15] planet 33: queue busy, throttled building_robot_factory
[07:51:15] research: blocked research_energy_technology (building_laboratory 0/1)
[2026-05-12 07:51:35] ==== loop 127/∞ | seed=1088130647731202695 archetype=turbo personality=tecnologico focus=tech actions_per_loop=3 ====
[07:51:35] planet 33: queue busy, throttled building_robot_factory
[07:51:35] planet 33: queue busy, throttled building_robot_factory
[07:51:35] planet 33: queue busy, throttled building_robot_factory
[07:51:35] research: blocked research_energy_technology (building_laboratory 0/1)
[2026-05-12 07:51:55] ==== loop 128/∞ | seed=1088130647731202695 archetype=turbo personality=tecnologico focus=tech actions_per_loop=3 ====
[07:51:55] planet 33: queue busy, throttled building_robot_factory
[07:51:55] planet 33: queue busy, throttled building_robot_factory
[07:51:55] planet 33: queue busy, throttled building_robot_factory
[07:51:55] research: blocked research_energy_technology (building_laboratory 0/1)
[2026-05-12 07:52:13] ==== loop 129/∞ | seed=1088130647731202695 archetype=turbo personality=tecnologico focus=tech actions_per_loop=3 ====
[07:52:13] planet 33: queue busy, throttled building_robot_factory
[07:52:13] planet 33: queue busy, throttled building_robot_factory
[07:52:13] planet 33: queue busy, throttled building_robot_factory
[07:52:13] research: blocked research_energy_technology (building_laboratory 0/1)
[2026-05-12 07:52:33] ==== loop 130/∞ | seed=1088130647731202695 archetype=turbo personality=tecnologico focus=tech actions_per_loop=3 ====
[07:52:33] planet 33: queue busy, throttled building_robot_factory
[07:52:33] planet 33: queue busy, throttled building_robot_factory
[07:52:33] planet 33: queue busy, throttled building_robot_factory
[07:52:33] research: blocked research_energy_technology (building_laboratory 0/1)
[2026-05-12 07:52:52] ==== loop 131/∞ | seed=1088130647731202695 archetype=turbo personality=tecnologico focus=tech actions_per_loop=3 ====
[07:52:52] planet 33: queue busy, throttled building_robot_factory
[07:52:52] planet 33: queue busy, throttled building_robot_factory
[07:52:52] planet 33: queue busy, throttled building_robot_factory
[07:52:52] research: blocked research_energy_technology (building_laboratory 0/1)
[2026-05-12 07:53:13] ==== loop 132/∞ | seed=1088130647731202695 archetype=turbo personality=tecnologico focus=tech actions_per_loop=3 ====
[07:53:13] planet 33: queue busy, throttled building_robot_factory
[07:53:13] planet 33: queue busy, throttled building_robot_factory
[2026-05-12 07:53:33] ==== loop 133/∞ | seed=1088130647731202695 archetype=turbo personality=tecnologico focus=tech actions_per_loop=3 ====
[07:53:33] planet 33: queue busy, throttled building_robot_factory
[07:53:33] planet 33: queue busy, throttled building_robot_factory
[07:53:33] planet 33: queue busy, throttled building_robot_factory
[07:53:33] research: blocked research_energy_technology (building_laboratory 0/1)
[2026-05-12 07:53:52] ==== loop 134/∞ | seed=1088130647731202695 archetype=turbo personality=tecnologico focus=tech actions_per_loop=3 ====
[07:53:52] planet 33: queue busy, throttled building_robot_factory
[07:53:52] planet 33: queue busy, throttled building_robot_factory
[07:53:52] planet 33: queue busy, throttled building_robot_factory
[07:53:52] research: blocked research_energy_technology (building_laboratory 0/1)
[2026-05-12 07:54:10] ==== loop 135/∞ | seed=1088130647731202695 archetype=turbo personality=tecnologico focus=tech actions_per_loop=3 ====
[07:54:10] planet 33: queue busy, throttled building_robot_factory
[07:54:10] planet 33: queue busy, throttled building_robot_factory
[07:54:10] planet 33: queue busy, throttled building_robot_factory
[07:54:10] research: blocked research_energy_technology (building_laboratory 0/1)
[2026-05-12 07:54:30] ==== loop 136/∞ | seed=1088130647731202695 archetype=turbo personality=tecnologico focus=tech actions_per_loop=3 ====
[07:54:30] planet 33: queue busy, throttled building_robot_factory
[07:54:30] planet 33: queue busy, throttled building_robot_factory
[07:54:30] research: blocked research_energy_technology (building_laboratory 0/1)
[2026-05-12 07:54:50] ==== loop 137/∞ | seed=1088130647731202695 archetype=turbo personality=tecnologico focus=tech actions_per_loop=3 ====
[07:54:51] planet 33: queue busy, throttled building_robot_factory
[07:54:51] planet 33: queue busy, throttled building_robot_factory
[07:54:51] planet 33: queue busy, throttled building_robot_factory
[07:54:51] research: blocked research_energy_technology (building_laboratory 0/1)
[2026-05-12 07:55:10] ==== loop 138/∞ | seed=1088130647731202695 archetype=turbo personality=tecnologico focus=tech actions_per_loop=3 ====
[07:55:10] planet 33: queue busy, throttled building_robot_factory
[07:55:10] planet 33: queue busy, throttled building_robot_factory
[07:55:10] planet 33: queue busy, throttled building_robot_factory
[07:55:10] research: blocked research_energy_technology (building_laboratory 0/1)
[2026-05-12 07:55:32] ==== loop 139/∞ | seed=1088130647731202695 archetype=turbo personality=tecnologico focus=tech actions_per_loop=3 ====
[07:55:32] planet 33: queue busy, throttled building_robot_factory
[07:55:32] planet 33: queue busy, throttled building_robot_factory
[07:55:32] research: blocked research_energy_technology (building_laboratory 0/1)
[2026-05-12 07:55:55] ==== loop 140/∞ | seed=1088130647731202695 archetype=turbo personality=tecnologico focus=tech actions_per_loop=3 ====
[07:55:55] planet 33: queue busy, throttled building_robot_factory
[07:55:55] planet 33: queue busy, throttled building_robot_factory
[07:55:55] research: blocked research_energy_technology (building_laboratory 0/1)
[2026-05-12 07:56:15] ==== loop 141/∞ | seed=1088130647731202695 archetype=turbo personality=tecnologico focus=tech actions_per_loop=3 ====
[07:56:15] planet 33: queue busy, throttled building_robot_factory
[07:56:15] planet 33: queue busy, throttled building_robot_factory
[07:56:15] planet 33: queue busy, throttled building_robot_factory
[2026-05-12 07:56:35] ==== loop 142/∞ | seed=1088130647731202695 archetype=turbo personality=tecnologico focus=tech actions_per_loop=3 ====
[07:56:35] planet 33: queue busy, throttled building_robot_factory
[07:56:35] planet 33: queue busy, throttled building_robot_factory
[07:56:35] planet 33: queue busy, throttled building_robot_factory
[07:56:35] research: blocked research_energy_technology (building_laboratory 0/1)
[2026-05-12 07:56:55] ==== loop 143/∞ | seed=1088130647731202695 archetype=turbo personality=tecnologico focus=tech actions_per_loop=3 ====
[07:56:55] planet 33: queue busy, throttled building_robot_factory
[07:56:55] planet 33: queue busy, throttled building_robot_factory
[07:56:55] planet 33: queue busy, throttled building_robot_factory
[2026-05-12 07:57:16] ==== loop 144/∞ | seed=1088130647731202695 archetype=turbo personality=tecnologico focus=tech actions_per_loop=3 ====
[07:57:16] planet 33: queue busy, throttled building_robot_factory
[07:57:16] planet 33: queue busy, throttled building_robot_factory
[07:57:16] research: blocked research_energy_technology (building_laboratory 0/1)
[2026-05-12 07:57:32] ==== loop 145/∞ | seed=1088130647731202695 archetype=turbo personality=tecnologico focus=tech actions_per_loop=3 ====
[07:57:32] planet 33: queue busy, throttled building_robot_factory
[07:57:32] planet 33: queue busy, throttled building_robot_factory
[07:57:32] planet 33: queue busy, throttled building_robot_factory
[07:57:32] research: blocked research_energy_technology (building_laboratory 0/1)
[2026-05-12 07:57:51] ==== loop 146/∞ | seed=1088130647731202695 archetype=turbo personality=tecnologico focus=tech actions_per_loop=3 ====
[07:57:51] planet 33: queue busy, throttled building_robot_factory
[07:57:51] planet 33: queue busy, throttled building_robot_factory
[07:57:51] planet 33: queue busy, throttled building_robot_factory
[07:57:51] research: blocked research_energy_technology (building_laboratory 0/1)
[2026-05-12 07:58:15] ==== loop 147/∞ | seed=1088130647731202695 archetype=turbo personality=tecnologico focus=tech actions_per_loop=3 ====
[07:58:15] planet 33: queue busy, throttled building_robot_factory
[07:58:15] planet 33: queue busy, throttled building_robot_factory
[07:58:15] planet 33: queue busy, throttled building_robot_factory
[07:58:15] research: blocked research_energy_technology (building_laboratory 0/1)
[2026-05-12 07:58:36] ==== loop 148/∞ | seed=1088130647731202695 archetype=turbo personality=tecnologico focus=tech actions_per_loop=3 ====
[07:58:36] planet 33: queue busy, throttled building_robot_factory
[07:58:36] planet 33: queue busy, throttled building_robot_factory
[07:58:36] planet 33: queue busy, throttled building_robot_factory
[07:58:36] research: blocked research_energy_technology (building_laboratory 0/1)
[2026-05-12 07:58:59] ==== loop 149/∞ | seed=1088130647731202695 archetype=turbo personality=tecnologico focus=tech actions_per_loop=3 ====
[07:58:59] planet 33: queue busy, throttled building_robot_factory
[07:58:59] planet 33: queue busy, throttled building_robot_factory
[07:58:59] planet 33: queue busy, throttled building_robot_factory
[07:58:59] research: blocked research_energy_technology (building_laboratory 0/1)
[2026-05-12 07:59:21] ==== loop 150/∞ | seed=1088130647731202695 archetype=turbo personality=tecnologico focus=tech actions_per_loop=3 ====
[07:59:21] planet 33: queue busy, throttled building_robot_factory
[07:59:21] planet 33: queue busy, throttled building_robot_factory
[07:59:21] planet 33: queue busy, throttled building_robot_factory
[2026-05-12 07:59:44] ==== loop 151/∞ | seed=1088130647731202695 archetype=turbo personality=tecnologico focus=tech actions_per_loop=3 ====
[07:59:44] planet 33: queue busy, throttled building_robot_factory
[07:59:44] planet 33: queue busy, throttled building_robot_factory
[07:59:44] planet 33: queue busy, throttled building_robot_factory
[2026-05-12 08:00:06] ==== loop 152/∞ | seed=1088130647731202695 archetype=turbo personality=tecnologico focus=tech actions_per_loop=3 ====
[08:00:06] planet 33: queue busy, throttled building_robot_factory
[08:00:06] planet 33: queue busy, throttled building_robot_factory
[2026-05-12 08:00:26] ==== loop 153/∞ | seed=1088130647731202695 archetype=turbo personality=tecnologico focus=tech actions_per_loop=3 ====
[08:00:26] planet 33: queue busy, throttled building_robot_factory
[08:00:26] planet 33: queue busy, throttled building_robot_factory
[08:00:26] planet 33: queue busy, throttled building_robot_factory
[08:00:26] research: blocked research_energy_technology (building_laboratory 0/1)
[2026-05-12 08:00:47] ==== loop 154/∞ | seed=1088130647731202695 archetype=turbo personality=tecnologico focus=tech actions_per_loop=3 ====
[08:00:47] planet 33: queue busy, throttled building_robot_factory
[08:00:47] planet 33: queue busy, throttled building_robot_factory
[08:00:47] planet 33: queue busy, throttled building_robot_factory
[08:00:47] research: blocked research_energy_technology (building_laboratory 0/1)
[2026-05-12 08:01:10] ==== loop 155/∞ | seed=1088130647731202695 archetype=turbo personality=tecnologico focus=tech actions_per_loop=3 ====
[08:01:10] planet 33: queue busy, throttled building_robot_factory
[08:01:10] planet 33: queue busy, throttled building_robot_factory
[08:01:10] planet 33: queue busy, throttled building_robot_factory
[2026-05-12 08:01:29] ==== loop 156/∞ | seed=1088130647731202695 archetype=turbo personality=tecnologico focus=tech actions_per_loop=3 ====
[08:01:29] planet 33: queue busy, throttled building_robot_factory
[08:01:29] planet 33: queue busy, throttled building_robot_factory
[08:01:29] planet 33: queue busy, throttled building_robot_factory
[08:01:29] research: blocked research_energy_technology (building_laboratory 0/1)
[2026-05-12 08:01:50] ==== loop 157/∞ | seed=1088130647731202695 archetype=turbo personality=tecnologico focus=tech actions_per_loop=3 ====
[08:01:50] planet 33: queue busy, throttled building_robot_factory
[08:01:50] planet 33: queue busy, throttled building_robot_factory
[08:01:50] planet 33: queue busy, throttled building_robot_factory
[2026-05-12 08:02:12] ==== loop 158/∞ | seed=1088130647731202695 archetype=turbo personality=tecnologico focus=tech actions_per_loop=3 ====
[08:02:12] planet 33: queue busy, throttled building_robot_factory
[08:02:12] planet 33: queue busy, throttled building_robot_factory
[08:02:12] planet 33: queue busy, throttled building_robot_factory
[2026-05-12 08:02:33] ==== loop 159/∞ | seed=1088130647731202695 archetype=turbo personality=tecnologico focus=tech actions_per_loop=3 ====
[08:02:33] planet 33: queue busy, throttled building_robot_factory
[08:02:33] planet 33: queue busy, throttled building_robot_factory
[08:02:33] planet 33: queue busy, throttled building_robot_factory
[2026-05-12 08:02:53] ==== loop 160/∞ | seed=1088130647731202695 archetype=turbo personality=tecnologico focus=tech actions_per_loop=3 ====
[08:02:53] planet 33: queue busy, throttled building_robot_factory
[08:02:53] planet 33: queue busy, throttled building_robot_factory
[08:02:53] planet 33: queue busy, throttled building_robot_factory
[2026-05-12 08:03:11] ==== loop 161/∞ | seed=1088130647731202695 archetype=turbo personality=tecnologico focus=tech actions_per_loop=3 ====
[08:03:11] planet 33: queue busy, throttled building_robot_factory
[08:03:11] planet 33: queue busy, throttled building_robot_factory
[2026-05-12 08:03:33] ==== loop 162/∞ | seed=1088130647731202695 archetype=turbo personality=tecnologico focus=tech actions_per_loop=3 ====
[08:03:33] planet 33: queue busy, throttled building_robot_factory
[08:03:33] planet 33: queue busy, throttled building_robot_factory
[08:03:33] planet 33: queue busy, throttled building_robot_factory
[08:03:33] research: blocked research_energy_technology (building_laboratory 0/1)
[2026-05-12 08:03:50] ==== loop 163/∞ | seed=1088130647731202695 archetype=turbo personality=tecnologico focus=tech actions_per_loop=3 ====
[08:03:50] planet 33: queue busy, throttled building_robot_factory
[08:03:50] planet 33: queue busy, throttled building_robot_factory
[08:03:50] planet 33: queue busy, throttled building_robot_factory
[08:03:50] research: blocked research_energy_technology (building_laboratory 0/1)
[2026-05-12 08:04:11] ==== loop 164/∞ | seed=1088130647731202695 archetype=turbo personality=tecnologico focus=tech actions_per_loop=3 ====
[08:04:11] planet 33: queue busy, throttled building_robot_factory
[08:04:11] planet 33: queue busy, throttled building_robot_factory
[08:04:11] planet 33: queue busy, throttled building_robot_factory
[2026-05-12 08:04:30] ==== loop 165/∞ | seed=1088130647731202695 archetype=turbo personality=tecnologico focus=tech actions_per_loop=3 ====
[08:04:30] planet 33: queue busy, throttled building_robot_factory
[08:04:30] planet 33: queue busy, throttled building_robot_factory
[08:04:30] planet 33: queue busy, throttled building_robot_factory
[08:04:30] research: blocked research_energy_technology (building_laboratory 0/1)
[2026-05-12 08:04:51] ==== loop 166/∞ | seed=1088130647731202695 archetype=turbo personality=tecnologico focus=tech actions_per_loop=3 ====
[08:04:51] planet 33: queue busy, throttled building_robot_factory
[08:04:51] planet 33: queue busy, throttled building_robot_factory
[08:04:51] planet 33: queue busy, throttled building_robot_factory
[08:04:51] research: blocked research_energy_technology (building_laboratory 0/1)
[2026-05-12 08:05:15] ==== loop 167/∞ | seed=1088130647731202695 archetype=turbo personality=tecnologico focus=tech actions_per_loop=3 ====
[08:05:15] planet 33: queue busy, throttled building_robot_factory
[08:05:15] planet 33: queue busy, throttled building_robot_factory
[08:05:15] planet 33: queue busy, throttled building_robot_factory
[08:05:15] research: blocked research_energy_technology (building_laboratory 0/1)
[2026-05-12 08:05:36] ==== loop 168/∞ | seed=1088130647731202695 archetype=turbo personality=tecnologico focus=tech actions_per_loop=3 ====
[08:05:36] planet 33: queue busy, throttled building_robot_factory
[08:05:36] planet 33: queue busy, throttled building_robot_factory
[08:05:36] planet 33: queue busy, throttled building_robot_factory
[08:05:36] research: blocked research_energy_technology (building_laboratory 0/1)
[2026-05-12 08:05:57] ==== loop 169/∞ | seed=1088130647731202695 archetype=turbo personality=tecnologico focus=tech actions_per_loop=3 ====
[08:05:57] planet 33: queue busy, throttled building_robot_factory
[08:05:57] planet 33: queue busy, throttled building_robot_factory
[08:05:57] planet 33: queue busy, throttled building_robot_factory
[08:05:57] research: blocked research_energy_technology (building_laboratory 0/1)
[2026-05-12 08:06:16] ==== loop 170/∞ | seed=1088130647731202695 archetype=turbo personality=tecnologico focus=tech actions_per_loop=3 ====
[08:06:16] planet 33: queue busy, throttled building_robot_factory
[08:06:16] planet 33: queue busy, throttled building_robot_factory
[08:06:16] planet 33: queue busy, throttled building_robot_factory
[08:06:16] research: blocked research_energy_technology (building_laboratory 0/1)
[2026-05-12 08:06:37] ==== loop 171/∞ | seed=1088130647731202695 archetype=turbo personality=tecnologico focus=tech actions_per_loop=3 ====
[08:06:37] planet 33: queue busy, throttled building_robot_factory
[08:06:37] planet 33: queue busy, throttled building_robot_factory
[08:06:37] research: blocked research_energy_technology (building_laboratory 0/1)
[2026-05-12 08:06:56] ==== loop 172/∞ | seed=1088130647731202695 archetype=turbo personality=tecnologico focus=tech actions_per_loop=3 ====
[08:06:56] planet 33: queue busy, throttled building_robot_factory
[08:06:56] planet 33: queue busy, throttled building_robot_factory
[08:06:56] planet 33: queue busy, throttled building_robot_factory
[08:06:56] research: blocked research_energy_technology (building_laboratory 0/1)
[2026-05-12 08:07:18] ==== loop 173/∞ | seed=1088130647731202695 archetype=turbo personality=tecnologico focus=tech actions_per_loop=3 ====
[08:07:18] planet 33: queue busy, throttled building_robot_factory
[08:07:18] planet 33: queue busy, throttled building_robot_factory
[08:07:18] planet 33: queue busy, throttled building_robot_factory
[08:07:18] research: blocked research_energy_technology (building_laboratory 0/1)
[2026-05-12 08:07:37] ==== loop 174/∞ | seed=1088130647731202695 archetype=turbo personality=tecnologico focus=tech actions_per_loop=3 ====
[08:07:37] planet 33: queue busy, throttled building_robot_factory
[08:07:37] planet 33: queue busy, throttled building_robot_factory
[08:07:37] planet 33: queue busy, throttled building_robot_factory
[2026-05-12 08:08:00] ==== loop 175/∞ | seed=1088130647731202695 archetype=turbo personality=tecnologico focus=tech actions_per_loop=3 ====
[08:08:00] planet 33: queue busy, throttled building_robot_factory
[08:08:00] planet 33: queue busy, throttled building_robot_factory
[08:08:00] planet 33: queue busy, throttled building_robot_factory
[08:08:00] research: blocked research_energy_technology (building_laboratory 0/1)
[2026-05-12 08:08:21] ==== loop 176/∞ | seed=1088130647731202695 archetype=turbo personality=tecnologico focus=tech actions_per_loop=3 ====
[08:08:21] planet 33: queue busy, throttled building_robot_factory
[08:08:21] planet 33: queue busy, throttled building_robot_factory
[08:08:21] planet 33: queue busy, throttled building_robot_factory
[08:08:21] research: blocked research_energy_technology (building_laboratory 0/1)
[2026-05-12 08:08:42] ==== loop 177/∞ | seed=1088130647731202695 archetype=turbo personality=tecnologico focus=tech actions_per_loop=3 ====
[08:08:42] planet 33: queue busy, throttled building_robot_factory
[08:08:42] planet 33: queue busy, throttled building_robot_factory
[08:08:42] planet 33: queue busy, throttled building_robot_factory
[2026-05-12 08:09:05] ==== loop 178/∞ | seed=1088130647731202695 archetype=turbo personality=tecnologico focus=tech actions_per_loop=3 ====
[08:09:05] planet 33: queue busy, throttled building_robot_factory
[08:09:05] planet 33: queue busy, throttled building_robot_factory
[08:09:05] planet 33: queue busy, throttled building_robot_factory
[2026-05-12 08:09:27] ==== loop 179/∞ | seed=1088130647731202695 archetype=turbo personality=tecnologico focus=tech actions_per_loop=3 ====
[08:09:27] planet 33: queue busy, throttled building_robot_factory
[08:09:27] planet 33: queue busy, throttled building_robot_factory
[08:09:27] planet 33: queue busy, throttled building_robot_factory
[08:09:27] research: blocked research_energy_technology (building_laboratory 0/1)
[2026-05-12 08:09:46] ==== loop 180/∞ | seed=1088130647731202695 archetype=turbo personality=tecnologico focus=tech actions_per_loop=3 ====
[08:09:46] planet 33: queue busy, throttled building_robot_factory
[08:09:46] planet 33: queue busy, throttled building_robot_factory
[08:09:46] planet 33: queue busy, throttled building_robot_factory
[2026-05-12 08:10:07] ==== loop 181/∞ | seed=1088130647731202695 archetype=turbo personality=tecnologico focus=tech actions_per_loop=3 ====
[08:10:07] planet 33: queue busy, throttled building_robot_factory
[08:10:07] planet 33: queue busy, throttled building_robot_factory
[08:10:07] planet 33: queue busy, throttled building_robot_factory
[08:10:07] research: blocked research_energy_technology (building_laboratory 0/1)
[2026-05-12 08:10:32] ==== loop 182/∞ | seed=1088130647731202695 archetype=turbo personality=tecnologico focus=tech actions_per_loop=3 ====
[08:10:32] planet 33: queue busy, throttled building_robot_factory
[08:10:32] planet 33: queue busy, throttled building_robot_factory
[08:10:32] planet 33: queue busy, throttled building_robot_factory
[2026-05-12 08:10:55] ==== loop 183/∞ | seed=1088130647731202695 archetype=turbo personality=tecnologico focus=tech actions_per_loop=3 ====
[08:10:55] planet 33: queue busy, throttled building_robot_factory
[08:10:55] planet 33: queue busy, throttled building_robot_factory
[08:10:55] planet 33: queue busy, throttled building_robot_factory
[2026-05-12 08:11:18] ==== loop 184/∞ | seed=1088130647731202695 archetype=turbo personality=tecnologico focus=tech actions_per_loop=3 ====
[08:11:18] planet 33: queue busy, throttled building_robot_factory
[08:11:18] planet 33: queue busy, throttled building_robot_factory
[08:11:18] research: blocked research_energy_technology (building_laboratory 0/1)
[2026-05-12 08:11:40] ==== loop 185/∞ | seed=1088130647731202695 archetype=turbo personality=tecnologico focus=tech actions_per_loop=3 ====
[08:11:40] planet 33: queue busy, throttled building_robot_factory
[08:11:40] planet 33: queue busy, throttled building_robot_factory
[08:11:40] planet 33: queue busy, throttled building_robot_factory
[2026-05-12 08:12:00] ==== loop 186/∞ | seed=1088130647731202695 archetype=turbo personality=tecnologico focus=tech actions_per_loop=3 ====
[08:12:00] planet 33: queue busy, throttled building_robot_factory
[08:12:00] planet 33: queue busy, throttled building_robot_factory
[08:12:00] planet 33: queue busy, throttled building_robot_factory
[08:12:00] research: blocked research_energy_technology (building_laboratory 0/1)
[2026-05-12 08:12:22] ==== loop 187/∞ | seed=1088130647731202695 archetype=turbo personality=tecnologico focus=tech actions_per_loop=3 ====
[08:12:22] planet 33: queue busy, throttled building_robot_factory
[08:12:22] planet 33: queue busy, throttled building_robot_factory
[08:12:22] planet 33: queue busy, throttled building_robot_factory
[08:12:22] research: blocked research_energy_technology (building_laboratory 0/1)
[2026-05-12 08:12:43] ==== loop 188/∞ | seed=1088130647731202695 archetype=turbo personality=tecnologico focus=tech actions_per_loop=3 ====
[08:12:43] planet 33: queue busy, throttled building_robot_factory
[08:12:43] planet 33: queue busy, throttled building_robot_factory
[08:12:43] planet 33: queue busy, throttled building_robot_factory
[08:12:43] research: blocked research_energy_technology (building_laboratory 0/1)
[2026-05-12 08:13:07] ==== loop 189/∞ | seed=1088130647731202695 archetype=turbo personality=tecnologico focus=tech actions_per_loop=3 ====
[08:13:07] planet 33: queue busy, throttled building_robot_factory
[08:13:07] planet 33: queue busy, throttled building_robot_factory
[08:13:07] planet 33: queue busy, throttled building_robot_factory
[08:13:07] research: blocked research_energy_technology (building_laboratory 0/1)
[2026-05-12 08:13:28] ==== loop 190/∞ | seed=1088130647731202695 archetype=turbo personality=tecnologico focus=tech actions_per_loop=3 ====
[08:13:28] planet 33: queue busy, throttled building_robot_factory
[08:13:28] planet 33: queue busy, throttled building_robot_factory
[08:13:28] research: blocked research_energy_technology (building_laboratory 0/1)
[2026-05-12 08:13:51] ==== loop 191/∞ | seed=1088130647731202695 archetype=turbo personality=tecnologico focus=tech actions_per_loop=3 ====
[08:13:51] planet 33: queue busy, throttled building_robot_factory
[08:13:51] planet 33: queue busy, throttled building_robot_factory
[08:13:51] research: blocked research_energy_technology (building_laboratory 0/1)
[2026-05-12 08:14:14] ==== loop 192/∞ | seed=1088130647731202695 archetype=turbo personality=tecnologico focus=tech actions_per_loop=3 ====
[08:14:14] planet 33: queue busy, throttled building_robot_factory
[08:14:14] planet 33: queue busy, throttled building_robot_factory
[08:14:14] planet 33: queue busy, throttled building_robot_factory
[2026-05-12 08:14:34] ==== loop 193/∞ | seed=1088130647731202695 archetype=turbo personality=tecnologico focus=tech actions_per_loop=3 ====
[08:14:34] planet 33: queue busy, throttled building_robot_factory
[08:14:34] planet 33: queue busy, throttled building_robot_factory
[08:14:34] planet 33: queue busy, throttled building_robot_factory
[08:14:34] research: blocked research_energy_technology (building_laboratory 0/1)
[2026-05-12 08:14:56] ==== loop 194/∞ | seed=1088130647731202695 archetype=turbo personality=tecnologico focus=tech actions_per_loop=3 ====
[08:14:56] planet 33: queue busy, throttled building_robot_factory
[08:14:56] planet 33: queue busy, throttled building_robot_factory
[08:14:56] planet 33: queue busy, throttled building_robot_factory
[08:14:56] research: blocked research_energy_technology (building_laboratory 0/1)
[2026-05-12 08:15:20] ==== loop 195/∞ | seed=1088130647731202695 archetype=turbo personality=tecnologico focus=tech actions_per_loop=3 ====
[08:15:20] planet 33: queue busy, throttled building_robot_factory
[08:15:20] planet 33: queue busy, throttled building_robot_factory
[08:15:20] planet 33: queue busy, throttled building_robot_factory
[08:15:20] research: blocked research_energy_technology (building_laboratory 0/1)
[2026-05-12 08:15:42] ==== loop 196/∞ | seed=1088130647731202695 archetype=turbo personality=tecnologico focus=tech actions_per_loop=3 ====
[08:15:42] planet 33: queue busy, throttled building_robot_factory
[08:15:42] planet 33: queue busy, throttled building_robot_factory
[08:15:42] planet 33: queue busy, throttled building_robot_factory
[2026-05-12 08:16:05] ==== loop 197/∞ | seed=1088130647731202695 archetype=turbo personality=tecnologico focus=tech actions_per_loop=3 ====
[08:16:05] planet 33: queue busy, throttled building_robot_factory
[08:16:05] planet 33: queue busy, throttled building_robot_factory
[2026-05-12 08:16:28] ==== loop 198/∞ | seed=1088130647731202695 archetype=turbo personality=tecnologico focus=tech actions_per_loop=3 ====
[08:16:28] planet 33: queue busy, throttled building_robot_factory
[08:16:28] planet 33: queue busy, throttled building_robot_factory
[08:16:28] planet 33: queue busy, throttled building_robot_factory
[2026-05-12 08:16:49] ==== loop 199/∞ | seed=1088130647731202695 archetype=turbo personality=tecnologico focus=tech actions_per_loop=3 ====
[08:16:49] planet 33: queue busy, throttled building_robot_factory
[08:16:49] planet 33: queue busy, throttled building_robot_factory
[08:16:49] planet 33: queue busy, throttled building_robot_factory
[08:16:49] research: blocked research_energy_technology (building_laboratory 0/1)
[2026-05-12 08:17:11] ==== loop 200/∞ | seed=1088130647731202695 archetype=turbo personality=tecnologico focus=tech actions_per_loop=3 ====
[08:17:11] planet 33: queue busy, throttled building_robot_factory
[08:17:11] planet 33: queue busy, throttled building_robot_factory
[08:17:11] planet 33: queue busy, throttled building_robot_factory
[2026-05-12 08:17:34] ==== loop 201/∞ | seed=1088130647731202695 archetype=turbo personality=tecnologico focus=tech actions_per_loop=3 ====
[08:17:34] planet 33: queue busy, throttled building_robot_factory
[08:17:34] planet 33: queue busy, throttled building_robot_factory
[08:17:34] planet 33: queue busy, throttled building_robot_factory
[08:17:34] research: blocked research_energy_technology (building_laboratory 0/1)
[2026-05-12 08:17:55] ==== loop 202/∞ | seed=1088130647731202695 archetype=turbo personality=tecnologico focus=tech actions_per_loop=3 ====
[08:17:55] planet 33: queue busy, throttled building_robot_factory
[08:17:55] planet 33: queue busy, throttled building_robot_factory
[08:17:55] planet 33: queue busy, throttled building_robot_factory
[08:17:55] research: blocked research_energy_technology (building_laboratory 0/1)
[2026-05-12 08:18:19] ==== loop 203/∞ | seed=1088130647731202695 archetype=turbo personality=tecnologico focus=tech actions_per_loop=3 ====
[08:18:19] planet 33: queue busy, throttled building_robot_factory
[08:18:19] planet 33: queue busy, throttled building_robot_factory
[08:18:19] planet 33: queue busy, throttled building_robot_factory
[08:18:19] research: blocked research_energy_technology (building_laboratory 0/1)
[2026-05-12 08:18:40] ==== loop 204/∞ | seed=1088130647731202695 archetype=turbo personality=tecnologico focus=tech actions_per_loop=3 ====
[08:18:40] planet 33: queue busy, throttled building_robot_factory
[08:18:40] planet 33: queue busy, throttled building_robot_factory
[08:18:40] planet 33: queue busy, throttled building_robot_factory
[2026-05-12 08:19:05] ==== loop 205/∞ | seed=1088130647731202695 archetype=turbo personality=tecnologico focus=tech actions_per_loop=3 ====
[08:19:05] planet 33: queue busy, throttled building_robot_factory
[08:19:05] planet 33: queue busy, throttled building_robot_factory
[08:19:05] planet 33: queue busy, throttled building_robot_factory
[08:19:05] research: blocked research_energy_technology (building_laboratory 0/1)
[2026-05-12 08:19:26] ==== loop 206/∞ | seed=1088130647731202695 archetype=turbo personality=tecnologico focus=tech actions_per_loop=3 ====
[08:19:26] planet 33: queue busy, throttled building_robot_factory
[08:19:26] planet 33: queue busy, throttled building_robot_factory
[08:19:26] planet 33: queue busy, throttled building_robot_factory
[08:19:26] research: blocked research_energy_technology (building_laboratory 0/1)
[2026-05-12 08:19:45] ==== loop 207/∞ | seed=1088130647731202695 archetype=turbo personality=tecnologico focus=tech actions_per_loop=3 ====
[08:19:45] planet 33: queue busy, throttled building_robot_factory
[08:19:45] planet 33: queue busy, throttled building_robot_factory
[08:19:45] planet 33: queue busy, throttled building_robot_factory
[08:19:45] research: blocked research_energy_technology (building_laboratory 0/1)
[2026-05-12 08:20:07] ==== loop 208/∞ | seed=1088130647731202695 archetype=turbo personality=tecnologico focus=tech actions_per_loop=3 ====
[08:20:07] planet 33: queue busy, throttled building_robot_factory
[08:20:07] planet 33: queue busy, throttled building_robot_factory
[08:20:07] planet 33: queue busy, throttled building_robot_factory
[08:20:07] research: blocked research_energy_technology (building_laboratory 0/1)
[2026-05-12 08:20:28] ==== loop 209/∞ | seed=1088130647731202695 archetype=turbo personality=tecnologico focus=tech actions_per_loop=3 ====
[08:20:28] planet 33: queue busy, throttled building_robot_factory
[08:20:28] planet 33: queue busy, throttled building_robot_factory
[08:20:28] research: blocked research_energy_technology (building_laboratory 0/1)
[2026-05-12 08:20:51] ==== loop 210/∞ | seed=1088130647731202695 archetype=turbo personality=tecnologico focus=tech actions_per_loop=3 ====
[08:20:51] planet 33: queue busy, throttled building_robot_factory
[08:20:51] planet 33: queue busy, throttled building_robot_factory
[08:20:51] planet 33: queue busy, throttled building_robot_factory
[08:20:51] research: blocked research_energy_technology (building_laboratory 0/1)
[2026-05-12 08:21:13] ==== loop 211/∞ | seed=1088130647731202695 archetype=turbo personality=tecnologico focus=tech actions_per_loop=3 ====
[08:21:13] planet 33: queue busy, throttled building_robot_factory
[08:21:13] planet 33: queue busy, throttled building_robot_factory
[08:21:13] research: blocked research_energy_technology (building_laboratory 0/1)
[2026-05-12 08:21:34] ==== loop 212/∞ | seed=1088130647731202695 archetype=turbo personality=tecnologico focus=tech actions_per_loop=3 ====
[08:21:34] planet 33: queue busy, throttled building_robot_factory
[08:21:34] planet 33: queue busy, throttled building_robot_factory
[08:21:34] planet 33: queue busy, throttled building_robot_factory
[08:21:34] research: blocked research_energy_technology (building_laboratory 0/1)
[2026-05-12 08:21:56] ==== loop 213/∞ | seed=1088130647731202695 archetype=turbo personality=tecnologico focus=tech actions_per_loop=3 ====
[08:21:56] planet 33: queue busy, throttled building_robot_factory
[08:21:56] planet 33: queue busy, throttled building_robot_factory
[08:21:56] planet 33: queue busy, throttled building_robot_factory
[2026-05-12 08:22:18] ==== loop 214/∞ | seed=1088130647731202695 archetype=turbo personality=tecnologico focus=tech actions_per_loop=3 ====
[08:22:18] planet 33: queue busy, throttled building_robot_factory
[08:22:18] planet 33: queue busy, throttled building_robot_factory
[08:22:18] planet 33: queue busy, throttled building_robot_factory
[08:22:18] research: blocked research_energy_technology (building_laboratory 0/1)
[2026-05-12 08:22:38] ==== loop 215/∞ | seed=1088130647731202695 archetype=turbo personality=tecnologico focus=tech actions_per_loop=3 ====
[08:22:38] planet 33: queue busy, throttled building_robot_factory
[08:22:38] planet 33: queue busy, throttled building_robot_factory
[08:22:38] planet 33: queue busy, throttled building_robot_factory
[08:22:38] research: blocked research_energy_technology (building_laboratory 0/1)
[2026-05-12 08:22:59] ==== loop 216/∞ | seed=1088130647731202695 archetype=turbo personality=tecnologico focus=tech actions_per_loop=3 ====
[08:23:00] planet 33: queue busy, throttled building_robot_factory
[08:23:00] planet 33: queue busy, throttled building_robot_factory
[08:23:00] planet 33: queue busy, throttled building_robot_factory
[08:23:00] research: blocked research_energy_technology (building_laboratory 0/1)
[2026-05-12 08:23:24] ==== loop 217/∞ | seed=1088130647731202695 archetype=turbo personality=tecnologico focus=tech actions_per_loop=3 ====
[08:23:24] planet 33: queue busy, throttled building_robot_factory
[08:23:24] planet 33: queue busy, throttled building_robot_factory
[2026-05-12 08:23:48] ==== loop 218/∞ | seed=1088130647731202695 archetype=turbo personality=tecnologico focus=tech actions_per_loop=3 ====
[08:23:48] planet 33: queue busy, throttled building_robot_factory
[08:23:48] planet 33: queue busy, throttled building_robot_factory
[08:23:48] planet 33: queue busy, throttled building_robot_factory
[08:23:48] research: blocked research_energy_technology (building_laboratory 0/1)
[2026-05-12 08:24:12] ==== loop 219/∞ | seed=1088130647731202695 archetype=turbo personality=tecnologico focus=tech actions_per_loop=3 ====
[08:24:12] planet 33: queue busy, throttled building_robot_factory
[08:24:12] planet 33: queue busy, throttled building_robot_factory
[08:24:12] planet 33: queue busy, throttled building_robot_factory
[08:24:12] research: blocked research_energy_technology (building_laboratory 0/1)
[2026-05-12 08:24:39] ==== loop 220/∞ | seed=1088130647731202695 archetype=turbo personality=tecnologico focus=tech actions_per_loop=3 ====
[08:24:39] planet 33: queue busy, throttled building_robot_factory
[08:24:39] planet 33: queue busy, throttled building_robot_factory
[08:24:39] planet 33: queue busy, throttled building_robot_factory
[08:24:39] research: blocked research_energy_technology (building_laboratory 0/1)
[2026-05-12 08:25:04] ==== loop 221/∞ | seed=1088130647731202695 archetype=turbo personality=tecnologico focus=tech actions_per_loop=3 ====
[08:25:04] planet 33: queue busy, throttled building_robot_factory
[08:25:04] planet 33: queue busy, throttled building_robot_factory
[08:25:04] planet 33: queue busy, throttled building_robot_factory
[2026-05-12 08:25:28] ==== loop 222/∞ | seed=1088130647731202695 archetype=turbo personality=tecnologico focus=tech actions_per_loop=3 ====
[08:25:28] planet 33: queue busy, throttled building_robot_factory
[08:25:28] planet 33: queue busy, throttled building_robot_factory
[08:25:28] planet 33: queue busy, throttled building_robot_factory
[08:25:28] research: blocked research_energy_technology (building_laboratory 0/1)
[2026-05-12 08:25:55] ==== loop 223/∞ | seed=1088130647731202695 archetype=turbo personality=tecnologico focus=tech actions_per_loop=3 ====
[08:25:55] planet 33: queue busy, throttled building_robot_factory
[08:25:55] planet 33: queue busy, throttled building_robot_factory
[08:25:55] planet 33: queue busy, throttled building_robot_factory
[08:25:55] research: blocked research_energy_technology (building_laboratory 0/1)
[2026-05-12 08:26:21] ==== loop 224/∞ | seed=1088130647731202695 archetype=turbo personality=tecnologico focus=tech actions_per_loop=3 ====
[08:26:21] planet 33: queue busy, throttled building_robot_factory
[08:26:21] planet 33: queue busy, throttled building_robot_factory
[08:26:21] planet 33: queue busy, throttled building_robot_factory
[08:26:21] research: blocked research_energy_technology (building_laboratory 0/1)
[2026-05-12 08:26:45] ==== loop 225/∞ | seed=1088130647731202695 archetype=turbo personality=tecnologico focus=tech actions_per_loop=3 ====
[08:26:45] planet 33: queue busy, throttled building_robot_factory
[08:26:45] planet 33: queue busy, throttled building_robot_factory
[08:26:45] planet 33: queue busy, throttled building_robot_factory
[08:26:45] research: blocked research_energy_technology (building_laboratory 0/1)
[2026-05-12 08:27:13] ==== loop 226/∞ | seed=1088130647731202695 archetype=turbo personality=tecnologico focus=tech actions_per_loop=3 ====
[08:27:13] planet 33: queue busy, throttled building_robot_factory
[08:27:13] planet 33: queue busy, throttled building_robot_factory
[08:27:13] planet 33: queue busy, throttled building_robot_factory
[08:27:13] research: blocked research_energy_technology (building_laboratory 0/1)
[2026-05-12 08:27:41] ==== loop 227/∞ | seed=1088130647731202695 archetype=turbo personality=tecnologico focus=tech actions_per_loop=3 ====
[08:27:41] planet 33: queue busy, throttled building_robot_factory
[08:27:41] planet 33: queue busy, throttled building_robot_factory
[08:27:41] planet 33: queue busy, throttled building_robot_factory
[2026-05-12 08:28:10] ==== loop 228/∞ | seed=1088130647731202695 archetype=turbo personality=tecnologico focus=tech actions_per_loop=3 ====
[08:28:10] planet 33: queue busy, throttled building_robot_factory
[08:28:10] planet 33: queue busy, throttled building_robot_factory
[08:28:10] planet 33: queue busy, throttled building_robot_factory
[08:28:10] research: blocked research_energy_technology (building_laboratory 0/1)
[2026-05-12 08:28:34] ==== loop 229/∞ | seed=1088130647731202695 archetype=turbo personality=tecnologico focus=tech actions_per_loop=3 ====
[08:28:34] planet 33: queue busy, throttled building_robot_factory
[08:28:34] planet 33: queue busy, throttled building_robot_factory
[08:28:34] planet 33: queue busy, throttled building_robot_factory
[08:28:34] research: blocked research_energy_technology (building_laboratory 0/1)
[2026-05-12 08:28:55] ==== loop 230/∞ | seed=1088130647731202695 archetype=turbo personality=tecnologico focus=tech actions_per_loop=3 ====
[08:28:55] planet 33: queue busy, throttled building_robot_factory
[08:28:55] planet 33: queue busy, throttled building_robot_factory
[08:28:55] planet 33: queue busy, throttled building_robot_factory
[08:28:55] research: blocked research_energy_technology (building_laboratory 0/1)
[2026-05-12 08:29:22] ==== loop 231/∞ | seed=1088130647731202695 archetype=turbo personality=tecnologico focus=tech actions_per_loop=3 ====
[08:29:22] planet 33: queue busy, throttled building_robot_factory
[08:29:22] planet 33: queue busy, throttled building_robot_factory
[08:29:22] planet 33: queue busy, throttled building_robot_factory
[2026-05-12 08:29:47] ==== loop 232/∞ | seed=1088130647731202695 archetype=turbo personality=tecnologico focus=tech actions_per_loop=3 ====
[08:29:47] planet 33: queue busy, throttled building_robot_factory
[08:29:47] planet 33: queue busy, throttled building_robot_factory
[08:29:47] research: blocked research_energy_technology (building_laboratory 0/1)
[2026-05-12 08:30:15] ==== loop 233/∞ | seed=1088130647731202695 archetype=turbo personality=tecnologico focus=tech actions_per_loop=3 ====
[08:30:15] planet 33: queue busy, throttled building_robot_factory
[08:30:15] planet 33: queue busy, throttled building_robot_factory
[08:30:15] planet 33: queue busy, throttled building_robot_factory
[08:30:15] research: blocked research_energy_technology (building_laboratory 0/1)
[2026-05-12 08:30:42] ==== loop 234/∞ | seed=1088130647731202695 archetype=turbo personality=tecnologico focus=tech actions_per_loop=3 ====
[08:30:42] planet 33: queue busy, throttled building_robot_factory
[08:30:42] planet 33: queue busy, throttled building_robot_factory
[08:30:42] planet 33: queue busy, throttled building_robot_factory
[08:30:42] research: blocked research_energy_technology (building_laboratory 0/1)
[2026-05-12 08:31:06] ==== loop 235/∞ | seed=1088130647731202695 archetype=turbo personality=tecnologico focus=tech actions_per_loop=3 ====
[08:31:06] planet 33: queue busy, throttled building_robot_factory
[08:31:06] planet 33: queue busy, throttled building_robot_factory
[08:31:06] planet 33: queue busy, throttled building_robot_factory
[08:31:06] research: blocked research_energy_technology (building_laboratory 0/1)
[2026-05-12 08:31:28] ==== loop 236/∞ | seed=1088130647731202695 archetype=turbo personality=tecnologico focus=tech actions_per_loop=3 ====
[08:31:28] planet 33: queue busy, throttled building_robot_factory
[08:31:28] planet 33: queue busy, throttled building_robot_factory
[08:31:28] research: blocked research_energy_technology (building_laboratory 0/1)
[2026-05-12 08:31:49] ==== loop 237/∞ | seed=1088130647731202695 archetype=turbo personality=tecnologico focus=tech actions_per_loop=3 ====
[08:31:49] planet 33: queue busy, throttled building_robot_factory
[08:31:49] planet 33: queue busy, throttled building_robot_factory
[08:31:49] planet 33: queue busy, throttled building_robot_factory
[08:31:49] research: blocked research_energy_technology (building_laboratory 0/1)
[2026-05-12 08:32:11] ==== loop 238/∞ | seed=1088130647731202695 archetype=turbo personality=tecnologico focus=tech actions_per_loop=3 ====
[08:32:11] planet 33: queue busy, throttled building_robot_factory
[08:32:11] planet 33: queue busy, throttled building_robot_factory
[08:32:11] planet 33: queue busy, throttled building_robot_factory
[08:32:11] research: blocked research_energy_technology (building_laboratory 0/1)
[2026-05-12 08:32:35] ==== loop 239/∞ | seed=1088130647731202695 archetype=turbo personality=tecnologico focus=tech actions_per_loop=3 ====
[08:32:35] planet 33: queue busy, throttled building_robot_factory
[08:32:35] planet 33: queue busy, throttled building_robot_factory
[08:32:35] planet 33: queue busy, throttled building_robot_factory
[2026-05-12 08:32:57] ==== loop 240/∞ | seed=1088130647731202695 archetype=turbo personality=tecnologico focus=tech actions_per_loop=3 ====
[08:32:57] planet 33: queue busy, throttled building_robot_factory
[08:32:57] planet 33: queue busy, throttled building_robot_factory
[08:32:57] planet 33: queue busy, throttled building_robot_factory
[08:32:57] research: blocked research_energy_technology (building_laboratory 0/1)
[2026-05-12 08:33:21] ==== loop 241/∞ | seed=1088130647731202695 archetype=turbo personality=tecnologico focus=tech actions_per_loop=3 ====
[08:33:21] planet 33: queue busy, throttled building_robot_factory
[08:33:21] planet 33: queue busy, throttled building_robot_factory
[08:33:21] planet 33: queue busy, throttled building_robot_factory
[08:33:21] research: blocked research_energy_technology (building_laboratory 0/1)
[2026-05-12 08:33:40] ==== loop 242/∞ | seed=1088130647731202695 archetype=turbo personality=tecnologico focus=tech actions_per_loop=3 ====
[08:33:40] planet 33: queue busy, throttled building_robot_factory
[08:33:40] planet 33: queue busy, throttled building_robot_factory
[08:33:40] planet 33: queue busy, throttled building_robot_factory
[08:33:40] research: blocked research_energy_technology (building_laboratory 0/1)
[2026-05-12 08:34:02] ==== loop 243/∞ | seed=1088130647731202695 archetype=turbo personality=tecnologico focus=tech actions_per_loop=3 ====
[08:34:02] planet 33: queue busy, throttled building_robot_factory
[08:34:02] planet 33: queue busy, throttled building_robot_factory
[08:34:02] planet 33: queue busy, throttled building_robot_factory
[2026-05-12 08:34:25] ==== loop 244/∞ | seed=1088130647731202695 archetype=turbo personality=tecnologico focus=tech actions_per_loop=3 ====
[08:34:25] planet 33: queue busy, throttled building_robot_factory
[08:34:25] planet 33: queue busy, throttled building_robot_factory
[08:34:25] planet 33: queue busy, throttled building_robot_factory
[08:34:25] research: blocked research_energy_technology (building_laboratory 0/1)
[2026-05-12 08:34:45] ==== loop 245/∞ | seed=1088130647731202695 archetype=turbo personality=tecnologico focus=tech actions_per_loop=3 ====
[08:34:45] planet 33: queue busy, throttled building_robot_factory
[08:34:45] planet 33: queue busy, throttled building_robot_factory
[08:34:45] planet 33: queue busy, throttled building_robot_factory
[08:34:45] research: blocked research_energy_technology (building_laboratory 0/1)
[2026-05-12 08:35:09] ==== loop 246/∞ | seed=1088130647731202695 archetype=turbo personality=tecnologico focus=tech actions_per_loop=3 ====
[08:35:09] planet 33: queue busy, throttled building_robot_factory
[08:35:09] planet 33: queue busy, throttled building_robot_factory
[08:35:09] planet 33: queue busy, throttled building_robot_factory
[2026-05-12 08:35:31] ==== loop 247/∞ | seed=1088130647731202695 archetype=turbo personality=tecnologico focus=tech actions_per_loop=3 ====
[08:35:31] planet 33: queue busy, throttled building_robot_factory
[08:35:31] planet 33: queue busy, throttled building_robot_factory
[08:35:31] planet 33: queue busy, throttled building_robot_factory
[2026-05-12 08:35:50] ==== loop 248/∞ | seed=1088130647731202695 archetype=turbo personality=tecnologico focus=tech actions_per_loop=3 ====
[08:35:50] planet 33: queue busy, throttled building_robot_factory
[08:35:50] planet 33: queue busy, throttled building_robot_factory
[08:35:50] planet 33: queue busy, throttled building_robot_factory
[08:35:50] research: blocked research_energy_technology (building_laboratory 0/1)
[2026-05-12 08:36:12] ==== loop 249/∞ | seed=1088130647731202695 archetype=turbo personality=tecnologico focus=tech actions_per_loop=3 ====
[08:36:12] planet 33: queue busy, throttled building_robot_factory
[08:36:12] planet 33: queue busy, throttled building_robot_factory
[08:36:12] planet 33: queue busy, throttled building_robot_factory
[2026-05-12 08:36:36] ==== loop 250/∞ | seed=1088130647731202695 archetype=turbo personality=tecnologico focus=tech actions_per_loop=3 ====
[08:36:36] planet 33: queue busy, throttled building_robot_factory
[08:36:36] planet 33: queue busy, throttled building_robot_factory
[08:36:36] planet 33: queue busy, throttled building_robot_factory
[08:36:36] research: blocked research_energy_technology (building_laboratory 0/1)
[2026-05-12 08:37:01] ==== loop 251/∞ | seed=1088130647731202695 archetype=turbo personality=tecnologico focus=tech actions_per_loop=3 ====
[08:37:01] planet 33: queue busy, throttled building_robot_factory
[08:37:01] planet 33: queue busy, throttled building_robot_factory
[08:37:01] planet 33: queue busy, throttled building_robot_factory
[08:37:01] research: blocked research_energy_technology (building_laboratory 0/1)
[2026-05-12 08:37:25] ==== loop 252/∞ | seed=1088130647731202695 archetype=turbo personality=tecnologico focus=tech actions_per_loop=3 ====
[08:37:25] planet 33: queue busy, throttled building_robot_factory
[08:37:25] planet 33: queue busy, throttled building_robot_factory
[08:37:25] planet 33: queue busy, throttled building_robot_factory
[2026-05-12 08:37:45] ==== loop 253/∞ | seed=1088130647731202695 archetype=turbo personality=tecnologico focus=tech actions_per_loop=3 ====
[08:37:45] planet 33: queue busy, throttled building_robot_factory
[08:37:45] planet 33: queue busy, throttled building_robot_factory
[08:37:45] planet 33: queue busy, throttled building_robot_factory
[08:37:45] research: blocked research_energy_technology (building_laboratory 0/1)
[2026-05-12 08:38:08] ==== loop 254/∞ | seed=1088130647731202695 archetype=turbo personality=tecnologico focus=tech actions_per_loop=3 ====
[08:38:08] planet 33: queue busy, throttled building_robot_factory
[08:38:08] planet 33: queue busy, throttled building_robot_factory
[08:38:08] planet 33: queue busy, throttled building_robot_factory
[08:38:08] research: blocked research_energy_technology (building_laboratory 0/1)
[2026-05-12 08:38:30] ==== loop 255/∞ | seed=1088130647731202695 archetype=turbo personality=tecnologico focus=tech actions_per_loop=3 ====
[08:38:30] planet 33: queue busy, throttled building_robot_factory
[08:38:30] planet 33: queue busy, throttled building_robot_factory
[08:38:30] planet 33: queue busy, throttled building_robot_factory
[08:38:30] research: blocked research_energy_technology (building_laboratory 0/1)
[2026-05-12 08:38:54] ==== loop 256/∞ | seed=1088130647731202695 archetype=turbo personality=tecnologico focus=tech actions_per_loop=3 ====
[08:38:54] planet 33: queue busy, throttled building_robot_factory
[08:38:54] planet 33: queue busy, throttled building_robot_factory
[08:38:54] planet 33: queue busy, throttled building_robot_factory
[08:38:54] research: blocked research_energy_technology (building_laboratory 0/1)
[2026-05-12 08:39:16] ==== loop 257/∞ | seed=1088130647731202695 archetype=turbo personality=tecnologico focus=tech actions_per_loop=3 ====
[08:39:16] planet 33: queue busy, throttled building_robot_factory
[08:39:16] planet 33: queue busy, throttled building_robot_factory
[08:39:16] planet 33: queue busy, throttled building_robot_factory
[08:39:16] research: blocked research_energy_technology (building_laboratory 0/1)
[2026-05-12 08:39:38] ==== loop 258/∞ | seed=1088130647731202695 archetype=turbo personality=tecnologico focus=tech actions_per_loop=3 ====
[08:39:38] planet 33: queue busy, throttled building_robot_factory
[08:39:38] planet 33: queue busy, throttled building_robot_factory
[08:39:38] planet 33: queue busy, throttled building_robot_factory
[08:39:38] research: blocked research_energy_technology (building_laboratory 0/1)
[2026-05-12 08:40:00] ==== loop 259/∞ | seed=1088130647731202695 archetype=turbo personality=tecnologico focus=tech actions_per_loop=3 ====
[08:40:00] planet 33: queue busy, throttled building_robot_factory
[08:40:00] planet 33: queue busy, throttled building_robot_factory
[08:40:00] planet 33: queue busy, throttled building_robot_factory
[2026-05-12 08:40:20] ==== loop 260/∞ | seed=1088130647731202695 archetype=turbo personality=tecnologico focus=tech actions_per_loop=3 ====
[08:40:20] planet 33: queue busy, throttled building_robot_factory
[08:40:20] planet 33: queue busy, throttled building_robot_factory
[08:40:20] planet 33: queue busy, throttled building_robot_factory
[08:40:20] research: blocked research_energy_technology (building_laboratory 0/1)
[2026-05-12 08:40:45] ==== loop 261/∞ | seed=1088130647731202695 archetype=turbo personality=tecnologico focus=tech actions_per_loop=3 ====
[08:40:45] planet 33: queue busy, throttled building_robot_factory
[08:40:45] planet 33: queue busy, throttled building_robot_factory
[08:40:45] planet 33: queue busy, throttled building_robot_factory
[2026-05-12 08:41:03] ==== loop 262/∞ | seed=1088130647731202695 archetype=turbo personality=tecnologico focus=tech actions_per_loop=3 ====
[08:41:03] planet 33: queue busy, throttled building_robot_factory
[08:41:03] planet 33: queue busy, throttled building_robot_factory
[08:41:03] planet 33: queue busy, throttled building_robot_factory
[08:41:03] research: blocked research_energy_technology (building_laboratory 0/1)
[2026-05-12 08:41:27] ==== loop 263/∞ | seed=1088130647731202695 archetype=turbo personality=tecnologico focus=tech actions_per_loop=3 ====
[08:41:27] planet 33: queue busy, throttled building_robot_factory
[08:41:27] planet 33: queue busy, throttled building_robot_factory
[2026-05-12 08:41:46] ==== loop 264/∞ | seed=1088130647731202695 archetype=turbo personality=tecnologico focus=tech actions_per_loop=3 ====
[08:41:46] planet 33: queue busy, throttled building_robot_factory
[08:41:46] planet 33: queue busy, throttled building_robot_factory
[08:41:46] planet 33: queue busy, throttled building_robot_factory
[08:41:46] research: blocked research_energy_technology (building_laboratory 0/1)
[2026-05-12 08:42:06] ==== loop 265/∞ | seed=1088130647731202695 archetype=turbo personality=tecnologico focus=tech actions_per_loop=3 ====
[08:42:06] planet 33: queue busy, throttled building_robot_factory
[08:42:06] planet 33: queue busy, throttled building_robot_factory
[08:42:06] planet 33: queue busy, throttled building_robot_factory
[08:42:06] research: blocked research_energy_technology (building_laboratory 0/1)
[2026-05-12 08:42:29] ==== loop 266/∞ | seed=1088130647731202695 archetype=turbo personality=tecnologico focus=tech actions_per_loop=3 ====
[08:42:29] planet 33: queue busy, throttled building_robot_factory
[08:42:29] planet 33: queue busy, throttled building_robot_factory
[08:42:29] planet 33: queue busy, throttled building_robot_factory
[2026-05-12 08:42:52] ==== loop 267/∞ | seed=1088130647731202695 archetype=turbo personality=tecnologico focus=tech actions_per_loop=3 ====
[08:42:52] planet 33: queue busy, throttled building_robot_factory
[08:42:52] planet 33: queue busy, throttled building_robot_factory
[08:42:52] planet 33: queue busy, throttled building_robot_factory
[2026-05-12 08:43:11] ==== loop 268/∞ | seed=1088130647731202695 archetype=turbo personality=tecnologico focus=tech actions_per_loop=3 ====
[08:43:11] planet 33: queue busy, throttled building_robot_factory
[08:43:11] planet 33: queue busy, throttled building_robot_factory
[08:43:11] planet 33: queue busy, throttled building_robot_factory
[2026-05-12 08:43:30] ==== loop 269/∞ | seed=1088130647731202695 archetype=turbo personality=tecnologico focus=tech actions_per_loop=3 ====
[08:43:30] planet 33: queue busy, throttled building_robot_factory
[08:43:30] planet 33: queue busy, throttled building_robot_factory
[08:43:30] planet 33: queue busy, throttled building_robot_factory
[08:43:30] research: blocked research_energy_technology (building_laboratory 0/1)
[2026-05-12 08:43:49] ==== loop 270/∞ | seed=1088130647731202695 archetype=turbo personality=tecnologico focus=tech actions_per_loop=3 ====
[08:43:49] planet 33: queue busy, throttled building_robot_factory
[08:43:49] planet 33: queue busy, throttled building_robot_factory
[08:43:49] planet 33: queue busy, throttled building_robot_factory
[08:43:49] research: blocked research_energy_technology (building_laboratory 0/1)
[2026-05-12 08:44:10] ==== loop 271/∞ | seed=1088130647731202695 archetype=turbo personality=tecnologico focus=tech actions_per_loop=3 ====
[08:44:10] planet 33: queue busy, throttled building_robot_factory
[08:44:10] planet 33: queue busy, throttled building_robot_factory
[08:44:10] planet 33: queue busy, throttled building_robot_factory
[08:44:10] research: blocked research_energy_technology (building_laboratory 0/1)
[2026-05-12 08:44:27] ==== loop 272/∞ | seed=1088130647731202695 archetype=turbo personality=tecnologico focus=tech actions_per_loop=3 ====
[08:44:27] planet 33: queue busy, throttled building_robot_factory
[08:44:27] planet 33: queue busy, throttled building_robot_factory
[08:44:27] planet 33: queue busy, throttled building_robot_factory
[08:44:27] research: blocked research_energy_technology (building_laboratory 0/1)
[2026-05-12 08:44:48] ==== loop 273/∞ | seed=1088130647731202695 archetype=turbo personality=tecnologico focus=tech actions_per_loop=3 ====
[08:44:48] planet 33: queue busy, throttled building_robot_factory
[08:44:48] planet 33: queue busy, throttled building_robot_factory
[08:44:48] planet 33: queue busy, throttled building_robot_factory
[08:44:48] research: blocked research_energy_technology (building_laboratory 0/1)
[2026-05-12 08:45:09] ==== loop 274/∞ | seed=1088130647731202695 archetype=turbo personality=tecnologico focus=tech actions_per_loop=3 ====
[08:45:09] planet 33: queue busy, throttled building_robot_factory
[08:45:09] planet 33: queue busy, throttled building_robot_factory
[08:45:09] planet 33: queue busy, throttled building_robot_factory
[08:45:09] research: blocked research_energy_technology (building_laboratory 0/1)
[2026-05-12 08:45:29] ==== loop 275/∞ | seed=1088130647731202695 archetype=turbo personality=tecnologico focus=tech actions_per_loop=3 ====
[08:45:29] planet 33: queue busy, throttled building_robot_factory
[08:45:29] planet 33: queue busy, throttled building_robot_factory
[08:45:29] planet 33: queue busy, throttled building_robot_factory
[08:45:29] research: blocked research_energy_technology (building_laboratory 0/1)
[2026-05-12 08:45:50] ==== loop 276/∞ | seed=1088130647731202695 archetype=turbo personality=tecnologico focus=tech actions_per_loop=3 ====
[08:45:50] planet 33: queue busy, throttled building_robot_factory
[08:45:50] planet 33: queue busy, throttled building_robot_factory
[2026-05-12 08:46:11] ==== loop 277/∞ | seed=1088130647731202695 archetype=turbo personality=tecnologico focus=tech actions_per_loop=3 ====
[08:46:11] planet 33: queue busy, throttled building_robot_factory
[08:46:11] planet 33: queue busy, throttled building_robot_factory
[08:46:11] planet 33: queue busy, throttled building_robot_factory
[2026-05-12 08:46:34] ==== loop 278/∞ | seed=1088130647731202695 archetype=turbo personality=tecnologico focus=tech actions_per_loop=3 ====
[08:46:34] planet 33: queue busy, throttled building_robot_factory
[08:46:34] planet 33: queue busy, throttled building_robot_factory
[08:46:34] planet 33: queue busy, throttled building_robot_factory
[08:46:34] research: blocked research_energy_technology (building_laboratory 0/1)
[2026-05-12 08:46:53] ==== loop 279/∞ | seed=1088130647731202695 archetype=turbo personality=tecnologico focus=tech actions_per_loop=3 ====
[08:46:53] planet 33: queue busy, throttled building_robot_factory
[08:46:53] planet 33: queue busy, throttled building_robot_factory
[08:46:53] planet 33: queue busy, throttled building_robot_factory
[08:46:53] research: blocked research_energy_technology (building_laboratory 0/1)
[2026-05-12 08:47:15] ==== loop 280/∞ | seed=1088130647731202695 archetype=turbo personality=tecnologico focus=tech actions_per_loop=3 ====
[08:47:15] planet 33: queue busy, throttled building_robot_factory
[08:47:15] planet 33: queue busy, throttled building_robot_factory
[08:47:15] planet 33: queue busy, throttled building_robot_factory
[08:47:15] research: blocked research_energy_technology (building_laboratory 0/1)
[2026-05-12 08:47:33] ==== loop 281/∞ | seed=1088130647731202695 archetype=turbo personality=tecnologico focus=tech actions_per_loop=3 ====
[08:47:33] planet 33: queue busy, throttled building_robot_factory
[08:47:33] planet 33: queue busy, throttled building_robot_factory
[08:47:33] planet 33: queue busy, throttled building_robot_factory
[08:47:33] research: blocked research_energy_technology (building_laboratory 0/1)
[2026-05-12 08:47:53] ==== loop 282/∞ | seed=1088130647731202695 archetype=turbo personality=tecnologico focus=tech actions_per_loop=3 ====
[08:47:53] planet 33: queue busy, throttled building_robot_factory
[08:47:53] planet 33: queue busy, throttled building_robot_factory
[08:47:53] planet 33: queue busy, throttled building_robot_factory
[2026-05-12 08:48:14] ==== loop 283/∞ | seed=1088130647731202695 archetype=turbo personality=tecnologico focus=tech actions_per_loop=3 ====
[08:48:14] planet 33: queue busy, throttled building_robot_factory
[08:48:14] planet 33: queue busy, throttled building_robot_factory
[08:48:14] planet 33: queue busy, throttled building_robot_factory
[08:48:14] research: blocked research_energy_technology (building_laboratory 0/1)
[2026-05-12 08:48:33] ==== loop 284/∞ | seed=1088130647731202695 archetype=turbo personality=tecnologico focus=tech actions_per_loop=3 ====
[08:48:33] planet 33: queue busy, throttled building_robot_factory
[08:48:33] planet 33: queue busy, throttled building_robot_factory
[08:48:33] planet 33: queue busy, throttled building_robot_factory
[08:48:33] research: blocked research_energy_technology (building_laboratory 0/1)
[2026-05-12 08:48:52] ==== loop 285/∞ | seed=1088130647731202695 archetype=turbo personality=tecnologico focus=tech actions_per_loop=3 ====
[08:48:52] planet 33: queue busy, throttled building_robot_factory
[08:48:52] planet 33: queue busy, throttled building_robot_factory
[08:48:52] planet 33: queue busy, throttled building_robot_factory
[2026-05-12 08:49:11] ==== loop 286/∞ | seed=1088130647731202695 archetype=turbo personality=tecnologico focus=tech actions_per_loop=3 ====
[08:49:11] planet 33: queue busy, throttled building_robot_factory
[08:49:11] planet 33: queue busy, throttled building_robot_factory
[2026-05-12 08:49:28] ==== loop 287/∞ | seed=1088130647731202695 archetype=turbo personality=tecnologico focus=tech actions_per_loop=3 ====
[08:49:28] planet 33: queue busy, throttled building_robot_factory
[08:49:28] planet 33: queue busy, throttled building_robot_factory
[08:49:28] planet 33: queue busy, throttled building_robot_factory
[2026-05-12 08:49:46] ==== loop 288/∞ | seed=1088130647731202695 archetype=turbo personality=tecnologico focus=tech actions_per_loop=3 ====
[08:49:46] planet 33: queue busy, throttled building_robot_factory
[08:49:46] planet 33: queue busy, throttled building_robot_factory
[08:49:46] planet 33: queue busy, throttled building_robot_factory
[08:49:46] research: blocked research_energy_technology (building_laboratory 0/1)
[2026-05-12 08:50:06] ==== loop 289/∞ | seed=1088130647731202695 archetype=turbo personality=tecnologico focus=tech actions_per_loop=3 ====
[08:50:06] planet 33: queue busy, throttled building_robot_factory
[08:50:06] planet 33: queue busy, throttled building_robot_factory
[08:50:06] planet 33: queue busy, throttled building_robot_factory
[08:50:06] research: blocked research_energy_technology (building_laboratory 0/1)
[2026-05-12 08:50:26] ==== loop 290/∞ | seed=1088130647731202695 archetype=turbo personality=tecnologico focus=tech actions_per_loop=3 ====
[08:50:26] planet 33: queue busy, throttled building_robot_factory
[08:50:26] planet 33: queue busy, throttled building_robot_factory
[08:50:26] planet 33: queue busy, throttled building_robot_factory
[08:50:26] research: blocked research_energy_technology (building_laboratory 0/1)
[2026-05-12 08:50:44] ==== loop 291/∞ | seed=1088130647731202695 archetype=turbo personality=tecnologico focus=tech actions_per_loop=3 ====
[08:50:44] planet 33: queue busy, throttled building_robot_factory
[08:50:44] planet 33: queue busy, throttled building_robot_factory
[08:50:44] planet 33: queue busy, throttled building_robot_factory
[08:50:44] research: blocked research_energy_technology (building_laboratory 0/1)
[2026-05-12 08:51:07] ==== loop 292/∞ | seed=1088130647731202695 archetype=turbo personality=tecnologico focus=tech actions_per_loop=3 ====
[08:51:07] planet 33: queue busy, throttled building_robot_factory
[08:51:07] planet 33: queue busy, throttled building_robot_factory
[08:51:07] planet 33: queue busy, throttled building_robot_factory
[08:51:07] research: blocked research_energy_technology (building_laboratory 0/1)
[2026-05-12 08:51:27] ==== loop 293/∞ | seed=1088130647731202695 archetype=turbo personality=tecnologico focus=tech actions_per_loop=3 ====
[08:51:27] planet 33: queue busy, throttled building_robot_factory
[08:51:27] planet 33: queue busy, throttled building_robot_factory
[08:51:27] planet 33: queue busy, throttled building_robot_factory
[08:51:27] research: blocked research_energy_technology (building_laboratory 0/1)
[2026-05-12 08:51:51] ==== loop 294/∞ | seed=1088130647731202695 archetype=turbo personality=tecnologico focus=tech actions_per_loop=3 ====
[08:51:51] planet 33: queue busy, throttled building_robot_factory
[08:51:51] planet 33: queue busy, throttled building_robot_factory
[08:51:51] planet 33: queue busy, throttled building_robot_factory
[08:51:51] research: blocked research_energy_technology (building_laboratory 0/1)
[2026-05-12 08:52:12] ==== loop 295/∞ | seed=1088130647731202695 archetype=turbo personality=tecnologico focus=tech actions_per_loop=3 ====
[08:52:12] planet 33: queue busy, throttled building_robot_factory
[08:52:12] planet 33: queue busy, throttled building_robot_factory
[08:52:12] research: blocked research_energy_technology (building_laboratory 0/1)
[2026-05-12 08:52:37] ==== loop 296/∞ | seed=1088130647731202695 archetype=turbo personality=tecnologico focus=tech actions_per_loop=3 ====
[08:52:37] planet 33: queue busy, throttled building_robot_factory
[08:52:37] planet 33: queue busy, throttled building_robot_factory
[08:52:37] planet 33: queue busy, throttled building_robot_factory
[2026-05-12 08:53:00] ==== loop 297/∞ | seed=1088130647731202695 archetype=turbo personality=tecnologico focus=tech actions_per_loop=3 ====
[08:53:00] planet 33: queue busy, throttled building_robot_factory
[08:53:00] planet 33: queue busy, throttled building_robot_factory
[08:53:00] research: blocked research_energy_technology (building_laboratory 0/1)
[2026-05-12 08:53:24] ==== loop 298/∞ | seed=1088130647731202695 archetype=turbo personality=tecnologico focus=tech actions_per_loop=3 ====
[08:53:24] planet 33: queue busy, throttled building_robot_factory
[08:53:24] planet 33: queue busy, throttled building_robot_factory
[08:53:24] planet 33: queue busy, throttled building_robot_factory
[08:53:24] research: blocked research_energy_technology (building_laboratory 0/1)
[2026-05-12 08:53:47] ==== loop 299/∞ | seed=1088130647731202695 archetype=turbo personality=tecnologico focus=tech actions_per_loop=3 ====
[08:53:47] planet 33: queue busy, throttled building_robot_factory
[08:53:47] planet 33: queue busy, throttled building_robot_factory
[08:53:47] research: blocked research_energy_technology (building_laboratory 0/1)
[2026-05-12 08:54:09] ==== loop 300/∞ | seed=1088130647731202695 archetype=turbo personality=tecnologico focus=tech actions_per_loop=3 ====
[08:54:09] planet 33: queue busy, throttled building_robot_factory
[08:54:09] planet 33: queue busy, throttled building_robot_factory
[08:54:09] planet 33: queue busy, throttled building_robot_factory
[08:54:09] research: blocked research_energy_technology (building_laboratory 0/1)
[2026-05-12 08:54:31] ==== loop 301/∞ | seed=1088130647731202695 archetype=turbo personality=tecnologico focus=tech actions_per_loop=3 ====
[08:54:31] planet 33: queue busy, throttled building_robot_factory
[08:54:31] planet 33: queue busy, throttled building_robot_factory
[08:54:31] planet 33: queue busy, throttled building_robot_factory
[08:54:31] research: blocked research_energy_technology (building_laboratory 0/1)
[2026-05-12 08:54:53] ==== loop 302/∞ | seed=1088130647731202695 archetype=turbo personality=tecnologico focus=tech actions_per_loop=3 ====
[08:54:53] planet 33: queue busy, throttled building_robot_factory
[08:54:53] planet 33: queue busy, throttled building_robot_factory
[08:54:53] research: blocked research_energy_technology (building_laboratory 0/1)
[2026-05-12 08:55:14] ==== loop 303/∞ | seed=1088130647731202695 archetype=turbo personality=tecnologico focus=tech actions_per_loop=3 ====
[08:55:14] planet 33: queue busy, throttled building_robot_factory
[08:55:14] planet 33: queue busy, throttled building_robot_factory
[08:55:14] planet 33: queue busy, throttled building_robot_factory
[08:55:14] research: blocked research_energy_technology (building_laboratory 0/1)
[2026-05-12 08:55:38] ==== loop 304/∞ | seed=1088130647731202695 archetype=turbo personality=tecnologico focus=tech actions_per_loop=3 ====
[08:55:38] planet 33: queue busy, throttled building_robot_factory
[08:55:38] planet 33: queue busy, throttled building_robot_factory
[08:55:38] planet 33: queue busy, throttled building_robot_factory
[08:55:38] research: blocked research_energy_technology (building_laboratory 0/1)
[2026-05-12 08:56:00] ==== loop 305/∞ | seed=1088130647731202695 archetype=turbo personality=tecnologico focus=tech actions_per_loop=3 ====
[08:56:00] planet 33: queue busy, throttled building_robot_factory
[08:56:00] planet 33: queue busy, throttled building_robot_factory
[08:56:00] planet 33: queue busy, throttled building_robot_factory
[2026-05-12 08:56:24] ==== loop 306/∞ | seed=1088130647731202695 archetype=turbo personality=tecnologico focus=tech actions_per_loop=3 ====
[08:56:24] planet 33: queue busy, throttled building_robot_factory
[08:56:24] planet 33: queue busy, throttled building_robot_factory
[08:56:24] planet 33: queue busy, throttled building_robot_factory
[08:56:24] research: blocked research_energy_technology (building_laboratory 0/1)
[2026-05-12 08:56:46] ==== loop 307/∞ | seed=1088130647731202695 archetype=turbo personality=tecnologico focus=tech actions_per_loop=3 ====
[08:56:46] planet 33: queue busy, throttled building_robot_factory
[08:56:46] planet 33: queue busy, throttled building_robot_factory
[08:56:46] planet 33: queue busy, throttled building_robot_factory
[08:56:46] research: blocked research_energy_technology (building_laboratory 0/1)
[2026-05-12 08:57:08] ==== loop 308/∞ | seed=1088130647731202695 archetype=turbo personality=tecnologico focus=tech actions_per_loop=3 ====
[08:57:08] planet 33: queue busy, throttled building_robot_factory
[08:57:08] planet 33: queue busy, throttled building_robot_factory
[08:57:08] planet 33: queue busy, throttled building_robot_factory
[08:57:08] research: blocked research_energy_technology (building_laboratory 0/1)
[2026-05-12 08:57:32] ==== loop 309/∞ | seed=1088130647731202695 archetype=turbo personality=tecnologico focus=tech actions_per_loop=3 ====
[08:57:32] planet 33: queue busy, throttled building_robot_factory
[08:57:32] planet 33: queue busy, throttled building_robot_factory
[08:57:32] planet 33: queue busy, throttled building_robot_factory
[08:57:32] research: blocked research_energy_technology (building_laboratory 0/1)
[2026-05-12 08:57:56] ==== loop 310/∞ | seed=1088130647731202695 archetype=turbo personality=tecnologico focus=tech actions_per_loop=3 ====
[08:57:56] planet 33: queue busy, throttled building_robot_factory
[08:57:56] planet 33: queue busy, throttled building_robot_factory
[08:57:56] planet 33: queue busy, throttled building_robot_factory
[08:57:56] research: blocked research_energy_technology (building_laboratory 0/1)
[2026-05-12 08:58:19] ==== loop 311/∞ | seed=1088130647731202695 archetype=turbo personality=tecnologico focus=tech actions_per_loop=3 ====
[08:58:20] planet 33: queue busy, throttled building_robot_factory
[08:58:20] planet 33: queue busy, throttled building_robot_factory
[08:58:20] planet 33: queue busy, throttled building_robot_factory
[08:58:20] research: blocked research_energy_technology (building_laboratory 0/1)
[2026-05-12 08:58:42] ==== loop 312/∞ | seed=1088130647731202695 archetype=turbo personality=tecnologico focus=tech actions_per_loop=3 ====
[08:58:42] planet 33: queue busy, throttled building_robot_factory
[08:58:42] planet 33: queue busy, throttled building_robot_factory
[08:58:42] planet 33: queue busy, throttled building_robot_factory
[2026-05-12 08:59:07] ==== loop 313/∞ | seed=1088130647731202695 archetype=turbo personality=tecnologico focus=tech actions_per_loop=3 ====
[08:59:07] planet 33: queue busy, throttled building_robot_factory
[08:59:07] planet 33: queue busy, throttled building_robot_factory
[08:59:07] planet 33: queue busy, throttled building_robot_factory
[08:59:07] research: blocked research_energy_technology (building_laboratory 0/1)
[2026-05-12 08:59:34] ==== loop 314/∞ | seed=1088130647731202695 archetype=turbo personality=tecnologico focus=tech actions_per_loop=3 ====
[08:59:34] planet 33: queue busy, throttled building_robot_factory
[08:59:34] planet 33: queue busy, throttled building_robot_factory
[08:59:34] planet 33: queue busy, throttled building_robot_factory
[08:59:34] research: blocked research_energy_technology (building_laboratory 0/1)
[2026-05-12 08:59:53] ==== loop 315/∞ | seed=1088130647731202695 archetype=turbo personality=tecnologico focus=tech actions_per_loop=3 ====
[08:59:53] planet 33: queue busy, throttled building_robot_factory
[08:59:53] planet 33: queue busy, throttled building_robot_factory
[08:59:53] planet 33: queue busy, throttled building_robot_factory
[08:59:53] research: blocked research_energy_technology (building_laboratory 0/1)
[2026-05-12 09:00:17] ==== loop 316/∞ | seed=1088130647731202695 archetype=turbo personality=tecnologico focus=tech actions_per_loop=3 ====
[09:00:17] planet 33: queue busy, throttled building_robot_factory
[09:00:17] planet 33: queue busy, throttled building_robot_factory
[09:00:17] planet 33: queue busy, throttled building_robot_factory
[09:00:17] research: blocked research_energy_technology (building_laboratory 0/1)
[2026-05-12 09:00:38] ==== loop 317/∞ | seed=1088130647731202695 archetype=turbo personality=tecnologico focus=tech actions_per_loop=3 ====
[09:00:38] planet 33: queue busy, throttled building_robot_factory
[09:00:38] planet 33: queue busy, throttled building_robot_factory
[09:00:38] research: blocked research_energy_technology (building_laboratory 0/1)
[2026-05-12 09:01:02] ==== loop 318/∞ | seed=1088130647731202695 archetype=turbo personality=tecnologico focus=tech actions_per_loop=3 ====
[09:01:02] planet 33: queue busy, throttled building_robot_factory
[09:01:02] planet 33: queue busy, throttled building_robot_factory
[09:01:02] research: blocked research_energy_technology (building_laboratory 0/1)
[2026-05-12 09:01:24] ==== loop 319/∞ | seed=1088130647731202695 archetype=turbo personality=tecnologico focus=tech actions_per_loop=3 ====
[09:01:24] planet 33: queue busy, throttled building_robot_factory
[09:01:24] planet 33: queue busy, throttled building_robot_factory
[09:01:24] planet 33: queue busy, throttled building_robot_factory
[09:01:24] research: blocked research_energy_technology (building_laboratory 0/1)
[2026-05-12 09:01:44] ==== loop 320/∞ | seed=1088130647731202695 archetype=turbo personality=tecnologico focus=tech actions_per_loop=3 ====
[09:01:44] planet 33: queue busy, throttled building_robot_factory
[09:01:44] planet 33: queue busy, throttled building_robot_factory
[09:01:44] planet 33: queue busy, throttled building_robot_factory
[2026-05-12 09:02:07] ==== loop 321/∞ | seed=1088130647731202695 archetype=turbo personality=tecnologico focus=tech actions_per_loop=3 ====
[09:02:07] planet 33: queue busy, throttled building_robot_factory
[09:02:07] planet 33: queue busy, throttled building_robot_factory
[09:02:07] planet 33: queue busy, throttled building_robot_factory
[09:02:07] research: blocked research_energy_technology (building_laboratory 0/1)
[2026-05-12 09:02:28] ==== loop 322/∞ | seed=1088130647731202695 archetype=turbo personality=tecnologico focus=tech actions_per_loop=3 ====
[09:02:28] planet 33: queue busy, throttled building_robot_factory
[09:02:28] planet 33: queue busy, throttled building_robot_factory
[09:02:28] planet 33: queue busy, throttled building_robot_factory
[09:02:28] research: blocked research_energy_technology (building_laboratory 0/1)
[2026-05-12 09:02:46] ==== loop 1/∞ | seed=1088130647731202695 archetype=turbo personality=tecnologico focus=tech actions_per_loop=3 ====
[09:02:47] planet 33: queued building_solar_plant to 22
[09:02:47] research: blocked research_energy_technology (building_laboratory 0/1)
[2026-05-12 09:03:23] ==== loop 2/∞ | seed=1088130647731202695 archetype=turbo personality=tecnologico focus=tech actions_per_loop=3 ====
[09:03:24] planet 33: building queue full (5)
[09:03:24] planet 33: building queue full (5)
[09:03:24] planet 33: building queue full (5)
[09:03:24] research: blocked research_energy_technology (building_laboratory 0/1)
[2026-05-12 09:04:05] ==== loop 3/∞ | seed=1088130647731202695 archetype=turbo personality=tecnologico focus=tech actions_per_loop=3 ====
[09:04:07] planet 33: building queue full (5)
[09:04:07] planet 33: building queue full (5)
[09:04:07] planet 33: building queue full (5)
[09:04:07] research: blocked research_energy_technology (building_laboratory 0/1)
[2026-05-12 09:04:46] ==== loop 4/∞ | seed=1088130647731202695 archetype=turbo personality=tecnologico focus=tech actions_per_loop=3 ====
[09:04:49] planet 33: building queue full (5)
[09:04:49] planet 33: building queue full (5)
[09:04:49] planet 33: building queue full (5)
[2026-05-12 09:05:29] ==== loop 5/∞ | seed=1088130647731202695 archetype=turbo personality=tecnologico focus=tech actions_per_loop=3 ====
[09:05:31] planet 33: building queue full (5)
[09:05:31] planet 33: building queue full (5)
[09:05:31] planet 33: building queue full (5)
[09:05:31] research: blocked research_energy_technology (building_laboratory 0/1)
[2026-05-12 09:06:09] ==== loop 6/∞ | seed=1088130647731202695 archetype=turbo personality=tecnologico focus=tech actions_per_loop=3 ====
[09:06:10] planet 33: building queue full (5)
[09:06:10] planet 33: building queue full (5)
[09:06:10] research: blocked research_energy_technology (building_laboratory 0/1)
[2026-05-12 09:06:52] ==== loop 7/∞ | seed=1088130647731202695 archetype=turbo personality=tecnologico focus=tech actions_per_loop=3 ====
[09:06:53] planet 33: building queue full (5)
[09:06:53] planet 33: building queue full (5)
[09:06:53] planet 33: building queue full (5)
[09:06:53] research: blocked research_energy_technology (building_laboratory 0/1)
[2026-05-12 09:07:41] ==== loop 8/∞ | seed=1088130647731202695 archetype=turbo personality=tecnologico focus=tech actions_per_loop=3 ====
[09:07:43] planet 33: building queue full (5)
[09:07:43] planet 33: building queue full (5)
[09:07:43] planet 33: building queue full (5)
[2026-05-12 09:08:23] ==== loop 9/∞ | seed=1088130647731202695 archetype=turbo personality=tecnologico focus=tech actions_per_loop=3 ====
[09:08:25] planet 33: building queue full (5)
[09:08:25] planet 33: building queue full (5)
[2026-05-12 09:09:05] ==== loop 10/∞ | seed=1088130647731202695 archetype=turbo personality=tecnologico focus=tech actions_per_loop=3 ====
[09:09:07] planet 33: building queue full (5)
[09:09:07] planet 33: building queue full (5)
[09:09:07] planet 33: building queue full (5)
[09:09:07] research: blocked research_energy_technology (building_laboratory 0/1)
[2026-05-12 09:09:50] ==== loop 11/∞ | seed=1088130647731202695 archetype=turbo personality=tecnologico focus=tech actions_per_loop=3 ====
[09:09:53] planet 33: building queue full (5)
[09:09:53] planet 33: building queue full (5)
[09:09:53] planet 33: building queue full (5)
[09:09:53] research: blocked research_energy_technology (building_laboratory 0/1)
[2026-05-12 09:10:34] ==== loop 12/∞ | seed=1088130647731202695 archetype=turbo personality=tecnologico focus=tech actions_per_loop=3 ====
[09:10:36] planet 33: building queue full (5)
[09:10:36] planet 33: building queue full (5)
[09:10:36] planet 33: building queue full (5)
[09:10:36] research: blocked research_energy_technology (building_laboratory 0/1)
[2026-05-12 09:11:12] ==== loop 13/∞ | seed=1088130647731202695 archetype=turbo personality=tecnologico focus=tech actions_per_loop=3 ====
[09:11:14] planet 33: building queue full (5)
[09:11:14] planet 33: building queue full (5)
[09:11:14] planet 33: building queue full (5)
[2026-05-12 09:11:57] ==== loop 14/∞ | seed=1088130647731202695 archetype=turbo personality=tecnologico focus=tech actions_per_loop=3 ====
[09:11:58] planet 33: building queue full (5)
[09:11:58] planet 33: building queue full (5)
[09:11:58] planet 33: building queue full (5)
[09:11:58] research: blocked research_energy_technology (building_laboratory 0/1)
[2026-05-12 09:12:44] ==== loop 15/∞ | seed=1088130647731202695 archetype=turbo personality=tecnologico focus=tech actions_per_loop=3 ====
[09:12:46] planet 33: building queue full (5)
[09:12:46] planet 33: building queue full (5)
[09:12:46] planet 33: building queue full (5)
[09:12:46] research: blocked research_energy_technology (building_laboratory 0/1)
[2026-05-12 09:13:30] ==== loop 16/∞ | seed=1088130647731202695 archetype=turbo personality=tecnologico focus=tech actions_per_loop=3 ====
[09:13:31] planet 33: building queue full (5)
[09:13:31] planet 33: building queue full (5)
[09:13:31] planet 33: building queue full (5)
[09:13:31] research: blocked research_energy_technology (building_laboratory 0/1)
[2026-05-12 09:14:20] ==== loop 17/∞ | seed=1088130647731202695 archetype=turbo personality=tecnologico focus=tech actions_per_loop=3 ====
[09:14:22] planet 33: building queue full (5)
[09:14:22] planet 33: building queue full (5)
[09:14:22] research: blocked research_energy_technology (building_laboratory 0/1)
[2026-05-12 09:15:06] ==== loop 18/∞ | seed=1088130647731202695 archetype=turbo personality=tecnologico focus=tech actions_per_loop=3 ====
[09:15:07] planet 33: building queue full (5)
[09:15:07] planet 33: building queue full (5)
[09:15:07] planet 33: building queue full (5)
[09:15:07] research: blocked research_energy_technology (building_laboratory 0/1)
[2026-05-12 09:15:50] ==== loop 19/∞ | seed=1088130647731202695 archetype=turbo personality=tecnologico focus=tech actions_per_loop=3 ====
[09:15:52] planet 33: building queue full (5)
[09:15:52] planet 33: building queue full (5)
[09:15:52] planet 33: building queue full (5)
[09:15:52] research: blocked research_energy_technology (building_laboratory 0/1)
[2026-05-12 09:16:38] ==== loop 20/∞ | seed=1088130647731202695 archetype=turbo personality=tecnologico focus=tech actions_per_loop=3 ====
[09:16:40] planet 33: building queue full (5)
[09:16:40] planet 33: building queue full (5)
[09:16:40] planet 33: building queue full (5)
[09:16:40] research: blocked research_energy_technology (building_laboratory 0/1)
[2026-05-12 09:17:22] ==== loop 21/∞ | seed=1088130647731202695 archetype=turbo personality=tecnologico focus=tech actions_per_loop=3 ====
[09:17:24] planet 33: building queue full (5)
[09:17:24] planet 33: building queue full (5)
[09:17:24] planet 33: building queue full (5)
[2026-05-12 09:18:11] ==== loop 22/∞ | seed=1088130647731202695 archetype=turbo personality=tecnologico focus=tech actions_per_loop=3 ====
[09:18:13] planet 33: building queue full (5)
[09:18:13] planet 33: building queue full (5)
[09:18:13] planet 33: building queue full (5)
[2026-05-12 09:18:47] ==== loop 1/∞ | seed=1088130647731202695 archetype=turbo personality=tecnologico focus=tech actions_per_loop=3 ====
[09:18:48] planet 33: building queue full (5)
[09:18:48] planet 33: building queue full (5)
[09:18:48] planet 33: building queue full (5)
[09:18:48] research: blocked research_energy_technology (building_laboratory 0/1)
[2026-05-12 09:19:34] ==== loop 2/∞ | seed=1088130647731202695 archetype=turbo personality=tecnologico focus=tech actions_per_loop=3 ====
[09:19:36] planet 33: building queue full (5)
[09:19:36] planet 33: building queue full (5)
[09:19:36] planet 33: building queue full (5)
[2026-05-12 09:20:22] ==== loop 3/∞ | seed=1088130647731202695 archetype=turbo personality=tecnologico focus=tech actions_per_loop=3 ====
[09:20:24] planet 33: building queue full (5)
[09:20:24] planet 33: building queue full (5)
[09:20:24] planet 33: building queue full (5)
[09:20:24] research: blocked research_energy_technology (building_laboratory 0/1)
[2026-05-12 09:21:05] ==== loop 4/∞ | seed=1088130647731202695 archetype=turbo personality=tecnologico focus=tech actions_per_loop=3 ====
[09:21:07] planet 33: building queue full (5)
[09:21:07] planet 33: building queue full (5)
[09:21:07] planet 33: building queue full (5)
[09:21:07] research: blocked research_energy_technology (building_laboratory 0/1)
[2026-05-12 09:21:54] ==== loop 5/∞ | seed=1088130647731202695 archetype=turbo personality=tecnologico focus=tech actions_per_loop=3 ====
[09:21:57] planet 33: building queue full (5)
[09:21:57] planet 33: building queue full (5)
[09:21:57] planet 33: building queue full (5)
[09:21:57] research: blocked research_energy_technology (building_laboratory 0/1)
[2026-05-12 09:22:43] ==== loop 6/∞ | seed=1088130647731202695 archetype=turbo personality=tecnologico focus=tech actions_per_loop=3 ====
[09:22:44] planet 33: building queue full (5)
[09:22:44] planet 33: building queue full (5)
[09:22:44] research: blocked research_energy_technology (building_laboratory 0/1)
[2026-05-12 09:23:30] ==== loop 7/∞ | seed=1088130647731202695 archetype=turbo personality=tecnologico focus=tech actions_per_loop=3 ====
[09:23:31] planet 33: building queue full (5)
[09:23:31] planet 33: building queue full (5)
[09:23:31] planet 33: building queue full (5)
[09:23:31] research: blocked research_energy_technology (building_laboratory 0/1)
[2026-05-12 09:24:13] ==== loop 8/∞ | seed=1088130647731202695 archetype=turbo personality=tecnologico focus=tech actions_per_loop=3 ====
[09:24:15] planet 33: building queue full (5)
[09:24:15] planet 33: building queue full (5)
[09:24:15] planet 33: building queue full (5)
[09:24:15] research: blocked research_energy_technology (building_laboratory 0/1)
[2026-05-12 09:24:55] ==== loop 9/∞ | seed=1088130647731202695 archetype=turbo personality=tecnologico focus=tech actions_per_loop=3 ====
[09:24:57] planet 33: building queue full (5)
[09:24:57] planet 33: building queue full (5)
[09:24:57] planet 33: building queue full (5)
[09:24:57] research: blocked research_energy_technology (building_laboratory 0/1)
[2026-05-12 09:25:43] ==== loop 10/∞ | seed=1088130647731202695 archetype=turbo personality=tecnologico focus=tech actions_per_loop=3 ====
[09:25:46] planet 33: building queue full (5)
[09:25:46] planet 33: building queue full (5)
[09:25:46] planet 33: building queue full (5)
[2026-05-12 09:26:32] ==== loop 11/∞ | seed=1088130647731202695 archetype=turbo personality=tecnologico focus=tech actions_per_loop=3 ====
[09:26:34] planet 33: building queue full (5)
[09:26:34] planet 33: building queue full (5)
[09:26:34] planet 33: building queue full (5)
[09:26:34] research: blocked research_energy_technology (building_laboratory 0/1)
[2026-05-12 09:27:21] ==== loop 12/∞ | seed=1088130647731202695 archetype=turbo personality=tecnologico focus=tech actions_per_loop=3 ====
[09:27:22] planet 33: building queue full (5)
[09:27:22] planet 33: building queue full (5)
[09:27:22] planet 33: building queue full (5)
[2026-05-12 09:28:05] ==== loop 13/∞ | seed=1088130647731202695 archetype=turbo personality=tecnologico focus=tech actions_per_loop=3 ====
[09:28:07] planet 33: building queue full (5)
[09:28:07] planet 33: building queue full (5)
[09:28:07] planet 33: building queue full (5)
[2026-05-12 09:28:53] ==== loop 14/∞ | seed=1088130647731202695 archetype=turbo personality=tecnologico focus=tech actions_per_loop=3 ====
[09:28:56] planet 33: building queue full (5)
[09:28:56] planet 33: building queue full (5)
[09:28:56] planet 33: building queue full (5)
[09:28:56] research: blocked research_energy_technology (building_laboratory 0/1)
[2026-05-12 09:29:41] ==== loop 15/∞ | seed=1088130647731202695 archetype=turbo personality=tecnologico focus=tech actions_per_loop=3 ====
[09:29:42] planet 33: building queue full (5)
[09:29:42] planet 33: building queue full (5)
[09:29:42] planet 33: building queue full (5)
[2026-05-12 09:30:25] ==== loop 16/∞ | seed=1088130647731202695 archetype=turbo personality=tecnologico focus=tech actions_per_loop=3 ====
[09:30:27] planet 33: building queue full (5)
[09:30:27] planet 33: building queue full (5)
[09:30:27] planet 33: building queue full (5)
[2026-05-12 09:31:12] ==== loop 17/∞ | seed=1088130647731202695 archetype=turbo personality=tecnologico focus=tech actions_per_loop=3 ====
[09:31:13] planet 33: building queue full (5)
[09:31:13] planet 33: building queue full (5)
[09:31:13] research: blocked research_energy_technology (building_laboratory 0/1)
[2026-05-12 09:31:56] ==== loop 18/∞ | seed=1088130647731202695 archetype=turbo personality=tecnologico focus=tech actions_per_loop=3 ====
[09:31:58] planet 33: building queue full (5)
[09:31:58] planet 33: building queue full (5)
[09:31:58] planet 33: building queue full (5)
[09:31:58] research: blocked research_energy_technology (building_laboratory 0/1)
[2026-05-12 09:32:39] ==== loop 19/∞ | seed=1088130647731202695 archetype=turbo personality=tecnologico focus=tech actions_per_loop=3 ====
[09:32:41] planet 33: building queue full (5)
[09:32:41] planet 33: building queue full (5)
[09:32:41] planet 33: building queue full (5)
[09:32:41] research: blocked research_energy_technology (building_laboratory 0/1)
[2026-05-12 09:33:21] ==== loop 20/∞ | seed=1088130647731202695 archetype=turbo personality=tecnologico focus=tech actions_per_loop=3 ====
[09:33:23] planet 33: building queue full (5)
[09:33:23] planet 33: building queue full (5)
[09:33:23] planet 33: building queue full (5)
[09:33:23] research: blocked research_energy_technology (building_laboratory 0/1)
[2026-05-12 09:34:16] ==== loop 1/∞ | seed=1088130647731202695 archetype=turbo personality=tecnologico focus=tech actions_per_loop=3 ====
[09:34:18] planet 33: building queue full (5)
[09:34:18] planet 33: building queue full (5)
[09:34:18] planet 33: building queue full (5)
[09:34:18] research: blocked research_energy_technology (building_laboratory 0/1)
[2026-05-12 09:34:58] ==== loop 2/∞ | seed=1088130647731202695 archetype=turbo personality=tecnologico focus=tech actions_per_loop=3 ====
[09:35:01] planet 33: building queue full (5)
[09:35:01] planet 33: building queue full (5)
[09:35:01] planet 33: building queue full (5)
[09:35:01] research: blocked research_energy_technology (building_laboratory 0/1)
[2026-05-12 09:35:42] ==== loop 3/∞ | seed=1088130647731202695 archetype=turbo personality=tecnologico focus=tech actions_per_loop=3 ====
[09:35:44] planet 33: building queue full (5)
[09:35:44] planet 33: building queue full (5)
[09:35:44] planet 33: building queue full (5)
[09:35:44] research: blocked research_energy_technology (building_laboratory 0/1)
[2026-05-12 09:36:22] ==== loop 4/∞ | seed=1088130647731202695 archetype=turbo personality=tecnologico focus=tech actions_per_loop=3 ====
[09:36:23] planet 33: building queue full (5)
[09:36:23] planet 33: building queue full (5)
[09:36:23] planet 33: building queue full (5)
[2026-05-12 09:37:06] ==== loop 5/∞ | seed=1088130647731202695 archetype=turbo personality=tecnologico focus=tech actions_per_loop=3 ====
[09:37:09] planet 33: building queue full (5)
[09:37:09] planet 33: building queue full (5)
[09:37:09] planet 33: building queue full (5)
[09:37:09] research: blocked research_energy_technology (building_laboratory 0/1)
[2026-05-12 09:37:49] ==== loop 6/∞ | seed=1088130647731202695 archetype=turbo personality=tecnologico focus=tech actions_per_loop=3 ====
[09:37:51] planet 33: building queue full (5)
[09:37:51] planet 33: building queue full (5)
[09:37:51] planet 33: building queue full (5)
[2026-05-12 09:38:30] ==== loop 7/∞ | seed=1088130647731202695 archetype=turbo personality=tecnologico focus=tech actions_per_loop=3 ====
[09:38:31] planet 33: building queue full (5)
[09:38:31] planet 33: building queue full (5)
[09:38:31] planet 33: building queue full (5)
[2026-05-12 09:39:09] ==== loop 8/∞ | seed=1088130647731202695 archetype=turbo personality=tecnologico focus=tech actions_per_loop=3 ====
[09:39:11] planet 33: building queue full (5)
[09:39:11] planet 33: building queue full (5)
[09:39:11] planet 33: building queue full (5)
[2026-05-12 09:39:47] ==== loop 9/∞ | seed=1088130647731202695 archetype=turbo personality=tecnologico focus=tech actions_per_loop=3 ====
[09:39:49] planet 33: building queue full (5)
[09:39:49] planet 33: building queue full (5)
[09:39:49] planet 33: building queue full (5)
[2026-05-12 09:40:36] ==== loop 10/∞ | seed=1088130647731202695 archetype=turbo personality=tecnologico focus=tech actions_per_loop=3 ====
[09:40:38] planet 33: building queue full (5)
[09:40:38] planet 33: building queue full (5)
[09:40:38] planet 33: building queue full (5)
[09:40:38] research: blocked research_energy_technology (building_laboratory 0/1)
[2026-05-12 09:41:16] ==== loop 11/∞ | seed=1088130647731202695 archetype=turbo personality=tecnologico focus=tech actions_per_loop=3 ====
[09:41:18] planet 33: building queue full (5)
[09:41:18] planet 33: building queue full (5)
[09:41:18] planet 33: building queue full (5)
[2026-05-12 09:42:00] ==== loop 12/∞ | seed=1088130647731202695 archetype=turbo personality=tecnologico focus=tech actions_per_loop=3 ====
[09:42:01] planet 33: building queue full (5)
[09:42:01] planet 33: building queue full (5)
[09:42:01] research: blocked research_energy_technology (building_laboratory 0/1)
[2026-05-12 09:42:43] ==== loop 13/∞ | seed=1088130647731202695 archetype=turbo personality=tecnologico focus=tech actions_per_loop=3 ====
[09:42:45] planet 33: building queue full (5)
[09:42:45] planet 33: building queue full (5)
[09:42:45] planet 33: building queue full (5)
[2026-05-12 09:43:28] ==== loop 14/∞ | seed=1088130647731202695 archetype=turbo personality=tecnologico focus=tech actions_per_loop=3 ====
[09:43:30] planet 33: building queue full (5)
[09:43:30] planet 33: building queue full (5)
[09:43:30] planet 33: building queue full (5)
[2026-05-12 09:44:10] ==== loop 15/∞ | seed=1088130647731202695 archetype=turbo personality=tecnologico focus=tech actions_per_loop=3 ====
[09:44:12] planet 33: building queue full (5)
[09:44:12] planet 33: building queue full (5)
[09:44:12] planet 33: building queue full (5)
[09:44:12] research: blocked research_energy_technology (building_laboratory 0/1)
[2026-05-12 09:44:53] ==== loop 16/∞ | seed=1088130647731202695 archetype=turbo personality=tecnologico focus=tech actions_per_loop=3 ====
[09:44:56] planet 33: building queue full (5)
[09:44:56] planet 33: building queue full (5)
[09:44:56] planet 33: building queue full (5)
[09:44:56] research: blocked research_energy_technology (building_laboratory 0/1)
[2026-05-12 09:45:35] ==== loop 17/∞ | seed=1088130647731202695 archetype=turbo personality=tecnologico focus=tech actions_per_loop=3 ====
[09:45:37] planet 33: building queue full (5)
[09:45:37] planet 33: building queue full (5)
[09:45:37] planet 33: building queue full (5)
[2026-05-12 09:46:22] ==== loop 18/∞ | seed=1088130647731202695 archetype=turbo personality=tecnologico focus=tech actions_per_loop=3 ====
[09:46:24] planet 33: building queue full (5)
[09:46:24] planet 33: building queue full (5)
[09:46:24] planet 33: building queue full (5)
[2026-05-12 09:47:09] ==== loop 19/∞ | seed=1088130647731202695 archetype=turbo personality=tecnologico focus=tech actions_per_loop=3 ====
[09:47:11] planet 33: building queue full (5)
[09:47:11] planet 33: building queue full (5)
[09:47:11] research: blocked research_energy_technology (building_laboratory 0/1)
[2026-05-12 09:47:50] ==== loop 20/∞ | seed=1088130647731202695 archetype=turbo personality=tecnologico focus=tech actions_per_loop=3 ====
[09:47:53] planet 33: building queue full (5)
[09:47:53] planet 33: building queue full (5)
[09:47:53] planet 33: building queue full (5)
[09:47:53] research: blocked research_energy_technology (building_laboratory 0/1)
[2026-05-12 09:48:39] ==== loop 21/∞ | seed=1088130647731202695 archetype=turbo personality=tecnologico focus=tech actions_per_loop=3 ====
[09:48:41] planet 33: building queue full (5)
[09:48:41] planet 33: building queue full (5)
[09:48:41] planet 33: building queue full (5)
[09:48:41] research: blocked research_energy_technology (building_laboratory 0/1)
[2026-05-12 09:49:24] ==== loop 22/∞ | seed=1088130647731202695 archetype=turbo personality=tecnologico focus=tech actions_per_loop=3 ====
[09:49:27] planet 33: building queue full (5)
[09:49:27] planet 33: building queue full (5)
[09:49:27] planet 33: building queue full (5)
[2026-05-12 09:50:10] ==== loop 23/∞ | seed=1088130647731202695 archetype=turbo personality=tecnologico focus=tech actions_per_loop=3 ====
[09:50:12] planet 33: building queue full (5)
[09:50:12] planet 33: building queue full (5)
[09:50:12] planet 33: building queue full (5)
[09:50:12] research: blocked research_energy_technology (building_laboratory 0/1)
[2026-05-12 09:50:54] ==== loop 24/∞ | seed=1088130647731202695 archetype=turbo personality=tecnologico focus=tech actions_per_loop=3 ====
[09:50:56] planet 33: building queue full (5)
[09:50:56] planet 33: building queue full (5)
[09:50:56] planet 33: building queue full (5)
[09:50:56] research: blocked research_energy_technology (building_laboratory 0/1)
[2026-05-12 09:51:34] ==== loop 25/∞ | seed=1088130647731202695 archetype=turbo personality=tecnologico focus=tech actions_per_loop=3 ====
[09:51:36] planet 33: building queue full (5)
[09:51:36] planet 33: building queue full (5)
[09:51:36] planet 33: building queue full (5)
[09:51:36] research: blocked research_energy_technology (building_laboratory 0/1)
[2026-05-12 09:52:14] ==== loop 26/∞ | seed=1088130647731202695 archetype=turbo personality=tecnologico focus=tech actions_per_loop=3 ====
[09:52:17] planet 33: building queue full (5)
[09:52:17] planet 33: building queue full (5)
[09:52:17] planet 33: building queue full (5)
[2026-05-12 09:52:55] ==== loop 27/∞ | seed=1088130647731202695 archetype=turbo personality=tecnologico focus=tech actions_per_loop=3 ====
[09:52:55] planet 33: building queue full (5)
[09:52:55] planet 33: building queue full (5)
[09:52:55] research: blocked research_energy_technology (building_laboratory 0/1)
[2026-05-12 09:53:32] ==== loop 28/∞ | seed=1088130647731202695 archetype=turbo personality=tecnologico focus=tech actions_per_loop=3 ====
[09:53:35] planet 33: building queue full (5)
[09:53:35] planet 33: building queue full (5)
[09:53:35] planet 33: building queue full (5)
[2026-05-12 09:54:18] ==== loop 29/∞ | seed=1088130647731202695 archetype=turbo personality=tecnologico focus=tech actions_per_loop=3 ====
[09:54:20] planet 33: building queue full (5)
[09:54:20] planet 33: building queue full (5)
[09:54:20] planet 33: building queue full (5)
[09:54:20] research: blocked research_energy_technology (building_laboratory 0/1)
[2026-05-12 09:55:02] ==== loop 30/∞ | seed=1088130647731202695 archetype=turbo personality=tecnologico focus=tech actions_per_loop=3 ====
[09:55:03] planet 33: building queue full (5)
[09:55:03] planet 33: building queue full (5)
[09:55:03] planet 33: building queue full (5)
[09:55:03] research: blocked research_energy_technology (building_laboratory 0/1)
[2026-05-12 09:55:46] ==== loop 31/∞ | seed=1088130647731202695 archetype=turbo personality=tecnologico focus=tech actions_per_loop=3 ====
[09:55:48] planet 33: building queue full (5)
[09:55:48] planet 33: building queue full (5)
[09:55:48] planet 33: building queue full (5)
[09:55:48] research: blocked research_energy_technology (building_laboratory 0/1)
[2026-05-12 09:56:32] ==== loop 32/∞ | seed=1088130647731202695 archetype=turbo personality=tecnologico focus=tech actions_per_loop=3 ====
[09:56:35] planet 33: building queue full (5)
[09:56:35] planet 33: building queue full (5)
[09:56:35] planet 33: building queue full (5)
[2026-05-12 09:57:19] ==== loop 33/∞ | seed=1088130647731202695 archetype=turbo personality=tecnologico focus=tech actions_per_loop=3 ====
[09:57:21] planet 33: building queue full (5)
[09:57:21] planet 33: building queue full (5)
[09:57:21] planet 33: building queue full (5)
[2026-05-12 09:58:03] ==== loop 34/∞ | seed=1088130647731202695 archetype=turbo personality=tecnologico focus=tech actions_per_loop=3 ====
[09:58:06] planet 33: building queue full (5)
[09:58:06] planet 33: building queue full (5)
[09:58:06] planet 33: building queue full (5)
[09:58:06] research: blocked research_energy_technology (building_laboratory 0/1)
[2026-05-12 09:58:50] ==== loop 35/∞ | seed=1088130647731202695 archetype=turbo personality=tecnologico focus=tech actions_per_loop=3 ====
[09:58:52] planet 33: building queue full (5)
[09:58:52] planet 33: building queue full (5)
[09:58:52] planet 33: building queue full (5)
[2026-05-12 09:59:31] ==== loop 36/∞ | seed=1088130647731202695 archetype=turbo personality=tecnologico focus=tech actions_per_loop=3 ====
[09:59:33] planet 33: building queue full (5)
[09:59:33] planet 33: building queue full (5)
[09:59:33] planet 33: building queue full (5)
[09:59:33] research: blocked research_energy_technology (building_laboratory 0/1)
[2026-05-12 10:00:16] ==== loop 37/∞ | seed=1088130647731202695 archetype=turbo personality=tecnologico focus=tech actions_per_loop=3 ====
[10:00:18] planet 33: building queue full (5)
[10:00:18] planet 33: building queue full (5)
[10:00:18] planet 33: building queue full (5)
[10:00:18] research: blocked research_energy_technology (building_laboratory 0/1)
[2026-05-12 10:01:00] ==== loop 38/∞ | seed=1088130647731202695 archetype=turbo personality=tecnologico focus=tech actions_per_loop=3 ====
[10:01:02] planet 33: building queue full (5)
[10:01:02] planet 33: building queue full (5)
[10:01:02] planet 33: building queue full (5)
[10:01:02] research: blocked research_energy_technology (building_laboratory 0/1)
[2026-05-12 10:01:44] ==== loop 39/∞ | seed=1088130647731202695 archetype=turbo personality=tecnologico focus=tech actions_per_loop=3 ====
[10:01:45] planet 33: building queue full (5)
[10:01:45] planet 33: building queue full (5)
[10:01:45] planet 33: building queue full (5)
[2026-05-12 10:02:25] ==== loop 40/∞ | seed=1088130647731202695 archetype=turbo personality=tecnologico focus=tech actions_per_loop=3 ====
[10:02:27] planet 33: building queue full (5)
[10:02:27] planet 33: building queue full (5)
[10:02:27] planet 33: building queue full (5)
[10:02:27] research: blocked research_energy_technology (building_laboratory 0/1)
[2026-05-12 10:03:07] ==== loop 41/∞ | seed=1088130647731202695 archetype=turbo personality=tecnologico focus=tech actions_per_loop=3 ====
[10:03:09] planet 33: building queue full (5)
[10:03:09] planet 33: building queue full (5)
[10:03:09] planet 33: building queue full (5)
[10:03:09] research: blocked research_energy_technology (building_laboratory 0/1)
[2026-05-12 10:03:51] ==== loop 42/∞ | seed=1088130647731202695 archetype=turbo personality=tecnologico focus=tech actions_per_loop=3 ====
[10:03:53] planet 33: building queue full (5)
[10:03:53] planet 33: building queue full (5)
[10:03:53] planet 33: building queue full (5)
[10:03:53] research: blocked research_energy_technology (building_laboratory 0/1)
[2026-05-12 10:04:34] ==== loop 43/∞ | seed=1088130647731202695 archetype=turbo personality=tecnologico focus=tech actions_per_loop=3 ====
[10:04:35] planet 33: building queue full (5)
[10:04:35] planet 33: building queue full (5)
[10:04:35] research: blocked research_energy_technology (building_laboratory 0/1)
[2026-05-12 10:05:17] ==== loop 44/∞ | seed=1088130647731202695 archetype=turbo personality=tecnologico focus=tech actions_per_loop=3 ====
[10:05:19] planet 33: building queue full (5)
[10:05:19] planet 33: building queue full (5)
[10:05:19] planet 33: building queue full (5)
[10:05:19] research: blocked research_energy_technology (building_laboratory 0/1)
[2026-05-12 10:06:03] ==== loop 45/∞ | seed=1088130647731202695 archetype=turbo personality=tecnologico focus=tech actions_per_loop=3 ====
[10:06:04] planet 33: building queue full (5)
[10:06:04] planet 33: building queue full (5)
[10:06:04] planet 33: building queue full (5)
[10:06:04] research: blocked research_energy_technology (building_laboratory 0/1)
[2026-05-12 10:06:47] ==== loop 46/∞ | seed=1088130647731202695 archetype=turbo personality=tecnologico focus=tech actions_per_loop=3 ====
[10:06:49] planet 33: building queue full (5)
[10:06:49] planet 33: building queue full (5)
[10:06:49] research: blocked research_energy_technology (building_laboratory 0/1)
[2026-05-12 10:07:30] ==== loop 47/∞ | seed=1088130647731202695 archetype=turbo personality=tecnologico focus=tech actions_per_loop=3 ====
[10:07:32] planet 33: building queue full (5)
[10:07:32] planet 33: building queue full (5)
[10:07:32] planet 33: building queue full (5)
[2026-05-12 10:08:18] ==== loop 48/∞ | seed=1088130647731202695 archetype=turbo personality=tecnologico focus=tech actions_per_loop=3 ====
[10:08:20] planet 33: building queue full (5)
[10:08:20] planet 33: building queue full (5)
[10:08:20] planet 33: building queue full (5)
[2026-05-12 10:08:59] ==== loop 49/∞ | seed=1088130647731202695 archetype=turbo personality=tecnologico focus=tech actions_per_loop=3 ====
[10:09:01] planet 33: building queue full (5)
[10:09:01] planet 33: building queue full (5)
[10:09:01] planet 33: building queue full (5)
[10:09:01] research: blocked research_energy_technology (building_laboratory 0/1)
[2026-05-12 10:09:43] ==== loop 50/∞ | seed=1088130647731202695 archetype=turbo personality=tecnologico focus=tech actions_per_loop=3 ====
[10:09:44] planet 33: building queue full (5)
[10:09:44] planet 33: building queue full (5)
[10:09:44] planet 33: building queue full (5)
[10:09:44] research: blocked research_energy_technology (building_laboratory 0/1)
[2026-05-12 10:10:27] ==== loop 51/∞ | seed=1088130647731202695 archetype=turbo personality=tecnologico focus=tech actions_per_loop=3 ====
[10:10:28] planet 33: building queue full (5)
[10:10:28] planet 33: building queue full (5)
[10:10:28] planet 33: building queue full (5)
[10:10:28] research: blocked research_energy_technology (building_laboratory 0/1)
[2026-05-12 10:11:17] ==== loop 1/∞ | seed=1088130647731202695 archetype=turbo personality=tecnologico focus=tech actions_per_loop=3 ====
[10:11:19] planet 33: building queue full (5)
[10:11:19] planet 33: building queue full (5)
[10:11:19] planet 33: building queue full (5)
[2026-05-12 10:11:53] ==== loop 2/∞ | seed=1088130647731202695 archetype=turbo personality=tecnologico focus=tech actions_per_loop=3 ====
[10:11:55] planet 33: building queue full (5)
[10:11:55] planet 33: building queue full (5)
[10:11:55] planet 33: building queue full (5)
[10:11:55] research: blocked research_energy_technology (building_laboratory 0/1)
[2026-05-12 10:12:28] ==== loop 3/∞ | seed=1088130647731202695 archetype=turbo personality=tecnologico focus=tech actions_per_loop=3 ====
[10:12:30] planet 33: building queue full (5)
[10:12:30] planet 33: building queue full (5)
[10:12:30] planet 33: building queue full (5)
[10:12:30] research: blocked research_energy_technology (building_laboratory 0/1)
[2026-05-12 10:13:04] ==== loop 4/∞ | seed=1088130647731202695 archetype=turbo personality=tecnologico focus=tech actions_per_loop=3 ====
[10:13:06] planet 33: building queue full (5)
[10:13:06] planet 33: building queue full (5)
[10:13:06] planet 33: building queue full (5)
[10:13:06] research: blocked research_energy_technology (building_laboratory 0/1)
[2026-05-12 10:13:37] ==== loop 5/∞ | seed=1088130647731202695 archetype=turbo personality=tecnologico focus=tech actions_per_loop=3 ====
[10:13:39] planet 33: building queue full (5)
[10:13:39] planet 33: building queue full (5)
[10:13:39] planet 33: building queue full (5)
[2026-05-12 10:14:08] ==== loop 6/∞ | seed=1088130647731202695 archetype=turbo personality=tecnologico focus=tech actions_per_loop=3 ====
[10:14:11] planet 33: building queue full (5)
[10:14:11] planet 33: building queue full (5)
[10:14:11] planet 33: building queue full (5)
[10:14:11] research: blocked research_energy_technology (building_laboratory 0/1)
[2026-05-12 10:14:43] ==== loop 7/∞ | seed=1088130647731202695 archetype=turbo personality=tecnologico focus=tech actions_per_loop=3 ====
[10:14:45] planet 33: building queue full (5)
[10:14:45] planet 33: building queue full (5)
[10:14:45] planet 33: building queue full (5)
[2026-05-12 10:15:21] ==== loop 8/∞ | seed=1088130647731202695 archetype=turbo personality=tecnologico focus=tech actions_per_loop=3 ====
[10:15:24] planet 33: building queue full (5)
[10:15:24] planet 33: building queue full (5)
[10:15:24] planet 33: building queue full (5)
[10:15:24] research: blocked research_energy_technology (building_laboratory 0/1)
[2026-05-12 10:16:02] ==== loop 9/∞ | seed=1088130647731202695 archetype=turbo personality=tecnologico focus=tech actions_per_loop=3 ====
[10:16:03] planet 33: building queue full (5)
[10:16:03] planet 33: building queue full (5)
[10:16:03] planet 33: building queue full (5)
[2026-05-12 10:16:39] ==== loop 10/∞ | seed=1088130647731202695 archetype=turbo personality=tecnologico focus=tech actions_per_loop=3 ====
[10:16:40] planet 33: building queue full (5)
[10:16:40] planet 33: building queue full (5)
[10:16:40] planet 33: building queue full (5)
[2026-05-12 10:17:16] ==== loop 11/∞ | seed=1088130647731202695 archetype=turbo personality=tecnologico focus=tech actions_per_loop=3 ====
[10:17:16] planet 33: building queue full (5)
[10:17:16] planet 33: building queue full (5)
[10:17:16] research: blocked research_energy_technology (building_laboratory 0/1)
[2026-05-12 10:17:53] ==== loop 12/∞ | seed=1088130647731202695 archetype=turbo personality=tecnologico focus=tech actions_per_loop=3 ====
[10:17:55] planet 33: building queue full (5)
[10:17:55] planet 33: building queue full (5)
[10:17:55] planet 33: building queue full (5)
[10:17:55] research: blocked research_energy_technology (building_laboratory 0/1)
[2026-05-12 10:18:33] ==== loop 13/∞ | seed=1088130647731202695 archetype=turbo personality=tecnologico focus=tech actions_per_loop=3 ====
[10:18:34] planet 33: building queue full (5)
[10:18:34] planet 33: building queue full (5)
[10:18:34] planet 33: building queue full (5)
[10:18:34] research: blocked research_energy_technology (building_laboratory 0/1)
[2026-05-12 10:19:10] ==== loop 14/∞ | seed=1088130647731202695 archetype=turbo personality=tecnologico focus=tech actions_per_loop=3 ====
[10:19:12] planet 33: building queue full (5)
[10:19:12] planet 33: building queue full (5)
[10:19:12] planet 33: building queue full (5)
[10:19:12] research: blocked research_energy_technology (building_laboratory 0/1)
[2026-05-12 10:19:48] ==== loop 15/∞ | seed=1088130647731202695 archetype=turbo personality=tecnologico focus=tech actions_per_loop=3 ====
[10:19:50] planet 33: building queue full (5)
[10:19:50] planet 33: building queue full (5)
[10:19:50] planet 33: building queue full (5)
[2026-05-12 10:20:26] ==== loop 16/∞ | seed=1088130647731202695 archetype=turbo personality=tecnologico focus=tech actions_per_loop=3 ====
[10:20:28] planet 33: building queue full (5)
[10:20:28] planet 33: building queue full (5)
[10:20:28] research: blocked research_energy_technology (building_laboratory 0/1)
[2026-05-12 10:21:03] ==== loop 17/∞ | seed=1088130647731202695 archetype=turbo personality=tecnologico focus=tech actions_per_loop=3 ====
[10:21:05] planet 33: building queue full (5)
[10:21:05] planet 33: building queue full (5)
[10:21:05] planet 33: building queue full (5)
[10:21:05] research: blocked research_energy_technology (building_laboratory 0/1)
[2026-05-12 10:21:39] ==== loop 18/∞ | seed=1088130647731202695 archetype=turbo personality=tecnologico focus=tech actions_per_loop=3 ====
[10:21:40] planet 33: building queue full (5)
[10:21:40] planet 33: building queue full (5)
[10:21:40] research: blocked research_energy_technology (building_laboratory 0/1)
[2026-05-12 10:22:14] ==== loop 19/∞ | seed=1088130647731202695 archetype=turbo personality=tecnologico focus=tech actions_per_loop=3 ====
[10:22:15] planet 33: building queue full (5)
[10:22:15] planet 33: building queue full (5)
[10:22:15] planet 33: building queue full (5)
[10:22:15] research: blocked research_energy_technology (building_laboratory 0/1)
[2026-05-12 10:22:51] ==== loop 20/∞ | seed=1088130647731202695 archetype=turbo personality=tecnologico focus=tech actions_per_loop=3 ====
[10:22:53] planet 33: building queue full (5)
[10:22:53] planet 33: building queue full (5)
[10:22:53] planet 33: building queue full (5)
[2026-05-12 10:23:25] ==== loop 21/∞ | seed=1088130647731202695 archetype=turbo personality=tecnologico focus=tech actions_per_loop=3 ====
[10:23:27] planet 33: building queue full (5)
[10:23:27] planet 33: building queue full (5)
[2026-05-12 10:24:04] ==== loop 22/∞ | seed=1088130647731202695 archetype=turbo personality=tecnologico focus=tech actions_per_loop=3 ====
[10:24:06] planet 33: building queue full (5)
[10:24:06] planet 33: building queue full (5)
[10:24:06] planet 33: building queue full (5)
[10:24:06] research: blocked research_energy_technology (building_laboratory 0/1)
[2026-05-12 10:24:42] ==== loop 23/∞ | seed=1088130647731202695 archetype=turbo personality=tecnologico focus=tech actions_per_loop=3 ====
[10:24:44] planet 33: building queue full (5)
[10:24:44] planet 33: building queue full (5)
[10:24:44] planet 33: building queue full (5)
[10:24:44] research: blocked research_energy_technology (building_laboratory 0/1)
[2026-05-12 10:25:17] ==== loop 24/∞ | seed=1088130647731202695 archetype=turbo personality=tecnologico focus=tech actions_per_loop=3 ====
[10:25:19] planet 33: building queue full (5)
[10:25:19] planet 33: building queue full (5)
[10:25:19] planet 33: building queue full (5)
[10:25:19] research: blocked research_energy_technology (building_laboratory 0/1)
[2026-05-12 10:25:56] ==== loop 25/∞ | seed=1088130647731202695 archetype=turbo personality=tecnologico focus=tech actions_per_loop=3 ====
[10:25:58] planet 33: building queue full (5)
[10:25:58] planet 33: building queue full (5)
[10:25:58] planet 33: building queue full (5)
[10:25:58] research: blocked research_energy_technology (building_laboratory 0/1)
[2026-05-12 10:26:33] ==== loop 26/∞ | seed=1088130647731202695 archetype=turbo personality=tecnologico focus=tech actions_per_loop=3 ====
[10:26:34] planet 33: building queue full (5)
[10:26:34] planet 33: building queue full (5)
[10:26:34] research: blocked research_energy_technology (building_laboratory 0/1)
[2026-05-12 10:27:09] ==== loop 27/∞ | seed=1088130647731202695 archetype=turbo personality=tecnologico focus=tech actions_per_loop=3 ====
[10:27:11] planet 33: building queue full (5)
[10:27:11] planet 33: building queue full (5)
[10:27:11] planet 33: building queue full (5)
[10:27:11] research: blocked research_energy_technology (building_laboratory 0/1)
[2026-05-12 10:27:49] ==== loop 28/∞ | seed=1088130647731202695 archetype=turbo personality=tecnologico focus=tech actions_per_loop=3 ====
[10:27:51] planet 33: building queue full (5)
[10:27:51] planet 33: building queue full (5)
[10:27:51] planet 33: building queue full (5)
[10:27:51] research: blocked research_energy_technology (building_laboratory 0/1)
[2026-05-12 10:28:31] ==== loop 29/∞ | seed=1088130647731202695 archetype=turbo personality=tecnologico focus=tech actions_per_loop=3 ====
[10:28:33] planet 33: building queue full (5)
[10:28:33] planet 33: building queue full (5)
[10:28:33] planet 33: building queue full (5)
[2026-05-12 10:29:08] ==== loop 30/∞ | seed=1088130647731202695 archetype=turbo personality=tecnologico focus=tech actions_per_loop=3 ====
[10:29:09] planet 33: building queue full (5)
[10:29:09] planet 33: building queue full (5)
[2026-05-12 10:29:47] ==== loop 31/∞ | seed=1088130647731202695 archetype=turbo personality=tecnologico focus=tech actions_per_loop=3 ====
[10:29:48] planet 33: building queue full (5)
[10:29:48] planet 33: building queue full (5)
[10:29:48] planet 33: building queue full (5)
[10:29:48] research: blocked research_energy_technology (building_laboratory 0/1)
[2026-05-12 10:30:25] ==== loop 32/∞ | seed=1088130647731202695 archetype=turbo personality=tecnologico focus=tech actions_per_loop=3 ====
[10:30:27] planet 33: building queue full (5)
[10:30:27] planet 33: building queue full (5)
[10:30:27] planet 33: building queue full (5)
[2026-05-12 10:31:02] ==== loop 33/∞ | seed=1088130647731202695 archetype=turbo personality=tecnologico focus=tech actions_per_loop=3 ====
[10:31:03] planet 33: building queue full (5)
[10:31:03] planet 33: building queue full (5)
[10:31:03] planet 33: building queue full (5)
[10:31:03] research: blocked research_energy_technology (building_laboratory 0/1)
[2026-05-12 10:31:44] ==== loop 34/∞ | seed=1088130647731202695 archetype=turbo personality=tecnologico focus=tech actions_per_loop=3 ====
[10:31:46] planet 33: building queue full (5)
[10:31:46] planet 33: building queue full (5)
[10:31:46] planet 33: building queue full (5)
[10:31:46] research: blocked research_energy_technology (building_laboratory 0/1)
[2026-05-12 10:32:27] ==== loop 35/∞ | seed=1088130647731202695 archetype=turbo personality=tecnologico focus=tech actions_per_loop=3 ====
[10:32:29] planet 33: building queue full (5)
[10:32:29] planet 33: building queue full (5)
[10:32:29] planet 33: building queue full (5)
[10:32:29] research: blocked research_energy_technology (building_laboratory 0/1)
[2026-05-12 10:33:11] ==== loop 36/∞ | seed=1088130647731202695 archetype=turbo personality=tecnologico focus=tech actions_per_loop=3 ====
[10:33:13] planet 33: building queue full (5)
[10:33:13] planet 33: building queue full (5)
[10:33:13] planet 33: building queue full (5)
[2026-05-12 10:33:54] ==== loop 37/∞ | seed=1088130647731202695 archetype=turbo personality=tecnologico focus=tech actions_per_loop=3 ====
[10:33:57] planet 33: building queue full (5)
[10:33:57] planet 33: building queue full (5)
[10:33:57] planet 33: building queue full (5)
[10:33:57] research: blocked research_energy_technology (building_laboratory 0/1)
[2026-05-12 10:34:36] ==== loop 38/∞ | seed=1088130647731202695 archetype=turbo personality=tecnologico focus=tech actions_per_loop=3 ====
[10:34:37] planet 33: building queue full (5)
[10:34:37] planet 33: building queue full (5)
[10:34:37] planet 33: building queue full (5)
[10:34:37] research: blocked research_energy_technology (building_laboratory 0/1)
[2026-05-12 10:35:17] ==== loop 39/∞ | seed=1088130647731202695 archetype=turbo personality=tecnologico focus=tech actions_per_loop=3 ====
[10:35:19] planet 33: building queue full (5)
[10:35:19] planet 33: building queue full (5)
[10:35:19] planet 33: building queue full (5)
[10:35:19] research: blocked research_energy_technology (building_laboratory 0/1)
[2026-05-12 10:35:56] ==== loop 40/∞ | seed=1088130647731202695 archetype=turbo personality=tecnologico focus=tech actions_per_loop=3 ====
[10:35:57] planet 33: building queue full (5)
[10:35:57] planet 33: building queue full (5)
[10:35:57] planet 33: building queue full (5)
[2026-05-12 10:36:33] ==== loop 41/∞ | seed=1088130647731202695 archetype=turbo personality=tecnologico focus=tech actions_per_loop=3 ====
[10:36:35] planet 33: building queue full (5)
[10:36:35] planet 33: building queue full (5)
[10:36:35] planet 33: building queue full (5)
[10:36:35] research: blocked research_energy_technology (building_laboratory 0/1)
[2026-05-12 10:37:20] ==== loop 42/∞ | seed=1088130647731202695 archetype=turbo personality=tecnologico focus=tech actions_per_loop=3 ====
[10:37:22] planet 33: building queue full (5)
[10:37:22] planet 33: building queue full (5)
[10:37:22] planet 33: building queue full (5)
[10:37:22] research: blocked research_energy_technology (building_laboratory 0/1)
[2026-05-12 10:38:07] ==== loop 43/∞ | seed=1088130647731202695 archetype=turbo personality=tecnologico focus=tech actions_per_loop=3 ====
[10:38:09] planet 33: building queue full (5)
[10:38:09] planet 33: building queue full (5)
[10:38:09] planet 33: building queue full (5)
[10:38:09] research: blocked research_energy_technology (building_laboratory 0/1)
[2026-05-12 10:38:50] ==== loop 44/∞ | seed=1088130647731202695 archetype=turbo personality=tecnologico focus=tech actions_per_loop=3 ====
[10:38:52] planet 33: building queue full (5)
[10:38:52] planet 33: building queue full (5)
[10:38:52] planet 33: building queue full (5)
[2026-05-12 10:39:40] ==== loop 45/∞ | seed=1088130647731202695 archetype=turbo personality=tecnologico focus=tech actions_per_loop=3 ====
[10:39:43] planet 33: building queue full (5)
[10:39:43] planet 33: building queue full (5)
[10:39:43] planet 33: building queue full (5)
[10:39:43] research: blocked research_energy_technology (building_laboratory 0/1)
[2026-05-12 10:40:19] ==== loop 46/∞ | seed=1088130647731202695 archetype=turbo personality=tecnologico focus=tech actions_per_loop=3 ====
[10:40:19] planet 33: building queue full (5)
[10:40:19] planet 33: building queue full (5)
[2026-05-12 10:40:57] ==== loop 47/∞ | seed=1088130647731202695 archetype=turbo personality=tecnologico focus=tech actions_per_loop=3 ====
[10:40:58] planet 33: building queue full (5)
[10:40:58] planet 33: building queue full (5)
[10:40:58] planet 33: building queue full (5)
[2026-05-12 10:41:41] ==== loop 48/∞ | seed=1088130647731202695 archetype=turbo personality=tecnologico focus=tech actions_per_loop=3 ====
[10:41:43] planet 33: building queue full (5)
[10:41:43] planet 33: building queue full (5)
[10:41:43] planet 33: building queue full (5)
[10:41:43] research: blocked research_energy_technology (building_laboratory 0/1)
[2026-05-12 10:42:21] ==== loop 49/∞ | seed=1088130647731202695 archetype=turbo personality=tecnologico focus=tech actions_per_loop=3 ====
[10:42:22] planet 33: building queue full (5)
[10:42:22] planet 33: building queue full (5)
[10:42:22] planet 33: building queue full (5)
[10:42:22] research: blocked research_energy_technology (building_laboratory 0/1)
[2026-05-12 10:43:04] ==== loop 50/∞ | seed=1088130647731202695 archetype=turbo personality=tecnologico focus=tech actions_per_loop=3 ====
[10:43:06] planet 33: building queue full (5)
[10:43:06] planet 33: building queue full (5)
[10:43:06] planet 33: building queue full (5)
[10:43:06] research: blocked research_energy_technology (building_laboratory 0/1)
[2026-05-12 10:43:53] ==== loop 51/∞ | seed=1088130647731202695 archetype=turbo personality=tecnologico focus=tech actions_per_loop=3 ====
[10:43:55] planet 33: building queue full (5)
[10:43:55] planet 33: building queue full (5)
[10:43:55] planet 33: building queue full (5)
[2026-05-12 10:44:34] ==== loop 1/∞ | seed=1088130647731202695 archetype=turbo personality=tecnologico focus=tech actions_per_loop=3 ====
[10:44:37] planet 33: building queue full (5)
[10:44:37] planet 33: building queue full (5)
[10:44:37] planet 33: building queue full (5)
[2026-05-12 10:45:24] ==== loop 2/∞ | seed=1088130647731202695 archetype=turbo personality=tecnologico focus=tech actions_per_loop=3 ====
[10:45:25] planet 33: building queue full (5)
[10:45:25] planet 33: building queue full (5)
[10:45:25] planet 33: building queue full (5)
[10:45:25] research: blocked research_energy_technology (building_laboratory 0/1)
[2026-05-12 10:46:06] ==== loop 3/∞ | seed=1088130647731202695 archetype=turbo personality=tecnologico focus=tech actions_per_loop=3 ====
[10:46:09] planet 33: building queue full (5)
[10:46:09] planet 33: building queue full (5)
[10:46:09] planet 33: building queue full (5)
[10:46:09] research: blocked research_energy_technology (building_laboratory 0/1)
[2026-05-12 10:46:49] ==== loop 4/∞ | seed=1088130647731202695 archetype=turbo personality=tecnologico focus=tech actions_per_loop=3 ====
[10:46:51] planet 33: building queue full (5)
[10:46:51] planet 33: building queue full (5)
[10:46:51] planet 33: building queue full (5)
[2026-05-12 10:47:29] ==== loop 5/∞ | seed=1088130647731202695 archetype=turbo personality=tecnologico focus=tech actions_per_loop=3 ====
[10:47:31] planet 33: building queue full (5)
[10:47:31] planet 33: building queue full (5)
[10:47:31] planet 33: building queue full (5)
[10:47:31] research: blocked research_energy_technology (building_laboratory 0/1)
[2026-05-12 10:48:08] ==== loop 6/∞ | seed=1088130647731202695 archetype=turbo personality=tecnologico focus=tech actions_per_loop=3 ====
[10:48:09] planet 33: building queue full (5)
[10:48:09] planet 33: building queue full (5)
[10:48:09] planet 33: building queue full (5)
[10:48:09] research: blocked research_energy_technology (building_laboratory 0/1)
[2026-05-12 10:48:48] ==== loop 7/∞ | seed=1088130647731202695 archetype=turbo personality=tecnologico focus=tech actions_per_loop=3 ====
[10:48:50] planet 33: building queue full (5)
[10:48:50] planet 33: building queue full (5)
[10:48:50] planet 33: building queue full (5)
[10:48:50] research: blocked research_energy_technology (building_laboratory 0/1)
[2026-05-12 10:49:27] ==== loop 8/∞ | seed=1088130647731202695 archetype=turbo personality=tecnologico focus=tech actions_per_loop=3 ====
[10:49:29] planet 33: building queue full (5)
[10:49:29] planet 33: building queue full (5)
[10:49:29] planet 33: building queue full (5)
[2026-05-12 10:50:09] ==== loop 9/∞ | seed=1088130647731202695 archetype=turbo personality=tecnologico focus=tech actions_per_loop=3 ====
[10:50:12] planet 33: building queue full (5)
[10:50:12] planet 33: building queue full (5)
[10:50:12] planet 33: building queue full (5)
[10:50:12] research: blocked research_energy_technology (building_laboratory 0/1)
[2026-05-12 10:50:56] ==== loop 10/∞ | seed=1088130647731202695 archetype=turbo personality=tecnologico focus=tech actions_per_loop=3 ====
[10:50:58] planet 33: building queue full (5)
[10:50:58] planet 33: building queue full (5)
[10:50:58] planet 33: building queue full (5)
[10:50:58] research: blocked research_energy_technology (building_laboratory 0/1)
[2026-05-12 10:51:43] ==== loop 11/∞ | seed=1088130647731202695 archetype=turbo personality=tecnologico focus=tech actions_per_loop=3 ====
[10:51:45] planet 33: building queue full (5)
[10:51:45] planet 33: building queue full (5)
[10:51:45] planet 33: building queue full (5)
[10:51:45] research: blocked research_energy_technology (building_laboratory 0/1)
[2026-05-12 10:52:27] ==== loop 12/∞ | seed=1088130647731202695 archetype=turbo personality=tecnologico focus=tech actions_per_loop=3 ====
[10:52:28] planet 33: building queue full (5)
[10:52:28] planet 33: building queue full (5)
[10:52:28] planet 33: building queue full (5)
[2026-05-12 10:53:07] ==== loop 13/∞ | seed=1088130647731202695 archetype=turbo personality=tecnologico focus=tech actions_per_loop=3 ====
[10:53:09] planet 33: building queue full (5)
[10:53:09] planet 33: building queue full (5)
[10:53:09] planet 33: building queue full (5)
[10:53:09] research: blocked research_energy_technology (building_laboratory 0/1)
[2026-05-12 10:53:54] ==== loop 14/∞ | seed=1088130647731202695 archetype=turbo personality=tecnologico focus=tech actions_per_loop=3 ====
[10:53:56] planet 33: building queue full (5)
[10:53:56] planet 33: building queue full (5)
[10:53:56] planet 33: building queue full (5)
[10:53:56] research: blocked research_energy_technology (building_laboratory 0/1)
[2026-05-12 10:54:39] ==== loop 15/∞ | seed=1088130647731202695 archetype=turbo personality=tecnologico focus=tech actions_per_loop=3 ====
[10:54:40] planet 33: building queue full (5)
[10:54:40] planet 33: building queue full (5)
[10:54:40] research: blocked research_energy_technology (building_laboratory 0/1)
[2026-05-12 10:55:22] ==== loop 16/∞ | seed=1088130647731202695 archetype=turbo personality=tecnologico focus=tech actions_per_loop=3 ====
[10:55:23] planet 33: building queue full (5)
[10:55:23] planet 33: building queue full (5)
[10:55:23] planet 33: building queue full (5)
[10:55:23] research: blocked research_energy_technology (building_laboratory 0/1)
[2026-05-12 10:56:09] ==== loop 17/∞ | seed=1088130647731202695 archetype=turbo personality=tecnologico focus=tech actions_per_loop=3 ====
[10:56:11] planet 33: building queue full (5)
[10:56:11] planet 33: building queue full (5)
[10:56:11] planet 33: building queue full (5)
[10:56:11] research: blocked research_energy_technology (building_laboratory 0/1)
[2026-05-12 10:56:51] ==== loop 18/∞ | seed=1088130647731202695 archetype=turbo personality=tecnologico focus=tech actions_per_loop=3 ====
[10:56:53] planet 33: building queue full (5)
[10:56:53] planet 33: building queue full (5)
[10:56:53] planet 33: building queue full (5)
[10:56:53] research: blocked research_energy_technology (building_laboratory 0/1)
[2026-05-12 10:57:35] ==== loop 19/∞ | seed=1088130647731202695 archetype=turbo personality=tecnologico focus=tech actions_per_loop=3 ====
[10:57:37] planet 33: building queue full (5)
[10:57:37] planet 33: building queue full (5)
[10:57:37] planet 33: building queue full (5)
[10:57:37] research: blocked research_energy_technology (building_laboratory 0/1)
[2026-05-12 10:58:20] ==== loop 20/∞ | seed=1088130647731202695 archetype=turbo personality=tecnologico focus=tech actions_per_loop=3 ====
[10:58:22] planet 33: building queue full (5)
[10:58:22] planet 33: building queue full (5)
[10:58:22] planet 33: building queue full (5)
[10:58:22] research: blocked research_energy_technology (building_laboratory 0/1)
[2026-05-12 10:59:04] ==== loop 21/∞ | seed=1088130647731202695 archetype=turbo personality=tecnologico focus=tech actions_per_loop=3 ====
[10:59:07] planet 33: building queue full (5)
[10:59:07] planet 33: building queue full (5)
[10:59:07] planet 33: building queue full (5)
[10:59:07] research: blocked research_energy_technology (building_laboratory 0/1)
[2026-05-12 10:59:45] ==== loop 22/∞ | seed=1088130647731202695 archetype=turbo personality=tecnologico focus=tech actions_per_loop=3 ====
[10:59:47] planet 33: building queue full (5)
[10:59:47] planet 33: building queue full (5)
[10:59:47] planet 33: building queue full (5)
[10:59:47] research: blocked research_energy_technology (building_laboratory 0/1)
[2026-05-12 11:00:28] ==== loop 23/∞ | seed=1088130647731202695 archetype=turbo personality=tecnologico focus=tech actions_per_loop=3 ====
[11:00:30] planet 33: building queue full (5)
[11:00:30] planet 33: building queue full (5)
[11:00:30] planet 33: building queue full (5)
[2026-05-12 11:01:12] ==== loop 24/∞ | seed=1088130647731202695 archetype=turbo personality=tecnologico focus=tech actions_per_loop=3 ====
[11:01:13] planet 33: building queue full (5)
[11:01:13] planet 33: building queue full (5)
[11:01:13] planet 33: building queue full (5)
[2026-05-12 11:01:56] ==== loop 25/∞ | seed=1088130647731202695 archetype=turbo personality=tecnologico focus=tech actions_per_loop=3 ====
[11:01:57] planet 33: building queue full (5)
[11:01:57] planet 33: building queue full (5)
[2026-05-12 11:02:40] ==== loop 26/∞ | seed=1088130647731202695 archetype=turbo personality=tecnologico focus=tech actions_per_loop=3 ====
[11:02:42] planet 33: building queue full (5)
[11:02:42] planet 33: building queue full (5)
[11:02:42] planet 33: building queue full (5)
[11:02:42] research: blocked research_energy_technology (building_laboratory 0/1)
[2026-05-12 11:03:29] ==== loop 27/∞ | seed=1088130647731202695 archetype=turbo personality=tecnologico focus=tech actions_per_loop=3 ====
[11:03:31] planet 33: building queue full (5)
[11:03:31] planet 33: building queue full (5)
[11:03:31] planet 33: building queue full (5)
[11:03:31] research: blocked research_energy_technology (building_laboratory 0/1)
[2026-05-12 11:04:17] ==== loop 28/∞ | seed=1088130647731202695 archetype=turbo personality=tecnologico focus=tech actions_per_loop=3 ====
[11:04:20] planet 33: building queue full (5)
[11:04:20] planet 33: building queue full (5)
[11:04:20] planet 33: building queue full (5)
[11:04:20] research: blocked research_energy_technology (building_laboratory 0/1)
[2026-05-12 11:05:04] ==== loop 29/∞ | seed=1088130647731202695 archetype=turbo personality=tecnologico focus=tech actions_per_loop=3 ====
[11:05:05] planet 33: building queue full (5)
[11:05:05] planet 33: building queue full (5)
[11:05:05] planet 33: building queue full (5)
[11:05:05] research: blocked research_energy_technology (building_laboratory 0/1)
[2026-05-12 11:05:50] ==== loop 30/∞ | seed=1088130647731202695 archetype=turbo personality=tecnologico focus=tech actions_per_loop=3 ====
[11:05:52] planet 33: building queue full (5)
[11:05:52] planet 33: building queue full (5)
[11:05:52] planet 33: building queue full (5)
[11:05:52] research: blocked research_energy_technology (building_laboratory 0/1)
[2026-05-12 11:06:36] ==== loop 31/∞ | seed=1088130647731202695 archetype=turbo personality=tecnologico focus=tech actions_per_loop=3 ====
[11:06:37] planet 33: building queue full (5)
[11:06:37] planet 33: building queue full (5)
[11:06:37] planet 33: building queue full (5)
[2026-05-12 11:07:24] ==== loop 32/∞ | seed=1088130647731202695 archetype=turbo personality=tecnologico focus=tech actions_per_loop=3 ====
[11:07:27] planet 33: building queue full (5)
[11:07:27] planet 33: building queue full (5)
[11:07:27] planet 33: building queue full (5)
[11:07:27] research: blocked research_energy_technology (building_laboratory 0/1)
[2026-05-12 11:08:10] ==== loop 33/∞ | seed=1088130647731202695 archetype=turbo personality=tecnologico focus=tech actions_per_loop=3 ====
[11:08:12] planet 33: building queue full (5)
[11:08:12] planet 33: building queue full (5)
[11:08:12] planet 33: building queue full (5)
[11:08:12] research: blocked research_energy_technology (building_laboratory 0/1)
[2026-05-12 11:08:54] ==== loop 34/∞ | seed=1088130647731202695 archetype=turbo personality=tecnologico focus=tech actions_per_loop=3 ====
[11:08:56] planet 33: building queue full (5)
[11:08:56] planet 33: building queue full (5)
[11:08:56] planet 33: building queue full (5)
[2026-05-12 11:09:39] ==== loop 35/∞ | seed=1088130647731202695 archetype=turbo personality=tecnologico focus=tech actions_per_loop=3 ====
[11:09:42] planet 33: building queue full (5)
[11:09:42] planet 33: building queue full (5)
[11:09:42] planet 33: building queue full (5)
[11:09:42] research: blocked research_energy_technology (building_laboratory 0/1)
[2026-05-12 11:10:25] ==== loop 36/∞ | seed=1088130647731202695 archetype=turbo personality=tecnologico focus=tech actions_per_loop=3 ====
[11:10:27] planet 33: building queue full (5)
[11:10:27] planet 33: building queue full (5)
[11:10:27] planet 33: building queue full (5)
[11:10:27] research: blocked research_energy_technology (building_laboratory 0/1)
[2026-05-12 11:11:10] ==== loop 37/∞ | seed=1088130647731202695 archetype=turbo personality=tecnologico focus=tech actions_per_loop=3 ====
[11:11:12] planet 33: building queue full (5)
[11:11:12] planet 33: building queue full (5)
[11:11:12] planet 33: building queue full (5)
[11:11:12] research: blocked research_energy_technology (building_laboratory 0/1)
[2026-05-12 11:11:53] ==== loop 38/∞ | seed=1088130647731202695 archetype=turbo personality=tecnologico focus=tech actions_per_loop=3 ====
[11:11:55] planet 33: building queue full (5)
[11:11:55] planet 33: building queue full (5)
[11:11:55] planet 33: building queue full (5)
[2026-05-12 11:12:34] ==== loop 39/∞ | seed=1088130647731202695 archetype=turbo personality=tecnologico focus=tech actions_per_loop=3 ====
[11:12:35] planet 33: building queue full (5)
[11:12:35] planet 33: building queue full (5)
[11:12:35] planet 33: building queue full (5)
[2026-05-12 11:13:16] ==== loop 40/∞ | seed=1088130647731202695 archetype=turbo personality=tecnologico focus=tech actions_per_loop=3 ====
[11:13:18] planet 33: building queue full (5)
[11:13:18] planet 33: building queue full (5)
[11:13:18] planet 33: building queue full (5)
[11:13:18] research: blocked research_energy_technology (building_laboratory 0/1)
[2026-05-12 11:14:02] ==== loop 41/∞ | seed=1088130647731202695 archetype=turbo personality=tecnologico focus=tech actions_per_loop=3 ====
[11:14:04] planet 33: building queue full (5)
[11:14:04] planet 33: building queue full (5)
[11:14:04] planet 33: building queue full (5)
[2026-05-12 11:14:43] ==== loop 42/∞ | seed=1088130647731202695 archetype=turbo personality=tecnologico focus=tech actions_per_loop=3 ====
[11:14:45] planet 33: building queue full (5)
[11:14:45] planet 33: building queue full (5)
[11:14:45] planet 33: building queue full (5)
[11:14:45] research: blocked research_energy_technology (building_laboratory 0/1)
[2026-05-12 11:15:33] ==== loop 43/∞ | seed=1088130647731202695 archetype=turbo personality=tecnologico focus=tech actions_per_loop=3 ====
[11:15:35] planet 33: building queue full (5)
[11:15:35] planet 33: building queue full (5)
[11:15:35] planet 33: building queue full (5)
[2026-05-12 11:16:22] ==== loop 44/∞ | seed=1088130647731202695 archetype=turbo personality=tecnologico focus=tech actions_per_loop=3 ====
[11:16:23] planet 33: building queue full (5)
[11:16:23] planet 33: building queue full (5)
[11:16:23] planet 33: building queue full (5)
[2026-05-12 11:17:09] ==== loop 45/∞ | seed=1088130647731202695 archetype=turbo personality=tecnologico focus=tech actions_per_loop=3 ====
[11:17:12] planet 33: building queue full (5)
[11:17:12] planet 33: building queue full (5)
[11:17:12] planet 33: building queue full (5)
[11:17:12] research: blocked research_energy_technology (building_laboratory 0/1)
[2026-05-12 11:17:59] ==== loop 46/∞ | seed=1088130647731202695 archetype=turbo personality=tecnologico focus=tech actions_per_loop=3 ====
[11:18:01] planet 33: building queue full (5)
[11:18:01] planet 33: building queue full (5)
[11:18:01] planet 33: building queue full (5)
[2026-05-12 11:18:46] ==== loop 47/∞ | seed=1088130647731202695 archetype=turbo personality=tecnologico focus=tech actions_per_loop=3 ====
[11:18:48] planet 33: building queue full (5)
[11:18:48] planet 33: building queue full (5)
[11:18:48] planet 33: building queue full (5)
[2026-05-12 11:19:31] ==== loop 48/∞ | seed=1088130647731202695 archetype=turbo personality=tecnologico focus=tech actions_per_loop=3 ====
[11:19:34] planet 33: building queue full (5)
[11:19:34] planet 33: building queue full (5)
[11:19:34] planet 33: building queue full (5)
[11:19:34] research: blocked research_energy_technology (building_laboratory 0/1)
[2026-05-12 11:20:13] ==== loop 49/∞ | seed=1088130647731202695 archetype=turbo personality=tecnologico focus=tech actions_per_loop=3 ====
[11:20:15] planet 33: building queue full (5)
[11:20:15] planet 33: building queue full (5)
[11:20:15] planet 33: building queue full (5)
[11:20:15] research: blocked research_energy_technology (building_laboratory 0/1)
[2026-05-12 11:20:58] ==== loop 50/∞ | seed=1088130647731202695 archetype=turbo personality=tecnologico focus=tech actions_per_loop=3 ====
[11:21:01] planet 33: building queue full (5)
[11:21:01] planet 33: building queue full (5)
[11:21:01] planet 33: building queue full (5)
[11:21:01] research: blocked research_energy_technology (building_laboratory 0/1)
[2026-05-12 11:21:39] ==== loop 51/∞ | seed=1088130647731202695 archetype=turbo personality=tecnologico focus=tech actions_per_loop=3 ====
[11:21:41] planet 33: building queue full (5)
[11:21:41] planet 33: building queue full (5)
[11:21:41] planet 33: building queue full (5)
[2026-05-12 11:22:21] ==== loop 52/∞ | seed=1088130647731202695 archetype=turbo personality=tecnologico focus=tech actions_per_loop=3 ====
[11:22:23] planet 33: building queue full (5)
[11:22:23] planet 33: building queue full (5)
[11:22:23] planet 33: building queue full (5)
[2026-05-12 11:23:03] ==== loop 53/∞ | seed=1088130647731202695 archetype=turbo personality=tecnologico focus=tech actions_per_loop=3 ====
[11:23:05] planet 33: building queue full (5)
[11:23:05] planet 33: building queue full (5)
[11:23:05] planet 33: building queue full (5)
[2026-05-12 11:23:44] ==== loop 54/∞ | seed=1088130647731202695 archetype=turbo personality=tecnologico focus=tech actions_per_loop=3 ====
[11:23:47] planet 33: building queue full (5)
[11:23:47] planet 33: building queue full (5)
[11:23:47] planet 33: building queue full (5)
[2026-05-12 11:24:27] ==== loop 55/∞ | seed=1088130647731202695 archetype=turbo personality=tecnologico focus=tech actions_per_loop=3 ====
[11:24:28] planet 33: building queue full (5)
[11:24:28] planet 33: building queue full (5)
[11:24:28] planet 33: building queue full (5)
[2026-05-12 11:25:05] ==== loop 56/∞ | seed=1088130647731202695 archetype=turbo personality=tecnologico focus=tech actions_per_loop=3 ====
[11:25:08] planet 33: building queue full (5)
[11:25:08] planet 33: building queue full (5)
[11:25:08] planet 33: building queue full (5)
[11:25:08] research: blocked research_energy_technology (building_laboratory 0/1)
[2026-05-12 11:25:50] ==== loop 57/∞ | seed=1088130647731202695 archetype=turbo personality=tecnologico focus=tech actions_per_loop=3 ====
[11:25:52] planet 33: building queue full (5)
[11:25:52] planet 33: building queue full (5)
[11:25:52] planet 33: building queue full (5)
[11:25:52] research: blocked research_energy_technology (building_laboratory 0/1)
[2026-05-12 11:26:30] ==== loop 58/∞ | seed=1088130647731202695 archetype=turbo personality=tecnologico focus=tech actions_per_loop=3 ====
[11:26:32] planet 33: building queue full (5)
[11:26:32] planet 33: building queue full (5)
[11:26:32] planet 33: building queue full (5)
[11:26:32] research: blocked research_energy_technology (building_laboratory 0/1)
[2026-05-12 11:27:08] ==== loop 59/∞ | seed=1088130647731202695 archetype=turbo personality=tecnologico focus=tech actions_per_loop=3 ====
[11:27:10] planet 33: building queue full (5)
[11:27:10] planet 33: building queue full (5)
[11:27:10] planet 33: building queue full (5)
[11:27:10] research: blocked research_energy_technology (building_laboratory 0/1)
[2026-05-12 11:27:54] ==== loop 60/∞ | seed=1088130647731202695 archetype=turbo personality=tecnologico focus=tech actions_per_loop=3 ====
[11:27:56] planet 33: building queue full (5)
[11:27:56] planet 33: building queue full (5)
[11:27:56] planet 33: building queue full (5)
[11:27:56] research: blocked research_energy_technology (building_laboratory 0/1)
[2026-05-12 11:28:33] ==== loop 61/∞ | seed=1088130647731202695 archetype=turbo personality=tecnologico focus=tech actions_per_loop=3 ====
[11:28:35] planet 33: building queue full (5)
[11:28:35] planet 33: building queue full (5)
[11:28:35] planet 33: building queue full (5)
[11:28:35] research: blocked research_energy_technology (building_laboratory 0/1)
[2026-05-12 11:29:20] ==== loop 62/∞ | seed=1088130647731202695 archetype=turbo personality=tecnologico focus=tech actions_per_loop=3 ====
[11:29:22] planet 33: building queue full (5)
[11:29:22] planet 33: building queue full (5)
[11:29:22] planet 33: building queue full (5)
[11:29:22] research: blocked research_energy_technology (building_laboratory 0/1)
[2026-05-12 11:30:02] ==== loop 63/∞ | seed=1088130647731202695 archetype=turbo personality=tecnologico focus=tech actions_per_loop=3 ====
[11:30:04] planet 33: building queue full (5)
[11:30:04] planet 33: building queue full (5)
[11:30:04] planet 33: building queue full (5)
[11:30:04] research: blocked research_energy_technology (building_laboratory 0/1)
[2026-05-12 11:30:41] ==== loop 64/∞ | seed=1088130647731202695 archetype=turbo personality=tecnologico focus=tech actions_per_loop=3 ====
[11:30:43] planet 33: building queue full (5)
[11:30:43] planet 33: building queue full (5)
[11:30:43] planet 33: building queue full (5)
[11:30:43] research: blocked research_energy_technology (building_laboratory 0/1)
[2026-05-12 11:31:24] ==== loop 65/∞ | seed=1088130647731202695 archetype=turbo personality=tecnologico focus=tech actions_per_loop=3 ====
[11:31:26] planet 33: building queue full (5)
[11:31:26] planet 33: building queue full (5)
[11:31:26] planet 33: building queue full (5)
[2026-05-12 11:32:07] ==== loop 66/∞ | seed=1088130647731202695 archetype=turbo personality=tecnologico focus=tech actions_per_loop=3 ====
[11:32:08] planet 33: building queue full (5)
[11:32:08] planet 33: building queue full (5)
[11:32:08] research: blocked research_energy_technology (building_laboratory 0/1)
[2026-05-12 11:32:49] ==== loop 67/∞ | seed=1088130647731202695 archetype=turbo personality=tecnologico focus=tech actions_per_loop=3 ====
[11:32:50] planet 33: building queue full (5)
[11:32:50] planet 33: building queue full (5)
[11:32:50] planet 33: building queue full (5)
[2026-05-12 11:33:32] ==== loop 68/∞ | seed=1088130647731202695 archetype=turbo personality=tecnologico focus=tech actions_per_loop=3 ====
[11:33:33] planet 33: building queue full (5)
[11:33:33] planet 33: building queue full (5)
[2026-05-12 11:34:16] ==== loop 69/∞ | seed=1088130647731202695 archetype=turbo personality=tecnologico focus=tech actions_per_loop=3 ====
[11:34:17] planet 33: building queue full (5)
[11:34:17] planet 33: building queue full (5)
[11:34:17] research: blocked research_energy_technology (building_laboratory 0/1)
[2026-05-12 11:35:01] ==== loop 70/∞ | seed=1088130647731202695 archetype=turbo personality=tecnologico focus=tech actions_per_loop=3 ====
[11:35:04] planet 33: building queue full (5)
[11:35:04] planet 33: building queue full (5)
[11:35:04] planet 33: building queue full (5)
[11:35:04] research: blocked research_energy_technology (building_laboratory 0/1)
[2026-05-12 11:35:50] ==== loop 71/∞ | seed=1088130647731202695 archetype=turbo personality=tecnologico focus=tech actions_per_loop=3 ====
[11:35:52] planet 33: building queue full (5)
[11:35:52] planet 33: building queue full (5)
[11:35:52] planet 33: building queue full (5)
[2026-05-12 11:36:38] ==== loop 72/∞ | seed=1088130647731202695 archetype=turbo personality=tecnologico focus=tech actions_per_loop=3 ====
[11:36:40] planet 33: building queue full (5)
[11:36:40] planet 33: building queue full (5)
[11:36:40] planet 33: building queue full (5)
[11:36:40] research: blocked research_energy_technology (building_laboratory 0/1)
[2026-05-12 11:37:25] ==== loop 73/∞ | seed=1088130647731202695 archetype=turbo personality=tecnologico focus=tech actions_per_loop=3 ====
[11:37:26] planet 33: building queue full (5)
[11:37:26] planet 33: building queue full (5)
[11:37:26] research: blocked research_energy_technology (building_laboratory 0/1)
[2026-05-12 11:38:14] ==== loop 74/∞ | seed=1088130647731202695 archetype=turbo personality=tecnologico focus=tech actions_per_loop=3 ====
[11:38:16] planet 33: building queue full (5)
[11:38:16] planet 33: building queue full (5)
[11:38:16] planet 33: building queue full (5)
[11:38:16] research: blocked research_energy_technology (building_laboratory 0/1)
[2026-05-12 11:39:04] ==== loop 75/∞ | seed=1088130647731202695 archetype=turbo personality=tecnologico focus=tech actions_per_loop=3 ====
[11:39:06] planet 33: building queue full (5)
[11:39:06] planet 33: building queue full (5)
[11:39:06] planet 33: building queue full (5)
[11:39:06] research: blocked research_energy_technology (building_laboratory 0/1)
[2026-05-12 11:39:47] ==== loop 76/∞ | seed=1088130647731202695 archetype=turbo personality=tecnologico focus=tech actions_per_loop=3 ====
[11:39:49] planet 33: building queue full (5)
[11:39:49] planet 33: building queue full (5)
[11:39:49] planet 33: building queue full (5)
[11:39:49] research: blocked research_energy_technology (building_laboratory 0/1)
[2026-05-12 11:40:27] ==== loop 77/∞ | seed=1088130647731202695 archetype=turbo personality=tecnologico focus=tech actions_per_loop=3 ====
[11:40:30] planet 33: building queue full (5)
[11:40:30] planet 33: building queue full (5)
[11:40:30] planet 33: building queue full (5)
[11:40:30] research: blocked research_energy_technology (building_laboratory 0/1)
[2026-05-12 11:41:18] ==== loop 78/∞ | seed=1088130647731202695 archetype=turbo personality=tecnologico focus=tech actions_per_loop=3 ====
[11:41:19] planet 33: building queue full (5)
[11:41:19] planet 33: building queue full (5)
[11:41:19] research: blocked research_energy_technology (building_laboratory 0/1)
[2026-05-12 11:42:08] ==== loop 79/∞ | seed=1088130647731202695 archetype=turbo personality=tecnologico focus=tech actions_per_loop=3 ====
[11:42:09] planet 33: building queue full (5)
[11:42:09] planet 33: building queue full (5)
[11:42:09] planet 33: building queue full (5)
[11:42:09] research: blocked research_energy_technology (building_laboratory 0/1)
[2026-05-12 11:42:59] ==== loop 80/∞ | seed=1088130647731202695 archetype=turbo personality=tecnologico focus=tech actions_per_loop=3 ====
[11:43:02] planet 33: building queue full (5)
[11:43:02] planet 33: building queue full (5)
[11:43:02] planet 33: building queue full (5)
[11:43:02] research: blocked research_energy_technology (building_laboratory 0/1)
[2026-05-12 11:43:45] ==== loop 81/∞ | seed=1088130647731202695 archetype=turbo personality=tecnologico focus=tech actions_per_loop=3 ====
[11:43:47] planet 33: building queue full (5)
[11:43:47] planet 33: building queue full (5)
[11:43:47] planet 33: building queue full (5)
[11:43:47] research: blocked research_energy_technology (building_laboratory 0/1)
[2026-05-12 11:44:33] ==== loop 82/∞ | seed=1088130647731202695 archetype=turbo personality=tecnologico focus=tech actions_per_loop=3 ====
[11:44:35] planet 33: building queue full (5)
[11:44:35] planet 33: building queue full (5)
[11:44:35] planet 33: building queue full (5)
[11:44:35] research: blocked research_energy_technology (building_laboratory 0/1)
[2026-05-12 11:45:23] ==== loop 83/∞ | seed=1088130647731202695 archetype=turbo personality=tecnologico focus=tech actions_per_loop=3 ====
[11:45:25] planet 33: building queue full (5)
[11:45:25] planet 33: building queue full (5)
[11:45:25] planet 33: building queue full (5)
[11:45:25] research: blocked research_energy_technology (building_laboratory 0/1)
[2026-05-12 11:46:07] ==== loop 84/∞ | seed=1088130647731202695 archetype=turbo personality=tecnologico focus=tech actions_per_loop=3 ====
[11:46:09] planet 33: building queue full (5)
[11:46:09] planet 33: building queue full (5)
[11:46:09] planet 33: building queue full (5)
[11:46:09] research: blocked research_energy_technology (building_laboratory 0/1)
[2026-05-12 11:46:52] ==== loop 85/∞ | seed=1088130647731202695 archetype=turbo personality=tecnologico focus=tech actions_per_loop=3 ====
[11:46:55] planet 33: building queue full (5)
[11:46:55] planet 33: building queue full (5)
[11:46:55] planet 33: building queue full (5)
[11:46:55] research: blocked research_energy_technology (building_laboratory 0/1)
[2026-05-12 11:47:40] ==== loop 86/∞ | seed=1088130647731202695 archetype=turbo personality=tecnologico focus=tech actions_per_loop=3 ====
[11:47:44] planet 33: building queue full (5)
[11:47:44] planet 33: building queue full (5)
[11:47:44] planet 33: building queue full (5)
[11:47:44] research: blocked research_energy_technology (building_laboratory 0/1)
[2026-05-12 11:48:25] ==== loop 87/∞ | seed=1088130647731202695 archetype=turbo personality=tecnologico focus=tech actions_per_loop=3 ====
[11:48:27] planet 33: building queue full (5)
[11:48:27] planet 33: building queue full (5)
[11:48:27] planet 33: building queue full (5)
[2026-05-12 11:49:13] ==== loop 88/∞ | seed=1088130647731202695 archetype=turbo personality=tecnologico focus=tech actions_per_loop=3 ====
[11:49:15] planet 33: building queue full (5)
[11:49:15] planet 33: building queue full (5)
[11:49:15] planet 33: building queue full (5)
[11:49:15] research: blocked research_energy_technology (building_laboratory 0/1)
[2026-05-12 11:50:01] ==== loop 89/∞ | seed=1088130647731202695 archetype=turbo personality=tecnologico focus=tech actions_per_loop=3 ====
[11:50:02] planet 33: building queue full (5)
[11:50:02] planet 33: building queue full (5)
[11:50:02] planet 33: building queue full (5)
[11:50:02] research: blocked research_energy_technology (building_laboratory 0/1)
[2026-05-12 11:50:42] ==== loop 90/∞ | seed=1088130647731202695 archetype=turbo personality=tecnologico focus=tech actions_per_loop=3 ====
[11:50:44] planet 33: building queue full (5)
[11:50:44] planet 33: building queue full (5)
[11:50:44] planet 33: building queue full (5)
[2026-05-12 11:51:28] ==== loop 91/∞ | seed=1088130647731202695 archetype=turbo personality=tecnologico focus=tech actions_per_loop=3 ====
[11:51:31] planet 33: building queue full (5)
[11:51:31] planet 33: building queue full (5)
[11:51:31] planet 33: building queue full (5)
[2026-05-12 11:52:16] ==== loop 92/∞ | seed=1088130647731202695 archetype=turbo personality=tecnologico focus=tech actions_per_loop=3 ====
[11:52:17] planet 33: building queue full (5)
[11:52:17] planet 33: building queue full (5)
[11:52:17] planet 33: building queue full (5)
[11:52:17] research: blocked research_energy_technology (building_laboratory 0/1)
[2026-05-12 11:53:01] ==== loop 93/∞ | seed=1088130647731202695 archetype=turbo personality=tecnologico focus=tech actions_per_loop=3 ====
[11:53:03] planet 33: building queue full (5)
[11:53:03] planet 33: building queue full (5)
[11:53:03] planet 33: building queue full (5)
[2026-05-12 11:53:44] ==== loop 94/∞ | seed=1088130647731202695 archetype=turbo personality=tecnologico focus=tech actions_per_loop=3 ====
[11:53:46] planet 33: building queue full (5)
[11:53:46] planet 33: building queue full (5)
[11:53:46] planet 33: building queue full (5)
[2026-05-12 11:54:31] ==== loop 95/∞ | seed=1088130647731202695 archetype=turbo personality=tecnologico focus=tech actions_per_loop=3 ====
[11:54:33] planet 33: building queue full (5)
[11:54:33] planet 33: building queue full (5)
[11:54:33] planet 33: building queue full (5)
[2026-05-12 11:55:19] ==== loop 96/∞ | seed=1088130647731202695 archetype=turbo personality=tecnologico focus=tech actions_per_loop=3 ====
[11:55:21] planet 33: building queue full (5)
[11:55:21] planet 33: building queue full (5)
[11:55:21] planet 33: building queue full (5)
[2026-05-12 11:56:08] ==== loop 97/∞ | seed=1088130647731202695 archetype=turbo personality=tecnologico focus=tech actions_per_loop=3 ====
[11:56:09] planet 33: building queue full (5)
[11:56:09] planet 33: building queue full (5)
[11:56:09] planet 33: building queue full (5)
[11:56:09] research: blocked research_energy_technology (building_laboratory 0/1)
[2026-05-12 11:56:51] ==== loop 98/∞ | seed=1088130647731202695 archetype=turbo personality=tecnologico focus=tech actions_per_loop=3 ====
[11:56:54] planet 33: building queue full (5)
[11:56:54] planet 33: building queue full (5)
[11:56:54] planet 33: building queue full (5)
[2026-05-12 11:57:40] ==== loop 99/∞ | seed=1088130647731202695 archetype=turbo personality=tecnologico focus=tech actions_per_loop=3 ====
[11:57:40] planet 33: building queue full (5)
[11:57:40] planet 33: building queue full (5)
[11:57:40] planet 33: building queue full (5)
[2026-05-12 11:58:23] ==== loop 100/∞ | seed=1088130647731202695 archetype=turbo personality=tecnologico focus=tech actions_per_loop=3 ====
[11:58:25] planet 33: building queue full (5)
[11:58:25] planet 33: building queue full (5)
[2026-05-12 11:59:09] ==== loop 101/∞ | seed=1088130647731202695 archetype=turbo personality=tecnologico focus=tech actions_per_loop=3 ====
[11:59:11] planet 33: building queue full (5)
[11:59:11] planet 33: building queue full (5)
[11:59:11] planet 33: building queue full (5)
[2026-05-12 11:59:56] ==== loop 102/∞ | seed=1088130647731202695 archetype=turbo personality=tecnologico focus=tech actions_per_loop=3 ====
[11:59:59] planet 33: building queue full (5)
[11:59:59] planet 33: building queue full (5)
[11:59:59] planet 33: building queue full (5)
[11:59:59] research: blocked research_energy_technology (building_laboratory 0/1)
[2026-05-12 12:00:36] ==== loop 103/∞ | seed=1088130647731202695 archetype=turbo personality=tecnologico focus=tech actions_per_loop=3 ====
[12:00:37] planet 33: building queue full (5)
[12:00:37] planet 33: building queue full (5)
[12:00:37] planet 33: building queue full (5)
[12:00:37] research: blocked research_energy_technology (building_laboratory 0/1)
[2026-05-12 12:01:24] ==== loop 104/∞ | seed=1088130647731202695 archetype=turbo personality=tecnologico focus=tech actions_per_loop=3 ====
[12:01:26] planet 33: building queue full (5)
[12:01:26] planet 33: building queue full (5)
[12:01:26] planet 33: building queue full (5)
[2026-05-12 12:02:09] ==== loop 105/∞ | seed=1088130647731202695 archetype=turbo personality=tecnologico focus=tech actions_per_loop=3 ====
[12:02:11] planet 33: building queue full (5)
[12:02:11] planet 33: building queue full (5)
[12:02:11] research: blocked research_energy_technology (building_laboratory 0/1)
[2026-05-12 12:02:55] ==== loop 106/∞ | seed=1088130647731202695 archetype=turbo personality=tecnologico focus=tech actions_per_loop=3 ====
[12:02:57] planet 33: building queue full (5)
[12:02:57] planet 33: building queue full (5)
[12:02:57] research: blocked research_energy_technology (building_laboratory 0/1)
[2026-05-12 12:03:40] ==== loop 107/∞ | seed=1088130647731202695 archetype=turbo personality=tecnologico focus=tech actions_per_loop=3 ====
[12:03:42] planet 33: building queue full (5)
[12:03:42] planet 33: building queue full (5)
[12:03:42] planet 33: building queue full (5)
[2026-05-12 12:04:23] ==== loop 108/∞ | seed=1088130647731202695 archetype=turbo personality=tecnologico focus=tech actions_per_loop=3 ====
[12:04:25] planet 33: building queue full (5)
[12:04:25] planet 33: building queue full (5)
[12:04:25] planet 33: building queue full (5)
[12:04:25] research: blocked research_energy_technology (building_laboratory 0/1)
[2026-05-12 12:05:08] ==== loop 109/∞ | seed=1088130647731202695 archetype=turbo personality=tecnologico focus=tech actions_per_loop=3 ====
[12:05:10] planet 33: building queue full (5)
[12:05:10] planet 33: building queue full (5)
[12:05:10] planet 33: building queue full (5)
[2026-05-12 12:05:53] ==== loop 110/∞ | seed=1088130647731202695 archetype=turbo personality=tecnologico focus=tech actions_per_loop=3 ====
[12:05:54] planet 33: building queue full (5)
[12:05:54] planet 33: building queue full (5)
[2026-05-12 12:06:36] ==== loop 111/∞ | seed=1088130647731202695 archetype=turbo personality=tecnologico focus=tech actions_per_loop=3 ====
[12:06:37] planet 33: building queue full (5)
[12:06:37] planet 33: building queue full (5)
[12:06:37] research: blocked research_energy_technology (building_laboratory 0/1)
[2026-05-12 12:07:16] ==== loop 112/∞ | seed=1088130647731202695 archetype=turbo personality=tecnologico focus=tech actions_per_loop=3 ====
[12:07:18] planet 33: building queue full (5)
[12:07:18] planet 33: building queue full (5)
[12:07:18] planet 33: building queue full (5)
[2026-05-12 12:08:01] ==== loop 113/∞ | seed=1088130647731202695 archetype=turbo personality=tecnologico focus=tech actions_per_loop=3 ====
[12:08:02] planet 33: building queue full (5)
[12:08:02] planet 33: building queue full (5)
[12:08:02] planet 33: building queue full (5)
[2026-05-12 12:08:44] ==== loop 114/∞ | seed=1088130647731202695 archetype=turbo personality=tecnologico focus=tech actions_per_loop=3 ====
[12:08:46] planet 33: building queue full (5)
[12:08:46] planet 33: building queue full (5)
[12:08:46] planet 33: building queue full (5)
[12:08:46] research: blocked research_energy_technology (building_laboratory 0/1)
[2026-05-12 12:09:24] ==== loop 115/∞ | seed=1088130647731202695 archetype=turbo personality=tecnologico focus=tech actions_per_loop=3 ====
[12:09:26] planet 33: building queue full (5)
[12:09:26] planet 33: building queue full (5)
[12:09:26] planet 33: building queue full (5)
[12:09:26] research: blocked research_energy_technology (building_laboratory 0/1)
[2026-05-12 12:10:05] ==== loop 116/∞ | seed=1088130647731202695 archetype=turbo personality=tecnologico focus=tech actions_per_loop=3 ====
[12:10:07] planet 33: building queue full (5)
[12:10:07] planet 33: building queue full (5)
[12:10:07] planet 33: building queue full (5)
[2026-05-12 12:10:51] ==== loop 117/∞ | seed=1088130647731202695 archetype=turbo personality=tecnologico focus=tech actions_per_loop=3 ====
[12:10:53] planet 33: building queue full (5)
[12:10:53] planet 33: building queue full (5)
[12:10:53] planet 33: building queue full (5)
[12:10:53] research: blocked research_energy_technology (building_laboratory 0/1)
[2026-05-12 12:11:35] ==== loop 118/∞ | seed=1088130647731202695 archetype=turbo personality=tecnologico focus=tech actions_per_loop=3 ====
[12:11:36] planet 33: building queue full (5)
[12:11:36] planet 33: building queue full (5)
[12:11:36] planet 33: building queue full (5)
[2026-05-12 12:12:18] ==== loop 119/∞ | seed=1088130647731202695 archetype=turbo personality=tecnologico focus=tech actions_per_loop=3 ====
[12:12:21] planet 33: building queue full (5)
[12:12:21] planet 33: building queue full (5)
[12:12:21] planet 33: building queue full (5)
[12:12:21] research: blocked research_energy_technology (building_laboratory 0/1)
[2026-05-12 12:13:05] ==== loop 120/∞ | seed=1088130647731202695 archetype=turbo personality=tecnologico focus=tech actions_per_loop=3 ====
[12:13:06] planet 33: building queue full (5)
[12:13:06] planet 33: building queue full (5)
[12:13:06] planet 33: building queue full (5)
[12:13:06] research: blocked research_energy_technology (building_laboratory 0/1)
[2026-05-12 12:13:44] ==== loop 121/∞ | seed=1088130647731202695 archetype=turbo personality=tecnologico focus=tech actions_per_loop=3 ====
[12:13:45] planet 33: building queue full (5)
[12:13:45] planet 33: building queue full (5)
[12:13:45] planet 33: building queue full (5)
[12:13:45] research: blocked research_energy_technology (building_laboratory 0/1)
[2026-05-12 12:14:28] ==== loop 122/∞ | seed=1088130647731202695 archetype=turbo personality=tecnologico focus=tech actions_per_loop=3 ====
[12:14:29] planet 33: building queue full (5)
[12:14:29] planet 33: building queue full (5)
[2026-05-12 12:15:15] ==== loop 123/∞ | seed=1088130647731202695 archetype=turbo personality=tecnologico focus=tech actions_per_loop=3 ====
[12:15:18] planet 33: building queue full (5)
[12:15:18] planet 33: building queue full (5)
[12:15:18] planet 33: building queue full (5)
[2026-05-12 12:15:59] ==== loop 124/∞ | seed=1088130647731202695 archetype=turbo personality=tecnologico focus=tech actions_per_loop=3 ====
[12:16:01] planet 33: building queue full (5)
[12:16:01] planet 33: building queue full (5)
[12:16:01] research: blocked research_energy_technology (building_laboratory 0/1)
[2026-05-12 12:16:46] ==== loop 125/∞ | seed=1088130647731202695 archetype=turbo personality=tecnologico focus=tech actions_per_loop=3 ====
[12:16:49] planet 33: building queue full (5)
[12:16:49] planet 33: building queue full (5)
[12:16:49] planet 33: building queue full (5)
[2026-05-12 12:17:34] ==== loop 126/∞ | seed=1088130647731202695 archetype=turbo personality=tecnologico focus=tech actions_per_loop=3 ====
[12:17:37] planet 33: building queue full (5)
[12:17:37] planet 33: building queue full (5)
[12:17:37] planet 33: building queue full (5)
[2026-05-12 12:18:16] ==== loop 127/∞ | seed=1088130647731202695 archetype=turbo personality=tecnologico focus=tech actions_per_loop=3 ====
[12:18:18] planet 33: building queue full (5)
[12:18:18] planet 33: building queue full (5)
[12:18:18] planet 33: building queue full (5)
[12:18:18] research: blocked research_energy_technology (building_laboratory 0/1)
[2026-05-12 12:19:03] ==== loop 128/∞ | seed=1088130647731202695 archetype=turbo personality=tecnologico focus=tech actions_per_loop=3 ====
[12:19:05] planet 33: building queue full (5)
[12:19:05] planet 33: building queue full (5)
[12:19:05] planet 33: building queue full (5)
[2026-05-12 12:19:50] ==== loop 129/∞ | seed=1088130647731202695 archetype=turbo personality=tecnologico focus=tech actions_per_loop=3 ====
[12:19:51] planet 33: building queue full (5)
[12:19:51] planet 33: building queue full (5)
[12:19:51] planet 33: building queue full (5)
[12:19:51] research: blocked research_energy_technology (building_laboratory 0/1)
[2026-05-12 12:20:31] ==== loop 130/∞ | seed=1088130647731202695 archetype=turbo personality=tecnologico focus=tech actions_per_loop=3 ====
[12:20:33] planet 33: building queue full (5)
[12:20:33] planet 33: building queue full (5)
[12:20:33] planet 33: building queue full (5)
[12:20:33] research: blocked research_energy_technology (building_laboratory 0/1)
[2026-05-12 12:21:17] ==== loop 131/∞ | seed=1088130647731202695 archetype=turbo personality=tecnologico focus=tech actions_per_loop=3 ====
[12:21:19] planet 33: building queue full (5)
[12:21:19] planet 33: building queue full (5)
[12:21:19] planet 33: building queue full (5)
[12:21:19] research: blocked research_energy_technology (building_laboratory 0/1)
[2026-05-12 12:21:59] ==== loop 132/∞ | seed=1088130647731202695 archetype=turbo personality=tecnologico focus=tech actions_per_loop=3 ====
[12:22:01] planet 33: building queue full (5)
[12:22:01] planet 33: building queue full (5)
[12:22:01] planet 33: building queue full (5)
[12:22:01] research: blocked research_energy_technology (building_laboratory 0/1)
[2026-05-12 12:22:45] ==== loop 133/∞ | seed=1088130647731202695 archetype=turbo personality=tecnologico focus=tech actions_per_loop=3 ====
[12:22:48] planet 33: building queue full (5)
[12:22:48] planet 33: building queue full (5)
[12:22:48] planet 33: building queue full (5)
[12:22:48] research: blocked research_energy_technology (building_laboratory 0/1)
[2026-05-12 12:23:31] ==== loop 134/∞ | seed=1088130647731202695 archetype=turbo personality=tecnologico focus=tech actions_per_loop=3 ====
[12:23:33] planet 33: building queue full (5)
[12:23:33] planet 33: building queue full (5)
[12:23:33] planet 33: building queue full (5)
[2026-05-12 12:24:20] ==== loop 135/∞ | seed=1088130647731202695 archetype=turbo personality=tecnologico focus=tech actions_per_loop=3 ====
[12:24:22] planet 33: building queue full (5)
[12:24:22] planet 33: building queue full (5)
[12:24:22] planet 33: building queue full (5)
[2026-05-12 12:25:03] ==== loop 136/∞ | seed=1088130647731202695 archetype=turbo personality=tecnologico focus=tech actions_per_loop=3 ====
[12:25:04] planet 33: building queue full (5)
[12:25:04] planet 33: building queue full (5)
[12:25:04] planet 33: building queue full (5)
[12:25:04] research: blocked research_energy_technology (building_laboratory 0/1)
[2026-05-12 12:25:50] ==== loop 137/∞ | seed=1088130647731202695 archetype=turbo personality=tecnologico focus=tech actions_per_loop=3 ====
[12:25:52] planet 33: building queue full (5)
[12:25:52] planet 33: building queue full (5)
[12:25:52] planet 33: building queue full (5)
[2026-05-12 12:26:41] ==== loop 138/∞ | seed=1088130647731202695 archetype=turbo personality=tecnologico focus=tech actions_per_loop=3 ====
[12:26:44] planet 33: building queue full (5)
[12:26:44] planet 33: building queue full (5)
[12:26:44] planet 33: building queue full (5)
[12:26:44] research: blocked research_energy_technology (building_laboratory 0/1)
[2026-05-12 12:27:29] ==== loop 139/∞ | seed=1088130647731202695 archetype=turbo personality=tecnologico focus=tech actions_per_loop=3 ====
[12:27:31] planet 33: building queue full (5)
[12:27:31] planet 33: building queue full (5)
[12:27:31] planet 33: building queue full (5)
[12:27:31] research: blocked research_energy_technology (building_laboratory 0/1)
[2026-05-12 12:28:13] ==== loop 140/∞ | seed=1088130647731202695 archetype=turbo personality=tecnologico focus=tech actions_per_loop=3 ====
[12:28:15] planet 33: building queue full (5)
[12:28:15] planet 33: building queue full (5)
[12:28:15] planet 33: building queue full (5)
[2026-05-12 12:29:00] ==== loop 141/∞ | seed=1088130647731202695 archetype=turbo personality=tecnologico focus=tech actions_per_loop=3 ====
[12:29:03] planet 33: building queue full (5)
[12:29:03] planet 33: building queue full (5)
[12:29:03] planet 33: building queue full (5)
[12:29:03] research: blocked research_energy_technology (building_laboratory 0/1)
[2026-05-12 12:29:49] ==== loop 142/∞ | seed=1088130647731202695 archetype=turbo personality=tecnologico focus=tech actions_per_loop=3 ====
[12:29:50] planet 33: building queue full (5)
[12:29:50] planet 33: building queue full (5)
[12:29:50] planet 33: building queue full (5)
[12:29:50] research: blocked research_energy_technology (building_laboratory 0/1)
[2026-05-12 12:30:28] ==== loop 143/∞ | seed=1088130647731202695 archetype=turbo personality=tecnologico focus=tech actions_per_loop=3 ====
[12:30:30] planet 33: building queue full (5)
[12:30:30] planet 33: building queue full (5)
[12:30:30] planet 33: building queue full (5)
[2026-05-12 12:31:18] ==== loop 144/∞ | seed=1088130647731202695 archetype=turbo personality=tecnologico focus=tech actions_per_loop=3 ====
[12:31:18] planet 33: building queue full (5)
[12:31:18] planet 33: building queue full (5)
[12:31:18] research: blocked research_energy_technology (building_laboratory 0/1)
[2026-05-12 12:32:05] ==== loop 145/∞ | seed=1088130647731202695 archetype=turbo personality=tecnologico focus=tech actions_per_loop=3 ====
[12:32:07] planet 33: building queue full (5)
[12:32:07] planet 33: building queue full (5)
[12:32:07] planet 33: building queue full (5)
[12:32:07] research: blocked research_energy_technology (building_laboratory 0/1)
[2026-05-12 12:32:53] ==== loop 146/∞ | seed=1088130647731202695 archetype=turbo personality=tecnologico focus=tech actions_per_loop=3 ====
[12:32:55] planet 33: building queue full (5)
[12:32:55] planet 33: building queue full (5)
[12:32:55] planet 33: building queue full (5)
[12:32:55] research: blocked research_energy_technology (building_laboratory 0/1)
[2026-05-12 12:33:39] ==== loop 147/∞ | seed=1088130647731202695 archetype=turbo personality=tecnologico focus=tech actions_per_loop=3 ====
[12:33:40] planet 33: building queue full (5)
[12:33:40] planet 33: building queue full (5)
[12:33:40] planet 33: building queue full (5)
[12:33:40] research: blocked research_energy_technology (building_laboratory 0/1)
[2026-05-12 12:34:24] ==== loop 148/∞ | seed=1088130647731202695 archetype=turbo personality=tecnologico focus=tech actions_per_loop=3 ====
[12:34:26] planet 33: building queue full (5)
[12:34:26] planet 33: building queue full (5)
[12:34:26] planet 33: building queue full (5)
[12:34:26] research: blocked research_energy_technology (building_laboratory 0/1)
[2026-05-12 12:35:12] ==== loop 149/∞ | seed=1088130647731202695 archetype=turbo personality=tecnologico focus=tech actions_per_loop=3 ====
[12:35:12] planet 33: building queue full (5)
[12:35:12] planet 33: building queue full (5)
[12:35:12] planet 33: building queue full (5)
[12:35:12] research: blocked research_energy_technology (building_laboratory 0/1)
[2026-05-12 12:35:56] ==== loop 150/∞ | seed=1088130647731202695 archetype=turbo personality=tecnologico focus=tech actions_per_loop=3 ====
[12:35:58] planet 33: building queue full (5)
[12:35:58] planet 33: building queue full (5)
[12:35:58] planet 33: building queue full (5)
[12:35:58] research: blocked research_energy_technology (building_laboratory 0/1)
[2026-05-12 12:36:39] ==== loop 151/∞ | seed=1088130647731202695 archetype=turbo personality=tecnologico focus=tech actions_per_loop=3 ====
[12:36:41] planet 33: building queue full (5)
[12:36:41] planet 33: building queue full (5)
[12:36:41] planet 33: building queue full (5)
[12:36:41] research: blocked research_energy_technology (building_laboratory 0/1)
[2026-05-12 12:37:24] ==== loop 152/∞ | seed=1088130647731202695 archetype=turbo personality=tecnologico focus=tech actions_per_loop=3 ====
[12:37:27] planet 33: building queue full (5)
[12:37:27] planet 33: building queue full (5)
[12:37:27] planet 33: building queue full (5)
[12:37:27] research: blocked research_energy_technology (building_laboratory 0/1)
[2026-05-12 12:38:10] ==== loop 153/∞ | seed=1088130647731202695 archetype=turbo personality=tecnologico focus=tech actions_per_loop=3 ====
[12:38:12] planet 33: building queue full (5)
[12:38:12] planet 33: building queue full (5)
[12:38:12] planet 33: building queue full (5)
[12:38:12] research: blocked research_energy_technology (building_laboratory 0/1)
[2026-05-12 12:38:57] ==== loop 154/∞ | seed=1088130647731202695 archetype=turbo personality=tecnologico focus=tech actions_per_loop=3 ====
[12:38:58] planet 33: building queue full (5)
[12:38:58] planet 33: building queue full (5)
[12:38:58] planet 33: building queue full (5)
[12:38:58] research: blocked research_energy_technology (building_laboratory 0/1)
[2026-05-12 12:39:43] ==== loop 155/∞ | seed=1088130647731202695 archetype=turbo personality=tecnologico focus=tech actions_per_loop=3 ====
[12:39:45] planet 33: building queue full (5)
[12:39:45] planet 33: building queue full (5)
[12:39:45] planet 33: building queue full (5)
[12:39:45] research: blocked research_energy_technology (building_laboratory 0/1)
[2026-05-12 12:40:25] ==== loop 156/∞ | seed=1088130647731202695 archetype=turbo personality=tecnologico focus=tech actions_per_loop=3 ====
[12:40:27] planet 33: building queue full (5)
[12:40:27] planet 33: building queue full (5)
[12:40:27] research: blocked research_energy_technology (building_laboratory 0/1)
[2026-05-12 12:41:10] ==== loop 157/∞ | seed=1088130647731202695 archetype=turbo personality=tecnologico focus=tech actions_per_loop=3 ====
[12:41:11] planet 33: building queue full (5)
[12:41:11] planet 33: building queue full (5)
[12:41:11] planet 33: building queue full (5)
[12:41:11] research: blocked research_energy_technology (building_laboratory 0/1)
[2026-05-12 12:41:49] ==== loop 158/∞ | seed=1088130647731202695 archetype=turbo personality=tecnologico focus=tech actions_per_loop=3 ====
[12:41:51] planet 33: building queue full (5)
[12:41:51] planet 33: building queue full (5)
[12:41:51] planet 33: building queue full (5)
[2026-05-12 12:42:36] ==== loop 1/∞ | seed=1088130647731202695 archetype=turbo personality=tecnologico focus=tech actions_per_loop=3 ====
[12:42:38] planet 33: building queue full (5)
[12:42:38] planet 33: building queue full (5)
[12:42:38] planet 33: building queue full (5)
[12:42:38] research: blocked research_energy_technology (building_laboratory 0/1)
[2026-05-12 12:43:22] ==== loop 2/∞ | seed=1088130647731202695 archetype=turbo personality=tecnologico focus=tech actions_per_loop=3 ====
[12:43:23] planet 33: building queue full (5)
[12:43:23] planet 33: building queue full (5)
[12:43:23] planet 33: building queue full (5)
[12:43:23] research: blocked research_energy_technology (building_laboratory 0/1)
[2026-05-12 12:44:08] ==== loop 3/∞ | seed=1088130647731202695 archetype=turbo personality=tecnologico focus=tech actions_per_loop=3 ====
[12:44:09] planet 33: building queue full (5)
[12:44:09] planet 33: building queue full (5)
[12:44:09] planet 33: building queue full (5)
[12:44:09] research: blocked research_energy_technology (building_laboratory 0/1)
[2026-05-12 12:44:47] ==== loop 4/∞ | seed=1088130647731202695 archetype=turbo personality=tecnologico focus=tech actions_per_loop=3 ====
[12:44:49] planet 33: building queue full (5)
[12:44:49] planet 33: building queue full (5)
[12:44:49] planet 33: building queue full (5)
[12:44:49] research: blocked research_energy_technology (building_laboratory 0/1)
[2026-05-12 12:45:27] ==== loop 5/∞ | seed=1088130647731202695 archetype=turbo personality=tecnologico focus=tech actions_per_loop=3 ====
[12:45:30] planet 33: building queue full (5)
[12:45:30] planet 33: building queue full (5)
[12:45:30] planet 33: building queue full (5)
[12:45:30] research: blocked research_energy_technology (building_laboratory 0/1)
[2026-05-12 12:46:04] ==== loop 6/∞ | seed=1088130647731202695 archetype=turbo personality=tecnologico focus=tech actions_per_loop=3 ====
[12:46:05] planet 33: building queue full (5)
[12:46:05] planet 33: building queue full (5)
[12:46:05] planet 33: building queue full (5)
[12:46:05] research: blocked research_energy_technology (building_laboratory 0/1)
[2026-05-12 12:46:43] ==== loop 7/∞ | seed=1088130647731202695 archetype=turbo personality=tecnologico focus=tech actions_per_loop=3 ====
[12:46:46] planet 33: building queue full (5)
[12:46:46] planet 33: building queue full (5)
[12:46:46] planet 33: building queue full (5)
[12:46:46] research: blocked research_energy_technology (building_laboratory 0/1)
[2026-05-12 12:47:27] ==== loop 8/∞ | seed=1088130647731202695 archetype=turbo personality=tecnologico focus=tech actions_per_loop=3 ====
[12:47:29] planet 33: building queue full (5)
[12:47:29] planet 33: building queue full (5)
[12:47:29] planet 33: building queue full (5)
[12:47:29] research: blocked research_energy_technology (building_laboratory 0/1)
[2026-05-12 12:48:08] ==== loop 9/∞ | seed=1088130647731202695 archetype=turbo personality=tecnologico focus=tech actions_per_loop=3 ====
[12:48:10] planet 33: building queue full (5)
[12:48:10] planet 33: building queue full (5)
[12:48:10] planet 33: building queue full (5)
[12:48:10] research: blocked research_energy_technology (building_laboratory 0/1)
[2026-05-12 12:48:50] ==== loop 10/∞ | seed=1088130647731202695 archetype=turbo personality=tecnologico focus=tech actions_per_loop=3 ====
[12:48:51] planet 33: building queue full (5)
[12:48:51] planet 33: building queue full (5)
[12:48:51] research: blocked research_energy_technology (building_laboratory 0/1)
[2026-05-12 12:49:32] ==== loop 11/∞ | seed=1088130647731202695 archetype=turbo personality=tecnologico focus=tech actions_per_loop=3 ====
[12:49:33] planet 33: building queue full (5)
[12:49:33] planet 33: building queue full (5)
[12:49:33] planet 33: building queue full (5)
[12:49:33] research: blocked research_energy_technology (building_laboratory 0/1)
[2026-05-12 12:50:15] ==== loop 12/∞ | seed=1088130647731202695 archetype=turbo personality=tecnologico focus=tech actions_per_loop=3 ====
[12:50:18] planet 33: building queue full (5)
[12:50:18] planet 33: building queue full (5)
[12:50:18] planet 33: building queue full (5)
[12:50:18] research: blocked research_energy_technology (building_laboratory 0/1)
[2026-05-12 12:50:57] ==== loop 13/∞ | seed=1088130647731202695 archetype=turbo personality=tecnologico focus=tech actions_per_loop=3 ====
[12:50:58] planet 33: building queue full (5)
[12:50:58] planet 33: building queue full (5)
[2026-05-12 12:51:38] ==== loop 14/∞ | seed=1088130647731202695 archetype=turbo personality=tecnologico focus=tech actions_per_loop=3 ====
[12:51:41] planet 33: building queue full (5)
[12:51:41] planet 33: building queue full (5)
[12:51:41] planet 33: building queue full (5)
[12:51:41] research: blocked research_energy_technology (building_laboratory 0/1)
[2026-05-12 12:52:18] ==== loop 15/∞ | seed=1088130647731202695 archetype=turbo personality=tecnologico focus=tech actions_per_loop=3 ====
[12:52:19] planet 33: building queue full (5)
[12:52:19] planet 33: building queue full (5)
[12:52:19] planet 33: building queue full (5)
[2026-05-12 12:53:01] ==== loop 16/∞ | seed=1088130647731202695 archetype=turbo personality=tecnologico focus=tech actions_per_loop=3 ====
[12:53:03] planet 33: building queue full (5)
[12:53:03] planet 33: building queue full (5)
[12:53:03] planet 33: building queue full (5)
[12:53:03] research: blocked research_energy_technology (building_laboratory 0/1)
[2026-05-12 12:53:42] ==== loop 1/∞ | seed=1088130647731202695 archetype=turbo personality=tecnologico focus=tech actions_per_loop=3 ====
[12:53:45] planet 33: building queue full (5)
[12:53:45] planet 33: building queue full (5)
[12:53:45] planet 33: building queue full (5)
[12:53:45] research: blocked research_energy_technology (building_laboratory 0/1)
[2026-05-12 12:54:24] ==== loop 2/∞ | seed=1088130647731202695 archetype=turbo personality=tecnologico focus=tech actions_per_loop=3 ====
[12:54:26] planet 33: building queue full (5)
[12:54:26] planet 33: building queue full (5)
[12:54:26] planet 33: building queue full (5)
[12:54:26] research: blocked research_energy_technology (building_laboratory 0/1)
[2026-05-12 12:55:07] ==== loop 3/∞ | seed=1088130647731202695 archetype=turbo personality=tecnologico focus=tech actions_per_loop=3 ====
[12:55:09] planet 33: building queue full (5)
[12:55:09] planet 33: building queue full (5)
[12:55:09] planet 33: building queue full (5)
[12:55:09] research: blocked research_energy_technology (building_laboratory 0/1)
[2026-05-12 12:55:49] ==== loop 4/∞ | seed=1088130647731202695 archetype=turbo personality=tecnologico focus=tech actions_per_loop=3 ====
[12:55:51] planet 33: building queue full (5)
[12:55:51] planet 33: building queue full (5)
[2026-05-12 12:56:34] ==== loop 5/∞ | seed=1088130647731202695 archetype=turbo personality=tecnologico focus=tech actions_per_loop=3 ====
[12:56:36] planet 33: building queue full (5)
[12:56:36] planet 33: building queue full (5)
[12:56:36] planet 33: building queue full (5)
[12:56:36] research: blocked research_energy_technology (building_laboratory 0/1)
[2026-05-12 12:57:17] ==== loop 6/∞ | seed=1088130647731202695 archetype=turbo personality=tecnologico focus=tech actions_per_loop=3 ====
[12:57:18] planet 33: building queue full (5)
[12:57:18] planet 33: building queue full (5)
[12:57:18] planet 33: building queue full (5)
[2026-05-12 12:57:59] ==== loop 7/∞ | seed=1088130647731202695 archetype=turbo personality=tecnologico focus=tech actions_per_loop=3 ====
[12:58:01] planet 33: building queue full (5)
[12:58:01] planet 33: building queue full (5)
[12:58:01] planet 33: building queue full (5)
[12:58:01] research: blocked research_energy_technology (building_laboratory 0/1)
[2026-05-12 12:58:42] ==== loop 8/∞ | seed=1088130647731202695 archetype=turbo personality=tecnologico focus=tech actions_per_loop=3 ====
[12:58:44] planet 33: building queue full (5)
[12:58:44] planet 33: building queue full (5)
[12:58:44] planet 33: building queue full (5)
[2026-05-12 12:59:23] ==== loop 9/∞ | seed=1088130647731202695 archetype=turbo personality=tecnologico focus=tech actions_per_loop=3 ====
llm_inbox: encolado job_id=6 message_id=2405
[2026-05-12 12:59:24] ==== loop 1/1 | seed=1088130647731202695 archetype=turbo personality=tecnologico focus=tech actions_per_loop=3 ====
[12:59:25] planet 33: building queue full (5)
[12:59:25] planet 33: building queue full (5)
[12:59:25] planet 33: building queue full (5)
[12:59:26] planet 33: building queue full (5)
[12:59:26] planet 33: building queue full (5)
[12:59:26] planet 33: building queue full (5)
[2026-05-12 13:00:08] ==== loop 10/∞ | seed=1088130647731202695 archetype=turbo personality=tecnologico focus=tech actions_per_loop=3 ====
[13:00:10] planet 33: building queue full (5)
[13:00:10] planet 33: building queue full (5)
[13:00:10] planet 33: building queue full (5)
llm_inbox: job 6 fallido (incoming)
[2026-05-12 13:00:51] ==== loop 11/∞ | seed=1088130647731202695 archetype=turbo personality=tecnologico focus=tech actions_per_loop=3 ====
[13:00:53] planet 33: building queue full (5)
[13:00:53] planet 33: building queue full (5)
[13:00:53] planet 33: building queue full (5)
[13:00:53] research: blocked research_energy_technology (building_laboratory 0/1)
[2026-05-12 13:01:33] ==== loop 12/∞ | seed=1088130647731202695 archetype=turbo personality=tecnologico focus=tech actions_per_loop=3 ====
[13:01:36] planet 33: building queue full (5)
[13:01:36] planet 33: building queue full (5)
[13:01:36] planet 33: building queue full (5)
[13:01:36] research: blocked research_energy_technology (building_laboratory 0/1)
[2026-05-12 13:02:17] ==== loop 13/∞ | seed=1088130647731202695 archetype=turbo personality=tecnologico focus=tech actions_per_loop=3 ====
[13:02:19] planet 33: building queue full (5)
[13:02:19] planet 33: building queue full (5)
[13:02:19] planet 33: building queue full (5)
[13:02:19] research: blocked research_energy_technology (building_laboratory 0/1)
[2026-05-12 13:02:56] ==== loop 14/∞ | seed=1088130647731202695 archetype=turbo personality=tecnologico focus=tech actions_per_loop=3 ====
[13:02:58] planet 33: building queue full (5)
[13:02:58] planet 33: building queue full (5)
[13:02:58] planet 33: building queue full (5)
[13:02:58] research: blocked research_energy_technology (building_laboratory 0/1)
[2026-05-12 13:03:48] ==== loop 15/∞ | seed=1088130647731202695 archetype=turbo personality=tecnologico focus=tech actions_per_loop=3 ====
[13:03:50] planet 33: building queue full (5)
[13:03:50] planet 33: building queue full (5)
[13:03:50] planet 33: building queue full (5)
[13:03:50] research: blocked research_energy_technology (building_laboratory 0/1)
[2026-05-12 13:04:29] ==== loop 16/∞ | seed=1088130647731202695 archetype=turbo personality=tecnologico focus=tech actions_per_loop=3 ====
[13:04:32] planet 33: building queue full (5)
[13:04:32] planet 33: building queue full (5)
[13:04:32] planet 33: building queue full (5)
[13:04:32] research: blocked research_energy_technology (building_laboratory 0/1)
[2026-05-12 13:05:15] ==== loop 17/∞ | seed=1088130647731202695 archetype=turbo personality=tecnologico focus=tech actions_per_loop=3 ====
[13:05:17] planet 33: building queue full (5)
[13:05:17] planet 33: building queue full (5)
[13:05:17] planet 33: building queue full (5)
[13:05:17] research: blocked research_energy_technology (building_laboratory 0/1)
[2026-05-12 13:05:59] ==== loop 18/∞ | seed=1088130647731202695 archetype=turbo personality=tecnologico focus=tech actions_per_loop=3 ====
[13:06:01] planet 33: building queue full (5)
[13:06:01] planet 33: building queue full (5)
[13:06:01] planet 33: building queue full (5)
[13:06:01] research: blocked research_energy_technology (building_laboratory 0/1)
llm_inbox: recuperados 1 job(s) fallido→respondido (reintento aplicar)
llm_inbox: job 6 done (mensaje ya no existe)
[2026-05-12 13:06:37] ==== loop 1/1 | seed=1088130647731202695 archetype=turbo personality=tecnologico focus=tech actions_per_loop=3 ====
[13:06:39] planet 33: building queue full (5)
[13:06:39] planet 33: building queue full (5)
[13:06:39] planet 33: building queue full (5)
[13:06:39] research: blocked research_energy_technology (building_laboratory 0/1)
[2026-05-12 13:06:41] ==== loop 19/∞ | seed=1088130647731202695 archetype=turbo personality=tecnologico focus=tech actions_per_loop=3 ====
[13:06:43] planet 33: building queue full (5)
[13:06:43] planet 33: building queue full (5)
[13:06:43] planet 33: building queue full (5)
[13:06:43] research: blocked research_energy_technology (building_laboratory 0/1)
[2026-05-12 13:07:22] ==== loop 20/∞ | seed=1088130647731202695 archetype=turbo personality=tecnologico focus=tech actions_per_loop=3 ====
[13:07:23] planet 33: building queue full (5)
[13:07:23] planet 33: building queue full (5)
[13:07:23] planet 33: building queue full (5)
[13:07:23] research: blocked research_energy_technology (building_laboratory 0/1)
[2026-05-12 13:08:00] ==== loop 21/∞ | seed=1088130647731202695 archetype=turbo personality=tecnologico focus=tech actions_per_loop=3 ====
[13:08:03] planet 33: building queue full (5)
[13:08:03] planet 33: building queue full (5)
[13:08:03] planet 33: building queue full (5)
[13:08:03] research: blocked research_energy_technology (building_laboratory 0/1)
[2026-05-12 13:08:44] ==== loop 22/∞ | seed=1088130647731202695 archetype=turbo personality=tecnologico focus=tech actions_per_loop=3 ====
[13:08:47] planet 33: building queue full (5)
[13:08:47] planet 33: building queue full (5)
[13:08:47] planet 33: building queue full (5)
[13:08:47] research: blocked research_energy_technology (building_laboratory 0/1)
[2026-05-12 13:09:18] ==== loop 1/∞ | seed=1088130647731202695 archetype=turbo personality=tecnologico focus=tech actions_per_loop=3 ====
[13:09:20] planet 33: building queue full (5)
[13:09:20] planet 33: building queue full (5)
[13:09:20] planet 33: building queue full (5)
[2026-05-12 13:09:58] ==== loop 2/∞ | seed=1088130647731202695 archetype=turbo personality=tecnologico focus=tech actions_per_loop=3 ====
[13:10:00] planet 33: building queue full (5)
[13:10:00] planet 33: building queue full (5)
[13:10:00] planet 33: building queue full (5)
[2026-05-12 13:10:39] ==== loop 3/∞ | seed=1088130647731202695 archetype=turbo personality=tecnologico focus=tech actions_per_loop=3 ====
[13:10:41] planet 33: building queue full (5)
[13:10:41] planet 33: building queue full (5)
[13:10:41] research: blocked research_energy_technology (building_laboratory 0/1)
[2026-05-12 13:11:20] ==== loop 4/∞ | seed=1088130647731202695 archetype=turbo personality=tecnologico focus=tech actions_per_loop=3 ====
[13:11:22] planet 33: building queue full (5)
[13:11:22] planet 33: building queue full (5)
[13:11:22] planet 33: building queue full (5)
[13:11:22] research: blocked research_energy_technology (building_laboratory 0/1)
[2026-05-12 13:12:03] ==== loop 5/∞ | seed=1088130647731202695 archetype=turbo personality=tecnologico focus=tech actions_per_loop=3 ====
[13:12:05] planet 33: building queue full (5)
[13:12:05] planet 33: building queue full (5)
[13:12:05] planet 33: building queue full (5)
[13:12:05] research: blocked research_energy_technology (building_laboratory 0/1)
[2026-05-12 13:12:45] ==== loop 6/∞ | seed=1088130647731202695 archetype=turbo personality=tecnologico focus=tech actions_per_loop=3 ====
[13:12:45] planet 33: building queue full (5)
[13:12:45] planet 33: building queue full (5)
[13:12:45] research: blocked research_energy_technology (building_laboratory 0/1)
[2026-05-12 13:13:26] ==== loop 7/∞ | seed=1088130647731202695 archetype=turbo personality=tecnologico focus=tech actions_per_loop=3 ====
[13:13:27] planet 33: building queue full (5)
[13:13:27] planet 33: building queue full (5)
[2026-05-12 13:14:10] ==== loop 8/∞ | seed=1088130647731202695 archetype=turbo personality=tecnologico focus=tech actions_per_loop=3 ====
[13:14:13] planet 33: building queue full (5)
[13:14:13] planet 33: building queue full (5)
[13:14:13] planet 33: building queue full (5)
[2026-05-12 13:14:53] ==== loop 9/∞ | seed=1088130647731202695 archetype=turbo personality=tecnologico focus=tech actions_per_loop=3 ====
[13:14:56] planet 33: building queue full (5)
[13:14:56] planet 33: building queue full (5)
[13:14:56] planet 33: building queue full (5)
[2026-05-12 13:15:35] ==== loop 10/∞ | seed=1088130647731202695 archetype=turbo personality=tecnologico focus=tech actions_per_loop=3 ====
[13:15:37] planet 33: building queue full (5)
[13:15:37] planet 33: building queue full (5)
[13:15:37] planet 33: building queue full (5)
[13:15:37] research: blocked research_energy_technology (building_laboratory 0/1)
[2026-05-12 13:16:23] ==== loop 11/∞ | seed=1088130647731202695 archetype=turbo personality=tecnologico focus=tech actions_per_loop=3 ====
[13:16:24] planet 33: building queue full (5)
[13:16:24] planet 33: building queue full (5)
[13:16:24] planet 33: building queue full (5)
[2026-05-12 13:17:10] ==== loop 12/∞ | seed=1088130647731202695 archetype=turbo personality=tecnologico focus=tech actions_per_loop=3 ====
[13:17:12] planet 33: building queue full (5)
[13:17:12] planet 33: building queue full (5)
[13:17:12] planet 33: building queue full (5)
[13:17:12] research: blocked research_energy_technology (building_laboratory 0/1)
[2026-05-12 13:17:52] ==== loop 13/∞ | seed=1088130647731202695 archetype=turbo personality=tecnologico focus=tech actions_per_loop=3 ====
[13:17:54] planet 33: building queue full (5)
[13:17:54] planet 33: building queue full (5)
[13:17:54] planet 33: building queue full (5)
[13:17:54] research: blocked research_energy_technology (building_laboratory 0/1)
[2026-05-12 13:18:36] ==== loop 14/∞ | seed=1088130647731202695 archetype=turbo personality=tecnologico focus=tech actions_per_loop=3 ====
[13:18:39] planet 33: building queue full (5)
[13:18:39] planet 33: building queue full (5)
[13:18:39] planet 33: building queue full (5)
[2026-05-12 13:19:18] ==== loop 15/∞ | seed=1088130647731202695 archetype=turbo personality=tecnologico focus=tech actions_per_loop=3 ====
[13:19:21] planet 33: building queue full (5)
[13:19:21] planet 33: building queue full (5)
[13:19:21] planet 33: building queue full (5)
[2026-05-12 13:20:02] ==== loop 16/∞ | seed=1088130647731202695 archetype=turbo personality=tecnologico focus=tech actions_per_loop=3 ====
[13:20:04] planet 33: building queue full (5)
[13:20:04] planet 33: building queue full (5)
[13:20:04] planet 33: building queue full (5)
[13:20:04] research: blocked research_energy_technology (building_laboratory 0/1)
[2026-05-12 13:20:41] ==== loop 17/∞ | seed=1088130647731202695 archetype=turbo personality=tecnologico focus=tech actions_per_loop=3 ====
[13:20:44] planet 33: building queue full (5)
[13:20:44] planet 33: building queue full (5)
[13:20:44] planet 33: building queue full (5)
[13:20:44] research: blocked research_energy_technology (building_laboratory 0/1)
[2026-05-12 13:21:30] ==== loop 18/∞ | seed=1088130647731202695 archetype=turbo personality=tecnologico focus=tech actions_per_loop=3 ====
[13:21:32] planet 33: building queue full (5)
[13:21:32] planet 33: building queue full (5)
[13:21:32] planet 33: building queue full (5)
[2026-05-12 13:22:15] ==== loop 19/∞ | seed=1088130647731202695 archetype=turbo personality=tecnologico focus=tech actions_per_loop=3 ====
[2026-05-12 13:22:38] ==== loop 1/∞ | seed=1088130647731202695 archetype=turbo personality=tecnologico focus=tech actions_per_loop=3 ====
[13:22:40] planet 33: building queue full (5)
[13:22:40] planet 33: building queue full (5)
[13:22:40] planet 33: building queue full (5)
[13:22:40] research: blocked research_energy_technology (building_laboratory 0/1)
[2026-05-12 13:23:19] ==== loop 2/∞ | seed=1088130647731202695 archetype=turbo personality=tecnologico focus=tech actions_per_loop=3 ====
[13:23:20] planet 33: building queue full (5)
[13:23:20] planet 33: building queue full (5)
[2026-05-12 13:24:00] ==== loop 3/∞ | seed=1088130647731202695 archetype=turbo personality=tecnologico focus=tech actions_per_loop=3 ====
[13:24:02] planet 33: building queue full (5)
[13:24:02] planet 33: building queue full (5)
[13:24:02] planet 33: building queue full (5)
[13:24:02] research: blocked research_energy_technology (building_laboratory 0/1)
[2026-05-12 13:24:36] ==== loop 4/∞ | seed=1088130647731202695 archetype=turbo personality=tecnologico focus=tech actions_per_loop=3 ====
[13:24:38] planet 33: building queue full (5)
[13:24:38] planet 33: building queue full (5)
[13:24:38] planet 33: building queue full (5)
[13:24:38] research: blocked research_energy_technology (building_laboratory 0/1)
[2026-05-12 13:25:17] ==== loop 5/∞ | seed=1088130647731202695 archetype=turbo personality=tecnologico focus=tech actions_per_loop=3 ====
[13:25:18] planet 33: building queue full (5)
[13:25:18] planet 33: building queue full (5)
[13:25:18] planet 33: building queue full (5)
[2026-05-12 13:26:00] ==== loop 6/∞ | seed=1088130647731202695 archetype=turbo personality=tecnologico focus=tech actions_per_loop=3 ====
[13:26:01] planet 33: building queue full (5)
[13:26:01] planet 33: building queue full (5)
[13:26:01] planet 33: building queue full (5)
[13:26:01] research: blocked research_energy_technology (building_laboratory 0/1)
[2026-05-12 13:26:44] ==== loop 7/∞ | seed=1088130647731202695 archetype=turbo personality=tecnologico focus=tech actions_per_loop=3 ====
[13:26:46] planet 33: building queue full (5)
[13:26:46] planet 33: building queue full (5)
[13:26:46] planet 33: building queue full (5)
[13:26:46] research: blocked research_energy_technology (building_laboratory 0/1)
[2026-05-12 13:27:24] ==== loop 8/∞ | seed=1088130647731202695 archetype=turbo personality=tecnologico focus=tech actions_per_loop=3 ====
[13:27:26] planet 33: building queue full (5)
[13:27:26] planet 33: building queue full (5)
[13:27:26] planet 33: building queue full (5)
[13:27:26] research: blocked research_energy_technology (building_laboratory 0/1)
[2026-05-12 13:28:25] ==== loop 1/∞ | seed=1088130647731202695 archetype=turbo personality=tecnologico focus=tech actions_per_loop=3 ====
[13:28:28] planet 33: building queue full (5)
[13:28:28] planet 33: building queue full (5)
[13:28:28] planet 33: building queue full (5)
[13:28:28] research: blocked research_energy_technology (building_laboratory 0/1)
[2026-05-12 13:29:11] ==== loop 2/∞ | seed=1088130647731202695 archetype=turbo personality=tecnologico focus=tech actions_per_loop=3 ====
[13:29:14] planet 33: building queue full (5)
[13:29:14] planet 33: building queue full (5)
[13:29:14] planet 33: building queue full (5)
[13:29:14] research: blocked research_energy_technology (building_laboratory 0/1)
[2026-05-12 13:29:52] ==== loop 3/∞ | seed=1088130647731202695 archetype=turbo personality=tecnologico focus=tech actions_per_loop=3 ====
[13:29:54] planet 33: building queue full (5)
[13:29:54] planet 33: building queue full (5)
[13:29:54] planet 33: building queue full (5)
[13:29:54] research: blocked research_energy_technology (building_laboratory 0/1)
[2026-05-12 13:30:29] ==== loop 4/∞ | seed=1088130647731202695 archetype=turbo personality=tecnologico focus=tech actions_per_loop=3 ====
[13:30:31] planet 33: building queue full (5)
[13:30:31] planet 33: building queue full (5)
[13:30:31] planet 33: building queue full (5)
[13:30:31] research: blocked research_energy_technology (building_laboratory 0/1)
[2026-05-12 13:31:08] ==== loop 5/∞ | seed=1088130647731202695 archetype=turbo personality=tecnologico focus=tech actions_per_loop=3 ====
[13:31:10] planet 33: building queue full (5)
[13:31:10] planet 33: building queue full (5)
[13:31:10] research: blocked research_energy_technology (building_laboratory 0/1)
[2026-05-12 13:31:43] ==== loop 6/∞ | seed=1088130647731202695 archetype=turbo personality=tecnologico focus=tech actions_per_loop=3 ====
[13:31:45] planet 33: building queue full (5)
[13:31:45] planet 33: building queue full (5)
[13:31:45] planet 33: building queue full (5)
[13:31:45] research: blocked research_energy_technology (building_laboratory 0/1)
[2026-05-12 13:32:22] ==== loop 7/∞ | seed=1088130647731202695 archetype=turbo personality=tecnologico focus=tech actions_per_loop=3 ====
[13:32:22] planet 33: building queue full (5)
[13:32:22] planet 33: building queue full (5)
[13:32:22] planet 33: building queue full (5)
[13:32:22] research: blocked research_energy_technology (building_laboratory 0/1)
[2026-05-12 13:33:02] ==== loop 8/∞ | seed=1088130647731202695 archetype=turbo personality=tecnologico focus=tech actions_per_loop=3 ====
[13:33:05] planet 33: building queue full (5)
[13:33:05] planet 33: building queue full (5)
[13:33:05] planet 33: building queue full (5)
[2026-05-12 13:33:42] ==== loop 9/∞ | seed=1088130647731202695 archetype=turbo personality=tecnologico focus=tech actions_per_loop=3 ====
[13:33:43] planet 33: building queue full (5)
[13:33:43] planet 33: building queue full (5)
[13:33:43] planet 33: building queue full (5)
[13:33:43] research: blocked research_energy_technology (building_laboratory 0/1)
[2026-05-12 13:34:16] ==== loop 10/∞ | seed=1088130647731202695 archetype=turbo personality=tecnologico focus=tech actions_per_loop=3 ====
[13:34:18] planet 33: building queue full (5)
[13:34:18] planet 33: building queue full (5)
[13:34:18] research: blocked research_energy_technology (building_laboratory 0/1)
[2026-05-12 13:34:54] ==== loop 11/∞ | seed=1088130647731202695 archetype=turbo personality=tecnologico focus=tech actions_per_loop=3 ====
[13:34:56] planet 33: building queue full (5)
[13:34:56] planet 33: building queue full (5)
[13:34:56] research: blocked research_energy_technology (building_laboratory 0/1)
[2026-05-12 13:35:34] ==== loop 12/∞ | seed=1088130647731202695 archetype=turbo personality=tecnologico focus=tech actions_per_loop=3 ====
[13:35:37] planet 33: building queue full (5)
[13:35:37] planet 33: building queue full (5)
[13:35:37] planet 33: building queue full (5)
[2026-05-12 13:36:12] ==== loop 13/∞ | seed=1088130647731202695 archetype=turbo personality=tecnologico focus=tech actions_per_loop=3 ====
[13:36:14] planet 33: building queue full (5)
[13:36:14] planet 33: building queue full (5)
[13:36:14] planet 33: building queue full (5)
[13:36:14] research: blocked research_energy_technology (building_laboratory 0/1)
[2026-05-12 13:36:48] ==== loop 14/∞ | seed=1088130647731202695 archetype=turbo personality=tecnologico focus=tech actions_per_loop=3 ====
[13:36:51] planet 33: building queue full (5)
[13:36:51] planet 33: building queue full (5)
[13:36:51] planet 33: building queue full (5)
[13:36:51] research: blocked research_energy_technology (building_laboratory 0/1)
[2026-05-12 13:37:24] ==== loop 15/∞ | seed=1088130647731202695 archetype=turbo personality=tecnologico focus=tech actions_per_loop=3 ====
[13:37:26] planet 33: building queue full (5)
[13:37:26] planet 33: building queue full (5)
[13:37:26] planet 33: building queue full (5)
[2026-05-12 13:38:06] ==== loop 16/∞ | seed=1088130647731202695 archetype=turbo personality=tecnologico focus=tech actions_per_loop=3 ====
[13:38:08] planet 33: building queue full (5)
[13:38:08] planet 33: building queue full (5)
[13:38:08] planet 33: building queue full (5)
[13:38:08] research: blocked research_energy_technology (building_laboratory 0/1)
[2026-05-12 13:38:44] ==== loop 17/∞ | seed=1088130647731202695 archetype=turbo personality=tecnologico focus=tech actions_per_loop=3 ====
[13:38:44] planet 33: queue busy, throttled building_hangar
[13:38:44] planet 33: queue busy, throttled building_hangar
[13:38:44] planet 33: queue busy, throttled building_hangar
[13:38:44] research: blocked research_energy_technology (building_laboratory 0/1)
[2026-05-12 13:39:30] ==== loop 1/∞ | seed=1088130647731202695 archetype=turbo personality=tecnologico focus=tech actions_per_loop=3 ====
[13:39:30] planet 33: queue busy, throttled building_hangar
[13:39:30] planet 33: queue busy, throttled building_hangar
[13:39:30] planet 33: queue busy, throttled building_hangar
[13:39:30] research: blocked research_energy_technology (building_laboratory 0/1)
[2026-05-12 13:40:08] ==== loop 2/∞ | seed=1088130647731202695 archetype=turbo personality=tecnologico focus=tech actions_per_loop=3 ====
[13:40:08] planet 33: queue busy, throttled building_hangar
[13:40:08] planet 33: queue busy, throttled building_hangar
[13:40:08] planet 33: queue busy, throttled building_hangar
[2026-05-12 13:40:43] ==== loop 1/∞ | seed=1088130647731202695 archetype=turbo personality=tecnologico focus=tech actions_per_loop=3 ====
[13:40:43] planet 33: queue busy, throttled building_hangar
[13:40:43] planet 33: queue busy, throttled building_hangar
[13:40:43] planet 33: queue busy, throttled building_hangar
[13:40:43] research: blocked research_energy_technology (building_laboratory 0/1)
[2026-05-12 13:41:22] ==== loop 2/∞ | seed=1088130647731202695 archetype=turbo personality=tecnologico focus=tech actions_per_loop=3 ====
[13:41:22] planet 33: queue busy, throttled building_hangar
[13:41:22] planet 33: queue busy, throttled building_hangar
[13:41:22] planet 33: queue busy, throttled building_hangar
[13:41:22] research: blocked research_energy_technology (building_laboratory 0/1)
[2026-05-12 13:41:55] ==== loop 3/∞ | seed=1088130647731202695 archetype=turbo personality=tecnologico focus=tech actions_per_loop=3 ====
[13:41:55] planet 33: queue busy, throttled building_hangar
[13:41:55] planet 33: queue busy, throttled building_hangar
[13:41:55] planet 33: queue busy, throttled building_hangar
[13:41:55] research: blocked research_energy_technology (building_laboratory 0/1)
[2026-05-12 13:42:32] ==== loop 4/∞ | seed=1088130647731202695 archetype=turbo personality=tecnologico focus=tech actions_per_loop=3 ====
[13:42:32] planet 33: queue busy, throttled building_hangar
[13:42:32] planet 33: queue busy, throttled building_hangar
[13:42:32] planet 33: queue busy, throttled building_hangar
[13:42:32] research: blocked research_energy_technology (building_laboratory 0/1)
[2026-05-12 13:43:10] ==== loop 5/∞ | seed=1088130647731202695 archetype=turbo personality=tecnologico focus=tech actions_per_loop=3 ====
[13:43:10] planet 33: queue busy, throttled building_hangar
[13:43:10] planet 33: queue busy, throttled building_hangar
[13:43:10] planet 33: queue busy, throttled building_hangar
[13:43:10] research: blocked research_energy_technology (building_laboratory 0/1)
[2026-05-12 13:43:51] ==== loop 6/∞ | seed=1088130647731202695 archetype=turbo personality=tecnologico focus=tech actions_per_loop=3 ====
[13:43:51] planet 33: queue busy, throttled building_hangar
[13:43:51] planet 33: queue busy, throttled building_hangar
[13:43:51] planet 33: queue busy, throttled building_hangar
[13:43:51] research: blocked research_energy_technology (building_laboratory 0/1)
[2026-05-12 13:44:43] ==== loop 1/∞ | seed=1088130647731202695 archetype=turbo personality=tecnologico focus=tech actions_per_loop=3 ====
[13:44:43] planet 33: queue busy, throttled building_hangar
[13:44:43] planet 33: queue busy, throttled building_hangar
[13:44:43] planet 33: queue busy, throttled building_hangar
[13:44:43] research: blocked research_energy_technology (building_laboratory 0/1)
[2026-05-12 13:45:17] ==== loop 2/∞ | seed=1088130647731202695 archetype=turbo personality=tecnologico focus=tech actions_per_loop=3 ====
[13:45:17] planet 33: queue busy, throttled building_hangar
[13:45:17] planet 33: queue busy, throttled building_hangar
[13:45:17] planet 33: queue busy, throttled building_hangar
[13:45:17] research: blocked research_energy_technology (building_laboratory 0/1)
[2026-05-12 13:45:52] ==== loop 3/∞ | seed=1088130647731202695 archetype=turbo personality=tecnologico focus=tech actions_per_loop=3 ====
[13:45:52] planet 33: queue busy, throttled building_hangar
[13:45:52] planet 33: queue busy, throttled building_hangar
[13:45:52] planet 33: queue busy, throttled building_hangar
[13:45:52] research: blocked research_energy_technology (building_laboratory 0/1)
[2026-05-12 13:46:29] ==== loop 4/∞ | seed=1088130647731202695 archetype=turbo personality=tecnologico focus=tech actions_per_loop=3 ====
[13:46:29] planet 33: queue busy, throttled building_hangar
[13:46:29] planet 33: queue busy, throttled building_hangar
[13:46:29] planet 33: queue busy, throttled building_hangar
[2026-05-12 13:47:05] ==== loop 5/∞ | seed=1088130647731202695 archetype=turbo personality=tecnologico focus=tech actions_per_loop=3 ====
[13:47:06] planet 33: queued building_solar_plant to 23
[13:47:06] research: blocked research_energy_technology (building_laboratory 0/1)
[2026-05-12 13:47:41] ==== loop 6/∞ | seed=1088130647731202695 archetype=turbo personality=tecnologico focus=tech actions_per_loop=3 ====
[13:47:42] planet 33: building queue full (5)
[13:47:42] planet 33: building queue full (5)
[13:47:42] planet 33: building queue full (5)
[2026-05-12 13:48:21] ==== loop 7/∞ | seed=1088130647731202695 archetype=turbo personality=tecnologico focus=tech actions_per_loop=3 ====
[13:48:23] planet 33: building queue full (5)
[13:48:23] planet 33: building queue full (5)
[13:48:23] planet 33: building queue full (5)
[13:48:23] research: blocked research_energy_technology (building_laboratory 0/1)
[2026-05-12 13:49:00] ==== loop 8/∞ | seed=1088130647731202695 archetype=turbo personality=tecnologico focus=tech actions_per_loop=3 ====
[13:49:03] planet 33: building queue full (5)
[13:49:03] planet 33: building queue full (5)
[13:49:03] planet 33: building queue full (5)
[2026-05-12 13:49:40] ==== loop 9/∞ | seed=1088130647731202695 archetype=turbo personality=tecnologico focus=tech actions_per_loop=3 ====
[13:49:42] planet 33: building queue full (5)
[13:49:42] planet 33: building queue full (5)
[13:49:42] planet 33: building queue full (5)
[13:49:42] research: blocked research_energy_technology (building_laboratory 0/1)
[2026-05-12 13:50:17] ==== loop 10/∞ | seed=1088130647731202695 archetype=turbo personality=tecnologico focus=tech actions_per_loop=3 ====
[13:50:17] planet 33: building queue full (5)
[13:50:17] planet 33: building queue full (5)
[13:50:17] planet 33: building queue full (5)
[2026-05-12 13:50:50] ==== loop 11/∞ | seed=1088130647731202695 archetype=turbo personality=tecnologico focus=tech actions_per_loop=3 ====
[13:50:52] planet 33: building queue full (5)
[13:50:52] planet 33: building queue full (5)
[13:50:52] planet 33: building queue full (5)
[13:50:52] research: blocked research_energy_technology (building_laboratory 0/1)
[2026-05-12 13:51:26] ==== loop 12/∞ | seed=1088130647731202695 archetype=turbo personality=tecnologico focus=tech actions_per_loop=3 ====
[13:51:29] planet 33: building queue full (5)
[13:51:29] planet 33: building queue full (5)
[13:51:29] planet 33: building queue full (5)
[2026-05-12 13:52:00] ==== loop 13/∞ | seed=1088130647731202695 archetype=turbo personality=tecnologico focus=tech actions_per_loop=3 ====
[13:52:02] planet 33: building queue full (5)
[13:52:02] planet 33: building queue full (5)
[13:52:02] planet 33: building queue full (5)
[13:52:02] research: blocked research_energy_technology (building_laboratory 0/1)
[2026-05-12 13:52:35] ==== loop 14/∞ | seed=1088130647731202695 archetype=turbo personality=tecnologico focus=tech actions_per_loop=3 ====
[13:52:36] planet 33: building queue full (5)
[13:52:36] planet 33: building queue full (5)
[2026-05-12 13:53:11] ==== loop 15/∞ | seed=1088130647731202695 archetype=turbo personality=tecnologico focus=tech actions_per_loop=3 ====
[13:53:12] planet 33: building queue full (5)
[13:53:12] planet 33: building queue full (5)
[13:53:12] research: blocked research_energy_technology (building_laboratory 0/1)
[2026-05-12 13:53:46] ==== loop 16/∞ | seed=1088130647731202695 archetype=turbo personality=tecnologico focus=tech actions_per_loop=3 ====
[13:53:49] planet 33: building queue full (5)
[13:53:49] planet 33: building queue full (5)
[13:53:49] planet 33: building queue full (5)
[13:53:49] research: blocked research_energy_technology (building_laboratory 0/1)
[2026-05-12 13:54:23] ==== loop 17/∞ | seed=1088130647731202695 archetype=turbo personality=tecnologico focus=tech actions_per_loop=3 ====
[13:54:25] planet 33: building queue full (5)
[13:54:25] planet 33: building queue full (5)
[13:54:25] planet 33: building queue full (5)
[13:54:25] research: blocked research_energy_technology (building_laboratory 0/1)
[2026-05-12 13:55:01] ==== loop 18/∞ | seed=1088130647731202695 archetype=turbo personality=tecnologico focus=tech actions_per_loop=3 ====
[13:55:03] planet 33: building queue full (5)
[13:55:03] planet 33: building queue full (5)
[13:55:03] planet 33: building queue full (5)
[2026-05-12 13:55:39] ==== loop 19/∞ | seed=1088130647731202695 archetype=turbo personality=tecnologico focus=tech actions_per_loop=3 ====
[13:55:40] planet 33: queued building_solar_plant to 24
[13:55:40] research: blocked research_energy_technology (building_laboratory 0/1)
[2026-05-12 13:56:17] ==== loop 20/∞ | seed=1088130647731202695 archetype=turbo personality=tecnologico focus=tech actions_per_loop=3 ====
[13:56:18] planet 33: building queue full (5)
[13:56:18] planet 33: building queue full (5)
[13:56:18] planet 33: building queue full (5)
[13:56:18] research: blocked research_energy_technology (building_laboratory 0/1)
[2026-05-12 13:56:50] ==== loop 21/∞ | seed=1088130647731202695 archetype=turbo personality=tecnologico focus=tech actions_per_loop=3 ====
[13:56:52] planet 33: building queue full (5)
[13:56:52] planet 33: building queue full (5)
[13:56:52] planet 33: building queue full (5)
[2026-05-12 13:57:30] ==== loop 22/∞ | seed=1088130647731202695 archetype=turbo personality=tecnologico focus=tech actions_per_loop=3 ====
[13:57:31] planet 33: building queue full (5)
[13:57:31] planet 33: building queue full (5)
[13:57:31] research: blocked research_energy_technology (building_laboratory 0/1)
[2026-05-12 13:58:04] ==== loop 23/∞ | seed=1088130647731202695 archetype=turbo personality=tecnologico focus=tech actions_per_loop=3 ====
[13:58:07] planet 33: building queue full (5)
[13:58:07] planet 33: building queue full (5)
[13:58:07] planet 33: building queue full (5)
[13:58:07] research: blocked research_energy_technology (building_laboratory 0/1)
[2026-05-12 13:58:40] ==== loop 24/∞ | seed=1088130647731202695 archetype=turbo personality=tecnologico focus=tech actions_per_loop=3 ====
[13:58:42] planet 33: building queue full (5)
[13:58:42] planet 33: building queue full (5)
[13:58:42] planet 33: building queue full (5)
[2026-05-12 13:59:18] ==== loop 25/∞ | seed=1088130647731202695 archetype=turbo personality=tecnologico focus=tech actions_per_loop=3 ====
[13:59:20] planet 33: building queue full (5)
[13:59:20] planet 33: building queue full (5)
[13:59:20] research: blocked research_energy_technology (building_laboratory 0/1)
[2026-05-12 13:59:50] ==== loop 26/∞ | seed=1088130647731202695 archetype=turbo personality=tecnologico focus=tech actions_per_loop=3 ====
[13:59:53] planet 33: building queue full (5)
[13:59:53] planet 33: building queue full (5)
[13:59:53] planet 33: building queue full (5)
[13:59:53] research: blocked research_energy_technology (building_laboratory 0/1)
[2026-05-12 14:00:23] ==== loop 27/∞ | seed=1088130647731202695 archetype=turbo personality=tecnologico focus=tech actions_per_loop=3 ====
[14:00:25] planet 33: building queue full (5)
[14:00:25] planet 33: building queue full (5)
[2026-05-12 14:00:59] ==== loop 28/∞ | seed=1088130647731202695 archetype=turbo personality=tecnologico focus=tech actions_per_loop=3 ====
[14:01:00] planet 33: building queue full (5)
[14:01:00] planet 33: building queue full (5)
[14:01:00] planet 33: building queue full (5)
[2026-05-12 14:01:39] ==== loop 29/∞ | seed=1088130647731202695 archetype=turbo personality=tecnologico focus=tech actions_per_loop=3 ====
[14:01:41] planet 33: building queue full (5)
[14:01:41] planet 33: building queue full (5)
[14:01:41] planet 33: building queue full (5)
[14:01:41] research: blocked research_energy_technology (building_laboratory 0/1)
[2026-05-12 14:02:19] ==== loop 30/∞ | seed=1088130647731202695 archetype=turbo personality=tecnologico focus=tech actions_per_loop=3 ====
[14:02:22] planet 33: building queue full (5)
[14:02:22] planet 33: building queue full (5)
[14:02:22] planet 33: building queue full (5)
[14:02:22] research: blocked research_energy_technology (building_laboratory 0/1)
[2026-05-12 14:03:01] ==== loop 31/∞ | seed=1088130647731202695 archetype=turbo personality=tecnologico focus=tech actions_per_loop=3 ====
[14:03:02] planet 33: building queue full (5)
[14:03:02] planet 33: building queue full (5)
[2026-05-12 14:03:39] ==== loop 32/∞ | seed=1088130647731202695 archetype=turbo personality=tecnologico focus=tech actions_per_loop=3 ====
[14:03:40] planet 33: building queue full (5)
[14:03:40] planet 33: building queue full (5)
[14:03:40] planet 33: building queue full (5)
[14:03:40] research: blocked research_energy_technology (building_laboratory 0/1)
[2026-05-12 14:04:22] ==== loop 33/∞ | seed=1088130647731202695 archetype=turbo personality=tecnologico focus=tech actions_per_loop=3 ====
[14:04:24] planet 33: building queue full (5)
[14:04:24] planet 33: building queue full (5)
[14:04:24] planet 33: building queue full (5)
[2026-05-12 14:05:01] ==== loop 34/∞ | seed=1088130647731202695 archetype=turbo personality=tecnologico focus=tech actions_per_loop=3 ====
[14:05:03] planet 33: building queue full (5)
[14:05:03] planet 33: building queue full (5)
[14:05:03] planet 33: building queue full (5)
[2026-05-12 14:05:38] ==== loop 35/∞ | seed=1088130647731202695 archetype=turbo personality=tecnologico focus=tech actions_per_loop=3 ====
[14:05:39] planet 33: building queue full (5)
[14:05:39] planet 33: building queue full (5)
[14:05:39] planet 33: building queue full (5)
[14:05:39] research: blocked research_energy_technology (building_laboratory 0/1)
[2026-05-12 14:06:16] ==== loop 36/∞ | seed=1088130647731202695 archetype=turbo personality=tecnologico focus=tech actions_per_loop=3 ====
[14:06:19] planet 33: building queue full (5)
[14:06:19] planet 33: building queue full (5)
[14:06:19] planet 33: building queue full (5)
[14:06:19] research: blocked research_energy_technology (building_laboratory 0/1)
[2026-05-12 14:06:56] ==== loop 37/∞ | seed=1088130647731202695 archetype=turbo personality=tecnologico focus=tech actions_per_loop=3 ====
[14:06:57] planet 33: building queue full (5)
[14:06:57] planet 33: building queue full (5)
[14:06:57] planet 33: building queue full (5)
[14:06:57] research: blocked research_energy_technology (building_laboratory 0/1)
[2026-05-12 14:07:37] ==== loop 38/∞ | seed=1088130647731202695 archetype=turbo personality=tecnologico focus=tech actions_per_loop=3 ====
[14:07:39] planet 33: building queue full (5)
[14:07:39] planet 33: building queue full (5)
[14:07:39] planet 33: building queue full (5)
[2026-05-12 14:08:17] ==== loop 39/∞ | seed=1088130647731202695 archetype=turbo personality=tecnologico focus=tech actions_per_loop=3 ====
[14:08:18] planet 33: queued building_solar_plant to 25
[14:08:18] research: blocked research_energy_technology (building_laboratory 0/1)
[2026-05-12 14:08:56] ==== loop 40/∞ | seed=1088130647731202695 archetype=turbo personality=tecnologico focus=tech actions_per_loop=3 ====
[14:08:59] planet 33: building queue full (5)
[14:08:59] planet 33: building queue full (5)
[14:08:59] planet 33: building queue full (5)
[2026-05-12 14:09:41] ==== loop 41/∞ | seed=1088130647731202695 archetype=turbo personality=tecnologico focus=tech actions_per_loop=3 ====
[14:09:43] planet 33: building queue full (5)
[14:09:43] planet 33: building queue full (5)
[14:09:43] planet 33: building queue full (5)
[2026-05-12 14:10:20] ==== loop 42/∞ | seed=1088130647731202695 archetype=turbo personality=tecnologico focus=tech actions_per_loop=3 ====
[14:10:22] planet 33: building queue full (5)
[14:10:22] planet 33: building queue full (5)
[14:10:22] planet 33: building queue full (5)
[14:10:22] research: blocked research_energy_technology (building_laboratory 0/1)
[2026-05-12 14:10:57] ==== loop 43/∞ | seed=1088130647731202695 archetype=turbo personality=tecnologico focus=tech actions_per_loop=3 ====
[14:10:59] planet 33: building queue full (5)
[14:10:59] planet 33: building queue full (5)
[14:10:59] planet 33: building queue full (5)
[14:10:59] research: blocked research_energy_technology (building_laboratory 0/1)
[2026-05-12 14:11:38] ==== loop 44/∞ | seed=1088130647731202695 archetype=turbo personality=tecnologico focus=tech actions_per_loop=3 ====
[14:11:40] planet 33: building queue full (5)
[14:11:40] planet 33: building queue full (5)
[14:11:40] research: blocked research_energy_technology (building_laboratory 0/1)
[2026-05-12 14:12:16] ==== loop 45/∞ | seed=1088130647731202695 archetype=turbo personality=tecnologico focus=tech actions_per_loop=3 ====
[14:12:18] planet 33: building queue full (5)
[14:12:18] planet 33: building queue full (5)
[14:12:18] planet 33: building queue full (5)
[14:12:18] research: blocked research_energy_technology (building_laboratory 0/1)
[2026-05-12 14:12:52] ==== loop 46/∞ | seed=1088130647731202695 archetype=turbo personality=tecnologico focus=tech actions_per_loop=3 ====
[14:12:54] planet 33: building queue full (5)
[14:12:54] planet 33: building queue full (5)
[14:12:54] planet 33: building queue full (5)
[2026-05-12 14:13:28] ==== loop 47/∞ | seed=1088130647731202695 archetype=turbo personality=tecnologico focus=tech actions_per_loop=3 ====
[14:13:31] planet 33: building queue full (5)
[14:13:31] planet 33: building queue full (5)
[14:13:31] planet 33: building queue full (5)
[2026-05-12 14:14:06] ==== loop 48/∞ | seed=1088130647731202695 archetype=turbo personality=tecnologico focus=tech actions_per_loop=3 ====
[14:14:06] planet 33: building queue full (5)
[14:14:06] planet 33: building queue full (5)
[2026-05-12 14:14:41] ==== loop 49/∞ | seed=1088130647731202695 archetype=turbo personality=tecnologico focus=tech actions_per_loop=3 ====
[14:14:44] planet 33: building queue full (5)
[14:14:44] planet 33: building queue full (5)
[14:14:44] planet 33: building queue full (5)
[2026-05-12 14:15:21] ==== loop 50/∞ | seed=1088130647731202695 archetype=turbo personality=tecnologico focus=tech actions_per_loop=3 ====
[14:15:23] planet 33: building queue full (5)
[14:15:23] planet 33: building queue full (5)
[14:15:23] planet 33: building queue full (5)
[14:15:23] research: blocked research_energy_technology (building_laboratory 0/1)
[2026-05-12 14:15:56] ==== loop 51/∞ | seed=1088130647731202695 archetype=turbo personality=tecnologico focus=tech actions_per_loop=3 ====
[14:15:58] planet 33: building queue full (5)
[14:15:58] planet 33: building queue full (5)
[14:15:58] planet 33: building queue full (5)
[2026-05-12 14:16:30] ==== loop 52/∞ | seed=1088130647731202695 archetype=turbo personality=tecnologico focus=tech actions_per_loop=3 ====
[14:16:31] planet 33: building queue full (5)
[14:16:31] planet 33: building queue full (5)
[14:16:31] research: blocked research_energy_technology (building_laboratory 0/1)
[2026-05-12 14:17:05] ==== loop 53/∞ | seed=1088130647731202695 archetype=turbo personality=tecnologico focus=tech actions_per_loop=3 ====
[14:17:09] planet 33: building queue full (5)
[14:17:09] planet 33: building queue full (5)
[14:17:09] planet 33: building queue full (5)
[2026-05-12 14:17:41] ==== loop 54/∞ | seed=1088130647731202695 archetype=turbo personality=tecnologico focus=tech actions_per_loop=3 ====
[14:17:43] planet 33: building queue full (5)
[14:17:43] planet 33: building queue full (5)
[14:17:43] planet 33: building queue full (5)
[2026-05-12 14:18:19] ==== loop 55/∞ | seed=1088130647731202695 archetype=turbo personality=tecnologico focus=tech actions_per_loop=3 ====
[14:18:21] planet 33: building queue full (5)
[14:18:21] planet 33: building queue full (5)
[14:18:21] planet 33: building queue full (5)
[14:18:21] research: blocked research_energy_technology (building_laboratory 0/1)
[2026-05-12 14:18:53] ==== loop 56/∞ | seed=1088130647731202695 archetype=turbo personality=tecnologico focus=tech actions_per_loop=3 ====
[14:18:54] planet 33: building queue full (5)
[14:18:54] planet 33: building queue full (5)
[14:18:54] planet 33: building queue full (5)
[2026-05-12 14:19:33] ==== loop 57/∞ | seed=1088130647731202695 archetype=turbo personality=tecnologico focus=tech actions_per_loop=3 ====
[14:19:35] planet 33: building queue full (5)
[14:19:35] planet 33: building queue full (5)
[14:19:35] planet 33: building queue full (5)
[14:19:35] research: blocked research_energy_technology (building_laboratory 0/1)
[2026-05-12 14:20:11] ==== loop 58/∞ | seed=1088130647731202695 archetype=turbo personality=tecnologico focus=tech actions_per_loop=3 ====
[14:20:13] planet 33: building queue full (5)
[14:20:13] planet 33: building queue full (5)
[14:20:13] planet 33: building queue full (5)
[14:20:13] research: blocked research_energy_technology (building_laboratory 0/1)
[2026-05-12 14:20:52] ==== loop 59/∞ | seed=1088130647731202695 archetype=turbo personality=tecnologico focus=tech actions_per_loop=3 ====
[14:20:54] planet 33: building queue full (5)
[14:20:54] planet 33: building queue full (5)
[14:20:54] planet 33: building queue full (5)
[14:20:54] research: blocked research_energy_technology (building_laboratory 0/1)
[2026-05-12 14:21:31] ==== loop 60/∞ | seed=1088130647731202695 archetype=turbo personality=tecnologico focus=tech actions_per_loop=3 ====
[14:21:33] planet 33: building queue full (5)
[14:21:33] planet 33: building queue full (5)
[14:21:33] planet 33: building queue full (5)
[14:21:33] research: blocked research_energy_technology (building_laboratory 0/1)
[2026-05-12 14:22:14] ==== loop 61/∞ | seed=1088130647731202695 archetype=turbo personality=tecnologico focus=tech actions_per_loop=3 ====
[14:22:16] planet 33: building queue full (5)
[14:22:16] planet 33: building queue full (5)
[14:22:16] planet 33: building queue full (5)
[14:22:16] research: blocked research_energy_technology (building_laboratory 0/1)
[2026-05-12 14:23:01] ==== loop 62/∞ | seed=1088130647731202695 archetype=turbo personality=tecnologico focus=tech actions_per_loop=3 ====
[14:23:03] planet 33: building queue full (5)
[14:23:03] planet 33: building queue full (5)
[14:23:03] planet 33: building queue full (5)
[14:23:03] research: blocked research_energy_technology (building_laboratory 0/1)
[2026-05-12 14:23:47] ==== loop 63/∞ | seed=1088130647731202695 archetype=turbo personality=tecnologico focus=tech actions_per_loop=3 ====
[14:23:49] planet 33: building queue full (5)
[14:23:49] planet 33: building queue full (5)
[14:23:49] planet 33: building queue full (5)
[2026-05-12 14:24:28] ==== loop 64/∞ | seed=1088130647731202695 archetype=turbo personality=tecnologico focus=tech actions_per_loop=3 ====
[14:24:29] planet 33: building queue full (5)
[14:24:29] planet 33: building queue full (5)
[14:24:29] planet 33: building queue full (5)
[14:24:29] research: blocked research_energy_technology (building_laboratory 0/1)
[2026-05-12 14:25:08] ==== loop 65/∞ | seed=1088130647731202695 archetype=turbo personality=tecnologico focus=tech actions_per_loop=3 ====
[14:25:11] planet 33: building queue full (5)
[14:25:11] planet 33: building queue full (5)
[14:25:11] planet 33: building queue full (5)
[14:25:11] research: blocked research_energy_technology (building_laboratory 0/1)
[2026-05-12 14:25:47] ==== loop 66/∞ | seed=1088130647731202695 archetype=turbo personality=tecnologico focus=tech actions_per_loop=3 ====
[14:25:49] planet 33: building queue full (5)
[14:25:49] planet 33: building queue full (5)
[14:25:49] research: blocked research_energy_technology (building_laboratory 0/1)
[2026-05-12 14:26:32] ==== loop 67/∞ | seed=1088130647731202695 archetype=turbo personality=tecnologico focus=tech actions_per_loop=3 ====
[14:26:33] planet 33: queued building_laboratory to 1
[2026-05-12 14:27:15] ==== loop 68/∞ | seed=1088130647731202695 archetype=turbo personality=tecnologico focus=tech actions_per_loop=3 ====
[14:27:15] planet 33: queued building_laboratory to 2
[14:27:15] research: queued research_energy_technology on planet 33 (5s)
[2026-05-12 14:27:59] ==== loop 69/∞ | seed=1088130647731202695 archetype=turbo personality=tecnologico focus=tech actions_per_loop=3 ====
[14:28:00] planet 33: queued building_laboratory to 3
[2026-05-12 14:28:40] ==== loop 70/∞ | seed=1088130647731202695 archetype=turbo personality=tecnologico focus=tech actions_per_loop=3 ====
[14:28:41] planet 33: queued building_crystal_store to 10
[14:28:41] research: already in progress
[2026-05-12 14:29:22] ==== loop 71/∞ | seed=1088130647731202695 archetype=turbo personality=tecnologico focus=tech actions_per_loop=3 ====
[14:29:23] planet 33: building queue full (5)
[14:29:23] planet 33: building queue full (5)
[2026-05-12 14:30:03] ==== loop 72/∞ | seed=1088130647731202695 archetype=turbo personality=tecnologico focus=tech actions_per_loop=3 ====
[14:30:05] planet 33: building queue full (5)
[14:30:05] planet 33: building queue full (5)
[14:30:05] planet 33: building queue full (5)
[14:30:05] research: already in progress
[2026-05-12 14:30:47] ==== loop 73/∞ | seed=1088130647731202695 archetype=turbo personality=tecnologico focus=tech actions_per_loop=3 ====
[14:30:47] planet 33: building queue full (5)
[14:30:47] planet 33: building queue full (5)
[14:30:47] research: already in progress
[2026-05-12 14:31:38] ==== loop 74/∞ | seed=1088130647731202695 archetype=turbo personality=tecnologico focus=tech actions_per_loop=3 ====
[14:31:40] planet 33: building queue full (5)
[14:31:40] planet 33: building queue full (5)
[14:31:40] planet 33: building queue full (5)
[14:31:40] research: already in progress
[2026-05-12 14:32:23] ==== loop 75/∞ | seed=1088130647731202695 archetype=turbo personality=tecnologico focus=tech actions_per_loop=3 ====
[14:32:25] planet 33: building queue full (5)
[14:32:25] planet 33: building queue full (5)
[14:32:25] planet 33: building queue full (5)
[14:32:25] research: already in progress
[2026-05-12 14:33:09] ==== loop 76/∞ | seed=1088130647731202695 archetype=turbo personality=tecnologico focus=tech actions_per_loop=3 ====
[14:33:12] planet 33: building queue full (5)
[14:33:12] planet 33: building queue full (5)
[14:33:12] planet 33: building queue full (5)
[14:33:12] research: already in progress
[2026-05-12 14:33:59] ==== loop 77/∞ | seed=1088130647731202695 archetype=turbo personality=tecnologico focus=tech actions_per_loop=3 ====
[14:34:00] planet 33: building queue full (5)
[14:34:00] planet 33: building queue full (5)
[14:34:00] planet 33: building queue full (5)
[14:34:00] research: already in progress
[2026-05-12 14:35:05] ==== loop 1/∞ | seed=1088130647731202695 archetype=turbo personality=tecnologico focus=tech actions_per_loop=3 ====
[14:35:07] planet 33: building queue full (5)
[14:35:07] planet 33: building queue full (5)
[14:35:07] planet 33: building queue full (5)
[14:35:07] research: already in progress
[2026-05-12 14:35:48] ==== loop 2/∞ | seed=1088130647731202695 archetype=turbo personality=tecnologico focus=tech actions_per_loop=3 ====
[14:35:50] planet 33: building queue full (5)
[14:35:50] planet 33: building queue full (5)
[14:35:50] planet 33: building queue full (5)
[14:35:50] research: already in progress
[2026-05-12 14:36:33] ==== loop 3/∞ | seed=1088130647731202695 archetype=turbo personality=tecnologico focus=tech actions_per_loop=3 ====
[14:36:33] planet 33: queued building_crystal_store to 11
[2026-05-12 14:37:17] ==== loop 4/∞ | seed=1088130647731202695 archetype=turbo personality=tecnologico focus=tech actions_per_loop=3 ====
[14:37:19] planet 33: building queue full (5)
[14:37:19] planet 33: building queue full (5)
[14:37:19] planet 33: building queue full (5)
[2026-05-12 14:38:06] ==== loop 5/∞ | seed=1088130647731202695 archetype=turbo personality=tecnologico focus=tech actions_per_loop=3 ====
[14:38:08] planet 33: building queue full (5)
[14:38:08] planet 33: building queue full (5)
[14:38:08] planet 33: building queue full (5)
[14:38:08] research: already in progress
[2026-05-12 14:38:49] ==== loop 6/∞ | seed=1088130647731202695 archetype=turbo personality=tecnologico focus=tech actions_per_loop=3 ====
[14:38:52] planet 33: building queue full (5)
[14:38:52] planet 33: building queue full (5)
[14:38:52] planet 33: building queue full (5)
[2026-05-12 14:39:35] ==== loop 7/∞ | seed=1088130647731202695 archetype=turbo personality=tecnologico focus=tech actions_per_loop=3 ====
[14:39:37] planet 33: building queue full (5)
[14:39:37] planet 33: building queue full (5)
[14:39:37] planet 33: building queue full (5)
[2026-05-12 14:40:24] ==== loop 8/∞ | seed=1088130647731202695 archetype=turbo personality=tecnologico focus=tech actions_per_loop=3 ====
[14:40:26] planet 33: building queue full (5)
[14:40:26] planet 33: building queue full (5)
[14:40:26] planet 33: building queue full (5)
[2026-05-12 14:41:11] ==== loop 9/∞ | seed=1088130647731202695 archetype=turbo personality=tecnologico focus=tech actions_per_loop=3 ====
[14:41:12] planet 33: building queue full (5)
[14:41:12] planet 33: building queue full (5)
[14:41:12] planet 33: building queue full (5)
[2026-05-12 14:41:54] ==== loop 10/∞ | seed=1088130647731202695 archetype=turbo personality=tecnologico focus=tech actions_per_loop=3 ====
[14:41:56] planet 33: building queue full (5)
[14:41:56] planet 33: building queue full (5)
[14:41:56] planet 33: building queue full (5)
[14:41:56] research: already in progress
[2026-05-12 14:42:34] ==== loop 11/∞ | seed=1088130647731202695 archetype=turbo personality=tecnologico focus=tech actions_per_loop=3 ====
[14:42:36] planet 33: building queue full (5)
[14:42:36] planet 33: building queue full (5)
[14:42:36] research: already in progress
[2026-05-12 14:43:21] ==== loop 12/∞ | seed=1088130647731202695 archetype=turbo personality=tecnologico focus=tech actions_per_loop=3 ====
[14:43:23] planet 33: building queue full (5)
[14:43:23] planet 33: building queue full (5)
[14:43:23] planet 33: building queue full (5)
[14:43:23] research: already in progress
[2026-05-12 14:44:06] ==== loop 13/∞ | seed=1088130647731202695 archetype=turbo personality=tecnologico focus=tech actions_per_loop=3 ====
[14:44:07] planet 33: building queue full (5)
[14:44:07] planet 33: building queue full (5)
[2026-05-12 14:44:49] ==== loop 14/∞ | seed=1088130647731202695 archetype=turbo personality=tecnologico focus=tech actions_per_loop=3 ====
[14:44:51] planet 33: building queue full (5)
[14:44:51] planet 33: building queue full (5)
[14:44:51] planet 33: building queue full (5)
[14:44:51] research: already in progress
[2026-05-12 14:45:32] ==== loop 15/∞ | seed=1088130647731202695 archetype=turbo personality=tecnologico focus=tech actions_per_loop=3 ====
[14:45:34] planet 33: building queue full (5)
[14:45:34] planet 33: building queue full (5)
[14:45:34] planet 33: building queue full (5)
[14:45:34] research: already in progress
[2026-05-12 14:46:13] ==== loop 16/∞ | seed=1088130647731202695 archetype=turbo personality=tecnologico focus=tech actions_per_loop=3 ====
[14:46:15] planet 33: building queue full (5)
[14:46:15] planet 33: building queue full (5)
[2026-05-12 14:46:58] ==== loop 17/∞ | seed=1088130647731202695 archetype=turbo personality=tecnologico focus=tech actions_per_loop=3 ====
[14:47:00] planet 33: building queue full (5)
[14:47:00] planet 33: building queue full (5)
[14:47:00] planet 33: building queue full (5)
[14:47:00] research: already in progress
[2026-05-12 14:47:41] ==== loop 18/∞ | seed=1088130647731202695 archetype=turbo personality=tecnologico focus=tech actions_per_loop=3 ====
[14:47:43] planet 33: building queue full (5)
[14:47:43] planet 33: building queue full (5)
[14:47:43] planet 33: building queue full (5)
[14:47:43] research: already in progress
