[2026-05-12 07:07:41] ==== loop 1/∞ | seed=976442493160730012 archetype=opportunist personality=minero focus=tech actions_per_loop=3 ====
[07:07:43] planet 35: queued building_hangar to 1
[07:07:43] planet 35: queued ship_solar_satellite +30
[07:07:43] attack: spy 1:4:10 probes=4 eta=1s
[07:07:43] attack: spy 1:6:4 probes=4 eta=1s
[2026-05-12 07:08:16] ==== loop 2/∞ | seed=976442493160730012 archetype=opportunist personality=minero focus=tech actions_per_loop=3 ====
[07:08:17] planet 35: queued building_crystal_mine to 22
[07:08:17] attack: intel 1:4:10 ships=124 defs=2 res=204464384
[07:08:17] attack: intel 1:6:4 ships=675 defs=183 res=184743095
[07:08:17] attack: idle no_fleet_slots (used=7 max=7)
[07:08:17] research: blocked research_intergalactic_research_network (research_computer_technology 6/8)
[2026-05-12 07:08:47] ==== loop 3/∞ | seed=976442493160730012 archetype=opportunist personality=minero focus=tech actions_per_loop=3 ====
[07:08:48] planet 35: queued building_crystal_mine to 23
[07:08:48] attack: idle no_fleet_slots (used=7 max=7)
[2026-05-12 07:09:15] ==== loop 4/∞ | seed=976442493160730012 archetype=opportunist personality=minero focus=tech actions_per_loop=3 ====
[07:09:16] planet 35: queued building_crystal_mine to 24
[07:09:16] attack: spy 1:6:8 probes=4 eta=1s
[07:09:16] attack: spy 1:7:10 probes=4 eta=1s
[07:09:16] attack: spy 1:2:1 probes=4 eta=1s
[07:09:16] attack: spy 1:2:2 probes=4 eta=1s
[07:09:16] research: blocked research_intergalactic_research_network (research_computer_technology 6/8)
[2026-05-12 07:09:40] ==== loop 5/∞ | seed=976442493160730012 archetype=opportunist personality=minero focus=tech actions_per_loop=3 ====
[07:09:40] planet 35: queue busy, throttled building_robot_factory
[07:09:40] planet 35: queue busy, throttled building_robot_factory
[07:09:40] planet 35: queue busy, throttled building_robot_factory
[07:09:40] attack: intel 1:6:8 ships=570 defs=174 res=209086296
[07:09:40] attack: intel 1:7:10 ships=423 defs=210 res=49426998
[07:09:40] attack: intel 1:2:1 ships=5 defs=0 res=6880722801
[07:09:40] attack: intel 1:2:2 ships=5 defs=0 res=6893153085
[07:09:40] attack: spy 1:2:3 probes=4 eta=1s
[07:09:40] attack: spy 1:2:4 probes=4 eta=1s
[07:09:40] attack: spy 1:2:5 probes=4 eta=1s
[07:09:40] attack: spy 1:2:6 probes=4 eta=1s
[07:09:40] research: blocked research_intergalactic_research_network (research_computer_technology 6/8)
[2026-05-12 07:10:03] ==== loop 6/∞ | seed=976442493160730012 archetype=opportunist personality=minero focus=tech actions_per_loop=3 ====
[07:10:03] planet 35: queue busy, throttled building_robot_factory
[07:10:03] planet 35: queue busy, throttled building_robot_factory
[07:10:03] planet 35: queue busy, throttled building_robot_factory
[07:10:03] attack: intel 1:2:3 ships=10 defs=0 res=6894741203
[07:10:03] attack: intel 1:2:4 ships=0 defs=0 res=6894485637
[07:10:03] attack: intel 1:2:5 ships=0 defs=0 res=6760617101
[07:10:03] attack: intel 1:2:6 ships=16 defs=0 res=6884870110
[07:10:03] attack: spy 1:2:7 probes=4 eta=1s
[07:10:03] attack: spy 1:2:8 probes=4 eta=1s
[07:10:03] attack: spy 1:2:9 probes=4 eta=1s
[07:10:03] attack: spy 1:2:10 probes=4 eta=1s
[07:10:03] research: blocked research_intergalactic_research_network (research_computer_technology 6/8)
[2026-05-12 07:10:23] ==== loop 7/∞ | seed=976442493160730012 archetype=opportunist personality=minero focus=tech actions_per_loop=3 ====
[07:10:23] planet 35: queue busy, throttled building_robot_factory
[07:10:23] planet 35: queue busy, throttled building_robot_factory
[07:10:23] planet 35: queue busy, throttled building_robot_factory
[07:10:23] attack: intel 1:2:7 ships=8 defs=0 res=6879799259
[07:10:23] attack: intel 1:2:8 ships=0 defs=0 res=6735498265
[07:10:23] attack: intel 1:2:9 ships=0 defs=0 res=7243069104
[07:10:23] attack: intel 1:2:10 ships=0 defs=0 res=8441666808
[07:10:23] attack: spy 1:2:11 probes=4 eta=1s
[07:10:23] attack: spy 1:2:12 probes=4 eta=1s
[07:10:23] attack: spy 1:2:13 probes=4 eta=1s
[07:10:23] attack: spy 1:2:14 probes=4 eta=1s
[07:10:23] research: blocked research_intergalactic_research_network (research_computer_technology 6/8)
[2026-05-12 07:10:44] ==== loop 8/∞ | seed=976442493160730012 archetype=opportunist personality=minero focus=tech actions_per_loop=3 ====
[07:10:44] planet 35: queue busy, throttled building_robot_factory
[07:10:44] planet 35: queue busy, throttled building_robot_factory
[07:10:44] planet 35: queue busy, throttled building_robot_factory
[07:10:44] attack: intel 1:2:11 ships=0 defs=0 res=8442199839
[07:10:44] attack: intel 1:2:12 ships=0 defs=0 res=8443250692
[07:10:44] attack: intel 1:2:13 ships=0 defs=0 res=6898475686
[07:10:44] attack: intel 1:2:14 ships=0 defs=0 res=7116293452
[07:10:44] attack: spy 1:2:15 probes=4 eta=1s
[07:10:44] attack: spy 1:3:1 probes=4 eta=1s
[07:10:44] attack: spy 1:3:2 probes=4 eta=1s
[07:10:44] attack: spy 1:3:3 probes=4 eta=1s
[07:10:44] research: blocked research_intergalactic_research_network (research_computer_technology 6/8)
[2026-05-12 07:11:01] ==== loop 9/∞ | seed=976442493160730012 archetype=opportunist personality=minero focus=tech actions_per_loop=3 ====
[07:11:02] planet 35: queue busy, throttled building_robot_factory
[07:11:02] planet 35: queue busy, throttled building_robot_factory
[07:11:02] planet 35: queue busy, throttled building_robot_factory
[07:11:02] attack: intel 1:2:15 ships=0 defs=0 res=7154772461
[07:11:02] attack: intel 1:3:1 ships=0 defs=0 res=7250917536
[07:11:02] attack: intel 1:3:2 ships=0 defs=0 res=7246584719
[07:11:02] attack: intel 1:3:3 ships=0 defs=0 res=7244837203
[07:11:02] attack: spy 1:3:4 probes=4 eta=1s
[07:11:02] attack: spy 1:3:5 probes=4 eta=1s
[07:11:02] attack: spy 1:3:11 probes=4 eta=1s
[07:11:02] attack: spy 1:3:12 probes=4 eta=1s
[2026-05-12 07:11:21] ==== loop 10/∞ | seed=976442493160730012 archetype=opportunist personality=minero focus=tech actions_per_loop=3 ====
[07:11:21] planet 35: queue busy, throttled building_robot_factory
[07:11:21] planet 35: queue busy, throttled building_robot_factory
[07:11:21] planet 35: queue busy, throttled building_robot_factory
[07:11:21] attack: intel 1:3:4 ships=10 defs=0 res=6894386539
[07:11:21] attack: intel 1:3:5 ships=0 defs=0 res=6762698956
[07:11:21] attack: intel 1:3:11 ships=0 defs=0 res=7111912435
[07:11:21] attack: intel 1:3:12 ships=0 defs=16 res=6763679801
[07:11:21] attack: spy 1:3:13 probes=4 eta=1s
[07:11:21] attack: spy 1:4:3 probes=4 eta=1s
[07:11:21] attack: spy 1:3:8 probes=4 eta=1s
[07:11:21] attack: spy 1:4:8 probes=4 eta=1s
[2026-05-12 07:11:39] ==== loop 11/∞ | seed=976442493160730012 archetype=opportunist personality=minero focus=tech actions_per_loop=3 ====
[07:11:39] planet 35: queue busy, throttled building_robot_factory
[07:11:39] planet 35: queue busy, throttled building_robot_factory
[07:11:39] planet 35: queue busy, throttled building_robot_factory
[07:11:39] attack: intel 1:3:13 ships=0 defs=0 res=6901576964
[07:11:39] attack: intel 1:4:3 ships=0 defs=0 res=7248799580
[07:11:39] attack: intel 1:3:8 ships=24 defs=108 res=56474891
[07:11:39] attack: intel 1:4:8 ships=209 defs=138 res=154961915
[07:11:39] attack: spy 1:6:10 probes=4 eta=1s
[07:11:39] attack: spy 1:7:4 probes=4 eta=1s
[07:11:39] attack: spy 1:7:8 probes=4 eta=1s
[07:11:39] attack: spy 1:3:9 probes=4 eta=1s
[07:11:39] research: blocked research_intergalactic_research_network (research_computer_technology 6/8)
[2026-05-12 07:12:01] ==== loop 12/∞ | seed=976442493160730012 archetype=opportunist personality=minero focus=tech actions_per_loop=3 ====
[07:12:01] planet 35: queue busy, throttled building_robot_factory
[07:12:01] planet 35: queue busy, throttled building_robot_factory
[07:12:01] planet 35: queue busy, throttled building_robot_factory
[07:12:01] attack: intel 1:6:10 ships=0 defs=0 res=2253325
[07:12:01] attack: intel 1:7:4 ships=6 defs=171 res=46585593
[07:12:01] attack: intel 1:7:8 ships=22 defs=136 res=51198593
[07:12:01] attack: intel 1:3:9 ships=1000 defs=2100 res=238500000
[07:12:01] attack: spy 1:7:12 probes=4 eta=1s
[07:12:01] attack: spy 1:8:4 probes=4 eta=1s
[07:12:01] attack: spy 1:8:6 probes=4 eta=1s
[07:12:01] attack: spy 1:8:8 probes=4 eta=1s
[07:12:01] research: blocked research_intergalactic_research_network (research_computer_technology 6/8)
[2026-05-12 07:12:22] ==== loop 13/∞ | seed=976442493160730012 archetype=opportunist personality=minero focus=tech actions_per_loop=3 ====
[07:12:22] planet 35: queue busy, throttled building_robot_factory
[07:12:22] planet 35: queue busy, throttled building_robot_factory
[07:12:22] planet 35: queue busy, throttled building_robot_factory
[07:12:22] attack: intel 1:7:12 ships=934 defs=0 res=33000000
[07:12:22] attack: intel 1:8:4 ships=1 defs=0 res=82092
[07:12:22] attack: intel 1:8:6 ships=0 defs=0 res=171440
[07:12:22] attack: intel 1:8:8 ships=0 defs=0 res=172918
[07:12:22] attack: spy 1:8:10 probes=4 eta=1s
[07:12:22] attack: spy 1:8:12 probes=4 eta=1s
[07:12:22] research: blocked research_intergalactic_research_network (research_computer_technology 6/8)
[2026-05-12 07:12:45] ==== loop 14/∞ | seed=976442493160730012 archetype=opportunist personality=minero focus=tech actions_per_loop=3 ====
[07:12:45] planet 35: queue busy, throttled building_robot_factory
[07:12:45] planet 35: queue busy, throttled building_robot_factory
[07:12:45] planet 35: queue busy, throttled building_robot_factory
[07:12:45] attack: intel 1:8:10 ships=0 defs=0 res=171698
[07:12:45] attack: intel 1:8:12 ships=0 defs=0 res=172471
[2026-05-12 07:13:06] ==== loop 15/∞ | seed=976442493160730012 archetype=opportunist personality=minero focus=tech actions_per_loop=3 ====
[07:13:06] planet 35: queue busy, throttled building_robot_factory
[07:13:06] planet 35: queue busy, throttled building_robot_factory
[07:13:06] planet 35: queue busy, throttled building_robot_factory
[2026-05-12 07:13:29] ==== loop 16/∞ | seed=976442493160730012 archetype=opportunist personality=minero focus=tech actions_per_loop=3 ====
[07:13:29] planet 35: queue busy, throttled building_robot_factory
[07:13:29] planet 35: queue busy, throttled building_robot_factory
[07:13:29] planet 35: queue busy, throttled building_robot_factory
[07:13:29] research: blocked research_intergalactic_research_network (research_computer_technology 6/8)
[2026-05-12 07:13:53] ==== loop 17/∞ | seed=976442493160730012 archetype=opportunist personality=minero focus=tech actions_per_loop=3 ====
[07:13:53] planet 35: queue busy, throttled building_robot_factory
[07:13:53] planet 35: queue busy, throttled building_robot_factory
[07:13:53] planet 35: queue busy, throttled building_robot_factory
[07:13:53] research: blocked research_intergalactic_research_network (research_computer_technology 6/8)
[2026-05-12 07:14:18] ==== loop 18/∞ | seed=976442493160730012 archetype=opportunist personality=minero focus=tech actions_per_loop=3 ====
[07:14:18] planet 35: queue busy, throttled building_robot_factory
[07:14:18] planet 35: queue busy, throttled building_robot_factory
[07:14:18] planet 35: queue busy, throttled building_robot_factory
[07:14:18] research: blocked research_intergalactic_research_network (research_computer_technology 6/8)
[2026-05-12 07:14:37] ==== loop 19/∞ | seed=976442493160730012 archetype=opportunist personality=minero focus=tech actions_per_loop=3 ====
[07:14:37] planet 35: queue busy, throttled building_robot_factory
[07:14:37] planet 35: queue busy, throttled building_robot_factory
[07:14:37] planet 35: queue busy, throttled building_robot_factory
[07:14:37] research: blocked research_intergalactic_research_network (research_computer_technology 6/8)
[2026-05-12 07:14:56] ==== loop 20/∞ | seed=976442493160730012 archetype=opportunist personality=minero focus=tech actions_per_loop=3 ====
[07:14:56] planet 35: queue busy, throttled building_robot_factory
[07:14:56] planet 35: queue busy, throttled building_robot_factory
[07:14:56] planet 35: queue busy, throttled building_robot_factory
[07:14:56] research: blocked research_intergalactic_research_network (research_computer_technology 6/8)
[2026-05-12 07:15:17] ==== loop 21/∞ | seed=976442493160730012 archetype=opportunist personality=minero focus=tech actions_per_loop=3 ====
[07:15:17] planet 35: queue busy, throttled building_robot_factory
[07:15:17] planet 35: queue busy, throttled building_robot_factory
[2026-05-12 07:15:35] ==== loop 22/∞ | seed=976442493160730012 archetype=opportunist personality=minero focus=tech actions_per_loop=3 ====
[07:15:35] planet 35: queue busy, throttled building_robot_factory
[07:15:35] planet 35: queue busy, throttled building_robot_factory
[2026-05-12 07:15:53] ==== loop 23/∞ | seed=976442493160730012 archetype=opportunist personality=minero focus=tech actions_per_loop=3 ====
[07:15:53] planet 35: queue busy, throttled building_robot_factory
[07:15:53] planet 35: queue busy, throttled building_robot_factory
[07:15:53] planet 35: queue busy, throttled building_robot_factory
[07:15:53] research: blocked research_intergalactic_research_network (research_computer_technology 6/8)
[2026-05-12 07:16:09] ==== loop 24/∞ | seed=976442493160730012 archetype=opportunist personality=minero focus=tech actions_per_loop=3 ====
[07:16:09] planet 35: queue busy, throttled building_robot_factory
[07:16:09] planet 35: queue busy, throttled building_robot_factory
[07:16:09] planet 35: queue busy, throttled building_robot_factory
[07:16:09] research: blocked research_intergalactic_research_network (research_computer_technology 6/8)
[2026-05-12 07:16:28] ==== loop 25/∞ | seed=976442493160730012 archetype=opportunist personality=minero focus=tech actions_per_loop=3 ====
[07:16:28] planet 35: queue busy, throttled building_robot_factory
[07:16:28] planet 35: queue busy, throttled building_robot_factory
[07:16:28] planet 35: queue busy, throttled building_robot_factory
[07:16:28] research: blocked research_intergalactic_research_network (research_computer_technology 6/8)
[2026-05-12 07:16:52] ==== loop 26/∞ | seed=976442493160730012 archetype=opportunist personality=minero focus=tech actions_per_loop=3 ====
[07:16:52] planet 35: queue busy, throttled building_robot_factory
[07:16:52] planet 35: queue busy, throttled building_robot_factory
[07:16:52] planet 35: queue busy, throttled building_robot_factory
[07:16:52] research: blocked research_intergalactic_research_network (research_computer_technology 6/8)
[2026-05-12 07:17:09] ==== loop 27/∞ | seed=976442493160730012 archetype=opportunist personality=minero focus=tech actions_per_loop=3 ====
[07:17:09] planet 35: queue busy, throttled building_robot_factory
[07:17:09] planet 35: queue busy, throttled building_robot_factory
[07:17:09] research: blocked research_intergalactic_research_network (research_computer_technology 6/8)
[2026-05-12 07:17:28] ==== loop 28/∞ | seed=976442493160730012 archetype=opportunist personality=minero focus=tech actions_per_loop=3 ====
[07:17:28] planet 35: queue busy, throttled building_robot_factory
[07:17:28] planet 35: queue busy, throttled building_robot_factory
[07:17:28] planet 35: queue busy, throttled building_robot_factory
[07:17:28] research: blocked research_intergalactic_research_network (research_computer_technology 6/8)
[2026-05-12 07:17:49] ==== loop 29/∞ | seed=976442493160730012 archetype=opportunist personality=minero focus=tech actions_per_loop=3 ====
[07:17:49] planet 35: queue busy, throttled building_robot_factory
[07:17:49] planet 35: queue busy, throttled building_robot_factory
[07:17:49] attack: spy 1:4:10 probes=4 eta=1s
[07:17:49] attack: spy 1:6:4 probes=4 eta=1s
[07:17:49] research: blocked research_intergalactic_research_network (research_computer_technology 6/8)
[2026-05-12 07:18:08] ==== loop 30/∞ | seed=976442493160730012 archetype=opportunist personality=minero focus=tech actions_per_loop=3 ====
[07:18:08] planet 35: queue busy, throttled building_robot_factory
[07:18:08] planet 35: queue busy, throttled building_robot_factory
[07:18:08] planet 35: queue busy, throttled building_robot_factory
[07:18:08] attack: intel 1:4:10 ships=0 defs=2 res=204784833
[07:18:08] attack: intel 1:6:4 ships=705 defs=183 res=185419613
[07:18:08] research: blocked research_intergalactic_research_network (research_computer_technology 6/8)
[2026-05-12 07:18:28] ==== loop 31/∞ | seed=976442493160730012 archetype=opportunist personality=minero focus=tech actions_per_loop=3 ====
[07:18:28] planet 35: queue busy, throttled building_robot_factory
[07:18:28] planet 35: queue busy, throttled building_robot_factory
[07:18:28] planet 35: queue busy, throttled building_robot_factory
[07:18:28] research: blocked research_intergalactic_research_network (research_computer_technology 6/8)
[2026-05-12 07:18:45] ==== loop 32/∞ | seed=976442493160730012 archetype=opportunist personality=minero focus=tech actions_per_loop=3 ====
[07:18:45] planet 35: queue busy, throttled building_robot_factory
[07:18:45] planet 35: queue busy, throttled building_robot_factory
[07:18:45] planet 35: queue busy, throttled building_robot_factory
[07:18:45] research: blocked research_intergalactic_research_network (research_computer_technology 6/8)
[2026-05-12 07:19:05] ==== loop 33/∞ | seed=976442493160730012 archetype=opportunist personality=minero focus=tech actions_per_loop=3 ====
[07:19:05] planet 35: queue busy, throttled building_robot_factory
[07:19:05] planet 35: queue busy, throttled building_robot_factory
[07:19:05] planet 35: queue busy, throttled building_robot_factory
[07:19:05] research: blocked research_intergalactic_research_network (research_computer_technology 6/8)
[2026-05-12 07:19:24] ==== loop 34/∞ | seed=976442493160730012 archetype=opportunist personality=minero focus=tech actions_per_loop=3 ====
[07:19:24] planet 35: queue busy, throttled building_robot_factory
[07:19:24] planet 35: queue busy, throttled building_robot_factory
[07:19:24] attack: spy 1:6:8 probes=4 eta=1s
[07:19:24] attack: spy 1:7:10 probes=4 eta=1s
[07:19:24] attack: spy 1:2:1 probes=4 eta=1s
[07:19:24] attack: spy 1:2:2 probes=4 eta=1s
[2026-05-12 07:19:44] ==== loop 35/∞ | seed=976442493160730012 archetype=opportunist personality=minero focus=tech actions_per_loop=3 ====
[07:19:44] planet 35: queue busy, throttled building_robot_factory
[07:19:44] planet 35: queue busy, throttled building_robot_factory
[07:19:44] planet 35: queue busy, throttled building_robot_factory
[07:19:44] attack: intel 1:6:8 ships=570 defs=174 res=209819192
[07:19:44] attack: intel 1:7:10 ships=423 defs=210 res=49733475
[07:19:44] attack: intel 1:2:1 ships=5 defs=0 res=6891851501
[07:19:44] attack: intel 1:2:2 ships=5 defs=0 res=6903752011
[07:19:44] attack: spy 1:2:3 probes=4 eta=1s
[07:19:44] attack: spy 1:2:4 probes=4 eta=1s
[07:19:44] attack: spy 1:2:5 probes=4 eta=1s
[07:19:44] attack: spy 1:2:6 probes=4 eta=1s
[07:19:44] research: blocked research_intergalactic_research_network (research_computer_technology 6/8)
[2026-05-12 07:20:09] ==== loop 36/∞ | seed=976442493160730012 archetype=opportunist personality=minero focus=tech actions_per_loop=3 ====
[07:20:09] planet 35: queue busy, throttled building_robot_factory
[07:20:09] planet 35: queue busy, throttled building_robot_factory
[07:20:09] planet 35: queue busy, throttled building_robot_factory
[07:20:09] attack: intel 1:2:3 ships=10 defs=0 res=6904877069
[07:20:09] attack: intel 1:2:4 ships=0 defs=0 res=6904621503
[07:20:09] attack: intel 1:2:5 ships=0 defs=0 res=6770752966
[07:20:09] attack: intel 1:2:6 ships=16 defs=0 res=6895005975
[07:20:09] attack: spy 1:2:7 probes=4 eta=1s
[07:20:09] attack: spy 1:2:8 probes=4 eta=1s
[07:20:09] attack: spy 1:2:9 probes=4 eta=1s
[07:20:09] attack: spy 1:2:10 probes=4 eta=1s
[07:20:09] research: blocked research_intergalactic_research_network (research_computer_technology 6/8)
[2026-05-12 07:20:28] ==== loop 37/∞ | seed=976442493160730012 archetype=opportunist personality=minero focus=tech actions_per_loop=3 ====
[07:20:28] planet 35: queue busy, throttled building_robot_factory
[07:20:28] planet 35: queue busy, throttled building_robot_factory
[07:20:28] planet 35: queue busy, throttled building_robot_factory
[07:20:28] attack: intel 1:2:7 ships=8 defs=0 res=6890106628
[07:20:28] attack: intel 1:2:8 ships=0 defs=0 res=6745805634
[07:20:28] attack: intel 1:2:9 ships=0 defs=0 res=7253376473
[07:20:28] attack: intel 1:2:10 ships=0 defs=0 res=8451974177
[07:20:28] attack: spy 1:2:11 probes=4 eta=1s
[07:20:28] attack: spy 1:2:12 probes=4 eta=1s
[07:20:28] attack: spy 1:2:13 probes=4 eta=1s
[07:20:28] attack: spy 1:2:14 probes=4 eta=1s
[07:20:28] research: blocked research_intergalactic_research_network (research_computer_technology 6/8)
[2026-05-12 07:20:48] ==== loop 38/∞ | seed=976442493160730012 archetype=opportunist personality=minero focus=tech actions_per_loop=3 ====
[07:20:48] planet 35: queue busy, throttled building_robot_factory
[07:20:48] planet 35: queue busy, throttled building_robot_factory
[07:20:48] planet 35: queue busy, throttled building_robot_factory
[07:20:48] attack: intel 1:2:11 ships=0 defs=0 res=8452558658
[07:20:48] attack: intel 1:2:12 ships=0 defs=0 res=8453609511
[07:20:48] attack: intel 1:2:13 ships=0 defs=0 res=6908834506
[07:20:48] attack: intel 1:2:14 ships=0 defs=0 res=7126635123
[07:20:48] attack: spy 1:2:15 probes=4 eta=1s
[07:20:48] attack: spy 1:3:1 probes=4 eta=1s
[07:20:48] attack: spy 1:3:2 probes=4 eta=1s
[07:20:48] attack: spy 1:3:3 probes=4 eta=1s
[07:20:48] research: blocked research_intergalactic_research_network (research_computer_technology 6/8)
[2026-05-12 07:21:06] ==== loop 39/∞ | seed=976442493160730012 archetype=opportunist personality=minero focus=tech actions_per_loop=3 ====
[07:21:06] planet 35: queue busy, throttled building_robot_factory
[07:21:06] planet 35: queue busy, throttled building_robot_factory
[07:21:06] planet 35: queue busy, throttled building_robot_factory
[07:21:06] attack: intel 1:2:15 ships=0 defs=0 res=7165131281
[07:21:06] attack: intel 1:3:1 ships=0 defs=0 res=7261276357
[07:21:06] attack: intel 1:3:2 ships=0 defs=0 res=7256943537
[07:21:06] attack: intel 1:3:3 ships=0 defs=0 res=7255196022
[07:21:06] attack: spy 1:3:4 probes=4 eta=1s
[07:21:06] attack: spy 1:3:5 probes=4 eta=1s
[07:21:06] attack: spy 1:3:11 probes=4 eta=1s
[07:21:06] attack: spy 1:3:12 probes=4 eta=1s
[07:21:06] research: blocked research_intergalactic_research_network (research_computer_technology 6/8)
[2026-05-12 07:21:26] ==== loop 40/∞ | seed=976442493160730012 archetype=opportunist personality=minero focus=tech actions_per_loop=3 ====
[07:21:26] planet 35: queue busy, throttled building_robot_factory
[07:21:26] planet 35: queue busy, throttled building_robot_factory
[07:21:26] attack: intel 1:3:4 ships=10 defs=0 res=6904693909
[07:21:26] attack: intel 1:3:5 ships=0 defs=0 res=6773006325
[07:21:26] attack: intel 1:3:11 ships=0 defs=0 res=7122219804
[07:21:26] attack: intel 1:3:12 ships=0 defs=16 res=6773987169
[07:21:26] attack: spy 1:3:13 probes=4 eta=1s
[07:21:26] attack: spy 1:4:3 probes=4 eta=1s
[07:21:26] attack: spy 1:3:8 probes=4 eta=1s
[07:21:26] attack: spy 1:4:8 probes=4 eta=1s
[07:21:26] research: blocked research_intergalactic_research_network (research_computer_technology 6/8)
[2026-05-12 07:21:44] ==== loop 41/∞ | seed=976442493160730012 archetype=opportunist personality=minero focus=tech actions_per_loop=3 ====
[07:21:44] planet 35: queue busy, throttled building_robot_factory
[07:21:44] planet 35: queue busy, throttled building_robot_factory
[07:21:44] planet 35: queue busy, throttled building_robot_factory
[07:21:44] attack: intel 1:3:13 ships=0 defs=0 res=6911284070
[07:21:44] attack: intel 1:4:3 ships=0 defs=0 res=7258798242
[07:21:44] attack: intel 1:3:8 ships=24 defs=108 res=56726066
[07:21:44] attack: intel 1:4:8 ships=229 defs=138 res=161080190
[07:21:44] attack: spy 1:6:10 probes=4 eta=1s
[07:21:44] attack: spy 1:7:4 probes=4 eta=1s
[07:21:44] attack: spy 1:7:8 probes=4 eta=1s
[2026-05-12 07:22:04] ==== loop 42/∞ | seed=976442493160730012 archetype=opportunist personality=minero focus=tech actions_per_loop=3 ====
[07:22:04] planet 35: queue busy, throttled building_robot_factory
[07:22:04] planet 35: queue busy, throttled building_robot_factory
[07:22:04] planet 35: queue busy, throttled building_robot_factory
[07:22:04] attack: intel 1:6:10 ships=0 defs=0 res=2256669
[07:22:04] attack: intel 1:7:4 ships=6 defs=171 res=46857682
[07:22:04] attack: intel 1:7:8 ships=22 defs=136 res=51533947
[07:22:04] attack: spy 1:3:9 probes=4 eta=1s
[07:22:04] attack: spy 1:7:12 probes=4 eta=1s
[07:22:04] attack: spy 1:8:4 probes=4 eta=1s
[07:22:04] attack: spy 1:8:6 probes=4 eta=1s
[07:22:04] research: blocked research_intergalactic_research_network (research_computer_technology 6/8)
[2026-05-12 07:22:25] ==== loop 43/∞ | seed=976442493160730012 archetype=opportunist personality=minero focus=tech actions_per_loop=3 ====
[07:22:25] planet 35: queue busy, throttled building_robot_factory
[07:22:25] planet 35: queue busy, throttled building_robot_factory
[07:22:25] planet 35: queue busy, throttled building_robot_factory
[07:22:25] attack: intel 1:3:9 ships=1000 defs=2100 res=236198619
[07:22:25] attack: intel 1:7:12 ships=934 defs=0 res=10637725
[07:22:25] attack: intel 1:8:4 ships=5 defs=0 res=90716
[07:22:25] attack: intel 1:8:6 ships=0 defs=0 res=178950
[07:22:25] attack: spy 1:8:8 probes=4 eta=1s
[07:22:25] attack: spy 1:8:10 probes=4 eta=1s
[07:22:25] attack: spy 1:8:12 probes=4 eta=1s
[07:22:25] research: blocked research_intergalactic_research_network (research_computer_technology 6/8)
[2026-05-12 07:22:43] ==== loop 44/∞ | seed=976442493160730012 archetype=opportunist personality=minero focus=tech actions_per_loop=3 ====
[07:22:43] planet 35: queue busy, throttled building_robot_factory
[07:22:43] planet 35: queue busy, throttled building_robot_factory
[07:22:43] planet 35: queue busy, throttled building_robot_factory
[07:22:43] attack: intel 1:8:8 ships=0 defs=0 res=224927
[07:22:43] attack: intel 1:8:10 ships=0 defs=0 res=203869
[07:22:43] attack: intel 1:8:12 ships=0 defs=0 res=194754
[07:22:43] research: blocked research_intergalactic_research_network (research_computer_technology 6/8)
[2026-05-12 07:23:03] ==== loop 45/∞ | seed=976442493160730012 archetype=opportunist personality=minero focus=tech actions_per_loop=3 ====
[07:23:03] planet 35: queue busy, throttled building_robot_factory
[07:23:03] planet 35: queue busy, throttled building_robot_factory
[07:23:03] planet 35: queue busy, throttled building_robot_factory
[2026-05-12 07:23:22] ==== loop 46/∞ | seed=976442493160730012 archetype=opportunist personality=minero focus=tech actions_per_loop=3 ====
[07:23:22] planet 35: queue busy, throttled building_robot_factory
[07:23:22] planet 35: queue busy, throttled building_robot_factory
[07:23:22] planet 35: queue busy, throttled building_robot_factory
[07:23:22] research: blocked research_intergalactic_research_network (research_computer_technology 6/8)
[2026-05-12 07:23:40] ==== loop 47/∞ | seed=976442493160730012 archetype=opportunist personality=minero focus=tech actions_per_loop=3 ====
[07:23:40] planet 35: queue busy, throttled building_robot_factory
[07:23:40] planet 35: queue busy, throttled building_robot_factory
[07:23:40] planet 35: queue busy, throttled building_robot_factory
[07:23:40] research: blocked research_intergalactic_research_network (research_computer_technology 6/8)
[2026-05-12 07:24:01] ==== loop 48/∞ | seed=976442493160730012 archetype=opportunist personality=minero focus=tech actions_per_loop=3 ====
[07:24:01] planet 35: queue busy, throttled building_robot_factory
[07:24:01] planet 35: queue busy, throttled building_robot_factory
[07:24:01] planet 35: queue busy, throttled building_robot_factory
[07:24:01] research: blocked research_intergalactic_research_network (research_computer_technology 6/8)
[2026-05-12 07:24:25] ==== loop 49/∞ | seed=976442493160730012 archetype=opportunist personality=minero focus=tech actions_per_loop=3 ====
[07:24:25] planet 35: queue busy, throttled building_robot_factory
[07:24:25] planet 35: queue busy, throttled building_robot_factory
[07:24:25] planet 35: queue busy, throttled building_robot_factory
[07:24:25] research: blocked research_intergalactic_research_network (research_computer_technology 6/8)
[2026-05-12 07:24:44] ==== loop 50/∞ | seed=976442493160730012 archetype=opportunist personality=minero focus=tech actions_per_loop=3 ====
[07:24:44] planet 35: queue busy, throttled building_robot_factory
[07:24:44] planet 35: queue busy, throttled building_robot_factory
[07:24:44] planet 35: queue busy, throttled building_robot_factory
[07:24:44] research: blocked research_intergalactic_research_network (research_computer_technology 6/8)
[2026-05-12 07:25:07] ==== loop 51/∞ | seed=976442493160730012 archetype=opportunist personality=minero focus=tech actions_per_loop=3 ====
[07:25:07] planet 35: queue busy, throttled building_robot_factory
[07:25:07] planet 35: queue busy, throttled building_robot_factory
[07:25:07] planet 35: queue busy, throttled building_robot_factory
[07:25:07] research: blocked research_intergalactic_research_network (research_computer_technology 6/8)
[2026-05-12 07:25:31] ==== loop 52/∞ | seed=976442493160730012 archetype=opportunist personality=minero focus=tech actions_per_loop=3 ====
[07:25:31] planet 35: queue busy, throttled building_robot_factory
[07:25:31] planet 35: queue busy, throttled building_robot_factory
[07:25:31] planet 35: queue busy, throttled building_robot_factory
[07:25:31] research: blocked research_intergalactic_research_network (research_computer_technology 6/8)
[2026-05-12 07:25:54] ==== loop 53/∞ | seed=976442493160730012 archetype=opportunist personality=minero focus=tech actions_per_loop=3 ====
[07:25:54] planet 35: queue busy, throttled building_robot_factory
[07:25:54] planet 35: queue busy, throttled building_robot_factory
[07:25:54] planet 35: queue busy, throttled building_robot_factory
[07:25:54] research: blocked research_intergalactic_research_network (research_computer_technology 6/8)
[2026-05-12 07:26:18] ==== loop 54/∞ | seed=976442493160730012 archetype=opportunist personality=minero focus=tech actions_per_loop=3 ====
[07:26:18] planet 35: queue busy, throttled building_robot_factory
[07:26:18] planet 35: queue busy, throttled building_robot_factory
[07:26:18] planet 35: queue busy, throttled building_robot_factory
[07:26:18] research: blocked research_intergalactic_research_network (research_computer_technology 6/8)
[2026-05-12 07:26:39] ==== loop 55/∞ | seed=976442493160730012 archetype=opportunist personality=minero focus=tech actions_per_loop=3 ====
[07:26:39] planet 35: queue busy, throttled building_robot_factory
[07:26:39] planet 35: queue busy, throttled building_robot_factory
[07:26:39] planet 35: queue busy, throttled building_robot_factory
[07:26:39] research: blocked research_intergalactic_research_network (research_computer_technology 6/8)
[2026-05-12 07:27:01] ==== loop 56/∞ | seed=976442493160730012 archetype=opportunist personality=minero focus=tech actions_per_loop=3 ====
[07:27:01] planet 35: queue busy, throttled building_robot_factory
[07:27:01] planet 35: queue busy, throttled building_robot_factory
[2026-05-12 07:27:18] ==== loop 57/∞ | seed=976442493160730012 archetype=opportunist personality=minero focus=tech actions_per_loop=3 ====
[07:27:18] planet 35: queue busy, throttled building_robot_factory
[07:27:18] planet 35: queue busy, throttled building_robot_factory
[07:27:18] planet 35: queue busy, throttled building_robot_factory
[07:27:18] research: blocked research_intergalactic_research_network (research_computer_technology 6/8)
[2026-05-12 07:27:37] ==== loop 58/∞ | seed=976442493160730012 archetype=opportunist personality=minero focus=tech actions_per_loop=3 ====
[07:27:37] planet 35: queue busy, throttled building_robot_factory
[07:27:37] planet 35: queue busy, throttled building_robot_factory
[07:27:37] planet 35: queue busy, throttled building_robot_factory
[2026-05-12 07:27:56] ==== loop 59/∞ | seed=976442493160730012 archetype=opportunist personality=minero focus=tech actions_per_loop=3 ====
[07:27:56] planet 35: queue busy, throttled building_robot_factory
[07:27:56] planet 35: queue busy, throttled building_robot_factory
[07:27:56] attack: spy 1:4:10 probes=4 eta=1s
[07:27:56] attack: spy 1:6:4 probes=4 eta=1s
[07:27:56] research: blocked research_intergalactic_research_network (research_computer_technology 6/8)
[2026-05-12 07:28:17] ==== loop 60/∞ | seed=976442493160730012 archetype=opportunist personality=minero focus=tech actions_per_loop=3 ====
[07:28:17] planet 35: queue busy, throttled building_robot_factory
[07:28:17] planet 35: queue busy, throttled building_robot_factory
[07:28:17] planet 35: queue busy, throttled building_robot_factory
[07:28:17] attack: intel 1:4:10 ships=0 defs=2 res=205153113
[07:28:17] attack: intel 1:6:4 ships=705 defs=183 res=186106534
[07:28:17] research: blocked research_intergalactic_research_network (research_computer_technology 6/8)
[2026-05-12 07:28:40] ==== loop 61/∞ | seed=976442493160730012 archetype=opportunist personality=minero focus=tech actions_per_loop=3 ====
[07:28:40] planet 35: queue busy, throttled building_robot_factory
[07:28:40] planet 35: queue busy, throttled building_robot_factory
[07:28:40] planet 35: queue busy, throttled building_robot_factory
[07:28:40] research: blocked research_intergalactic_research_network (research_computer_technology 6/8)
[2026-05-12 07:29:00] ==== loop 62/∞ | seed=976442493160730012 archetype=opportunist personality=minero focus=tech actions_per_loop=3 ====
[07:29:00] planet 35: queue busy, throttled building_robot_factory
[07:29:00] planet 35: queue busy, throttled building_robot_factory
[07:29:00] planet 35: queue busy, throttled building_robot_factory
[07:29:00] research: blocked research_intergalactic_research_network (research_computer_technology 6/8)
[2026-05-12 07:29:20] ==== loop 63/∞ | seed=976442493160730012 archetype=opportunist personality=minero focus=tech actions_per_loop=3 ====
[07:29:20] planet 35: queue busy, throttled building_robot_factory
[07:29:20] planet 35: queue busy, throttled building_robot_factory
[07:29:20] planet 35: queue busy, throttled building_robot_factory
[07:29:20] research: blocked research_intergalactic_research_network (research_computer_technology 6/8)
[2026-05-12 07:29:43] ==== loop 64/∞ | seed=976442493160730012 archetype=opportunist personality=minero focus=tech actions_per_loop=3 ====
[07:29:43] planet 35: queue busy, throttled building_robot_factory
[07:29:43] planet 35: queue busy, throttled building_robot_factory
[07:29:43] planet 35: queue busy, throttled building_robot_factory
[07:29:43] attack: spy 1:6:8 probes=4 eta=1s
[07:29:43] attack: spy 1:7:10 probes=4 eta=1s
[07:29:43] attack: spy 1:2:1 probes=4 eta=1s
[07:29:43] attack: spy 1:2:2 probes=4 eta=1s
[07:29:43] research: blocked research_intergalactic_research_network (research_computer_technology 6/8)
[2026-05-12 07:30:08] ==== loop 65/∞ | seed=976442493160730012 archetype=opportunist personality=minero focus=tech actions_per_loop=3 ====
[07:30:08] planet 35: queue busy, throttled building_robot_factory
[07:30:08] planet 35: queue busy, throttled building_robot_factory
[07:30:08] planet 35: queue busy, throttled building_robot_factory
[07:30:08] attack: intel 1:6:8 ships=570 defs=174 res=210548508
[07:30:08] attack: intel 1:7:10 ships=423 defs=210 res=50039911
[07:30:08] attack: intel 1:2:1 ships=5 defs=0 res=6894246511
[07:30:08] attack: intel 1:2:2 ships=5 defs=0 res=6906341715
[07:30:08] attack: spy 1:2:3 probes=4 eta=1s
[07:30:08] attack: spy 1:2:4 probes=4 eta=1s
[07:30:08] attack: spy 1:2:5 probes=4 eta=1s
[07:30:08] research: blocked research_intergalactic_research_network (research_computer_technology 6/8)
[2026-05-12 07:30:27] ==== loop 66/∞ | seed=976442493160730012 archetype=opportunist personality=minero focus=tech actions_per_loop=3 ====
[07:30:27] planet 35: queue busy, throttled building_robot_factory
[07:30:27] planet 35: queue busy, throttled building_robot_factory
[07:30:27] planet 35: queue busy, throttled building_robot_factory
[07:30:27] attack: intel 1:2:3 ships=10 defs=0 res=6907861232
[07:30:27] attack: intel 1:2:4 ships=0 defs=0 res=6908446033
[07:30:27] attack: intel 1:2:5 ships=0 defs=0 res=6774886203
[07:30:27] attack: idle no_fleet_slots (used=7 max=7)
[07:30:27] research: blocked research_intergalactic_research_network (research_computer_technology 6/8)
[2026-05-12 07:30:50] ==== loop 67/∞ | seed=976442493160730012 archetype=opportunist personality=minero focus=tech actions_per_loop=3 ====
[07:30:50] planet 35: queue busy, throttled building_robot_factory
[07:30:50] planet 35: queue busy, throttled building_robot_factory
[07:30:50] planet 35: queue busy, throttled building_robot_factory
[07:30:50] attack: spy 1:2:6 probes=4 eta=1s
[07:30:50] attack: spy 1:2:7 probes=4 eta=1s
[07:30:50] attack: spy 1:2:8 probes=4 eta=1s
[07:30:50] attack: spy 1:2:9 probes=4 eta=1s
[07:30:50] research: blocked research_intergalactic_research_network (research_computer_technology 6/8)
[2026-05-12 07:31:12] ==== loop 68/∞ | seed=976442493160730012 archetype=opportunist personality=minero focus=tech actions_per_loop=3 ====
[07:31:12] planet 35: queue busy, throttled building_robot_factory
[07:31:12] planet 35: queue busy, throttled building_robot_factory
[07:31:12] planet 35: queue busy, throttled building_robot_factory
[07:31:12] attack: intel 1:2:6 ships=16 defs=0 res=6906445268
[07:31:12] attack: intel 1:2:7 ships=8 defs=0 res=6901100012
[07:31:12] attack: intel 1:2:8 ships=0 defs=0 res=6756799018
[07:31:12] attack: intel 1:2:9 ships=0 defs=0 res=7264369857
[07:31:12] attack: spy 1:2:10 probes=4 eta=1s
[07:31:12] attack: spy 1:2:11 probes=4 eta=1s
[07:31:12] attack: spy 1:2:12 probes=4 eta=1s
[07:31:12] attack: spy 1:2:13 probes=4 eta=1s
[2026-05-12 07:31:32] ==== loop 69/∞ | seed=976442493160730012 archetype=opportunist personality=minero focus=tech actions_per_loop=3 ====
[07:31:33] planet 35: queued ship_solar_satellite +3
[07:31:33] planet 35: queued building_robot_factory to 6
[07:31:33] attack: intel 1:2:10 ships=0 defs=0 res=8463327718
[07:31:33] attack: intel 1:2:11 ships=0 defs=0 res=8463603493
[07:31:33] attack: intel 1:2:12 ships=0 defs=0 res=8464654346
[07:31:33] attack: intel 1:2:13 ships=0 defs=0 res=6919879340
[07:31:33] attack: spy 1:2:14 probes=4 eta=1s
[07:31:33] attack: spy 1:2:15 probes=4 eta=1s
[07:31:33] attack: spy 1:3:1 probes=4 eta=1s
[07:31:33] attack: spy 1:3:2 probes=4 eta=1s
[07:31:33] research: blocked research_intergalactic_research_network (research_computer_technology 6/8)
[2026-05-12 07:31:52] ==== loop 70/∞ | seed=976442493160730012 archetype=opportunist personality=minero focus=tech actions_per_loop=3 ====
[07:31:52] planet 35: queue busy, throttled building_robot_factory
[07:31:52] planet 35: queue busy, throttled building_robot_factory
[07:31:52] planet 35: queue busy, throttled building_robot_factory
[07:31:52] attack: intel 1:2:14 ships=0 defs=0 res=7137319800
[07:31:52] attack: intel 1:2:15 ships=0 defs=0 res=7175455801
[07:31:52] attack: intel 1:3:1 ships=0 defs=0 res=7271961034
[07:31:52] attack: intel 1:3:2 ships=0 defs=0 res=7267628215
[07:31:52] attack: spy 1:3:3 probes=4 eta=1s
[07:31:52] attack: spy 1:3:4 probes=4 eta=1s
[07:31:52] attack: spy 1:3:5 probes=4 eta=1s
[07:31:52] research: blocked research_intergalactic_research_network (research_computer_technology 6/8)
[2026-05-12 07:32:13] ==== loop 71/∞ | seed=976442493160730012 archetype=opportunist personality=minero focus=tech actions_per_loop=3 ====
[07:32:13] planet 35: queue busy, throttled building_robot_factory
[07:32:13] planet 35: queue busy, throttled building_robot_factory
[07:32:13] planet 35: queue busy, throttled building_robot_factory
[07:32:13] attack: intel 1:3:3 ships=0 defs=0 res=7265880700
[07:32:13] attack: intel 1:3:4 ships=10 defs=0 res=6915087029
[07:32:13] attack: intel 1:3:5 ships=0 defs=0 res=6775030068
[07:32:13] attack: idle no_fleet_slots (used=7 max=7)
[07:32:13] research: blocked research_intergalactic_research_network (research_computer_technology 6/8)
[2026-05-12 07:32:34] ==== loop 72/∞ | seed=976442493160730012 archetype=opportunist personality=minero focus=tech actions_per_loop=3 ====
[07:32:34] planet 35: queue busy, throttled building_robot_factory
[07:32:34] planet 35: queue busy, throttled building_robot_factory
[07:32:34] planet 35: queue busy, throttled building_robot_factory
[07:32:34] attack: idle no_fleet_slots (used=7 max=7)
[07:32:34] research: blocked research_intergalactic_research_network (research_computer_technology 6/8)
[2026-05-12 07:32:54] ==== loop 73/∞ | seed=976442493160730012 archetype=opportunist personality=minero focus=tech actions_per_loop=3 ====
[07:32:54] planet 35: queue busy, throttled building_robot_factory
[07:32:54] planet 35: queue busy, throttled building_robot_factory
[07:32:54] planet 35: queue busy, throttled building_robot_factory
[07:32:54] attack: idle no_fleet_slots (used=7 max=7)
[2026-05-12 07:33:16] ==== loop 74/∞ | seed=976442493160730012 archetype=opportunist personality=minero focus=tech actions_per_loop=3 ====
[07:33:16] planet 35: queue busy, throttled building_robot_factory
[07:33:16] planet 35: queue busy, throttled building_robot_factory
[07:33:16] planet 35: queue busy, throttled building_robot_factory
[07:33:16] attack: idle no_fleet_slots (used=7 max=7)
[07:33:16] research: blocked research_intergalactic_research_network (research_computer_technology 6/8)
[2026-05-12 07:33:40] ==== loop 75/∞ | seed=976442493160730012 archetype=opportunist personality=minero focus=tech actions_per_loop=3 ====
[07:33:40] planet 35: queue busy, throttled building_robot_factory
[07:33:40] planet 35: queue busy, throttled building_robot_factory
[07:33:40] planet 35: queue busy, throttled building_robot_factory
[07:33:40] attack: idle no_fleet_slots (used=7 max=7)
[2026-05-12 07:34:02] ==== loop 76/∞ | seed=976442493160730012 archetype=opportunist personality=minero focus=tech actions_per_loop=3 ====
[07:34:02] planet 35: queue busy, throttled building_robot_factory
[07:34:02] planet 35: queue busy, throttled building_robot_factory
[07:34:02] planet 35: queue busy, throttled building_robot_factory
[07:34:02] attack: idle no_fleet_slots (used=7 max=7)
[2026-05-12 07:34:20] ==== loop 77/∞ | seed=976442493160730012 archetype=opportunist personality=minero focus=tech actions_per_loop=3 ====
[07:34:20] planet 35: queue busy, throttled building_robot_factory
[07:34:20] planet 35: queue busy, throttled building_robot_factory
[07:34:20] planet 35: queue busy, throttled building_robot_factory
[07:34:20] attack: idle no_fleet_slots (used=7 max=7)
[07:34:20] research: blocked research_intergalactic_research_network (research_computer_technology 6/8)
[2026-05-12 07:34:40] ==== loop 78/∞ | seed=976442493160730012 archetype=opportunist personality=minero focus=tech actions_per_loop=3 ====
[07:34:40] planet 35: queue busy, throttled building_robot_factory
[07:34:40] planet 35: queue busy, throttled building_robot_factory
[07:34:40] planet 35: queue busy, throttled building_robot_factory
[07:34:40] attack: spy 1:3:11 probes=4 eta=1s
[07:34:40] attack: spy 1:3:12 probes=4 eta=1s
[07:34:40] attack: spy 1:3:13 probes=4 eta=1s
[07:34:40] attack: spy 1:4:3 probes=4 eta=1s
[07:34:40] research: blocked research_intergalactic_research_network (research_computer_technology 6/8)
[2026-05-12 07:35:00] ==== loop 79/∞ | seed=976442493160730012 archetype=opportunist personality=minero focus=tech actions_per_loop=3 ====
[07:35:00] planet 35: queue busy, throttled building_robot_factory
[07:35:00] planet 35: queue busy, throttled building_robot_factory
[07:35:00] planet 35: queue busy, throttled building_robot_factory
[07:35:00] attack: intel 1:3:11 ships=0 defs=0 res=7135957246
[07:35:00] attack: intel 1:3:12 ships=0 defs=16 res=6787724611
[07:35:00] attack: intel 1:3:13 ships=0 defs=0 res=6925313068
[07:35:00] attack: intel 1:4:3 ships=0 defs=0 res=7272535684
[07:35:00] attack: spy 1:3:8 probes=4 eta=1s
[07:35:00] attack: spy 1:4:8 probes=4 eta=1s
[07:35:00] attack: spy 1:6:10 probes=4 eta=1s
[07:35:00] research: blocked research_intergalactic_research_network (research_computer_technology 6/8)
[2026-05-12 07:35:22] ==== loop 80/∞ | seed=976442493160730012 archetype=opportunist personality=minero focus=tech actions_per_loop=3 ====
[07:35:22] planet 35: queue busy, throttled building_robot_factory
[07:35:22] planet 35: queue busy, throttled building_robot_factory
[07:35:22] attack: intel 1:3:8 ships=24 defs=108 res=57064743
[07:35:22] attack: intel 1:4:8 ships=280 defs=138 res=154151460
[07:35:22] attack: intel 1:6:10 ships=0 defs=0 res=2260885
[07:35:22] attack: idle no_fleet_slots (used=7 max=7)
[2026-05-12 07:35:41] ==== loop 81/∞ | seed=976442493160730012 archetype=opportunist personality=minero focus=tech actions_per_loop=3 ====
[07:35:41] planet 35: queue busy, throttled building_robot_factory
[07:35:41] planet 35: queue busy, throttled building_robot_factory
[07:35:41] planet 35: queue busy, throttled building_robot_factory
[07:35:41] attack: idle no_fleet_slots (used=7 max=7)
[07:35:41] research: blocked research_intergalactic_research_network (research_computer_technology 6/8)
[2026-05-12 07:36:03] ==== loop 82/∞ | seed=976442493160730012 archetype=opportunist personality=minero focus=tech actions_per_loop=3 ====
[07:36:03] planet 35: queue busy, throttled building_robot_factory
[07:36:03] planet 35: queue busy, throttled building_robot_factory
[07:36:03] planet 35: queue busy, throttled building_robot_factory
[07:36:03] attack: idle no_fleet_slots (used=7 max=7)
[2026-05-12 07:36:26] ==== loop 83/∞ | seed=976442493160730012 archetype=opportunist personality=minero focus=tech actions_per_loop=3 ====
[07:36:26] planet 35: queue busy, throttled building_robot_factory
[07:36:26] planet 35: queue busy, throttled building_robot_factory
[07:36:26] attack: idle no_fleet_slots (used=7 max=7)
[07:36:26] research: blocked research_intergalactic_research_network (research_computer_technology 6/8)
[2026-05-12 07:36:49] ==== loop 84/∞ | seed=976442493160730012 archetype=opportunist personality=minero focus=tech actions_per_loop=3 ====
[07:36:49] planet 35: queue busy, throttled building_robot_factory
[07:36:49] planet 35: queue busy, throttled building_robot_factory
[07:36:49] planet 35: queue busy, throttled building_robot_factory
[07:36:49] attack: idle no_fleet_slots (used=7 max=7)
[2026-05-12 07:37:09] ==== loop 85/∞ | seed=976442493160730012 archetype=opportunist personality=minero focus=tech actions_per_loop=3 ====
[07:37:09] planet 35: queue busy, throttled building_robot_factory
[07:37:09] planet 35: queue busy, throttled building_robot_factory
[07:37:09] attack: idle no_fleet_slots (used=7 max=7)
[2026-05-12 07:37:30] ==== loop 86/∞ | seed=976442493160730012 archetype=opportunist personality=minero focus=tech actions_per_loop=3 ====
[07:37:30] planet 35: queue busy, throttled building_robot_factory
[07:37:30] planet 35: queue busy, throttled building_robot_factory
[07:37:30] attack: spy 1:7:4 probes=4 eta=1s
[07:37:30] attack: spy 1:7:8 probes=4 eta=1s
[07:37:30] attack: spy 1:3:9 probes=4 eta=1s
[07:37:30] attack: spy 1:7:12 probes=4 eta=1s
[07:37:30] research: blocked research_intergalactic_research_network (research_computer_technology 6/8)
[2026-05-12 07:37:52] ==== loop 87/∞ | seed=976442493160730012 archetype=opportunist personality=minero focus=tech actions_per_loop=3 ====
[07:37:52] planet 35: queue busy, throttled building_robot_factory
[07:37:52] planet 35: queue busy, throttled building_robot_factory
[07:37:52] planet 35: queue busy, throttled building_robot_factory
[07:37:52] attack: intel 1:7:4 ships=6 defs=171 res=47283937
[07:37:52] attack: intel 1:7:8 ships=22 defs=136 res=52059371
[07:37:52] attack: intel 1:3:9 ships=1000 defs=2100 res=218647077
[07:37:52] attack: intel 1:7:12 ships=1043 defs=1676 res=20751628
[07:37:52] attack: spy 1:8:4 probes=4 eta=1s
[07:37:52] attack: spy 1:8:6 probes=4 eta=1s
[07:37:52] attack: spy 1:8:8 probes=4 eta=1s
[07:37:52] research: blocked research_intergalactic_research_network (research_computer_technology 6/8)
[2026-05-12 07:38:15] ==== loop 88/∞ | seed=976442493160730012 archetype=opportunist personality=minero focus=tech actions_per_loop=3 ====
[07:38:15] planet 35: queue busy, throttled building_robot_factory
[07:38:15] planet 35: queue busy, throttled building_robot_factory
[07:38:15] planet 35: queue busy, throttled building_robot_factory
[07:38:15] attack: intel 1:8:4 ships=5 defs=0 res=178265
[07:38:15] attack: intel 1:8:6 ships=0 defs=0 res=190674
[07:38:15] attack: intel 1:8:8 ships=12 defs=0 res=318707
[07:38:15] attack: idle no_fleet_slots (used=7 max=7)
[07:38:15] research: blocked research_intergalactic_research_network (research_computer_technology 6/8)
[2026-05-12 07:38:37] ==== loop 89/∞ | seed=976442493160730012 archetype=opportunist personality=minero focus=tech actions_per_loop=3 ====
[07:38:37] planet 35: queue busy, throttled building_robot_factory
[07:38:37] planet 35: queue busy, throttled building_robot_factory
[07:38:37] planet 35: queue busy, throttled building_robot_factory
[07:38:37] attack: spy 1:4:10 probes=4 eta=1s
[07:38:37] attack: spy 1:6:4 probes=4 eta=1s
[07:38:37] attack: spy 1:8:10 probes=4 eta=1s
[07:38:37] attack: spy 1:8:12 probes=4 eta=1s
[2026-05-12 07:38:57] ==== loop 90/∞ | seed=976442493160730012 archetype=opportunist personality=minero focus=tech actions_per_loop=3 ====
[07:38:57] planet 35: queue busy, throttled building_robot_factory
[07:38:57] planet 35: queue busy, throttled building_robot_factory
[07:38:57] planet 35: queue busy, throttled building_robot_factory
[07:38:57] attack: intel 1:4:10 ships=0 defs=2 res=205543972
[07:38:57] attack: intel 1:6:4 ships=705 defs=183 res=186830857
[07:38:57] attack: intel 1:8:10 ships=0 defs=0 res=272661
[07:38:57] attack: intel 1:8:12 ships=0 defs=0 res=247981
[2026-05-12 07:39:18] ==== loop 91/∞ | seed=976442493160730012 archetype=opportunist personality=minero focus=tech actions_per_loop=3 ====
[07:39:18] planet 35: queue busy, throttled building_robot_factory
[07:39:18] planet 35: queue busy, throttled building_robot_factory
[07:39:18] planet 35: queue busy, throttled building_robot_factory
[07:39:18] research: blocked research_intergalactic_research_network (research_computer_technology 6/8)
[2026-05-12 07:39:36] ==== loop 92/∞ | seed=976442493160730012 archetype=opportunist personality=minero focus=tech actions_per_loop=3 ====
[07:39:36] planet 35: queue busy, throttled building_robot_factory
[07:39:36] planet 35: queue busy, throttled building_robot_factory
[07:39:36] planet 35: queue busy, throttled building_robot_factory
[07:39:36] research: blocked research_intergalactic_research_network (research_computer_technology 6/8)
[2026-05-12 07:39:53] ==== loop 93/∞ | seed=976442493160730012 archetype=opportunist personality=minero focus=tech actions_per_loop=3 ====
[07:39:53] planet 35: queue busy, throttled building_robot_factory
[07:39:53] planet 35: queue busy, throttled building_robot_factory
[07:39:53] planet 35: queue busy, throttled building_robot_factory
[07:39:53] attack: spy 1:6:8 probes=4 eta=1s
[07:39:53] attack: spy 1:7:10 probes=4 eta=1s
[07:39:53] attack: spy 1:2:1 probes=4 eta=1s
[07:39:53] attack: spy 1:2:2 probes=4 eta=1s
[07:39:53] research: blocked research_intergalactic_research_network (research_computer_technology 6/8)
[2026-05-12 07:40:13] ==== loop 94/∞ | seed=976442493160730012 archetype=opportunist personality=minero focus=tech actions_per_loop=3 ====
[07:40:13] planet 35: queue busy, throttled building_robot_factory
[07:40:13] planet 35: queue busy, throttled building_robot_factory
[07:40:13] planet 35: queue busy, throttled building_robot_factory
[07:40:13] attack: intel 1:6:8 ships=570 defs=174 res=211275524
[07:40:13] attack: intel 1:7:10 ships=423 defs=210 res=50345422
[07:40:13] attack: intel 1:2:1 ships=5 defs=0 res=6913280549
[07:40:13] attack: intel 1:2:2 ships=5 defs=0 res=6924160944
[07:40:13] attack: spy 1:2:3 probes=4 eta=1s
[07:40:13] attack: spy 1:2:4 probes=4 eta=1s
[07:40:13] attack: spy 1:2:5 probes=4 eta=1s
[07:40:13] research: blocked research_intergalactic_research_network (research_computer_technology 6/8)
[2026-05-12 07:40:33] ==== loop 95/∞ | seed=976442493160730012 archetype=opportunist personality=minero focus=tech actions_per_loop=3 ====
[07:40:33] planet 35: queue busy, throttled building_robot_factory
[07:40:33] planet 35: queue busy, throttled building_robot_factory
[07:40:33] planet 35: queue busy, throttled building_robot_factory
[07:40:33] attack: intel 1:2:3 ships=10 defs=0 res=6925131649
[07:40:33] attack: intel 1:2:4 ships=0 defs=0 res=6915700638
[07:40:33] attack: intel 1:2:5 ships=0 defs=0 res=6781832102
[07:40:33] attack: idle no_fleet_slots (used=7 max=7)
[2026-05-12 07:40:51] ==== loop 96/∞ | seed=976442493160730012 archetype=opportunist personality=minero focus=tech actions_per_loop=3 ====
[07:40:51] planet 35: queue busy, throttled building_robot_factory
[07:40:51] planet 35: queue busy, throttled building_robot_factory
[07:40:51] planet 35: queue busy, throttled building_robot_factory
[07:40:51] attack: idle no_fleet_slots (used=7 max=7)
[2026-05-12 07:41:11] ==== loop 97/∞ | seed=976442493160730012 archetype=opportunist personality=minero focus=tech actions_per_loop=3 ====
[07:41:11] planet 35: queue busy, throttled building_robot_factory
[07:41:11] planet 35: queue busy, throttled building_robot_factory
[07:41:11] planet 35: queue busy, throttled building_robot_factory
[07:41:11] attack: idle no_fleet_slots (used=7 max=7)
[07:41:11] research: blocked research_intergalactic_research_network (research_computer_technology 6/8)
[2026-05-12 07:41:29] ==== loop 98/∞ | seed=976442493160730012 archetype=opportunist personality=minero focus=tech actions_per_loop=3 ====
[07:41:29] planet 35: queue busy, throttled building_robot_factory
[07:41:29] planet 35: queue busy, throttled building_robot_factory
[07:41:29] planet 35: queue busy, throttled building_robot_factory
[07:41:29] attack: idle no_fleet_slots (used=7 max=7)
[07:41:29] research: blocked research_intergalactic_research_network (research_computer_technology 6/8)
[2026-05-12 07:41:52] ==== loop 99/∞ | seed=976442493160730012 archetype=opportunist personality=minero focus=tech actions_per_loop=3 ====
[07:41:52] planet 35: queue busy, throttled building_robot_factory
[07:41:52] planet 35: queue busy, throttled building_robot_factory
[07:41:52] planet 35: queue busy, throttled building_robot_factory
[07:41:52] attack: idle no_fleet_slots (used=7 max=7)
[07:41:52] research: blocked research_intergalactic_research_network (research_computer_technology 6/8)
[2026-05-12 07:42:12] ==== loop 100/∞ | seed=976442493160730012 archetype=opportunist personality=minero focus=tech actions_per_loop=3 ====
[07:42:12] planet 35: queue busy, throttled building_robot_factory
[07:42:12] planet 35: queue busy, throttled building_robot_factory
[07:42:12] attack: idle no_fleet_slots (used=7 max=7)
[07:42:12] research: blocked research_intergalactic_research_network (research_computer_technology 6/8)
[2026-05-12 07:42:35] ==== loop 101/∞ | seed=976442493160730012 archetype=opportunist personality=minero focus=tech actions_per_loop=3 ====
[07:42:35] planet 35: queue busy, throttled building_robot_factory
[07:42:35] planet 35: queue busy, throttled building_robot_factory
[07:42:35] planet 35: queue busy, throttled building_robot_factory
[07:42:35] attack: idle no_fleet_slots (used=7 max=7)
[07:42:35] research: blocked research_intergalactic_research_network (research_computer_technology 6/8)
[2026-05-12 07:42:55] ==== loop 102/∞ | seed=976442493160730012 archetype=opportunist personality=minero focus=tech actions_per_loop=3 ====
[07:42:55] planet 35: queue busy, throttled building_robot_factory
[07:42:55] planet 35: queue busy, throttled building_robot_factory
[07:42:55] attack: idle no_fleet_slots (used=7 max=7)
[2026-05-12 07:43:18] ==== loop 103/∞ | seed=976442493160730012 archetype=opportunist personality=minero focus=tech actions_per_loop=3 ====
[07:43:18] planet 35: queue busy, throttled building_robot_factory
[07:43:18] planet 35: queue busy, throttled building_robot_factory
[07:43:18] planet 35: queue busy, throttled building_robot_factory
[07:43:18] attack: idle no_fleet_slots (used=7 max=7)
[07:43:18] research: blocked research_intergalactic_research_network (research_computer_technology 6/8)
[2026-05-12 07:43:38] ==== loop 104/∞ | seed=976442493160730012 archetype=opportunist personality=minero focus=tech actions_per_loop=3 ====
[07:43:38] planet 35: queue busy, throttled building_robot_factory
[07:43:38] planet 35: queue busy, throttled building_robot_factory
[07:43:38] planet 35: queue busy, throttled building_robot_factory
[07:43:38] attack: idle no_fleet_slots (used=7 max=7)
[07:43:38] research: blocked research_intergalactic_research_network (research_computer_technology 6/8)
[2026-05-12 07:44:02] ==== loop 105/∞ | seed=976442493160730012 archetype=opportunist personality=minero focus=tech actions_per_loop=3 ====
[07:44:02] planet 35: queue busy, throttled building_robot_factory
[07:44:02] planet 35: queue busy, throttled building_robot_factory
[07:44:02] planet 35: queue busy, throttled building_robot_factory
[07:44:02] attack: idle no_fleet_slots (used=7 max=7)
[2026-05-12 07:44:24] ==== loop 106/∞ | seed=976442493160730012 archetype=opportunist personality=minero focus=tech actions_per_loop=3 ====
[07:44:24] planet 35: queue busy, throttled building_robot_factory
[07:44:24] planet 35: queue busy, throttled building_robot_factory
[07:44:24] planet 35: queue busy, throttled building_robot_factory
[07:44:24] attack: idle no_fleet_slots (used=7 max=7)
[07:44:24] research: blocked research_intergalactic_research_network (research_computer_technology 6/8)
[2026-05-12 07:44:49] ==== loop 107/∞ | seed=976442493160730012 archetype=opportunist personality=minero focus=tech actions_per_loop=3 ====
[07:44:49] planet 35: queue busy, throttled building_robot_factory
[07:44:49] planet 35: queue busy, throttled building_robot_factory
[07:44:49] planet 35: queue busy, throttled building_robot_factory
[07:44:49] attack: idle no_fleet_slots (used=7 max=7)
[2026-05-12 07:45:10] ==== loop 108/∞ | seed=976442493160730012 archetype=opportunist personality=minero focus=tech actions_per_loop=3 ====
[07:45:10] planet 35: queue busy, throttled building_robot_factory
[07:45:10] planet 35: queue busy, throttled building_robot_factory
[07:45:10] planet 35: queue busy, throttled building_robot_factory
[07:45:10] attack: idle no_fleet_slots (used=7 max=7)
[2026-05-12 07:45:31] ==== loop 109/∞ | seed=976442493160730012 archetype=opportunist personality=minero focus=tech actions_per_loop=3 ====
[07:45:31] planet 35: queue busy, throttled building_robot_factory
[07:45:31] planet 35: queue busy, throttled building_robot_factory
[07:45:31] planet 35: queue busy, throttled building_robot_factory
[07:45:31] attack: idle no_fleet_slots (used=7 max=7)
[07:45:31] research: blocked research_intergalactic_research_network (research_computer_technology 6/8)
[2026-05-12 07:45:51] ==== loop 110/∞ | seed=976442493160730012 archetype=opportunist personality=minero focus=tech actions_per_loop=3 ====
[07:45:51] planet 35: queue busy, throttled building_robot_factory
[07:45:51] planet 35: queue busy, throttled building_robot_factory
[07:45:51] planet 35: queue busy, throttled building_robot_factory
[07:45:51] attack: idle no_fleet_slots (used=7 max=7)
[07:45:51] research: blocked research_intergalactic_research_network (research_computer_technology 6/8)
[2026-05-12 07:46:12] ==== loop 111/∞ | seed=976442493160730012 archetype=opportunist personality=minero focus=tech actions_per_loop=3 ====
[07:46:12] planet 35: queue busy, throttled building_robot_factory
[07:46:12] planet 35: queue busy, throttled building_robot_factory
[07:46:12] attack: idle no_fleet_slots (used=7 max=7)
[2026-05-12 07:46:33] ==== loop 112/∞ | seed=976442493160730012 archetype=opportunist personality=minero focus=tech actions_per_loop=3 ====
[07:46:33] planet 35: queue busy, throttled building_robot_factory
[07:46:33] planet 35: queue busy, throttled building_robot_factory
[07:46:33] planet 35: queue busy, throttled building_robot_factory
[07:46:33] attack: idle no_fleet_slots (used=7 max=7)
[2026-05-12 07:46:54] ==== loop 113/∞ | seed=976442493160730012 archetype=opportunist personality=minero focus=tech actions_per_loop=3 ====
[07:46:54] planet 35: queue busy, throttled building_robot_factory
[07:46:54] planet 35: queue busy, throttled building_robot_factory
[07:46:54] planet 35: queue busy, throttled building_robot_factory
[07:46:54] attack: idle no_fleet_slots (used=7 max=7)
[2026-05-12 07:47:14] ==== loop 114/∞ | seed=976442493160730012 archetype=opportunist personality=minero focus=tech actions_per_loop=3 ====
[07:47:14] planet 35: queue busy, throttled building_robot_factory
[07:47:14] planet 35: queue busy, throttled building_robot_factory
[07:47:14] planet 35: queue busy, throttled building_robot_factory
[07:47:14] attack: idle no_fleet_slots (used=7 max=7)
[07:47:14] research: blocked research_intergalactic_research_network (research_computer_technology 6/8)
[2026-05-12 07:47:35] ==== loop 115/∞ | seed=976442493160730012 archetype=opportunist personality=minero focus=tech actions_per_loop=3 ====
[07:47:35] planet 35: queue busy, throttled building_robot_factory
[07:47:35] planet 35: queue busy, throttled building_robot_factory
[07:47:35] planet 35: queue busy, throttled building_robot_factory
[07:47:35] attack: idle no_fleet_slots (used=7 max=7)
[07:47:35] research: blocked research_intergalactic_research_network (research_computer_technology 6/8)
[2026-05-12 07:47:55] ==== loop 116/∞ | seed=976442493160730012 archetype=opportunist personality=minero focus=tech actions_per_loop=3 ====
[07:47:55] planet 35: queue busy, throttled building_robot_factory
[07:47:55] planet 35: queue busy, throttled building_robot_factory
[07:47:55] planet 35: queue busy, throttled building_robot_factory
[07:47:55] attack: idle no_fleet_slots (used=7 max=7)
[07:47:55] research: blocked research_intergalactic_research_network (research_computer_technology 6/8)
[2026-05-12 07:48:15] ==== loop 117/∞ | seed=976442493160730012 archetype=opportunist personality=minero focus=tech actions_per_loop=3 ====
[07:48:15] planet 35: queue busy, throttled building_robot_factory
[07:48:15] planet 35: queue busy, throttled building_robot_factory
[07:48:15] planet 35: queue busy, throttled building_robot_factory
[07:48:15] attack: idle no_fleet_slots (used=7 max=7)
[2026-05-12 07:48:35] ==== loop 118/∞ | seed=976442493160730012 archetype=opportunist personality=minero focus=tech actions_per_loop=3 ====
[07:48:35] planet 35: queue busy, throttled building_robot_factory
[07:48:35] planet 35: queue busy, throttled building_robot_factory
[07:48:35] attack: idle no_fleet_slots (used=7 max=7)
[2026-05-12 07:48:53] ==== loop 119/∞ | seed=976442493160730012 archetype=opportunist personality=minero focus=tech actions_per_loop=3 ====
[07:48:53] planet 35: queue busy, throttled building_robot_factory
[07:48:53] planet 35: queue busy, throttled building_robot_factory
[07:48:53] planet 35: queue busy, throttled building_robot_factory
[07:48:53] attack: idle no_fleet_slots (used=7 max=7)
[07:48:53] research: blocked research_intergalactic_research_network (research_computer_technology 6/8)
[2026-05-12 07:49:15] ==== loop 120/∞ | seed=976442493160730012 archetype=opportunist personality=minero focus=tech actions_per_loop=3 ====
[07:49:15] planet 35: queue busy, throttled building_robot_factory
[07:49:15] planet 35: queue busy, throttled building_robot_factory
[07:49:15] planet 35: queue busy, throttled building_robot_factory
[07:49:15] attack: idle no_fleet_slots (used=7 max=7)
[07:49:15] research: blocked research_intergalactic_research_network (research_computer_technology 6/8)
[2026-05-12 07:49:32] ==== loop 121/∞ | seed=976442493160730012 archetype=opportunist personality=minero focus=tech actions_per_loop=3 ====
[07:49:32] planet 35: queue busy, throttled building_robot_factory
[07:49:32] planet 35: queue busy, throttled building_robot_factory
[07:49:32] planet 35: queue busy, throttled building_robot_factory
[07:49:32] attack: idle no_fleet_slots (used=7 max=7)
[2026-05-12 07:49:55] ==== loop 122/∞ | seed=976442493160730012 archetype=opportunist personality=minero focus=tech actions_per_loop=3 ====
[07:49:55] planet 35: queue busy, throttled building_robot_factory
[07:49:55] planet 35: queue busy, throttled building_robot_factory
[07:49:55] planet 35: queue busy, throttled building_robot_factory
[07:49:55] attack: idle no_fleet_slots (used=7 max=7)
[07:49:55] research: blocked research_intergalactic_research_network (research_computer_technology 6/8)
[2026-05-12 07:50:14] ==== loop 123/∞ | seed=976442493160730012 archetype=opportunist personality=minero focus=tech actions_per_loop=3 ====
[07:50:14] planet 35: queue busy, throttled building_robot_factory
[07:50:14] planet 35: queue busy, throttled building_robot_factory
[07:50:14] planet 35: queue busy, throttled building_robot_factory
[07:50:14] attack: idle no_fleet_slots (used=7 max=7)
[07:50:14] research: blocked research_intergalactic_research_network (research_computer_technology 6/8)
[2026-05-12 07:50:36] ==== loop 124/∞ | seed=976442493160730012 archetype=opportunist personality=minero focus=tech actions_per_loop=3 ====
[07:50:36] planet 35: queue busy, throttled building_robot_factory
[07:50:36] planet 35: queue busy, throttled building_robot_factory
[07:50:36] planet 35: queue busy, throttled building_robot_factory
[07:50:36] attack: idle no_fleet_slots (used=7 max=7)
[07:50:36] research: blocked research_intergalactic_research_network (research_computer_technology 6/8)
[2026-05-12 07:50:55] ==== loop 125/∞ | seed=976442493160730012 archetype=opportunist personality=minero focus=tech actions_per_loop=3 ====
[07:50:55] planet 35: queue busy, throttled building_robot_factory
[07:50:55] planet 35: queue busy, throttled building_robot_factory
[07:50:55] planet 35: queue busy, throttled building_robot_factory
[07:50:55] attack: idle no_fleet_slots (used=7 max=7)
[07:50:55] research: blocked research_intergalactic_research_network (research_computer_technology 6/8)
[2026-05-12 07:51:15] ==== loop 126/∞ | seed=976442493160730012 archetype=opportunist personality=minero focus=tech actions_per_loop=3 ====
[07:51:15] planet 35: queue busy, throttled building_robot_factory
[07:51:15] planet 35: queue busy, throttled building_robot_factory
[07:51:15] planet 35: queue busy, throttled building_robot_factory
[07:51:15] attack: idle no_fleet_slots (used=7 max=7)
[07:51:15] research: blocked research_intergalactic_research_network (research_computer_technology 6/8)
[2026-05-12 07:51:35] ==== loop 127/∞ | seed=976442493160730012 archetype=opportunist personality=minero focus=tech actions_per_loop=3 ====
[07:51:35] planet 35: queue busy, throttled building_robot_factory
[07:51:35] planet 35: queue busy, throttled building_robot_factory
[07:51:35] planet 35: queue busy, throttled building_robot_factory
[07:51:35] attack: idle no_fleet_slots (used=7 max=7)
[07:51:35] research: blocked research_intergalactic_research_network (research_computer_technology 6/8)
[2026-05-12 07:51:55] ==== loop 128/∞ | seed=976442493160730012 archetype=opportunist personality=minero focus=tech actions_per_loop=3 ====
[07:51:55] planet 35: queue busy, throttled building_robot_factory
[07:51:55] planet 35: queue busy, throttled building_robot_factory
[07:51:55] planet 35: queue busy, throttled building_robot_factory
[07:51:55] attack: idle no_fleet_slots (used=7 max=7)
[07:51:55] research: blocked research_intergalactic_research_network (research_computer_technology 6/8)
[2026-05-12 07:52:13] ==== loop 129/∞ | seed=976442493160730012 archetype=opportunist personality=minero focus=tech actions_per_loop=3 ====
[07:52:13] planet 35: queue busy, throttled building_robot_factory
[07:52:13] planet 35: queue busy, throttled building_robot_factory
[07:52:13] planet 35: queue busy, throttled building_robot_factory
[07:52:13] attack: idle no_fleet_slots (used=7 max=7)
[07:52:13] research: blocked research_intergalactic_research_network (research_computer_technology 6/8)
[2026-05-12 07:52:33] ==== loop 130/∞ | seed=976442493160730012 archetype=opportunist personality=minero focus=tech actions_per_loop=3 ====
[07:52:33] planet 35: queue busy, throttled building_robot_factory
[07:52:33] planet 35: queue busy, throttled building_robot_factory
[07:52:33] planet 35: queue busy, throttled building_robot_factory
[07:52:33] attack: idle no_fleet_slots (used=7 max=7)
[07:52:33] research: blocked research_intergalactic_research_network (research_computer_technology 6/8)
[2026-05-12 07:52:52] ==== loop 131/∞ | seed=976442493160730012 archetype=opportunist personality=minero focus=tech actions_per_loop=3 ====
[07:52:52] planet 35: queue busy, throttled building_robot_factory
[07:52:52] planet 35: queue busy, throttled building_robot_factory
[07:52:52] attack: idle no_fleet_slots (used=7 max=7)
[07:52:52] research: blocked research_intergalactic_research_network (research_computer_technology 6/8)
[2026-05-12 07:53:13] ==== loop 132/∞ | seed=976442493160730012 archetype=opportunist personality=minero focus=tech actions_per_loop=3 ====
[07:53:13] planet 35: queue busy, throttled building_robot_factory
[07:53:13] planet 35: queue busy, throttled building_robot_factory
[07:53:13] planet 35: queue busy, throttled building_robot_factory
[07:53:13] attack: idle no_fleet_slots (used=7 max=7)
[07:53:13] research: blocked research_intergalactic_research_network (research_computer_technology 6/8)
[2026-05-12 07:53:33] ==== loop 133/∞ | seed=976442493160730012 archetype=opportunist personality=minero focus=tech actions_per_loop=3 ====
[07:53:33] planet 35: queue busy, throttled building_robot_factory
[07:53:33] planet 35: queue busy, throttled building_robot_factory
[07:53:33] planet 35: queue busy, throttled building_robot_factory
[07:53:33] attack: idle no_fleet_slots (used=7 max=7)
[07:53:33] research: blocked research_intergalactic_research_network (research_computer_technology 6/8)
[2026-05-12 07:53:52] ==== loop 134/∞ | seed=976442493160730012 archetype=opportunist personality=minero focus=tech actions_per_loop=3 ====
[07:53:52] planet 35: queue busy, throttled building_robot_factory
[07:53:52] planet 35: queue busy, throttled building_robot_factory
[07:53:52] planet 35: queue busy, throttled building_robot_factory
[07:53:52] attack: idle no_fleet_slots (used=7 max=7)
[07:53:52] research: blocked research_intergalactic_research_network (research_computer_technology 6/8)
[2026-05-12 07:54:11] ==== loop 135/∞ | seed=976442493160730012 archetype=opportunist personality=minero focus=tech actions_per_loop=3 ====
[07:54:11] planet 35: queue busy, throttled building_robot_factory
[07:54:11] planet 35: queue busy, throttled building_robot_factory
[07:54:11] planet 35: queue busy, throttled building_robot_factory
[07:54:11] attack: idle no_fleet_slots (used=7 max=7)
[07:54:11] research: blocked research_intergalactic_research_network (research_computer_technology 6/8)
[2026-05-12 07:54:30] ==== loop 136/∞ | seed=976442493160730012 archetype=opportunist personality=minero focus=tech actions_per_loop=3 ====
[07:54:30] planet 35: queue busy, throttled building_robot_factory
[07:54:30] planet 35: queue busy, throttled building_robot_factory
[07:54:30] planet 35: queue busy, throttled building_robot_factory
[07:54:30] attack: idle no_fleet_slots (used=7 max=7)
[07:54:30] research: blocked research_intergalactic_research_network (research_computer_technology 6/8)
[2026-05-12 07:54:51] ==== loop 137/∞ | seed=976442493160730012 archetype=opportunist personality=minero focus=tech actions_per_loop=3 ====
[07:54:51] planet 35: queue busy, throttled building_robot_factory
[07:54:51] planet 35: queue busy, throttled building_robot_factory
[07:54:51] planet 35: queue busy, throttled building_robot_factory
[07:54:51] attack: idle no_fleet_slots (used=7 max=7)
[07:54:51] research: blocked research_intergalactic_research_network (research_computer_technology 6/8)
[2026-05-12 07:55:10] ==== loop 138/∞ | seed=976442493160730012 archetype=opportunist personality=minero focus=tech actions_per_loop=3 ====
[07:55:10] planet 35: queue busy, throttled building_robot_factory
[07:55:10] planet 35: queue busy, throttled building_robot_factory
[07:55:10] planet 35: queue busy, throttled building_robot_factory
[07:55:10] attack: idle no_fleet_slots (used=7 max=7)
[2026-05-12 07:55:32] ==== loop 139/∞ | seed=976442493160730012 archetype=opportunist personality=minero focus=tech actions_per_loop=3 ====
[07:55:32] planet 35: queue busy, throttled building_robot_factory
[07:55:32] planet 35: queue busy, throttled building_robot_factory
[07:55:32] attack: idle no_fleet_slots (used=7 max=7)
[07:55:32] research: blocked research_intergalactic_research_network (research_computer_technology 6/8)
[2026-05-12 07:55:55] ==== loop 140/∞ | seed=976442493160730012 archetype=opportunist personality=minero focus=tech actions_per_loop=3 ====
[07:55:55] planet 35: queue busy, throttled building_robot_factory
[07:55:55] planet 35: queue busy, throttled building_robot_factory
[07:55:55] planet 35: queue busy, throttled building_robot_factory
[07:55:55] attack: idle no_fleet_slots (used=7 max=7)
[07:55:55] research: blocked research_intergalactic_research_network (research_computer_technology 6/8)
[2026-05-12 07:56:15] ==== loop 141/∞ | seed=976442493160730012 archetype=opportunist personality=minero focus=tech actions_per_loop=3 ====
[07:56:15] planet 35: queue busy, throttled building_robot_factory
[07:56:15] planet 35: queue busy, throttled building_robot_factory
[07:56:15] planet 35: queue busy, throttled building_robot_factory
[07:56:15] attack: idle no_fleet_slots (used=7 max=7)
[07:56:15] research: blocked research_intergalactic_research_network (research_computer_technology 6/8)
[2026-05-12 07:56:36] ==== loop 142/∞ | seed=976442493160730012 archetype=opportunist personality=minero focus=tech actions_per_loop=3 ====
[07:56:36] planet 35: queue busy, throttled building_robot_factory
[07:56:36] planet 35: queue busy, throttled building_robot_factory
[07:56:36] planet 35: queue busy, throttled building_robot_factory
[07:56:36] attack: idle no_fleet_slots (used=7 max=7)
[07:56:36] research: blocked research_intergalactic_research_network (research_computer_technology 6/8)
[2026-05-12 07:56:55] ==== loop 143/∞ | seed=976442493160730012 archetype=opportunist personality=minero focus=tech actions_per_loop=3 ====
[07:56:55] planet 35: queue busy, throttled building_robot_factory
[07:56:55] planet 35: queue busy, throttled building_robot_factory
[07:56:55] planet 35: queue busy, throttled building_robot_factory
[07:56:55] attack: spy 1:4:10 probes=4 eta=1s
[07:56:55] attack: spy 1:6:4 probes=4 eta=1s
[07:56:55] attack: spy 1:6:8 probes=4 eta=1s
[07:56:55] attack: spy 1:7:10 probes=4 eta=1s
[2026-05-12 07:57:16] ==== loop 144/∞ | seed=976442493160730012 archetype=opportunist personality=minero focus=tech actions_per_loop=3 ====
[07:57:16] planet 35: queue busy, throttled building_robot_factory
[07:57:16] planet 35: queue busy, throttled building_robot_factory
[07:57:16] attack: intel 1:4:10 ships=0 defs=2 res=206214088
[07:57:16] attack: intel 1:6:4 ships=705 defs=183 res=188075372
[07:57:16] attack: intel 1:6:8 ships=570 defs=174 res=212490964
[07:57:16] attack: intel 1:7:10 ships=423 defs=210 res=50856115
[07:57:16] attack: spy 1:2:1 probes=4 eta=1s
[07:57:16] attack: spy 1:2:2 probes=4 eta=1s
[07:57:16] attack: spy 1:2:3 probes=4 eta=1s
[07:57:16] attack: spy 1:2:4 probes=4 eta=1s
[2026-05-12 07:57:32] ==== loop 145/∞ | seed=976442493160730012 archetype=opportunist personality=minero focus=tech actions_per_loop=3 ====
[07:57:32] planet 35: queue busy, throttled building_robot_factory
[07:57:32] planet 35: queue busy, throttled building_robot_factory
[07:57:32] attack: intel 1:2:1 ships=5 defs=0 res=6932584701
[07:57:32] attack: intel 1:2:2 ships=5 defs=0 res=6942546134
[07:57:32] attack: intel 1:2:3 ships=10 defs=0 res=6943516840
[07:57:32] attack: intel 1:2:4 ships=0 defs=0 res=6943261274
[07:57:32] attack: spy 1:2:5 probes=4 eta=1s
[07:57:32] attack: spy 1:2:6 probes=4 eta=1s
[07:57:32] attack: spy 1:2:7 probes=4 eta=1s
[07:57:32] attack: spy 1:2:8 probes=4 eta=1s
[07:57:32] research: blocked research_intergalactic_research_network (research_computer_technology 6/8)
[2026-05-12 07:57:51] ==== loop 146/∞ | seed=976442493160730012 archetype=opportunist personality=minero focus=tech actions_per_loop=3 ====
[07:57:51] planet 35: queue busy, throttled building_robot_factory
[07:57:51] planet 35: queue busy, throttled building_robot_factory
[07:57:51] planet 35: queue busy, throttled building_robot_factory
[07:57:51] attack: intel 1:2:5 ships=0 defs=0 res=6809649992
[07:57:51] attack: intel 1:2:6 ships=16 defs=0 res=6933903003
[07:57:51] attack: intel 1:2:7 ships=8 defs=0 res=6928557745
[07:57:51] attack: intel 1:2:8 ships=0 defs=0 res=6784256751
[07:57:51] attack: spy 1:2:9 probes=4 eta=1s
[07:57:51] attack: spy 1:2:10 probes=4 eta=1s
[07:57:51] attack: spy 1:2:11 probes=4 eta=1s
[07:57:51] attack: spy 1:2:12 probes=4 eta=1s
[07:57:51] research: blocked research_intergalactic_research_network (research_computer_technology 6/8)
[2026-05-12 07:58:15] ==== loop 147/∞ | seed=976442493160730012 archetype=opportunist personality=minero focus=tech actions_per_loop=3 ====
[07:58:15] planet 35: queue busy, throttled building_robot_factory
[07:58:15] planet 35: queue busy, throttled building_robot_factory
[07:58:15] planet 35: queue busy, throttled building_robot_factory
[07:58:15] attack: intel 1:2:9 ships=0 defs=0 res=7292153448
[07:58:15] attack: intel 1:2:10 ships=0 defs=0 res=8490751150
[07:58:15] attack: intel 1:2:11 ships=0 defs=0 res=8491026926
[07:58:15] attack: intel 1:2:12 ships=0 defs=0 res=8492077779
[07:58:15] attack: spy 1:2:13 probes=4 eta=1s
[07:58:15] attack: spy 1:2:14 probes=4 eta=1s
[07:58:15] attack: spy 1:2:15 probes=4 eta=1s
[07:58:15] attack: spy 1:3:1 probes=4 eta=1s
[2026-05-12 07:58:36] ==== loop 148/∞ | seed=976442493160730012 archetype=opportunist personality=minero focus=tech actions_per_loop=3 ====
[07:58:36] planet 35: queue busy, throttled building_robot_factory
[07:58:36] planet 35: queue busy, throttled building_robot_factory
[07:58:36] planet 35: queue busy, throttled building_robot_factory
[07:58:36] attack: intel 1:2:13 ships=0 defs=0 res=6947731533
[07:58:36] attack: intel 1:2:14 ships=0 defs=0 res=7165532149
[07:58:36] attack: intel 1:2:15 ships=0 defs=0 res=7203668151
[07:58:36] attack: intel 1:3:1 ships=0 defs=0 res=7299813226
[07:58:36] attack: spy 1:3:2 probes=4 eta=1s
[07:58:36] attack: spy 1:3:3 probes=4 eta=1s
[07:58:36] attack: spy 1:3:4 probes=4 eta=1s
[07:58:36] attack: spy 1:3:5 probes=4 eta=1s
[07:58:36] research: blocked research_intergalactic_research_network (research_computer_technology 6/8)
[2026-05-12 07:58:59] ==== loop 149/∞ | seed=976442493160730012 archetype=opportunist personality=minero focus=tech actions_per_loop=3 ====
[07:58:59] planet 35: queue busy, throttled building_robot_factory
[07:58:59] planet 35: queue busy, throttled building_robot_factory
[07:58:59] planet 35: queue busy, throttled building_robot_factory
[07:58:59] attack: intel 1:3:2 ships=0 defs=0 res=7295892015
[07:58:59] attack: intel 1:3:3 ships=0 defs=0 res=7294144500
[07:58:59] attack: intel 1:3:4 ships=10 defs=0 res=6943350830
[07:58:59] attack: intel 1:3:5 ships=0 defs=0 res=6811663246
[07:58:59] attack: spy 1:3:11 probes=4 eta=1s
[07:58:59] attack: spy 1:3:12 probes=4 eta=1s
[07:58:59] attack: spy 1:3:13 probes=4 eta=1s
[07:58:59] attack: spy 1:4:3 probes=4 eta=1s
[2026-05-12 07:59:21] ==== loop 150/∞ | seed=976442493160730012 archetype=opportunist personality=minero focus=tech actions_per_loop=3 ====
[07:59:21] planet 35: queue busy, throttled building_robot_factory
[07:59:21] planet 35: queue busy, throttled building_robot_factory
[07:59:21] planet 35: queue busy, throttled building_robot_factory
[07:59:21] attack: intel 1:3:11 ships=0 defs=0 res=7161219733
[07:59:21] attack: intel 1:3:12 ships=0 defs=16 res=6812987099
[07:59:21] attack: intel 1:3:13 ships=0 defs=0 res=6950575556
[07:59:21] attack: intel 1:4:3 ships=0 defs=0 res=7297798170
[07:59:21] attack: spy 1:3:8 probes=4 eta=1s
[07:59:21] attack: spy 1:4:8 probes=4 eta=1s
[07:59:21] attack: spy 1:6:10 probes=4 eta=1s
[07:59:21] attack: spy 1:7:4 probes=4 eta=1s
[07:59:21] research: blocked research_intergalactic_research_network (research_computer_technology 6/8)
[2026-05-12 07:59:44] ==== loop 151/∞ | seed=976442493160730012 archetype=opportunist personality=minero focus=tech actions_per_loop=3 ====
[07:59:44] planet 35: queue busy, throttled building_robot_factory
[07:59:44] planet 35: queue busy, throttled building_robot_factory
[07:59:44] planet 35: queue busy, throttled building_robot_factory
[07:59:44] attack: intel 1:3:8 ships=24 defs=108 res=57671904
[07:59:44] attack: intel 1:4:8 ships=280 defs=138 res=165061024
[07:59:44] attack: intel 1:6:10 ships=0 defs=0 res=2269230
[07:59:44] attack: intel 1:7:4 ships=6 defs=171 res=47877122
[07:59:44] attack: spy 1:7:8 probes=4 eta=1s
[07:59:44] attack: spy 1:3:9 probes=4 eta=1s
[07:59:44] attack: spy 1:7:12 probes=4 eta=1s
[07:59:44] attack: spy 1:8:4 probes=4 eta=1s
[07:59:44] research: blocked research_intergalactic_research_network (research_computer_technology 6/8)
[2026-05-12 08:00:06] ==== loop 152/∞ | seed=976442493160730012 archetype=opportunist personality=minero focus=tech actions_per_loop=3 ====
[08:00:06] planet 35: queue busy, throttled building_robot_factory
[08:00:06] planet 35: queue busy, throttled building_robot_factory
[08:00:06] planet 35: queue busy, throttled building_robot_factory
[08:00:06] attack: intel 1:7:8 ships=22 defs=136 res=52800607
[08:00:06] attack: intel 1:3:9 ships=1000 defs=2100 res=237297719
[08:00:06] attack: intel 1:7:12 ships=1044 defs=1676 res=26480373
[08:00:06] attack: intel 1:8:4 ships=5 defs=0 res=382797
[08:00:06] attack: spy 1:8:6 probes=4 eta=1s
[08:00:06] attack: spy 1:8:8 probes=4 eta=1s
[08:00:06] attack: spy 1:8:10 probes=4 eta=1s
[08:00:06] attack: spy 1:8:12 probes=4 eta=1s
[08:00:06] research: blocked research_intergalactic_research_network (research_computer_technology 6/8)
[2026-05-12 08:00:26] ==== loop 153/∞ | seed=976442493160730012 archetype=opportunist personality=minero focus=tech actions_per_loop=3 ====
[08:00:26] planet 35: queue busy, throttled building_robot_factory
[08:00:26] planet 35: queue busy, throttled building_robot_factory
[08:00:26] planet 35: queue busy, throttled building_robot_factory
[08:00:26] attack: intel 1:8:6 ships=0 defs=0 res=206994
[08:00:26] attack: intel 1:8:8 ships=12 defs=0 res=607286
[08:00:26] attack: intel 1:8:10 ships=0 defs=0 res=396092
[08:00:26] attack: intel 1:8:12 ships=0 defs=0 res=395417
[2026-05-12 08:00:47] ==== loop 154/∞ | seed=976442493160730012 archetype=opportunist personality=minero focus=tech actions_per_loop=3 ====
[08:00:47] planet 35: queue busy, throttled building_robot_factory
[08:00:47] planet 35: queue busy, throttled building_robot_factory
[08:00:47] planet 35: queue busy, throttled building_robot_factory
[2026-05-12 08:01:10] ==== loop 155/∞ | seed=976442493160730012 archetype=opportunist personality=minero focus=tech actions_per_loop=3 ====
[08:01:10] planet 35: queue busy, throttled building_robot_factory
[08:01:10] planet 35: queue busy, throttled building_robot_factory
[08:01:10] planet 35: queue busy, throttled building_robot_factory
[08:01:10] research: blocked research_intergalactic_research_network (research_computer_technology 6/8)
[2026-05-12 08:01:29] ==== loop 156/∞ | seed=976442493160730012 archetype=opportunist personality=minero focus=tech actions_per_loop=3 ====
[08:01:29] planet 35: queue busy, throttled building_robot_factory
[08:01:29] planet 35: queue busy, throttled building_robot_factory
[08:01:29] planet 35: queue busy, throttled building_robot_factory
[08:01:29] research: blocked research_intergalactic_research_network (research_computer_technology 6/8)
[2026-05-12 08:01:50] ==== loop 157/∞ | seed=976442493160730012 archetype=opportunist personality=minero focus=tech actions_per_loop=3 ====
[08:01:50] planet 35: queue busy, throttled building_robot_factory
[08:01:50] planet 35: queue busy, throttled building_robot_factory
[08:01:50] planet 35: queue busy, throttled building_robot_factory
[08:01:50] research: blocked research_intergalactic_research_network (research_computer_technology 6/8)
[2026-05-12 08:02:12] ==== loop 158/∞ | seed=976442493160730012 archetype=opportunist personality=minero focus=tech actions_per_loop=3 ====
[08:02:12] planet 35: queue busy, throttled building_robot_factory
[08:02:12] planet 35: queue busy, throttled building_robot_factory
[08:02:12] planet 35: queue busy, throttled building_robot_factory
[2026-05-12 08:02:33] ==== loop 159/∞ | seed=976442493160730012 archetype=opportunist personality=minero focus=tech actions_per_loop=3 ====
[08:02:33] planet 35: queue busy, throttled building_robot_factory
[08:02:33] planet 35: queue busy, throttled building_robot_factory
[08:02:33] planet 35: queue busy, throttled building_robot_factory
[08:02:33] research: blocked research_intergalactic_research_network (research_computer_technology 6/8)
[2026-05-12 08:02:53] ==== loop 160/∞ | seed=976442493160730012 archetype=opportunist personality=minero focus=tech actions_per_loop=3 ====
[08:02:53] planet 35: queue busy, throttled building_robot_factory
[08:02:53] planet 35: queue busy, throttled building_robot_factory
[08:02:53] planet 35: queue busy, throttled building_robot_factory
[08:02:53] research: blocked research_intergalactic_research_network (research_computer_technology 6/8)
[2026-05-12 08:03:11] ==== loop 161/∞ | seed=976442493160730012 archetype=opportunist personality=minero focus=tech actions_per_loop=3 ====
[08:03:11] planet 35: queue busy, throttled building_robot_factory
[08:03:11] planet 35: queue busy, throttled building_robot_factory
[08:03:11] planet 35: queue busy, throttled building_robot_factory
[2026-05-12 08:03:33] ==== loop 162/∞ | seed=976442493160730012 archetype=opportunist personality=minero focus=tech actions_per_loop=3 ====
[08:03:33] planet 35: queue busy, throttled building_robot_factory
[08:03:33] planet 35: queue busy, throttled building_robot_factory
[08:03:33] planet 35: queue busy, throttled building_robot_factory
[08:03:33] research: blocked research_intergalactic_research_network (research_computer_technology 6/8)
[2026-05-12 08:03:50] ==== loop 163/∞ | seed=976442493160730012 archetype=opportunist personality=minero focus=tech actions_per_loop=3 ====
[08:03:50] planet 35: queue busy, throttled building_robot_factory
[08:03:50] planet 35: queue busy, throttled building_robot_factory
[08:03:50] planet 35: queue busy, throttled building_robot_factory
[2026-05-12 08:04:11] ==== loop 164/∞ | seed=976442493160730012 archetype=opportunist personality=minero focus=tech actions_per_loop=3 ====
[08:04:11] planet 35: queue busy, throttled building_robot_factory
[08:04:11] planet 35: queue busy, throttled building_robot_factory
[08:04:11] planet 35: queue busy, throttled building_robot_factory
[08:04:11] research: blocked research_intergalactic_research_network (research_computer_technology 6/8)
[2026-05-12 08:04:30] ==== loop 165/∞ | seed=976442493160730012 archetype=opportunist personality=minero focus=tech actions_per_loop=3 ====
[08:04:30] planet 35: queue busy, throttled building_robot_factory
[08:04:30] planet 35: queue busy, throttled building_robot_factory
[08:04:30] planet 35: queue busy, throttled building_robot_factory
[08:04:30] research: blocked research_intergalactic_research_network (research_computer_technology 6/8)
[2026-05-12 08:04:51] ==== loop 166/∞ | seed=976442493160730012 archetype=opportunist personality=minero focus=tech actions_per_loop=3 ====
[08:04:51] planet 35: queue busy, throttled building_robot_factory
[08:04:51] planet 35: queue busy, throttled building_robot_factory
[08:04:51] planet 35: queue busy, throttled building_robot_factory
[08:04:51] research: blocked research_intergalactic_research_network (research_computer_technology 6/8)
[2026-05-12 08:05:15] ==== loop 167/∞ | seed=976442493160730012 archetype=opportunist personality=minero focus=tech actions_per_loop=3 ====
[08:05:15] planet 35: queue busy, throttled building_robot_factory
[08:05:15] planet 35: queue busy, throttled building_robot_factory
[08:05:15] planet 35: queue busy, throttled building_robot_factory
[2026-05-12 08:05:36] ==== loop 168/∞ | seed=976442493160730012 archetype=opportunist personality=minero focus=tech actions_per_loop=3 ====
[08:05:36] planet 35: queue busy, throttled building_robot_factory
[08:05:36] planet 35: queue busy, throttled building_robot_factory
[08:05:36] planet 35: queue busy, throttled building_robot_factory
[08:05:36] research: blocked research_intergalactic_research_network (research_computer_technology 6/8)
[2026-05-12 08:05:57] ==== loop 169/∞ | seed=976442493160730012 archetype=opportunist personality=minero focus=tech actions_per_loop=3 ====
[08:05:57] planet 35: queue busy, throttled building_robot_factory
[08:05:57] planet 35: queue busy, throttled building_robot_factory
[08:05:57] planet 35: queue busy, throttled building_robot_factory
[08:05:57] research: blocked research_intergalactic_research_network (research_computer_technology 6/8)
[2026-05-12 08:06:16] ==== loop 170/∞ | seed=976442493160730012 archetype=opportunist personality=minero focus=tech actions_per_loop=3 ====
[08:06:16] planet 35: queue busy, throttled building_robot_factory
[08:06:16] planet 35: queue busy, throttled building_robot_factory
[08:06:16] planet 35: queue busy, throttled building_robot_factory
[08:06:16] research: blocked research_intergalactic_research_network (research_computer_technology 6/8)
[2026-05-12 08:06:37] ==== loop 171/∞ | seed=976442493160730012 archetype=opportunist personality=minero focus=tech actions_per_loop=3 ====
[08:06:37] planet 35: queue busy, throttled building_robot_factory
[08:06:37] planet 35: queue busy, throttled building_robot_factory
[08:06:37] planet 35: queue busy, throttled building_robot_factory
[2026-05-12 08:06:56] ==== loop 172/∞ | seed=976442493160730012 archetype=opportunist personality=minero focus=tech actions_per_loop=3 ====
[08:06:56] planet 35: queue busy, throttled building_robot_factory
[08:06:56] planet 35: queue busy, throttled building_robot_factory
[08:06:56] planet 35: queue busy, throttled building_robot_factory
[08:06:56] attack: spy 1:4:10 probes=4 eta=1s
[08:06:56] attack: spy 1:6:4 probes=4 eta=1s
[08:06:56] attack: spy 1:6:8 probes=4 eta=1s
[08:06:56] attack: spy 1:7:10 probes=4 eta=1s
[2026-05-12 08:07:18] ==== loop 173/∞ | seed=976442493160730012 archetype=opportunist personality=minero focus=tech actions_per_loop=3 ====
[08:07:18] planet 35: queue busy, throttled building_robot_factory
[08:07:18] planet 35: queue busy, throttled building_robot_factory
[08:07:18] planet 35: queue busy, throttled building_robot_factory
[08:07:18] attack: intel 1:4:10 ships=0 defs=2 res=206581786
[08:07:18] attack: intel 1:6:4 ships=705 defs=183 res=188758899
[08:07:18] attack: intel 1:6:8 ships=570 defs=174 res=213210764
[08:07:18] attack: intel 1:7:10 ships=423 defs=210 res=51158568
[08:07:18] attack: spy 1:2:1 probes=4 eta=1s
[08:07:18] attack: spy 1:2:2 probes=4 eta=1s
[08:07:18] attack: spy 1:2:3 probes=4 eta=1s
[08:07:18] attack: spy 1:2:4 probes=4 eta=1s
[08:07:18] research: blocked research_intergalactic_research_network (research_computer_technology 6/8)
[2026-05-12 08:07:37] ==== loop 174/∞ | seed=976442493160730012 archetype=opportunist personality=minero focus=tech actions_per_loop=3 ====
[08:07:38] planet 35: queued building_metal_mine to 32
[08:07:38] attack: intel 1:2:1 ships=5 defs=0 res=6943425279
[08:07:38] attack: intel 1:2:2 ships=5 defs=0 res=6952870655
[08:07:38] attack: intel 1:2:3 ships=10 defs=0 res=6953841360
[08:07:38] attack: intel 1:2:4 ships=0 defs=0 res=6953585793
[08:07:38] attack: spy 1:2:5 probes=4 eta=1s
[08:07:38] attack: spy 1:2:6 probes=4 eta=1s
[08:07:38] attack: spy 1:2:7 probes=4 eta=1s
[08:07:38] attack: spy 1:2:8 probes=4 eta=1s
[08:07:38] research: blocked research_intergalactic_research_network (research_computer_technology 6/8)
[2026-05-12 08:08:00] ==== loop 175/∞ | seed=976442493160730012 archetype=opportunist personality=minero focus=tech actions_per_loop=3 ====
[08:08:00] planet 35: queue busy, throttled building_robot_factory
[08:08:00] planet 35: queue busy, throttled building_robot_factory
[08:08:00] planet 35: queue busy, throttled building_robot_factory
[08:08:00] attack: intel 1:2:5 ships=0 defs=0 res=6820214617
[08:08:00] attack: intel 1:2:6 ships=16 defs=0 res=6944467627
[08:08:00] attack: intel 1:2:7 ships=8 defs=0 res=6939122369
[08:08:00] attack: intel 1:2:8 ships=0 defs=0 res=6794821376
[08:08:00] attack: spy 1:2:9 probes=4 eta=1s
[08:08:00] attack: spy 1:2:10 probes=4 eta=1s
[08:08:00] attack: spy 1:2:11 probes=4 eta=1s
[08:08:00] attack: spy 1:2:12 probes=4 eta=1s
[08:08:00] research: blocked research_intergalactic_research_network (research_computer_technology 6/8)
[2026-05-12 08:08:21] ==== loop 176/∞ | seed=976442493160730012 archetype=opportunist personality=minero focus=tech actions_per_loop=3 ====
[08:08:21] planet 35: queue busy, throttled building_robot_factory
[08:08:21] planet 35: queue busy, throttled building_robot_factory
[08:08:21] planet 35: queue busy, throttled building_robot_factory
[08:08:21] attack: intel 1:2:9 ships=0 defs=0 res=7302615170
[08:08:21] attack: intel 1:2:10 ships=0 defs=0 res=8501212873
[08:08:21] attack: intel 1:2:11 ships=0 defs=0 res=8501488648
[08:08:21] attack: intel 1:2:12 ships=0 defs=0 res=8502539501
[08:08:21] attack: spy 1:2:13 probes=4 eta=1s
[08:08:21] attack: spy 1:2:14 probes=4 eta=1s
[08:08:21] attack: spy 1:2:15 probes=4 eta=1s
[08:08:21] attack: spy 1:3:1 probes=4 eta=1s
[08:08:21] research: blocked research_intergalactic_research_network (research_computer_technology 6/8)
[2026-05-12 08:08:42] ==== loop 177/∞ | seed=976442493160730012 archetype=opportunist personality=minero focus=tech actions_per_loop=3 ====
[08:08:42] planet 35: queue busy, throttled building_robot_factory
[08:08:42] planet 35: queue busy, throttled building_robot_factory
[08:08:42] planet 35: queue busy, throttled building_robot_factory
[08:08:42] attack: intel 1:2:13 ships=0 defs=0 res=6958124654
[08:08:42] attack: intel 1:2:14 ships=0 defs=0 res=7175925270
[08:08:42] attack: intel 1:2:15 ships=0 defs=0 res=7214061272
[08:08:42] attack: intel 1:3:1 ships=0 defs=0 res=7310206346
[08:08:42] attack: spy 1:3:2 probes=4 eta=1s
[08:08:42] attack: spy 1:3:3 probes=4 eta=1s
[08:08:42] attack: spy 1:3:4 probes=4 eta=1s
[08:08:42] attack: spy 1:3:5 probes=4 eta=1s
[08:08:42] research: blocked research_intergalactic_research_network (research_computer_technology 6/8)
[2026-05-12 08:09:05] ==== loop 178/∞ | seed=976442493160730012 archetype=opportunist personality=minero focus=tech actions_per_loop=3 ====
[08:09:05] planet 35: queue busy, throttled building_robot_factory
[08:09:05] planet 35: queue busy, throttled building_robot_factory
[08:09:05] planet 35: queue busy, throttled building_robot_factory
[08:09:05] attack: intel 1:3:2 ships=0 defs=0 res=7306233686
[08:09:05] attack: intel 1:3:3 ships=0 defs=0 res=7304486171
[08:09:05] attack: intel 1:3:4 ships=10 defs=0 res=6953692499
[08:09:05] attack: intel 1:3:5 ships=0 defs=0 res=6822004917
[08:09:05] attack: spy 1:3:11 probes=4 eta=1s
[08:09:05] attack: spy 1:3:12 probes=4 eta=1s
[08:09:05] attack: spy 1:3:13 probes=4 eta=1s
[08:09:05] attack: spy 1:4:3 probes=4 eta=1s
[08:09:05] research: blocked research_intergalactic_research_network (research_computer_technology 6/8)
[2026-05-12 08:09:27] ==== loop 179/∞ | seed=976442493160730012 archetype=opportunist personality=minero focus=tech actions_per_loop=3 ====
[08:09:27] planet 35: queue busy, throttled building_robot_factory
[08:09:27] planet 35: queue busy, throttled building_robot_factory
[08:09:27] planet 35: queue busy, throttled building_robot_factory
[08:09:27] attack: intel 1:3:11 ships=0 defs=0 res=7171595704
[08:09:27] attack: intel 1:3:12 ships=0 defs=16 res=6823363069
[08:09:27] attack: intel 1:3:13 ships=0 defs=0 res=6960951525
[08:09:27] attack: intel 1:4:3 ships=0 defs=0 res=7307924141
[08:09:27] attack: spy 1:3:8 probes=4 eta=1s
[08:09:27] attack: spy 1:4:8 probes=4 eta=1s
[08:09:27] attack: spy 1:6:10 probes=4 eta=1s
[08:09:27] attack: spy 1:7:4 probes=4 eta=1s
[08:09:27] research: blocked research_intergalactic_research_network (research_computer_technology 6/8)
[2026-05-12 08:09:46] ==== loop 180/∞ | seed=976442493160730012 archetype=opportunist personality=minero focus=tech actions_per_loop=3 ====
[08:09:46] planet 35: queue busy, throttled building_robot_factory
[08:09:46] planet 35: queue busy, throttled building_robot_factory
[08:09:46] planet 35: queue busy, throttled building_robot_factory
[08:09:46] attack: intel 1:3:8 ships=24 defs=108 res=57914234
[08:09:46] attack: intel 1:4:8 ships=290 defs=138 res=148572918
[08:09:46] attack: intel 1:6:10 ships=0 defs=0 res=2272552
[08:09:46] attack: intel 1:7:4 ships=6 defs=171 res=48148707
[08:09:46] attack: spy 1:7:8 probes=4 eta=1s
[08:09:46] attack: spy 1:3:9 probes=4 eta=1s
[08:09:46] attack: spy 1:7:12 probes=4 eta=1s
[08:09:46] attack: spy 1:8:4 probes=4 eta=1s
[2026-05-12 08:10:07] ==== loop 181/∞ | seed=976442493160730012 archetype=opportunist personality=minero focus=tech actions_per_loop=3 ====
[08:10:08] planet 35: queue busy, throttled building_robot_factory
[08:10:08] planet 35: queue busy, throttled building_robot_factory
[08:10:08] planet 35: queue busy, throttled building_robot_factory
[08:10:08] attack: intel 1:7:8 ships=22 defs=136 res=53136477
[08:10:08] attack: intel 1:3:9 ships=1000 defs=2100 res=188620116
[08:10:08] attack: intel 1:7:12 ships=1034 defs=1676 res=20155318
[08:10:08] attack: intel 1:8:4 ships=5 defs=0 res=516690
[08:10:08] attack: spy 1:8:6 probes=4 eta=1s
[08:10:08] attack: spy 1:8:8 probes=4 eta=1s
[08:10:08] attack: spy 1:8:10 probes=4 eta=1s
[2026-05-12 08:10:32] ==== loop 182/∞ | seed=976442493160730012 archetype=opportunist personality=minero focus=tech actions_per_loop=3 ====
[08:10:32] planet 35: queue busy, throttled building_robot_factory
[08:10:32] planet 35: queue busy, throttled building_robot_factory
[08:10:32] planet 35: queue busy, throttled building_robot_factory
[08:10:32] attack: intel 1:8:6 ships=0 defs=0 res=226184
[08:10:32] attack: intel 1:8:8 ships=12 defs=0 res=739651
[08:10:32] attack: intel 1:8:10 ships=0 defs=0 res=472797
[08:10:32] attack: spy 1:8:12 probes=4 eta=1s
[08:10:32] research: blocked research_intergalactic_research_network (research_computer_technology 6/8)
[2026-05-12 08:10:55] ==== loop 183/∞ | seed=976442493160730012 archetype=opportunist personality=minero focus=tech actions_per_loop=3 ====
[08:10:55] planet 35: queue busy, throttled building_robot_factory
[08:10:55] planet 35: queue busy, throttled building_robot_factory
[08:10:55] planet 35: queue busy, throttled building_robot_factory
[08:10:55] attack: intel 1:8:12 ships=0 defs=0 res=482124
[08:10:55] research: blocked research_intergalactic_research_network (research_computer_technology 6/8)
[2026-05-12 08:11:18] ==== loop 184/∞ | seed=976442493160730012 archetype=opportunist personality=minero focus=tech actions_per_loop=3 ====
[08:11:18] planet 35: queue busy, throttled building_robot_factory
[08:11:18] planet 35: queue busy, throttled building_robot_factory
[08:11:18] planet 35: queue busy, throttled building_robot_factory
[08:11:18] research: blocked research_intergalactic_research_network (research_computer_technology 6/8)
[2026-05-12 08:11:40] ==== loop 185/∞ | seed=976442493160730012 archetype=opportunist personality=minero focus=tech actions_per_loop=3 ====
[08:11:40] planet 35: queue busy, throttled building_robot_factory
[08:11:40] planet 35: queue busy, throttled building_robot_factory
[2026-05-12 08:12:00] ==== loop 186/∞ | seed=976442493160730012 archetype=opportunist personality=minero focus=tech actions_per_loop=3 ====
[08:12:00] planet 35: queue busy, throttled building_robot_factory
[08:12:00] planet 35: queue busy, throttled building_robot_factory
[08:12:00] planet 35: queue busy, throttled building_robot_factory
[08:12:00] research: blocked research_intergalactic_research_network (research_computer_technology 6/8)
[2026-05-12 08:12:22] ==== loop 187/∞ | seed=976442493160730012 archetype=opportunist personality=minero focus=tech actions_per_loop=3 ====
[08:12:22] planet 35: queue busy, throttled building_robot_factory
[08:12:22] planet 35: queue busy, throttled building_robot_factory
[08:12:22] planet 35: queue busy, throttled building_robot_factory
[08:12:22] research: blocked research_intergalactic_research_network (research_computer_technology 6/8)
[2026-05-12 08:12:43] ==== loop 188/∞ | seed=976442493160730012 archetype=opportunist personality=minero focus=tech actions_per_loop=3 ====
[08:12:43] planet 35: queue busy, throttled building_robot_factory
[08:12:43] planet 35: queue busy, throttled building_robot_factory
[08:12:43] planet 35: queue busy, throttled building_robot_factory
[08:12:43] research: blocked research_intergalactic_research_network (research_computer_technology 6/8)
[2026-05-12 08:13:07] ==== loop 189/∞ | seed=976442493160730012 archetype=opportunist personality=minero focus=tech actions_per_loop=3 ====
[08:13:07] planet 35: queue busy, throttled building_robot_factory
[08:13:07] planet 35: queue busy, throttled building_robot_factory
[08:13:07] planet 35: queue busy, throttled building_robot_factory
[08:13:07] research: blocked research_intergalactic_research_network (research_computer_technology 6/8)
[2026-05-12 08:13:28] ==== loop 190/∞ | seed=976442493160730012 archetype=opportunist personality=minero focus=tech actions_per_loop=3 ====
[08:13:28] planet 35: queue busy, throttled building_robot_factory
[08:13:28] planet 35: queue busy, throttled building_robot_factory
[08:13:28] planet 35: queue busy, throttled building_robot_factory
[2026-05-12 08:13:51] ==== loop 191/∞ | seed=976442493160730012 archetype=opportunist personality=minero focus=tech actions_per_loop=3 ====
[08:13:51] planet 35: queue busy, throttled building_robot_factory
[08:13:51] planet 35: queue busy, throttled building_robot_factory
[08:13:51] planet 35: queue busy, throttled building_robot_factory
[2026-05-12 08:14:14] ==== loop 192/∞ | seed=976442493160730012 archetype=opportunist personality=minero focus=tech actions_per_loop=3 ====
[08:14:14] planet 35: queue busy, throttled building_robot_factory
[08:14:14] planet 35: queue busy, throttled building_robot_factory
[08:14:14] research: blocked research_intergalactic_research_network (research_computer_technology 6/8)
[2026-05-12 08:14:34] ==== loop 193/∞ | seed=976442493160730012 archetype=opportunist personality=minero focus=tech actions_per_loop=3 ====
[08:14:34] planet 35: queue busy, throttled building_robot_factory
[08:14:34] planet 35: queue busy, throttled building_robot_factory
[08:14:34] planet 35: queue busy, throttled building_robot_factory
[08:14:34] research: blocked research_intergalactic_research_network (research_computer_technology 6/8)
[2026-05-12 08:14:56] ==== loop 194/∞ | seed=976442493160730012 archetype=opportunist personality=minero focus=tech actions_per_loop=3 ====
[08:14:56] planet 35: queue busy, throttled building_robot_factory
[08:14:56] planet 35: queue busy, throttled building_robot_factory
[08:14:56] planet 35: queue busy, throttled building_robot_factory
[2026-05-12 08:15:20] ==== loop 195/∞ | seed=976442493160730012 archetype=opportunist personality=minero focus=tech actions_per_loop=3 ====
[08:15:20] planet 35: queue busy, throttled building_robot_factory
[08:15:20] planet 35: queue busy, throttled building_robot_factory
[08:15:20] planet 35: queue busy, throttled building_robot_factory
[08:15:20] research: blocked research_intergalactic_research_network (research_computer_technology 6/8)
[2026-05-12 08:15:42] ==== loop 196/∞ | seed=976442493160730012 archetype=opportunist personality=minero focus=tech actions_per_loop=3 ====
[08:15:42] planet 35: queue busy, throttled building_robot_factory
[08:15:42] planet 35: queue busy, throttled building_robot_factory
[08:15:42] planet 35: queue busy, throttled building_robot_factory
[2026-05-12 08:16:06] ==== loop 197/∞ | seed=976442493160730012 archetype=opportunist personality=minero focus=tech actions_per_loop=3 ====
[08:16:06] planet 35: queue busy, throttled building_robot_factory
[08:16:06] planet 35: queue busy, throttled building_robot_factory
[08:16:06] planet 35: queue busy, throttled building_robot_factory
[2026-05-12 08:16:28] ==== loop 198/∞ | seed=976442493160730012 archetype=opportunist personality=minero focus=tech actions_per_loop=3 ====
[08:16:28] planet 35: queue busy, throttled building_robot_factory
[08:16:28] planet 35: queue busy, throttled building_robot_factory
[08:16:28] research: blocked research_intergalactic_research_network (research_computer_technology 6/8)
[2026-05-12 08:16:49] ==== loop 199/∞ | seed=976442493160730012 archetype=opportunist personality=minero focus=tech actions_per_loop=3 ====
[08:16:49] planet 35: queue busy, throttled building_robot_factory
[08:16:49] planet 35: queue busy, throttled building_robot_factory
[08:16:49] planet 35: queue busy, throttled building_robot_factory
[2026-05-12 08:17:11] ==== loop 200/∞ | seed=976442493160730012 archetype=opportunist personality=minero focus=tech actions_per_loop=3 ====
[08:17:11] planet 35: queue busy, throttled building_robot_factory
[08:17:11] planet 35: queue busy, throttled building_robot_factory
[08:17:11] attack: spy 1:4:10 probes=4 eta=1s
[08:17:11] attack: spy 1:6:4 probes=4 eta=1s
[08:17:11] attack: spy 1:6:8 probes=4 eta=1s
[2026-05-12 08:17:35] ==== loop 201/∞ | seed=976442493160730012 archetype=opportunist personality=minero focus=tech actions_per_loop=3 ====
[08:17:35] planet 35: queue busy, throttled building_robot_factory
[08:17:35] planet 35: queue busy, throttled building_robot_factory
[08:17:35] planet 35: queue busy, throttled building_robot_factory
[08:17:35] attack: intel 1:4:10 ships=0 defs=2 res=206956746
[08:17:35] attack: intel 1:6:4 ships=705 defs=183 res=189455983
[08:17:35] attack: intel 1:6:8 ships=570 defs=174 res=213942433
[2026-05-12 08:17:55] ==== loop 202/∞ | seed=976442493160730012 archetype=opportunist personality=minero focus=tech actions_per_loop=3 ====
[08:17:55] planet 35: queue busy, throttled building_robot_factory
[08:17:55] planet 35: queue busy, throttled building_robot_factory
[08:17:55] planet 35: queue busy, throttled building_robot_factory
[08:17:55] research: blocked research_intergalactic_research_network (research_computer_technology 6/8)
[2026-05-12 08:18:20] ==== loop 203/∞ | seed=976442493160730012 archetype=opportunist personality=minero focus=tech actions_per_loop=3 ====
[08:18:20] planet 35: queue busy, throttled building_robot_factory
[08:18:20] planet 35: queue busy, throttled building_robot_factory
[08:18:20] planet 35: queue busy, throttled building_robot_factory
[08:18:20] research: blocked research_intergalactic_research_network (research_computer_technology 6/8)
[2026-05-12 08:18:41] ==== loop 204/∞ | seed=976442493160730012 archetype=opportunist personality=minero focus=tech actions_per_loop=3 ====
[08:18:41] planet 35: queue busy, throttled building_robot_factory
[08:18:41] planet 35: queue busy, throttled building_robot_factory
[08:18:41] planet 35: queue busy, throttled building_robot_factory
[08:18:41] research: blocked research_intergalactic_research_network (research_computer_technology 6/8)
[2026-05-12 08:19:06] ==== loop 205/∞ | seed=976442493160730012 archetype=opportunist personality=minero focus=tech actions_per_loop=3 ====
[08:19:06] planet 35: queue busy, throttled building_robot_factory
[08:19:06] planet 35: queue busy, throttled building_robot_factory
[08:19:06] planet 35: queue busy, throttled building_robot_factory
[08:19:06] research: blocked research_intergalactic_research_network (research_computer_technology 6/8)
[2026-05-12 08:19:28] ==== loop 206/∞ | seed=976442493160730012 archetype=opportunist personality=minero focus=tech actions_per_loop=3 ====
[08:19:28] planet 35: queue busy, throttled building_robot_factory
[08:19:28] planet 35: queue busy, throttled building_robot_factory
[08:19:28] planet 35: queue busy, throttled building_robot_factory
[08:19:28] attack: spy 1:7:10 probes=4 eta=1s
[08:19:28] attack: spy 1:2:1 probes=4 eta=1s
[2026-05-12 08:19:46] ==== loop 207/∞ | seed=976442493160730012 archetype=opportunist personality=minero focus=tech actions_per_loop=3 ====
[08:19:46] planet 35: queue busy, throttled building_robot_factory
[08:19:46] planet 35: queue busy, throttled building_robot_factory
[08:19:46] planet 35: queue busy, throttled building_robot_factory
[08:19:46] attack: intel 1:7:10 ships=423 defs=210 res=51538671
[08:19:46] attack: intel 1:2:1 ships=5 defs=0 res=6956768915
[08:19:46] attack: spy 1:2:2 probes=4 eta=1s
[08:19:46] attack: spy 1:2:3 probes=4 eta=1s
[2026-05-12 08:20:08] ==== loop 208/∞ | seed=976442493160730012 archetype=opportunist personality=minero focus=tech actions_per_loop=3 ====
[08:20:08] planet 35: queue busy, throttled building_robot_factory
[08:20:08] planet 35: queue busy, throttled building_robot_factory
[08:20:08] planet 35: queue busy, throttled building_robot_factory
[08:20:08] attack: intel 1:2:2 ships=5 defs=0 res=6965716277
[08:20:08] attack: intel 1:2:3 ships=10 defs=0 res=6966686983
[08:20:08] attack: spy 1:2:4 probes=4 eta=1s
[08:20:08] attack: spy 1:2:5 probes=4 eta=1s
[08:20:08] research: blocked research_intergalactic_research_network (research_computer_technology 6/8)
[2026-05-12 08:20:30] ==== loop 209/∞ | seed=976442493160730012 archetype=opportunist personality=minero focus=tech actions_per_loop=3 ====
[08:20:30] planet 35: queue busy, throttled building_robot_factory
[08:20:30] planet 35: queue busy, throttled building_robot_factory
[08:20:30] planet 35: queue busy, throttled building_robot_factory
[08:20:30] attack: intel 1:2:4 ships=0 defs=0 res=6966774423
[08:20:30] attack: intel 1:2:5 ships=0 defs=0 res=6832905886
[08:20:30] attack: spy 1:2:6 probes=4 eta=1s
[08:20:30] attack: spy 1:2:7 probes=4 eta=1s
[08:20:30] research: blocked research_intergalactic_research_network (research_computer_technology 6/8)
[2026-05-12 08:20:52] ==== loop 210/∞ | seed=976442493160730012 archetype=opportunist personality=minero focus=tech actions_per_loop=3 ====
[08:20:52] planet 35: queue busy, throttled building_robot_factory
[08:20:52] planet 35: queue busy, throttled building_robot_factory
[08:20:52] planet 35: queue busy, throttled building_robot_factory
[08:20:52] attack: intel 1:2:6 ships=16 defs=0 res=6957536204
[08:20:52] attack: intel 1:2:7 ships=8 defs=0 res=6952190947
[08:20:52] attack: spy 1:2:8 probes=4 eta=1s
[08:20:52] attack: spy 1:2:9 probes=4 eta=1s
[2026-05-12 08:21:14] ==== loop 211/∞ | seed=976442493160730012 archetype=opportunist personality=minero focus=tech actions_per_loop=3 ====
[08:21:14] planet 35: queue busy, throttled building_robot_factory
[08:21:14] planet 35: queue busy, throttled building_robot_factory
[08:21:14] planet 35: queue busy, throttled building_robot_factory
[08:21:14] attack: intel 1:2:8 ships=0 defs=0 res=6808301562
[08:21:14] attack: intel 1:2:9 ships=0 defs=0 res=7315872402
[08:21:14] attack: spy 1:2:10 probes=4 eta=1s
[08:21:14] attack: spy 1:2:11 probes=4 eta=1s
[2026-05-12 08:21:35] ==== loop 212/∞ | seed=976442493160730012 archetype=opportunist personality=minero focus=tech actions_per_loop=3 ====
[08:21:35] planet 35: queue busy, throttled building_robot_factory
[08:21:35] planet 35: queue busy, throttled building_robot_factory
[08:21:35] planet 35: queue busy, throttled building_robot_factory
[08:21:35] attack: intel 1:2:10 ships=0 defs=0 res=8514864564
[08:21:35] attack: intel 1:2:11 ships=0 defs=0 res=8515140338
[08:21:35] attack: spy 1:2:12 probes=4 eta=1s
[08:21:35] attack: spy 1:2:13 probes=4 eta=1s
[08:21:35] research: blocked research_intergalactic_research_network (research_computer_technology 6/8)
[2026-05-12 08:21:58] ==== loop 213/∞ | seed=976442493160730012 archetype=opportunist personality=minero focus=tech actions_per_loop=3 ====
[08:21:58] planet 35: queue busy, throttled building_robot_factory
[08:21:58] planet 35: queue busy, throttled building_robot_factory
[08:21:58] planet 35: queue busy, throttled building_robot_factory
[08:21:58] attack: intel 1:2:12 ships=0 defs=0 res=8516517048
[08:21:58] attack: intel 1:2:13 ships=0 defs=0 res=6971742043
[08:21:58] attack: spy 1:2:14 probes=4 eta=1s
[08:21:58] attack: spy 1:2:15 probes=4 eta=1s
[2026-05-12 08:22:19] ==== loop 214/∞ | seed=976442493160730012 archetype=opportunist personality=minero focus=tech actions_per_loop=3 ====
[08:22:19] planet 35: queue busy, throttled building_robot_factory
[08:22:19] planet 35: queue busy, throttled building_robot_factory
[08:22:19] planet 35: queue busy, throttled building_robot_factory
[08:22:19] attack: intel 1:2:14 ships=0 defs=0 res=7189937118
[08:22:19] attack: intel 1:2:15 ships=0 defs=0 res=7228073119
[08:22:19] attack: spy 1:3:1 probes=4 eta=1s
[08:22:19] attack: spy 1:3:2 probes=4 eta=1s
[08:22:19] research: blocked research_intergalactic_research_network (research_computer_technology 6/8)
[2026-05-12 08:22:39] ==== loop 215/∞ | seed=976442493160730012 archetype=opportunist personality=minero focus=tech actions_per_loop=3 ====
[08:22:40] planet 35: queue busy, throttled building_robot_factory
[08:22:40] planet 35: queue busy, throttled building_robot_factory
[08:22:40] planet 35: queue busy, throttled building_robot_factory
[08:22:40] attack: intel 1:3:1 ships=0 defs=0 res=7324595502
[08:22:40] attack: intel 1:3:2 ships=0 defs=0 res=7320262684
[08:22:40] attack: spy 1:3:3 probes=4 eta=1s
[08:22:40] attack: spy 1:3:4 probes=4 eta=1s
[08:22:40] research: blocked research_intergalactic_research_network (research_computer_technology 6/8)
[2026-05-12 08:23:00] ==== loop 216/∞ | seed=976442493160730012 archetype=opportunist personality=minero focus=tech actions_per_loop=3 ====
[08:23:00] planet 35: queue busy, throttled building_robot_factory
[08:23:00] planet 35: queue busy, throttled building_robot_factory
[08:23:00] planet 35: queue busy, throttled building_robot_factory
[08:23:00] attack: intel 1:3:3 ships=0 defs=0 res=7318892477
[08:23:00] attack: intel 1:3:4 ships=10 defs=0 res=6968098805
[08:23:00] attack: spy 1:3:5 probes=4 eta=1s
[08:23:00] attack: spy 1:3:11 probes=4 eta=1s
[2026-05-12 08:23:26] ==== loop 217/∞ | seed=976442493160730012 archetype=opportunist personality=minero focus=tech actions_per_loop=3 ====
[08:23:26] planet 35: queue busy, throttled building_robot_factory
[08:23:26] planet 35: queue busy, throttled building_robot_factory
[08:23:26] planet 35: queue busy, throttled building_robot_factory
[08:23:26] attack: intel 1:3:5 ships=0 defs=0 res=6836737079
[08:23:26] attack: intel 1:3:11 ships=0 defs=0 res=7185950559
[08:23:26] attack: spy 1:3:12 probes=4 eta=1s
[08:23:26] attack: spy 1:3:13 probes=4 eta=1s
[08:23:26] research: blocked research_intergalactic_research_network (research_computer_technology 6/8)
[2026-05-12 08:23:50] ==== loop 218/∞ | seed=976442493160730012 archetype=opportunist personality=minero focus=tech actions_per_loop=3 ====
[08:23:50] planet 35: queue busy, throttled building_robot_factory
[08:23:50] planet 35: queue busy, throttled building_robot_factory
[08:23:50] planet 35: queue busy, throttled building_robot_factory
[08:23:50] attack: intel 1:3:12 ships=0 defs=16 res=6838129532
[08:23:50] attack: intel 1:3:13 ships=0 defs=0 res=6975717990
[08:23:50] attack: spy 1:4:3 probes=4 eta=1s
[08:23:50] attack: spy 1:3:8 probes=4 eta=1s
[08:23:50] research: blocked research_intergalactic_research_network (research_computer_technology 6/8)
[2026-05-12 08:24:14] ==== loop 219/∞ | seed=976442493160730012 archetype=opportunist personality=minero focus=tech actions_per_loop=3 ====
[08:24:14] planet 35: queue busy, throttled building_robot_factory
[08:24:14] planet 35: queue busy, throttled building_robot_factory
[08:24:14] planet 35: queue busy, throttled building_robot_factory
[08:24:14] attack: intel 1:4:3 ships=0 defs=0 res=7313352214
[08:24:14] attack: intel 1:3:8 ships=24 defs=274 res=56953059
[08:24:14] attack: spy 1:4:8 probes=4 eta=1s
[08:24:14] attack: spy 1:6:10 probes=4 eta=1s
[08:24:14] research: blocked research_intergalactic_research_network (research_computer_technology 6/8)
[2026-05-12 08:24:40] ==== loop 220/∞ | seed=976442493160730012 archetype=opportunist personality=minero focus=tech actions_per_loop=3 ====
[08:24:40] planet 35: queue busy, throttled building_robot_factory
[08:24:40] planet 35: queue busy, throttled building_robot_factory
[08:24:40] planet 35: queue busy, throttled building_robot_factory
[08:24:40] attack: intel 1:4:8 ships=290 defs=138 res=111064587
[08:24:40] attack: intel 1:6:10 ships=0 defs=0 res=2277480
[08:24:40] attack: spy 1:7:4 probes=4 eta=1s
[08:24:40] research: blocked research_intergalactic_research_network (research_computer_technology 6/8)
[2026-05-12 08:25:05] ==== loop 221/∞ | seed=976442493160730012 archetype=opportunist personality=minero focus=tech actions_per_loop=3 ====
[08:25:05] planet 35: queue busy, throttled building_robot_factory
[08:25:05] planet 35: queue busy, throttled building_robot_factory
[08:25:05] planet 35: queue busy, throttled building_robot_factory
[08:25:05] attack: intel 1:7:4 ships=6 defs=171 res=48561605
[08:25:05] attack: spy 1:7:8 probes=4 eta=1s
[08:25:05] research: blocked research_intergalactic_research_network (research_computer_technology 6/8)
[2026-05-12 08:25:29] ==== loop 222/∞ | seed=976442493160730012 archetype=opportunist personality=minero focus=tech actions_per_loop=3 ====
[08:25:29] planet 35: queue busy, throttled building_robot_factory
[08:25:29] planet 35: queue busy, throttled building_robot_factory
[08:25:29] planet 35: queue busy, throttled building_robot_factory
[08:25:29] attack: intel 1:7:8 ships=22 defs=136 res=53649155
[2026-05-12 08:25:56] ==== loop 223/∞ | seed=976442493160730012 archetype=opportunist personality=minero focus=tech actions_per_loop=3 ====
[08:25:56] planet 35: queue busy, throttled building_robot_factory
[08:25:56] planet 35: queue busy, throttled building_robot_factory
[08:25:56] research: blocked research_intergalactic_research_network (research_computer_technology 6/8)
[2026-05-12 08:26:23] ==== loop 224/∞ | seed=976442493160730012 archetype=opportunist personality=minero focus=tech actions_per_loop=3 ====
[08:26:23] planet 35: queue busy, throttled building_robot_factory
[08:26:23] planet 35: queue busy, throttled building_robot_factory
[08:26:23] planet 35: queue busy, throttled building_robot_factory
[08:26:23] research: blocked research_intergalactic_research_network (research_computer_technology 6/8)
[2026-05-12 08:26:47] ==== loop 225/∞ | seed=976442493160730012 archetype=opportunist personality=minero focus=tech actions_per_loop=3 ====
[08:26:47] planet 35: queue busy, throttled building_robot_factory
[08:26:47] planet 35: queue busy, throttled building_robot_factory
[08:26:47] planet 35: queue busy, throttled building_robot_factory
[08:26:47] research: blocked research_intergalactic_research_network (research_computer_technology 6/8)
[2026-05-12 08:27:14] ==== loop 226/∞ | seed=976442493160730012 archetype=opportunist personality=minero focus=tech actions_per_loop=3 ====
[08:27:14] planet 35: queue busy, throttled building_robot_factory
[08:27:14] planet 35: queue busy, throttled building_robot_factory
[08:27:14] planet 35: queue busy, throttled building_robot_factory
[2026-05-12 08:27:41] ==== loop 227/∞ | seed=976442493160730012 archetype=opportunist personality=minero focus=tech actions_per_loop=3 ====
[08:27:41] planet 35: queue busy, throttled building_robot_factory
[08:27:41] planet 35: queue busy, throttled building_robot_factory
[08:27:41] planet 35: queue busy, throttled building_robot_factory
[08:27:41] research: blocked research_intergalactic_research_network (research_computer_technology 6/8)
[2026-05-12 08:28:11] ==== loop 228/∞ | seed=976442493160730012 archetype=opportunist personality=minero focus=tech actions_per_loop=3 ====
[08:28:11] planet 35: queue busy, throttled building_robot_factory
[08:28:11] planet 35: queue busy, throttled building_robot_factory
[08:28:11] planet 35: queue busy, throttled building_robot_factory
[2026-05-12 08:28:35] ==== loop 229/∞ | seed=976442493160730012 archetype=opportunist personality=minero focus=tech actions_per_loop=3 ====
[08:28:35] planet 35: queue busy, throttled building_robot_factory
[08:28:35] planet 35: queue busy, throttled building_robot_factory
[08:28:35] research: blocked research_intergalactic_research_network (research_computer_technology 6/8)
[2026-05-12 08:28:57] ==== loop 230/∞ | seed=976442493160730012 archetype=opportunist personality=minero focus=tech actions_per_loop=3 ====
[08:28:57] planet 35: queue busy, throttled building_robot_factory
[08:28:57] planet 35: queue busy, throttled building_robot_factory
[08:28:57] planet 35: queue busy, throttled building_robot_factory
[2026-05-12 08:29:24] ==== loop 231/∞ | seed=976442493160730012 archetype=opportunist personality=minero focus=tech actions_per_loop=3 ====
[08:29:24] planet 35: queue busy, throttled building_robot_factory
[08:29:24] planet 35: queue busy, throttled building_robot_factory
[08:29:24] planet 35: queue busy, throttled building_robot_factory
[08:29:24] attack: spy 1:4:10 probes=4 eta=1s
[08:29:24] research: blocked research_intergalactic_research_network (research_computer_technology 6/8)
[2026-05-12 08:29:48] ==== loop 232/∞ | seed=976442493160730012 archetype=opportunist personality=minero focus=tech actions_per_loop=3 ====
[08:29:48] planet 35: queue busy, throttled building_robot_factory
[08:29:48] planet 35: queue busy, throttled building_robot_factory
[08:29:48] planet 35: queue busy, throttled building_robot_factory
[08:29:48] attack: intel 1:4:10 ships=0 defs=2 res=207402543
[08:29:48] research: blocked research_intergalactic_research_network (research_computer_technology 6/8)
[2026-05-12 08:30:16] ==== loop 233/∞ | seed=976442493160730012 archetype=opportunist personality=minero focus=tech actions_per_loop=3 ====
[08:30:16] planet 35: queue busy, throttled building_robot_factory
[08:30:16] planet 35: queue busy, throttled building_robot_factory
[08:30:16] planet 35: queue busy, throttled building_robot_factory
[08:30:16] attack: spy 1:6:4 probes=4 eta=1s
[2026-05-12 08:30:42] ==== loop 234/∞ | seed=976442493160730012 archetype=opportunist personality=minero focus=tech actions_per_loop=3 ====
[08:30:42] planet 35: queue busy, throttled building_robot_factory
[08:30:42] planet 35: queue busy, throttled building_robot_factory
[08:30:42] planet 35: queue busy, throttled building_robot_factory
[08:30:42] attack: intel 1:6:4 ships=705 defs=183 res=190348093
[08:30:42] attack: spy 1:6:8 probes=4 eta=1s
[08:30:42] research: blocked research_intergalactic_research_network (research_computer_technology 6/8)
[2026-05-12 08:31:08] ==== loop 235/∞ | seed=976442493160730012 archetype=opportunist personality=minero focus=tech actions_per_loop=3 ====
[08:31:08] planet 35: queue busy, throttled building_robot_factory
[08:31:08] planet 35: queue busy, throttled building_robot_factory
[08:31:08] attack: intel 1:6:8 ships=570 defs=174 res=214910099
[08:31:08] attack: spy 1:7:10 probes=4 eta=1s
[08:31:08] research: blocked research_intergalactic_research_network (research_computer_technology 6/8)
[2026-05-12 08:31:29] ==== loop 236/∞ | seed=976442493160730012 archetype=opportunist personality=minero focus=tech actions_per_loop=3 ====
[08:31:29] planet 35: queue busy, throttled building_robot_factory
[08:31:29] planet 35: queue busy, throttled building_robot_factory
[08:31:29] planet 35: queue busy, throttled building_robot_factory
[08:31:29] attack: intel 1:7:10 ships=423 defs=210 res=51884217
[08:31:29] attack: spy 1:2:1 probes=4 eta=1s
[2026-05-12 08:31:50] ==== loop 237/∞ | seed=976442493160730012 archetype=opportunist personality=minero focus=tech actions_per_loop=3 ====
[08:31:50] planet 35: queue busy, throttled building_robot_factory
[08:31:50] planet 35: queue busy, throttled building_robot_factory
[08:31:50] planet 35: queue busy, throttled building_robot_factory
[08:31:50] attack: intel 1:2:1 ships=5 defs=0 res=6969554314
[08:31:50] attack: spy 1:2:2 probes=4 eta=1s
[2026-05-12 08:32:11] ==== loop 238/∞ | seed=976442493160730012 archetype=opportunist personality=minero focus=tech actions_per_loop=3 ====
[08:32:11] planet 35: queue busy, throttled building_robot_factory
[08:32:11] planet 35: queue busy, throttled building_robot_factory
[08:32:11] planet 35: queue busy, throttled building_robot_factory
[08:32:11] attack: intel 1:2:2 ships=5 defs=0 res=6978304644
[08:32:11] attack: spy 1:2:3 probes=4 eta=1s
[2026-05-12 08:32:36] ==== loop 239/∞ | seed=976442493160730012 archetype=opportunist personality=minero focus=tech actions_per_loop=3 ====
[08:32:36] planet 35: queue busy, throttled building_robot_factory
[08:32:36] planet 35: queue busy, throttled building_robot_factory
[08:32:36] planet 35: queue busy, throttled building_robot_factory
[08:32:36] attack: intel 1:2:3 ships=10 defs=0 res=6979532605
[08:32:36] attack: spy 1:2:4 probes=4 eta=1s
[2026-05-12 08:32:58] ==== loop 240/∞ | seed=976442493160730012 archetype=opportunist personality=minero focus=tech actions_per_loop=3 ====
[08:32:58] planet 35: queue busy, throttled building_robot_factory
[08:32:58] planet 35: queue busy, throttled building_robot_factory
[08:32:58] planet 35: queue busy, throttled building_robot_factory
[08:32:58] attack: intel 1:2:4 ships=0 defs=0 res=6979740098
[08:32:58] attack: spy 1:2:5 probes=4 eta=1s
[2026-05-12 08:33:22] ==== loop 241/∞ | seed=976442493160730012 archetype=opportunist personality=minero focus=tech actions_per_loop=3 ====
[08:33:22] planet 35: queue busy, throttled building_robot_factory
[08:33:22] planet 35: queue busy, throttled building_robot_factory
[08:33:22] planet 35: queue busy, throttled building_robot_factory
[08:33:22] attack: intel 1:2:5 ships=0 defs=0 res=6846145968
[08:33:22] attack: spy 1:2:6 probes=4 eta=1s
[08:33:22] research: blocked research_intergalactic_research_network (research_computer_technology 6/8)
[2026-05-12 08:33:41] ==== loop 242/∞ | seed=976442493160730012 archetype=opportunist personality=minero focus=tech actions_per_loop=3 ====
[08:33:41] planet 35: queue busy, throttled building_robot_factory
[08:33:41] planet 35: queue busy, throttled building_robot_factory
[08:33:41] planet 35: queue busy, throttled building_robot_factory
[08:33:41] attack: intel 1:2:6 ships=16 defs=0 res=6970862038
[08:33:41] attack: spy 1:2:7 probes=4 eta=1s
[2026-05-12 08:34:03] ==== loop 243/∞ | seed=976442493160730012 archetype=opportunist personality=minero focus=tech actions_per_loop=3 ====
[08:34:03] planet 35: queue busy, throttled building_robot_factory
[08:34:03] planet 35: queue busy, throttled building_robot_factory
[08:34:03] planet 35: queue busy, throttled building_robot_factory
[08:34:03] attack: intel 1:2:7 ships=8 defs=0 res=6965774036
[08:34:03] attack: spy 1:2:8 probes=4 eta=1s
[08:34:03] research: blocked research_intergalactic_research_network (research_computer_technology 6/8)
[2026-05-12 08:34:25] ==== loop 244/∞ | seed=976442493160730012 archetype=opportunist personality=minero focus=tech actions_per_loop=3 ====
[08:34:25] planet 35: queue busy, throttled building_robot_factory
[08:34:25] planet 35: queue busy, throttled building_robot_factory
[08:34:25] planet 35: queue busy, throttled building_robot_factory
[08:34:25] attack: intel 1:2:8 ships=0 defs=0 res=6821884651
[08:34:25] attack: spy 1:2:9 probes=4 eta=1s
[2026-05-12 08:34:47] ==== loop 245/∞ | seed=976442493160730012 archetype=opportunist personality=minero focus=tech actions_per_loop=3 ====
[08:34:47] planet 35: queue busy, throttled building_robot_factory
[08:34:47] planet 35: queue busy, throttled building_robot_factory
[08:34:47] attack: intel 1:2:9 ships=0 defs=0 res=7329798497
[08:34:47] attack: spy 1:2:10 probes=4 eta=1s
[2026-05-12 08:35:10] ==== loop 246/∞ | seed=976442493160730012 archetype=opportunist personality=minero focus=tech actions_per_loop=3 ====
[08:35:10] planet 35: queue busy, throttled building_robot_factory
[08:35:10] planet 35: queue busy, throttled building_robot_factory
[08:35:10] planet 35: queue busy, throttled building_robot_factory
[08:35:10] attack: intel 1:2:10 ships=0 defs=0 res=8528790659
[08:35:10] attack: spy 1:2:11 probes=4 eta=1s
[2026-05-12 08:35:33] ==== loop 247/∞ | seed=976442493160730012 archetype=opportunist personality=minero focus=tech actions_per_loop=3 ====
[08:35:33] planet 35: queue busy, throttled building_robot_factory
[08:35:33] planet 35: queue busy, throttled building_robot_factory
[08:35:33] planet 35: queue busy, throttled building_robot_factory
[08:35:33] attack: intel 1:2:11 ships=0 defs=0 res=8529495193
[08:35:33] attack: spy 1:2:12 probes=4 eta=1s
[08:35:33] research: blocked research_intergalactic_research_network (research_computer_technology 6/8)
[2026-05-12 08:35:52] ==== loop 248/∞ | seed=976442493160730012 archetype=opportunist personality=minero focus=tech actions_per_loop=3 ====
[08:35:52] planet 35: queue busy, throttled building_robot_factory
[08:35:52] planet 35: queue busy, throttled building_robot_factory
[08:35:52] planet 35: queue busy, throttled building_robot_factory
[08:35:52] attack: intel 1:2:12 ships=0 defs=0 res=8530871903
[08:35:52] attack: spy 1:2:13 probes=4 eta=1s
[08:35:52] research: blocked research_intergalactic_research_network (research_computer_technology 6/8)
[2026-05-12 08:36:14] ==== loop 249/∞ | seed=976442493160730012 archetype=opportunist personality=minero focus=tech actions_per_loop=3 ====
[08:36:14] planet 35: queue busy, throttled building_robot_factory
[08:36:14] planet 35: queue busy, throttled building_robot_factory
[08:36:14] planet 35: queue busy, throttled building_robot_factory
[08:36:14] attack: intel 1:2:13 ships=0 defs=0 res=6986439905
[08:36:14] attack: spy 1:2:14 probes=4 eta=1s
[08:36:14] research: blocked research_intergalactic_research_network (research_computer_technology 6/8)
[2026-05-12 08:36:37] ==== loop 250/∞ | seed=976442493160730012 archetype=opportunist personality=minero focus=tech actions_per_loop=3 ====
[08:36:37] planet 35: queue busy, throttled building_robot_factory
[08:36:37] planet 35: queue busy, throttled building_robot_factory
[08:36:37] attack: intel 1:2:14 ships=0 defs=0 res=7198460849
[08:36:37] research: blocked research_intergalactic_research_network (research_computer_technology 6/8)
[2026-05-12 08:37:02] ==== loop 251/∞ | seed=976442493160730012 archetype=opportunist personality=minero focus=tech actions_per_loop=3 ====
[08:37:02] planet 35: queue busy, throttled building_robot_factory
[08:37:02] planet 35: queue busy, throttled building_robot_factory
[08:37:02] planet 35: queue busy, throttled building_robot_factory
[08:37:02] research: blocked research_intergalactic_research_network (research_computer_technology 6/8)
[2026-05-12 08:37:26] ==== loop 252/∞ | seed=976442493160730012 archetype=opportunist personality=minero focus=tech actions_per_loop=3 ====
[08:37:26] planet 35: queue busy, throttled building_robot_factory
[08:37:26] planet 35: queue busy, throttled building_robot_factory
[08:37:26] planet 35: queue busy, throttled building_robot_factory
[08:37:26] research: blocked research_intergalactic_research_network (research_computer_technology 6/8)
[2026-05-12 08:37:46] ==== loop 253/∞ | seed=976442493160730012 archetype=opportunist personality=minero focus=tech actions_per_loop=3 ====
[08:37:46] planet 35: queue busy, throttled building_robot_factory
[08:37:46] planet 35: queue busy, throttled building_robot_factory
[08:37:46] attack: spy 1:2:15 probes=4 eta=1s
[2026-05-12 08:38:09] ==== loop 254/∞ | seed=976442493160730012 archetype=opportunist personality=minero focus=tech actions_per_loop=3 ====
[08:38:09] planet 35: queue busy, throttled building_robot_factory
[08:38:09] planet 35: queue busy, throttled building_robot_factory
[08:38:09] attack: intel 1:2:15 ships=0 defs=0 res=7244623221
[08:38:09] attack: spy 1:3:1 probes=4 eta=1s
[08:38:09] research: blocked research_intergalactic_research_network (research_computer_technology 6/8)
[2026-05-12 08:38:32] ==== loop 255/∞ | seed=976442493160730012 archetype=opportunist personality=minero focus=tech actions_per_loop=3 ====
[08:38:32] planet 35: queue busy, throttled building_robot_factory
[08:38:32] planet 35: queue busy, throttled building_robot_factory
[08:38:32] attack: intel 1:3:1 ships=0 defs=0 res=7333273586
[08:38:32] research: blocked research_intergalactic_research_network (research_computer_technology 6/8)
[2026-05-12 08:38:55] ==== loop 256/∞ | seed=976442493160730012 archetype=opportunist personality=minero focus=tech actions_per_loop=3 ====
[08:38:55] planet 35: queue busy, throttled building_robot_factory
[08:38:55] planet 35: queue busy, throttled building_robot_factory
[08:38:55] planet 35: queue busy, throttled building_robot_factory
[2026-05-12 08:39:18] ==== loop 257/∞ | seed=976442493160730012 archetype=opportunist personality=minero focus=tech actions_per_loop=3 ====
[08:39:18] planet 35: queue busy, throttled building_robot_factory
[08:39:18] planet 35: queue busy, throttled building_robot_factory
[08:39:18] planet 35: queue busy, throttled building_robot_factory
[08:39:18] research: blocked research_intergalactic_research_network (research_computer_technology 6/8)
[2026-05-12 08:39:40] ==== loop 258/∞ | seed=976442493160730012 archetype=opportunist personality=minero focus=tech actions_per_loop=3 ====
[08:39:40] planet 35: queue busy, throttled building_robot_factory
[08:39:40] planet 35: queue busy, throttled building_robot_factory
[08:39:40] planet 35: queue busy, throttled building_robot_factory
[08:39:40] attack: spy 1:4:10 probes=4 eta=1s
[08:39:40] research: blocked research_intergalactic_research_network (research_computer_technology 6/8)
[2026-05-12 08:40:01] ==== loop 259/∞ | seed=976442493160730012 archetype=opportunist personality=minero focus=tech actions_per_loop=3 ====
[08:40:01] planet 35: queue busy, throttled building_robot_factory
[08:40:01] planet 35: queue busy, throttled building_robot_factory
[08:40:01] planet 35: queue busy, throttled building_robot_factory
[08:40:01] attack: intel 1:4:10 ships=0 defs=2 res=207778220
[08:40:01] research: blocked research_intergalactic_research_network (research_computer_technology 6/8)
[2026-05-12 08:40:22] ==== loop 260/∞ | seed=976442493160730012 archetype=opportunist personality=minero focus=tech actions_per_loop=3 ====
[08:40:22] planet 35: queue busy, throttled building_robot_factory
[08:40:22] planet 35: queue busy, throttled building_robot_factory
[08:40:22] planet 35: queue busy, throttled building_robot_factory
[08:40:22] research: blocked research_intergalactic_research_network (research_computer_technology 6/8)
[2026-05-12 08:40:46] ==== loop 261/∞ | seed=976442493160730012 archetype=opportunist personality=minero focus=tech actions_per_loop=3 ====
[08:40:46] planet 35: queue busy, throttled building_robot_factory
[08:40:46] planet 35: queue busy, throttled building_robot_factory
[08:40:46] planet 35: queue busy, throttled building_robot_factory
[2026-05-12 08:41:05] ==== loop 262/∞ | seed=976442493160730012 archetype=opportunist personality=minero focus=tech actions_per_loop=3 ====
[08:41:05] planet 35: queue busy, throttled building_robot_factory
[08:41:05] planet 35: queue busy, throttled building_robot_factory
[08:41:05] research: blocked research_intergalactic_research_network (research_computer_technology 6/8)
[2026-05-12 08:41:29] ==== loop 263/∞ | seed=976442493160730012 archetype=opportunist personality=minero focus=tech actions_per_loop=3 ====
[08:41:29] planet 35: queue busy, throttled building_robot_factory
[08:41:29] planet 35: queue busy, throttled building_robot_factory
[08:41:29] planet 35: queue busy, throttled building_robot_factory
[2026-05-12 08:41:47] ==== loop 264/∞ | seed=976442493160730012 archetype=opportunist personality=minero focus=tech actions_per_loop=3 ====
[08:41:47] planet 35: queue busy, throttled building_robot_factory
[08:41:47] planet 35: queue busy, throttled building_robot_factory
[2026-05-12 08:42:08] ==== loop 265/∞ | seed=976442493160730012 archetype=opportunist personality=minero focus=tech actions_per_loop=3 ====
[08:42:08] planet 35: queue busy, throttled building_robot_factory
[08:42:08] planet 35: queue busy, throttled building_robot_factory
[08:42:08] planet 35: queue busy, throttled building_robot_factory
[08:42:08] research: blocked research_intergalactic_research_network (research_computer_technology 6/8)
[2026-05-12 08:42:30] ==== loop 266/∞ | seed=976442493160730012 archetype=opportunist personality=minero focus=tech actions_per_loop=3 ====
[08:42:30] planet 35: queue busy, throttled building_robot_factory
[08:42:30] planet 35: queue busy, throttled building_robot_factory
[08:42:30] planet 35: queue busy, throttled building_robot_factory
[2026-05-12 08:42:53] ==== loop 267/∞ | seed=976442493160730012 archetype=opportunist personality=minero focus=tech actions_per_loop=3 ====
[08:42:53] planet 35: queue busy, throttled building_robot_factory
[08:42:53] planet 35: queue busy, throttled building_robot_factory
[08:42:53] planet 35: queue busy, throttled building_robot_factory
[08:42:53] research: blocked research_intergalactic_research_network (research_computer_technology 6/8)
[2026-05-12 08:43:12] ==== loop 268/∞ | seed=976442493160730012 archetype=opportunist personality=minero focus=tech actions_per_loop=3 ====
[08:43:12] planet 35: queue busy, throttled building_robot_factory
[08:43:12] planet 35: queue busy, throttled building_robot_factory
[08:43:12] planet 35: queue busy, throttled building_robot_factory
[08:43:12] attack: spy 1:6:4 probes=4 eta=1s
[08:43:12] research: blocked research_intergalactic_research_network (research_computer_technology 6/8)
[2026-05-12 08:43:31] ==== loop 269/∞ | seed=976442493160730012 archetype=opportunist personality=minero focus=tech actions_per_loop=3 ====
[08:43:31] planet 35: queue busy, throttled building_robot_factory
[08:43:31] planet 35: queue busy, throttled building_robot_factory
[08:43:31] planet 35: queue busy, throttled building_robot_factory
[08:43:31] attack: intel 1:6:4 ships=705 defs=183 res=191223132
[08:43:31] research: blocked research_intergalactic_research_network (research_computer_technology 6/8)
[2026-05-12 08:43:51] ==== loop 270/∞ | seed=976442493160730012 archetype=opportunist personality=minero focus=tech actions_per_loop=3 ====
[08:43:51] planet 35: queue busy, throttled building_robot_factory
[08:43:51] planet 35: queue busy, throttled building_robot_factory
[08:43:51] planet 35: queue busy, throttled building_robot_factory
[08:43:51] attack: spy 1:6:8 probes=4 eta=1s
[08:43:51] research: blocked research_intergalactic_research_network (research_computer_technology 6/8)
[2026-05-12 08:44:11] ==== loop 271/∞ | seed=976442493160730012 archetype=opportunist personality=minero focus=tech actions_per_loop=3 ====
[08:44:11] planet 35: queue busy, throttled building_robot_factory
[08:44:11] planet 35: queue busy, throttled building_robot_factory
[08:44:11] planet 35: queue busy, throttled building_robot_factory
[08:44:11] attack: intel 1:6:8 ships=570 defs=174 res=215851517
[08:44:11] attack: spy 1:7:10 probes=4 eta=1s
[08:44:11] research: blocked research_intergalactic_research_network (research_computer_technology 6/8)
[2026-05-12 08:44:28] ==== loop 272/∞ | seed=976442493160730012 archetype=opportunist personality=minero focus=tech actions_per_loop=3 ====
[08:44:28] planet 35: queue busy, throttled building_robot_factory
[08:44:28] planet 35: queue busy, throttled building_robot_factory
[08:44:28] planet 35: queue busy, throttled building_robot_factory
[08:44:28] attack: intel 1:7:10 ships=423 defs=210 res=52277284
[08:44:28] research: blocked research_intergalactic_research_network (research_computer_technology 6/8)
[2026-05-12 08:44:50] ==== loop 273/∞ | seed=976442493160730012 archetype=opportunist personality=minero focus=tech actions_per_loop=3 ====
[08:44:50] planet 35: queue busy, throttled building_robot_factory
[08:44:50] planet 35: queue busy, throttled building_robot_factory
[08:44:50] planet 35: queue busy, throttled building_robot_factory
[2026-05-12 08:45:10] ==== loop 274/∞ | seed=976442493160730012 archetype=opportunist personality=minero focus=tech actions_per_loop=3 ====
[08:45:10] planet 35: queue busy, throttled building_robot_factory
[08:45:10] planet 35: queue busy, throttled building_robot_factory
[08:45:10] planet 35: queue busy, throttled building_robot_factory
[08:45:10] research: blocked research_intergalactic_research_network (research_computer_technology 6/8)
[2026-05-12 08:45:30] ==== loop 275/∞ | seed=976442493160730012 archetype=opportunist personality=minero focus=tech actions_per_loop=3 ====
[08:45:30] planet 35: queue busy, throttled building_robot_factory
[08:45:30] planet 35: queue busy, throttled building_robot_factory
[08:45:30] planet 35: queue busy, throttled building_robot_factory
[08:45:30] research: blocked research_intergalactic_research_network (research_computer_technology 6/8)
[2026-05-12 08:45:51] ==== loop 276/∞ | seed=976442493160730012 archetype=opportunist personality=minero focus=tech actions_per_loop=3 ====
[08:45:51] planet 35: queue busy, throttled building_robot_factory
[08:45:51] planet 35: queue busy, throttled building_robot_factory
[08:45:51] research: blocked research_intergalactic_research_network (research_computer_technology 6/8)
[2026-05-12 08:46:14] ==== loop 277/∞ | seed=976442493160730012 archetype=opportunist personality=minero focus=tech actions_per_loop=3 ====
[08:46:14] planet 35: queue busy, throttled building_robot_factory
[08:46:14] planet 35: queue busy, throttled building_robot_factory
[08:46:14] planet 35: queue busy, throttled building_robot_factory
[2026-05-12 08:46:36] ==== loop 278/∞ | seed=976442493160730012 archetype=opportunist personality=minero focus=tech actions_per_loop=3 ====
[08:46:36] planet 35: queue busy, throttled building_robot_factory
[08:46:36] planet 35: queue busy, throttled building_robot_factory
[08:46:36] planet 35: queue busy, throttled building_robot_factory
[2026-05-12 08:46:55] ==== loop 279/∞ | seed=976442493160730012 archetype=opportunist personality=minero focus=tech actions_per_loop=3 ====
[08:46:55] planet 35: queue busy, throttled building_robot_factory
[08:46:55] planet 35: queue busy, throttled building_robot_factory
[08:46:55] planet 35: queue busy, throttled building_robot_factory
[08:46:55] research: blocked research_intergalactic_research_network (research_computer_technology 6/8)
[2026-05-12 08:47:16] ==== loop 280/∞ | seed=976442493160730012 archetype=opportunist personality=minero focus=tech actions_per_loop=3 ====
[08:47:16] planet 35: queue busy, throttled building_robot_factory
[08:47:16] planet 35: queue busy, throttled building_robot_factory
[08:47:16] planet 35: queue busy, throttled building_robot_factory
[2026-05-12 08:47:34] ==== loop 281/∞ | seed=976442493160730012 archetype=opportunist personality=minero focus=tech actions_per_loop=3 ====
[08:47:34] planet 35: queue busy, throttled building_robot_factory
[08:47:34] planet 35: queue busy, throttled building_robot_factory
[08:47:34] planet 35: queue busy, throttled building_robot_factory
[08:47:34] research: blocked research_intergalactic_research_network (research_computer_technology 6/8)
[2026-05-12 08:47:55] ==== loop 282/∞ | seed=976442493160730012 archetype=opportunist personality=minero focus=tech actions_per_loop=3 ====
[08:47:55] planet 35: queue busy, throttled building_robot_factory
[08:47:55] planet 35: queue busy, throttled building_robot_factory
[08:47:55] planet 35: queue busy, throttled building_robot_factory
[2026-05-12 08:48:15] ==== loop 283/∞ | seed=976442493160730012 archetype=opportunist personality=minero focus=tech actions_per_loop=3 ====
[08:48:15] planet 35: queue busy, throttled building_robot_factory
[08:48:15] planet 35: queue busy, throttled building_robot_factory
[08:48:15] planet 35: queue busy, throttled building_robot_factory
[08:48:15] research: blocked research_intergalactic_research_network (research_computer_technology 6/8)
[2026-05-12 08:48:34] ==== loop 284/∞ | seed=976442493160730012 archetype=opportunist personality=minero focus=tech actions_per_loop=3 ====
[08:48:34] planet 35: queue busy, throttled building_robot_factory
[08:48:34] planet 35: queue busy, throttled building_robot_factory
[08:48:34] planet 35: queue busy, throttled building_robot_factory
[08:48:34] research: blocked research_intergalactic_research_network (research_computer_technology 6/8)
[2026-05-12 08:48:53] ==== loop 285/∞ | seed=976442493160730012 archetype=opportunist personality=minero focus=tech actions_per_loop=3 ====
[08:48:53] planet 35: queue busy, throttled building_robot_factory
[08:48:53] planet 35: queue busy, throttled building_robot_factory
[08:48:53] planet 35: queue busy, throttled building_robot_factory
[2026-05-12 08:49:12] ==== loop 286/∞ | seed=976442493160730012 archetype=opportunist personality=minero focus=tech actions_per_loop=3 ====
[08:49:12] planet 35: queue busy, throttled building_robot_factory
[08:49:12] planet 35: queue busy, throttled building_robot_factory
[08:49:12] planet 35: queue busy, throttled building_robot_factory
[08:49:12] research: blocked research_intergalactic_research_network (research_computer_technology 6/8)
[2026-05-12 08:49:30] ==== loop 287/∞ | seed=976442493160730012 archetype=opportunist personality=minero focus=tech actions_per_loop=3 ====
[08:49:30] planet 35: queue busy, throttled building_robot_factory
[08:49:30] planet 35: queue busy, throttled building_robot_factory
[08:49:30] planet 35: queue busy, throttled building_robot_factory
[2026-05-12 08:49:47] ==== loop 288/∞ | seed=976442493160730012 archetype=opportunist personality=minero focus=tech actions_per_loop=3 ====
[08:49:47] planet 35: queue busy, throttled building_robot_factory
[08:49:47] planet 35: queue busy, throttled building_robot_factory
[08:49:47] planet 35: queue busy, throttled building_robot_factory
[08:49:47] research: blocked research_intergalactic_research_network (research_computer_technology 6/8)
[2026-05-12 08:50:06] ==== loop 289/∞ | seed=976442493160730012 archetype=opportunist personality=minero focus=tech actions_per_loop=3 ====
[08:50:06] planet 35: queue busy, throttled building_robot_factory
[08:50:06] planet 35: queue busy, throttled building_robot_factory
[08:50:06] planet 35: queue busy, throttled building_robot_factory
[08:50:06] research: blocked research_intergalactic_research_network (research_computer_technology 6/8)
[2026-05-12 08:50:27] ==== loop 290/∞ | seed=976442493160730012 archetype=opportunist personality=minero focus=tech actions_per_loop=3 ====
[08:50:27] planet 35: queue busy, throttled building_robot_factory
[08:50:27] planet 35: queue busy, throttled building_robot_factory
[08:50:27] planet 35: queue busy, throttled building_robot_factory
[08:50:27] research: blocked research_intergalactic_research_network (research_computer_technology 6/8)
[2026-05-12 08:50:45] ==== loop 291/∞ | seed=976442493160730012 archetype=opportunist personality=minero focus=tech actions_per_loop=3 ====
[08:50:45] planet 35: queue busy, throttled building_robot_factory
[08:50:45] planet 35: queue busy, throttled building_robot_factory
[08:50:45] planet 35: queue busy, throttled building_robot_factory
[08:50:45] research: blocked research_intergalactic_research_network (research_computer_technology 6/8)
[2026-05-12 08:51:08] ==== loop 292/∞ | seed=976442493160730012 archetype=opportunist personality=minero focus=tech actions_per_loop=3 ====
[08:51:08] planet 35: queue busy, throttled building_robot_factory
[08:51:08] planet 35: queue busy, throttled building_robot_factory
[08:51:08] planet 35: queue busy, throttled building_robot_factory
[08:51:08] research: blocked research_intergalactic_research_network (research_computer_technology 6/8)
[2026-05-12 08:51:28] ==== loop 293/∞ | seed=976442493160730012 archetype=opportunist personality=minero focus=tech actions_per_loop=3 ====
[08:51:28] planet 35: queue busy, throttled building_robot_factory
[08:51:28] planet 35: queue busy, throttled building_robot_factory
[08:51:28] planet 35: queue busy, throttled building_robot_factory
[08:51:28] research: blocked research_intergalactic_research_network (research_computer_technology 6/8)
[2026-05-12 08:51:53] ==== loop 294/∞ | seed=976442493160730012 archetype=opportunist personality=minero focus=tech actions_per_loop=3 ====
[08:51:53] planet 35: queue busy, throttled building_robot_factory
[08:51:53] planet 35: queue busy, throttled building_robot_factory
[08:51:53] planet 35: queue busy, throttled building_robot_factory
[2026-05-12 08:52:14] ==== loop 295/∞ | seed=976442493160730012 archetype=opportunist personality=minero focus=tech actions_per_loop=3 ====
[08:52:14] planet 35: queue busy, throttled building_robot_factory
[08:52:14] planet 35: queue busy, throttled building_robot_factory
[08:52:14] planet 35: queue busy, throttled building_robot_factory
[08:52:14] research: blocked research_intergalactic_research_network (research_computer_technology 6/8)
[2026-05-12 08:52:39] ==== loop 296/∞ | seed=976442493160730012 archetype=opportunist personality=minero focus=tech actions_per_loop=3 ====
[08:52:39] planet 35: queue busy, throttled building_robot_factory
[08:52:39] planet 35: queue busy, throttled building_robot_factory
[08:52:39] planet 35: queue busy, throttled building_robot_factory
[08:52:39] research: blocked research_intergalactic_research_network (research_computer_technology 6/8)
[2026-05-12 08:53:02] ==== loop 297/∞ | seed=976442493160730012 archetype=opportunist personality=minero focus=tech actions_per_loop=3 ====
[08:53:02] planet 35: queue busy, throttled building_robot_factory
[08:53:02] planet 35: queue busy, throttled building_robot_factory
[08:53:02] planet 35: queue busy, throttled building_robot_factory
[08:53:02] research: blocked research_intergalactic_research_network (research_computer_technology 6/8)
[2026-05-12 08:53:25] ==== loop 298/∞ | seed=976442493160730012 archetype=opportunist personality=minero focus=tech actions_per_loop=3 ====
[08:53:25] planet 35: queue busy, throttled building_robot_factory
[08:53:25] planet 35: queue busy, throttled building_robot_factory
[08:53:25] planet 35: queue busy, throttled building_robot_factory
[08:53:25] research: blocked research_intergalactic_research_network (research_computer_technology 6/8)
[2026-05-12 08:53:49] ==== loop 299/∞ | seed=976442493160730012 archetype=opportunist personality=minero focus=tech actions_per_loop=3 ====
[08:53:49] planet 35: queue busy, throttled building_robot_factory
[08:53:49] planet 35: queue busy, throttled building_robot_factory
[08:53:49] planet 35: queue busy, throttled building_robot_factory
[08:53:49] research: blocked research_intergalactic_research_network (research_computer_technology 6/8)
[2026-05-12 08:54:11] ==== loop 300/∞ | seed=976442493160730012 archetype=opportunist personality=minero focus=tech actions_per_loop=3 ====
[08:54:11] planet 35: queue busy, throttled building_robot_factory
[08:54:11] planet 35: queue busy, throttled building_robot_factory
[08:54:11] planet 35: queue busy, throttled building_robot_factory
[08:54:11] research: blocked research_intergalactic_research_network (research_computer_technology 6/8)
[2026-05-12 08:54:32] ==== loop 301/∞ | seed=976442493160730012 archetype=opportunist personality=minero focus=tech actions_per_loop=3 ====
[08:54:32] planet 35: queue busy, throttled building_robot_factory
[08:54:32] planet 35: queue busy, throttled building_robot_factory
[08:54:32] planet 35: queue busy, throttled building_robot_factory
[08:54:32] research: blocked research_intergalactic_research_network (research_computer_technology 6/8)
[2026-05-12 08:54:54] ==== loop 302/∞ | seed=976442493160730012 archetype=opportunist personality=minero focus=tech actions_per_loop=3 ====
[08:54:54] planet 35: queue busy, throttled building_robot_factory
[08:54:54] planet 35: queue busy, throttled building_robot_factory
[08:54:54] planet 35: queue busy, throttled building_robot_factory
[08:54:54] research: blocked research_intergalactic_research_network (research_computer_technology 6/8)
[2026-05-12 08:55:15] ==== loop 303/∞ | seed=976442493160730012 archetype=opportunist personality=minero focus=tech actions_per_loop=3 ====
[08:55:15] planet 35: queue busy, throttled building_robot_factory
[08:55:15] planet 35: queue busy, throttled building_robot_factory
[08:55:15] research: blocked research_intergalactic_research_network (research_computer_technology 6/8)
[2026-05-12 08:55:40] ==== loop 304/∞ | seed=976442493160730012 archetype=opportunist personality=minero focus=tech actions_per_loop=3 ====
[08:55:40] planet 35: queue busy, throttled building_robot_factory
[08:55:40] planet 35: queue busy, throttled building_robot_factory
[08:55:40] planet 35: queue busy, throttled building_robot_factory
[2026-05-12 08:56:02] ==== loop 305/∞ | seed=976442493160730012 archetype=opportunist personality=minero focus=tech actions_per_loop=3 ====
[08:56:02] planet 35: queue busy, throttled building_robot_factory
[08:56:02] planet 35: queue busy, throttled building_robot_factory
[08:56:02] planet 35: queue busy, throttled building_robot_factory
[08:56:02] research: blocked research_intergalactic_research_network (research_computer_technology 6/8)
[2026-05-12 08:56:24] ==== loop 306/∞ | seed=976442493160730012 archetype=opportunist personality=minero focus=tech actions_per_loop=3 ====
[08:56:24] planet 35: queue busy, throttled building_robot_factory
[08:56:24] planet 35: queue busy, throttled building_robot_factory
[08:56:24] planet 35: queue busy, throttled building_robot_factory
[2026-05-12 08:56:48] ==== loop 307/∞ | seed=976442493160730012 archetype=opportunist personality=minero focus=tech actions_per_loop=3 ====
[08:56:48] planet 35: queue busy, throttled building_robot_factory
[08:56:48] planet 35: queue busy, throttled building_robot_factory
[08:56:48] planet 35: queue busy, throttled building_robot_factory
[08:56:48] research: blocked research_intergalactic_research_network (research_computer_technology 6/8)
[2026-05-12 08:57:09] ==== loop 308/∞ | seed=976442493160730012 archetype=opportunist personality=minero focus=tech actions_per_loop=3 ====
[08:57:09] planet 35: queue busy, throttled building_robot_factory
[08:57:09] planet 35: queue busy, throttled building_robot_factory
[08:57:09] planet 35: queue busy, throttled building_robot_factory
[08:57:09] research: blocked research_intergalactic_research_network (research_computer_technology 6/8)
[2026-05-12 08:57:34] ==== loop 309/∞ | seed=976442493160730012 archetype=opportunist personality=minero focus=tech actions_per_loop=3 ====
[08:57:34] planet 35: queue busy, throttled building_robot_factory
[08:57:34] planet 35: queue busy, throttled building_robot_factory
[08:57:34] planet 35: queue busy, throttled building_robot_factory
[2026-05-12 08:57:58] ==== loop 310/∞ | seed=976442493160730012 archetype=opportunist personality=minero focus=tech actions_per_loop=3 ====
[08:57:58] planet 35: queue busy, throttled building_robot_factory
[08:57:58] planet 35: queue busy, throttled building_robot_factory
[08:57:58] planet 35: queue busy, throttled building_robot_factory
[08:57:58] research: blocked research_intergalactic_research_network (research_computer_technology 6/8)
[2026-05-12 08:58:21] ==== loop 311/∞ | seed=976442493160730012 archetype=opportunist personality=minero focus=tech actions_per_loop=3 ====
[08:58:21] planet 35: queue busy, throttled building_robot_factory
[08:58:21] planet 35: queue busy, throttled building_robot_factory
[08:58:21] research: blocked research_intergalactic_research_network (research_computer_technology 6/8)
[2026-05-12 08:58:43] ==== loop 312/∞ | seed=976442493160730012 archetype=opportunist personality=minero focus=tech actions_per_loop=3 ====
[08:58:43] planet 35: queue busy, throttled building_robot_factory
[08:58:43] planet 35: queue busy, throttled building_robot_factory
[08:58:43] planet 35: queue busy, throttled building_robot_factory
[08:58:43] research: blocked research_intergalactic_research_network (research_computer_technology 6/8)
[2026-05-12 08:59:09] ==== loop 313/∞ | seed=976442493160730012 archetype=opportunist personality=minero focus=tech actions_per_loop=3 ====
[08:59:09] planet 35: queue busy, throttled building_robot_factory
[08:59:09] planet 35: queue busy, throttled building_robot_factory
[08:59:09] research: blocked research_intergalactic_research_network (research_computer_technology 6/8)
[2026-05-12 08:59:35] ==== loop 314/∞ | seed=976442493160730012 archetype=opportunist personality=minero focus=tech actions_per_loop=3 ====
[08:59:35] planet 35: queue busy, throttled building_robot_factory
[08:59:35] planet 35: queue busy, throttled building_robot_factory
[08:59:35] planet 35: queue busy, throttled building_robot_factory
[08:59:35] research: blocked research_intergalactic_research_network (research_computer_technology 6/8)
[2026-05-12 08:59:55] ==== loop 315/∞ | seed=976442493160730012 archetype=opportunist personality=minero focus=tech actions_per_loop=3 ====
[08:59:55] planet 35: queue busy, throttled building_robot_factory
[08:59:55] planet 35: queue busy, throttled building_robot_factory
[08:59:55] planet 35: queue busy, throttled building_robot_factory
[08:59:55] research: blocked research_intergalactic_research_network (research_computer_technology 6/8)
[2026-05-12 09:00:18] ==== loop 316/∞ | seed=976442493160730012 archetype=opportunist personality=minero focus=tech actions_per_loop=3 ====
[09:00:18] planet 35: queue busy, throttled building_robot_factory
[09:00:18] planet 35: queue busy, throttled building_robot_factory
[09:00:18] planet 35: queue busy, throttled building_robot_factory
[09:00:18] research: blocked research_intergalactic_research_network (research_computer_technology 6/8)
[2026-05-12 09:00:40] ==== loop 317/∞ | seed=976442493160730012 archetype=opportunist personality=minero focus=tech actions_per_loop=3 ====
[09:00:40] planet 35: queue busy, throttled building_robot_factory
[09:00:40] planet 35: queue busy, throttled building_robot_factory
[09:00:40] research: blocked research_intergalactic_research_network (research_computer_technology 6/8)
[2026-05-12 09:01:04] ==== loop 318/∞ | seed=976442493160730012 archetype=opportunist personality=minero focus=tech actions_per_loop=3 ====
[09:01:04] planet 35: queue busy, throttled building_robot_factory
[09:01:04] planet 35: queue busy, throttled building_robot_factory
[09:01:04] planet 35: queue busy, throttled building_robot_factory
[09:01:04] research: blocked research_intergalactic_research_network (research_computer_technology 6/8)
[2026-05-12 09:01:24] ==== loop 319/∞ | seed=976442493160730012 archetype=opportunist personality=minero focus=tech actions_per_loop=3 ====
[09:01:24] planet 35: queue busy, throttled building_robot_factory
[09:01:24] planet 35: queue busy, throttled building_robot_factory
[09:01:24] planet 35: queue busy, throttled building_robot_factory
[09:01:24] research: blocked research_intergalactic_research_network (research_computer_technology 6/8)
[2026-05-12 09:01:46] ==== loop 320/∞ | seed=976442493160730012 archetype=opportunist personality=minero focus=tech actions_per_loop=3 ====
[09:01:46] planet 35: queue busy, throttled building_robot_factory
[09:01:46] planet 35: queue busy, throttled building_robot_factory
[09:01:46] research: blocked research_intergalactic_research_network (research_computer_technology 6/8)
[2026-05-12 09:02:08] ==== loop 321/∞ | seed=976442493160730012 archetype=opportunist personality=minero focus=tech actions_per_loop=3 ====
[09:02:08] planet 35: queue busy, throttled building_robot_factory
[09:02:08] planet 35: queue busy, throttled building_robot_factory
[09:02:08] research: blocked research_intergalactic_research_network (research_computer_technology 6/8)
[2026-05-12 09:02:29] ==== loop 322/∞ | seed=976442493160730012 archetype=opportunist personality=minero focus=tech actions_per_loop=3 ====
[09:02:29] planet 35: queue busy, throttled building_robot_factory
[09:02:29] planet 35: queue busy, throttled building_robot_factory
[09:02:29] planet 35: queue busy, throttled building_robot_factory
[09:02:29] research: blocked research_intergalactic_research_network (research_computer_technology 6/8)
[2026-05-12 09:02:48] ==== loop 1/∞ | seed=976442493160730012 archetype=opportunist personality=minero focus=tech actions_per_loop=3 ====
[09:02:49] planet 35: queued building_solar_plant to 20
[09:02:49] research: blocked research_intergalactic_research_network (research_computer_technology 6/8)
[2026-05-12 09:03:25] ==== loop 2/∞ | seed=976442493160730012 archetype=opportunist personality=minero focus=tech actions_per_loop=3 ====
[09:03:28] planet 35: building queue full (5)
[09:03:28] planet 35: building queue full (5)
[09:03:28] planet 35: building queue full (5)
[2026-05-12 09:04:07] ==== loop 3/∞ | seed=976442493160730012 archetype=opportunist personality=minero focus=tech actions_per_loop=3 ====
[09:04:09] planet 35: building queue full (5)
[09:04:09] planet 35: building queue full (5)
[09:04:09] planet 35: building queue full (5)
[2026-05-12 09:04:49] ==== loop 4/∞ | seed=976442493160730012 archetype=opportunist personality=minero focus=tech actions_per_loop=3 ====
[09:04:52] planet 35: building queue full (5)
[09:04:52] planet 35: building queue full (5)
[09:04:52] planet 35: building queue full (5)
[09:04:52] research: blocked research_intergalactic_research_network (research_computer_technology 6/8)
[2026-05-12 09:05:32] ==== loop 5/∞ | seed=976442493160730012 archetype=opportunist personality=minero focus=tech actions_per_loop=3 ====
[09:05:35] planet 35: building queue full (5)
[09:05:35] planet 35: building queue full (5)
[09:05:35] planet 35: building queue full (5)
[2026-05-12 09:06:11] ==== loop 6/∞ | seed=976442493160730012 archetype=opportunist personality=minero focus=tech actions_per_loop=3 ====
[09:06:13] planet 35: building queue full (5)
[09:06:13] planet 35: building queue full (5)
[09:06:13] planet 35: building queue full (5)
[2026-05-12 09:06:53] ==== loop 7/∞ | seed=976442493160730012 archetype=opportunist personality=minero focus=tech actions_per_loop=3 ====
[09:06:56] planet 35: building queue full (5)
[09:06:56] planet 35: building queue full (5)
[09:06:56] planet 35: building queue full (5)
[09:06:56] research: blocked research_intergalactic_research_network (research_computer_technology 6/8)
[2026-05-12 09:07:43] ==== loop 8/∞ | seed=976442493160730012 archetype=opportunist personality=minero focus=tech actions_per_loop=3 ====
[09:07:44] planet 35: queued ship_solar_satellite +3
[09:07:44] planet 35: skipped duplicate ship_solar_satellite this loop
[09:07:44] planet 35: skipped duplicate ship_solar_satellite this loop
[09:07:44] research: blocked research_intergalactic_research_network (research_computer_technology 6/8)
[2026-05-12 09:08:26] ==== loop 9/∞ | seed=976442493160730012 archetype=opportunist personality=minero focus=tech actions_per_loop=3 ====
[09:08:26] planet 35: queued ship_solar_satellite +5
[09:08:26] planet 35: skipped duplicate ship_solar_satellite this loop
[09:08:26] planet 35: skipped duplicate ship_solar_satellite this loop
[2026-05-12 09:09:08] ==== loop 10/∞ | seed=976442493160730012 archetype=opportunist personality=minero focus=tech actions_per_loop=3 ====
[09:09:09] planet 35: queued ship_solar_satellite +5
[09:09:09] planet 35: skipped duplicate ship_solar_satellite this loop
[09:09:09] planet 35: skipped duplicate ship_solar_satellite this loop
[09:09:09] research: blocked research_intergalactic_research_network (research_computer_technology 6/8)
[2026-05-12 09:09:54] ==== loop 11/∞ | seed=976442493160730012 archetype=opportunist personality=minero focus=tech actions_per_loop=3 ====
[09:09:55] planet 35: queued ship_solar_satellite +5
[09:09:55] planet 35: skipped duplicate ship_solar_satellite this loop
[09:09:55] research: blocked research_intergalactic_research_network (research_computer_technology 6/8)
[2026-05-12 09:10:38] ==== loop 12/∞ | seed=976442493160730012 archetype=opportunist personality=minero focus=tech actions_per_loop=3 ====
[09:10:38] planet 35: queued ship_solar_satellite +5
[09:10:38] planet 35: skipped duplicate ship_solar_satellite this loop
[09:10:38] planet 35: skipped duplicate ship_solar_satellite this loop
[2026-05-12 09:11:15] ==== loop 13/∞ | seed=976442493160730012 archetype=opportunist personality=minero focus=tech actions_per_loop=3 ====
[09:11:16] planet 35: queued ship_solar_satellite +5
[09:11:16] planet 35: skipped duplicate ship_solar_satellite this loop
[09:11:16] planet 35: skipped duplicate ship_solar_satellite this loop
[09:11:16] research: blocked research_intergalactic_research_network (research_computer_technology 6/8)
[2026-05-12 09:12:00] ==== loop 14/∞ | seed=976442493160730012 archetype=opportunist personality=minero focus=tech actions_per_loop=3 ====
[09:12:01] planet 35: queued ship_solar_satellite +5
[09:12:01] planet 35: skipped duplicate ship_solar_satellite this loop
[09:12:01] planet 35: skipped duplicate ship_solar_satellite this loop
[2026-05-12 09:12:47] ==== loop 15/∞ | seed=976442493160730012 archetype=opportunist personality=minero focus=tech actions_per_loop=3 ====
[09:12:48] planet 35: queued ship_solar_satellite +5
[09:12:48] planet 35: skipped duplicate ship_solar_satellite this loop
[09:12:48] planet 35: skipped duplicate ship_solar_satellite this loop
[09:12:48] research: blocked research_intergalactic_research_network (research_computer_technology 6/8)
[2026-05-12 09:13:32] ==== loop 16/∞ | seed=976442493160730012 archetype=opportunist personality=minero focus=tech actions_per_loop=3 ====
[09:13:34] planet 35: queued ship_solar_satellite +5
[09:13:34] planet 35: skipped duplicate ship_solar_satellite this loop
[09:13:34] planet 35: skipped duplicate ship_solar_satellite this loop
[09:13:34] research: blocked research_intergalactic_research_network (research_computer_technology 6/8)
[2026-05-12 09:14:23] ==== loop 17/∞ | seed=976442493160730012 archetype=opportunist personality=minero focus=tech actions_per_loop=3 ====
[09:14:24] planet 35: queued ship_solar_satellite +5
[09:14:24] planet 35: skipped duplicate ship_solar_satellite this loop
[09:14:24] research: blocked research_intergalactic_research_network (research_computer_technology 6/8)
[2026-05-12 09:15:08] ==== loop 18/∞ | seed=976442493160730012 archetype=opportunist personality=minero focus=tech actions_per_loop=3 ====
[09:15:09] planet 35: queued ship_solar_satellite +5
[09:15:09] planet 35: skipped duplicate ship_solar_satellite this loop
[09:15:09] planet 35: skipped duplicate ship_solar_satellite this loop
[2026-05-12 09:15:55] ==== loop 19/∞ | seed=976442493160730012 archetype=opportunist personality=minero focus=tech actions_per_loop=3 ====
[09:15:56] planet 35: queued ship_solar_satellite +5
[09:15:56] planet 35: skipped duplicate ship_solar_satellite this loop
[09:15:56] planet 35: skipped duplicate ship_solar_satellite this loop
[09:15:56] research: blocked research_intergalactic_research_network (research_computer_technology 6/8)
[2026-05-12 09:16:41] ==== loop 20/∞ | seed=976442493160730012 archetype=opportunist personality=minero focus=tech actions_per_loop=3 ====
[09:16:42] planet 35: queued ship_solar_satellite +5
[09:16:42] planet 35: skipped duplicate ship_solar_satellite this loop
[09:16:42] planet 35: skipped duplicate ship_solar_satellite this loop
[2026-05-12 09:17:25] ==== loop 21/∞ | seed=976442493160730012 archetype=opportunist personality=minero focus=tech actions_per_loop=3 ====
[09:17:26] planet 35: queued ship_solar_satellite +5
[09:17:26] planet 35: skipped duplicate ship_solar_satellite this loop
[09:17:26] planet 35: skipped duplicate ship_solar_satellite this loop
[2026-05-12 09:18:13] ==== loop 22/∞ | seed=976442493160730012 archetype=opportunist personality=minero focus=tech actions_per_loop=3 ====
[09:18:14] planet 35: queued ship_solar_satellite +5
[09:18:14] planet 35: skipped duplicate ship_solar_satellite this loop
[09:18:14] planet 35: skipped duplicate ship_solar_satellite this loop
[09:18:14] research: blocked research_intergalactic_research_network (research_computer_technology 6/8)
[2026-05-12 09:18:49] ==== loop 1/∞ | seed=976442493160730012 archetype=opportunist personality=minero focus=tech actions_per_loop=3 ====
[09:18:49] planet 35: queued ship_solar_satellite +5
[09:18:49] planet 35: skipped duplicate ship_solar_satellite this loop
[09:18:49] research: blocked research_intergalactic_research_network (research_computer_technology 6/8)
[2026-05-12 09:19:38] ==== loop 2/∞ | seed=976442493160730012 archetype=opportunist personality=minero focus=tech actions_per_loop=3 ====
[09:19:38] planet 35: queued ship_solar_satellite +5
[09:19:38] planet 35: skipped duplicate ship_solar_satellite this loop
[09:19:38] planet 35: skipped duplicate ship_solar_satellite this loop
[2026-05-12 09:20:25] ==== loop 3/∞ | seed=976442493160730012 archetype=opportunist personality=minero focus=tech actions_per_loop=3 ====
[09:20:26] planet 35: queued ship_solar_satellite +4
[09:20:26] planet 35: queued building_robot_factory to 7
[09:20:26] research: blocked research_intergalactic_research_network (research_computer_technology 6/8)
[2026-05-12 09:21:08] ==== loop 4/∞ | seed=976442493160730012 archetype=opportunist personality=minero focus=tech actions_per_loop=3 ====
[09:21:08] planet 35: queue busy, throttled building_robot_factory
[09:21:08] planet 35: queue busy, throttled building_robot_factory
[09:21:08] planet 35: queue busy, throttled building_robot_factory
[2026-05-12 09:21:58] ==== loop 5/∞ | seed=976442493160730012 archetype=opportunist personality=minero focus=tech actions_per_loop=3 ====
[09:21:58] planet 35: queue busy, throttled building_robot_factory
[09:21:58] planet 35: queue busy, throttled building_robot_factory
[09:21:58] planet 35: queue busy, throttled building_robot_factory
[09:21:58] research: blocked research_intergalactic_research_network (research_computer_technology 6/8)
[2026-05-12 09:22:46] ==== loop 6/∞ | seed=976442493160730012 archetype=opportunist personality=minero focus=tech actions_per_loop=3 ====
[09:22:46] planet 35: queue busy, throttled building_robot_factory
[09:22:46] planet 35: queue busy, throttled building_robot_factory
[09:22:46] planet 35: queue busy, throttled building_robot_factory
[09:22:46] research: blocked research_intergalactic_research_network (research_computer_technology 6/8)
[2026-05-12 09:23:32] ==== loop 7/∞ | seed=976442493160730012 archetype=opportunist personality=minero focus=tech actions_per_loop=3 ====
[09:23:32] planet 35: queue busy, throttled building_robot_factory
[09:23:32] planet 35: queue busy, throttled building_robot_factory
[09:23:32] research: blocked research_intergalactic_research_network (research_computer_technology 6/8)
[2026-05-12 09:24:16] ==== loop 8/∞ | seed=976442493160730012 archetype=opportunist personality=minero focus=tech actions_per_loop=3 ====
[09:24:16] planet 35: queue busy, throttled building_robot_factory
[09:24:16] planet 35: queue busy, throttled building_robot_factory
[09:24:16] research: blocked research_intergalactic_research_network (research_computer_technology 6/8)
[2026-05-12 09:24:58] ==== loop 9/∞ | seed=976442493160730012 archetype=opportunist personality=minero focus=tech actions_per_loop=3 ====
[09:24:58] planet 35: queue busy, throttled building_robot_factory
[09:24:58] planet 35: queue busy, throttled building_robot_factory
[09:24:58] planet 35: queue busy, throttled building_robot_factory
[09:24:58] research: blocked research_intergalactic_research_network (research_computer_technology 6/8)
[2026-05-12 09:25:47] ==== loop 10/∞ | seed=976442493160730012 archetype=opportunist personality=minero focus=tech actions_per_loop=3 ====
[09:25:47] planet 35: queue busy, throttled building_robot_factory
[09:25:47] planet 35: queue busy, throttled building_robot_factory
[09:25:47] planet 35: queue busy, throttled building_robot_factory
[09:25:47] research: blocked research_intergalactic_research_network (research_computer_technology 6/8)
[2026-05-12 09:26:36] ==== loop 11/∞ | seed=976442493160730012 archetype=opportunist personality=minero focus=tech actions_per_loop=3 ====
[09:26:36] planet 35: queue busy, throttled building_robot_factory
[09:26:36] planet 35: queue busy, throttled building_robot_factory
[09:26:36] planet 35: queue busy, throttled building_robot_factory
[2026-05-12 09:27:23] ==== loop 12/∞ | seed=976442493160730012 archetype=opportunist personality=minero focus=tech actions_per_loop=3 ====
[09:27:23] planet 35: queue busy, throttled building_robot_factory
[09:27:23] planet 35: queue busy, throttled building_robot_factory
[09:27:23] planet 35: queue busy, throttled building_robot_factory
[09:27:23] research: blocked research_intergalactic_research_network (research_computer_technology 6/8)
[2026-05-12 09:28:08] ==== loop 13/∞ | seed=976442493160730012 archetype=opportunist personality=minero focus=tech actions_per_loop=3 ====
[09:28:08] planet 35: queue busy, throttled building_robot_factory
[09:28:08] planet 35: queue busy, throttled building_robot_factory
[09:28:08] planet 35: queue busy, throttled building_robot_factory
[2026-05-12 09:28:57] ==== loop 14/∞ | seed=976442493160730012 archetype=opportunist personality=minero focus=tech actions_per_loop=3 ====
[09:28:57] planet 35: queue busy, throttled building_robot_factory
[09:28:57] planet 35: queue busy, throttled building_robot_factory
[09:28:57] planet 35: queue busy, throttled building_robot_factory
[09:28:57] research: blocked research_intergalactic_research_network (research_computer_technology 6/8)
[2026-05-12 09:29:44] ==== loop 15/∞ | seed=976442493160730012 archetype=opportunist personality=minero focus=tech actions_per_loop=3 ====
[09:29:44] planet 35: queue busy, throttled building_robot_factory
[09:29:44] planet 35: queue busy, throttled building_robot_factory
[2026-05-12 09:30:28] ==== loop 16/∞ | seed=976442493160730012 archetype=opportunist personality=minero focus=tech actions_per_loop=3 ====
[09:30:28] planet 35: queue busy, throttled building_robot_factory
[09:30:28] planet 35: queue busy, throttled building_robot_factory
[09:30:28] planet 35: queue busy, throttled building_robot_factory
[2026-05-12 09:31:14] ==== loop 17/∞ | seed=976442493160730012 archetype=opportunist personality=minero focus=tech actions_per_loop=3 ====
[09:31:14] planet 35: queue busy, throttled building_robot_factory
[09:31:14] planet 35: queue busy, throttled building_robot_factory
[09:31:14] research: blocked research_intergalactic_research_network (research_computer_technology 6/8)
[2026-05-12 09:32:01] ==== loop 18/∞ | seed=976442493160730012 archetype=opportunist personality=minero focus=tech actions_per_loop=3 ====
[09:32:01] planet 35: queue busy, throttled building_robot_factory
[09:32:01] planet 35: queue busy, throttled building_robot_factory
[09:32:01] planet 35: queue busy, throttled building_robot_factory
[09:32:01] research: blocked research_intergalactic_research_network (research_computer_technology 6/8)
[2026-05-12 09:32:42] ==== loop 19/∞ | seed=976442493160730012 archetype=opportunist personality=minero focus=tech actions_per_loop=3 ====
[09:32:42] planet 35: queue busy, throttled building_robot_factory
[09:32:42] planet 35: queue busy, throttled building_robot_factory
[09:32:42] planet 35: queue busy, throttled building_robot_factory
[09:32:42] research: blocked research_intergalactic_research_network (research_computer_technology 6/8)
[2026-05-12 09:33:23] ==== loop 20/∞ | seed=976442493160730012 archetype=opportunist personality=minero focus=tech actions_per_loop=3 ====
[09:33:23] planet 35: queue busy, throttled building_robot_factory
[09:33:23] planet 35: queue busy, throttled building_robot_factory
[09:33:23] planet 35: queue busy, throttled building_robot_factory
[09:33:23] research: blocked research_intergalactic_research_network (research_computer_technology 6/8)
[2026-05-12 09:34:20] ==== loop 1/∞ | seed=976442493160730012 archetype=opportunist personality=minero focus=tech actions_per_loop=3 ====
[09:34:20] planet 35: queue busy, throttled building_robot_factory
[09:34:20] planet 35: queue busy, throttled building_robot_factory
[09:34:20] planet 35: queue busy, throttled building_robot_factory
[09:34:20] research: blocked research_intergalactic_research_network (research_computer_technology 6/8)
[2026-05-12 09:35:02] ==== loop 2/∞ | seed=976442493160730012 archetype=opportunist personality=minero focus=tech actions_per_loop=3 ====
[09:35:02] planet 35: queue busy, throttled building_robot_factory
[09:35:02] planet 35: queue busy, throttled building_robot_factory
[09:35:02] planet 35: queue busy, throttled building_robot_factory
[09:35:02] research: blocked research_intergalactic_research_network (research_computer_technology 6/8)
[2026-05-12 09:35:46] ==== loop 3/∞ | seed=976442493160730012 archetype=opportunist personality=minero focus=tech actions_per_loop=3 ====
[09:35:46] planet 35: queue busy, throttled building_robot_factory
[09:35:46] planet 35: queue busy, throttled building_robot_factory
[09:35:46] planet 35: queue busy, throttled building_robot_factory
[09:35:46] research: blocked research_intergalactic_research_network (research_computer_technology 6/8)
[2026-05-12 09:36:25] ==== loop 4/∞ | seed=976442493160730012 archetype=opportunist personality=minero focus=tech actions_per_loop=3 ====
[09:36:25] planet 35: queue busy, throttled building_robot_factory
[09:36:25] planet 35: queue busy, throttled building_robot_factory
[09:36:25] planet 35: queue busy, throttled building_robot_factory
[2026-05-12 09:37:11] ==== loop 5/∞ | seed=976442493160730012 archetype=opportunist personality=minero focus=tech actions_per_loop=3 ====
[09:37:11] planet 35: queue busy, throttled building_robot_factory
[09:37:11] planet 35: queue busy, throttled building_robot_factory
[09:37:11] planet 35: queue busy, throttled building_robot_factory
[09:37:11] research: blocked research_intergalactic_research_network (research_computer_technology 6/8)
[2026-05-12 09:37:52] ==== loop 6/∞ | seed=976442493160730012 archetype=opportunist personality=minero focus=tech actions_per_loop=3 ====
[09:37:52] planet 35: queue busy, throttled building_robot_factory
[09:37:52] planet 35: queue busy, throttled building_robot_factory
[09:37:52] planet 35: queue busy, throttled building_robot_factory
[2026-05-12 09:38:32] ==== loop 7/∞ | seed=976442493160730012 archetype=opportunist personality=minero focus=tech actions_per_loop=3 ====
[09:38:32] planet 35: queue busy, throttled building_robot_factory
[09:38:32] planet 35: queue busy, throttled building_robot_factory
[09:38:32] planet 35: queue busy, throttled building_robot_factory
[09:38:32] research: blocked research_intergalactic_research_network (research_computer_technology 6/8)
[2026-05-12 09:39:12] ==== loop 8/∞ | seed=976442493160730012 archetype=opportunist personality=minero focus=tech actions_per_loop=3 ====
[09:39:12] planet 35: queue busy, throttled building_robot_factory
[09:39:12] planet 35: queue busy, throttled building_robot_factory
[09:39:12] planet 35: queue busy, throttled building_robot_factory
[2026-05-12 09:39:51] ==== loop 9/∞ | seed=976442493160730012 archetype=opportunist personality=minero focus=tech actions_per_loop=3 ====
[09:39:51] planet 35: queue busy, throttled building_robot_factory
[09:39:51] planet 35: queue busy, throttled building_robot_factory
[09:39:51] planet 35: queue busy, throttled building_robot_factory
[09:39:51] research: blocked research_intergalactic_research_network (research_computer_technology 6/8)
[2026-05-12 09:40:39] ==== loop 10/∞ | seed=976442493160730012 archetype=opportunist personality=minero focus=tech actions_per_loop=3 ====
[09:40:39] planet 35: queue busy, throttled building_robot_factory
[09:40:39] planet 35: queue busy, throttled building_robot_factory
[09:40:39] planet 35: queue busy, throttled building_robot_factory
[09:40:39] research: blocked research_intergalactic_research_network (research_computer_technology 6/8)
[2026-05-12 09:41:19] ==== loop 11/∞ | seed=976442493160730012 archetype=opportunist personality=minero focus=tech actions_per_loop=3 ====
[09:41:19] planet 35: queue busy, throttled building_robot_factory
[09:41:19] planet 35: queue busy, throttled building_robot_factory
[2026-05-12 09:42:03] ==== loop 12/∞ | seed=976442493160730012 archetype=opportunist personality=minero focus=tech actions_per_loop=3 ====
[09:42:03] planet 35: queue busy, throttled building_robot_factory
[09:42:03] planet 35: queue busy, throttled building_robot_factory
[09:42:03] planet 35: queue busy, throttled building_robot_factory
[09:42:03] research: blocked research_intergalactic_research_network (research_computer_technology 6/8)
[2026-05-12 09:42:47] ==== loop 13/∞ | seed=976442493160730012 archetype=opportunist personality=minero focus=tech actions_per_loop=3 ====
[09:42:47] planet 35: queue busy, throttled building_robot_factory
[09:42:47] planet 35: queue busy, throttled building_robot_factory
[09:42:47] planet 35: queue busy, throttled building_robot_factory
[09:42:47] research: blocked research_intergalactic_research_network (research_computer_technology 6/8)
[2026-05-12 09:43:31] ==== loop 14/∞ | seed=976442493160730012 archetype=opportunist personality=minero focus=tech actions_per_loop=3 ====
[09:43:31] planet 35: queue busy, throttled building_robot_factory
[09:43:31] planet 35: queue busy, throttled building_robot_factory
[09:43:31] planet 35: queue busy, throttled building_robot_factory
[2026-05-12 09:44:13] ==== loop 15/∞ | seed=976442493160730012 archetype=opportunist personality=minero focus=tech actions_per_loop=3 ====
[09:44:13] planet 35: queue busy, throttled building_robot_factory
[09:44:13] planet 35: queue busy, throttled building_robot_factory
[09:44:13] planet 35: queue busy, throttled building_robot_factory
[09:44:13] research: blocked research_intergalactic_research_network (research_computer_technology 6/8)
[2026-05-12 09:44:57] ==== loop 16/∞ | seed=976442493160730012 archetype=opportunist personality=minero focus=tech actions_per_loop=3 ====
[09:44:57] planet 35: queue busy, throttled building_robot_factory
[09:44:57] planet 35: queue busy, throttled building_robot_factory
[09:44:57] planet 35: queue busy, throttled building_robot_factory
[09:44:57] research: blocked research_intergalactic_research_network (research_computer_technology 6/8)
[2026-05-12 09:45:39] ==== loop 17/∞ | seed=976442493160730012 archetype=opportunist personality=minero focus=tech actions_per_loop=3 ====
[09:45:39] planet 35: queue busy, throttled building_robot_factory
[09:45:39] planet 35: queue busy, throttled building_robot_factory
[09:45:39] planet 35: queue busy, throttled building_robot_factory
[09:45:39] research: blocked research_intergalactic_research_network (research_computer_technology 6/8)
[2026-05-12 09:46:26] ==== loop 18/∞ | seed=976442493160730012 archetype=opportunist personality=minero focus=tech actions_per_loop=3 ====
[09:46:26] planet 35: queue busy, throttled building_robot_factory
[09:46:26] planet 35: queue busy, throttled building_robot_factory
[09:46:26] planet 35: queue busy, throttled building_robot_factory
[09:46:26] research: blocked research_intergalactic_research_network (research_computer_technology 6/8)
[2026-05-12 09:47:12] ==== loop 19/∞ | seed=976442493160730012 archetype=opportunist personality=minero focus=tech actions_per_loop=3 ====
[09:47:12] planet 35: queue busy, throttled building_robot_factory
[09:47:12] planet 35: queue busy, throttled building_robot_factory
[09:47:12] planet 35: queue busy, throttled building_robot_factory
[2026-05-12 09:47:54] ==== loop 20/∞ | seed=976442493160730012 archetype=opportunist personality=minero focus=tech actions_per_loop=3 ====
[09:47:54] planet 35: queue busy, throttled building_robot_factory
[09:47:54] planet 35: queue busy, throttled building_robot_factory
[09:47:54] planet 35: queue busy, throttled building_robot_factory
[09:47:54] research: blocked research_intergalactic_research_network (research_computer_technology 6/8)
[2026-05-12 09:48:42] ==== loop 21/∞ | seed=976442493160730012 archetype=opportunist personality=minero focus=tech actions_per_loop=3 ====
[09:48:42] planet 35: queue busy, throttled building_robot_factory
[09:48:42] planet 35: queue busy, throttled building_robot_factory
[09:48:42] planet 35: queue busy, throttled building_robot_factory
[2026-05-12 09:49:29] ==== loop 22/∞ | seed=976442493160730012 archetype=opportunist personality=minero focus=tech actions_per_loop=3 ====
[09:49:29] planet 35: queue busy, throttled building_robot_factory
[09:49:29] planet 35: queue busy, throttled building_robot_factory
[09:49:29] planet 35: queue busy, throttled building_robot_factory
[09:49:29] research: blocked research_intergalactic_research_network (research_computer_technology 6/8)
[2026-05-12 09:50:13] ==== loop 23/∞ | seed=976442493160730012 archetype=opportunist personality=minero focus=tech actions_per_loop=3 ====
[09:50:13] planet 35: queue busy, throttled building_robot_factory
[09:50:13] planet 35: queue busy, throttled building_robot_factory
[09:50:13] planet 35: queue busy, throttled building_robot_factory
[2026-05-12 09:50:58] ==== loop 24/∞ | seed=976442493160730012 archetype=opportunist personality=minero focus=tech actions_per_loop=3 ====
[09:50:58] planet 35: queue busy, throttled building_robot_factory
[09:50:58] planet 35: queue busy, throttled building_robot_factory
[09:50:58] planet 35: queue busy, throttled building_robot_factory
[09:50:58] research: blocked research_intergalactic_research_network (research_computer_technology 6/8)
[2026-05-12 09:51:37] ==== loop 25/∞ | seed=976442493160730012 archetype=opportunist personality=minero focus=tech actions_per_loop=3 ====
[09:51:37] planet 35: queue busy, throttled building_robot_factory
[09:51:37] planet 35: queue busy, throttled building_robot_factory
[09:51:37] planet 35: queue busy, throttled building_robot_factory
[2026-05-12 09:52:18] ==== loop 26/∞ | seed=976442493160730012 archetype=opportunist personality=minero focus=tech actions_per_loop=3 ====
[09:52:18] planet 35: queue busy, throttled building_robot_factory
[09:52:18] planet 35: queue busy, throttled building_robot_factory
[09:52:18] planet 35: queue busy, throttled building_robot_factory
[2026-05-12 09:52:57] ==== loop 27/∞ | seed=976442493160730012 archetype=opportunist personality=minero focus=tech actions_per_loop=3 ====
[09:52:57] planet 35: queue busy, throttled building_robot_factory
[09:52:57] planet 35: queue busy, throttled building_robot_factory
[09:52:57] planet 35: queue busy, throttled building_robot_factory
[2026-05-12 09:53:36] ==== loop 28/∞ | seed=976442493160730012 archetype=opportunist personality=minero focus=tech actions_per_loop=3 ====
[09:53:36] planet 35: queue busy, throttled building_robot_factory
[09:53:36] planet 35: queue busy, throttled building_robot_factory
[09:53:36] planet 35: queue busy, throttled building_robot_factory
[09:53:36] research: blocked research_intergalactic_research_network (research_computer_technology 6/8)
[2026-05-12 09:54:22] ==== loop 29/∞ | seed=976442493160730012 archetype=opportunist personality=minero focus=tech actions_per_loop=3 ====
[09:54:22] planet 35: queue busy, throttled building_robot_factory
[09:54:22] planet 35: queue busy, throttled building_robot_factory
[09:54:22] planet 35: queue busy, throttled building_robot_factory
[09:54:22] research: blocked research_intergalactic_research_network (research_computer_technology 6/8)
[2026-05-12 09:55:05] ==== loop 30/∞ | seed=976442493160730012 archetype=opportunist personality=minero focus=tech actions_per_loop=3 ====
[09:55:05] planet 35: queue busy, throttled building_robot_factory
[09:55:05] planet 35: queue busy, throttled building_robot_factory
[09:55:05] planet 35: queue busy, throttled building_robot_factory
[2026-05-12 09:55:49] ==== loop 31/∞ | seed=976442493160730012 archetype=opportunist personality=minero focus=tech actions_per_loop=3 ====
[09:55:49] planet 35: queue busy, throttled building_robot_factory
[09:55:49] planet 35: queue busy, throttled building_robot_factory
[09:55:49] planet 35: queue busy, throttled building_robot_factory
[09:55:49] research: blocked research_intergalactic_research_network (research_computer_technology 6/8)
[2026-05-12 09:56:36] ==== loop 32/∞ | seed=976442493160730012 archetype=opportunist personality=minero focus=tech actions_per_loop=3 ====
[09:56:36] planet 35: queue busy, throttled building_robot_factory
[09:56:36] planet 35: queue busy, throttled building_robot_factory
[09:56:36] planet 35: queue busy, throttled building_robot_factory
[09:56:36] research: blocked research_intergalactic_research_network (research_computer_technology 6/8)
[2026-05-12 09:57:22] ==== loop 33/∞ | seed=976442493160730012 archetype=opportunist personality=minero focus=tech actions_per_loop=3 ====
[09:57:22] planet 35: queue busy, throttled building_robot_factory
[09:57:22] planet 35: queue busy, throttled building_robot_factory
[09:57:22] planet 35: queue busy, throttled building_robot_factory
[2026-05-12 09:58:07] ==== loop 34/∞ | seed=976442493160730012 archetype=opportunist personality=minero focus=tech actions_per_loop=3 ====
[09:58:07] planet 35: queue busy, throttled building_robot_factory
[09:58:07] planet 35: queue busy, throttled building_robot_factory
[09:58:07] planet 35: queue busy, throttled building_robot_factory
[2026-05-12 09:58:54] ==== loop 35/∞ | seed=976442493160730012 archetype=opportunist personality=minero focus=tech actions_per_loop=3 ====
[09:58:54] planet 35: queue busy, throttled building_robot_factory
[09:58:54] planet 35: queue busy, throttled building_robot_factory
[09:58:54] planet 35: queue busy, throttled building_robot_factory
[09:58:54] research: blocked research_intergalactic_research_network (research_computer_technology 6/8)
[2026-05-12 09:59:34] ==== loop 36/∞ | seed=976442493160730012 archetype=opportunist personality=minero focus=tech actions_per_loop=3 ====
[09:59:34] planet 35: queue busy, throttled building_robot_factory
[09:59:34] planet 35: queue busy, throttled building_robot_factory
[09:59:34] planet 35: queue busy, throttled building_robot_factory
[2026-05-12 10:00:19] ==== loop 37/∞ | seed=976442493160730012 archetype=opportunist personality=minero focus=tech actions_per_loop=3 ====
[10:00:19] planet 35: queue busy, throttled building_robot_factory
[10:00:19] planet 35: queue busy, throttled building_robot_factory
[10:00:19] planet 35: queue busy, throttled building_robot_factory
[10:00:19] research: blocked research_intergalactic_research_network (research_computer_technology 6/8)
[2026-05-12 10:01:03] ==== loop 38/∞ | seed=976442493160730012 archetype=opportunist personality=minero focus=tech actions_per_loop=3 ====
[10:01:03] planet 35: queue busy, throttled building_robot_factory
[10:01:03] planet 35: queue busy, throttled building_robot_factory
[10:01:03] planet 35: queue busy, throttled building_robot_factory
[10:01:03] research: blocked research_intergalactic_research_network (research_computer_technology 6/8)
[2026-05-12 10:01:46] ==== loop 39/∞ | seed=976442493160730012 archetype=opportunist personality=minero focus=tech actions_per_loop=3 ====
[10:01:46] planet 35: queue busy, throttled building_robot_factory
[10:01:46] planet 35: queue busy, throttled building_robot_factory
[10:01:46] research: blocked research_intergalactic_research_network (research_computer_technology 6/8)
[2026-05-12 10:02:29] ==== loop 40/∞ | seed=976442493160730012 archetype=opportunist personality=minero focus=tech actions_per_loop=3 ====
[10:02:29] planet 35: queue busy, throttled building_robot_factory
[10:02:29] planet 35: queue busy, throttled building_robot_factory
[10:02:29] planet 35: queue busy, throttled building_robot_factory
[10:02:29] research: blocked research_intergalactic_research_network (research_computer_technology 6/8)
[2026-05-12 10:03:10] ==== loop 41/∞ | seed=976442493160730012 archetype=opportunist personality=minero focus=tech actions_per_loop=3 ====
[10:03:10] planet 35: queue busy, throttled building_robot_factory
[10:03:10] planet 35: queue busy, throttled building_robot_factory
[10:03:10] planet 35: queue busy, throttled building_robot_factory
[10:03:10] research: blocked research_intergalactic_research_network (research_computer_technology 6/8)
[2026-05-12 10:03:54] ==== loop 42/∞ | seed=976442493160730012 archetype=opportunist personality=minero focus=tech actions_per_loop=3 ====
[10:03:54] planet 35: queue busy, throttled building_robot_factory
[10:03:54] planet 35: queue busy, throttled building_robot_factory
[10:03:54] research: blocked research_intergalactic_research_network (research_computer_technology 6/8)
[2026-05-12 10:04:36] ==== loop 43/∞ | seed=976442493160730012 archetype=opportunist personality=minero focus=tech actions_per_loop=3 ====
[10:04:36] planet 35: queue busy, throttled building_robot_factory
[10:04:36] planet 35: queue busy, throttled building_robot_factory
[10:04:36] planet 35: queue busy, throttled building_robot_factory
[10:04:36] research: blocked research_intergalactic_research_network (research_computer_technology 6/8)
[2026-05-12 10:05:21] ==== loop 44/∞ | seed=976442493160730012 archetype=opportunist personality=minero focus=tech actions_per_loop=3 ====
[10:05:21] planet 35: queue busy, throttled building_robot_factory
[10:05:21] planet 35: queue busy, throttled building_robot_factory
[10:05:21] planet 35: queue busy, throttled building_robot_factory
[10:05:21] research: blocked research_intergalactic_research_network (research_computer_technology 6/8)
[2026-05-12 10:06:05] ==== loop 45/∞ | seed=976442493160730012 archetype=opportunist personality=minero focus=tech actions_per_loop=3 ====
[10:06:05] planet 35: queue busy, throttled building_robot_factory
[10:06:05] planet 35: queue busy, throttled building_robot_factory
[10:06:05] planet 35: queue busy, throttled building_robot_factory
[10:06:05] research: blocked research_intergalactic_research_network (research_computer_technology 6/8)
[2026-05-12 10:06:50] ==== loop 46/∞ | seed=976442493160730012 archetype=opportunist personality=minero focus=tech actions_per_loop=3 ====
[10:06:50] planet 35: queue busy, throttled building_robot_factory
[10:06:50] planet 35: queue busy, throttled building_robot_factory
[10:06:50] planet 35: queue busy, throttled building_robot_factory
[10:06:50] research: blocked research_intergalactic_research_network (research_computer_technology 6/8)
[2026-05-12 10:07:33] ==== loop 47/∞ | seed=976442493160730012 archetype=opportunist personality=minero focus=tech actions_per_loop=3 ====
[10:07:33] planet 35: queue busy, throttled building_robot_factory
[10:07:33] planet 35: queue busy, throttled building_robot_factory
[10:07:33] planet 35: queue busy, throttled building_robot_factory
[2026-05-12 10:08:21] ==== loop 48/∞ | seed=976442493160730012 archetype=opportunist personality=minero focus=tech actions_per_loop=3 ====
[10:08:21] planet 35: queue busy, throttled building_robot_factory
[10:08:21] planet 35: queue busy, throttled building_robot_factory
[10:08:21] planet 35: queue busy, throttled building_robot_factory
[2026-05-12 10:09:03] ==== loop 49/∞ | seed=976442493160730012 archetype=opportunist personality=minero focus=tech actions_per_loop=3 ====
[10:09:03] planet 35: queue busy, throttled building_robot_factory
[10:09:03] planet 35: queue busy, throttled building_robot_factory
[10:09:03] planet 35: queue busy, throttled building_robot_factory
[2026-05-12 10:09:45] ==== loop 50/∞ | seed=976442493160730012 archetype=opportunist personality=minero focus=tech actions_per_loop=3 ====
[10:09:45] planet 35: queue busy, throttled building_robot_factory
[10:09:45] planet 35: queue busy, throttled building_robot_factory
[10:09:45] planet 35: queue busy, throttled building_robot_factory
[10:09:45] research: blocked research_intergalactic_research_network (research_computer_technology 6/8)
[2026-05-12 10:10:30] ==== loop 51/∞ | seed=976442493160730012 archetype=opportunist personality=minero focus=tech actions_per_loop=3 ====
[10:10:30] planet 35: queue busy, throttled building_robot_factory
[10:10:30] planet 35: queue busy, throttled building_robot_factory
[10:10:30] planet 35: queue busy, throttled building_robot_factory
[10:10:30] research: blocked research_intergalactic_research_network (research_computer_technology 6/8)
[2026-05-12 10:11:19] ==== loop 1/∞ | seed=976442493160730012 archetype=opportunist personality=minero focus=tech actions_per_loop=3 ====
[10:11:19] planet 35: queue busy, throttled building_robot_factory
[10:11:19] planet 35: queue busy, throttled building_robot_factory
[10:11:19] planet 35: queue busy, throttled building_robot_factory
[10:11:19] research: blocked research_intergalactic_research_network (research_computer_technology 6/8)
[2026-05-12 10:11:55] ==== loop 2/∞ | seed=976442493160730012 archetype=opportunist personality=minero focus=tech actions_per_loop=3 ====
[10:11:55] planet 35: queue busy, throttled building_robot_factory
[10:11:55] planet 35: queue busy, throttled building_robot_factory
[10:11:55] planet 35: queue busy, throttled building_robot_factory
[10:11:55] research: blocked research_intergalactic_research_network (research_computer_technology 6/8)
[2026-05-12 10:12:30] ==== loop 3/∞ | seed=976442493160730012 archetype=opportunist personality=minero focus=tech actions_per_loop=3 ====
[10:12:30] planet 35: queue busy, throttled building_robot_factory
[10:12:30] planet 35: queue busy, throttled building_robot_factory
[10:12:30] planet 35: queue busy, throttled building_robot_factory
[10:12:30] research: blocked research_intergalactic_research_network (research_computer_technology 6/8)
[2026-05-12 10:13:06] ==== loop 4/∞ | seed=976442493160730012 archetype=opportunist personality=minero focus=tech actions_per_loop=3 ====
[10:13:06] planet 35: queue busy, throttled building_robot_factory
[10:13:06] planet 35: queue busy, throttled building_robot_factory
[10:13:06] planet 35: queue busy, throttled building_robot_factory
[10:13:06] research: blocked research_intergalactic_research_network (research_computer_technology 6/8)
[2026-05-12 10:13:39] ==== loop 5/∞ | seed=976442493160730012 archetype=opportunist personality=minero focus=tech actions_per_loop=3 ====
[10:13:39] planet 35: queue busy, throttled building_robot_factory
[10:13:39] planet 35: queue busy, throttled building_robot_factory
[10:13:39] planet 35: queue busy, throttled building_robot_factory
[10:13:39] research: blocked research_intergalactic_research_network (research_computer_technology 6/8)
[2026-05-12 10:14:11] ==== loop 6/∞ | seed=976442493160730012 archetype=opportunist personality=minero focus=tech actions_per_loop=3 ====
[10:14:11] planet 35: queue busy, throttled building_robot_factory
[10:14:11] planet 35: queue busy, throttled building_robot_factory
[10:14:11] research: blocked research_intergalactic_research_network (research_computer_technology 6/8)
[2026-05-12 10:14:45] ==== loop 7/∞ | seed=976442493160730012 archetype=opportunist personality=minero focus=tech actions_per_loop=3 ====
[10:14:45] planet 35: queue busy, throttled building_robot_factory
[10:14:45] planet 35: queue busy, throttled building_robot_factory
[10:14:45] planet 35: queue busy, throttled building_robot_factory
[10:14:45] research: blocked research_intergalactic_research_network (research_computer_technology 6/8)
[2026-05-12 10:15:24] ==== loop 8/∞ | seed=976442493160730012 archetype=opportunist personality=minero focus=tech actions_per_loop=3 ====
[10:15:24] planet 35: queue busy, throttled building_robot_factory
[10:15:24] planet 35: queue busy, throttled building_robot_factory
[10:15:24] planet 35: queue busy, throttled building_robot_factory
[2026-05-12 10:16:03] ==== loop 9/∞ | seed=976442493160730012 archetype=opportunist personality=minero focus=tech actions_per_loop=3 ====
[10:16:03] planet 35: queue busy, throttled building_robot_factory
[10:16:03] planet 35: queue busy, throttled building_robot_factory
[10:16:03] planet 35: queue busy, throttled building_robot_factory
[2026-05-12 10:16:40] ==== loop 10/∞ | seed=976442493160730012 archetype=opportunist personality=minero focus=tech actions_per_loop=3 ====
[10:16:40] planet 35: queue busy, throttled building_robot_factory
[10:16:40] planet 35: queue busy, throttled building_robot_factory
[10:16:40] planet 35: queue busy, throttled building_robot_factory
[10:16:40] research: blocked research_intergalactic_research_network (research_computer_technology 6/8)
[2026-05-12 10:17:16] ==== loop 11/∞ | seed=976442493160730012 archetype=opportunist personality=minero focus=tech actions_per_loop=3 ====
[10:17:16] planet 35: queue busy, throttled building_robot_factory
[10:17:16] planet 35: queue busy, throttled building_robot_factory
[10:17:16] planet 35: queue busy, throttled building_robot_factory
[2026-05-12 10:17:55] ==== loop 12/∞ | seed=976442493160730012 archetype=opportunist personality=minero focus=tech actions_per_loop=3 ====
[10:17:55] planet 35: queue busy, throttled building_robot_factory
[10:17:55] planet 35: queue busy, throttled building_robot_factory
[10:17:55] research: blocked research_intergalactic_research_network (research_computer_technology 6/8)
[2026-05-12 10:18:34] ==== loop 13/∞ | seed=976442493160730012 archetype=opportunist personality=minero focus=tech actions_per_loop=3 ====
[10:18:34] planet 35: queue busy, throttled building_robot_factory
[10:18:34] planet 35: queue busy, throttled building_robot_factory
[10:18:34] planet 35: queue busy, throttled building_robot_factory
[2026-05-12 10:19:12] ==== loop 14/∞ | seed=976442493160730012 archetype=opportunist personality=minero focus=tech actions_per_loop=3 ====
[10:19:12] planet 35: queue busy, throttled building_robot_factory
[10:19:12] planet 35: queue busy, throttled building_robot_factory
[10:19:12] planet 35: queue busy, throttled building_robot_factory
[10:19:12] research: blocked research_intergalactic_research_network (research_computer_technology 6/8)
[2026-05-12 10:19:50] ==== loop 15/∞ | seed=976442493160730012 archetype=opportunist personality=minero focus=tech actions_per_loop=3 ====
[10:19:50] planet 35: queue busy, throttled building_robot_factory
[10:19:50] planet 35: queue busy, throttled building_robot_factory
[10:19:50] planet 35: queue busy, throttled building_robot_factory
[2026-05-12 10:20:28] ==== loop 16/∞ | seed=976442493160730012 archetype=opportunist personality=minero focus=tech actions_per_loop=3 ====
[10:20:28] planet 35: queue busy, throttled building_robot_factory
[10:20:28] planet 35: queue busy, throttled building_robot_factory
[10:20:28] planet 35: queue busy, throttled building_robot_factory
[2026-05-12 10:21:05] ==== loop 17/∞ | seed=976442493160730012 archetype=opportunist personality=minero focus=tech actions_per_loop=3 ====
[10:21:05] planet 35: queue busy, throttled building_robot_factory
[10:21:05] planet 35: queue busy, throttled building_robot_factory
[10:21:05] planet 35: queue busy, throttled building_robot_factory
[2026-05-12 10:21:40] ==== loop 18/∞ | seed=976442493160730012 archetype=opportunist personality=minero focus=tech actions_per_loop=3 ====
[10:21:40] planet 35: queue busy, throttled building_robot_factory
[10:21:40] planet 35: queue busy, throttled building_robot_factory
[10:21:40] planet 35: queue busy, throttled building_robot_factory
[2026-05-12 10:22:15] ==== loop 19/∞ | seed=976442493160730012 archetype=opportunist personality=minero focus=tech actions_per_loop=3 ====
[10:22:15] planet 35: queue busy, throttled building_robot_factory
[10:22:15] planet 35: queue busy, throttled building_robot_factory
[10:22:15] planet 35: queue busy, throttled building_robot_factory
[10:22:15] research: blocked research_intergalactic_research_network (research_computer_technology 6/8)
[2026-05-12 10:22:53] ==== loop 20/∞ | seed=976442493160730012 archetype=opportunist personality=minero focus=tech actions_per_loop=3 ====
[10:22:53] planet 35: queue busy, throttled building_robot_factory
[10:22:53] planet 35: queue busy, throttled building_robot_factory
[10:22:53] planet 35: queue busy, throttled building_robot_factory
[2026-05-12 10:23:27] ==== loop 21/∞ | seed=976442493160730012 archetype=opportunist personality=minero focus=tech actions_per_loop=3 ====
[10:23:27] planet 35: queue busy, throttled building_robot_factory
[10:23:27] planet 35: queue busy, throttled building_robot_factory
[10:23:27] planet 35: queue busy, throttled building_robot_factory
[10:23:27] research: blocked research_intergalactic_research_network (research_computer_technology 6/8)
[2026-05-12 10:24:06] ==== loop 22/∞ | seed=976442493160730012 archetype=opportunist personality=minero focus=tech actions_per_loop=3 ====
[10:24:06] planet 35: queue busy, throttled building_robot_factory
[10:24:06] planet 35: queue busy, throttled building_robot_factory
[10:24:06] planet 35: queue busy, throttled building_robot_factory
[2026-05-12 10:24:44] ==== loop 23/∞ | seed=976442493160730012 archetype=opportunist personality=minero focus=tech actions_per_loop=3 ====
[10:24:44] planet 35: queue busy, throttled building_robot_factory
[10:24:44] planet 35: queue busy, throttled building_robot_factory
[10:24:44] planet 35: queue busy, throttled building_robot_factory
[10:24:44] research: blocked research_intergalactic_research_network (research_computer_technology 6/8)
[2026-05-12 10:25:19] ==== loop 24/∞ | seed=976442493160730012 archetype=opportunist personality=minero focus=tech actions_per_loop=3 ====
[10:25:19] planet 35: queue busy, throttled building_robot_factory
[10:25:19] planet 35: queue busy, throttled building_robot_factory
[10:25:19] planet 35: queue busy, throttled building_robot_factory
[2026-05-12 10:25:58] ==== loop 25/∞ | seed=976442493160730012 archetype=opportunist personality=minero focus=tech actions_per_loop=3 ====
[10:25:58] planet 35: queue busy, throttled building_robot_factory
[10:25:58] planet 35: queue busy, throttled building_robot_factory
[10:25:58] planet 35: queue busy, throttled building_robot_factory
[10:25:58] research: blocked research_intergalactic_research_network (research_computer_technology 6/8)
[2026-05-12 10:26:34] ==== loop 26/∞ | seed=976442493160730012 archetype=opportunist personality=minero focus=tech actions_per_loop=3 ====
[10:26:34] planet 35: queue busy, throttled building_robot_factory
[10:26:34] planet 35: queue busy, throttled building_robot_factory
[10:26:34] planet 35: queue busy, throttled building_robot_factory
[2026-05-12 10:27:11] ==== loop 27/∞ | seed=976442493160730012 archetype=opportunist personality=minero focus=tech actions_per_loop=3 ====
[10:27:11] planet 35: queue busy, throttled building_robot_factory
[10:27:11] planet 35: queue busy, throttled building_robot_factory
[10:27:11] planet 35: queue busy, throttled building_robot_factory
[2026-05-12 10:27:51] ==== loop 28/∞ | seed=976442493160730012 archetype=opportunist personality=minero focus=tech actions_per_loop=3 ====
[10:27:51] planet 35: queue busy, throttled building_robot_factory
[10:27:51] planet 35: queue busy, throttled building_robot_factory
[10:27:51] planet 35: queue busy, throttled building_robot_factory
[2026-05-12 10:28:33] ==== loop 29/∞ | seed=976442493160730012 archetype=opportunist personality=minero focus=tech actions_per_loop=3 ====
[10:28:33] planet 35: queue busy, throttled building_robot_factory
[10:28:33] planet 35: queue busy, throttled building_robot_factory
[10:28:33] planet 35: queue busy, throttled building_robot_factory
[2026-05-12 10:29:09] ==== loop 30/∞ | seed=976442493160730012 archetype=opportunist personality=minero focus=tech actions_per_loop=3 ====
[10:29:09] planet 35: queue busy, throttled building_robot_factory
[10:29:09] planet 35: queue busy, throttled building_robot_factory
[10:29:09] planet 35: queue busy, throttled building_robot_factory
[10:29:09] research: blocked research_intergalactic_research_network (research_computer_technology 6/8)
[2026-05-12 10:29:48] ==== loop 31/∞ | seed=976442493160730012 archetype=opportunist personality=minero focus=tech actions_per_loop=3 ====
[10:29:48] planet 35: queue busy, throttled building_robot_factory
[10:29:48] planet 35: queue busy, throttled building_robot_factory
[10:29:48] planet 35: queue busy, throttled building_robot_factory
[2026-05-12 10:30:27] ==== loop 32/∞ | seed=976442493160730012 archetype=opportunist personality=minero focus=tech actions_per_loop=3 ====
[10:30:27] planet 35: queue busy, throttled building_robot_factory
[10:30:27] planet 35: queue busy, throttled building_robot_factory
[10:30:27] planet 35: queue busy, throttled building_robot_factory
[10:30:27] research: blocked research_intergalactic_research_network (research_computer_technology 6/8)
[2026-05-12 10:31:03] ==== loop 33/∞ | seed=976442493160730012 archetype=opportunist personality=minero focus=tech actions_per_loop=3 ====
[10:31:03] planet 35: queue busy, throttled building_robot_factory
[10:31:03] planet 35: queue busy, throttled building_robot_factory
[10:31:03] planet 35: queue busy, throttled building_robot_factory
[10:31:03] research: blocked research_intergalactic_research_network (research_computer_technology 6/8)
[2026-05-12 10:31:46] ==== loop 34/∞ | seed=976442493160730012 archetype=opportunist personality=minero focus=tech actions_per_loop=3 ====
[10:31:47] planet 35: queue busy, throttled building_robot_factory
[10:31:47] planet 35: queue busy, throttled building_robot_factory
[10:31:47] planet 35: queue busy, throttled building_robot_factory
[10:31:47] research: blocked research_intergalactic_research_network (research_computer_technology 6/8)
[2026-05-12 10:32:29] ==== loop 35/∞ | seed=976442493160730012 archetype=opportunist personality=minero focus=tech actions_per_loop=3 ====
[10:32:29] planet 35: queue busy, throttled building_robot_factory
[10:32:29] planet 35: queue busy, throttled building_robot_factory
[10:32:29] planet 35: queue busy, throttled building_robot_factory
[10:32:29] research: blocked research_intergalactic_research_network (research_computer_technology 6/8)
[2026-05-12 10:33:13] ==== loop 36/∞ | seed=976442493160730012 archetype=opportunist personality=minero focus=tech actions_per_loop=3 ====
[10:33:13] planet 35: queue busy, throttled building_robot_factory
[10:33:13] planet 35: queue busy, throttled building_robot_factory
[10:33:13] planet 35: queue busy, throttled building_robot_factory
[10:33:13] research: blocked research_intergalactic_research_network (research_computer_technology 6/8)
[2026-05-12 10:33:57] ==== loop 37/∞ | seed=976442493160730012 archetype=opportunist personality=minero focus=tech actions_per_loop=3 ====
[10:33:57] planet 35: queue busy, throttled building_robot_factory
[10:33:57] planet 35: queue busy, throttled building_robot_factory
[10:33:57] planet 35: queue busy, throttled building_robot_factory
[10:33:57] research: blocked research_intergalactic_research_network (research_computer_technology 6/8)
[2026-05-12 10:34:37] ==== loop 38/∞ | seed=976442493160730012 archetype=opportunist personality=minero focus=tech actions_per_loop=3 ====
[10:34:37] planet 35: queue busy, throttled building_robot_factory
[10:34:37] planet 35: queue busy, throttled building_robot_factory
[10:34:37] planet 35: queue busy, throttled building_robot_factory
[10:34:37] research: blocked research_intergalactic_research_network (research_computer_technology 6/8)
[2026-05-12 10:35:19] ==== loop 39/∞ | seed=976442493160730012 archetype=opportunist personality=minero focus=tech actions_per_loop=3 ====
[10:35:19] planet 35: queue busy, throttled building_robot_factory
[10:35:19] planet 35: queue busy, throttled building_robot_factory
[10:35:19] planet 35: queue busy, throttled building_robot_factory
[10:35:19] research: blocked research_intergalactic_research_network (research_computer_technology 6/8)
[2026-05-12 10:35:57] ==== loop 40/∞ | seed=976442493160730012 archetype=opportunist personality=minero focus=tech actions_per_loop=3 ====
[10:35:57] planet 35: queue busy, throttled building_robot_factory
[10:35:57] planet 35: queue busy, throttled building_robot_factory
[10:35:57] planet 35: queue busy, throttled building_robot_factory
[10:35:57] research: blocked research_intergalactic_research_network (research_computer_technology 6/8)
[2026-05-12 10:36:35] ==== loop 41/∞ | seed=976442493160730012 archetype=opportunist personality=minero focus=tech actions_per_loop=3 ====
[10:36:35] planet 35: queue busy, throttled building_robot_factory
[10:36:35] planet 35: queue busy, throttled building_robot_factory
[10:36:35] planet 35: queue busy, throttled building_robot_factory
[10:36:35] research: blocked research_intergalactic_research_network (research_computer_technology 6/8)
[2026-05-12 10:37:22] ==== loop 42/∞ | seed=976442493160730012 archetype=opportunist personality=minero focus=tech actions_per_loop=3 ====
[10:37:22] planet 35: queue busy, throttled building_robot_factory
[10:37:22] planet 35: queue busy, throttled building_robot_factory
[10:37:22] planet 35: queue busy, throttled building_robot_factory
[10:37:22] research: blocked research_intergalactic_research_network (research_computer_technology 6/8)
[2026-05-12 10:38:09] ==== loop 43/∞ | seed=976442493160730012 archetype=opportunist personality=minero focus=tech actions_per_loop=3 ====
[10:38:09] planet 35: queue busy, throttled building_robot_factory
[10:38:09] planet 35: queue busy, throttled building_robot_factory
[10:38:09] planet 35: queue busy, throttled building_robot_factory
[10:38:09] research: blocked research_intergalactic_research_network (research_computer_technology 6/8)
[2026-05-12 10:38:52] ==== loop 44/∞ | seed=976442493160730012 archetype=opportunist personality=minero focus=tech actions_per_loop=3 ====
[10:38:52] planet 35: queue busy, throttled building_robot_factory
[10:38:52] planet 35: queue busy, throttled building_robot_factory
[10:38:52] planet 35: queue busy, throttled building_robot_factory
[10:38:52] research: blocked research_intergalactic_research_network (research_computer_technology 6/8)
[2026-05-12 10:39:43] ==== loop 45/∞ | seed=976442493160730012 archetype=opportunist personality=minero focus=tech actions_per_loop=3 ====
[10:39:43] planet 35: queue busy, throttled building_robot_factory
[10:39:43] planet 35: queue busy, throttled building_robot_factory
[10:39:43] planet 35: queue busy, throttled building_robot_factory
[10:39:43] research: blocked research_intergalactic_research_network (research_computer_technology 6/8)
[2026-05-12 10:40:19] ==== loop 46/∞ | seed=976442493160730012 archetype=opportunist personality=minero focus=tech actions_per_loop=3 ====
[10:40:19] planet 35: queue busy, throttled building_robot_factory
[10:40:19] planet 35: queue busy, throttled building_robot_factory
[10:40:19] planet 35: queue busy, throttled building_robot_factory
[10:40:19] research: blocked research_intergalactic_research_network (research_computer_technology 6/8)
[2026-05-12 10:40:58] ==== loop 47/∞ | seed=976442493160730012 archetype=opportunist personality=minero focus=tech actions_per_loop=3 ====
[10:40:58] planet 35: queue busy, throttled building_robot_factory
[10:40:58] planet 35: queue busy, throttled building_robot_factory
[10:40:58] planet 35: queue busy, throttled building_robot_factory
[10:40:58] research: blocked research_intergalactic_research_network (research_computer_technology 6/8)
[2026-05-12 10:41:43] ==== loop 48/∞ | seed=976442493160730012 archetype=opportunist personality=minero focus=tech actions_per_loop=3 ====
[10:41:43] planet 35: queue busy, throttled building_robot_factory
[10:41:43] planet 35: queue busy, throttled building_robot_factory
[10:41:43] planet 35: queue busy, throttled building_robot_factory
[10:41:43] research: blocked research_intergalactic_research_network (research_computer_technology 6/8)
[2026-05-12 10:42:22] ==== loop 49/∞ | seed=976442493160730012 archetype=opportunist personality=minero focus=tech actions_per_loop=3 ====
[10:42:22] planet 35: queue busy, throttled building_robot_factory
[10:42:22] planet 35: queue busy, throttled building_robot_factory
[10:42:22] planet 35: queue busy, throttled building_robot_factory
[10:42:22] research: blocked research_intergalactic_research_network (research_computer_technology 6/8)
[2026-05-12 10:43:06] ==== loop 50/∞ | seed=976442493160730012 archetype=opportunist personality=minero focus=tech actions_per_loop=3 ====
[10:43:06] planet 35: queue busy, throttled building_robot_factory
[10:43:06] planet 35: queue busy, throttled building_robot_factory
[10:43:06] planet 35: queue busy, throttled building_robot_factory
[2026-05-12 10:43:55] ==== loop 51/∞ | seed=976442493160730012 archetype=opportunist personality=minero focus=tech actions_per_loop=3 ====
[10:43:55] planet 35: queue busy, throttled building_robot_factory
[10:43:55] planet 35: queue busy, throttled building_robot_factory
[10:43:55] planet 35: queue busy, throttled building_robot_factory
[10:43:55] research: blocked research_intergalactic_research_network (research_computer_technology 6/8)
[2026-05-12 10:44:37] ==== loop 1/∞ | seed=976442493160730012 archetype=opportunist personality=minero focus=tech actions_per_loop=3 ====
[10:44:37] planet 35: queue busy, throttled building_robot_factory
[10:44:37] planet 35: queue busy, throttled building_robot_factory
[10:44:37] planet 35: queue busy, throttled building_robot_factory
[2026-05-12 10:45:25] ==== loop 2/∞ | seed=976442493160730012 archetype=opportunist personality=minero focus=tech actions_per_loop=3 ====
[10:45:25] planet 35: queue busy, throttled building_robot_factory
[10:45:25] planet 35: queue busy, throttled building_robot_factory
[10:45:25] planet 35: queue busy, throttled building_robot_factory
[10:45:25] research: blocked research_intergalactic_research_network (research_computer_technology 6/8)
[2026-05-12 10:46:09] ==== loop 3/∞ | seed=976442493160730012 archetype=opportunist personality=minero focus=tech actions_per_loop=3 ====
[10:46:09] planet 35: queue busy, throttled building_robot_factory
[10:46:09] planet 35: queue busy, throttled building_robot_factory
[2026-05-12 10:46:51] ==== loop 4/∞ | seed=976442493160730012 archetype=opportunist personality=minero focus=tech actions_per_loop=3 ====
[10:46:51] planet 35: queue busy, throttled building_robot_factory
[10:46:51] planet 35: queue busy, throttled building_robot_factory
[10:46:51] planet 35: queue busy, throttled building_robot_factory
[2026-05-12 10:47:31] ==== loop 5/∞ | seed=976442493160730012 archetype=opportunist personality=minero focus=tech actions_per_loop=3 ====
[10:47:31] planet 35: queue busy, throttled building_robot_factory
[10:47:31] planet 35: queue busy, throttled building_robot_factory
[10:47:31] planet 35: queue busy, throttled building_robot_factory
[10:47:31] research: blocked research_intergalactic_research_network (research_computer_technology 6/8)
[2026-05-12 10:48:09] ==== loop 6/∞ | seed=976442493160730012 archetype=opportunist personality=minero focus=tech actions_per_loop=3 ====
[10:48:09] planet 35: queue busy, throttled building_robot_factory
[10:48:09] planet 35: queue busy, throttled building_robot_factory
[10:48:09] planet 35: queue busy, throttled building_robot_factory
[2026-05-12 10:48:50] ==== loop 7/∞ | seed=976442493160730012 archetype=opportunist personality=minero focus=tech actions_per_loop=3 ====
[10:48:50] planet 35: queue busy, throttled building_robot_factory
[10:48:50] planet 35: queue busy, throttled building_robot_factory
[10:48:50] planet 35: queue busy, throttled building_robot_factory
[10:48:50] research: blocked research_intergalactic_research_network (research_computer_technology 6/8)
[2026-05-12 10:49:29] ==== loop 8/∞ | seed=976442493160730012 archetype=opportunist personality=minero focus=tech actions_per_loop=3 ====
[10:49:29] planet 35: queue busy, throttled building_robot_factory
[10:49:29] planet 35: queue busy, throttled building_robot_factory
[10:49:29] planet 35: queue busy, throttled building_robot_factory
[10:49:29] research: blocked research_intergalactic_research_network (research_computer_technology 6/8)
[2026-05-12 10:50:12] ==== loop 9/∞ | seed=976442493160730012 archetype=opportunist personality=minero focus=tech actions_per_loop=3 ====
[10:50:12] planet 35: queue busy, throttled building_robot_factory
[10:50:12] planet 35: queue busy, throttled building_robot_factory
[10:50:12] planet 35: queue busy, throttled building_robot_factory
[10:50:12] research: blocked research_intergalactic_research_network (research_computer_technology 6/8)
[2026-05-12 10:50:58] ==== loop 10/∞ | seed=976442493160730012 archetype=opportunist personality=minero focus=tech actions_per_loop=3 ====
[10:50:58] planet 35: queue busy, throttled building_robot_factory
[10:50:58] planet 35: queue busy, throttled building_robot_factory
[10:50:58] planet 35: queue busy, throttled building_robot_factory
[10:50:58] research: blocked research_intergalactic_research_network (research_computer_technology 6/8)
[2026-05-12 10:51:45] ==== loop 11/∞ | seed=976442493160730012 archetype=opportunist personality=minero focus=tech actions_per_loop=3 ====
[10:51:45] planet 35: queue busy, throttled building_robot_factory
[10:51:45] planet 35: queue busy, throttled building_robot_factory
[10:51:45] planet 35: queue busy, throttled building_robot_factory
[10:51:45] research: blocked research_intergalactic_research_network (research_computer_technology 6/8)
[2026-05-12 10:52:28] ==== loop 12/∞ | seed=976442493160730012 archetype=opportunist personality=minero focus=tech actions_per_loop=3 ====
[10:52:28] planet 35: queue busy, throttled building_robot_factory
[10:52:28] planet 35: queue busy, throttled building_robot_factory
[10:52:28] planet 35: queue busy, throttled building_robot_factory
[2026-05-12 10:53:09] ==== loop 13/∞ | seed=976442493160730012 archetype=opportunist personality=minero focus=tech actions_per_loop=3 ====
[10:53:09] planet 35: queue busy, throttled building_robot_factory
[10:53:09] planet 35: queue busy, throttled building_robot_factory
[10:53:09] planet 35: queue busy, throttled building_robot_factory
[10:53:09] research: blocked research_intergalactic_research_network (research_computer_technology 6/8)
[2026-05-12 10:53:56] ==== loop 14/∞ | seed=976442493160730012 archetype=opportunist personality=minero focus=tech actions_per_loop=3 ====
[10:53:56] planet 35: queue busy, throttled building_robot_factory
[10:53:56] planet 35: queue busy, throttled building_robot_factory
[10:53:56] planet 35: queue busy, throttled building_robot_factory
[10:53:56] research: blocked research_intergalactic_research_network (research_computer_technology 6/8)
[2026-05-12 10:54:40] ==== loop 15/∞ | seed=976442493160730012 archetype=opportunist personality=minero focus=tech actions_per_loop=3 ====
[10:54:40] planet 35: queue busy, throttled building_robot_factory
[10:54:40] planet 35: queue busy, throttled building_robot_factory
[10:54:40] planet 35: queue busy, throttled building_robot_factory
[10:54:40] research: blocked research_intergalactic_research_network (research_computer_technology 6/8)
[2026-05-12 10:55:23] ==== loop 16/∞ | seed=976442493160730012 archetype=opportunist personality=minero focus=tech actions_per_loop=3 ====
[10:55:23] planet 35: queue busy, throttled building_robot_factory
[10:55:23] planet 35: queue busy, throttled building_robot_factory
[10:55:23] planet 35: queue busy, throttled building_robot_factory
[10:55:23] research: blocked research_intergalactic_research_network (research_computer_technology 6/8)
[2026-05-12 10:56:11] ==== loop 17/∞ | seed=976442493160730012 archetype=opportunist personality=minero focus=tech actions_per_loop=3 ====
[10:56:11] planet 35: queue busy, throttled building_robot_factory
[10:56:11] planet 35: queue busy, throttled building_robot_factory
[10:56:11] planet 35: queue busy, throttled building_robot_factory
[10:56:11] research: blocked research_intergalactic_research_network (research_computer_technology 6/8)
[2026-05-12 10:56:53] ==== loop 18/∞ | seed=976442493160730012 archetype=opportunist personality=minero focus=tech actions_per_loop=3 ====
[10:56:53] planet 35: queue busy, throttled building_robot_factory
[10:56:53] planet 35: queue busy, throttled building_robot_factory
[10:56:53] research: blocked research_intergalactic_research_network (research_computer_technology 6/8)
[2026-05-12 10:57:37] ==== loop 19/∞ | seed=976442493160730012 archetype=opportunist personality=minero focus=tech actions_per_loop=3 ====
[10:57:37] planet 35: queue busy, throttled building_robot_factory
[10:57:37] planet 35: queue busy, throttled building_robot_factory
[10:57:37] planet 35: queue busy, throttled building_robot_factory
[10:57:37] research: blocked research_intergalactic_research_network (research_computer_technology 6/8)
[2026-05-12 10:58:22] ==== loop 20/∞ | seed=976442493160730012 archetype=opportunist personality=minero focus=tech actions_per_loop=3 ====
[10:58:22] planet 35: queue busy, throttled building_robot_factory
[10:58:22] planet 35: queue busy, throttled building_robot_factory
[10:58:22] planet 35: queue busy, throttled building_robot_factory
[2026-05-12 10:59:07] ==== loop 21/∞ | seed=976442493160730012 archetype=opportunist personality=minero focus=tech actions_per_loop=3 ====
[10:59:07] planet 35: queue busy, throttled building_robot_factory
[10:59:07] planet 35: queue busy, throttled building_robot_factory
[10:59:07] planet 35: queue busy, throttled building_robot_factory
[2026-05-12 10:59:48] ==== loop 22/∞ | seed=976442493160730012 archetype=opportunist personality=minero focus=tech actions_per_loop=3 ====
[10:59:48] planet 35: queue busy, throttled building_robot_factory
[10:59:48] planet 35: queue busy, throttled building_robot_factory
[10:59:48] planet 35: queue busy, throttled building_robot_factory
[10:59:48] research: blocked research_intergalactic_research_network (research_computer_technology 6/8)
[2026-05-12 11:00:31] ==== loop 23/∞ | seed=976442493160730012 archetype=opportunist personality=minero focus=tech actions_per_loop=3 ====
[11:00:31] planet 35: queue busy, throttled building_robot_factory
[11:00:31] planet 35: queue busy, throttled building_robot_factory
[11:00:31] planet 35: queue busy, throttled building_robot_factory
[11:00:31] research: blocked research_intergalactic_research_network (research_computer_technology 6/8)
[2026-05-12 11:01:13] ==== loop 24/∞ | seed=976442493160730012 archetype=opportunist personality=minero focus=tech actions_per_loop=3 ====
[11:01:13] planet 35: queue busy, throttled building_robot_factory
[11:01:13] planet 35: queue busy, throttled building_robot_factory
[11:01:13] planet 35: queue busy, throttled building_robot_factory
[11:01:13] research: blocked research_intergalactic_research_network (research_computer_technology 6/8)
[2026-05-12 11:01:57] ==== loop 25/∞ | seed=976442493160730012 archetype=opportunist personality=minero focus=tech actions_per_loop=3 ====
[11:01:57] planet 35: queue busy, throttled building_robot_factory
[11:01:57] planet 35: queue busy, throttled building_robot_factory
[11:01:57] planet 35: queue busy, throttled building_robot_factory
[2026-05-12 11:02:42] ==== loop 26/∞ | seed=976442493160730012 archetype=opportunist personality=minero focus=tech actions_per_loop=3 ====
[11:02:42] planet 35: queue busy, throttled building_robot_factory
[11:02:42] planet 35: queue busy, throttled building_robot_factory
[11:02:42] planet 35: queue busy, throttled building_robot_factory
[11:02:42] research: blocked research_intergalactic_research_network (research_computer_technology 6/8)
[2026-05-12 11:03:31] ==== loop 27/∞ | seed=976442493160730012 archetype=opportunist personality=minero focus=tech actions_per_loop=3 ====
[11:03:31] planet 35: queue busy, throttled building_robot_factory
[11:03:31] planet 35: queue busy, throttled building_robot_factory
[11:03:31] planet 35: queue busy, throttled building_robot_factory
[11:03:31] research: blocked research_intergalactic_research_network (research_computer_technology 6/8)
[2026-05-12 11:04:20] ==== loop 28/∞ | seed=976442493160730012 archetype=opportunist personality=minero focus=tech actions_per_loop=3 ====
[11:04:20] planet 35: queue busy, throttled building_robot_factory
[11:04:20] planet 35: queue busy, throttled building_robot_factory
[11:04:20] research: blocked research_intergalactic_research_network (research_computer_technology 6/8)
[2026-05-12 11:05:05] ==== loop 29/∞ | seed=976442493160730012 archetype=opportunist personality=minero focus=tech actions_per_loop=3 ====
[11:05:05] planet 35: queue busy, throttled building_robot_factory
[11:05:05] planet 35: queue busy, throttled building_robot_factory
[11:05:05] planet 35: queue busy, throttled building_robot_factory
[11:05:05] research: blocked research_intergalactic_research_network (research_computer_technology 6/8)
[2026-05-12 11:05:52] ==== loop 30/∞ | seed=976442493160730012 archetype=opportunist personality=minero focus=tech actions_per_loop=3 ====
[11:05:52] planet 35: queue busy, throttled building_robot_factory
[11:05:52] planet 35: queue busy, throttled building_robot_factory
[11:05:52] planet 35: queue busy, throttled building_robot_factory
[11:05:52] research: blocked research_intergalactic_research_network (research_computer_technology 6/8)
[2026-05-12 11:06:37] ==== loop 31/∞ | seed=976442493160730012 archetype=opportunist personality=minero focus=tech actions_per_loop=3 ====
[11:06:37] planet 35: queue busy, throttled building_robot_factory
[11:06:37] planet 35: queue busy, throttled building_robot_factory
[11:06:37] planet 35: queue busy, throttled building_robot_factory
[2026-05-12 11:07:27] ==== loop 32/∞ | seed=976442493160730012 archetype=opportunist personality=minero focus=tech actions_per_loop=3 ====
[11:07:27] planet 35: queue busy, throttled building_robot_factory
[11:07:27] planet 35: queue busy, throttled building_robot_factory
[11:07:27] planet 35: queue busy, throttled building_robot_factory
[11:07:27] research: blocked research_intergalactic_research_network (research_computer_technology 6/8)
[2026-05-12 11:08:12] ==== loop 33/∞ | seed=976442493160730012 archetype=opportunist personality=minero focus=tech actions_per_loop=3 ====
[11:08:12] planet 35: queue busy, throttled building_robot_factory
[11:08:12] planet 35: queue busy, throttled building_robot_factory
[11:08:12] planet 35: queue busy, throttled building_robot_factory
[11:08:12] research: blocked research_intergalactic_research_network (research_computer_technology 6/8)
[2026-05-12 11:08:56] ==== loop 34/∞ | seed=976442493160730012 archetype=opportunist personality=minero focus=tech actions_per_loop=3 ====
[11:08:56] planet 35: queue busy, throttled building_robot_factory
[11:08:56] planet 35: queue busy, throttled building_robot_factory
[11:08:56] planet 35: queue busy, throttled building_robot_factory
[2026-05-12 11:09:42] ==== loop 35/∞ | seed=976442493160730012 archetype=opportunist personality=minero focus=tech actions_per_loop=3 ====
[11:09:42] planet 35: queue busy, throttled building_robot_factory
[11:09:42] planet 35: queue busy, throttled building_robot_factory
[11:09:42] planet 35: queue busy, throttled building_robot_factory
[11:09:42] research: blocked research_intergalactic_research_network (research_computer_technology 6/8)
[2026-05-12 11:10:27] ==== loop 36/∞ | seed=976442493160730012 archetype=opportunist personality=minero focus=tech actions_per_loop=3 ====
[11:10:27] planet 35: queue busy, throttled building_robot_factory
[11:10:27] planet 35: queue busy, throttled building_robot_factory
[11:10:27] planet 35: queue busy, throttled building_robot_factory
[11:10:27] research: blocked research_intergalactic_research_network (research_computer_technology 6/8)
[2026-05-12 11:11:12] ==== loop 37/∞ | seed=976442493160730012 archetype=opportunist personality=minero focus=tech actions_per_loop=3 ====
[11:11:12] planet 35: queue busy, throttled building_robot_factory
[11:11:12] planet 35: queue busy, throttled building_robot_factory
[11:11:12] planet 35: queue busy, throttled building_robot_factory
[11:11:12] research: blocked research_intergalactic_research_network (research_computer_technology 6/8)
[2026-05-12 11:11:55] ==== loop 38/∞ | seed=976442493160730012 archetype=opportunist personality=minero focus=tech actions_per_loop=3 ====
[11:11:55] planet 35: queue busy, throttled building_robot_factory
[11:11:55] planet 35: queue busy, throttled building_robot_factory
[11:11:55] planet 35: queue busy, throttled building_robot_factory
[11:11:55] research: blocked research_intergalactic_research_network (research_computer_technology 6/8)
[2026-05-12 11:12:35] ==== loop 39/∞ | seed=976442493160730012 archetype=opportunist personality=minero focus=tech actions_per_loop=3 ====
[11:12:35] planet 35: queue busy, throttled building_robot_factory
[11:12:35] planet 35: queue busy, throttled building_robot_factory
[11:12:35] planet 35: queue busy, throttled building_robot_factory
[11:12:35] research: blocked research_intergalactic_research_network (research_computer_technology 6/8)
[2026-05-12 11:13:18] ==== loop 40/∞ | seed=976442493160730012 archetype=opportunist personality=minero focus=tech actions_per_loop=3 ====
[11:13:18] planet 35: queue busy, throttled building_robot_factory
[11:13:18] planet 35: queue busy, throttled building_robot_factory
[11:13:18] planet 35: queue busy, throttled building_robot_factory
[2026-05-12 11:14:04] ==== loop 41/∞ | seed=976442493160730012 archetype=opportunist personality=minero focus=tech actions_per_loop=3 ====
[11:14:04] planet 35: queue busy, throttled building_robot_factory
[11:14:04] planet 35: queue busy, throttled building_robot_factory
[11:14:04] planet 35: queue busy, throttled building_robot_factory
[2026-05-12 11:14:45] ==== loop 42/∞ | seed=976442493160730012 archetype=opportunist personality=minero focus=tech actions_per_loop=3 ====
[11:14:45] planet 35: queue busy, throttled building_robot_factory
[11:14:45] planet 35: queue busy, throttled building_robot_factory
[11:14:45] planet 35: queue busy, throttled building_robot_factory
[11:14:45] research: blocked research_intergalactic_research_network (research_computer_technology 6/8)
[2026-05-12 11:15:35] ==== loop 43/∞ | seed=976442493160730012 archetype=opportunist personality=minero focus=tech actions_per_loop=3 ====
[11:15:35] planet 35: queue busy, throttled building_robot_factory
[11:15:35] planet 35: queue busy, throttled building_robot_factory
[11:15:35] planet 35: queue busy, throttled building_robot_factory
[2026-05-12 11:16:24] ==== loop 44/∞ | seed=976442493160730012 archetype=opportunist personality=minero focus=tech actions_per_loop=3 ====
[11:16:24] planet 35: queue busy, throttled building_robot_factory
[11:16:24] planet 35: queue busy, throttled building_robot_factory
[11:16:24] research: blocked research_intergalactic_research_network (research_computer_technology 6/8)
[2026-05-12 11:17:12] ==== loop 45/∞ | seed=976442493160730012 archetype=opportunist personality=minero focus=tech actions_per_loop=3 ====
[11:17:12] planet 35: queue busy, throttled building_robot_factory
[11:17:12] planet 35: queue busy, throttled building_robot_factory
[11:17:12] planet 35: queue busy, throttled building_robot_factory
[11:17:12] research: blocked research_intergalactic_research_network (research_computer_technology 6/8)
[2026-05-12 11:18:01] ==== loop 46/∞ | seed=976442493160730012 archetype=opportunist personality=minero focus=tech actions_per_loop=3 ====
[11:18:01] planet 35: queue busy, throttled building_robot_factory
[11:18:01] planet 35: queue busy, throttled building_robot_factory
[11:18:01] planet 35: queue busy, throttled building_robot_factory
[11:18:01] research: blocked research_intergalactic_research_network (research_computer_technology 6/8)
[2026-05-12 11:18:48] ==== loop 47/∞ | seed=976442493160730012 archetype=opportunist personality=minero focus=tech actions_per_loop=3 ====
[11:18:48] planet 35: queue busy, throttled building_robot_factory
[11:18:48] planet 35: queue busy, throttled building_robot_factory
[11:18:48] planet 35: queue busy, throttled building_robot_factory
[2026-05-12 11:19:34] ==== loop 48/∞ | seed=976442493160730012 archetype=opportunist personality=minero focus=tech actions_per_loop=3 ====
[11:19:34] planet 35: queue busy, throttled building_robot_factory
[11:19:34] planet 35: queue busy, throttled building_robot_factory
[11:19:34] planet 35: queue busy, throttled building_robot_factory
[11:19:34] research: blocked research_intergalactic_research_network (research_computer_technology 6/8)
[2026-05-12 11:20:15] ==== loop 49/∞ | seed=976442493160730012 archetype=opportunist personality=minero focus=tech actions_per_loop=3 ====
[11:20:15] planet 35: queue busy, throttled building_robot_factory
[11:20:15] planet 35: queue busy, throttled building_robot_factory
[11:20:15] planet 35: queue busy, throttled building_robot_factory
[11:20:15] research: blocked research_intergalactic_research_network (research_computer_technology 6/8)
[2026-05-12 11:21:01] ==== loop 50/∞ | seed=976442493160730012 archetype=opportunist personality=minero focus=tech actions_per_loop=3 ====
[11:21:01] planet 35: queue busy, throttled building_robot_factory
[11:21:01] planet 35: queue busy, throttled building_robot_factory
[11:21:01] planet 35: queue busy, throttled building_robot_factory
[11:21:01] research: blocked research_intergalactic_research_network (research_computer_technology 6/8)
[2026-05-12 11:21:41] ==== loop 51/∞ | seed=976442493160730012 archetype=opportunist personality=minero focus=tech actions_per_loop=3 ====
[11:21:41] planet 35: queue busy, throttled building_robot_factory
[11:21:41] planet 35: queue busy, throttled building_robot_factory
[11:21:41] planet 35: queue busy, throttled building_robot_factory
[2026-05-12 11:22:23] ==== loop 52/∞ | seed=976442493160730012 archetype=opportunist personality=minero focus=tech actions_per_loop=3 ====
[11:22:23] planet 35: queue busy, throttled building_robot_factory
[11:22:23] planet 35: queue busy, throttled building_robot_factory
[11:22:23] research: blocked research_intergalactic_research_network (research_computer_technology 6/8)
[2026-05-12 11:23:05] ==== loop 53/∞ | seed=976442493160730012 archetype=opportunist personality=minero focus=tech actions_per_loop=3 ====
[11:23:05] planet 35: queue busy, throttled building_robot_factory
[11:23:05] planet 35: queue busy, throttled building_robot_factory
[11:23:05] planet 35: queue busy, throttled building_robot_factory
[2026-05-12 11:23:47] ==== loop 54/∞ | seed=976442493160730012 archetype=opportunist personality=minero focus=tech actions_per_loop=3 ====
[11:23:47] planet 35: queue busy, throttled building_robot_factory
[11:23:47] planet 35: queue busy, throttled building_robot_factory
[11:23:47] planet 35: queue busy, throttled building_robot_factory
[2026-05-12 11:24:28] ==== loop 55/∞ | seed=976442493160730012 archetype=opportunist personality=minero focus=tech actions_per_loop=3 ====
[11:24:28] planet 35: queue busy, throttled building_robot_factory
[11:24:28] planet 35: queue busy, throttled building_robot_factory
[11:24:28] planet 35: queue busy, throttled building_robot_factory
[11:24:28] research: blocked research_intergalactic_research_network (research_computer_technology 6/8)
[2026-05-12 11:25:08] ==== loop 56/∞ | seed=976442493160730012 archetype=opportunist personality=minero focus=tech actions_per_loop=3 ====
[11:25:08] planet 35: queue busy, throttled building_robot_factory
[11:25:08] planet 35: queue busy, throttled building_robot_factory
[11:25:08] planet 35: queue busy, throttled building_robot_factory
[2026-05-12 11:25:53] ==== loop 57/∞ | seed=976442493160730012 archetype=opportunist personality=minero focus=tech actions_per_loop=3 ====
[11:25:53] planet 35: queue busy, throttled building_robot_factory
[11:25:53] planet 35: queue busy, throttled building_robot_factory
[11:25:53] planet 35: queue busy, throttled building_robot_factory
[2026-05-12 11:26:32] ==== loop 58/∞ | seed=976442493160730012 archetype=opportunist personality=minero focus=tech actions_per_loop=3 ====
[11:26:32] planet 35: queue busy, throttled building_robot_factory
[11:26:32] planet 35: queue busy, throttled building_robot_factory
[11:26:32] planet 35: queue busy, throttled building_robot_factory
[2026-05-12 11:27:10] ==== loop 59/∞ | seed=976442493160730012 archetype=opportunist personality=minero focus=tech actions_per_loop=3 ====
[11:27:10] planet 35: queue busy, throttled building_robot_factory
[11:27:10] planet 35: queue busy, throttled building_robot_factory
[11:27:10] planet 35: queue busy, throttled building_robot_factory
[11:27:10] research: blocked research_intergalactic_research_network (research_computer_technology 6/8)
[2026-05-12 11:27:56] ==== loop 60/∞ | seed=976442493160730012 archetype=opportunist personality=minero focus=tech actions_per_loop=3 ====
[11:27:56] planet 35: queue busy, throttled building_robot_factory
[11:27:56] planet 35: queue busy, throttled building_robot_factory
[11:27:56] planet 35: queue busy, throttled building_robot_factory
[11:27:56] research: blocked research_intergalactic_research_network (research_computer_technology 6/8)
[2026-05-12 11:28:35] ==== loop 61/∞ | seed=976442493160730012 archetype=opportunist personality=minero focus=tech actions_per_loop=3 ====
[11:28:35] planet 35: queue busy, throttled building_robot_factory
[11:28:35] planet 35: queue busy, throttled building_robot_factory
[11:28:35] planet 35: queue busy, throttled building_robot_factory
[2026-05-12 11:29:23] ==== loop 62/∞ | seed=976442493160730012 archetype=opportunist personality=minero focus=tech actions_per_loop=3 ====
[11:29:23] planet 35: queue busy, throttled building_robot_factory
[11:29:23] planet 35: queue busy, throttled building_robot_factory
[11:29:23] planet 35: queue busy, throttled building_robot_factory
[11:29:23] research: blocked research_intergalactic_research_network (research_computer_technology 6/8)
[2026-05-12 11:30:04] ==== loop 63/∞ | seed=976442493160730012 archetype=opportunist personality=minero focus=tech actions_per_loop=3 ====
[11:30:04] planet 35: queue busy, throttled building_robot_factory
[11:30:04] planet 35: queue busy, throttled building_robot_factory
[11:30:04] research: blocked research_intergalactic_research_network (research_computer_technology 6/8)
[2026-05-12 11:30:43] ==== loop 64/∞ | seed=976442493160730012 archetype=opportunist personality=minero focus=tech actions_per_loop=3 ====
[11:30:43] planet 35: queue busy, throttled building_robot_factory
[11:30:43] planet 35: queue busy, throttled building_robot_factory
[11:30:43] planet 35: queue busy, throttled building_robot_factory
[11:30:43] research: blocked research_intergalactic_research_network (research_computer_technology 6/8)
[2026-05-12 11:31:26] ==== loop 65/∞ | seed=976442493160730012 archetype=opportunist personality=minero focus=tech actions_per_loop=3 ====
[11:31:26] planet 35: queue busy, throttled building_robot_factory
[11:31:26] planet 35: queue busy, throttled building_robot_factory
[11:31:26] planet 35: queue busy, throttled building_robot_factory
[11:31:26] research: blocked research_intergalactic_research_network (research_computer_technology 6/8)
[2026-05-12 11:32:08] ==== loop 66/∞ | seed=976442493160730012 archetype=opportunist personality=minero focus=tech actions_per_loop=3 ====
[11:32:08] planet 35: queue busy, throttled building_robot_factory
[11:32:08] planet 35: queue busy, throttled building_robot_factory
[11:32:08] planet 35: queue busy, throttled building_robot_factory
[11:32:08] research: blocked research_intergalactic_research_network (research_computer_technology 6/8)
[2026-05-12 11:32:50] ==== loop 67/∞ | seed=976442493160730012 archetype=opportunist personality=minero focus=tech actions_per_loop=3 ====
[11:32:50] planet 35: queue busy, throttled building_robot_factory
[11:32:50] planet 35: queue busy, throttled building_robot_factory
[11:32:50] planet 35: queue busy, throttled building_robot_factory
[2026-05-12 11:33:33] ==== loop 68/∞ | seed=976442493160730012 archetype=opportunist personality=minero focus=tech actions_per_loop=3 ====
[11:33:33] planet 35: queue busy, throttled building_robot_factory
[11:33:33] planet 35: queue busy, throttled building_robot_factory
[11:33:33] planet 35: queue busy, throttled building_robot_factory
[11:33:33] research: blocked research_intergalactic_research_network (research_computer_technology 6/8)
[2026-05-12 11:34:17] ==== loop 69/∞ | seed=976442493160730012 archetype=opportunist personality=minero focus=tech actions_per_loop=3 ====
[11:34:17] planet 35: queue busy, throttled building_robot_factory
[11:34:17] planet 35: queue busy, throttled building_robot_factory
[11:34:17] planet 35: queue busy, throttled building_robot_factory
[2026-05-12 11:35:04] ==== loop 70/∞ | seed=976442493160730012 archetype=opportunist personality=minero focus=tech actions_per_loop=3 ====
[11:35:04] planet 35: queue busy, throttled building_robot_factory
[11:35:04] planet 35: queue busy, throttled building_robot_factory
[11:35:04] planet 35: queue busy, throttled building_robot_factory
[11:35:04] research: blocked research_intergalactic_research_network (research_computer_technology 6/8)
[2026-05-12 11:35:52] ==== loop 71/∞ | seed=976442493160730012 archetype=opportunist personality=minero focus=tech actions_per_loop=3 ====
[11:35:52] planet 35: queue busy, throttled building_robot_factory
[11:35:52] planet 35: queue busy, throttled building_robot_factory
[11:35:52] planet 35: queue busy, throttled building_robot_factory
[11:35:52] research: blocked research_intergalactic_research_network (research_computer_technology 6/8)
[2026-05-12 11:36:40] ==== loop 72/∞ | seed=976442493160730012 archetype=opportunist personality=minero focus=tech actions_per_loop=3 ====
[11:36:40] planet 35: queue busy, throttled building_robot_factory
[11:36:40] planet 35: queue busy, throttled building_robot_factory
[11:36:40] planet 35: queue busy, throttled building_robot_factory
[2026-05-12 11:37:26] ==== loop 73/∞ | seed=976442493160730012 archetype=opportunist personality=minero focus=tech actions_per_loop=3 ====
[11:37:26] planet 35: queue busy, throttled building_robot_factory
[11:37:26] planet 35: queue busy, throttled building_robot_factory
[11:37:26] planet 35: queue busy, throttled building_robot_factory
[11:37:26] research: blocked research_intergalactic_research_network (research_computer_technology 6/8)
[2026-05-12 11:38:16] ==== loop 74/∞ | seed=976442493160730012 archetype=opportunist personality=minero focus=tech actions_per_loop=3 ====
[11:38:16] planet 35: queue busy, throttled building_robot_factory
[11:38:16] planet 35: queue busy, throttled building_robot_factory
[11:38:16] planet 35: queue busy, throttled building_robot_factory
[2026-05-12 11:39:06] ==== loop 75/∞ | seed=976442493160730012 archetype=opportunist personality=minero focus=tech actions_per_loop=3 ====
[11:39:06] planet 35: queue busy, throttled building_robot_factory
[11:39:06] planet 35: queue busy, throttled building_robot_factory
[11:39:06] planet 35: queue busy, throttled building_robot_factory
[11:39:06] research: blocked research_intergalactic_research_network (research_computer_technology 6/8)
[2026-05-12 11:39:49] ==== loop 76/∞ | seed=976442493160730012 archetype=opportunist personality=minero focus=tech actions_per_loop=3 ====
[11:39:49] planet 35: queue busy, throttled building_robot_factory
[11:39:49] planet 35: queue busy, throttled building_robot_factory
[11:39:49] planet 35: queue busy, throttled building_robot_factory
[11:39:49] research: blocked research_intergalactic_research_network (research_computer_technology 6/8)
[2026-05-12 11:40:30] ==== loop 77/∞ | seed=976442493160730012 archetype=opportunist personality=minero focus=tech actions_per_loop=3 ====
[11:40:30] planet 35: queue busy, throttled building_robot_factory
[11:40:30] planet 35: queue busy, throttled building_robot_factory
[11:40:30] planet 35: queue busy, throttled building_robot_factory
[2026-05-12 11:41:19] ==== loop 78/∞ | seed=976442493160730012 archetype=opportunist personality=minero focus=tech actions_per_loop=3 ====
[11:41:19] planet 35: queue busy, throttled building_robot_factory
[11:41:19] planet 35: queue busy, throttled building_robot_factory
[2026-05-12 11:42:09] ==== loop 79/∞ | seed=976442493160730012 archetype=opportunist personality=minero focus=tech actions_per_loop=3 ====
[11:42:09] planet 35: queue busy, throttled building_robot_factory
[11:42:09] planet 35: queue busy, throttled building_robot_factory
[11:42:09] planet 35: queue busy, throttled building_robot_factory
[11:42:09] research: blocked research_intergalactic_research_network (research_computer_technology 6/8)
[2026-05-12 11:43:02] ==== loop 80/∞ | seed=976442493160730012 archetype=opportunist personality=minero focus=tech actions_per_loop=3 ====
[11:43:02] planet 35: queue busy, throttled building_robot_factory
[11:43:02] planet 35: queue busy, throttled building_robot_factory
[11:43:02] planet 35: queue busy, throttled building_robot_factory
[11:43:02] research: blocked research_intergalactic_research_network (research_computer_technology 6/8)
[2026-05-12 11:43:47] ==== loop 81/∞ | seed=976442493160730012 archetype=opportunist personality=minero focus=tech actions_per_loop=3 ====
[11:43:47] planet 35: queue busy, throttled building_robot_factory
[11:43:47] planet 35: queue busy, throttled building_robot_factory
[11:43:47] planet 35: queue busy, throttled building_robot_factory
[2026-05-12 11:44:35] ==== loop 82/∞ | seed=976442493160730012 archetype=opportunist personality=minero focus=tech actions_per_loop=3 ====
[11:44:35] planet 35: queue busy, throttled building_robot_factory
[11:44:35] planet 35: queue busy, throttled building_robot_factory
[11:44:35] planet 35: queue busy, throttled building_robot_factory
[11:44:35] research: blocked research_intergalactic_research_network (research_computer_technology 6/8)
[2026-05-12 11:45:25] ==== loop 83/∞ | seed=976442493160730012 archetype=opportunist personality=minero focus=tech actions_per_loop=3 ====
[11:45:25] planet 35: queue busy, throttled building_robot_factory
[11:45:25] planet 35: queue busy, throttled building_robot_factory
[11:45:25] planet 35: queue busy, throttled building_robot_factory
[11:45:25] research: blocked research_intergalactic_research_network (research_computer_technology 6/8)
[2026-05-12 11:46:09] ==== loop 84/∞ | seed=976442493160730012 archetype=opportunist personality=minero focus=tech actions_per_loop=3 ====
[11:46:09] planet 35: queue busy, throttled building_robot_factory
[11:46:09] planet 35: queue busy, throttled building_robot_factory
[11:46:09] planet 35: queue busy, throttled building_robot_factory
[11:46:09] research: blocked research_intergalactic_research_network (research_computer_technology 6/8)
[2026-05-12 11:46:55] ==== loop 85/∞ | seed=976442493160730012 archetype=opportunist personality=minero focus=tech actions_per_loop=3 ====
[11:46:55] planet 35: queue busy, throttled building_robot_factory
[11:46:55] planet 35: queue busy, throttled building_robot_factory
[11:46:55] planet 35: queue busy, throttled building_robot_factory
[11:46:55] research: blocked research_intergalactic_research_network (research_computer_technology 6/8)
[2026-05-12 11:47:44] ==== loop 86/∞ | seed=976442493160730012 archetype=opportunist personality=minero focus=tech actions_per_loop=3 ====
[11:47:44] planet 35: queue busy, throttled building_robot_factory
[11:47:44] planet 35: queue busy, throttled building_robot_factory
[11:47:44] planet 35: queue busy, throttled building_robot_factory
[11:47:44] research: blocked research_intergalactic_research_network (research_computer_technology 6/8)
[2026-05-12 11:48:27] ==== loop 87/∞ | seed=976442493160730012 archetype=opportunist personality=minero focus=tech actions_per_loop=3 ====
[11:48:27] planet 35: queue busy, throttled building_robot_factory
[11:48:27] planet 35: queue busy, throttled building_robot_factory
[11:48:27] planet 35: queue busy, throttled building_robot_factory
[2026-05-12 11:49:15] ==== loop 88/∞ | seed=976442493160730012 archetype=opportunist personality=minero focus=tech actions_per_loop=3 ====
[11:49:15] planet 35: queue busy, throttled building_robot_factory
[11:49:15] planet 35: queue busy, throttled building_robot_factory
[11:49:15] research: blocked research_intergalactic_research_network (research_computer_technology 6/8)
[2026-05-12 11:50:02] ==== loop 89/∞ | seed=976442493160730012 archetype=opportunist personality=minero focus=tech actions_per_loop=3 ====
[11:50:02] planet 35: queue busy, throttled building_robot_factory
[11:50:02] planet 35: queue busy, throttled building_robot_factory
[11:50:02] planet 35: queue busy, throttled building_robot_factory
[11:50:02] research: blocked research_intergalactic_research_network (research_computer_technology 6/8)
[2026-05-12 11:50:44] ==== loop 90/∞ | seed=976442493160730012 archetype=opportunist personality=minero focus=tech actions_per_loop=3 ====
[11:50:44] planet 35: queue busy, throttled building_robot_factory
[11:50:44] planet 35: queue busy, throttled building_robot_factory
[11:50:44] planet 35: queue busy, throttled building_robot_factory
[11:50:44] research: blocked research_intergalactic_research_network (research_computer_technology 6/8)
[2026-05-12 11:51:31] ==== loop 91/∞ | seed=976442493160730012 archetype=opportunist personality=minero focus=tech actions_per_loop=3 ====
[11:51:31] planet 35: queue busy, throttled building_robot_factory
[11:51:31] planet 35: queue busy, throttled building_robot_factory
[11:51:31] planet 35: queue busy, throttled building_robot_factory
[2026-05-12 11:52:17] ==== loop 92/∞ | seed=976442493160730012 archetype=opportunist personality=minero focus=tech actions_per_loop=3 ====
[11:52:17] planet 35: queue busy, throttled building_robot_factory
[11:52:17] planet 35: queue busy, throttled building_robot_factory
[11:52:17] planet 35: queue busy, throttled building_robot_factory
[11:52:17] research: blocked research_intergalactic_research_network (research_computer_technology 6/8)
[2026-05-12 11:53:03] ==== loop 93/∞ | seed=976442493160730012 archetype=opportunist personality=minero focus=tech actions_per_loop=3 ====
[11:53:03] planet 35: queue busy, throttled building_robot_factory
[11:53:03] planet 35: queue busy, throttled building_robot_factory
[11:53:03] planet 35: queue busy, throttled building_robot_factory
[11:53:03] research: blocked research_intergalactic_research_network (research_computer_technology 6/8)
[2026-05-12 11:53:46] ==== loop 94/∞ | seed=976442493160730012 archetype=opportunist personality=minero focus=tech actions_per_loop=3 ====
[11:53:46] planet 35: queue busy, throttled building_robot_factory
[11:53:46] planet 35: queue busy, throttled building_robot_factory
[11:53:46] planet 35: queue busy, throttled building_robot_factory
[11:53:46] research: blocked research_intergalactic_research_network (research_computer_technology 6/8)
[2026-05-12 11:54:33] ==== loop 95/∞ | seed=976442493160730012 archetype=opportunist personality=minero focus=tech actions_per_loop=3 ====
[11:54:33] planet 35: queue busy, throttled building_robot_factory
[11:54:33] planet 35: queue busy, throttled building_robot_factory
[11:54:33] planet 35: queue busy, throttled building_robot_factory
[2026-05-12 11:55:21] ==== loop 96/∞ | seed=976442493160730012 archetype=opportunist personality=minero focus=tech actions_per_loop=3 ====
[11:55:21] planet 35: queue busy, throttled building_robot_factory
[11:55:21] planet 35: queue busy, throttled building_robot_factory
[11:55:21] planet 35: queue busy, throttled building_robot_factory
[2026-05-12 11:56:09] ==== loop 97/∞ | seed=976442493160730012 archetype=opportunist personality=minero focus=tech actions_per_loop=3 ====
[11:56:09] planet 35: queue busy, throttled building_robot_factory
[11:56:09] planet 35: queue busy, throttled building_robot_factory
[11:56:09] planet 35: queue busy, throttled building_robot_factory
[11:56:09] research: blocked research_intergalactic_research_network (research_computer_technology 6/8)
[2026-05-12 11:56:54] ==== loop 98/∞ | seed=976442493160730012 archetype=opportunist personality=minero focus=tech actions_per_loop=3 ====
[11:56:54] planet 35: queue busy, throttled building_robot_factory
[11:56:54] planet 35: queue busy, throttled building_robot_factory
[11:56:54] planet 35: queue busy, throttled building_robot_factory
[2026-05-12 11:57:41] ==== loop 99/∞ | seed=976442493160730012 archetype=opportunist personality=minero focus=tech actions_per_loop=3 ====
[11:57:41] planet 35: queue busy, throttled building_robot_factory
[11:57:41] planet 35: queue busy, throttled building_robot_factory
[11:57:41] planet 35: queue busy, throttled building_robot_factory
[2026-05-12 11:58:25] ==== loop 100/∞ | seed=976442493160730012 archetype=opportunist personality=minero focus=tech actions_per_loop=3 ====
[11:58:25] planet 35: queue busy, throttled building_robot_factory
[11:58:25] planet 35: queue busy, throttled building_robot_factory
[11:58:25] planet 35: queue busy, throttled building_robot_factory
[11:58:25] research: blocked research_intergalactic_research_network (research_computer_technology 6/8)
[2026-05-12 11:59:11] ==== loop 101/∞ | seed=976442493160730012 archetype=opportunist personality=minero focus=tech actions_per_loop=3 ====
[11:59:11] planet 35: queue busy, throttled building_robot_factory
[11:59:11] planet 35: queue busy, throttled building_robot_factory
[11:59:11] planet 35: queue busy, throttled building_robot_factory
[11:59:11] research: blocked research_intergalactic_research_network (research_computer_technology 6/8)
[2026-05-12 11:59:59] ==== loop 102/∞ | seed=976442493160730012 archetype=opportunist personality=minero focus=tech actions_per_loop=3 ====
[11:59:59] planet 35: queue busy, throttled building_robot_factory
[11:59:59] planet 35: queue busy, throttled building_robot_factory
[11:59:59] planet 35: queue busy, throttled building_robot_factory
[11:59:59] research: blocked research_intergalactic_research_network (research_computer_technology 6/8)
[2026-05-12 12:00:37] ==== loop 103/∞ | seed=976442493160730012 archetype=opportunist personality=minero focus=tech actions_per_loop=3 ====
[12:00:37] planet 35: queue busy, throttled building_robot_factory
[12:00:37] planet 35: queue busy, throttled building_robot_factory
[12:00:37] planet 35: queue busy, throttled building_robot_factory
[12:00:37] research: blocked research_intergalactic_research_network (research_computer_technology 6/8)
[2026-05-12 12:01:26] ==== loop 104/∞ | seed=976442493160730012 archetype=opportunist personality=minero focus=tech actions_per_loop=3 ====
[12:01:26] planet 35: queue busy, throttled building_robot_factory
[12:01:26] planet 35: queue busy, throttled building_robot_factory
[12:01:26] planet 35: queue busy, throttled building_robot_factory
[12:01:26] research: blocked research_intergalactic_research_network (research_computer_technology 6/8)
[2026-05-12 12:02:11] ==== loop 105/∞ | seed=976442493160730012 archetype=opportunist personality=minero focus=tech actions_per_loop=3 ====
[12:02:11] planet 35: queue busy, throttled building_robot_factory
[12:02:11] planet 35: queue busy, throttled building_robot_factory
[12:02:11] planet 35: queue busy, throttled building_robot_factory
[12:02:11] research: blocked research_intergalactic_research_network (research_computer_technology 6/8)
[2026-05-12 12:02:57] ==== loop 106/∞ | seed=976442493160730012 archetype=opportunist personality=minero focus=tech actions_per_loop=3 ====
[12:02:57] planet 35: queue busy, throttled building_robot_factory
[12:02:57] planet 35: queue busy, throttled building_robot_factory
[12:02:57] planet 35: queue busy, throttled building_robot_factory
[12:02:57] research: blocked research_intergalactic_research_network (research_computer_technology 6/8)
[2026-05-12 12:03:42] ==== loop 107/∞ | seed=976442493160730012 archetype=opportunist personality=minero focus=tech actions_per_loop=3 ====
[12:03:42] planet 35: queue busy, throttled building_robot_factory
[12:03:42] planet 35: queue busy, throttled building_robot_factory
[12:03:42] research: blocked research_intergalactic_research_network (research_computer_technology 6/8)
[2026-05-12 12:04:25] ==== loop 108/∞ | seed=976442493160730012 archetype=opportunist personality=minero focus=tech actions_per_loop=3 ====
[12:04:25] planet 35: queue busy, throttled building_robot_factory
[12:04:25] planet 35: queue busy, throttled building_robot_factory
[12:04:25] planet 35: queue busy, throttled building_robot_factory
[2026-05-12 12:05:10] ==== loop 109/∞ | seed=976442493160730012 archetype=opportunist personality=minero focus=tech actions_per_loop=3 ====
[12:05:10] planet 35: queue busy, throttled building_robot_factory
[12:05:10] planet 35: queue busy, throttled building_robot_factory
[12:05:10] planet 35: queue busy, throttled building_robot_factory
[12:05:10] research: blocked research_intergalactic_research_network (research_computer_technology 6/8)
[2026-05-12 12:05:54] ==== loop 110/∞ | seed=976442493160730012 archetype=opportunist personality=minero focus=tech actions_per_loop=3 ====
[12:05:54] planet 35: queue busy, throttled building_robot_factory
[12:05:54] planet 35: queue busy, throttled building_robot_factory
[12:05:54] planet 35: queue busy, throttled building_robot_factory
[2026-05-12 12:06:37] ==== loop 111/∞ | seed=976442493160730012 archetype=opportunist personality=minero focus=tech actions_per_loop=3 ====
[12:06:37] planet 35: queue busy, throttled building_robot_factory
[12:06:37] planet 35: queue busy, throttled building_robot_factory
[12:06:37] planet 35: queue busy, throttled building_robot_factory
[12:06:37] research: blocked research_intergalactic_research_network (research_computer_technology 6/8)
[2026-05-12 12:07:18] ==== loop 112/∞ | seed=976442493160730012 archetype=opportunist personality=minero focus=tech actions_per_loop=3 ====
[12:07:18] planet 35: queue busy, throttled building_robot_factory
[12:07:18] planet 35: queue busy, throttled building_robot_factory
[12:07:18] planet 35: queue busy, throttled building_robot_factory
[12:07:18] research: blocked research_intergalactic_research_network (research_computer_technology 6/8)
[2026-05-12 12:08:02] ==== loop 113/∞ | seed=976442493160730012 archetype=opportunist personality=minero focus=tech actions_per_loop=3 ====
[12:08:02] planet 35: queue busy, throttled building_robot_factory
[12:08:02] planet 35: queue busy, throttled building_robot_factory
[12:08:02] planet 35: queue busy, throttled building_robot_factory
[12:08:02] research: blocked research_intergalactic_research_network (research_computer_technology 6/8)
[2026-05-12 12:08:46] ==== loop 114/∞ | seed=976442493160730012 archetype=opportunist personality=minero focus=tech actions_per_loop=3 ====
[12:08:46] planet 35: queue busy, throttled building_robot_factory
[12:08:46] planet 35: queue busy, throttled building_robot_factory
[12:08:46] planet 35: queue busy, throttled building_robot_factory
[12:08:46] research: blocked research_intergalactic_research_network (research_computer_technology 6/8)
[2026-05-12 12:09:26] ==== loop 115/∞ | seed=976442493160730012 archetype=opportunist personality=minero focus=tech actions_per_loop=3 ====
[12:09:26] planet 35: queue busy, throttled building_robot_factory
[12:09:26] planet 35: queue busy, throttled building_robot_factory
[12:09:26] planet 35: queue busy, throttled building_robot_factory
[12:09:26] research: blocked research_intergalactic_research_network (research_computer_technology 6/8)
[2026-05-12 12:10:07] ==== loop 116/∞ | seed=976442493160730012 archetype=opportunist personality=minero focus=tech actions_per_loop=3 ====
[12:10:07] planet 35: queue busy, throttled building_robot_factory
[12:10:07] planet 35: queue busy, throttled building_robot_factory
[12:10:07] planet 35: queue busy, throttled building_robot_factory
[12:10:07] research: blocked research_intergalactic_research_network (research_computer_technology 6/8)
[2026-05-12 12:10:53] ==== loop 117/∞ | seed=976442493160730012 archetype=opportunist personality=minero focus=tech actions_per_loop=3 ====
[12:10:53] planet 35: queue busy, throttled building_robot_factory
[12:10:53] planet 35: queue busy, throttled building_robot_factory
[12:10:53] planet 35: queue busy, throttled building_robot_factory
[2026-05-12 12:11:36] ==== loop 118/∞ | seed=976442493160730012 archetype=opportunist personality=minero focus=tech actions_per_loop=3 ====
[12:11:36] planet 35: queue busy, throttled building_robot_factory
[12:11:36] planet 35: queue busy, throttled building_robot_factory
[2026-05-12 12:12:21] ==== loop 119/∞ | seed=976442493160730012 archetype=opportunist personality=minero focus=tech actions_per_loop=3 ====
[12:12:21] planet 35: queue busy, throttled building_robot_factory
[12:12:21] planet 35: queue busy, throttled building_robot_factory
[12:12:21] planet 35: queue busy, throttled building_robot_factory
[2026-05-12 12:13:06] ==== loop 120/∞ | seed=976442493160730012 archetype=opportunist personality=minero focus=tech actions_per_loop=3 ====
[12:13:06] planet 35: queue busy, throttled building_robot_factory
[12:13:06] planet 35: queue busy, throttled building_robot_factory
[12:13:06] planet 35: queue busy, throttled building_robot_factory
[12:13:06] research: blocked research_intergalactic_research_network (research_computer_technology 6/8)
[2026-05-12 12:13:45] ==== loop 121/∞ | seed=976442493160730012 archetype=opportunist personality=minero focus=tech actions_per_loop=3 ====
[12:13:45] planet 35: queue busy, throttled building_robot_factory
[12:13:45] planet 35: queue busy, throttled building_robot_factory
[12:13:45] planet 35: queue busy, throttled building_robot_factory
[12:13:45] research: blocked research_intergalactic_research_network (research_computer_technology 6/8)
[2026-05-12 12:14:29] ==== loop 122/∞ | seed=976442493160730012 archetype=opportunist personality=minero focus=tech actions_per_loop=3 ====
[12:14:29] planet 35: queue busy, throttled building_robot_factory
[12:14:29] planet 35: queue busy, throttled building_robot_factory
[12:14:29] planet 35: queue busy, throttled building_robot_factory
[12:14:29] research: blocked research_intergalactic_research_network (research_computer_technology 6/8)
[2026-05-12 12:15:18] ==== loop 123/∞ | seed=976442493160730012 archetype=opportunist personality=minero focus=tech actions_per_loop=3 ====
[12:15:18] planet 35: queue busy, throttled building_robot_factory
[12:15:18] planet 35: queue busy, throttled building_robot_factory
[12:15:18] planet 35: queue busy, throttled building_robot_factory
[12:15:18] research: blocked research_intergalactic_research_network (research_computer_technology 6/8)
[2026-05-12 12:16:01] ==== loop 124/∞ | seed=976442493160730012 archetype=opportunist personality=minero focus=tech actions_per_loop=3 ====
[12:16:01] planet 35: queue busy, throttled building_robot_factory
[12:16:01] planet 35: queue busy, throttled building_robot_factory
[12:16:01] planet 35: queue busy, throttled building_robot_factory
[12:16:01] research: blocked research_intergalactic_research_network (research_computer_technology 6/8)
[2026-05-12 12:16:49] ==== loop 125/∞ | seed=976442493160730012 archetype=opportunist personality=minero focus=tech actions_per_loop=3 ====
[12:16:49] planet 35: queue busy, throttled building_robot_factory
[12:16:49] planet 35: queue busy, throttled building_robot_factory
[12:16:49] planet 35: queue busy, throttled building_robot_factory
[2026-05-12 12:17:37] ==== loop 126/∞ | seed=976442493160730012 archetype=opportunist personality=minero focus=tech actions_per_loop=3 ====
[12:17:37] planet 35: queue busy, throttled building_robot_factory
[12:17:37] planet 35: queue busy, throttled building_robot_factory
[2026-05-12 12:18:18] ==== loop 127/∞ | seed=976442493160730012 archetype=opportunist personality=minero focus=tech actions_per_loop=3 ====
[12:18:18] planet 35: queue busy, throttled building_robot_factory
[12:18:18] planet 35: queue busy, throttled building_robot_factory
[12:18:18] planet 35: queue busy, throttled building_robot_factory
[12:18:18] research: blocked research_intergalactic_research_network (research_computer_technology 6/8)
[2026-05-12 12:19:05] ==== loop 128/∞ | seed=976442493160730012 archetype=opportunist personality=minero focus=tech actions_per_loop=3 ====
[12:19:05] planet 35: queue busy, throttled building_robot_factory
[12:19:05] planet 35: queue busy, throttled building_robot_factory
[12:19:05] planet 35: queue busy, throttled building_robot_factory
[12:19:05] research: blocked research_intergalactic_research_network (research_computer_technology 6/8)
[2026-05-12 12:19:51] ==== loop 129/∞ | seed=976442493160730012 archetype=opportunist personality=minero focus=tech actions_per_loop=3 ====
[12:19:51] planet 35: queue busy, throttled building_robot_factory
[12:19:51] planet 35: queue busy, throttled building_robot_factory
[12:19:51] planet 35: queue busy, throttled building_robot_factory
[12:19:51] research: blocked research_intergalactic_research_network (research_computer_technology 6/8)
[2026-05-12 12:20:33] ==== loop 130/∞ | seed=976442493160730012 archetype=opportunist personality=minero focus=tech actions_per_loop=3 ====
[12:20:33] planet 35: queue busy, throttled building_robot_factory
[12:20:33] planet 35: queue busy, throttled building_robot_factory
[12:20:33] planet 35: queue busy, throttled building_robot_factory
[12:20:33] research: blocked research_intergalactic_research_network (research_computer_technology 6/8)
[2026-05-12 12:21:19] ==== loop 131/∞ | seed=976442493160730012 archetype=opportunist personality=minero focus=tech actions_per_loop=3 ====
[12:21:19] planet 35: queue busy, throttled building_robot_factory
[12:21:19] planet 35: queue busy, throttled building_robot_factory
[12:21:19] planet 35: queue busy, throttled building_robot_factory
[12:21:19] research: blocked research_intergalactic_research_network (research_computer_technology 6/8)
[2026-05-12 12:22:01] ==== loop 132/∞ | seed=976442493160730012 archetype=opportunist personality=minero focus=tech actions_per_loop=3 ====
[12:22:01] planet 35: queue busy, throttled building_robot_factory
[12:22:01] planet 35: queue busy, throttled building_robot_factory
[2026-05-12 12:22:48] ==== loop 133/∞ | seed=976442493160730012 archetype=opportunist personality=minero focus=tech actions_per_loop=3 ====
[12:22:48] planet 35: queue busy, throttled building_robot_factory
[12:22:48] planet 35: queue busy, throttled building_robot_factory
[12:22:48] planet 35: queue busy, throttled building_robot_factory
[2026-05-12 12:23:33] ==== loop 134/∞ | seed=976442493160730012 archetype=opportunist personality=minero focus=tech actions_per_loop=3 ====
[12:23:33] planet 35: queue busy, throttled building_robot_factory
[12:23:33] planet 35: queue busy, throttled building_robot_factory
[12:23:33] planet 35: queue busy, throttled building_robot_factory
[12:23:33] research: blocked research_intergalactic_research_network (research_computer_technology 6/8)
[2026-05-12 12:24:22] ==== loop 135/∞ | seed=976442493160730012 archetype=opportunist personality=minero focus=tech actions_per_loop=3 ====
[12:24:22] planet 35: queue busy, throttled building_robot_factory
[12:24:22] planet 35: queue busy, throttled building_robot_factory
[12:24:22] planet 35: queue busy, throttled building_robot_factory
[2026-05-12 12:25:04] ==== loop 136/∞ | seed=976442493160730012 archetype=opportunist personality=minero focus=tech actions_per_loop=3 ====
[12:25:04] planet 35: queue busy, throttled building_robot_factory
[12:25:04] planet 35: queue busy, throttled building_robot_factory
[12:25:04] planet 35: queue busy, throttled building_robot_factory
[2026-05-12 12:25:52] ==== loop 137/∞ | seed=976442493160730012 archetype=opportunist personality=minero focus=tech actions_per_loop=3 ====
[12:25:52] planet 35: queue busy, throttled building_robot_factory
[12:25:52] planet 35: queue busy, throttled building_robot_factory
[12:25:52] planet 35: queue busy, throttled building_robot_factory
[12:25:52] research: blocked research_intergalactic_research_network (research_computer_technology 6/8)
[2026-05-12 12:26:44] ==== loop 138/∞ | seed=976442493160730012 archetype=opportunist personality=minero focus=tech actions_per_loop=3 ====
[12:26:44] planet 35: queue busy, throttled building_robot_factory
[12:26:44] planet 35: queue busy, throttled building_robot_factory
[12:26:44] planet 35: queue busy, throttled building_robot_factory
[12:26:44] research: blocked research_intergalactic_research_network (research_computer_technology 6/8)
[2026-05-12 12:27:31] ==== loop 139/∞ | seed=976442493160730012 archetype=opportunist personality=minero focus=tech actions_per_loop=3 ====
[12:27:31] planet 35: queue busy, throttled building_robot_factory
[12:27:31] planet 35: queue busy, throttled building_robot_factory
[12:27:31] planet 35: queue busy, throttled building_robot_factory
[12:27:31] research: blocked research_intergalactic_research_network (research_computer_technology 6/8)
[2026-05-12 12:28:15] ==== loop 140/∞ | seed=976442493160730012 archetype=opportunist personality=minero focus=tech actions_per_loop=3 ====
[12:28:15] planet 35: queue busy, throttled building_robot_factory
[12:28:15] planet 35: queue busy, throttled building_robot_factory
[12:28:15] planet 35: queue busy, throttled building_robot_factory
[2026-05-12 12:29:03] ==== loop 141/∞ | seed=976442493160730012 archetype=opportunist personality=minero focus=tech actions_per_loop=3 ====
[12:29:03] planet 35: queue busy, throttled building_robot_factory
[12:29:03] planet 35: queue busy, throttled building_robot_factory
[2026-05-12 12:29:50] ==== loop 142/∞ | seed=976442493160730012 archetype=opportunist personality=minero focus=tech actions_per_loop=3 ====
[12:29:50] planet 35: queue busy, throttled building_robot_factory
[12:29:50] planet 35: queue busy, throttled building_robot_factory
[12:29:50] planet 35: queue busy, throttled building_robot_factory
[12:29:50] research: blocked research_intergalactic_research_network (research_computer_technology 6/8)
[2026-05-12 12:30:30] ==== loop 143/∞ | seed=976442493160730012 archetype=opportunist personality=minero focus=tech actions_per_loop=3 ====
[12:30:30] planet 35: queue busy, throttled building_robot_factory
[12:30:30] planet 35: queue busy, throttled building_robot_factory
[12:30:30] planet 35: queue busy, throttled building_robot_factory
[12:30:30] research: blocked research_intergalactic_research_network (research_computer_technology 6/8)
[2026-05-12 12:31:18] ==== loop 144/∞ | seed=976442493160730012 archetype=opportunist personality=minero focus=tech actions_per_loop=3 ====
[12:31:18] planet 35: queue busy, throttled building_robot_factory
[12:31:18] planet 35: queue busy, throttled building_robot_factory
[12:31:18] planet 35: queue busy, throttled building_robot_factory
[2026-05-12 12:32:07] ==== loop 145/∞ | seed=976442493160730012 archetype=opportunist personality=minero focus=tech actions_per_loop=3 ====
[12:32:07] planet 35: queue busy, throttled building_robot_factory
[12:32:07] planet 35: queue busy, throttled building_robot_factory
[12:32:07] planet 35: queue busy, throttled building_robot_factory
[12:32:07] research: blocked research_intergalactic_research_network (research_computer_technology 6/8)
[2026-05-12 12:32:55] ==== loop 146/∞ | seed=976442493160730012 archetype=opportunist personality=minero focus=tech actions_per_loop=3 ====
[12:32:55] planet 35: queue busy, throttled building_robot_factory
[12:32:55] planet 35: queue busy, throttled building_robot_factory
[12:32:55] planet 35: queue busy, throttled building_robot_factory
[12:32:55] research: blocked research_intergalactic_research_network (research_computer_technology 6/8)
[2026-05-12 12:33:40] ==== loop 147/∞ | seed=976442493160730012 archetype=opportunist personality=minero focus=tech actions_per_loop=3 ====
[12:33:40] planet 35: queue busy, throttled building_robot_factory
[12:33:40] planet 35: queue busy, throttled building_robot_factory
[12:33:40] planet 35: queue busy, throttled building_robot_factory
[12:33:40] research: blocked research_intergalactic_research_network (research_computer_technology 6/8)
[2026-05-12 12:34:26] ==== loop 148/∞ | seed=976442493160730012 archetype=opportunist personality=minero focus=tech actions_per_loop=3 ====
[12:34:26] planet 35: queue busy, throttled building_robot_factory
[12:34:26] planet 35: queue busy, throttled building_robot_factory
[12:34:26] planet 35: queue busy, throttled building_robot_factory
[2026-05-12 12:35:12] ==== loop 149/∞ | seed=976442493160730012 archetype=opportunist personality=minero focus=tech actions_per_loop=3 ====
[12:35:12] planet 35: queue busy, throttled building_robot_factory
[12:35:12] planet 35: queue busy, throttled building_robot_factory
[12:35:12] research: blocked research_intergalactic_research_network (research_computer_technology 6/8)
[2026-05-12 12:35:58] ==== loop 150/∞ | seed=976442493160730012 archetype=opportunist personality=minero focus=tech actions_per_loop=3 ====
[12:35:58] planet 35: queue busy, throttled building_robot_factory
[12:35:58] planet 35: queue busy, throttled building_robot_factory
[12:35:58] planet 35: queue busy, throttled building_robot_factory
[12:35:58] research: blocked research_intergalactic_research_network (research_computer_technology 6/8)
[2026-05-12 12:36:41] ==== loop 151/∞ | seed=976442493160730012 archetype=opportunist personality=minero focus=tech actions_per_loop=3 ====
[12:36:41] planet 35: queue busy, throttled building_robot_factory
[12:36:41] planet 35: queue busy, throttled building_robot_factory
[12:36:41] planet 35: queue busy, throttled building_robot_factory
[12:36:41] research: blocked research_intergalactic_research_network (research_computer_technology 6/8)
[2026-05-12 12:37:27] ==== loop 152/∞ | seed=976442493160730012 archetype=opportunist personality=minero focus=tech actions_per_loop=3 ====
[12:37:27] planet 35: queue busy, throttled building_robot_factory
[12:37:27] planet 35: queue busy, throttled building_robot_factory
[12:37:27] planet 35: queue busy, throttled building_robot_factory
[12:37:27] research: blocked research_intergalactic_research_network (research_computer_technology 6/8)
[2026-05-12 12:38:12] ==== loop 153/∞ | seed=976442493160730012 archetype=opportunist personality=minero focus=tech actions_per_loop=3 ====
[12:38:12] planet 35: queue busy, throttled building_robot_factory
[12:38:12] planet 35: queue busy, throttled building_robot_factory
[12:38:12] planet 35: queue busy, throttled building_robot_factory
[2026-05-12 12:38:58] ==== loop 154/∞ | seed=976442493160730012 archetype=opportunist personality=minero focus=tech actions_per_loop=3 ====
[12:38:58] planet 35: queue busy, throttled building_robot_factory
[12:38:58] planet 35: queue busy, throttled building_robot_factory
[12:38:58] planet 35: queue busy, throttled building_robot_factory
[2026-05-12 12:39:45] ==== loop 155/∞ | seed=976442493160730012 archetype=opportunist personality=minero focus=tech actions_per_loop=3 ====
[12:39:45] planet 35: queue busy, throttled building_robot_factory
[12:39:45] planet 35: queue busy, throttled building_robot_factory
[12:39:45] research: blocked research_intergalactic_research_network (research_computer_technology 6/8)
[2026-05-12 12:40:27] ==== loop 156/∞ | seed=976442493160730012 archetype=opportunist personality=minero focus=tech actions_per_loop=3 ====
[12:40:27] planet 35: queue busy, throttled building_robot_factory
[12:40:27] planet 35: queue busy, throttled building_robot_factory
[12:40:27] planet 35: queue busy, throttled building_robot_factory
[12:40:27] research: blocked research_intergalactic_research_network (research_computer_technology 6/8)
[2026-05-12 12:41:11] ==== loop 157/∞ | seed=976442493160730012 archetype=opportunist personality=minero focus=tech actions_per_loop=3 ====
[12:41:11] planet 35: queue busy, throttled building_robot_factory
[12:41:11] planet 35: queue busy, throttled building_robot_factory
[12:41:11] planet 35: queue busy, throttled building_robot_factory
[12:41:11] research: blocked research_intergalactic_research_network (research_computer_technology 6/8)
[2026-05-12 12:41:51] ==== loop 158/∞ | seed=976442493160730012 archetype=opportunist personality=minero focus=tech actions_per_loop=3 ====
[12:41:51] planet 35: queue busy, throttled building_robot_factory
[12:41:51] planet 35: queue busy, throttled building_robot_factory
[12:41:51] planet 35: queue busy, throttled building_robot_factory
[12:41:51] research: blocked research_intergalactic_research_network (research_computer_technology 6/8)
[2026-05-12 12:42:38] ==== loop 1/∞ | seed=976442493160730012 archetype=opportunist personality=minero focus=tech actions_per_loop=3 ====
[12:42:38] planet 35: queue busy, throttled building_robot_factory
[12:42:38] planet 35: queue busy, throttled building_robot_factory
[2026-05-12 12:43:23] ==== loop 2/∞ | seed=976442493160730012 archetype=opportunist personality=minero focus=tech actions_per_loop=3 ====
[12:43:23] planet 35: queue busy, throttled building_robot_factory
[12:43:23] planet 35: queue busy, throttled building_robot_factory
[12:43:23] planet 35: queue busy, throttled building_robot_factory
[12:43:23] research: blocked research_intergalactic_research_network (research_computer_technology 6/8)
[2026-05-12 12:44:09] ==== loop 3/∞ | seed=976442493160730012 archetype=opportunist personality=minero focus=tech actions_per_loop=3 ====
[12:44:09] planet 35: queue busy, throttled building_robot_factory
[12:44:09] planet 35: queue busy, throttled building_robot_factory
[12:44:09] planet 35: queue busy, throttled building_robot_factory
[12:44:09] research: blocked research_intergalactic_research_network (research_computer_technology 6/8)
[2026-05-12 12:44:49] ==== loop 4/∞ | seed=976442493160730012 archetype=opportunist personality=minero focus=tech actions_per_loop=3 ====
[12:44:49] planet 35: queue busy, throttled building_robot_factory
[12:44:49] planet 35: queue busy, throttled building_robot_factory
[12:44:49] planet 35: queue busy, throttled building_robot_factory
[12:44:49] research: blocked research_intergalactic_research_network (research_computer_technology 6/8)
[2026-05-12 12:45:30] ==== loop 5/∞ | seed=976442493160730012 archetype=opportunist personality=minero focus=tech actions_per_loop=3 ====
[12:45:30] planet 35: queue busy, throttled building_robot_factory
[12:45:30] planet 35: queue busy, throttled building_robot_factory
[12:45:30] planet 35: queue busy, throttled building_robot_factory
[12:45:30] research: blocked research_intergalactic_research_network (research_computer_technology 6/8)
[2026-05-12 12:46:05] ==== loop 6/∞ | seed=976442493160730012 archetype=opportunist personality=minero focus=tech actions_per_loop=3 ====
[12:46:05] planet 35: queue busy, throttled building_robot_factory
[12:46:05] planet 35: queue busy, throttled building_robot_factory
[12:46:05] planet 35: queue busy, throttled building_robot_factory
[2026-05-12 12:46:46] ==== loop 7/∞ | seed=976442493160730012 archetype=opportunist personality=minero focus=tech actions_per_loop=3 ====
[12:46:46] planet 35: queue busy, throttled building_robot_factory
[12:46:46] planet 35: queue busy, throttled building_robot_factory
[12:46:46] research: blocked research_intergalactic_research_network (research_computer_technology 6/8)
[2026-05-12 12:47:29] ==== loop 8/∞ | seed=976442493160730012 archetype=opportunist personality=minero focus=tech actions_per_loop=3 ====
[12:47:29] planet 35: queue busy, throttled building_robot_factory
[12:47:29] planet 35: queue busy, throttled building_robot_factory
[12:47:29] planet 35: queue busy, throttled building_robot_factory
[2026-05-12 12:48:10] ==== loop 9/∞ | seed=976442493160730012 archetype=opportunist personality=minero focus=tech actions_per_loop=3 ====
[12:48:10] planet 35: queue busy, throttled building_robot_factory
[12:48:10] planet 35: queue busy, throttled building_robot_factory
[12:48:10] planet 35: queue busy, throttled building_robot_factory
[12:48:10] research: blocked research_intergalactic_research_network (research_computer_technology 6/8)
[2026-05-12 12:48:51] ==== loop 10/∞ | seed=976442493160730012 archetype=opportunist personality=minero focus=tech actions_per_loop=3 ====
[12:48:51] planet 35: queue busy, throttled building_robot_factory
[12:48:51] planet 35: queue busy, throttled building_robot_factory
[12:48:51] planet 35: queue busy, throttled building_robot_factory
[12:48:51] research: blocked research_intergalactic_research_network (research_computer_technology 6/8)
[2026-05-12 12:49:33] ==== loop 11/∞ | seed=976442493160730012 archetype=opportunist personality=minero focus=tech actions_per_loop=3 ====
[12:49:33] planet 35: queue busy, throttled building_robot_factory
[12:49:33] planet 35: queue busy, throttled building_robot_factory
[12:49:33] planet 35: queue busy, throttled building_robot_factory
[12:49:33] research: blocked research_intergalactic_research_network (research_computer_technology 6/8)
[2026-05-12 12:50:18] ==== loop 12/∞ | seed=976442493160730012 archetype=opportunist personality=minero focus=tech actions_per_loop=3 ====
[12:50:18] planet 35: queue busy, throttled building_robot_factory
[12:50:18] planet 35: queue busy, throttled building_robot_factory
[12:50:18] planet 35: queue busy, throttled building_robot_factory
[2026-05-12 12:50:58] ==== loop 13/∞ | seed=976442493160730012 archetype=opportunist personality=minero focus=tech actions_per_loop=3 ====
[12:50:58] planet 35: queue busy, throttled building_robot_factory
[12:50:58] planet 35: queue busy, throttled building_robot_factory
[12:50:58] planet 35: queue busy, throttled building_robot_factory
[2026-05-12 12:51:41] ==== loop 14/∞ | seed=976442493160730012 archetype=opportunist personality=minero focus=tech actions_per_loop=3 ====
[12:51:41] planet 35: queue busy, throttled building_robot_factory
[12:51:41] planet 35: queue busy, throttled building_robot_factory
[12:51:41] planet 35: queue busy, throttled building_robot_factory
[2026-05-12 12:52:19] ==== loop 15/∞ | seed=976442493160730012 archetype=opportunist personality=minero focus=tech actions_per_loop=3 ====
[12:52:19] planet 35: queue busy, throttled building_robot_factory
[12:52:19] planet 35: queue busy, throttled building_robot_factory
[12:52:19] planet 35: queue busy, throttled building_robot_factory
[12:52:19] research: blocked research_intergalactic_research_network (research_computer_technology 6/8)
[2026-05-12 12:53:03] ==== loop 16/∞ | seed=976442493160730012 archetype=opportunist personality=minero focus=tech actions_per_loop=3 ====
[12:53:04] planet 35: queue busy, throttled building_robot_factory
[12:53:04] planet 35: queue busy, throttled building_robot_factory
[12:53:04] planet 35: queue busy, throttled building_robot_factory
[2026-05-12 12:53:45] ==== loop 1/∞ | seed=976442493160730012 archetype=opportunist personality=minero focus=tech actions_per_loop=3 ====
[12:53:45] planet 35: queue busy, throttled building_robot_factory
[12:53:45] planet 35: queue busy, throttled building_robot_factory
[12:53:45] planet 35: queue busy, throttled building_robot_factory
[2026-05-12 12:54:26] ==== loop 2/∞ | seed=976442493160730012 archetype=opportunist personality=minero focus=tech actions_per_loop=3 ====
[12:54:26] planet 35: queue busy, throttled building_robot_factory
[12:54:26] planet 35: queue busy, throttled building_robot_factory
[12:54:26] planet 35: queue busy, throttled building_robot_factory
[12:54:26] research: blocked research_intergalactic_research_network (research_computer_technology 6/8)
[2026-05-12 12:55:09] ==== loop 3/∞ | seed=976442493160730012 archetype=opportunist personality=minero focus=tech actions_per_loop=3 ====
[12:55:09] planet 35: queue busy, throttled building_robot_factory
[12:55:09] planet 35: queue busy, throttled building_robot_factory
[12:55:09] planet 35: queue busy, throttled building_robot_factory
[2026-05-12 12:55:51] ==== loop 4/∞ | seed=976442493160730012 archetype=opportunist personality=minero focus=tech actions_per_loop=3 ====
[12:55:51] planet 35: queue busy, throttled building_robot_factory
[12:55:51] planet 35: queue busy, throttled building_robot_factory
[12:55:51] planet 35: queue busy, throttled building_robot_factory
[2026-05-12 12:56:36] ==== loop 5/∞ | seed=976442493160730012 archetype=opportunist personality=minero focus=tech actions_per_loop=3 ====
[12:56:36] planet 35: queue busy, throttled building_robot_factory
[12:56:36] planet 35: queue busy, throttled building_robot_factory
[12:56:36] planet 35: queue busy, throttled building_robot_factory
[12:56:36] research: blocked research_intergalactic_research_network (research_computer_technology 6/8)
[2026-05-12 12:57:18] ==== loop 6/∞ | seed=976442493160730012 archetype=opportunist personality=minero focus=tech actions_per_loop=3 ====
[12:57:18] planet 35: queue busy, throttled building_robot_factory
[12:57:18] planet 35: queue busy, throttled building_robot_factory
[12:57:18] planet 35: queue busy, throttled building_robot_factory
[12:57:18] research: blocked research_intergalactic_research_network (research_computer_technology 6/8)
[2026-05-12 12:58:01] ==== loop 7/∞ | seed=976442493160730012 archetype=opportunist personality=minero focus=tech actions_per_loop=3 ====
[12:58:01] planet 35: queue busy, throttled building_robot_factory
[12:58:01] planet 35: queue busy, throttled building_robot_factory
[12:58:01] planet 35: queue busy, throttled building_robot_factory
[2026-05-12 12:58:44] ==== loop 8/∞ | seed=976442493160730012 archetype=opportunist personality=minero focus=tech actions_per_loop=3 ====
[12:58:44] planet 35: queue busy, throttled building_robot_factory
[12:58:44] planet 35: queue busy, throttled building_robot_factory
[12:58:44] planet 35: queue busy, throttled building_robot_factory
[2026-05-12 12:59:25] ==== loop 9/∞ | seed=976442493160730012 archetype=opportunist personality=minero focus=tech actions_per_loop=3 ====
[12:59:25] planet 35: queue busy, throttled building_robot_factory
[12:59:25] planet 35: queue busy, throttled building_robot_factory
[12:59:25] planet 35: queue busy, throttled building_robot_factory
llm_inbox: encolado job_id=8 message_id=2407
[2026-05-12 12:59:26] ==== loop 1/1 | seed=976442493160730012 archetype=opportunist personality=minero focus=tech actions_per_loop=3 ====
[12:59:26] planet 35: queue busy, throttled building_robot_factory
[12:59:26] planet 35: queue busy, throttled building_robot_factory
[12:59:26] planet 35: queue busy, throttled building_robot_factory
[12:59:26] research: blocked research_intergalactic_research_network (research_computer_technology 6/8)
[2026-05-12 13:00:10] ==== loop 10/∞ | seed=976442493160730012 archetype=opportunist personality=minero focus=tech actions_per_loop=3 ====
[13:00:10] planet 35: queue busy, throttled building_robot_factory
[13:00:10] planet 35: queue busy, throttled building_robot_factory
[13:00:10] planet 35: queue busy, throttled building_robot_factory
[13:00:10] research: blocked research_intergalactic_research_network (research_computer_technology 6/8)
llm_inbox: job 8 fallido (incoming)
[2026-05-12 13:00:53] ==== loop 11/∞ | seed=976442493160730012 archetype=opportunist personality=minero focus=tech actions_per_loop=3 ====
[13:00:53] planet 35: queue busy, throttled building_robot_factory
[13:00:53] planet 35: queue busy, throttled building_robot_factory
[13:00:53] planet 35: queue busy, throttled building_robot_factory
[2026-05-12 13:01:36] ==== loop 12/∞ | seed=976442493160730012 archetype=opportunist personality=minero focus=tech actions_per_loop=3 ====
[13:01:36] planet 35: queue busy, throttled building_robot_factory
[13:01:36] planet 35: queue busy, throttled building_robot_factory
[13:01:36] planet 35: queue busy, throttled building_robot_factory
[2026-05-12 13:02:19] ==== loop 13/∞ | seed=976442493160730012 archetype=opportunist personality=minero focus=tech actions_per_loop=3 ====
[13:02:19] planet 35: queue busy, throttled building_robot_factory
[13:02:19] planet 35: queue busy, throttled building_robot_factory
[13:02:19] research: blocked research_intergalactic_research_network (research_computer_technology 6/8)
[2026-05-12 13:02:58] ==== loop 14/∞ | seed=976442493160730012 archetype=opportunist personality=minero focus=tech actions_per_loop=3 ====
[13:02:58] planet 35: queue busy, throttled building_robot_factory
[13:02:58] planet 35: queue busy, throttled building_robot_factory
[13:02:58] planet 35: queue busy, throttled building_robot_factory
[13:02:58] research: blocked research_intergalactic_research_network (research_computer_technology 6/8)
[2026-05-12 13:03:50] ==== loop 15/∞ | seed=976442493160730012 archetype=opportunist personality=minero focus=tech actions_per_loop=3 ====
[13:03:50] planet 35: queue busy, throttled building_robot_factory
[13:03:50] planet 35: queue busy, throttled building_robot_factory
[13:03:50] planet 35: queue busy, throttled building_robot_factory
[13:03:50] research: blocked research_intergalactic_research_network (research_computer_technology 6/8)
[2026-05-12 13:04:32] ==== loop 16/∞ | seed=976442493160730012 archetype=opportunist personality=minero focus=tech actions_per_loop=3 ====
[13:04:32] planet 35: queue busy, throttled building_robot_factory
[13:04:32] planet 35: queue busy, throttled building_robot_factory
[13:04:32] planet 35: queue busy, throttled building_robot_factory
[2026-05-12 13:05:17] ==== loop 17/∞ | seed=976442493160730012 archetype=opportunist personality=minero focus=tech actions_per_loop=3 ====
[13:05:17] planet 35: queue busy, throttled building_robot_factory
[13:05:17] planet 35: queue busy, throttled building_robot_factory
[13:05:17] planet 35: queue busy, throttled building_robot_factory
[2026-05-12 13:06:01] ==== loop 18/∞ | seed=976442493160730012 archetype=opportunist personality=minero focus=tech actions_per_loop=3 ====
[13:06:01] planet 35: queue busy, throttled building_robot_factory
[13:06:01] planet 35: queue busy, throttled building_robot_factory
[13:06:01] planet 35: queue busy, throttled building_robot_factory
[13:06:01] research: blocked research_intergalactic_research_network (research_computer_technology 6/8)
llm_inbox: recuperados 1 job(s) fallido→respondido (reintento aplicar)
llm_inbox: job 8 done (mensaje ya no existe)
[2026-05-12 13:06:39] ==== loop 1/1 | seed=976442493160730012 archetype=opportunist personality=minero focus=tech actions_per_loop=3 ====
[13:06:39] planet 35: queue busy, throttled building_robot_factory
[13:06:39] planet 35: queue busy, throttled building_robot_factory
[13:06:39] planet 35: queue busy, throttled building_robot_factory
[2026-05-12 13:06:43] ==== loop 19/∞ | seed=976442493160730012 archetype=opportunist personality=minero focus=tech actions_per_loop=3 ====
[13:06:43] planet 35: queue busy, throttled building_robot_factory
[13:06:43] planet 35: queue busy, throttled building_robot_factory
[13:06:43] planet 35: queue busy, throttled building_robot_factory
[13:06:43] research: blocked research_intergalactic_research_network (research_computer_technology 6/8)
[2026-05-12 13:07:23] ==== loop 20/∞ | seed=976442493160730012 archetype=opportunist personality=minero focus=tech actions_per_loop=3 ====
[13:07:24] planet 35: queue busy, throttled building_robot_factory
[13:07:24] planet 35: queue busy, throttled building_robot_factory
[13:07:24] planet 35: queue busy, throttled building_robot_factory
[2026-05-12 13:08:03] ==== loop 21/∞ | seed=976442493160730012 archetype=opportunist personality=minero focus=tech actions_per_loop=3 ====
[13:08:03] planet 35: queue busy, throttled building_robot_factory
[13:08:03] planet 35: queue busy, throttled building_robot_factory
[13:08:03] planet 35: queue busy, throttled building_robot_factory
[13:08:03] research: blocked research_intergalactic_research_network (research_computer_technology 6/8)
[2026-05-12 13:08:47] ==== loop 22/∞ | seed=976442493160730012 archetype=opportunist personality=minero focus=tech actions_per_loop=3 ====
[13:08:47] planet 35: queue busy, throttled building_robot_factory
[13:08:47] planet 35: queue busy, throttled building_robot_factory
[13:08:47] planet 35: queue busy, throttled building_robot_factory
[13:08:47] research: blocked research_intergalactic_research_network (research_computer_technology 6/8)
[2026-05-12 13:09:20] ==== loop 1/∞ | seed=976442493160730012 archetype=opportunist personality=minero focus=tech actions_per_loop=3 ====
[13:09:20] planet 35: queue busy, throttled building_robot_factory
[13:09:20] planet 35: queue busy, throttled building_robot_factory
[13:09:20] planet 35: queue busy, throttled building_robot_factory
[13:09:20] research: blocked research_intergalactic_research_network (research_computer_technology 6/8)
[2026-05-12 13:10:00] ==== loop 2/∞ | seed=976442493160730012 archetype=opportunist personality=minero focus=tech actions_per_loop=3 ====
[13:10:01] planet 35: queue busy, throttled building_robot_factory
[13:10:01] planet 35: queue busy, throttled building_robot_factory
[13:10:01] planet 35: queue busy, throttled building_robot_factory
[13:10:01] research: blocked research_intergalactic_research_network (research_computer_technology 6/8)
[2026-05-12 13:10:41] ==== loop 3/∞ | seed=976442493160730012 archetype=opportunist personality=minero focus=tech actions_per_loop=3 ====
[13:10:41] planet 35: queue busy, throttled building_robot_factory
[13:10:41] planet 35: queue busy, throttled building_robot_factory
[13:10:41] planet 35: queue busy, throttled building_robot_factory
[13:10:41] research: blocked research_intergalactic_research_network (research_computer_technology 6/8)
[2026-05-12 13:11:23] ==== loop 4/∞ | seed=976442493160730012 archetype=opportunist personality=minero focus=tech actions_per_loop=3 ====
[13:11:23] planet 35: queue busy, throttled building_robot_factory
[13:11:23] planet 35: queue busy, throttled building_robot_factory
[13:11:23] planet 35: queue busy, throttled building_robot_factory
[13:11:23] research: blocked research_intergalactic_research_network (research_computer_technology 6/8)
[2026-05-12 13:12:05] ==== loop 5/∞ | seed=976442493160730012 archetype=opportunist personality=minero focus=tech actions_per_loop=3 ====
[13:12:05] planet 35: queue busy, throttled building_robot_factory
[13:12:05] planet 35: queue busy, throttled building_robot_factory
[13:12:05] planet 35: queue busy, throttled building_robot_factory
[13:12:05] research: blocked research_intergalactic_research_network (research_computer_technology 6/8)
[2026-05-12 13:12:46] ==== loop 6/∞ | seed=976442493160730012 archetype=opportunist personality=minero focus=tech actions_per_loop=3 ====
[13:12:46] planet 35: queue busy, throttled building_robot_factory
[13:12:46] planet 35: queue busy, throttled building_robot_factory
[13:12:46] planet 35: queue busy, throttled building_robot_factory
[13:12:46] research: blocked research_intergalactic_research_network (research_computer_technology 6/8)
[2026-05-12 13:13:27] ==== loop 7/∞ | seed=976442493160730012 archetype=opportunist personality=minero focus=tech actions_per_loop=3 ====
[13:13:27] planet 35: queue busy, throttled building_robot_factory
[13:13:27] planet 35: queue busy, throttled building_robot_factory
[13:13:27] planet 35: queue busy, throttled building_robot_factory
[13:13:27] research: blocked research_intergalactic_research_network (research_computer_technology 6/8)
[2026-05-12 13:14:13] ==== loop 8/∞ | seed=976442493160730012 archetype=opportunist personality=minero focus=tech actions_per_loop=3 ====
[13:14:13] planet 35: queue busy, throttled building_robot_factory
[13:14:13] planet 35: queue busy, throttled building_robot_factory
[13:14:13] planet 35: queue busy, throttled building_robot_factory
[13:14:13] research: blocked research_intergalactic_research_network (research_computer_technology 6/8)
[2026-05-12 13:14:56] ==== loop 9/∞ | seed=976442493160730012 archetype=opportunist personality=minero focus=tech actions_per_loop=3 ====
[13:14:56] planet 35: queue busy, throttled building_robot_factory
[13:14:56] planet 35: queue busy, throttled building_robot_factory
[13:14:56] planet 35: queue busy, throttled building_robot_factory
[2026-05-12 13:15:37] ==== loop 10/∞ | seed=976442493160730012 archetype=opportunist personality=minero focus=tech actions_per_loop=3 ====
[13:15:37] planet 35: queue busy, throttled building_robot_factory
[13:15:37] planet 35: queue busy, throttled building_robot_factory
[13:15:37] planet 35: queue busy, throttled building_robot_factory
[2026-05-12 13:16:24] ==== loop 11/∞ | seed=976442493160730012 archetype=opportunist personality=minero focus=tech actions_per_loop=3 ====
[13:16:24] planet 35: queue busy, throttled building_robot_factory
[13:16:24] planet 35: queue busy, throttled building_robot_factory
[13:16:24] planet 35: queue busy, throttled building_robot_factory
[13:16:24] research: blocked research_intergalactic_research_network (research_computer_technology 6/8)
[2026-05-12 13:17:12] ==== loop 12/∞ | seed=976442493160730012 archetype=opportunist personality=minero focus=tech actions_per_loop=3 ====
[13:17:12] planet 35: queue busy, throttled building_robot_factory
[13:17:12] planet 35: queue busy, throttled building_robot_factory
[13:17:12] planet 35: queue busy, throttled building_robot_factory
[13:17:12] research: blocked research_intergalactic_research_network (research_computer_technology 6/8)
[2026-05-12 13:17:54] ==== loop 13/∞ | seed=976442493160730012 archetype=opportunist personality=minero focus=tech actions_per_loop=3 ====
[13:17:54] planet 35: queue busy, throttled building_robot_factory
[13:17:54] planet 35: queue busy, throttled building_robot_factory
[2026-05-12 13:18:39] ==== loop 14/∞ | seed=976442493160730012 archetype=opportunist personality=minero focus=tech actions_per_loop=3 ====
[13:18:39] planet 35: queue busy, throttled building_robot_factory
[13:18:39] planet 35: queue busy, throttled building_robot_factory
[13:18:39] research: blocked research_intergalactic_research_network (research_computer_technology 6/8)
[2026-05-12 13:19:21] ==== loop 15/∞ | seed=976442493160730012 archetype=opportunist personality=minero focus=tech actions_per_loop=3 ====
[13:19:21] planet 35: queue busy, throttled building_robot_factory
[13:19:21] planet 35: queue busy, throttled building_robot_factory
[13:19:21] planet 35: queue busy, throttled building_robot_factory
[13:19:21] research: blocked research_intergalactic_research_network (research_computer_technology 6/8)
[2026-05-12 13:20:04] ==== loop 16/∞ | seed=976442493160730012 archetype=opportunist personality=minero focus=tech actions_per_loop=3 ====
[13:20:04] planet 35: queue busy, throttled building_robot_factory
[13:20:04] planet 35: queue busy, throttled building_robot_factory
[13:20:04] planet 35: queue busy, throttled building_robot_factory
[2026-05-12 13:20:44] ==== loop 17/∞ | seed=976442493160730012 archetype=opportunist personality=minero focus=tech actions_per_loop=3 ====
[13:20:44] planet 35: queue busy, throttled building_robot_factory
[13:20:44] planet 35: queue busy, throttled building_robot_factory
[2026-05-12 13:21:32] ==== loop 18/∞ | seed=976442493160730012 archetype=opportunist personality=minero focus=tech actions_per_loop=3 ====
[13:21:32] planet 35: queue busy, throttled building_robot_factory
[13:21:32] planet 35: queue busy, throttled building_robot_factory
[13:21:32] planet 35: queue busy, throttled building_robot_factory
[13:21:32] research: blocked research_intergalactic_research_network (research_computer_technology 6/8)
[2026-05-12 13:22:40] ==== loop 1/∞ | seed=976442493160730012 archetype=opportunist personality=minero focus=tech actions_per_loop=3 ====
[13:22:40] planet 35: queue busy, throttled building_robot_factory
[13:22:40] planet 35: queue busy, throttled building_robot_factory
[13:22:40] planet 35: queue busy, throttled building_robot_factory
[13:22:40] research: blocked research_intergalactic_research_network (research_computer_technology 6/8)
[2026-05-12 13:23:20] ==== loop 2/∞ | seed=976442493160730012 archetype=opportunist personality=minero focus=tech actions_per_loop=3 ====
[13:23:20] planet 35: queue busy, throttled building_robot_factory
[13:23:20] planet 35: queue busy, throttled building_robot_factory
[13:23:20] planet 35: queue busy, throttled building_robot_factory
[13:23:20] research: blocked research_intergalactic_research_network (research_computer_technology 6/8)
[2026-05-12 13:24:02] ==== loop 3/∞ | seed=976442493160730012 archetype=opportunist personality=minero focus=tech actions_per_loop=3 ====
[13:24:02] planet 35: queue busy, throttled building_robot_factory
[13:24:02] planet 35: queue busy, throttled building_robot_factory
[13:24:02] research: blocked research_intergalactic_research_network (research_computer_technology 6/8)
[2026-05-12 13:24:38] ==== loop 4/∞ | seed=976442493160730012 archetype=opportunist personality=minero focus=tech actions_per_loop=3 ====
[13:24:38] planet 35: queue busy, throttled building_robot_factory
[13:24:38] planet 35: queue busy, throttled building_robot_factory
[13:24:38] planet 35: queue busy, throttled building_robot_factory
[2026-05-12 13:25:18] ==== loop 5/∞ | seed=976442493160730012 archetype=opportunist personality=minero focus=tech actions_per_loop=3 ====
[13:25:18] planet 35: queue busy, throttled building_robot_factory
[13:25:18] planet 35: queue busy, throttled building_robot_factory
[13:25:18] planet 35: queue busy, throttled building_robot_factory
[2026-05-12 13:26:01] ==== loop 6/∞ | seed=976442493160730012 archetype=opportunist personality=minero focus=tech actions_per_loop=3 ====
[13:26:01] planet 35: queue busy, throttled building_robot_factory
[13:26:01] planet 35: queue busy, throttled building_robot_factory
[13:26:01] planet 35: queue busy, throttled building_robot_factory
[2026-05-12 13:26:46] ==== loop 7/∞ | seed=976442493160730012 archetype=opportunist personality=minero focus=tech actions_per_loop=3 ====
[13:26:46] planet 35: queue busy, throttled building_robot_factory
[13:26:46] planet 35: queue busy, throttled building_robot_factory
[13:26:46] planet 35: queue busy, throttled building_robot_factory
[13:26:46] research: blocked research_intergalactic_research_network (research_computer_technology 6/8)
[2026-05-12 13:27:26] ==== loop 8/∞ | seed=976442493160730012 archetype=opportunist personality=minero focus=tech actions_per_loop=3 ====
[13:27:26] planet 35: queue busy, throttled building_robot_factory
[13:27:26] planet 35: queue busy, throttled building_robot_factory
[13:27:26] planet 35: queue busy, throttled building_robot_factory
[13:27:26] research: blocked research_intergalactic_research_network (research_computer_technology 6/8)
[2026-05-12 13:28:28] ==== loop 1/∞ | seed=976442493160730012 archetype=opportunist personality=minero focus=tech actions_per_loop=3 ====
[13:28:28] planet 35: queue busy, throttled building_robot_factory
[13:28:28] planet 35: queue busy, throttled building_robot_factory
[13:28:28] planet 35: queue busy, throttled building_robot_factory
[2026-05-12 13:29:14] ==== loop 2/∞ | seed=976442493160730012 archetype=opportunist personality=minero focus=tech actions_per_loop=3 ====
[13:29:14] planet 35: queue busy, throttled building_robot_factory
[13:29:14] planet 35: queue busy, throttled building_robot_factory
[13:29:14] planet 35: queue busy, throttled building_robot_factory
[13:29:14] research: blocked research_intergalactic_research_network (research_computer_technology 6/8)
[2026-05-12 13:29:54] ==== loop 3/∞ | seed=976442493160730012 archetype=opportunist personality=minero focus=tech actions_per_loop=3 ====
[13:29:54] planet 35: queue busy, throttled building_robot_factory
[13:29:54] planet 35: queue busy, throttled building_robot_factory
[13:29:54] planet 35: queue busy, throttled building_robot_factory
[2026-05-12 13:30:31] ==== loop 4/∞ | seed=976442493160730012 archetype=opportunist personality=minero focus=tech actions_per_loop=3 ====
[13:30:31] planet 35: queue busy, throttled building_robot_factory
[13:30:31] planet 35: queue busy, throttled building_robot_factory
[13:30:31] planet 35: queue busy, throttled building_robot_factory
[13:30:31] research: blocked research_intergalactic_research_network (research_computer_technology 6/8)
[2026-05-12 13:31:10] ==== loop 5/∞ | seed=976442493160730012 archetype=opportunist personality=minero focus=tech actions_per_loop=3 ====
[13:31:10] planet 35: queue busy, throttled building_robot_factory
[13:31:10] planet 35: queue busy, throttled building_robot_factory
[13:31:10] planet 35: queue busy, throttled building_robot_factory
[13:31:10] research: blocked research_intergalactic_research_network (research_computer_technology 6/8)
[2026-05-12 13:31:45] ==== loop 6/∞ | seed=976442493160730012 archetype=opportunist personality=minero focus=tech actions_per_loop=3 ====
[13:31:45] planet 35: queue busy, throttled building_robot_factory
[13:31:45] planet 35: queue busy, throttled building_robot_factory
[13:31:45] research: blocked research_intergalactic_research_network (research_computer_technology 6/8)
[2026-05-12 13:32:24] ==== loop 7/∞ | seed=976442493160730012 archetype=opportunist personality=minero focus=tech actions_per_loop=3 ====
[13:32:24] planet 35: queue busy, throttled building_robot_factory
[13:32:24] planet 35: queue busy, throttled building_robot_factory
[13:32:24] planet 35: queue busy, throttled building_robot_factory
[2026-05-12 13:33:06] ==== loop 8/∞ | seed=976442493160730012 archetype=opportunist personality=minero focus=tech actions_per_loop=3 ====
[13:33:06] planet 35: queue busy, throttled building_robot_factory
[13:33:06] planet 35: queue busy, throttled building_robot_factory
[13:33:06] research: blocked research_intergalactic_research_network (research_computer_technology 6/8)
[2026-05-12 13:33:44] ==== loop 9/∞ | seed=976442493160730012 archetype=opportunist personality=minero focus=tech actions_per_loop=3 ====
[13:33:44] planet 35: queue busy, throttled building_robot_factory
[13:33:44] planet 35: queue busy, throttled building_robot_factory
[13:33:44] planet 35: queue busy, throttled building_robot_factory
[13:33:44] research: blocked research_intergalactic_research_network (research_computer_technology 6/8)
[2026-05-12 13:34:19] ==== loop 10/∞ | seed=976442493160730012 archetype=opportunist personality=minero focus=tech actions_per_loop=3 ====
[13:34:19] planet 35: queue busy, throttled building_robot_factory
[13:34:19] planet 35: queue busy, throttled building_robot_factory
[13:34:19] planet 35: queue busy, throttled building_robot_factory
[13:34:19] research: blocked research_intergalactic_research_network (research_computer_technology 6/8)
[2026-05-12 13:34:57] ==== loop 11/∞ | seed=976442493160730012 archetype=opportunist personality=minero focus=tech actions_per_loop=3 ====
[13:34:57] planet 35: queue busy, throttled building_robot_factory
[13:34:57] planet 35: queue busy, throttled building_robot_factory
[13:34:57] planet 35: queue busy, throttled building_robot_factory
[13:34:57] research: blocked research_intergalactic_research_network (research_computer_technology 6/8)
[2026-05-12 13:35:37] ==== loop 12/∞ | seed=976442493160730012 archetype=opportunist personality=minero focus=tech actions_per_loop=3 ====
[13:35:37] planet 35: queue busy, throttled building_robot_factory
[13:35:37] planet 35: queue busy, throttled building_robot_factory
[13:35:37] planet 35: queue busy, throttled building_robot_factory
[13:35:37] research: blocked research_intergalactic_research_network (research_computer_technology 6/8)
[2026-05-12 13:36:15] ==== loop 13/∞ | seed=976442493160730012 archetype=opportunist personality=minero focus=tech actions_per_loop=3 ====
[13:36:15] planet 35: queue busy, throttled building_robot_factory
[13:36:15] planet 35: queue busy, throttled building_robot_factory
[13:36:15] planet 35: queue busy, throttled building_robot_factory
[13:36:15] research: blocked research_intergalactic_research_network (research_computer_technology 6/8)
[2026-05-12 13:36:52] ==== loop 14/∞ | seed=976442493160730012 archetype=opportunist personality=minero focus=tech actions_per_loop=3 ====
[13:36:52] planet 35: queue busy, throttled building_robot_factory
[13:36:52] planet 35: queue busy, throttled building_robot_factory
[13:36:52] planet 35: queue busy, throttled building_robot_factory
[2026-05-12 13:37:28] ==== loop 15/∞ | seed=976442493160730012 archetype=opportunist personality=minero focus=tech actions_per_loop=3 ====
[13:37:28] planet 35: queue busy, throttled building_robot_factory
[13:37:28] planet 35: queue busy, throttled building_robot_factory
[13:37:28] planet 35: queue busy, throttled building_robot_factory
[13:37:28] research: blocked research_intergalactic_research_network (research_computer_technology 6/8)
[2026-05-12 13:38:09] ==== loop 16/∞ | seed=976442493160730012 archetype=opportunist personality=minero focus=tech actions_per_loop=3 ====
[13:38:09] planet 35: queue busy, throttled building_robot_factory
[13:38:09] planet 35: queue busy, throttled building_robot_factory
[13:38:09] research: blocked research_intergalactic_research_network (research_computer_technology 6/8)
[2026-05-12 13:38:45] ==== loop 17/∞ | seed=976442493160730012 archetype=opportunist personality=minero focus=tech actions_per_loop=3 ====
[13:38:45] planet 35: queue busy, throttled building_robot_factory
[13:38:45] planet 35: queue busy, throttled building_robot_factory
[13:38:45] planet 35: queue busy, throttled building_robot_factory
[13:38:45] research: blocked research_intergalactic_research_network (research_computer_technology 6/8)
[2026-05-12 13:39:32] ==== loop 1/∞ | seed=976442493160730012 archetype=opportunist personality=minero focus=tech actions_per_loop=3 ====
[13:39:32] planet 35: queue busy, throttled building_robot_factory
[13:39:32] planet 35: queue busy, throttled building_robot_factory
[13:39:32] planet 35: queue busy, throttled building_robot_factory
[13:39:32] research: blocked research_intergalactic_research_network (research_computer_technology 6/8)
[2026-05-12 13:40:08] ==== loop 2/∞ | seed=976442493160730012 archetype=opportunist personality=minero focus=tech actions_per_loop=3 ====
[13:40:08] planet 35: queue busy, throttled building_robot_factory
[13:40:08] planet 35: queue busy, throttled building_robot_factory
[13:40:08] research: blocked research_intergalactic_research_network (research_computer_technology 6/8)
[2026-05-12 13:40:44] ==== loop 1/∞ | seed=976442493160730012 archetype=opportunist personality=minero focus=tech actions_per_loop=3 ====
[13:40:44] planet 35: queue busy, throttled building_robot_factory
[13:40:44] planet 35: queue busy, throttled building_robot_factory
[13:40:44] planet 35: queue busy, throttled building_robot_factory
[13:40:44] research: blocked research_intergalactic_research_network (research_computer_technology 6/8)
[2026-05-12 13:41:22] ==== loop 2/∞ | seed=976442493160730012 archetype=opportunist personality=minero focus=tech actions_per_loop=3 ====
[13:41:22] planet 35: queue busy, throttled building_robot_factory
[13:41:22] planet 35: queue busy, throttled building_robot_factory
[13:41:22] planet 35: queue busy, throttled building_robot_factory
[2026-05-12 13:41:55] ==== loop 3/∞ | seed=976442493160730012 archetype=opportunist personality=minero focus=tech actions_per_loop=3 ====
[13:41:55] planet 35: queue busy, throttled building_robot_factory
[13:41:55] planet 35: queue busy, throttled building_robot_factory
[13:41:55] planet 35: queue busy, throttled building_robot_factory
[13:41:55] research: blocked research_intergalactic_research_network (research_computer_technology 6/8)
[2026-05-12 13:42:32] ==== loop 4/∞ | seed=976442493160730012 archetype=opportunist personality=minero focus=tech actions_per_loop=3 ====
[13:42:32] planet 35: queue busy, throttled building_robot_factory
[13:42:32] planet 35: queue busy, throttled building_robot_factory
[13:42:32] planet 35: queue busy, throttled building_robot_factory
[13:42:32] research: blocked research_intergalactic_research_network (research_computer_technology 6/8)
[2026-05-12 13:43:10] ==== loop 5/∞ | seed=976442493160730012 archetype=opportunist personality=minero focus=tech actions_per_loop=3 ====
[13:43:10] planet 35: queue busy, throttled building_robot_factory
[13:43:10] planet 35: queue busy, throttled building_robot_factory
[13:43:10] planet 35: queue busy, throttled building_robot_factory
[13:43:10] research: blocked research_intergalactic_research_network (research_computer_technology 6/8)
[2026-05-12 13:43:51] ==== loop 6/∞ | seed=976442493160730012 archetype=opportunist personality=minero focus=tech actions_per_loop=3 ====
[13:43:51] planet 35: queue busy, throttled building_robot_factory
[13:43:51] planet 35: queue busy, throttled building_robot_factory
[13:43:51] planet 35: queue busy, throttled building_robot_factory
[13:43:51] research: blocked research_intergalactic_research_network (research_computer_technology 6/8)
[2026-05-12 13:44:43] ==== loop 1/∞ | seed=976442493160730012 archetype=opportunist personality=minero focus=tech actions_per_loop=3 ====
[13:44:43] planet 35: queue busy, throttled building_robot_factory
[13:44:43] planet 35: queue busy, throttled building_robot_factory
[13:44:43] planet 35: queue busy, throttled building_robot_factory
[2026-05-12 13:45:17] ==== loop 2/∞ | seed=976442493160730012 archetype=opportunist personality=minero focus=tech actions_per_loop=3 ====
[13:45:17] planet 35: queue busy, throttled building_robot_factory
[13:45:17] planet 35: queue busy, throttled building_robot_factory
[13:45:17] planet 35: queue busy, throttled building_robot_factory
[13:45:17] research: blocked research_intergalactic_research_network (research_computer_technology 6/8)
[2026-05-12 13:45:52] ==== loop 3/∞ | seed=976442493160730012 archetype=opportunist personality=minero focus=tech actions_per_loop=3 ====
[13:45:52] planet 35: queue busy, throttled building_robot_factory
[13:45:52] planet 35: queue busy, throttled building_robot_factory
[13:45:52] planet 35: queue busy, throttled building_robot_factory
[13:45:52] research: blocked research_intergalactic_research_network (research_computer_technology 6/8)
[2026-05-12 13:46:29] ==== loop 4/∞ | seed=976442493160730012 archetype=opportunist personality=minero focus=tech actions_per_loop=3 ====
[13:46:29] planet 35: queue busy, throttled building_robot_factory
[13:46:29] planet 35: queue busy, throttled building_robot_factory
[13:46:29] research: blocked research_intergalactic_research_network (research_computer_technology 6/8)
[2026-05-12 13:47:06] ==== loop 5/∞ | seed=976442493160730012 archetype=opportunist personality=minero focus=tech actions_per_loop=3 ====
[13:47:06] planet 35: queue busy, throttled building_robot_factory
[13:47:06] planet 35: queue busy, throttled building_robot_factory
[13:47:06] planet 35: queue busy, throttled building_robot_factory
[13:47:06] research: blocked research_intergalactic_research_network (research_computer_technology 6/8)
[2026-05-12 13:47:42] ==== loop 6/∞ | seed=976442493160730012 archetype=opportunist personality=minero focus=tech actions_per_loop=3 ====
[13:47:42] planet 35: queue busy, throttled building_robot_factory
[13:47:42] planet 35: queue busy, throttled building_robot_factory
[13:47:42] planet 35: queue busy, throttled building_robot_factory
[2026-05-12 13:48:23] ==== loop 7/∞ | seed=976442493160730012 archetype=opportunist personality=minero focus=tech actions_per_loop=3 ====
[13:48:23] planet 35: queue busy, throttled building_robot_factory
[13:48:23] planet 35: queue busy, throttled building_robot_factory
[13:48:23] planet 35: queue busy, throttled building_robot_factory
[13:48:23] research: blocked research_intergalactic_research_network (research_computer_technology 6/8)
[2026-05-12 13:49:03] ==== loop 8/∞ | seed=976442493160730012 archetype=opportunist personality=minero focus=tech actions_per_loop=3 ====
[13:49:03] planet 35: queue busy, throttled building_robot_factory
[13:49:03] planet 35: queue busy, throttled building_robot_factory
[13:49:03] planet 35: queue busy, throttled building_robot_factory
[2026-05-12 13:49:42] ==== loop 9/∞ | seed=976442493160730012 archetype=opportunist personality=minero focus=tech actions_per_loop=3 ====
[13:49:42] planet 35: queue busy, throttled building_robot_factory
[13:49:42] planet 35: queue busy, throttled building_robot_factory
[13:49:42] planet 35: queue busy, throttled building_robot_factory
[13:49:42] research: blocked research_intergalactic_research_network (research_computer_technology 6/8)
[2026-05-12 13:50:17] ==== loop 10/∞ | seed=976442493160730012 archetype=opportunist personality=minero focus=tech actions_per_loop=3 ====
[13:50:17] planet 35: queue busy, throttled building_robot_factory
[13:50:17] planet 35: queue busy, throttled building_robot_factory
[13:50:17] planet 35: queue busy, throttled building_robot_factory
[13:50:17] research: blocked research_intergalactic_research_network (research_computer_technology 6/8)
[2026-05-12 13:50:53] ==== loop 11/∞ | seed=976442493160730012 archetype=opportunist personality=minero focus=tech actions_per_loop=3 ====
[13:50:53] planet 35: queue busy, throttled building_robot_factory
[13:50:53] planet 35: queue busy, throttled building_robot_factory
[13:50:53] planet 35: queue busy, throttled building_robot_factory
[13:50:53] research: blocked research_intergalactic_research_network (research_computer_technology 6/8)
[2026-05-12 13:51:29] ==== loop 12/∞ | seed=976442493160730012 archetype=opportunist personality=minero focus=tech actions_per_loop=3 ====
[13:51:29] planet 35: queue busy, throttled building_robot_factory
[13:51:29] planet 35: queue busy, throttled building_robot_factory
[13:51:29] planet 35: queue busy, throttled building_robot_factory
[2026-05-12 13:52:02] ==== loop 13/∞ | seed=976442493160730012 archetype=opportunist personality=minero focus=tech actions_per_loop=3 ====
[13:52:02] planet 35: queue busy, throttled building_robot_factory
[13:52:02] planet 35: queue busy, throttled building_robot_factory
[13:52:02] planet 35: queue busy, throttled building_robot_factory
[13:52:02] research: blocked research_intergalactic_research_network (research_computer_technology 6/8)
[2026-05-12 13:52:36] ==== loop 14/∞ | seed=976442493160730012 archetype=opportunist personality=minero focus=tech actions_per_loop=3 ====
[13:52:36] planet 35: queue busy, throttled building_robot_factory
[13:52:36] planet 35: queue busy, throttled building_robot_factory
[13:52:36] planet 35: queue busy, throttled building_robot_factory
[13:52:36] research: blocked research_intergalactic_research_network (research_computer_technology 6/8)
[2026-05-12 13:53:12] ==== loop 15/∞ | seed=976442493160730012 archetype=opportunist personality=minero focus=tech actions_per_loop=3 ====
[13:53:12] planet 35: queue busy, throttled building_robot_factory
[13:53:12] planet 35: queue busy, throttled building_robot_factory
[13:53:12] planet 35: queue busy, throttled building_robot_factory
[2026-05-12 13:53:49] ==== loop 16/∞ | seed=976442493160730012 archetype=opportunist personality=minero focus=tech actions_per_loop=3 ====
[13:53:49] planet 35: queue busy, throttled building_robot_factory
[13:53:49] planet 35: queue busy, throttled building_robot_factory
[13:53:49] planet 35: queue busy, throttled building_robot_factory
[13:53:49] research: blocked research_intergalactic_research_network (research_computer_technology 6/8)
[2026-05-12 13:54:25] ==== loop 17/∞ | seed=976442493160730012 archetype=opportunist personality=minero focus=tech actions_per_loop=3 ====
[13:54:25] planet 35: queue busy, throttled building_robot_factory
[13:54:25] planet 35: queue busy, throttled building_robot_factory
[13:54:25] planet 35: queue busy, throttled building_robot_factory
[13:54:25] research: blocked research_intergalactic_research_network (research_computer_technology 6/8)
[2026-05-12 13:55:03] ==== loop 18/∞ | seed=976442493160730012 archetype=opportunist personality=minero focus=tech actions_per_loop=3 ====
[13:55:03] planet 35: queue busy, throttled building_robot_factory
[13:55:03] planet 35: queue busy, throttled building_robot_factory
[13:55:03] planet 35: queue busy, throttled building_robot_factory
[13:55:03] research: blocked research_intergalactic_research_network (research_computer_technology 6/8)
[2026-05-12 13:55:40] ==== loop 19/∞ | seed=976442493160730012 archetype=opportunist personality=minero focus=tech actions_per_loop=3 ====
[13:55:40] planet 35: queue busy, throttled building_robot_factory
[13:55:40] planet 35: queue busy, throttled building_robot_factory
[13:55:40] planet 35: queue busy, throttled building_robot_factory
[2026-05-12 13:56:18] ==== loop 20/∞ | seed=976442493160730012 archetype=opportunist personality=minero focus=tech actions_per_loop=3 ====
[13:56:18] planet 35: queue busy, throttled building_robot_factory
[13:56:18] planet 35: queue busy, throttled building_robot_factory
[13:56:18] planet 35: queue busy, throttled building_robot_factory
[13:56:18] research: blocked research_intergalactic_research_network (research_computer_technology 6/8)
[2026-05-12 13:56:52] ==== loop 21/∞ | seed=976442493160730012 archetype=opportunist personality=minero focus=tech actions_per_loop=3 ====
[13:56:52] planet 35: queue busy, throttled building_robot_factory
[13:56:52] planet 35: queue busy, throttled building_robot_factory
[13:56:52] planet 35: queue busy, throttled building_robot_factory
[13:56:52] research: blocked research_intergalactic_research_network (research_computer_technology 6/8)
[2026-05-12 13:57:31] ==== loop 22/∞ | seed=976442493160730012 archetype=opportunist personality=minero focus=tech actions_per_loop=3 ====
[13:57:31] planet 35: queue busy, throttled building_robot_factory
[13:57:31] planet 35: queue busy, throttled building_robot_factory
[13:57:31] planet 35: queue busy, throttled building_robot_factory
[13:57:31] research: blocked research_intergalactic_research_network (research_computer_technology 6/8)
[2026-05-12 13:58:08] ==== loop 23/∞ | seed=976442493160730012 archetype=opportunist personality=minero focus=tech actions_per_loop=3 ====
[13:58:08] planet 35: queue busy, throttled building_robot_factory
[13:58:08] planet 35: queue busy, throttled building_robot_factory
[13:58:08] planet 35: queue busy, throttled building_robot_factory
[13:58:08] research: blocked research_intergalactic_research_network (research_computer_technology 6/8)
[2026-05-12 13:58:42] ==== loop 24/∞ | seed=976442493160730012 archetype=opportunist personality=minero focus=tech actions_per_loop=3 ====
[13:58:42] planet 35: queue busy, throttled building_robot_factory
[13:58:42] planet 35: queue busy, throttled building_robot_factory
[13:58:42] planet 35: queue busy, throttled building_robot_factory
[2026-05-12 13:59:20] ==== loop 25/∞ | seed=976442493160730012 archetype=opportunist personality=minero focus=tech actions_per_loop=3 ====
[13:59:20] planet 35: queue busy, throttled building_robot_factory
[13:59:20] planet 35: queue busy, throttled building_robot_factory
[13:59:20] planet 35: queue busy, throttled building_robot_factory
[13:59:20] research: blocked research_intergalactic_research_network (research_computer_technology 6/8)
[2026-05-12 13:59:53] ==== loop 26/∞ | seed=976442493160730012 archetype=opportunist personality=minero focus=tech actions_per_loop=3 ====
[13:59:53] planet 35: queue busy, throttled building_robot_factory
[13:59:53] planet 35: queue busy, throttled building_robot_factory
[13:59:53] planet 35: queue busy, throttled building_robot_factory
[13:59:53] research: blocked research_intergalactic_research_network (research_computer_technology 6/8)
[2026-05-12 14:00:25] ==== loop 27/∞ | seed=976442493160730012 archetype=opportunist personality=minero focus=tech actions_per_loop=3 ====
[14:00:25] planet 35: queue busy, throttled building_robot_factory
[14:00:25] planet 35: queue busy, throttled building_robot_factory
[14:00:25] planet 35: queue busy, throttled building_robot_factory
[2026-05-12 14:01:00] ==== loop 28/∞ | seed=976442493160730012 archetype=opportunist personality=minero focus=tech actions_per_loop=3 ====
[14:01:00] planet 35: queue busy, throttled building_robot_factory
[14:01:00] planet 35: queue busy, throttled building_robot_factory
[14:01:00] planet 35: queue busy, throttled building_robot_factory
[2026-05-12 14:01:41] ==== loop 29/∞ | seed=976442493160730012 archetype=opportunist personality=minero focus=tech actions_per_loop=3 ====
[14:01:41] planet 35: queue busy, throttled building_robot_factory
[14:01:41] planet 35: queue busy, throttled building_robot_factory
[2026-05-12 14:02:22] ==== loop 30/∞ | seed=976442493160730012 archetype=opportunist personality=minero focus=tech actions_per_loop=3 ====
[14:02:22] planet 35: queue busy, throttled building_robot_factory
[14:02:22] planet 35: queue busy, throttled building_robot_factory
[14:02:22] planet 35: queue busy, throttled building_robot_factory
[14:02:22] research: blocked research_intergalactic_research_network (research_computer_technology 6/8)
[2026-05-12 14:03:02] ==== loop 31/∞ | seed=976442493160730012 archetype=opportunist personality=minero focus=tech actions_per_loop=3 ====
[14:03:02] planet 35: queue busy, throttled building_robot_factory
[14:03:02] planet 35: queue busy, throttled building_robot_factory
[14:03:02] planet 35: queue busy, throttled building_robot_factory
[2026-05-12 14:03:40] ==== loop 32/∞ | seed=976442493160730012 archetype=opportunist personality=minero focus=tech actions_per_loop=3 ====
[14:03:40] planet 35: queue busy, throttled building_robot_factory
[14:03:40] planet 35: queue busy, throttled building_robot_factory
[14:03:40] planet 35: queue busy, throttled building_robot_factory
[2026-05-12 14:04:24] ==== loop 33/∞ | seed=976442493160730012 archetype=opportunist personality=minero focus=tech actions_per_loop=3 ====
[14:04:24] planet 35: queue busy, throttled building_robot_factory
[14:04:24] planet 35: queue busy, throttled building_robot_factory
[14:04:24] planet 35: queue busy, throttled building_robot_factory
[2026-05-12 14:05:03] ==== loop 34/∞ | seed=976442493160730012 archetype=opportunist personality=minero focus=tech actions_per_loop=3 ====
[14:05:03] planet 35: queue busy, throttled building_robot_factory
[14:05:03] planet 35: queue busy, throttled building_robot_factory
[14:05:03] planet 35: queue busy, throttled building_robot_factory
[2026-05-12 14:05:39] ==== loop 35/∞ | seed=976442493160730012 archetype=opportunist personality=minero focus=tech actions_per_loop=3 ====
[14:05:39] planet 35: queue busy, throttled building_robot_factory
[14:05:39] planet 35: queue busy, throttled building_robot_factory
[14:05:39] planet 35: queue busy, throttled building_robot_factory
[14:05:39] research: blocked research_intergalactic_research_network (research_computer_technology 6/8)
[2026-05-12 14:06:19] ==== loop 36/∞ | seed=976442493160730012 archetype=opportunist personality=minero focus=tech actions_per_loop=3 ====
[14:06:19] planet 35: queue busy, throttled building_robot_factory
[14:06:19] planet 35: queue busy, throttled building_robot_factory
[14:06:19] planet 35: queue busy, throttled building_robot_factory
[14:06:19] research: blocked research_intergalactic_research_network (research_computer_technology 6/8)
[2026-05-12 14:06:57] ==== loop 37/∞ | seed=976442493160730012 archetype=opportunist personality=minero focus=tech actions_per_loop=3 ====
[14:06:57] planet 35: queue busy, throttled building_robot_factory
[14:06:57] planet 35: queue busy, throttled building_robot_factory
[14:06:57] planet 35: queue busy, throttled building_robot_factory
[14:06:57] research: blocked research_intergalactic_research_network (research_computer_technology 6/8)
[2026-05-12 14:07:39] ==== loop 38/∞ | seed=976442493160730012 archetype=opportunist personality=minero focus=tech actions_per_loop=3 ====
[14:07:39] planet 35: queue busy, throttled building_robot_factory
[14:07:39] planet 35: queue busy, throttled building_robot_factory
[14:07:39] planet 35: queue busy, throttled building_robot_factory
[2026-05-12 14:08:18] ==== loop 39/∞ | seed=976442493160730012 archetype=opportunist personality=minero focus=tech actions_per_loop=3 ====
[14:08:18] planet 35: queue busy, throttled building_robot_factory
[14:08:18] planet 35: queue busy, throttled building_robot_factory
[14:08:18] research: blocked research_intergalactic_research_network (research_computer_technology 6/8)
[2026-05-12 14:08:59] ==== loop 40/∞ | seed=976442493160730012 archetype=opportunist personality=minero focus=tech actions_per_loop=3 ====
[14:08:59] planet 35: queued building_deuterium_tank to 10
[14:08:59] research: blocked research_intergalactic_research_network (research_computer_technology 6/8)
[2026-05-12 14:09:43] ==== loop 41/∞ | seed=976442493160730012 archetype=opportunist personality=minero focus=tech actions_per_loop=3 ====
[14:09:43] planet 35: queue busy, throttled building_robot_factory
[14:09:43] planet 35: queue busy, throttled building_robot_factory
[14:09:43] planet 35: queue busy, throttled building_robot_factory
[2026-05-12 14:10:22] ==== loop 42/∞ | seed=976442493160730012 archetype=opportunist personality=minero focus=tech actions_per_loop=3 ====
[14:10:22] planet 35: queue busy, throttled building_robot_factory
[14:10:22] planet 35: queue busy, throttled building_robot_factory
[14:10:22] planet 35: queue busy, throttled building_robot_factory
[14:10:22] research: blocked research_intergalactic_research_network (research_computer_technology 6/8)
[2026-05-12 14:10:59] ==== loop 43/∞ | seed=976442493160730012 archetype=opportunist personality=minero focus=tech actions_per_loop=3 ====
[14:10:59] planet 35: queue busy, throttled building_robot_factory
[14:10:59] planet 35: queue busy, throttled building_robot_factory
[14:10:59] planet 35: queue busy, throttled building_robot_factory
[2026-05-12 14:11:40] ==== loop 44/∞ | seed=976442493160730012 archetype=opportunist personality=minero focus=tech actions_per_loop=3 ====
[14:11:40] planet 35: queue busy, throttled building_robot_factory
[14:11:40] planet 35: queue busy, throttled building_robot_factory
[14:11:40] planet 35: queue busy, throttled building_robot_factory
[14:11:40] research: blocked research_intergalactic_research_network (research_computer_technology 6/8)
[2026-05-12 14:12:18] ==== loop 45/∞ | seed=976442493160730012 archetype=opportunist personality=minero focus=tech actions_per_loop=3 ====
[14:12:18] planet 35: queue busy, throttled building_robot_factory
[14:12:18] planet 35: queue busy, throttled building_robot_factory
[14:12:18] planet 35: queue busy, throttled building_robot_factory
[14:12:18] research: blocked research_intergalactic_research_network (research_computer_technology 6/8)
[2026-05-12 14:12:54] ==== loop 46/∞ | seed=976442493160730012 archetype=opportunist personality=minero focus=tech actions_per_loop=3 ====
[14:12:54] planet 35: queue busy, throttled building_robot_factory
[14:12:54] planet 35: queue busy, throttled building_robot_factory
[14:12:54] planet 35: queue busy, throttled building_robot_factory
[14:12:54] research: blocked research_intergalactic_research_network (research_computer_technology 6/8)
[2026-05-12 14:13:31] ==== loop 47/∞ | seed=976442493160730012 archetype=opportunist personality=minero focus=tech actions_per_loop=3 ====
[14:13:31] planet 35: queue busy, throttled building_robot_factory
[14:13:31] planet 35: queue busy, throttled building_robot_factory
[14:13:31] planet 35: queue busy, throttled building_robot_factory
[2026-05-12 14:14:06] ==== loop 48/∞ | seed=976442493160730012 archetype=opportunist personality=minero focus=tech actions_per_loop=3 ====
[14:14:06] planet 35: queue busy, throttled building_robot_factory
[14:14:06] planet 35: queue busy, throttled building_robot_factory
[14:14:06] research: blocked research_intergalactic_research_network (research_computer_technology 6/8)
[2026-05-12 14:14:44] ==== loop 49/∞ | seed=976442493160730012 archetype=opportunist personality=minero focus=tech actions_per_loop=3 ====
[14:14:44] planet 35: queue busy, throttled building_robot_factory
[14:14:44] planet 35: queue busy, throttled building_robot_factory
[14:14:44] planet 35: queue busy, throttled building_robot_factory
[14:14:44] research: blocked research_intergalactic_research_network (research_computer_technology 6/8)
[2026-05-12 14:15:23] ==== loop 50/∞ | seed=976442493160730012 archetype=opportunist personality=minero focus=tech actions_per_loop=3 ====
[14:15:23] planet 35: queue busy, throttled building_robot_factory
[14:15:23] planet 35: queue busy, throttled building_robot_factory
[14:15:23] planet 35: queue busy, throttled building_robot_factory
[14:15:23] research: blocked research_intergalactic_research_network (research_computer_technology 6/8)
[2026-05-12 14:15:58] ==== loop 51/∞ | seed=976442493160730012 archetype=opportunist personality=minero focus=tech actions_per_loop=3 ====
[14:15:58] planet 35: queue busy, throttled building_robot_factory
[14:15:58] planet 35: queue busy, throttled building_robot_factory
[14:15:58] planet 35: queue busy, throttled building_robot_factory
[2026-05-12 14:16:31] ==== loop 52/∞ | seed=976442493160730012 archetype=opportunist personality=minero focus=tech actions_per_loop=3 ====
[14:16:31] planet 35: queue busy, throttled building_robot_factory
[14:16:31] planet 35: queue busy, throttled building_robot_factory
[14:16:31] planet 35: queue busy, throttled building_robot_factory
[2026-05-12 14:17:09] ==== loop 53/∞ | seed=976442493160730012 archetype=opportunist personality=minero focus=tech actions_per_loop=3 ====
[14:17:09] planet 35: queue busy, throttled building_robot_factory
[14:17:09] planet 35: queue busy, throttled building_robot_factory
[14:17:09] planet 35: queue busy, throttled building_robot_factory
[14:17:09] research: blocked research_intergalactic_research_network (research_computer_technology 6/8)
[2026-05-12 14:17:43] ==== loop 54/∞ | seed=976442493160730012 archetype=opportunist personality=minero focus=tech actions_per_loop=3 ====
[14:17:43] planet 35: queue busy, throttled building_robot_factory
[14:17:43] planet 35: queue busy, throttled building_robot_factory
[14:17:43] planet 35: queue busy, throttled building_robot_factory
[14:17:43] research: blocked research_intergalactic_research_network (research_computer_technology 6/8)
[2026-05-12 14:18:21] ==== loop 55/∞ | seed=976442493160730012 archetype=opportunist personality=minero focus=tech actions_per_loop=3 ====
[14:18:21] planet 35: queue busy, throttled building_robot_factory
[14:18:21] planet 35: queue busy, throttled building_robot_factory
[14:18:21] planet 35: queue busy, throttled building_robot_factory
[14:18:21] research: blocked research_intergalactic_research_network (research_computer_technology 6/8)
[2026-05-12 14:18:54] ==== loop 56/∞ | seed=976442493160730012 archetype=opportunist personality=minero focus=tech actions_per_loop=3 ====
[14:18:54] planet 35: queue busy, throttled building_robot_factory
[14:18:54] planet 35: queue busy, throttled building_robot_factory
[2026-05-12 14:19:35] ==== loop 57/∞ | seed=976442493160730012 archetype=opportunist personality=minero focus=tech actions_per_loop=3 ====
[14:19:36] planet 35: queue busy, throttled building_robot_factory
[14:19:36] planet 35: queue busy, throttled building_robot_factory
[14:19:36] planet 35: queue busy, throttled building_robot_factory
[14:19:36] research: blocked research_intergalactic_research_network (research_computer_technology 6/8)
[2026-05-12 14:20:13] ==== loop 58/∞ | seed=976442493160730012 archetype=opportunist personality=minero focus=tech actions_per_loop=3 ====
[14:20:13] planet 35: queue busy, throttled building_robot_factory
[14:20:13] planet 35: queue busy, throttled building_robot_factory
[14:20:13] planet 35: queue busy, throttled building_robot_factory
[14:20:13] research: blocked research_intergalactic_research_network (research_computer_technology 6/8)
[2026-05-12 14:20:54] ==== loop 59/∞ | seed=976442493160730012 archetype=opportunist personality=minero focus=tech actions_per_loop=3 ====
[14:20:54] planet 35: queue busy, throttled building_robot_factory
[14:20:54] planet 35: queue busy, throttled building_robot_factory
[14:20:54] planet 35: queue busy, throttled building_robot_factory
[14:20:54] research: blocked research_intergalactic_research_network (research_computer_technology 6/8)
[2026-05-12 14:21:33] ==== loop 60/∞ | seed=976442493160730012 archetype=opportunist personality=minero focus=tech actions_per_loop=3 ====
[14:21:33] planet 35: queue busy, throttled building_robot_factory
[14:21:33] planet 35: queue busy, throttled building_robot_factory
[14:21:33] planet 35: queue busy, throttled building_robot_factory
[14:21:33] research: blocked research_intergalactic_research_network (research_computer_technology 6/8)
[2026-05-12 14:22:16] ==== loop 61/∞ | seed=976442493160730012 archetype=opportunist personality=minero focus=tech actions_per_loop=3 ====
[14:22:17] planet 35: queued building_metal_store to 12
[2026-05-12 14:23:04] ==== loop 62/∞ | seed=976442493160730012 archetype=opportunist personality=minero focus=tech actions_per_loop=3 ====
[14:23:04] planet 35: queue busy, throttled building_robot_factory
[14:23:04] planet 35: queue busy, throttled building_robot_factory
[14:23:04] planet 35: queue busy, throttled building_robot_factory
[14:23:04] research: blocked research_intergalactic_research_network (research_computer_technology 6/8)
[2026-05-12 14:23:50] ==== loop 63/∞ | seed=976442493160730012 archetype=opportunist personality=minero focus=tech actions_per_loop=3 ====
[14:23:50] planet 35: queue busy, throttled building_robot_factory
[14:23:50] planet 35: queue busy, throttled building_robot_factory
[14:23:50] planet 35: queue busy, throttled building_robot_factory
[14:23:50] research: blocked research_intergalactic_research_network (research_computer_technology 6/8)
[2026-05-12 14:24:30] ==== loop 64/∞ | seed=976442493160730012 archetype=opportunist personality=minero focus=tech actions_per_loop=3 ====
[14:24:30] planet 35: queue busy, throttled building_robot_factory
[14:24:30] planet 35: queue busy, throttled building_robot_factory
[14:24:30] planet 35: queue busy, throttled building_robot_factory
[14:24:30] research: blocked research_intergalactic_research_network (research_computer_technology 6/8)
[2026-05-12 14:25:11] ==== loop 65/∞ | seed=976442493160730012 archetype=opportunist personality=minero focus=tech actions_per_loop=3 ====
[14:25:11] planet 35: queue busy, throttled building_robot_factory
[14:25:11] planet 35: queue busy, throttled building_robot_factory
[14:25:11] planet 35: queue busy, throttled building_robot_factory
[2026-05-12 14:25:49] ==== loop 66/∞ | seed=976442493160730012 archetype=opportunist personality=minero focus=tech actions_per_loop=3 ====
[14:25:49] planet 35: queue busy, throttled building_robot_factory
[14:25:49] planet 35: queue busy, throttled building_robot_factory
[14:25:49] research: blocked research_intergalactic_research_network (research_computer_technology 6/8)
[2026-05-12 14:26:35] ==== loop 67/∞ | seed=976442493160730012 archetype=opportunist personality=minero focus=tech actions_per_loop=3 ====
[14:26:35] planet 35: queue busy, throttled building_robot_factory
[14:26:35] planet 35: queue busy, throttled building_robot_factory
[14:26:35] planet 35: queue busy, throttled building_robot_factory
[2026-05-12 14:27:15] ==== loop 68/∞ | seed=976442493160730012 archetype=opportunist personality=minero focus=tech actions_per_loop=3 ====
[14:27:15] planet 35: queue busy, throttled building_robot_factory
[14:27:15] planet 35: queue busy, throttled building_robot_factory
[14:27:15] planet 35: queue busy, throttled building_robot_factory
[14:27:15] research: blocked research_intergalactic_research_network (research_computer_technology 6/8)
[2026-05-12 14:28:01] ==== loop 69/∞ | seed=976442493160730012 archetype=opportunist personality=minero focus=tech actions_per_loop=3 ====
[14:28:01] planet 35: queue busy, throttled building_robot_factory
[14:28:01] planet 35: queue busy, throttled building_robot_factory
[14:28:01] planet 35: queue busy, throttled building_robot_factory
[2026-05-12 14:28:42] ==== loop 70/∞ | seed=976442493160730012 archetype=opportunist personality=minero focus=tech actions_per_loop=3 ====
[14:28:42] planet 35: queue busy, throttled building_robot_factory
[14:28:42] planet 35: queue busy, throttled building_robot_factory
[14:28:42] planet 35: queue busy, throttled building_robot_factory
[14:28:42] research: blocked research_intergalactic_research_network (research_computer_technology 6/8)
[2026-05-12 14:29:23] ==== loop 71/∞ | seed=976442493160730012 archetype=opportunist personality=minero focus=tech actions_per_loop=3 ====
[14:29:23] planet 35: queue busy, throttled building_robot_factory
[14:29:23] planet 35: queue busy, throttled building_robot_factory
[2026-05-12 14:30:07] ==== loop 72/∞ | seed=976442493160730012 archetype=opportunist personality=minero focus=tech actions_per_loop=3 ====
[14:30:07] planet 35: queue busy, throttled building_robot_factory
[14:30:07] planet 35: queue busy, throttled building_robot_factory
[14:30:07] planet 35: queue busy, throttled building_robot_factory
[14:30:07] research: blocked research_intergalactic_research_network (research_computer_technology 6/8)
[2026-05-12 14:30:49] ==== loop 73/∞ | seed=976442493160730012 archetype=opportunist personality=minero focus=tech actions_per_loop=3 ====
[14:30:49] planet 35: queue busy, throttled building_robot_factory
[14:30:49] planet 35: queue busy, throttled building_robot_factory
[14:30:49] planet 35: queue busy, throttled building_robot_factory
[14:30:49] research: blocked research_intergalactic_research_network (research_computer_technology 6/8)
[2026-05-12 14:31:41] ==== loop 74/∞ | seed=976442493160730012 archetype=opportunist personality=minero focus=tech actions_per_loop=3 ====
[14:31:41] planet 35: queue busy, throttled building_robot_factory
[14:31:41] planet 35: queue busy, throttled building_robot_factory
[14:31:41] research: blocked research_intergalactic_research_network (research_computer_technology 6/8)
[2026-05-12 14:32:27] ==== loop 75/∞ | seed=976442493160730012 archetype=opportunist personality=minero focus=tech actions_per_loop=3 ====
[14:32:27] planet 35: queue busy, throttled building_robot_factory
[14:32:27] planet 35: queue busy, throttled building_robot_factory
[14:32:27] planet 35: queue busy, throttled building_robot_factory
[14:32:27] research: blocked research_intergalactic_research_network (research_computer_technology 6/8)
[2026-05-12 14:33:14] ==== loop 76/∞ | seed=976442493160730012 archetype=opportunist personality=minero focus=tech actions_per_loop=3 ====
[14:33:14] planet 35: queue busy, throttled building_robot_factory
[14:33:14] planet 35: queue busy, throttled building_robot_factory
[14:33:14] planet 35: queue busy, throttled building_robot_factory
[2026-05-12 14:34:02] ==== loop 77/∞ | seed=976442493160730012 archetype=opportunist personality=minero focus=tech actions_per_loop=3 ====
[14:34:02] planet 35: queue busy, throttled building_robot_factory
[14:34:02] planet 35: queue busy, throttled building_robot_factory
[14:34:02] planet 35: queue busy, throttled building_robot_factory
[14:34:02] research: blocked research_intergalactic_research_network (research_computer_technology 6/8)
[2026-05-12 14:35:08] ==== loop 1/∞ | seed=976442493160730012 archetype=opportunist personality=minero focus=tech actions_per_loop=3 ====
[14:35:08] planet 35: queue busy, throttled building_robot_factory
[14:35:08] planet 35: queue busy, throttled building_robot_factory
[14:35:08] planet 35: queue busy, throttled building_robot_factory
[14:35:08] research: blocked research_intergalactic_research_network (research_computer_technology 6/8)
[2026-05-12 14:35:51] ==== loop 2/∞ | seed=976442493160730012 archetype=opportunist personality=minero focus=tech actions_per_loop=3 ====
[14:35:51] planet 35: queue busy, throttled building_robot_factory
[14:35:51] planet 35: queue busy, throttled building_robot_factory
[2026-05-12 14:36:34] ==== loop 3/∞ | seed=976442493160730012 archetype=opportunist personality=minero focus=tech actions_per_loop=3 ====
[14:36:34] planet 35: queue busy, throttled building_robot_factory
[14:36:34] planet 35: queue busy, throttled building_robot_factory
[14:36:34] planet 35: queue busy, throttled building_robot_factory
[2026-05-12 14:37:20] ==== loop 4/∞ | seed=976442493160730012 archetype=opportunist personality=minero focus=tech actions_per_loop=3 ====
[14:37:20] planet 35: queue busy, throttled building_robot_factory
[14:37:20] planet 35: queue busy, throttled building_robot_factory
[14:37:20] planet 35: queue busy, throttled building_robot_factory
[2026-05-12 14:38:09] ==== loop 5/∞ | seed=976442493160730012 archetype=opportunist personality=minero focus=tech actions_per_loop=3 ====
[14:38:09] planet 35: queue busy, throttled building_robot_factory
[14:38:09] planet 35: queue busy, throttled building_robot_factory
[14:38:09] planet 35: queue busy, throttled building_robot_factory
[14:38:09] research: blocked research_intergalactic_research_network (research_computer_technology 6/8)
[2026-05-12 14:38:54] ==== loop 6/∞ | seed=976442493160730012 archetype=opportunist personality=minero focus=tech actions_per_loop=3 ====
[14:38:54] planet 35: queue busy, throttled building_robot_factory
[14:38:54] planet 35: queue busy, throttled building_robot_factory
[14:38:54] planet 35: queue busy, throttled building_robot_factory
[2026-05-12 14:39:38] ==== loop 7/∞ | seed=976442493160730012 archetype=opportunist personality=minero focus=tech actions_per_loop=3 ====
[14:39:38] planet 35: queue busy, throttled building_robot_factory
[14:39:38] planet 35: queue busy, throttled building_robot_factory
[14:39:38] planet 35: queue busy, throttled building_robot_factory
[2026-05-12 14:40:27] ==== loop 8/∞ | seed=976442493160730012 archetype=opportunist personality=minero focus=tech actions_per_loop=3 ====
[14:40:27] planet 35: queue busy, throttled building_robot_factory
[14:40:27] planet 35: queue busy, throttled building_robot_factory
[14:40:27] research: blocked research_intergalactic_research_network (research_computer_technology 6/8)
[2026-05-12 14:41:13] ==== loop 9/∞ | seed=976442493160730012 archetype=opportunist personality=minero focus=tech actions_per_loop=3 ====
[14:41:13] planet 35: queue busy, throttled building_robot_factory
[14:41:13] planet 35: queue busy, throttled building_robot_factory
[14:41:13] research: blocked research_intergalactic_research_network (research_computer_technology 6/8)
[2026-05-12 14:41:57] ==== loop 10/∞ | seed=976442493160730012 archetype=opportunist personality=minero focus=tech actions_per_loop=3 ====
[14:41:57] planet 35: queue busy, throttled building_robot_factory
[14:41:57] planet 35: queue busy, throttled building_robot_factory
[14:41:57] planet 35: queue busy, throttled building_robot_factory
[14:41:57] research: blocked research_intergalactic_research_network (research_computer_technology 6/8)
[2026-05-12 14:42:37] ==== loop 11/∞ | seed=976442493160730012 archetype=opportunist personality=minero focus=tech actions_per_loop=3 ====
[14:42:37] planet 35: queue busy, throttled building_robot_factory
[14:42:37] planet 35: queue busy, throttled building_robot_factory
[14:42:37] planet 35: queue busy, throttled building_robot_factory
[14:42:37] research: blocked research_intergalactic_research_network (research_computer_technology 6/8)
[2026-05-12 14:43:24] ==== loop 12/∞ | seed=976442493160730012 archetype=opportunist personality=minero focus=tech actions_per_loop=3 ====
[14:43:24] planet 35: queue busy, throttled building_robot_factory
[14:43:24] planet 35: queue busy, throttled building_robot_factory
[14:43:24] planet 35: queue busy, throttled building_robot_factory
[14:43:24] research: blocked research_intergalactic_research_network (research_computer_technology 6/8)
[2026-05-12 14:44:08] ==== loop 13/∞ | seed=976442493160730012 archetype=opportunist personality=minero focus=tech actions_per_loop=3 ====
[14:44:08] planet 35: queue busy, throttled building_robot_factory
[14:44:08] planet 35: queue busy, throttled building_robot_factory
[14:44:08] planet 35: queue busy, throttled building_robot_factory
[2026-05-12 14:44:52] ==== loop 14/∞ | seed=976442493160730012 archetype=opportunist personality=minero focus=tech actions_per_loop=3 ====
[14:44:52] planet 35: queue busy, throttled building_robot_factory
[14:44:52] planet 35: queue busy, throttled building_robot_factory
[14:44:52] planet 35: queue busy, throttled building_robot_factory
[14:44:52] research: blocked research_intergalactic_research_network (research_computer_technology 6/8)
[2026-05-12 14:45:35] ==== loop 15/∞ | seed=976442493160730012 archetype=opportunist personality=minero focus=tech actions_per_loop=3 ====
[14:45:35] planet 35: queue busy, throttled building_robot_factory
[14:45:35] planet 35: queue busy, throttled building_robot_factory
[14:45:35] planet 35: queue busy, throttled building_robot_factory
[2026-05-12 14:46:16] ==== loop 16/∞ | seed=976442493160730012 archetype=opportunist personality=minero focus=tech actions_per_loop=3 ====
[14:46:16] planet 35: queue busy, throttled building_robot_factory
[14:46:16] planet 35: queue busy, throttled building_robot_factory
[14:46:16] planet 35: queue busy, throttled building_robot_factory
[14:46:16] research: blocked research_intergalactic_research_network (research_computer_technology 6/8)
[2026-05-12 14:47:01] ==== loop 17/∞ | seed=976442493160730012 archetype=opportunist personality=minero focus=tech actions_per_loop=3 ====
[14:47:01] planet 35: queue busy, throttled building_robot_factory
[14:47:01] planet 35: queue busy, throttled building_robot_factory
[14:47:01] planet 35: queue busy, throttled building_robot_factory
[14:47:01] research: blocked research_intergalactic_research_network (research_computer_technology 6/8)
[2026-05-12 14:47:43] ==== loop 18/∞ | seed=976442493160730012 archetype=opportunist personality=minero focus=tech actions_per_loop=3 ====
[14:47:43] planet 35: queue busy, throttled building_robot_factory
[14:47:43] planet 35: queue busy, throttled building_robot_factory
[14:47:43] planet 35: queue busy, throttled building_robot_factory
[14:47:43] research: blocked research_intergalactic_research_network (research_computer_technology 6/8)
