[2026-05-11 10:30:19] ==== loop 1/∞ | seed=976442493160730012 archetype=opportunist personality=minero focus=eco actions_per_loop=3 ====
[10:30:19] planet 35: queue busy, throttled building_hangar
[10:30:19] planet 35: queue busy, throttled building_hangar
[10:30:19] planet 35: queue busy, throttled building_hangar
[10:30:19] attack: intel 1:4:3 ships=0 defs=0 res=5971833747
[10:30:19] attack: intel 1:3:6 ships=157 defs=114 res=99242268
[10:30:19] attack: intel 1:3:8 ships=15 defs=84 res=34161763
[10:30:19] attack: intel 1:3:10 ships=78 defs=122 res=97152637
[10:30:19] attack: spy 1:4:4 probes=4 eta=1s
[10:30:19] attack: spy 1:4:8 probes=4 eta=1s
[10:30:19] attack: spy 1:4:10 probes=4 eta=1s
[10:30:19] attack: spy 1:4:12 probes=4 eta=1s
[10:30:19] research: blocked research_intergalactic_research_network (research_computer_technology 6/8)
[2026-05-11 10:31:00] ==== loop 2/∞ | seed=976442493160730012 archetype=opportunist personality=minero focus=eco actions_per_loop=3 ====
[10:31:00] planet 35: queue busy, throttled building_hangar
[10:31:00] planet 35: queue busy, throttled building_hangar
[10:31:00] planet 35: queue busy, throttled building_hangar
[10:31:00] attack: intel 1:4:4 ships=113 defs=16 res=146052094
[10:31:00] attack: intel 1:4:8 ships=136 defs=119 res=75006935
[10:31:00] attack: intel 1:4:10 ships=201 defs=214 res=133211185
[10:31:00] attack: intel 1:4:12 ships=126 defs=200 res=132777291
[10:31:00] attack: spy 1:2:1 probes=4 eta=1s
[10:31:00] attack: spy 1:2:2 probes=4 eta=1s
[10:31:00] attack: spy 1:5:6 probes=4 eta=1s
[10:31:00] attack: spy 1:5:8 probes=4 eta=1s
[10:31:00] research: blocked research_intergalactic_research_network (research_computer_technology 6/8)
[2026-05-11 10:31:38] ==== loop 3/∞ | seed=976442493160730012 archetype=opportunist personality=minero focus=eco actions_per_loop=3 ====
[10:31:38] planet 35: queue busy, throttled building_hangar
[10:31:38] planet 35: queue busy, throttled building_hangar
[10:31:38] planet 35: queue busy, throttled building_hangar
[10:31:38] attack: intel 1:2:1 ships=0 defs=0 res=5614243417
[10:31:38] attack: intel 1:2:2 ships=0 defs=0 res=5620297846
[10:31:38] attack: intel 1:5:6 ships=178 defs=260 res=53036920
[10:31:38] attack: intel 1:5:8 ships=329 defs=38 res=153123199
[10:31:38] attack: spy 1:2:3 probes=4 eta=1s
[10:31:38] attack: spy 1:5:10 probes=4 eta=1s
[10:31:38] attack: spy 1:5:12 probes=4 eta=1s
[10:31:38] attack: spy 1:6:4 probes=4 eta=1s
[2026-05-11 10:32:14] ==== loop 4/∞ | seed=976442493160730012 archetype=opportunist personality=minero focus=eco actions_per_loop=3 ====
[10:32:14] planet 35: queue busy, throttled building_hangar
[10:32:14] planet 35: queue busy, throttled building_hangar
[10:32:14] planet 35: queue busy, throttled building_hangar
[10:32:14] attack: intel 1:2:3 ships=0 defs=0 res=5618225016
[10:32:14] attack: intel 1:5:10 ships=154 defs=206 res=53691445
[10:32:14] attack: intel 1:5:12 ships=189 defs=193 res=93445227
[10:32:14] attack: intel 1:6:4 ships=235 defs=104 res=128000143
[10:32:14] research: blocked research_intergalactic_research_network (research_computer_technology 6/8)
[2026-05-11 10:32:53] ==== loop 5/∞ | seed=976442493160730012 archetype=opportunist personality=minero focus=eco actions_per_loop=3 ====
[10:32:53] planet 35: queue busy, throttled building_hangar
[10:32:53] planet 35: queue busy, throttled building_hangar
[10:32:53] planet 35: queue busy, throttled building_hangar
[10:32:53] attack: spy 1:2:4 probes=4 eta=1s
[10:32:53] attack: spy 1:2:5 probes=4 eta=1s
[10:32:53] attack: spy 1:2:6 probes=4 eta=1s
[10:32:53] attack: spy 1:2:7 probes=4 eta=1s
[10:32:53] research: blocked research_intergalactic_research_network (research_computer_technology 6/8)
[2026-05-11 10:33:35] ==== loop 6/∞ | seed=976442493160730012 archetype=opportunist personality=minero focus=eco actions_per_loop=3 ====
[10:33:35] planet 35: queue busy, throttled building_hangar
[10:33:35] planet 35: queue busy, throttled building_hangar
[10:33:35] planet 35: queue busy, throttled building_hangar
[10:33:35] attack: intel 1:2:4 ships=0 defs=0 res=5617473128
[10:33:35] attack: intel 1:2:5 ships=0 defs=0 res=5484116890
[10:33:35] attack: intel 1:2:6 ships=0 defs=0 res=5608633176
[10:33:35] attack: intel 1:2:7 ships=0 defs=0 res=5604173139
[10:33:35] research: blocked research_intergalactic_research_network (research_computer_technology 6/8)
[2026-05-11 10:34:18] ==== loop 7/∞ | seed=976442493160730012 archetype=opportunist personality=minero focus=eco actions_per_loop=3 ====
[10:34:18] planet 35: queue busy, throttled building_hangar
[10:34:18] planet 35: queue busy, throttled building_hangar
[10:34:18] planet 35: queue busy, throttled building_hangar
[10:34:18] research: blocked research_intergalactic_research_network (research_computer_technology 6/8)
[2026-05-11 10:35:00] ==== loop 8/∞ | seed=976442493160730012 archetype=opportunist personality=minero focus=eco actions_per_loop=3 ====
[10:35:00] planet 35: queue busy, throttled building_hangar
[10:35:00] planet 35: queue busy, throttled building_hangar
[10:35:00] planet 35: queue busy, throttled building_hangar
[10:35:00] attack: spy 1:2:8 probes=4 eta=1s
[10:35:00] attack: spy 1:2:9 probes=4 eta=1s
[10:35:00] attack: spy 1:2:10 probes=4 eta=1s
[10:35:00] attack: spy 1:2:11 probes=4 eta=1s
[2026-05-11 10:35:38] ==== loop 9/∞ | seed=976442493160730012 archetype=opportunist personality=minero focus=eco actions_per_loop=3 ====
[10:35:38] planet 35: queue busy, throttled building_hangar
[10:35:38] planet 35: queue busy, throttled building_hangar
[10:35:38] planet 35: queue busy, throttled building_hangar
[10:35:38] attack: intel 1:2:8 ships=0 defs=0 res=5465761577
[10:35:38] attack: intel 1:2:9 ships=0 defs=0 res=5973730953
[10:35:38] attack: intel 1:2:10 ships=0 defs=0 res=7172336497
[10:35:38] attack: intel 1:2:11 ships=0 defs=0 res=7172604298
[10:35:38] attack: spy 1:2:12 probes=4 eta=1s
[10:35:38] attack: spy 1:2:13 probes=4 eta=1s
[10:35:38] attack: spy 1:2:14 probes=4 eta=1s
[10:35:38] attack: spy 1:2:15 probes=4 eta=1s
[10:35:38] research: blocked research_intergalactic_research_network (research_computer_technology 6/8)
[2026-05-11 10:36:13] ==== loop 10/∞ | seed=976442493160730012 archetype=opportunist personality=minero focus=eco actions_per_loop=3 ====
[10:36:13] planet 35: queue busy, throttled building_hangar
[10:36:13] planet 35: queue busy, throttled building_hangar
[10:36:13] planet 35: queue busy, throttled building_hangar
[10:36:13] attack: intel 1:2:12 ships=0 defs=0 res=7173727351
[10:36:13] attack: intel 1:2:13 ships=0 defs=0 res=5628992245
[10:36:13] attack: intel 1:2:14 ships=0 defs=0 res=5846800828
[10:36:13] attack: intel 1:2:15 ships=0 defs=0 res=5884841132
[10:36:13] attack: spy 1:3:1 probes=4 eta=1s
[10:36:13] attack: spy 1:6:6 probes=4 eta=1s
[10:36:13] attack: spy 1:6:8 probes=4 eta=1s
[10:36:13] attack: spy 1:6:10 probes=4 eta=1s
[10:36:13] research: blocked research_intergalactic_research_network (research_computer_technology 6/8)
[2026-05-11 10:36:50] ==== loop 11/∞ | seed=976442493160730012 archetype=opportunist personality=minero focus=eco actions_per_loop=3 ====
[10:36:50] planet 35: queue busy, throttled building_hangar
[10:36:50] planet 35: queue busy, throttled building_hangar
[10:36:50] planet 35: queue busy, throttled building_hangar
[10:36:50] attack: intel 1:3:1 ships=0 defs=0 res=5979786308
[10:36:50] attack: intel 1:6:6 ships=270 defs=191 res=100601115
[10:36:50] attack: intel 1:6:8 ships=262 defs=0 res=148103449
[10:36:50] attack: intel 1:6:10 ships=0 defs=0 res=1839358
[10:36:50] attack: spy 1:6:12 probes=4 eta=1s
[10:36:50] attack: spy 1:7:4 probes=4 eta=1s
[2026-05-11 10:37:33] ==== loop 12/∞ | seed=976442493160730012 archetype=opportunist personality=minero focus=eco actions_per_loop=3 ====
[10:37:33] planet 35: queue busy, throttled building_hangar
[10:37:33] planet 35: queue busy, throttled building_hangar
[10:37:33] planet 35: queue busy, throttled building_hangar
[10:37:33] attack: intel 1:6:12 ships=62 defs=0 res=49698121
[10:37:33] attack: intel 1:7:4 ships=6 defs=8 res=18512731
[10:37:33] attack: spy 1:7:6 probes=4 eta=1s
[10:37:33] attack: spy 1:7:8 probes=4 eta=1s
[10:37:33] attack: spy 1:7:10 probes=4 eta=1s
[10:37:33] attack: spy 1:3:9 probes=4 eta=1s
[10:37:33] research: blocked research_intergalactic_research_network (research_computer_technology 6/8)
[2026-05-11 10:38:16] ==== loop 13/∞ | seed=976442493160730012 archetype=opportunist personality=minero focus=eco actions_per_loop=3 ====
[10:38:16] planet 35: queue busy, throttled building_hangar
[10:38:16] planet 35: queue busy, throttled building_hangar
[10:38:16] planet 35: queue busy, throttled building_hangar
[10:38:16] attack: intel 1:7:6 ships=172 defs=18 res=4029260
[10:38:16] attack: intel 1:7:8 ships=0 defs=88 res=16491077
[10:38:16] attack: intel 1:7:10 ships=55 defs=123 res=21827112
[10:38:16] attack: intel 1:3:9 ships=0 defs=0 res=4243
[10:38:16] attack: spy 1:3:2 probes=4 eta=1s
[10:38:16] attack: spy 1:3:3 probes=4 eta=1s
[10:38:16] attack: spy 1:3:4 probes=4 eta=1s
[10:38:16] attack: spy 1:5:4 probes=4 eta=1s
[2026-05-11 10:38:53] ==== loop 14/∞ | seed=976442493160730012 archetype=opportunist personality=minero focus=eco actions_per_loop=3 ====
[10:38:53] planet 35: queue busy, throttled building_hangar
[10:38:53] planet 35: queue busy, throttled building_hangar
[10:38:53] planet 35: queue busy, throttled building_hangar
[10:38:53] attack: intel 1:3:2 ships=0 defs=0 res=5979450643
[10:38:53] attack: intel 1:3:3 ships=0 defs=0 res=5977711104
[10:38:53] attack: intel 1:3:4 ships=0 defs=0 res=5627095779
[10:38:53] attack: intel 1:5:4 ships=200 defs=162 res=101418691
[10:38:53] attack: spy 1:3:5 probes=4 eta=1s
[10:38:53] attack: spy 1:3:11 probes=4 eta=1s
[10:38:53] attack: spy 1:3:12 probes=4 eta=1s
[10:38:53] attack: spy 1:3:13 probes=4 eta=1s
[10:38:53] research: blocked research_intergalactic_research_network (research_computer_technology 6/8)
[2026-05-11 10:39:34] ==== loop 15/∞ | seed=976442493160730012 archetype=opportunist personality=minero focus=eco actions_per_loop=3 ====
[10:39:34] planet 35: queue busy, throttled building_hangar
[10:39:34] planet 35: queue busy, throttled building_hangar
[10:39:34] planet 35: queue busy, throttled building_hangar
[10:39:34] attack: intel 1:3:5 ships=0 defs=0 res=5491096933
[10:39:34] attack: intel 1:3:11 ships=0 defs=0 res=5840430012
[10:39:34] attack: intel 1:3:12 ships=0 defs=0 res=5492749525
[10:39:34] attack: intel 1:3:13 ships=0 defs=0 res=5629812080
[10:39:34] research: blocked research_intergalactic_research_network (research_computer_technology 6/8)
[2026-05-11 10:40:10] ==== loop 16/∞ | seed=976442493160730012 archetype=opportunist personality=minero focus=eco actions_per_loop=3 ====
[10:40:10] planet 35: queued building_crystal_mine to 21
[10:40:10] attack: spy 1:4:3 probes=4 eta=1s
[10:40:10] attack: spy 1:3:6 probes=4 eta=1s
[10:40:10] attack: spy 1:3:8 probes=4 eta=1s
[10:40:10] attack: spy 1:3:10 probes=4 eta=1s
[10:40:10] research: blocked research_intergalactic_research_network (research_computer_technology 6/8)
[2026-05-11 10:40:50] ==== loop 17/∞ | seed=976442493160730012 archetype=opportunist personality=minero focus=eco actions_per_loop=3 ====
[10:40:52] planet 35: building queue full (5)
[10:40:52] planet 35: building queue full (5)
[10:40:52] planet 35: building queue full (5)
[10:40:52] attack: intel 1:4:3 ships=0 defs=0 res=5982947184
[10:40:52] attack: intel 1:3:6 ships=157 defs=114 res=99731379
[10:40:52] attack: intel 1:3:8 ships=15 defs=107 res=34365121
[10:40:52] attack: intel 1:3:10 ships=78 defs=123 res=97492182
[10:40:52] attack: spy 1:4:4 probes=4 eta=1s
[10:40:52] attack: spy 1:4:8 probes=4 eta=1s
[10:40:52] attack: spy 1:4:10 probes=4 eta=1s
[10:40:52] attack: spy 1:4:12 probes=4 eta=1s
[2026-05-11 10:41:34] ==== loop 18/∞ | seed=976442493160730012 archetype=opportunist personality=minero focus=eco actions_per_loop=3 ====
[10:41:37] planet 35: building queue full (5)
[10:41:37] planet 35: building queue full (5)
[10:41:37] planet 35: building queue full (5)
[10:41:37] attack: intel 1:4:4 ships=113 defs=17 res=146533432
[10:41:37] attack: intel 1:4:8 ships=136 defs=119 res=75414194
[10:41:37] attack: intel 1:4:10 ships=305 defs=214 res=131781035
[10:41:37] attack: intel 1:4:12 ships=126 defs=200 res=133327504
[10:41:37] attack: spy 1:2:1 probes=4 eta=1s
[10:41:37] research: blocked research_intergalactic_research_network (research_computer_technology 6/8)
[2026-05-11 10:42:08] ==== loop 1/∞ | seed=976442493160730012 archetype=opportunist personality=minero focus=eco actions_per_loop=3 ====
[10:42:09] planet 35: building queue full (5)
[10:42:09] planet 35: building queue full (5)
[10:42:09] planet 35: building queue full (5)
[10:42:09] attack: intel 1:2:1 ships=0 defs=0 res=5624876643
[10:42:09] attack: spy 1:2:2 probes=4 eta=1s
[10:42:09] research: blocked research_intergalactic_research_network (research_computer_technology 6/8)
[2026-05-11 10:42:47] ==== loop 2/∞ | seed=976442493160730012 archetype=opportunist personality=minero focus=eco actions_per_loop=3 ====
[10:42:50] planet 35: building queue full (5)
[10:42:50] planet 35: building queue full (5)
[10:42:50] planet 35: building queue full (5)
[10:42:50] attack: intel 1:2:2 ships=0 defs=0 res=5631565636
[10:42:50] attack: spy 1:2:3 probes=4 eta=1s
[2026-05-11 10:43:34] ==== loop 3/∞ | seed=976442493160730012 archetype=opportunist personality=minero focus=eco actions_per_loop=3 ====
[10:43:35] planet 35: building queue full (5)
[10:43:35] planet 35: building queue full (5)
[10:43:35] planet 35: building queue full (5)
[10:43:35] attack: intel 1:2:3 ships=0 defs=0 res=5634209156
[10:43:35] attack: spy 1:2:4 probes=4 eta=1s
[10:43:35] research: blocked research_intergalactic_research_network (research_computer_technology 6/8)
[2026-05-11 10:44:16] ==== loop 4/∞ | seed=976442493160730012 archetype=opportunist personality=minero focus=eco actions_per_loop=3 ====
[10:44:17] planet 35: building queue full (5)
[10:44:17] planet 35: building queue full (5)
[10:44:17] planet 35: building queue full (5)
[10:44:17] attack: intel 1:2:4 ships=0 defs=0 res=5633731674
[10:44:17] attack: spy 1:2:5 probes=4 eta=1s
[10:44:17] research: blocked research_intergalactic_research_network (research_computer_technology 6/8)
[2026-05-11 10:45:02] ==== loop 5/∞ | seed=976442493160730012 archetype=opportunist personality=minero focus=eco actions_per_loop=3 ====
[10:45:04] planet 35: building queue full (5)
[10:45:04] planet 35: building queue full (5)
[10:45:04] planet 35: building queue full (5)
[10:45:04] attack: intel 1:2:5 ships=0 defs=0 res=5500238233
[10:45:04] attack: spy 1:2:6 probes=4 eta=1s
[10:45:04] research: blocked research_intergalactic_research_network (research_computer_technology 6/8)
[2026-05-11 10:46:02] ==== loop 1/∞ | seed=976442493160730012 archetype=opportunist personality=minero focus=eco actions_per_loop=3 ====
[10:46:03] planet 35: building queue full (5)
[10:46:03] planet 35: building queue full (5)
[10:46:03] planet 35: building queue full (5)
[10:46:03] attack: intel 1:2:6 ships=0 defs=0 res=5625646337
[10:46:03] attack: spy 1:2:7 probes=4 eta=1s
[2026-05-11 10:46:43] ==== loop 2/∞ | seed=976442493160730012 archetype=opportunist personality=minero focus=eco actions_per_loop=3 ====
[10:46:46] planet 35: building queue full (5)
[10:46:46] planet 35: building queue full (5)
[10:46:46] planet 35: building queue full (5)
[10:46:46] attack: intel 1:2:7 ships=0 defs=0 res=5614737762
[10:46:46] research: blocked research_intergalactic_research_network (research_computer_technology 6/8)
[2026-05-11 10:47:31] ==== loop 3/∞ | seed=976442493160730012 archetype=opportunist personality=minero focus=eco actions_per_loop=3 ====
[10:47:34] planet 35: building queue full (5)
[10:47:34] planet 35: building queue full (5)
[10:47:34] planet 35: building queue full (5)
[10:47:34] research: blocked research_intergalactic_research_network (research_computer_technology 6/8)
[2026-05-11 10:48:18] ==== loop 4/∞ | seed=976442493160730012 archetype=opportunist personality=minero focus=eco actions_per_loop=3 ====
[10:48:21] planet 35: building queue full (5)
[10:48:21] planet 35: building queue full (5)
[10:48:21] planet 35: building queue full (5)
[10:48:21] research: blocked research_intergalactic_research_network (research_computer_technology 6/8)
[2026-05-11 10:49:02] ==== loop 5/∞ | seed=976442493160730012 archetype=opportunist personality=minero focus=eco actions_per_loop=3 ====
[10:49:05] planet 35: building queue full (5)
[10:49:05] planet 35: building queue full (5)
[10:49:05] planet 35: building queue full (5)
[10:49:05] research: blocked research_intergalactic_research_network (research_computer_technology 6/8)
[2026-05-11 10:49:49] ==== loop 6/∞ | seed=976442493160730012 archetype=opportunist personality=minero focus=eco actions_per_loop=3 ====
[10:49:51] planet 35: building queue full (5)
[10:49:51] planet 35: building queue full (5)
[10:49:51] planet 35: building queue full (5)
[10:49:51] attack: spy 1:2:8 probes=4 eta=1s
[10:49:51] research: blocked research_intergalactic_research_network (research_computer_technology 6/8)
[2026-05-11 10:50:39] ==== loop 7/∞ | seed=976442493160730012 archetype=opportunist personality=minero focus=eco actions_per_loop=3 ====
[10:50:39] planet 35: queue busy, throttled building_laboratory
[10:50:39] planet 35: queue busy, throttled building_laboratory
[10:50:39] attack: intel 1:2:8 ships=0 defs=0 res=5471404048
[10:50:39] research: blocked research_intergalactic_research_network (research_computer_technology 6/8)
[2026-05-11 10:51:20] ==== loop 8/∞ | seed=976442493160730012 archetype=opportunist personality=minero focus=eco actions_per_loop=3 ====
[10:51:20] planet 35: queue busy, throttled building_laboratory
[10:51:20] planet 35: queue busy, throttled building_laboratory
[10:51:20] planet 35: queue busy, throttled building_laboratory
[10:51:20] research: blocked research_intergalactic_research_network (research_computer_technology 6/8)
[2026-05-11 10:52:06] ==== loop 9/∞ | seed=976442493160730012 archetype=opportunist personality=minero focus=eco actions_per_loop=3 ====
[10:52:06] planet 35: queue busy, throttled building_laboratory
[10:52:06] planet 35: queue busy, throttled building_laboratory
[10:52:06] planet 35: queue busy, throttled building_laboratory
[10:52:06] research: blocked research_intergalactic_research_network (research_computer_technology 6/8)
[2026-05-11 10:52:45] ==== loop 10/∞ | seed=976442493160730012 archetype=opportunist personality=minero focus=eco actions_per_loop=3 ====
[10:52:45] planet 35: queue busy, throttled building_laboratory
[10:52:45] planet 35: queue busy, throttled building_laboratory
[10:52:45] planet 35: queue busy, throttled building_laboratory
[10:52:45] research: blocked research_intergalactic_research_network (research_computer_technology 6/8)
[2026-05-11 10:53:25] ==== loop 11/∞ | seed=976442493160730012 archetype=opportunist personality=minero focus=eco actions_per_loop=3 ====
[10:53:25] planet 35: queue busy, throttled building_laboratory
[10:53:25] planet 35: queue busy, throttled building_laboratory
[10:53:25] research: blocked research_intergalactic_research_network (research_computer_technology 6/8)
[2026-05-11 10:54:10] ==== loop 12/∞ | seed=976442493160730012 archetype=opportunist personality=minero focus=eco actions_per_loop=3 ====
[10:54:10] planet 35: queue busy, throttled building_laboratory
[10:54:10] planet 35: queue busy, throttled building_laboratory
[10:54:10] attack: spy 1:2:1 probes=4 eta=1s
[10:54:10] research: blocked research_intergalactic_research_network (research_computer_technology 6/8)
[2026-05-11 10:54:57] ==== loop 13/∞ | seed=976442493160730012 archetype=opportunist personality=minero focus=eco actions_per_loop=3 ====
[10:54:57] planet 35: queue busy, throttled building_laboratory
[10:54:57] planet 35: queue busy, throttled building_laboratory
[10:54:57] planet 35: queue busy, throttled building_laboratory
[10:54:57] attack: intel 1:2:1 ships=0 defs=0 res=5637893769
[10:54:57] attack: spy 1:2:2 probes=4 eta=1s
[2026-05-11 10:55:40] ==== loop 14/∞ | seed=976442493160730012 archetype=opportunist personality=minero focus=eco actions_per_loop=3 ====
[10:55:40] planet 35: queue busy, throttled building_laboratory
[10:55:40] planet 35: queue busy, throttled building_laboratory
[10:55:40] planet 35: queue busy, throttled building_laboratory
[10:55:40] attack: intel 1:2:2 ships=0 defs=0 res=5644771416
[10:55:40] attack: spy 1:2:3 probes=4 eta=1s
[10:55:40] research: blocked research_intergalactic_research_network (research_computer_technology 6/8)
[2026-05-11 10:56:24] ==== loop 15/∞ | seed=976442493160730012 archetype=opportunist personality=minero focus=eco actions_per_loop=3 ====
[10:56:24] planet 35: queue busy, throttled building_laboratory
[10:56:24] planet 35: queue busy, throttled building_laboratory
[10:56:24] planet 35: queue busy, throttled building_laboratory
[10:56:24] attack: intel 1:2:3 ships=0 defs=0 res=5646986177
[10:56:24] attack: spy 1:2:4 probes=4 eta=1s
[10:56:24] research: blocked research_intergalactic_research_network (research_computer_technology 6/8)
[2026-05-11 10:57:12] ==== loop 16/∞ | seed=976442493160730012 archetype=opportunist personality=minero focus=eco actions_per_loop=3 ====
[10:57:12] planet 35: queue busy, throttled building_laboratory
[10:57:12] planet 35: queue busy, throttled building_laboratory
[10:57:12] planet 35: queue busy, throttled building_laboratory
[10:57:12] attack: intel 1:2:4 ships=0 defs=0 res=5647040355
[10:57:12] attack: spy 1:2:5 probes=4 eta=1s
[2026-05-11 10:57:54] ==== loop 17/∞ | seed=976442493160730012 archetype=opportunist personality=minero focus=eco actions_per_loop=3 ====
[10:57:54] planet 35: queue busy, throttled building_laboratory
[10:57:54] planet 35: queue busy, throttled building_laboratory
[10:57:54] planet 35: queue busy, throttled building_laboratory
[10:57:54] attack: intel 1:2:5 ships=0 defs=0 res=5500238233
[10:57:54] research: blocked research_intergalactic_research_network (research_computer_technology 6/8)
[2026-05-11 10:58:36] ==== loop 18/∞ | seed=976442493160730012 archetype=opportunist personality=minero focus=eco actions_per_loop=3 ====
[10:58:36] planet 35: queue busy, throttled building_laboratory
[10:58:36] planet 35: queue busy, throttled building_laboratory
[10:58:36] planet 35: queue busy, throttled building_laboratory
[10:58:36] research: blocked research_intergalactic_research_network (research_computer_technology 6/8)
[2026-05-11 10:59:20] ==== loop 19/∞ | seed=976442493160730012 archetype=opportunist personality=minero focus=eco actions_per_loop=3 ====
[10:59:20] planet 35: queue busy, throttled building_laboratory
[10:59:20] planet 35: queue busy, throttled building_laboratory
[10:59:20] planet 35: queue busy, throttled building_laboratory
[10:59:20] research: blocked research_intergalactic_research_network (research_computer_technology 6/8)
[2026-05-11 11:00:01] ==== loop 20/∞ | seed=976442493160730012 archetype=opportunist personality=minero focus=eco actions_per_loop=3 ====
[11:00:02] planet 35: building queue full (5)
[11:00:02] planet 35: building queue full (5)
[11:00:02] planet 35: building queue full (5)
[11:00:02] attack: spy 1:2:6 probes=4 eta=1s
[11:00:02] research: blocked research_intergalactic_research_network (research_computer_technology 6/8)
[2026-05-11 11:00:43] ==== loop 21/∞ | seed=976442493160730012 archetype=opportunist personality=minero focus=eco actions_per_loop=3 ====
[11:00:45] planet 35: building queue full (5)
[11:00:45] planet 35: building queue full (5)
[11:00:45] planet 35: building queue full (5)
[11:00:45] attack: intel 1:2:6 ships=0 defs=0 res=5641030214
[11:00:45] attack: spy 1:2:7 probes=4 eta=1s
[2026-05-11 11:01:33] ==== loop 22/∞ | seed=976442493160730012 archetype=opportunist personality=minero focus=eco actions_per_loop=3 ====
[11:01:34] planet 35: building queue full (5)
[11:01:34] planet 35: building queue full (5)
[11:01:34] planet 35: building queue full (5)
[11:01:34] attack: intel 1:2:7 ships=0 defs=0 res=5636364372
[11:01:34] attack: spy 1:2:8 probes=4 eta=1s
[2026-05-11 11:02:20] ==== loop 23/∞ | seed=976442493160730012 archetype=opportunist personality=minero focus=eco actions_per_loop=3 ====
[11:02:22] planet 35: building queue full (5)
[11:02:22] planet 35: building queue full (5)
[11:02:22] planet 35: building queue full (5)
[11:02:22] attack: intel 1:2:8 ships=0 defs=0 res=5484764182
[2026-05-11 11:03:02] ==== loop 24/∞ | seed=976442493160730012 archetype=opportunist personality=minero focus=eco actions_per_loop=3 ====
[11:03:05] planet 35: building queue full (5)
[11:03:05] planet 35: building queue full (5)
[11:03:05] planet 35: building queue full (5)
[11:03:05] attack: spy 1:2:9 probes=4 eta=1s
[2026-05-11 11:03:40] ==== loop 25/∞ | seed=976442493160730012 archetype=opportunist personality=minero focus=eco actions_per_loop=3 ====
[11:03:42] planet 35: building queue full (5)
[11:03:42] planet 35: building queue full (5)
[11:03:42] planet 35: building queue full (5)
[11:03:42] attack: intel 1:2:9 ships=0 defs=0 res=6002114806
[11:03:42] attack: spy 1:2:10 probes=4 eta=1s
[11:03:42] research: blocked research_intergalactic_research_network (research_computer_technology 6/8)
[2026-05-11 11:04:23] ==== loop 26/∞ | seed=976442493160730012 archetype=opportunist personality=minero focus=eco actions_per_loop=3 ====
[11:04:25] planet 35: building queue full (5)
[11:04:25] planet 35: building queue full (5)
[11:04:25] planet 35: building queue full (5)
[11:04:25] attack: intel 1:2:10 ships=0 defs=0 res=7201337764
[11:04:25] attack: spy 1:2:1 probes=4 eta=1s
[11:04:25] research: blocked research_intergalactic_research_network (research_computer_technology 6/8)
[2026-05-11 11:05:04] ==== loop 27/∞ | seed=976442493160730012 archetype=opportunist personality=minero focus=eco actions_per_loop=3 ====
[11:05:05] planet 35: building queue full (5)
[11:05:05] planet 35: building queue full (5)
[11:05:05] planet 35: building queue full (5)
[11:05:05] attack: intel 1:2:1 ships=0 defs=0 res=5647170443
[11:05:05] attack: spy 1:2:2 probes=4 eta=1s
[11:05:05] research: blocked research_intergalactic_research_network (research_computer_technology 6/8)
[2026-05-11 11:05:47] ==== loop 28/∞ | seed=976442493160730012 archetype=opportunist personality=minero focus=eco actions_per_loop=3 ====
[11:05:48] planet 35: building queue full (5)
[11:05:48] planet 35: building queue full (5)
[11:05:48] planet 35: building queue full (5)
[11:05:48] attack: intel 1:2:2 ships=0 defs=0 res=5655130236
[11:05:48] attack: spy 1:2:3 probes=4 eta=1s
[2026-05-11 11:06:33] ==== loop 29/∞ | seed=976442493160730012 archetype=opportunist personality=minero focus=eco actions_per_loop=3 ====
[11:06:34] planet 35: building queue full (5)
[11:06:34] planet 35: building queue full (5)
[11:06:34] planet 35: building queue full (5)
[11:06:34] attack: intel 1:2:3 ships=0 defs=0 res=5654377984
[2026-05-11 11:07:16] ==== loop 30/∞ | seed=976442493160730012 archetype=opportunist personality=minero focus=eco actions_per_loop=3 ====
[11:07:18] planet 35: building queue full (5)
[11:07:18] planet 35: building queue full (5)
[11:07:18] planet 35: building queue full (5)
[11:07:18] research: blocked research_intergalactic_research_network (research_computer_technology 6/8)
[2026-05-11 11:07:59] ==== loop 31/∞ | seed=976442493160730012 archetype=opportunist personality=minero focus=eco actions_per_loop=3 ====
[11:08:00] planet 35: building queue full (5)
[11:08:00] planet 35: building queue full (5)
[11:08:00] attack: spy 1:2:4 probes=4 eta=1s
[11:08:00] research: blocked research_intergalactic_research_network (research_computer_technology 6/8)
[2026-05-11 11:08:38] ==== loop 32/∞ | seed=976442493160730012 archetype=opportunist personality=minero focus=eco actions_per_loop=3 ====
[11:08:40] planet 35: building queue full (5)
[11:08:40] planet 35: building queue full (5)
[11:08:40] planet 35: building queue full (5)
[11:08:40] attack: intel 1:2:4 ships=0 defs=0 res=5658822657
[11:08:40] attack: spy 1:2:5 probes=4 eta=1s
[11:08:40] research: blocked research_intergalactic_research_network (research_computer_technology 6/8)
[2026-05-11 11:09:26] ==== loop 33/∞ | seed=976442493160730012 archetype=opportunist personality=minero focus=eco actions_per_loop=3 ====
[11:09:27] planet 35: building queue full (5)
[11:09:27] planet 35: building queue full (5)
[11:09:27] planet 35: building queue full (5)
[11:09:27] attack: intel 1:2:5 ships=0 defs=0 res=5525637923
[11:09:27] attack: spy 1:2:11 probes=4 eta=1s
[11:09:27] research: blocked research_intergalactic_research_network (research_computer_technology 6/8)
[2026-05-11 11:10:13] ==== loop 34/∞ | seed=976442493160730012 archetype=opportunist personality=minero focus=eco actions_per_loop=3 ====
[11:10:15] planet 35: building queue full (5)
[11:10:15] planet 35: building queue full (5)
[11:10:15] planet 35: building queue full (5)
[11:10:15] attack: intel 1:2:11 ships=0 defs=0 res=7207779695
[11:10:15] attack: spy 1:2:6 probes=4 eta=1s
[2026-05-11 11:11:00] ==== loop 35/∞ | seed=976442493160730012 archetype=opportunist personality=minero focus=eco actions_per_loop=3 ====
[11:11:03] planet 35: building queue full (5)
[11:11:03] planet 35: building queue full (5)
[11:11:03] planet 35: building queue full (5)
[11:11:03] attack: intel 1:2:6 ships=0 defs=0 res=5651577689
[11:11:03] attack: spy 1:2:7 probes=4 eta=1s
[11:11:03] research: blocked research_intergalactic_research_network (research_computer_technology 6/8)
[2026-05-11 11:11:45] ==== loop 36/∞ | seed=976442493160730012 archetype=opportunist personality=minero focus=eco actions_per_loop=3 ====
[11:11:47] planet 35: building queue full (5)
[11:11:47] planet 35: building queue full (5)
[11:11:47] planet 35: building queue full (5)
[11:11:47] attack: intel 1:2:7 ships=0 defs=0 res=5646928998
[11:11:47] attack: spy 1:2:8 probes=4 eta=1s
[11:11:47] research: blocked research_intergalactic_research_network (research_computer_technology 6/8)
[2026-05-11 11:12:30] ==== loop 37/∞ | seed=976442493160730012 archetype=opportunist personality=minero focus=eco actions_per_loop=3 ====
[11:12:32] planet 35: building queue full (5)
[11:12:32] planet 35: building queue full (5)
[11:12:32] attack: intel 1:2:8 ships=0 defs=0 res=5503097920
[11:12:32] attack: spy 1:2:12 probes=4 eta=1s
[2026-05-11 11:13:20] ==== loop 38/∞ | seed=976442493160730012 archetype=opportunist personality=minero focus=eco actions_per_loop=3 ====
[11:13:21] planet 35: building queue full (5)
[11:13:21] planet 35: building queue full (5)
[11:13:21] planet 35: building queue full (5)
[11:13:21] attack: intel 1:2:12 ships=0 defs=0 res=7211869761
[11:13:21] attack: spy 1:2:9 probes=4 eta=1s
[11:13:21] research: blocked research_intergalactic_research_network (research_computer_technology 6/8)
[2026-05-11 11:14:03] ==== loop 39/∞ | seed=976442493160730012 archetype=opportunist personality=minero focus=eco actions_per_loop=3 ====
[11:14:04] planet 35: building queue full (5)
[11:14:04] planet 35: building queue full (5)
[11:14:04] planet 35: building queue full (5)
[11:14:04] attack: intel 1:2:9 ships=0 defs=0 res=6013056738
[11:14:04] attack: spy 1:2:10 probes=4 eta=1s
[11:14:04] research: blocked research_intergalactic_research_network (research_computer_technology 6/8)
[2026-05-11 11:14:51] ==== loop 40/∞ | seed=976442493160730012 archetype=opportunist personality=minero focus=eco actions_per_loop=3 ====
[11:14:54] planet 35: building queue full (5)
[11:14:54] planet 35: building queue full (5)
[11:14:54] planet 35: building queue full (5)
[11:14:54] attack: intel 1:2:10 ships=0 defs=0 res=7212022442
[11:14:54] attack: spy 1:2:1 probes=4 eta=1s
[11:14:54] research: blocked research_intergalactic_research_network (research_computer_technology 6/8)
[2026-05-11 11:15:35] ==== loop 41/∞ | seed=976442493160730012 archetype=opportunist personality=minero focus=eco actions_per_loop=3 ====
[11:15:36] planet 35: building queue full (5)
[11:15:36] planet 35: building queue full (5)
[11:15:36] planet 35: building queue full (5)
[11:15:36] attack: intel 1:2:1 ships=0 defs=0 res=5657889420
[11:15:36] attack: spy 1:2:2 probes=4 eta=1s
[11:15:36] research: blocked research_intergalactic_research_network (research_computer_technology 6/8)
[2026-05-11 11:16:14] ==== loop 42/∞ | seed=976442493160730012 archetype=opportunist personality=minero focus=eco actions_per_loop=3 ====
[11:16:15] planet 35: building queue full (5)
[11:16:15] planet 35: building queue full (5)
[11:16:15] planet 35: building queue full (5)
[11:16:15] attack: intel 1:2:2 ships=0 defs=0 res=5666295122
[11:16:15] attack: spy 1:2:3 probes=4 eta=1s
[11:16:15] research: blocked research_intergalactic_research_network (research_computer_technology 6/8)
[2026-05-11 11:16:59] ==== loop 43/∞ | seed=976442493160730012 archetype=opportunist personality=minero focus=eco actions_per_loop=3 ====
[11:17:00] planet 35: building queue full (5)
[11:17:00] planet 35: building queue full (5)
[11:17:00] planet 35: building queue full (5)
[11:17:00] attack: intel 1:2:3 ships=0 defs=0 res=5668081125
[11:17:00] attack: spy 1:2:13 probes=4 eta=1s
[11:17:00] research: blocked research_intergalactic_research_network (research_computer_technology 6/8)
[2026-05-11 11:17:42] ==== loop 44/∞ | seed=976442493160730012 archetype=opportunist personality=minero focus=eco actions_per_loop=3 ====
[11:17:44] planet 35: building queue full (5)
[11:17:44] planet 35: building queue full (5)
[11:17:44] planet 35: building queue full (5)
[11:17:44] attack: intel 1:2:13 ships=0 defs=0 res=5671645202
[11:17:44] attack: spy 1:2:14 probes=4 eta=1s
[11:17:44] research: blocked research_intergalactic_research_network (research_computer_technology 6/8)
[2026-05-11 11:18:26] ==== loop 45/∞ | seed=976442493160730012 archetype=opportunist personality=minero focus=eco actions_per_loop=3 ====
[11:18:28] planet 35: building queue full (5)
[11:18:28] planet 35: building queue full (5)
[11:18:28] planet 35: building queue full (5)
[11:18:28] attack: intel 1:2:14 ships=0 defs=0 res=5890225551
[11:18:28] attack: spy 1:2:4 probes=4 eta=1s
[11:18:28] research: blocked research_intergalactic_research_network (research_computer_technology 6/8)
[2026-05-11 11:19:16] ==== loop 46/∞ | seed=976442493160730012 archetype=opportunist personality=minero focus=eco actions_per_loop=3 ====
[11:19:18] planet 35: building queue full (5)
[11:19:18] planet 35: building queue full (5)
[11:19:18] planet 35: building queue full (5)
[11:19:18] attack: intel 1:2:4 ships=0 defs=0 res=5669610236
[11:19:18] attack: spy 1:2:5 probes=4 eta=1s
[11:19:18] research: blocked research_intergalactic_research_network (research_computer_technology 6/8)
[2026-05-11 11:20:04] ==== loop 47/∞ | seed=976442493160730012 archetype=opportunist personality=minero focus=eco actions_per_loop=3 ====
[11:20:05] planet 35: queued ship_espionage_probe +5
[11:20:05] planet 35: skipped duplicate ship_espionage_probe this loop
[11:20:05] planet 35: skipped duplicate ship_espionage_probe this loop
[11:20:05] attack: intel 1:2:5 ships=0 defs=0 res=5536356900
[11:20:05] attack: spy 1:2:11 probes=4 eta=1s
[11:20:05] research: blocked research_intergalactic_research_network (research_computer_technology 6/8)
[2026-05-11 11:20:41] ==== loop 48/∞ | seed=976442493160730012 archetype=opportunist personality=minero focus=eco actions_per_loop=3 ====
[11:20:41] planet 35: queued ship_espionage_probe +5
[11:20:41] planet 35: skipped duplicate ship_espionage_probe this loop
[11:20:41] planet 35: skipped duplicate ship_espionage_probe this loop
[11:20:41] attack: intel 1:2:11 ships=0 defs=0 res=7218481522
[11:20:41] attack: spy 1:2:6 probes=4 eta=1s
[11:20:41] attack: spy 1:2:15 probes=4 eta=1s
[11:20:41] attack: spy 1:3:1 probes=4 eta=1s
[11:20:41] attack: spy 1:3:2 probes=4 eta=1s
[2026-05-11 11:21:17] ==== loop 49/∞ | seed=976442493160730012 archetype=opportunist personality=minero focus=eco actions_per_loop=3 ====
[11:21:17] planet 35: queued ship_espionage_probe +5
[11:21:17] planet 35: skipped duplicate ship_espionage_probe this loop
[11:21:17] planet 35: skipped duplicate ship_espionage_probe this loop
[11:21:17] attack: intel 1:2:6 ships=0 defs=0 res=5662279516
[11:21:17] attack: intel 1:2:15 ships=0 defs=0 res=5931250018
[11:21:17] attack: intel 1:3:1 ships=0 defs=0 res=6027498621
[11:21:17] attack: intel 1:3:2 ships=0 defs=0 res=6023149772
[11:21:17] attack: spy 1:2:7 probes=4 eta=1s
[11:21:17] attack: spy 1:3:3 probes=4 eta=1s
[11:21:17] attack: spy 1:3:4 probes=4 eta=1s
[11:21:17] attack: spy 1:3:5 probes=4 eta=1s
[11:21:17] research: blocked research_intergalactic_research_network (research_computer_technology 6/8)
[2026-05-11 11:21:51] ==== loop 50/∞ | seed=976442493160730012 archetype=opportunist personality=minero focus=eco actions_per_loop=3 ====
[11:21:52] planet 35: queued ship_espionage_probe +5
[11:21:52] planet 35: skipped duplicate ship_espionage_probe this loop
[11:21:52] planet 35: skipped duplicate ship_espionage_probe this loop
[11:21:52] attack: intel 1:2:7 ships=0 defs=0 res=5657699426
[11:21:52] attack: intel 1:3:3 ships=0 defs=0 res=6022199149
[11:21:52] attack: intel 1:3:4 ships=0 defs=0 res=5671583825
[11:21:52] attack: intel 1:3:5 ships=0 defs=0 res=5539598164
[11:21:52] attack: spy 1:2:8 probes=4 eta=1s
[11:21:52] attack: spy 1:3:11 probes=4 eta=1s
[11:21:52] attack: spy 1:3:12 probes=4 eta=1s
[11:21:52] attack: spy 1:3:13 probes=4 eta=1s
[2026-05-11 11:22:28] ==== loop 51/∞ | seed=976442493160730012 archetype=opportunist personality=minero focus=eco actions_per_loop=3 ====
[11:22:29] planet 35: queued ship_espionage_probe +5
[11:22:29] planet 35: skipped duplicate ship_espionage_probe this loop
[11:22:29] planet 35: skipped duplicate ship_espionage_probe this loop
[11:22:29] attack: intel 1:2:8 ships=0 defs=0 res=5513473891
[11:22:29] attack: intel 1:3:11 ships=0 defs=0 res=5889325701
[11:22:29] attack: intel 1:3:12 ships=0 defs=0 res=5541645214
[11:22:29] attack: intel 1:3:13 ships=0 defs=0 res=5678673468
[11:22:29] attack: spy 1:4:3 probes=4 eta=1s
[11:22:29] attack: spy 1:3:6 probes=4 eta=1s
[11:22:29] attack: spy 1:3:8 probes=4 eta=1s
[11:22:29] attack: spy 1:3:10 probes=4 eta=1s
[11:22:29] research: blocked research_intergalactic_research_network (research_computer_technology 6/8)
[2026-05-11 11:23:07] ==== loop 52/∞ | seed=976442493160730012 archetype=opportunist personality=minero focus=eco actions_per_loop=3 ====
[11:23:08] planet 35: queued ship_espionage_probe +5
[11:23:08] planet 35: skipped duplicate ship_espionage_probe this loop
[11:23:08] planet 35: skipped duplicate ship_espionage_probe this loop
[11:23:08] attack: intel 1:4:3 ships=0 defs=0 res=6026612011
[11:23:08] attack: intel 1:3:6 ships=160 defs=194 res=101578989
[11:23:08] attack: intel 1:3:8 ships=15 defs=108 res=35246989
[11:23:08] attack: intel 1:3:10 ships=78 defs=128 res=98910587
[11:23:08] attack: spy 1:2:12 probes=4 eta=1s
[11:23:08] attack: spy 1:4:4 probes=4 eta=1s
[11:23:08] attack: spy 1:4:8 probes=4 eta=1s
[11:23:08] attack: spy 1:4:10 probes=4 eta=1s
[2026-05-11 11:23:46] ==== loop 53/∞ | seed=976442493160730012 archetype=opportunist personality=minero focus=eco actions_per_loop=3 ====
[11:23:47] planet 35: queued ship_espionage_probe +5
[11:23:47] planet 35: skipped duplicate ship_espionage_probe this loop
[11:23:47] planet 35: skipped duplicate ship_espionage_probe this loop
[11:23:47] attack: intel 1:2:12 ships=0 defs=0 res=7223051799
[11:23:47] attack: intel 1:4:4 ships=113 defs=21 res=148431406
[11:23:47] attack: intel 1:4:8 ships=136 defs=119 res=76696181
[11:23:47] attack: intel 1:4:10 ships=315 defs=214 res=134262659
[11:23:47] attack: spy 1:2:9 probes=4 eta=1s
[11:23:47] attack: spy 1:4:12 probes=4 eta=1s
[11:23:47] attack: spy 1:5:4 probes=4 eta=1s
[11:23:47] attack: spy 1:5:6 probes=4 eta=1s
[11:23:47] research: blocked research_intergalactic_research_network (research_computer_technology 6/8)
[2026-05-11 11:24:22] ==== loop 54/∞ | seed=976442493160730012 archetype=opportunist personality=minero focus=eco actions_per_loop=3 ====
[11:24:23] planet 35: queued ship_espionage_probe +5
[11:24:23] planet 35: skipped duplicate ship_espionage_probe this loop
[11:24:23] attack: intel 1:2:9 ships=0 defs=0 res=6023415559
[11:24:23] attack: intel 1:4:12 ships=145 defs=200 res=135549538
[11:24:23] attack: intel 1:5:4 ships=259 defs=162 res=103613325
[11:24:23] attack: intel 1:5:6 ships=253 defs=272 res=55330227
[11:24:23] attack: spy 1:2:10 probes=4 eta=1s
[11:24:23] attack: spy 1:5:8 probes=4 eta=1s
[11:24:23] attack: spy 1:5:10 probes=4 eta=1s
[11:24:23] attack: spy 1:5:12 probes=4 eta=1s
[2026-05-11 11:25:01] ==== loop 55/∞ | seed=976442493160730012 archetype=opportunist personality=minero focus=eco actions_per_loop=3 ====
[11:25:02] planet 35: queued ship_espionage_probe +5
[11:25:02] planet 35: skipped duplicate ship_espionage_probe this loop
[11:25:02] planet 35: skipped duplicate ship_espionage_probe this loop
[11:25:02] attack: intel 1:2:10 ships=0 defs=0 res=7222621366
[11:25:02] attack: intel 1:5:8 ships=325 defs=51 res=157425879
[11:25:02] attack: intel 1:5:10 ships=154 defs=429 res=54942671
[11:25:02] attack: intel 1:5:12 ships=189 defs=205 res=94848477
[11:25:02] attack: spy 1:2:1 probes=4 eta=1s
[11:25:02] attack: spy 1:6:4 probes=4 eta=1s
[11:25:02] attack: spy 1:6:6 probes=4 eta=1s
[11:25:02] attack: spy 1:6:8 probes=4 eta=1s
[2026-05-11 11:25:35] ==== loop 56/∞ | seed=976442493160730012 archetype=opportunist personality=minero focus=eco actions_per_loop=3 ====
[11:25:36] planet 35: queued ship_espionage_probe +5
[11:25:36] planet 35: skipped duplicate ship_espionage_probe this loop
[11:25:36] planet 35: skipped duplicate ship_espionage_probe this loop
[11:25:36] attack: intel 1:2:1 ships=0 defs=0 res=5664524940
[11:25:36] attack: intel 1:6:4 ships=347 defs=183 res=130131783
[11:25:36] attack: intel 1:6:6 ships=270 defs=191 res=101905383
[11:25:36] attack: intel 1:6:8 ships=262 defs=34 res=147978339
[11:25:36] attack: spy 1:2:2 probes=4 eta=1s
[11:25:36] attack: spy 1:6:10 probes=4 eta=1s
[11:25:36] attack: spy 1:6:12 probes=4 eta=1s
[2026-05-11 11:26:11] ==== loop 57/∞ | seed=976442493160730012 archetype=opportunist personality=minero focus=eco actions_per_loop=3 ====
[11:26:11] planet 35: queued ship_espionage_probe +5
[11:26:11] planet 35: skipped duplicate ship_espionage_probe this loop
[11:26:11] attack: intel 1:2:2 ships=0 defs=0 res=5666295122
[11:26:11] attack: intel 1:6:10 ships=0 defs=0 res=1841980
[11:26:11] attack: intel 1:6:12 ships=74 defs=0 res=50777696
[11:26:11] attack: idle no_fleet_slots (used=7 max=7)
[2026-05-11 11:26:42] ==== loop 58/∞ | seed=976442493160730012 archetype=opportunist personality=minero focus=eco actions_per_loop=3 ====
[11:26:42] planet 35: queued ship_espionage_probe +5
[11:26:42] planet 35: skipped duplicate ship_espionage_probe this loop
[11:26:42] planet 35: skipped duplicate ship_espionage_probe this loop
[11:26:42] attack: idle no_fleet_slots (used=7 max=7)
[11:26:42] research: blocked research_intergalactic_research_network (research_computer_technology 6/8)
[2026-05-11 11:27:17] ==== loop 1/∞ | seed=976442493160730012 archetype=opportunist personality=minero focus=eco actions_per_loop=3 ====
[11:27:19] alliance: apply ally=1
[11:27:19] planet 35: queued ship_espionage_probe +5
[11:27:19] planet 35: skipped duplicate ship_espionage_probe this loop
[11:27:19] planet 35: skipped duplicate ship_espionage_probe this loop
[11:27:19] attack: idle no_fleet_slots (used=7 max=7)
[2026-05-11 11:27:55] ==== loop 2/∞ | seed=976442493160730012 archetype=opportunist personality=minero focus=eco actions_per_loop=3 ====
[11:27:56] planet 35: queued ship_espionage_probe +5
[11:27:56] planet 35: skipped duplicate ship_espionage_probe this loop
[11:27:56] planet 35: skipped duplicate ship_espionage_probe this loop
[11:27:56] attack: spy 1:2:3 probes=4 eta=1s
[11:27:56] attack: spy 1:2:13 probes=4 eta=1s
[11:27:56] attack: spy 1:2:14 probes=4 eta=1s
[11:27:56] attack: spy 1:7:4 probes=4 eta=1s
[11:27:56] research: blocked research_intergalactic_research_network (research_computer_technology 6/8)
[2026-05-11 11:28:33] ==== loop 3/∞ | seed=976442493160730012 archetype=opportunist personality=minero focus=eco actions_per_loop=3 ====
[11:28:35] planet 35: queued ship_espionage_probe +5
[11:28:35] planet 35: skipped duplicate ship_espionage_probe this loop
[11:28:35] planet 35: skipped duplicate ship_espionage_probe this loop
[11:28:35] attack: intel 1:2:3 ships=0 defs=0 res=5680103531
[11:28:35] attack: intel 1:2:13 ships=0 defs=0 res=5682810089
[11:28:35] attack: intel 1:2:14 ships=0 defs=0 res=5900618673
[11:28:35] attack: intel 1:7:4 ships=6 defs=8 res=19135789
[11:28:35] attack: spy 1:2:4 probes=4 eta=1s
[11:28:35] attack: spy 1:7:6 probes=4 eta=1s
[11:28:35] attack: spy 1:7:8 probes=4 eta=1s
[11:28:35] attack: spy 1:7:10 probes=4 eta=1s
[2026-05-11 11:29:08] ==== loop 4/∞ | seed=976442493160730012 archetype=opportunist personality=minero focus=eco actions_per_loop=3 ====
[11:29:08] planet 35: queued ship_espionage_probe +5
[11:29:08] planet 35: skipped duplicate ship_espionage_probe this loop
[11:29:08] planet 35: skipped duplicate ship_espionage_probe this loop
[11:29:08] attack: intel 1:2:4 ships=0 defs=0 res=5669610236
[11:29:08] attack: intel 1:7:6 ships=172 defs=18 res=6338689
[11:29:08] attack: intel 1:7:8 ships=0 defs=88 res=17767423
[11:29:08] attack: intel 1:7:10 ships=110 defs=137 res=21044932
[11:29:08] attack: spy 1:3:9 probes=4 eta=1s
[11:29:08] attack: spy 1:7:12 probes=4 eta=1s
[2026-05-11 11:29:45] ==== loop 5/∞ | seed=976442493160730012 archetype=opportunist personality=minero focus=eco actions_per_loop=3 ====
[11:29:46] planet 35: queued ship_espionage_probe +5
[11:29:46] planet 35: skipped duplicate ship_espionage_probe this loop
[11:29:46] planet 35: skipped duplicate ship_espionage_probe this loop
[11:29:46] attack: intel 1:3:9 ships=0 defs=0 res=15022331
[11:29:46] attack: intel 1:7:12 ships=100 defs=0 res=9800242
[11:29:46] attack: spy 1:2:5 probes=4 eta=1s
[11:29:46] research: blocked research_intergalactic_research_network (research_computer_technology 6/8)
[2026-05-11 11:30:22] ==== loop 6/∞ | seed=976442493160730012 archetype=opportunist personality=minero focus=eco actions_per_loop=3 ====
[11:30:23] alliance: application cleared (rejected or cancelled) ally=1
[11:30:23] planet 35: building queue full (5)
[11:30:23] planet 35: building queue full (5)
[11:30:23] planet 35: building queue full (5)
[11:30:23] attack: intel 1:2:5 ships=0 defs=0 res=5547041577
[11:30:23] attack: spy 1:2:11 probes=4 eta=1s
[2026-05-11 11:31:08] ==== loop 7/∞ | seed=976442493160730012 archetype=opportunist personality=minero focus=eco actions_per_loop=3 ====
[11:31:11] planet 35: building queue full (5)
[11:31:11] planet 35: building queue full (5)
[11:31:11] planet 35: building queue full (5)
[11:31:11] attack: intel 1:2:11 ships=0 defs=0 res=7229063297
[11:31:11] attack: spy 1:2:6 probes=4 eta=1s
[11:31:11] attack: spy 1:2:15 probes=4 eta=1s
[11:31:11] attack: spy 1:3:1 probes=4 eta=1s
[11:31:11] attack: spy 1:3:2 probes=4 eta=1s
[2026-05-11 11:31:56] ==== loop 8/∞ | seed=976442493160730012 archetype=opportunist personality=minero focus=eco actions_per_loop=3 ====
[11:31:58] planet 35: building queue full (5)
[11:31:58] planet 35: building queue full (5)
[11:31:58] planet 35: building queue full (5)
[11:31:58] attack: intel 1:2:6 ships=0 defs=0 res=5673032795
[11:31:58] attack: intel 1:2:15 ships=0 defs=0 res=5942003297
[11:31:58] attack: intel 1:3:1 ships=0 defs=0 res=6038251899
[11:31:58] attack: intel 1:3:2 ships=0 defs=0 res=6033903050
[11:31:58] attack: spy 1:2:7 probes=4 eta=1s
[11:31:58] attack: spy 1:2:8 probes=4 eta=1s
[11:31:58] attack: spy 1:3:3 probes=4 eta=1s
[11:31:58] attack: spy 1:3:4 probes=4 eta=1s
[11:31:58] research: blocked research_intergalactic_research_network (research_computer_technology 6/8)
[2026-05-11 11:32:48] ==== loop 9/∞ | seed=976442493160730012 archetype=opportunist personality=minero focus=eco actions_per_loop=3 ====
[11:32:50] planet 35: building queue full (5)
[11:32:50] planet 35: building queue full (5)
[11:32:50] planet 35: building queue full (5)
[11:32:50] attack: intel 1:2:7 ships=0 defs=0 res=5668795712
[11:32:50] attack: intel 1:2:8 ships=0 defs=0 res=5524175720
[11:32:50] attack: intel 1:3:3 ships=0 defs=0 res=6033295435
[11:32:50] attack: intel 1:3:4 ships=0 defs=0 res=5682680110
[11:32:50] attack: spy 1:3:5 probes=4 eta=1s
[11:32:50] attack: spy 1:3:11 probes=4 eta=1s
[11:32:50] attack: spy 1:3:12 probes=4 eta=1s
[11:32:50] attack: spy 1:3:13 probes=4 eta=1s
[11:32:50] research: blocked research_intergalactic_research_network (research_computer_technology 6/8)
[2026-05-11 11:33:39] ==== loop 10/∞ | seed=976442493160730012 archetype=opportunist personality=minero focus=eco actions_per_loop=3 ====
[11:33:41] planet 35: building queue full (5)
[11:33:41] planet 35: building queue full (5)
[11:33:41] planet 35: building queue full (5)
[11:33:41] attack: intel 1:3:5 ships=0 defs=0 res=5539598164
[11:33:41] attack: intel 1:3:11 ships=0 defs=0 res=5889325701
[11:33:41] attack: intel 1:3:12 ships=0 defs=0 res=5541645214
[11:33:41] attack: intel 1:3:13 ships=0 defs=0 res=5678673468
[11:33:41] attack: spy 1:2:12 probes=4 eta=1s
[11:33:41] attack: spy 1:4:3 probes=4 eta=1s
[11:33:41] attack: spy 1:3:6 probes=4 eta=1s
[11:33:41] research: blocked research_intergalactic_research_network (research_computer_technology 6/8)
[2026-05-11 11:34:19] ==== loop 11/∞ | seed=976442493160730012 archetype=opportunist personality=minero focus=eco actions_per_loop=3 ====
[11:34:22] planet 35: building queue full (5)
[11:34:22] planet 35: building queue full (5)
[11:34:22] planet 35: building queue full (5)
[11:34:22] attack: intel 1:2:12 ships=0 defs=0 res=7223051799
[11:34:22] attack: intel 1:4:3 ships=0 defs=0 res=6026612011
[11:34:22] attack: intel 1:3:6 ships=160 defs=264 res=102024265
[11:34:22] attack: idle no_fleet_slots (used=7 max=7)
[2026-05-11 11:34:56] ==== loop 1/∞ | seed=976442493160730012 archetype=opportunist personality=minero focus=eco actions_per_loop=3 ====
[11:34:58] planet 35: building queue full (5)
[11:34:58] planet 35: building queue full (5)
[11:34:58] planet 35: building queue full (5)
[11:34:58] attack: spy 1:2:9 probes=4 eta=1s
[11:34:58] attack: spy 1:2:10 probes=4 eta=1s
[11:34:58] attack: spy 1:3:8 probes=4 eta=1s
[11:34:58] attack: spy 1:3:10 probes=4 eta=1s
[11:34:58] research: blocked research_intergalactic_research_network (research_computer_technology 6/8)
[2026-05-11 11:35:45] ==== loop 2/∞ | seed=976442493160730012 archetype=opportunist personality=minero focus=eco actions_per_loop=3 ====
[11:35:46] planet 35: building queue full (5)
[11:35:46] planet 35: building queue full (5)
[11:35:46] planet 35: building queue full (5)
[11:35:46] attack: intel 1:2:9 ships=0 defs=0 res=6035437964
[11:35:46] attack: intel 1:2:10 ships=0 defs=0 res=7234043509
[11:35:46] attack: intel 1:3:8 ships=15 defs=108 res=35511912
[11:35:46] attack: intel 1:3:10 ships=78 defs=131 res=99318277
[11:35:46] attack: spy 1:2:1 probes=4 eta=1s
[11:35:46] attack: spy 1:2:2 probes=4 eta=1s
[11:35:46] attack: spy 1:4:4 probes=4 eta=1s
[11:35:46] attack: spy 1:4:8 probes=4 eta=1s
[11:35:46] research: blocked research_intergalactic_research_network (research_computer_technology 6/8)
[2026-05-11 11:36:31] ==== loop 3/∞ | seed=976442493160730012 archetype=opportunist personality=minero focus=eco actions_per_loop=3 ====
[11:36:32] planet 35: building queue full (5)
[11:36:32] planet 35: building queue full (5)
[11:36:32] planet 35: building queue full (5)
[11:36:32] attack: intel 1:2:1 ships=0 defs=0 res=5678176629
[11:36:32] attack: intel 1:2:2 ships=0 defs=0 res=5686772659
[11:36:32] attack: intel 1:4:4 ships=113 defs=22 res=149011122
[11:36:32] attack: intel 1:4:8 ships=139 defs=119 res=76510635
[11:36:32] attack: spy 1:4:10 probes=4 eta=1s
[11:36:32] attack: spy 1:4:12 probes=4 eta=1s
[11:36:32] attack: spy 1:5:4 probes=4 eta=1s
[11:36:32] attack: spy 1:5:6 probes=4 eta=1s
[2026-05-11 11:37:30] ==== loop 1/∞ | seed=976442493160730012 archetype=opportunist personality=minero focus=eco actions_per_loop=3 ====
[11:37:31] planet 35: building queue full (5)
[11:37:31] planet 35: building queue full (5)
[11:37:31] planet 35: building queue full (5)
[11:37:31] attack: intel 1:4:10 ships=322 defs=214 res=135026498
[11:37:31] attack: intel 1:4:12 ships=145 defs=200 res=136313215
[11:37:31] attack: intel 1:5:4 ships=289 defs=162 res=104416093
[11:37:31] attack: intel 1:5:6 ships=253 defs=284 res=55970572
[11:37:31] attack: spy 1:5:8 probes=4 eta=1s
[11:37:31] attack: spy 1:5:10 probes=4 eta=1s
[11:37:31] attack: spy 1:5:12 probes=4 eta=1s
[11:37:31] research: blocked research_intergalactic_research_network (research_computer_technology 6/8)
[2026-05-11 11:38:13] ==== loop 2/∞ | seed=976442493160730012 archetype=opportunist personality=minero focus=eco actions_per_loop=3 ====
[11:38:16] planet 35: building queue full (5)
[11:38:16] planet 35: building queue full (5)
[11:38:16] planet 35: building queue full (5)
[11:38:16] attack: intel 1:5:8 ships=325 defs=54 res=158012716
[11:38:16] attack: intel 1:5:10 ships=154 defs=429 res=55455279
[11:38:16] attack: intel 1:5:12 ships=189 defs=208 res=95203792
[11:38:16] attack: spy 1:2:3 probes=4 eta=1s
[11:38:16] attack: spy 1:2:13 probes=4 eta=1s
[11:38:16] attack: spy 1:2:14 probes=4 eta=1s
[11:38:16] attack: spy 1:6:4 probes=4 eta=1s
[11:38:16] research: blocked research_intergalactic_research_network (research_computer_technology 6/8)
[2026-05-11 11:39:02] ==== loop 3/∞ | seed=976442493160730012 archetype=opportunist personality=minero focus=eco actions_per_loop=3 ====
[11:39:04] planet 35: building queue full (5)
[11:39:04] planet 35: building queue full (5)
[11:39:04] planet 35: building queue full (5)
[11:39:04] attack: intel 1:2:3 ships=0 defs=0 res=5680103531
[11:39:04] attack: intel 1:2:13 ships=0 defs=0 res=5682810089
[11:39:04] attack: intel 1:2:14 ships=0 defs=0 res=5900618673
[11:39:04] attack: intel 1:6:4 ships=347 defs=183 res=130817508
[11:39:04] attack: spy 1:2:4 probes=4 eta=1s
[11:39:04] attack: spy 1:6:6 probes=4 eta=1s
[11:39:04] attack: spy 1:6:8 probes=4 eta=1s
[11:39:04] research: blocked research_intergalactic_research_network (research_computer_technology 6/8)
[2026-05-11 11:39:49] ==== loop 4/∞ | seed=976442493160730012 archetype=opportunist personality=minero focus=eco actions_per_loop=3 ====
[11:39:51] planet 35: building queue full (5)
[11:39:51] planet 35: building queue full (5)
[11:39:51] planet 35: building queue full (5)
[11:39:51] attack: intel 1:2:4 ships=0 defs=0 res=5691374048
[11:39:51] attack: intel 1:6:6 ships=270 defs=191 res=102290174
[11:39:51] attack: intel 1:6:8 ships=262 defs=35 res=148728753
[11:39:51] attack: spy 1:2:5 probes=4 eta=1s
[11:39:51] attack: spy 1:6:10 probes=4 eta=1s
[11:39:51] attack: spy 1:6:12 probes=4 eta=1s
[11:39:51] attack: spy 1:7:4 probes=4 eta=1s
[2026-05-11 11:40:37] ==== loop 5/∞ | seed=976442493160730012 archetype=opportunist personality=minero focus=eco actions_per_loop=3 ====
[11:40:37] planet 35: queued ship_small_cargo_ship +8
[11:40:37] planet 35: skipped duplicate ship_small_cargo_ship this loop
[11:40:37] planet 35: skipped duplicate ship_small_cargo_ship this loop
[11:40:37] attack: intel 1:2:5 ships=0 defs=0 res=5547041577
[11:40:37] attack: intel 1:6:10 ships=0 defs=0 res=1858758
[11:40:37] attack: intel 1:6:12 ships=74 defs=0 res=51104474
[11:40:37] attack: intel 1:7:4 ships=6 defs=8 res=19282456
[11:40:37] attack: spy 1:2:11 probes=4 eta=1s
[11:40:37] attack: spy 1:7:6 probes=4 eta=1s
[11:40:37] attack: spy 1:7:8 probes=4 eta=1s
[2026-05-11 11:41:24] ==== loop 6/∞ | seed=976442493160730012 archetype=opportunist personality=minero focus=eco actions_per_loop=3 ====
[11:41:25] planet 35: queued ship_small_cargo_ship +8
[11:41:25] planet 35: skipped duplicate ship_small_cargo_ship this loop
[11:41:25] planet 35: skipped duplicate ship_small_cargo_ship this loop
[11:41:25] attack: intel 1:2:11 ships=0 defs=0 res=7229063297
[11:41:25] attack: intel 1:7:6 ships=179 defs=21 res=5819840
[11:41:25] attack: intel 1:7:8 ships=0 defs=88 res=18079273
[11:41:25] attack: idle no_fleet_slots (used=7 max=7)
[11:41:25] research: blocked research_intergalactic_research_network (research_computer_technology 6/8)
[2026-05-11 11:42:07] ==== loop 7/∞ | seed=976442493160730012 archetype=opportunist personality=minero focus=eco actions_per_loop=3 ====
[11:42:08] planet 35: queued ship_small_cargo_ship +8
[11:42:08] planet 35: skipped duplicate ship_small_cargo_ship this loop
[11:42:08] planet 35: skipped duplicate ship_small_cargo_ship this loop
[11:42:08] attack: idle no_fleet_slots (used=7 max=7)
[11:42:08] research: blocked research_intergalactic_research_network (research_computer_technology 6/8)
[2026-05-11 11:42:38] ==== loop 1/∞ | seed=976442493160730012 archetype=opportunist personality=minero focus=eco actions_per_loop=3 ====
[11:42:39] planet 35: queued ship_small_cargo_ship +8
[11:42:39] planet 35: skipped duplicate ship_small_cargo_ship this loop
[11:42:39] planet 35: skipped duplicate ship_small_cargo_ship this loop
[11:42:39] attack: idle no_fleet_slots (used=7 max=7)
[2026-05-11 11:43:21] ==== loop 2/∞ | seed=976442493160730012 archetype=opportunist personality=minero focus=eco actions_per_loop=3 ====
[11:43:21] planet 35: queued ship_small_cargo_ship +8
[11:43:21] planet 35: skipped duplicate ship_small_cargo_ship this loop
[11:43:21] attack: spy 1:2:6 probes=4 eta=1s
[11:43:21] attack: spy 1:2:7 probes=4 eta=1s
[11:43:21] attack: spy 1:2:8 probes=4 eta=1s
[11:43:21] attack: spy 1:2:15 probes=4 eta=1s
[2026-05-11 11:44:07] ==== loop 3/∞ | seed=976442493160730012 archetype=opportunist personality=minero focus=eco actions_per_loop=3 ====
[11:44:08] planet 35: queued ship_small_cargo_ship +8
[11:44:08] planet 35: skipped duplicate ship_small_cargo_ship this loop
[11:44:08] planet 35: skipped duplicate ship_small_cargo_ship this loop
[11:44:08] attack: intel 1:2:6 ships=0 defs=0 res=5685672613
[11:44:08] attack: intel 1:2:7 ships=0 defs=0 res=5680303607
[11:44:08] attack: intel 1:2:8 ships=0 defs=0 res=5535683613
[11:44:08] attack: intel 1:2:15 ships=0 defs=0 res=5954643115
[11:44:08] attack: spy 1:2:12 probes=4 eta=1s
[11:44:08] attack: spy 1:3:1 probes=4 eta=1s
[11:44:08] attack: spy 1:3:2 probes=4 eta=1s
[11:44:08] attack: spy 1:3:3 probes=4 eta=1s
[2026-05-11 11:44:48] ==== loop 4/∞ | seed=976442493160730012 archetype=opportunist personality=minero focus=eco actions_per_loop=3 ====
[11:44:49] planet 35: queued ship_small_cargo_ship +8
[11:44:49] planet 35: skipped duplicate ship_small_cargo_ship this loop
[11:44:49] attack: intel 1:2:12 ships=0 defs=0 res=7244266799
[11:44:49] attack: intel 1:3:1 ships=0 defs=0 res=6051629184
[11:44:49] attack: intel 1:3:2 ships=0 defs=0 res=6047280335
[11:44:49] attack: intel 1:3:3 ships=0 defs=0 res=6045540795
[11:44:49] attack: spy 1:3:4 probes=4 eta=1s
[11:44:49] attack: spy 1:3:5 probes=4 eta=1s
[11:44:49] attack: spy 1:3:11 probes=4 eta=1s
[11:44:49] attack: spy 1:3:12 probes=4 eta=1s
[2026-05-11 11:45:15] ==== loop 1/∞ | seed=976442493160730012 archetype=opportunist personality=minero focus=eco actions_per_loop=3 ====
[11:45:16] planet 35: queued ship_small_cargo_ship +8
[11:45:16] planet 35: skipped duplicate ship_small_cargo_ship this loop
[11:45:16] planet 35: skipped duplicate ship_small_cargo_ship this loop
[11:45:16] attack: intel 1:3:4 ships=0 defs=0 res=5696023093
[11:45:16] attack: intel 1:3:5 ships=0 defs=0 res=5564037433
[11:45:16] attack: intel 1:3:11 ships=0 defs=0 res=5913370513
[11:45:16] attack: intel 1:3:12 ships=0 defs=0 res=5565690025
[11:45:16] attack: spy 1:2:9 probes=4 eta=1s
[11:45:16] attack: spy 1:2:10 probes=4 eta=1s
[11:45:16] attack: spy 1:3:13 probes=4 eta=1s
[11:45:16] research: blocked research_intergalactic_research_network (research_computer_technology 6/8)
[2026-05-11 11:45:55] ==== loop 2/∞ | seed=976442493160730012 archetype=opportunist personality=minero focus=eco actions_per_loop=3 ====
[11:45:56] planet 35: queued ship_solar_satellite +13
[11:45:56] planet 35: queued ship_small_cargo_ship +8
[11:45:56] planet 35: skipped duplicate ship_small_cargo_ship this loop
[11:45:56] attack: intel 1:2:9 ships=0 defs=0 res=6045522378
[11:45:56] attack: intel 1:2:10 ships=0 defs=0 res=7244127924
[11:45:56] attack: intel 1:3:13 ships=0 defs=0 res=5702752581
[11:45:56] attack: spy 1:2:1 probes=4 eta=1s
[11:45:56] attack: spy 1:2:2 probes=4 eta=1s
[11:45:56] attack: spy 1:4:3 probes=4 eta=1s
[11:45:56] attack: spy 1:3:6 probes=4 eta=1s
[11:45:56] research: blocked research_intergalactic_research_network (research_computer_technology 6/8)
[2026-05-11 11:46:34] ==== loop 3/∞ | seed=976442493160730012 archetype=opportunist personality=minero focus=eco actions_per_loop=3 ====
[11:46:34] planet 35: queued ship_small_cargo_ship +8
[11:46:34] planet 35: skipped duplicate ship_small_cargo_ship this loop
[11:46:34] attack: intel 1:2:1 ships=0 defs=0 res=5688501149
[11:46:34] attack: intel 1:2:2 ships=0 defs=0 res=5697097178
[11:46:34] attack: intel 1:4:3 ships=0 defs=0 res=6050588220
[11:46:34] attack: intel 1:3:6 ships=160 defs=264 res=102597560
[11:46:34] attack: spy 1:4:10 probes=4 eta=1s
[11:46:34] attack: spy 1:3:8 probes=4 eta=1s
[11:46:34] attack: spy 1:3:10 probes=4 eta=1s
[11:46:34] attack: spy 1:4:4 probes=4 eta=1s
[2026-05-11 11:47:14] ==== loop 4/∞ | seed=976442493160730012 archetype=opportunist personality=minero focus=eco actions_per_loop=3 ====
[11:47:15] planet 35: queued ship_small_cargo_ship +8
[11:47:15] planet 35: skipped duplicate ship_small_cargo_ship this loop
[11:47:15] planet 35: skipped duplicate ship_small_cargo_ship this loop
[11:47:15] attack: intel 1:4:10 ships=417 defs=214 res=135612524
[11:47:15] attack: intel 1:3:8 ships=15 defs=108 res=35756017
[11:47:15] attack: intel 1:3:10 ships=78 defs=132 res=99710791
[11:47:15] attack: intel 1:4:4 ships=113 defs=23 res=149499181
[11:47:15] attack: spy 1:4:8 probes=4 eta=1s
[11:47:15] attack: spy 1:4:12 probes=4 eta=1s
[11:47:15] attack: spy 1:5:4 probes=4 eta=1s
[11:47:15] attack: spy 1:5:6 probes=4 eta=1s
[2026-05-11 11:47:52] ==== loop 5/∞ | seed=976442493160730012 archetype=opportunist personality=minero focus=eco actions_per_loop=3 ====
[11:47:53] planet 35: queued ship_small_cargo_ship +8
[11:47:53] planet 35: skipped duplicate ship_small_cargo_ship this loop
[11:47:53] planet 35: skipped duplicate ship_small_cargo_ship this loop
[11:47:53] attack: intel 1:4:8 ships=143 defs=119 res=76947242
[11:47:53] attack: intel 1:4:12 ships=145 defs=200 res=136949502
[11:47:53] attack: intel 1:5:4 ships=291 defs=203 res=105098667
[11:47:53] attack: intel 1:5:6 ships=253 defs=302 res=56527081
[11:47:53] attack: spy 1:5:8 probes=4 eta=1s
[11:47:53] attack: spy 1:5:10 probes=4 eta=1s
[11:47:53] attack: spy 1:5:12 probes=4 eta=1s
[11:47:53] attack: spy 1:7:10 probes=4 eta=1s
[11:47:53] research: blocked research_intergalactic_research_network (research_computer_technology 6/8)
[2026-05-11 11:48:33] ==== loop 6/∞ | seed=976442493160730012 archetype=opportunist personality=minero focus=eco actions_per_loop=3 ====
[11:48:34] planet 35: queued ship_small_cargo_ship +8
[11:48:34] planet 35: skipped duplicate ship_small_cargo_ship this loop
[11:48:34] planet 35: skipped duplicate ship_small_cargo_ship this loop
[11:48:34] attack: intel 1:5:8 ships=329 defs=82 res=158453628
[11:48:34] attack: intel 1:5:10 ships=248 defs=479 res=55297063
[11:48:34] attack: intel 1:5:12 ships=189 defs=211 res=95119885
[11:48:34] attack: intel 1:7:10 ships=131 defs=137 res=21378711
[11:48:34] attack: spy 1:2:3 probes=4 eta=1s
[11:48:34] attack: spy 1:2:13 probes=4 eta=1s
[11:48:34] attack: spy 1:2:14 probes=4 eta=1s
[2026-05-11 11:49:15] ==== loop 7/∞ | seed=976442493160730012 archetype=opportunist personality=minero focus=eco actions_per_loop=3 ====
[11:49:15] planet 35: queued ship_small_cargo_ship +8
[11:49:15] planet 35: skipped duplicate ship_small_cargo_ship this loop
[11:49:15] planet 35: skipped duplicate ship_small_cargo_ship this loop
[11:49:15] attack: intel 1:2:3 ships=0 defs=0 res=5697922759
[11:49:15] attack: intel 1:2:13 ships=0 defs=0 res=5694832494
[11:49:15] attack: intel 1:2:14 ships=0 defs=0 res=5912641078
[11:49:15] research: blocked research_intergalactic_research_network (research_computer_technology 6/8)
[2026-05-11 11:49:53] ==== loop 8/∞ | seed=976442493160730012 archetype=opportunist personality=minero focus=eco actions_per_loop=3 ====
[11:49:54] planet 35: queued ship_small_cargo_ship +8
[11:49:54] planet 35: skipped duplicate ship_small_cargo_ship this loop
[11:49:54] planet 35: skipped duplicate ship_small_cargo_ship this loop
[11:49:54] attack: spy 1:2:4 probes=4 eta=1s
[11:49:54] attack: spy 1:2:5 probes=4 eta=1s
[11:49:54] attack: spy 1:6:4 probes=4 eta=1s
[11:49:54] research: blocked research_intergalactic_research_network (research_computer_technology 6/8)
[2026-05-11 11:50:33] ==== loop 9/∞ | seed=976442493160730012 archetype=opportunist personality=minero focus=eco actions_per_loop=3 ====
[11:50:34] planet 35: queued building_metal_mine to 29
[11:50:34] attack: intel 1:2:4 ships=0 defs=0 res=5701972974
[11:50:34] attack: intel 1:2:5 ships=0 defs=0 res=5567793519
[11:50:34] attack: intel 1:6:4 ships=412 defs=183 res=131149178
[11:50:34] attack: spy 1:6:6 probes=4 eta=1s
[11:50:34] attack: spy 1:6:8 probes=4 eta=1s
[11:50:34] attack: spy 1:6:10 probes=4 eta=1s
[11:50:34] research: blocked research_intergalactic_research_network (research_computer_technology 6/8)
[2026-05-11 11:51:09] ==== loop 10/∞ | seed=976442493160730012 archetype=opportunist personality=minero focus=eco actions_per_loop=3 ====
[11:51:11] planet 35: building queue full (5)
[11:51:11] planet 35: building queue full (5)
[11:51:11] planet 35: building queue full (5)
[11:51:11] attack: intel 1:6:6 ships=270 defs=191 res=102586817
[11:51:11] attack: intel 1:6:8 ships=262 defs=36 res=149307231
[11:51:11] attack: intel 1:6:10 ships=0 defs=0 res=1866402
[11:51:11] attack: spy 1:2:11 probes=4 eta=1s
[11:51:11] attack: spy 1:6:12 probes=4 eta=1s
[11:51:11] research: blocked research_intergalactic_research_network (research_computer_technology 6/8)
[2026-05-11 11:51:56] ==== loop 11/∞ | seed=976442493160730012 archetype=opportunist personality=minero focus=eco actions_per_loop=3 ====
[11:51:58] planet 35: building queue full (5)
[11:51:58] planet 35: building queue full (5)
[11:51:58] planet 35: building queue full (5)
[11:51:58] attack: intel 1:2:11 ships=0 defs=0 res=7250449802
[11:51:58] attack: intel 1:6:12 ships=74 defs=0 res=51364187
[11:51:58] attack: spy 1:7:4 probes=4 eta=1s
[11:51:58] research: blocked research_intergalactic_research_network (research_computer_technology 6/8)
[2026-05-11 11:52:42] ==== loop 12/∞ | seed=976442493160730012 archetype=opportunist personality=minero focus=eco actions_per_loop=3 ====
[11:52:44] planet 35: building queue full (5)
[11:52:44] planet 35: building queue full (5)
[11:52:44] planet 35: building queue full (5)
[11:52:44] attack: intel 1:7:4 ships=6 defs=8 res=19431050
[11:52:44] research: blocked research_intergalactic_research_network (research_computer_technology 6/8)
[2026-05-11 11:53:20] ==== loop 13/∞ | seed=976442493160730012 archetype=opportunist personality=minero focus=eco actions_per_loop=3 ====
[11:53:21] planet 35: building queue full (5)
[11:53:21] planet 35: building queue full (5)
[11:53:21] planet 35: building queue full (5)
[11:53:21] research: blocked research_intergalactic_research_network (research_computer_technology 6/8)
[2026-05-11 11:54:03] ==== loop 14/∞ | seed=976442493160730012 archetype=opportunist personality=minero focus=eco actions_per_loop=3 ====
[11:54:03] planet 35: building queue full (5)
[11:54:03] planet 35: building queue full (5)
[11:54:03] planet 35: building queue full (5)
[11:54:03] attack: spy 1:2:6 probes=4 eta=1s
[11:54:03] research: blocked research_intergalactic_research_network (research_computer_technology 6/8)
[2026-05-11 11:54:43] ==== loop 15/∞ | seed=976442493160730012 archetype=opportunist personality=minero focus=eco actions_per_loop=3 ====
[11:54:45] planet 35: building queue full (5)
[11:54:45] planet 35: building queue full (5)
[11:54:45] planet 35: building queue full (5)
[11:54:45] attack: intel 1:2:6 ships=0 defs=0 res=5696871801
[11:54:45] attack: spy 1:2:7 probes=4 eta=1s
[11:54:45] research: blocked research_intergalactic_research_network (research_computer_technology 6/8)
[2026-05-11 11:55:30] ==== loop 16/∞ | seed=976442493160730012 archetype=opportunist personality=minero focus=eco actions_per_loop=3 ====
[11:55:31] planet 35: building queue full (5)
[11:55:31] planet 35: building queue full (5)
[11:55:31] planet 35: building queue full (5)
[11:55:31] attack: intel 1:2:7 ships=0 defs=0 res=5691948704
[11:55:31] attack: spy 1:2:8 probes=4 eta=1s
[11:55:31] research: blocked research_intergalactic_research_network (research_computer_technology 6/8)
[2026-05-11 11:56:14] ==== loop 17/∞ | seed=976442493160730012 archetype=opportunist personality=minero focus=eco actions_per_loop=3 ====
[11:56:17] planet 35: building queue full (5)
[11:56:17] planet 35: building queue full (5)
[11:56:17] planet 35: building queue full (5)
[11:56:17] attack: intel 1:2:8 ships=0 defs=0 res=5548083327
[11:56:17] attack: spy 1:2:1 probes=4 eta=1s
[11:56:17] research: blocked research_intergalactic_research_network (research_computer_technology 6/8)
[2026-05-11 11:56:56] ==== loop 18/∞ | seed=976442493160730012 archetype=opportunist personality=minero focus=eco actions_per_loop=3 ====
[11:56:57] planet 35: building queue full (5)
[11:56:57] planet 35: building queue full (5)
[11:56:57] planet 35: building queue full (5)
[11:56:57] attack: intel 1:2:1 ships=0 defs=0 res=5697915025
[11:56:57] attack: spy 1:4:10 probes=4 eta=1s
[11:56:57] research: blocked research_intergalactic_research_network (research_computer_technology 6/8)
[2026-05-11 11:57:37] ==== loop 19/∞ | seed=976442493160730012 archetype=opportunist personality=minero focus=eco actions_per_loop=3 ====
[11:57:39] planet 35: building queue full (5)
[11:57:39] planet 35: building queue full (5)
[11:57:39] planet 35: building queue full (5)
[11:57:39] attack: intel 1:4:10 ships=461 defs=214 res=136211360
[11:57:39] attack: spy 1:2:2 probes=4 eta=1s
[11:57:39] research: blocked research_intergalactic_research_network (research_computer_technology 6/8)
[2026-05-11 11:58:22] ==== loop 20/∞ | seed=976442493160730012 archetype=opportunist personality=minero focus=eco actions_per_loop=3 ====
[11:58:24] alliance: idle no_candidate
[11:58:24] planet 35: building queue full (5)
[11:58:24] planet 35: building queue full (5)
[11:58:24] planet 35: building queue full (5)
[11:58:24] attack: intel 1:2:2 ships=0 defs=0 res=5709822748
[11:58:24] attack: spy 1:2:9 probes=4 eta=1s
[11:58:24] research: blocked research_intergalactic_research_network (research_computer_technology 6/8)
[2026-05-11 11:59:01] ==== loop 21/∞ | seed=976442493160730012 archetype=opportunist personality=minero focus=eco actions_per_loop=3 ====
[11:59:02] planet 35: building queue full (5)
[11:59:02] planet 35: building queue full (5)
[11:59:02] planet 35: building queue full (5)
[11:59:02] attack: intel 1:2:9 ships=0 defs=0 res=6059139767
[11:59:02] attack: spy 1:2:3 probes=4 eta=1s
[11:59:02] research: blocked research_intergalactic_research_network (research_computer_technology 6/8)
[2026-05-11 11:59:51] ==== loop 22/∞ | seed=976442493160730012 archetype=opportunist personality=minero focus=eco actions_per_loop=3 ====
[11:59:53] planet 35: building queue full (5)
[11:59:53] planet 35: building queue full (5)
[11:59:53] planet 35: building queue full (5)
[11:59:53] attack: intel 1:2:3 ships=0 defs=0 res=5708538835
[11:59:53] research: blocked research_intergalactic_research_network (research_computer_technology 6/8)
[2026-05-11 12:00:34] ==== loop 23/∞ | seed=976442493160730012 archetype=opportunist personality=minero focus=eco actions_per_loop=3 ====
[12:00:36] planet 35: building queue full (5)
[12:00:36] planet 35: building queue full (5)
[12:00:36] planet 35: building queue full (5)
[12:00:36] attack: spy 1:5:8 probes=4 eta=1s
[12:00:36] research: blocked research_intergalactic_research_network (research_computer_technology 6/8)
[2026-05-11 12:01:22] ==== loop 24/∞ | seed=976442493160730012 archetype=opportunist personality=minero focus=eco actions_per_loop=3 ====
[12:01:24] planet 35: building queue full (5)
[12:01:24] planet 35: building queue full (5)
[12:01:24] planet 35: building queue full (5)
[12:01:24] attack: intel 1:5:8 ships=325 defs=124 res=160271685
[12:01:24] research: blocked research_intergalactic_research_network (research_computer_technology 6/8)
[2026-05-11 12:02:04] ==== loop 25/∞ | seed=976442493160730012 archetype=opportunist personality=minero focus=eco actions_per_loop=3 ====
[12:02:06] planet 35: building queue full (5)
[12:02:06] planet 35: building queue full (5)
[12:02:06] planet 35: building queue full (5)
[2026-05-11 12:02:46] ==== loop 26/∞ | seed=976442493160730012 archetype=opportunist personality=minero focus=eco actions_per_loop=3 ====
[12:02:47] planet 35: building queue full (5)
[12:02:47] planet 35: building queue full (5)
[12:02:47] planet 35: building queue full (5)
[12:02:47] attack: spy 1:2:4 probes=4 eta=1s
[12:02:47] research: blocked research_intergalactic_research_network (research_computer_technology 6/8)
[2026-05-11 12:03:21] ==== loop 27/∞ | seed=976442493160730012 archetype=opportunist personality=minero focus=eco actions_per_loop=3 ====
[12:03:23] planet 35: building queue full (5)
[12:03:23] planet 35: building queue full (5)
[12:03:23] planet 35: building queue full (5)
[12:03:23] attack: intel 1:2:4 ships=0 defs=0 res=5715315957
[12:03:23] attack: spy 1:2:5 probes=4 eta=1s
[12:03:23] research: blocked research_intergalactic_research_network (research_computer_technology 6/8)
[2026-05-11 12:04:03] ==== loop 28/∞ | seed=976442493160730012 archetype=opportunist personality=minero focus=eco actions_per_loop=3 ====
[12:04:05] planet 35: building queue full (5)
[12:04:05] planet 35: building queue full (5)
[12:04:05] planet 35: building queue full (5)
[12:04:05] attack: intel 1:2:5 ships=0 defs=0 res=5575099574
[12:04:05] research: blocked research_intergalactic_research_network (research_computer_technology 6/8)
[2026-05-11 12:04:39] ==== loop 29/∞ | seed=976442493160730012 archetype=opportunist personality=minero focus=eco actions_per_loop=3 ====
[12:04:41] planet 35: building queue full (5)
[12:04:41] planet 35: building queue full (5)
[12:04:41] planet 35: building queue full (5)
[12:04:41] research: blocked research_intergalactic_research_network (research_computer_technology 6/8)
[2026-05-11 12:05:24] ==== loop 30/∞ | seed=976442493160730012 archetype=opportunist personality=minero focus=eco actions_per_loop=3 ====
[12:05:25] planet 35: building queue full (5)
[12:05:25] planet 35: building queue full (5)
[12:05:25] planet 35: building queue full (5)
[12:05:25] research: blocked research_intergalactic_research_network (research_computer_technology 6/8)
[2026-05-11 12:06:11] ==== loop 31/∞ | seed=976442493160730012 archetype=opportunist personality=minero focus=eco actions_per_loop=3 ====
[12:06:13] planet 35: building queue full (5)
[12:06:13] planet 35: building queue full (5)
[12:06:13] planet 35: building queue full (5)
[12:06:13] research: blocked research_intergalactic_research_network (research_computer_technology 6/8)
[2026-05-11 12:06:52] ==== loop 32/∞ | seed=976442493160730012 archetype=opportunist personality=minero focus=eco actions_per_loop=3 ====
[12:06:54] planet 35: building queue full (5)
[12:06:54] planet 35: building queue full (5)
[12:06:54] planet 35: building queue full (5)
[12:06:54] research: blocked research_intergalactic_research_network (research_computer_technology 6/8)
[2026-05-11 12:07:36] ==== loop 33/∞ | seed=976442493160730012 archetype=opportunist personality=minero focus=eco actions_per_loop=3 ====
[12:07:38] planet 35: building queue full (5)
[12:07:38] planet 35: building queue full (5)
[12:07:38] planet 35: building queue full (5)
[12:07:38] research: blocked research_intergalactic_research_network (research_computer_technology 6/8)
[2026-05-11 12:08:22] ==== loop 34/∞ | seed=976442493160730012 archetype=opportunist personality=minero focus=eco actions_per_loop=3 ====
[12:08:24] planet 35: building queue full (5)
[12:08:24] planet 35: building queue full (5)
[12:08:24] planet 35: building queue full (5)
[12:08:24] research: blocked research_intergalactic_research_network (research_computer_technology 6/8)
[2026-05-11 12:09:05] ==== loop 35/∞ | seed=976442493160730012 archetype=opportunist personality=minero focus=eco actions_per_loop=3 ====
[12:09:07] planet 35: building queue full (5)
[12:09:07] planet 35: building queue full (5)
[12:09:07] planet 35: building queue full (5)
[12:09:07] research: blocked research_intergalactic_research_network (research_computer_technology 6/8)
[2026-05-11 12:09:48] ==== loop 36/∞ | seed=976442493160730012 archetype=opportunist personality=minero focus=eco actions_per_loop=3 ====
[12:09:50] planet 35: building queue full (5)
[12:09:50] planet 35: building queue full (5)
[12:09:50] planet 35: building queue full (5)
[12:09:50] research: blocked research_intergalactic_research_network (research_computer_technology 6/8)
[2026-05-11 12:10:32] ==== loop 37/∞ | seed=976442493160730012 archetype=opportunist personality=minero focus=eco actions_per_loop=3 ====
[12:10:34] planet 35: building queue full (5)
[12:10:34] planet 35: building queue full (5)
[12:10:34] planet 35: building queue full (5)
[12:10:34] attack: spy 1:2:1 probes=4 eta=1s
[12:10:34] research: blocked research_intergalactic_research_network (research_computer_technology 6/8)
[2026-05-11 12:11:30] ==== loop 1/∞ | seed=976442493160730012 archetype=opportunist personality=minero focus=eco actions_per_loop=3 ====
[12:11:32] planet 35: building queue full (5)
[12:11:32] planet 35: building queue full (5)
[12:11:32] planet 35: building queue full (5)
[12:11:32] attack: intel 1:2:1 ships=0 defs=0 res=5712612888
[12:11:32] attack: spy 1:5:8 probes=4 eta=1s
[2026-05-11 12:12:11] ==== loop 2/∞ | seed=976442493160730012 archetype=opportunist personality=minero focus=eco actions_per_loop=3 ====
[12:12:12] planet 35: building queue full (5)
[12:12:12] planet 35: building queue full (5)
[12:12:12] attack: intel 1:5:8 ships=343 defs=128 res=160744708
[12:12:12] attack: spy 1:2:2 probes=4 eta=1s
[12:12:12] research: blocked research_intergalactic_research_network (research_computer_technology 6/8)
[2026-05-11 12:12:53] ==== loop 1/∞ | seed=976442493160730012 archetype=opportunist personality=minero focus=eco actions_per_loop=3 ====
[12:12:55] alliance: idle no_candidate
[12:12:55] planet 35: building queue full (5)
[12:12:55] planet 35: building queue full (5)
[12:12:55] planet 35: building queue full (5)
[12:12:55] attack: intel 1:2:2 ships=0 defs=0 res=5724229054
[12:12:55] attack: spy 1:2:3 probes=4 eta=1s
[2026-05-11 12:13:29] ==== loop 2/∞ | seed=976442493160730012 archetype=opportunist personality=minero focus=eco actions_per_loop=3 ====
[12:13:30] planet 35: building queue full (5)
[12:13:30] planet 35: building queue full (5)
[12:13:30] planet 35: building queue full (5)
[12:13:30] attack: intel 1:2:3 ships=0 defs=0 res=5726460967
[12:13:30] attack: spy 1:2:4 probes=4 eta=1s
[2026-05-11 12:14:05] ==== loop 3/∞ | seed=976442493160730012 archetype=opportunist personality=minero focus=eco actions_per_loop=3 ====
[12:14:07] planet 35: building queue full (5)
[12:14:07] planet 35: building queue full (5)
[12:14:07] planet 35: building queue full (5)
[12:14:07] attack: intel 1:2:4 ships=0 defs=0 res=5726257890
[12:14:07] attack: spy 1:2:5 probes=4 eta=1s
[12:14:07] research: blocked research_intergalactic_research_network (research_computer_technology 6/8)
[2026-05-11 12:14:38] ==== loop 4/∞ | seed=976442493160730012 archetype=opportunist personality=minero focus=eco actions_per_loop=3 ====
[12:14:41] planet 35: building queue full (5)
[12:14:41] planet 35: building queue full (5)
[12:14:41] planet 35: building queue full (5)
[12:14:41] attack: intel 1:2:5 ships=0 defs=0 res=5593107456
[12:14:41] attack: spy 1:2:6 probes=4 eta=1s
[12:14:41] research: blocked research_intergalactic_research_network (research_computer_technology 6/8)
[2026-05-11 12:15:17] ==== loop 5/∞ | seed=976442493160730012 archetype=opportunist personality=minero focus=eco actions_per_loop=3 ====
[12:15:19] planet 35: building queue full (5)
[12:15:19] planet 35: building queue full (5)
[12:15:19] planet 35: building queue full (5)
[12:15:19] attack: intel 1:2:6 ships=0 defs=0 res=5717812396
[12:15:19] attack: spy 1:2:7 probes=4 eta=1s
[2026-05-11 12:15:43] ==== loop 1/∞ | seed=976442493160730012 archetype=opportunist personality=minero focus=tech actions_per_loop=3 ====
[12:15:46] planet 35: building queue full (5)
[12:15:46] planet 35: building queue full (5)
[12:15:46] planet 35: building queue full (5)
[12:15:46] attack: intel 1:2:7 ships=0 defs=0 res=5713198005
[12:15:46] attack: spy 1:2:8 probes=4 eta=1s
[12:15:46] research: blocked research_intergalactic_research_network (research_computer_technology 6/8)
[2026-05-11 12:16:21] ==== loop 2/∞ | seed=976442493160730012 archetype=opportunist personality=minero focus=tech actions_per_loop=3 ====
[12:16:22] planet 35: building queue full (5)
[12:16:22] planet 35: building queue full (5)
[12:16:22] attack: intel 1:2:8 ships=0 defs=0 res=5568972471
[12:16:22] attack: spy 1:2:9 probes=4 eta=1s
[2026-05-11 12:17:06] ==== loop 1/∞ | seed=976442493160730012 archetype=opportunist personality=minero focus=tech actions_per_loop=3 ====
[12:17:06] planet 35: building queue full (5)
[12:17:06] planet 35: building queue full (5)
[12:17:06] planet 35: building queue full (5)
[12:17:06] attack: intel 1:2:9 ships=0 defs=0 res=6077645011
[12:17:06] attack: spy 1:2:10 probes=4 eta=1s
[12:17:06] research: blocked research_intergalactic_research_network (research_computer_technology 6/8)
[2026-05-11 12:17:44] ==== loop 2/∞ | seed=976442493160730012 archetype=opportunist personality=minero focus=tech actions_per_loop=3 ====
[12:17:46] planet 35: building queue full (5)
[12:17:46] planet 35: building queue full (5)
[12:17:46] planet 35: building queue full (5)
[12:17:46] attack: intel 1:2:10 ships=0 defs=0 res=7276867969
[12:17:46] attack: spy 1:2:11 probes=4 eta=1s
[12:17:46] research: blocked research_intergalactic_research_network (research_computer_technology 6/8)
[2026-05-11 12:18:22] ==== loop 3/∞ | seed=976442493160730012 archetype=opportunist personality=minero focus=tech actions_per_loop=3 ====
[12:18:24] planet 35: building queue full (5)
[12:18:24] planet 35: building queue full (5)
[12:18:24] planet 35: building queue full (5)
[12:18:24] attack: intel 1:2:11 ships=0 defs=0 res=7277856085
[12:18:24] attack: spy 1:2:12 probes=4 eta=1s
[2026-05-11 12:18:59] ==== loop 4/∞ | seed=976442493160730012 archetype=opportunist personality=minero focus=tech actions_per_loop=3 ====
[12:19:02] planet 35: building queue full (5)
[12:19:02] planet 35: building queue full (5)
[12:19:02] planet 35: building queue full (5)
[12:19:02] attack: intel 1:2:12 ships=0 defs=0 res=7279527949
[12:19:02] attack: spy 1:2:13 probes=4 eta=1s
[12:19:02] research: blocked research_intergalactic_research_network (research_computer_technology 6/8)
[2026-05-11 12:19:39] ==== loop 5/∞ | seed=976442493160730012 archetype=opportunist personality=minero focus=tech actions_per_loop=3 ====
[12:19:41] planet 35: building queue full (5)
[12:19:41] planet 35: building queue full (5)
[12:19:41] planet 35: building queue full (5)
[12:19:41] attack: intel 1:2:13 ships=0 defs=0 res=5705191315
[12:19:41] research: blocked research_intergalactic_research_network (research_computer_technology 6/8)
[2026-05-11 12:20:18] ==== loop 6/∞ | seed=976442493160730012 archetype=opportunist personality=minero focus=tech actions_per_loop=3 ====
[12:20:20] planet 35: building queue full (5)
[12:20:20] planet 35: building queue full (5)
[12:20:20] planet 35: building queue full (5)
[12:20:20] research: blocked research_intergalactic_research_network (research_computer_technology 6/8)
[2026-05-11 12:20:53] ==== loop 7/∞ | seed=976442493160730012 archetype=opportunist personality=minero focus=tech actions_per_loop=3 ====
[12:20:54] planet 35: building queue full (5)
[12:20:54] planet 35: building queue full (5)
[12:20:54] planet 35: building queue full (5)
[12:20:54] research: blocked research_intergalactic_research_network (research_computer_technology 6/8)
[2026-05-11 12:21:26] ==== loop 8/∞ | seed=976442493160730012 archetype=opportunist personality=minero focus=tech actions_per_loop=3 ====
[12:21:27] planet 35: building queue full (5)
[12:21:27] planet 35: building queue full (5)
[12:21:27] planet 35: building queue full (5)
[12:21:27] research: blocked research_intergalactic_research_network (research_computer_technology 6/8)
[2026-05-11 12:22:05] ==== loop 9/∞ | seed=976442493160730012 archetype=opportunist personality=minero focus=tech actions_per_loop=3 ====
[12:22:06] planet 35: building queue full (5)
[12:22:06] planet 35: building queue full (5)
[12:22:06] research: blocked research_intergalactic_research_network (research_computer_technology 6/8)
[2026-05-11 12:22:40] ==== loop 10/∞ | seed=976442493160730012 archetype=opportunist personality=minero focus=tech actions_per_loop=3 ====
[12:22:42] planet 35: building queue full (5)
[12:22:42] planet 35: building queue full (5)
[12:22:42] planet 35: building queue full (5)
[12:22:42] research: blocked research_intergalactic_research_network (research_computer_technology 6/8)
[2026-05-11 12:23:17] ==== loop 11/∞ | seed=976442493160730012 archetype=opportunist personality=minero focus=tech actions_per_loop=3 ====
[12:23:18] planet 35: building queue full (5)
[12:23:18] planet 35: building queue full (5)
[12:23:18] planet 35: building queue full (5)
[12:23:18] research: blocked research_intergalactic_research_network (research_computer_technology 6/8)
[2026-05-11 12:23:51] ==== loop 12/∞ | seed=976442493160730012 archetype=opportunist personality=minero focus=tech actions_per_loop=3 ====
[12:23:53] planet 35: building queue full (5)
[12:23:53] planet 35: building queue full (5)
[12:23:53] planet 35: building queue full (5)
[12:23:53] research: blocked research_intergalactic_research_network (research_computer_technology 6/8)
[2026-05-11 12:24:27] ==== loop 13/∞ | seed=976442493160730012 archetype=opportunist personality=minero focus=tech actions_per_loop=3 ====
[12:24:29] planet 35: building queue full (5)
[12:24:29] planet 35: building queue full (5)
[12:24:29] planet 35: building queue full (5)
[12:24:29] research: blocked research_intergalactic_research_network (research_computer_technology 6/8)
[2026-05-11 12:25:05] ==== loop 14/∞ | seed=976442493160730012 archetype=opportunist personality=minero focus=tech actions_per_loop=3 ====
[12:25:08] alliance: idle no_candidate
[12:25:08] planet 35: building queue full (5)
[12:25:08] planet 35: building queue full (5)
[12:25:08] planet 35: building queue full (5)
[12:25:08] research: blocked research_intergalactic_research_network (research_computer_technology 6/8)
[2026-05-11 12:25:44] ==== loop 15/∞ | seed=976442493160730012 archetype=opportunist personality=minero focus=tech actions_per_loop=3 ====
[12:25:45] planet 35: building queue full (5)
[12:25:45] planet 35: building queue full (5)
[12:25:45] planet 35: building queue full (5)
[12:25:45] research: blocked research_intergalactic_research_network (research_computer_technology 6/8)
[2026-05-11 12:26:22] ==== loop 16/∞ | seed=976442493160730012 archetype=opportunist personality=minero focus=tech actions_per_loop=3 ====
[12:26:24] planet 35: building queue full (5)
[12:26:24] planet 35: building queue full (5)
[12:26:24] planet 35: building queue full (5)
[12:26:24] research: blocked research_intergalactic_research_network (research_computer_technology 6/8)
[2026-05-11 12:26:56] ==== loop 17/∞ | seed=976442493160730012 archetype=opportunist personality=minero focus=tech actions_per_loop=3 ====
[12:26:58] planet 35: building queue full (5)
[12:26:58] planet 35: building queue full (5)
[12:26:58] planet 35: building queue full (5)
[2026-05-11 12:27:34] ==== loop 18/∞ | seed=976442493160730012 archetype=opportunist personality=minero focus=tech actions_per_loop=3 ====
[12:27:36] planet 35: building queue full (5)
[12:27:36] planet 35: building queue full (5)
[12:27:36] planet 35: building queue full (5)
[12:27:36] research: blocked research_intergalactic_research_network (research_computer_technology 6/8)
[2026-05-11 12:28:15] ==== loop 19/∞ | seed=976442493160730012 archetype=opportunist personality=minero focus=tech actions_per_loop=3 ====
[12:28:18] planet 35: building queue full (5)
[12:28:18] planet 35: building queue full (5)
[2026-05-11 12:28:51] ==== loop 20/∞ | seed=976442493160730012 archetype=opportunist personality=minero focus=tech actions_per_loop=3 ====
[12:28:54] planet 35: building queue full (5)
[12:28:54] planet 35: building queue full (5)
[12:28:54] planet 35: building queue full (5)
[2026-05-11 12:29:33] ==== loop 21/∞ | seed=976442493160730012 archetype=opportunist personality=minero focus=tech actions_per_loop=3 ====
[12:29:35] planet 35: building queue full (5)
[12:29:35] planet 35: building queue full (5)
[12:29:35] planet 35: building queue full (5)
[12:29:35] research: blocked research_intergalactic_research_network (research_computer_technology 6/8)
[2026-05-11 12:30:16] ==== loop 22/∞ | seed=976442493160730012 archetype=opportunist personality=minero focus=tech actions_per_loop=3 ====
[12:30:17] planet 35: building queue full (5)
[12:30:17] planet 35: building queue full (5)
[12:30:17] planet 35: building queue full (5)
[12:30:17] research: blocked research_intergalactic_research_network (research_computer_technology 6/8)
[2026-05-11 12:30:58] ==== loop 23/∞ | seed=976442493160730012 archetype=opportunist personality=minero focus=tech actions_per_loop=3 ====
[12:31:00] planet 35: building queue full (5)
[12:31:00] planet 35: building queue full (5)
[12:31:00] planet 35: building queue full (5)
[12:31:00] research: blocked research_intergalactic_research_network (research_computer_technology 6/8)
[2026-05-11 12:31:41] ==== loop 24/∞ | seed=976442493160730012 archetype=opportunist personality=minero focus=tech actions_per_loop=3 ====
[12:31:43] planet 35: building queue full (5)
[12:31:43] planet 35: building queue full (5)
[12:31:43] planet 35: building queue full (5)
[12:31:43] research: blocked research_intergalactic_research_network (research_computer_technology 6/8)
[2026-05-11 12:32:28] ==== loop 25/∞ | seed=976442493160730012 archetype=opportunist personality=minero focus=tech actions_per_loop=3 ====
[12:32:30] planet 35: building queue full (5)
[12:32:30] planet 35: building queue full (5)
[12:32:30] planet 35: building queue full (5)
[2026-05-11 12:33:13] ==== loop 26/∞ | seed=976442493160730012 archetype=opportunist personality=minero focus=tech actions_per_loop=3 ====
[12:33:16] planet 35: building queue full (5)
[12:33:16] planet 35: building queue full (5)
[12:33:16] planet 35: building queue full (5)
[2026-05-11 12:33:59] ==== loop 27/∞ | seed=976442493160730012 archetype=opportunist personality=minero focus=tech actions_per_loop=3 ====
[12:34:00] planet 35: building queue full (5)
[12:34:00] planet 35: building queue full (5)
[12:34:00] planet 35: building queue full (5)
[12:34:00] research: blocked research_intergalactic_research_network (research_computer_technology 6/8)
[2026-05-11 12:34:42] ==== loop 28/∞ | seed=976442493160730012 archetype=opportunist personality=minero focus=tech actions_per_loop=3 ====
[12:34:44] planet 35: building queue full (5)
[12:34:44] planet 35: building queue full (5)
[12:34:44] planet 35: building queue full (5)
[2026-05-11 12:35:27] ==== loop 29/∞ | seed=976442493160730012 archetype=opportunist personality=minero focus=tech actions_per_loop=3 ====
[12:35:29] planet 35: building queue full (5)
[12:35:29] planet 35: building queue full (5)
[12:35:29] planet 35: building queue full (5)
[2026-05-11 12:36:09] ==== loop 30/∞ | seed=976442493160730012 archetype=opportunist personality=minero focus=tech actions_per_loop=3 ====
[12:36:13] planet 35: building queue full (5)
[12:36:13] planet 35: building queue full (5)
[12:36:13] planet 35: building queue full (5)
[12:36:13] research: blocked research_intergalactic_research_network (research_computer_technology 6/8)
[2026-05-11 12:36:55] ==== loop 31/∞ | seed=976442493160730012 archetype=opportunist personality=minero focus=tech actions_per_loop=3 ====
[12:36:56] planet 35: queued building_metal_mine to 30
[12:36:56] research: blocked research_intergalactic_research_network (research_computer_technology 6/8)
[2026-05-11 12:37:38] ==== loop 32/∞ | seed=976442493160730012 archetype=opportunist personality=minero focus=tech actions_per_loop=3 ====
[12:37:39] planet 35: building queue full (5)
[12:37:39] planet 35: building queue full (5)
[12:37:39] planet 35: building queue full (5)
[2026-05-11 12:38:24] ==== loop 33/∞ | seed=976442493160730012 archetype=opportunist personality=minero focus=tech actions_per_loop=3 ====
[12:38:26] planet 35: building queue full (5)
[12:38:26] planet 35: building queue full (5)
[12:38:26] planet 35: building queue full (5)
[2026-05-11 12:39:07] ==== loop 34/∞ | seed=976442493160730012 archetype=opportunist personality=minero focus=tech actions_per_loop=3 ====
[12:39:09] alliance: idle no_candidate
[12:39:09] planet 35: building queue full (5)
[12:39:09] planet 35: building queue full (5)
[12:39:09] planet 35: building queue full (5)
[12:39:09] research: blocked research_intergalactic_research_network (research_computer_technology 6/8)
[2026-05-11 12:39:52] ==== loop 35/∞ | seed=976442493160730012 archetype=opportunist personality=minero focus=tech actions_per_loop=3 ====
[12:39:53] planet 35: building queue full (5)
[12:39:53] planet 35: building queue full (5)
[12:39:53] planet 35: building queue full (5)
[12:39:53] research: blocked research_intergalactic_research_network (research_computer_technology 6/8)
[2026-05-11 12:40:30] ==== loop 36/∞ | seed=976442493160730012 archetype=opportunist personality=minero focus=tech actions_per_loop=3 ====
[12:40:31] planet 35: building queue full (5)
[12:40:31] planet 35: building queue full (5)
[12:40:31] planet 35: building queue full (5)
[12:40:31] research: blocked research_intergalactic_research_network (research_computer_technology 6/8)
[2026-05-11 12:41:08] ==== loop 37/∞ | seed=976442493160730012 archetype=opportunist personality=minero focus=tech actions_per_loop=3 ====
[12:41:10] planet 35: building queue full (5)
[12:41:10] planet 35: building queue full (5)
[12:41:10] planet 35: building queue full (5)
[12:41:10] research: blocked research_intergalactic_research_network (research_computer_technology 6/8)
[2026-05-11 12:41:42] ==== loop 38/∞ | seed=976442493160730012 archetype=opportunist personality=minero focus=tech actions_per_loop=3 ====
[12:41:44] planet 35: building queue full (5)
[12:41:44] planet 35: building queue full (5)
[12:41:44] planet 35: building queue full (5)
[12:41:44] research: blocked research_intergalactic_research_network (research_computer_technology 6/8)
[2026-05-11 12:42:20] ==== loop 39/∞ | seed=976442493160730012 archetype=opportunist personality=minero focus=tech actions_per_loop=3 ====
[12:42:23] planet 35: building queue full (5)
[12:42:23] planet 35: building queue full (5)
[12:42:23] planet 35: building queue full (5)
[2026-05-11 12:42:58] ==== loop 40/∞ | seed=976442493160730012 archetype=opportunist personality=minero focus=tech actions_per_loop=3 ====
[12:43:00] planet 35: building queue full (5)
[12:43:00] planet 35: building queue full (5)
[12:43:00] planet 35: building queue full (5)
[2026-05-11 12:43:36] ==== loop 41/∞ | seed=976442493160730012 archetype=opportunist personality=minero focus=tech actions_per_loop=3 ====
[12:43:38] planet 35: building queue full (5)
[12:43:38] planet 35: building queue full (5)
[12:43:38] planet 35: building queue full (5)
[12:43:38] research: blocked research_intergalactic_research_network (research_computer_technology 6/8)
[2026-05-11 12:44:13] ==== loop 42/∞ | seed=976442493160730012 archetype=opportunist personality=minero focus=tech actions_per_loop=3 ====
[12:44:15] planet 35: building queue full (5)
[12:44:15] planet 35: building queue full (5)
[12:44:15] planet 35: building queue full (5)
[2026-05-11 12:44:53] ==== loop 43/∞ | seed=976442493160730012 archetype=opportunist personality=minero focus=tech actions_per_loop=3 ====
[12:44:54] planet 35: building queue full (5)
[12:44:54] planet 35: building queue full (5)
[12:44:54] research: blocked research_intergalactic_research_network (research_computer_technology 6/8)
[2026-05-11 12:45:31] ==== loop 44/∞ | seed=976442493160730012 archetype=opportunist personality=minero focus=tech actions_per_loop=3 ====
[12:45:32] planet 35: building queue full (5)
[12:45:32] planet 35: building queue full (5)
[2026-05-11 12:46:08] ==== loop 45/∞ | seed=976442493160730012 archetype=opportunist personality=minero focus=tech actions_per_loop=3 ====
[12:46:09] planet 35: building queue full (5)
[12:46:09] planet 35: building queue full (5)
[12:46:09] planet 35: building queue full (5)
[12:46:09] research: blocked research_intergalactic_research_network (research_computer_technology 6/8)
[2026-05-11 12:46:42] ==== loop 46/∞ | seed=976442493160730012 archetype=opportunist personality=minero focus=tech actions_per_loop=3 ====
[12:46:44] planet 35: building queue full (5)
[12:46:44] planet 35: building queue full (5)
[12:46:44] planet 35: building queue full (5)
[12:46:44] research: blocked research_intergalactic_research_network (research_computer_technology 6/8)
[2026-05-11 12:47:21] ==== loop 47/∞ | seed=976442493160730012 archetype=opportunist personality=minero focus=tech actions_per_loop=3 ====
[12:47:23] planet 35: building queue full (5)
[12:47:23] planet 35: building queue full (5)
[12:47:23] planet 35: building queue full (5)
[2026-05-11 12:47:57] ==== loop 48/∞ | seed=976442493160730012 archetype=opportunist personality=minero focus=tech actions_per_loop=3 ====
[12:47:58] planet 35: building queue full (5)
[12:47:58] planet 35: building queue full (5)
[12:47:58] planet 35: building queue full (5)
[12:47:58] research: blocked research_intergalactic_research_network (research_computer_technology 6/8)
[2026-05-11 12:48:32] ==== loop 49/∞ | seed=976442493160730012 archetype=opportunist personality=minero focus=tech actions_per_loop=3 ====
[12:48:34] planet 35: building queue full (5)
[12:48:34] planet 35: building queue full (5)
[12:48:34] planet 35: building queue full (5)
[2026-05-11 12:49:09] ==== loop 50/∞ | seed=976442493160730012 archetype=opportunist personality=minero focus=tech actions_per_loop=3 ====
[12:49:10] planet 35: building queue full (5)
[12:49:10] planet 35: building queue full (5)
[12:49:10] planet 35: building queue full (5)
[12:49:10] research: blocked research_intergalactic_research_network (research_computer_technology 6/8)
[2026-05-11 12:49:47] ==== loop 51/∞ | seed=976442493160730012 archetype=opportunist personality=minero focus=tech actions_per_loop=3 ====
[12:49:49] planet 35: building queue full (5)
[12:49:49] planet 35: building queue full (5)
[12:49:49] planet 35: building queue full (5)
[2026-05-11 12:50:27] ==== loop 52/∞ | seed=976442493160730012 archetype=opportunist personality=minero focus=tech actions_per_loop=3 ====
[12:50:28] planet 35: queued defense_rocket_launcher +8
[12:50:28] planet 35: skipped duplicate defense_rocket_launcher this loop
[12:50:28] planet 35: skipped duplicate defense_rocket_launcher this loop
[2026-05-11 12:51:08] ==== loop 53/∞ | seed=976442493160730012 archetype=opportunist personality=minero focus=tech actions_per_loop=3 ====
[12:51:08] planet 35: queued defense_rocket_launcher +8
[12:51:08] planet 35: skipped duplicate defense_rocket_launcher this loop
[12:51:08] planet 35: skipped duplicate defense_rocket_launcher this loop
[12:51:08] research: blocked research_intergalactic_research_network (research_computer_technology 6/8)
[2026-05-11 12:51:42] ==== loop 54/∞ | seed=976442493160730012 archetype=opportunist personality=minero focus=tech actions_per_loop=3 ====
[12:51:42] alliance: idle no_candidate
[12:51:42] planet 35: queued defense_rocket_launcher +8
[12:51:42] planet 35: skipped duplicate defense_rocket_launcher this loop
[12:51:42] planet 35: skipped duplicate defense_rocket_launcher this loop
[2026-05-11 12:52:16] ==== loop 55/∞ | seed=976442493160730012 archetype=opportunist personality=minero focus=tech actions_per_loop=3 ====
[12:52:17] planet 35: queued defense_rocket_launcher +8
[12:52:17] planet 35: skipped duplicate defense_rocket_launcher this loop
[12:52:17] planet 35: skipped duplicate defense_rocket_launcher this loop
[12:52:17] research: blocked research_intergalactic_research_network (research_computer_technology 6/8)
[2026-05-11 12:52:55] ==== loop 56/∞ | seed=976442493160730012 archetype=opportunist personality=minero focus=tech actions_per_loop=3 ====
[12:52:55] planet 35: queued defense_rocket_launcher +8
[12:52:55] planet 35: skipped duplicate defense_rocket_launcher this loop
[12:52:55] planet 35: skipped duplicate defense_rocket_launcher this loop
[2026-05-11 12:53:31] ==== loop 57/∞ | seed=976442493160730012 archetype=opportunist personality=minero focus=tech actions_per_loop=3 ====
[12:53:31] planet 35: queued defense_rocket_launcher +8
[12:53:31] planet 35: skipped duplicate defense_rocket_launcher this loop
[12:53:31] planet 35: skipped duplicate defense_rocket_launcher this loop
[12:53:31] research: blocked research_intergalactic_research_network (research_computer_technology 6/8)
[2026-05-11 12:54:04] ==== loop 58/∞ | seed=976442493160730012 archetype=opportunist personality=minero focus=tech actions_per_loop=3 ====
[12:54:05] planet 35: queued defense_rocket_launcher +8
[12:54:05] planet 35: skipped duplicate defense_rocket_launcher this loop
[12:54:05] planet 35: skipped duplicate defense_rocket_launcher this loop
[2026-05-11 12:54:40] ==== loop 59/∞ | seed=976442493160730012 archetype=opportunist personality=minero focus=tech actions_per_loop=3 ====
[12:54:40] planet 35: queued defense_rocket_launcher +8
[12:54:40] planet 35: skipped duplicate defense_rocket_launcher this loop
[12:54:40] planet 35: skipped duplicate defense_rocket_launcher this loop
[12:54:40] research: blocked research_intergalactic_research_network (research_computer_technology 6/8)
[2026-05-11 12:55:14] ==== loop 60/∞ | seed=976442493160730012 archetype=opportunist personality=minero focus=tech actions_per_loop=3 ====
[12:55:15] planet 35: queued defense_rocket_launcher +8
[12:55:15] planet 35: skipped duplicate defense_rocket_launcher this loop
[12:55:15] research: blocked research_intergalactic_research_network (research_computer_technology 6/8)
[2026-05-11 12:55:50] ==== loop 61/∞ | seed=976442493160730012 archetype=opportunist personality=minero focus=tech actions_per_loop=3 ====
[12:55:51] planet 35: queued defense_rocket_launcher +8
[12:55:51] planet 35: skipped duplicate defense_rocket_launcher this loop
[12:55:51] planet 35: skipped duplicate defense_rocket_launcher this loop
[2026-05-11 12:56:23] ==== loop 62/∞ | seed=976442493160730012 archetype=opportunist personality=minero focus=tech actions_per_loop=3 ====
[12:56:23] planet 35: queued defense_rocket_launcher +8
[12:56:23] planet 35: skipped duplicate defense_rocket_launcher this loop
[12:56:23] planet 35: skipped duplicate defense_rocket_launcher this loop
[12:56:23] research: blocked research_intergalactic_research_network (research_computer_technology 6/8)
[2026-05-11 12:56:59] ==== loop 63/∞ | seed=976442493160730012 archetype=opportunist personality=minero focus=tech actions_per_loop=3 ====
[12:56:59] planet 35: queued defense_rocket_launcher +8
[12:56:59] planet 35: skipped duplicate defense_rocket_launcher this loop
[12:56:59] research: blocked research_intergalactic_research_network (research_computer_technology 6/8)
[2026-05-11 12:57:36] ==== loop 64/∞ | seed=976442493160730012 archetype=opportunist personality=minero focus=tech actions_per_loop=3 ====
[12:57:36] planet 35: queued defense_rocket_launcher +8
[12:57:36] planet 35: skipped duplicate defense_rocket_launcher this loop
[12:57:36] planet 35: skipped duplicate defense_rocket_launcher this loop
[12:57:36] research: blocked research_intergalactic_research_network (research_computer_technology 6/8)
[2026-05-11 12:58:11] ==== loop 65/∞ | seed=976442493160730012 archetype=opportunist personality=minero focus=tech actions_per_loop=3 ====
[12:58:12] planet 35: queued defense_rocket_launcher +8
[12:58:12] planet 35: skipped duplicate defense_rocket_launcher this loop
[12:58:12] planet 35: skipped duplicate defense_rocket_launcher this loop
[12:58:12] research: blocked research_intergalactic_research_network (research_computer_technology 6/8)
[2026-05-11 12:58:49] ==== loop 66/∞ | seed=976442493160730012 archetype=opportunist personality=minero focus=tech actions_per_loop=3 ====
[12:58:50] planet 35: queued defense_rocket_launcher +8
[12:58:50] planet 35: skipped duplicate defense_rocket_launcher this loop
[2026-05-11 12:59:28] ==== loop 67/∞ | seed=976442493160730012 archetype=opportunist personality=minero focus=tech actions_per_loop=3 ====
[12:59:29] planet 35: queued defense_rocket_launcher +8
[12:59:29] planet 35: skipped duplicate defense_rocket_launcher this loop
[12:59:29] planet 35: skipped duplicate defense_rocket_launcher this loop
[12:59:29] research: blocked research_intergalactic_research_network (research_computer_technology 6/8)
[2026-05-11 13:00:01] ==== loop 68/∞ | seed=976442493160730012 archetype=opportunist personality=minero focus=tech actions_per_loop=3 ====
[13:00:01] planet 35: queued ship_espionage_probe +5
[13:00:01] planet 35: skipped duplicate ship_espionage_probe this loop
[13:00:01] planet 35: skipped duplicate ship_espionage_probe this loop
[13:00:01] research: blocked research_intergalactic_research_network (research_computer_technology 6/8)
[2026-05-11 13:00:39] ==== loop 69/∞ | seed=976442493160730012 archetype=opportunist personality=minero focus=tech actions_per_loop=3 ====
[13:00:40] planet 35: queued ship_espionage_probe +5
[13:00:40] planet 35: skipped duplicate ship_espionage_probe this loop
[2026-05-11 13:01:18] ==== loop 70/∞ | seed=976442493160730012 archetype=opportunist personality=minero focus=tech actions_per_loop=3 ====
[13:01:19] planet 35: queued ship_espionage_probe +5
[13:01:19] planet 35: skipped duplicate ship_espionage_probe this loop
[2026-05-11 13:01:54] ==== loop 71/∞ | seed=976442493160730012 archetype=opportunist personality=minero focus=tech actions_per_loop=3 ====
[13:01:54] planet 35: queued ship_espionage_probe +5
[13:01:54] planet 35: skipped duplicate ship_espionage_probe this loop
[13:01:54] research: blocked research_intergalactic_research_network (research_computer_technology 6/8)
[2026-05-11 13:02:28] ==== loop 72/∞ | seed=976442493160730012 archetype=opportunist personality=minero focus=tech actions_per_loop=3 ====
[13:02:29] planet 35: queued ship_espionage_probe +5
[13:02:29] planet 35: skipped duplicate ship_espionage_probe this loop
[13:02:29] planet 35: skipped duplicate ship_espionage_probe this loop
[13:02:29] research: blocked research_intergalactic_research_network (research_computer_technology 6/8)
[2026-05-11 13:03:04] ==== loop 73/∞ | seed=976442493160730012 archetype=opportunist personality=minero focus=tech actions_per_loop=3 ====
[13:03:05] alliance: apply ally=9
[13:03:05] planet 35: queued ship_espionage_probe +5
[13:03:05] planet 35: skipped duplicate ship_espionage_probe this loop
[13:03:05] research: blocked research_intergalactic_research_network (research_computer_technology 6/8)
[2026-05-11 13:03:38] ==== loop 74/∞ | seed=976442493160730012 archetype=opportunist personality=minero focus=tech actions_per_loop=3 ====
[13:03:39] planet 35: queued ship_espionage_probe +5
[13:03:39] planet 35: skipped duplicate ship_espionage_probe this loop
[13:03:39] planet 35: skipped duplicate ship_espionage_probe this loop
[13:03:39] research: blocked research_intergalactic_research_network (research_computer_technology 6/8)
[2026-05-11 13:04:14] ==== loop 75/∞ | seed=976442493160730012 archetype=opportunist personality=minero focus=tech actions_per_loop=3 ====
[13:04:14] alliance: joined ally=9
[13:04:14] planet 35: queued ship_espionage_probe +5
[13:04:14] planet 35: skipped duplicate ship_espionage_probe this loop
[13:04:14] planet 35: skipped duplicate ship_espionage_probe this loop
[13:04:14] research: blocked research_intergalactic_research_network (research_computer_technology 6/8)
[2026-05-11 13:04:49] ==== loop 76/∞ | seed=976442493160730012 archetype=opportunist personality=minero focus=tech actions_per_loop=3 ====
[13:04:50] planet 35: queued ship_espionage_probe +5
[13:04:50] planet 35: skipped duplicate ship_espionage_probe this loop
[13:04:50] planet 35: skipped duplicate ship_espionage_probe this loop
[13:04:50] research: blocked research_intergalactic_research_network (research_computer_technology 6/8)
[2026-05-11 13:05:25] ==== loop 77/∞ | seed=976442493160730012 archetype=opportunist personality=minero focus=tech actions_per_loop=3 ====
[13:05:25] planet 35: queued ship_espionage_probe +5
[13:05:25] planet 35: skipped duplicate ship_espionage_probe this loop
[13:05:25] planet 35: skipped duplicate ship_espionage_probe this loop
[13:05:25] research: blocked research_intergalactic_research_network (research_computer_technology 6/8)
[2026-05-11 13:06:01] ==== loop 78/∞ | seed=976442493160730012 archetype=opportunist personality=minero focus=tech actions_per_loop=3 ====
[13:06:01] planet 35: queued ship_espionage_probe +5
[13:06:01] planet 35: skipped duplicate ship_espionage_probe this loop
[13:06:01] research: blocked research_intergalactic_research_network (research_computer_technology 6/8)
[2026-05-11 13:06:34] ==== loop 79/∞ | seed=976442493160730012 archetype=opportunist personality=minero focus=tech actions_per_loop=3 ====
[13:06:35] planet 35: queued ship_espionage_probe +5
[13:06:35] planet 35: skipped duplicate ship_espionage_probe this loop
[13:06:35] research: blocked research_intergalactic_research_network (research_computer_technology 6/8)
[2026-05-11 13:07:08] ==== loop 80/∞ | seed=976442493160730012 archetype=opportunist personality=minero focus=tech actions_per_loop=3 ====
[13:07:09] planet 35: queued ship_espionage_probe +5
[13:07:09] planet 35: skipped duplicate ship_espionage_probe this loop
[13:07:09] planet 35: skipped duplicate ship_espionage_probe this loop
[13:07:09] research: blocked research_intergalactic_research_network (research_computer_technology 6/8)
[2026-05-11 13:07:46] ==== loop 81/∞ | seed=976442493160730012 archetype=opportunist personality=minero focus=tech actions_per_loop=3 ====
[13:07:47] planet 35: queued ship_espionage_probe +5
[13:07:47] planet 35: skipped duplicate ship_espionage_probe this loop
[13:07:47] planet 35: skipped duplicate ship_espionage_probe this loop
[2026-05-11 13:08:16] ==== loop 82/∞ | seed=976442493160730012 archetype=opportunist personality=minero focus=tech actions_per_loop=3 ====
[13:08:16] planet 35: queued ship_espionage_probe +5
[13:08:16] planet 35: skipped duplicate ship_espionage_probe this loop
[13:08:16] planet 35: skipped duplicate ship_espionage_probe this loop
[13:08:16] research: blocked research_intergalactic_research_network (research_computer_technology 6/8)
[2026-05-11 13:08:47] ==== loop 83/∞ | seed=976442493160730012 archetype=opportunist personality=minero focus=tech actions_per_loop=3 ====
[13:08:48] planet 35: queued ship_espionage_probe +5
[13:08:48] planet 35: skipped duplicate ship_espionage_probe this loop
[13:08:48] planet 35: skipped duplicate ship_espionage_probe this loop
[2026-05-11 13:09:23] ==== loop 84/∞ | seed=976442493160730012 archetype=opportunist personality=minero focus=tech actions_per_loop=3 ====
[13:09:23] planet 35: queued ship_espionage_probe +5
[13:09:23] planet 35: skipped duplicate ship_espionage_probe this loop
[13:09:23] planet 35: skipped duplicate ship_espionage_probe this loop
[13:09:23] research: blocked research_intergalactic_research_network (research_computer_technology 6/8)
[2026-05-11 13:09:58] ==== loop 85/∞ | seed=976442493160730012 archetype=opportunist personality=minero focus=tech actions_per_loop=3 ====
[13:09:59] planet 35: queued ship_espionage_probe +5
[13:09:59] planet 35: skipped duplicate ship_espionage_probe this loop
[13:09:59] planet 35: skipped duplicate ship_espionage_probe this loop
[13:09:59] research: blocked research_intergalactic_research_network (research_computer_technology 6/8)
[2026-05-11 13:10:45] ==== loop 86/∞ | seed=976442493160730012 archetype=opportunist personality=minero focus=tech actions_per_loop=3 ====
[13:10:45] planet 35: queued ship_cruiser +5
[13:10:45] planet 35: skipped duplicate ship_cruiser this loop
[13:10:45] research: blocked research_intergalactic_research_network (research_computer_technology 6/8)
[2026-05-11 13:11:29] ==== loop 87/∞ | seed=976442493160730012 archetype=opportunist personality=minero focus=tech actions_per_loop=3 ====
[13:11:29] planet 35: queued ship_cruiser +5
[13:11:29] planet 35: skipped duplicate ship_cruiser this loop
[13:11:29] planet 35: skipped duplicate ship_cruiser this loop
[13:11:29] research: blocked research_intergalactic_research_network (research_computer_technology 6/8)
[2026-05-11 13:12:12] ==== loop 88/∞ | seed=976442493160730012 archetype=opportunist personality=minero focus=tech actions_per_loop=3 ====
[13:12:13] planet 35: queued ship_cruiser +5
[13:12:13] planet 35: skipped duplicate ship_cruiser this loop
[13:12:13] planet 35: skipped duplicate ship_cruiser this loop
[13:12:13] research: blocked research_intergalactic_research_network (research_computer_technology 6/8)
[2026-05-11 13:12:56] ==== loop 89/∞ | seed=976442493160730012 archetype=opportunist personality=minero focus=tech actions_per_loop=3 ====
[13:12:56] planet 35: queued ship_cruiser +5
[13:12:56] planet 35: skipped duplicate ship_cruiser this loop
[13:12:56] research: blocked research_intergalactic_research_network (research_computer_technology 6/8)
[2026-05-11 13:13:34] ==== loop 90/∞ | seed=976442493160730012 archetype=opportunist personality=minero focus=tech actions_per_loop=3 ====
[13:13:34] planet 35: queued ship_cruiser +5
[13:13:34] planet 35: skipped duplicate ship_cruiser this loop
[13:13:34] planet 35: skipped duplicate ship_cruiser this loop
[2026-05-11 13:14:19] ==== loop 91/∞ | seed=976442493160730012 archetype=opportunist personality=minero focus=tech actions_per_loop=3 ====
[13:14:20] planet 35: queued ship_cruiser +5
[13:14:20] planet 35: skipped duplicate ship_cruiser this loop
[13:14:20] planet 35: skipped duplicate ship_cruiser this loop
[13:14:20] research: blocked research_intergalactic_research_network (research_computer_technology 6/8)
[2026-05-11 13:15:04] ==== loop 92/∞ | seed=976442493160730012 archetype=opportunist personality=minero focus=tech actions_per_loop=3 ====
[13:15:05] planet 35: queued ship_cruiser +5
[13:15:05] planet 35: skipped duplicate ship_cruiser this loop
[13:15:05] planet 35: skipped duplicate ship_cruiser this loop
[13:15:05] research: blocked research_intergalactic_research_network (research_computer_technology 6/8)
[2026-05-11 13:15:52] ==== loop 93/∞ | seed=976442493160730012 archetype=opportunist personality=minero focus=tech actions_per_loop=3 ====
[13:15:53] planet 35: queued ship_cruiser +5
[13:15:53] planet 35: skipped duplicate ship_cruiser this loop
[13:15:53] planet 35: skipped duplicate ship_cruiser this loop
[2026-05-11 13:16:38] ==== loop 94/∞ | seed=976442493160730012 archetype=opportunist personality=minero focus=tech actions_per_loop=3 ====
[13:16:38] planet 35: queued ship_cruiser +5
[13:16:38] planet 35: skipped duplicate ship_cruiser this loop
[13:16:38] planet 35: skipped duplicate ship_cruiser this loop
[2026-05-11 13:17:24] ==== loop 95/∞ | seed=976442493160730012 archetype=opportunist personality=minero focus=tech actions_per_loop=3 ====
[13:17:25] planet 35: queued ship_cruiser +5
[13:17:25] planet 35: skipped duplicate ship_cruiser this loop
[13:17:25] planet 35: skipped duplicate ship_cruiser this loop
[13:17:25] research: blocked research_intergalactic_research_network (research_computer_technology 6/8)
[2026-05-11 13:18:09] ==== loop 96/∞ | seed=976442493160730012 archetype=opportunist personality=minero focus=tech actions_per_loop=3 ====
[13:18:10] planet 35: queued ship_cruiser +5
[13:18:10] planet 35: skipped duplicate ship_cruiser this loop
[13:18:10] planet 35: skipped duplicate ship_cruiser this loop
[13:18:10] research: blocked research_intergalactic_research_network (research_computer_technology 6/8)
[2026-05-11 13:18:56] ==== loop 97/∞ | seed=976442493160730012 archetype=opportunist personality=minero focus=tech actions_per_loop=3 ====
[13:18:57] planet 35: queued ship_cruiser +5
[13:18:57] planet 35: skipped duplicate ship_cruiser this loop
[13:18:57] planet 35: skipped duplicate ship_cruiser this loop
[2026-05-11 13:19:43] ==== loop 98/∞ | seed=976442493160730012 archetype=opportunist personality=minero focus=tech actions_per_loop=3 ====
[13:19:44] planet 35: queued ship_cruiser +5
[13:19:44] planet 35: skipped duplicate ship_cruiser this loop
[13:19:44] planet 35: skipped duplicate ship_cruiser this loop
[13:19:44] research: blocked research_intergalactic_research_network (research_computer_technology 6/8)
[2026-05-11 13:20:22] ==== loop 99/∞ | seed=976442493160730012 archetype=opportunist personality=minero focus=tech actions_per_loop=3 ====
[13:20:23] planet 35: building queue full (5)
[13:20:23] planet 35: building queue full (5)
[13:20:23] attack: spy 1:2:1 probes=4 eta=1s
[13:20:23] attack: spy 1:2:2 probes=4 eta=1s
[2026-05-11 13:21:08] ==== loop 100/∞ | seed=976442493160730012 archetype=opportunist personality=minero focus=tech actions_per_loop=3 ====
[13:21:10] planet 35: building queue full (5)
[13:21:10] planet 35: building queue full (5)
[13:21:10] planet 35: building queue full (5)
[13:21:10] attack: intel 1:2:1 ships=0 defs=0 res=5782047167
[13:21:10] attack: intel 1:2:2 ships=0 defs=0 res=5794459797
[13:21:10] attack: spy 1:2:3 probes=4 eta=1s
[13:21:10] attack: spy 1:2:4 probes=4 eta=1s
[13:21:10] attack: spy 1:2:5 probes=4 eta=1s
[13:21:10] attack: spy 1:2:6 probes=4 eta=1s
[13:21:10] research: blocked research_intergalactic_research_network (research_computer_technology 6/8)
[2026-05-11 13:21:50] ==== loop 101/∞ | seed=976442493160730012 archetype=opportunist personality=minero focus=tech actions_per_loop=3 ====
[2026-05-11 13:22:13] ==== loop 1/∞ | seed=976442493160730012 archetype=opportunist personality=minero focus=tech actions_per_loop=3 ====
[13:22:15] planet 35: building queue full (5)
[13:22:15] planet 35: building queue full (5)
[13:22:15] planet 35: building queue full (5)
[13:22:15] attack: intel 1:2:3 ships=0 defs=0 res=5796605957
[13:22:15] attack: intel 1:2:4 ships=0 defs=0 res=5795854068
[13:22:15] attack: intel 1:2:5 ships=0 defs=0 res=5661983320
[13:22:15] attack: intel 1:2:6 ships=0 defs=0 res=5786190899
[13:22:15] attack: spy 1:2:7 probes=4 eta=1s
[13:22:15] attack: spy 1:2:8 probes=4 eta=1s
[13:22:15] attack: spy 1:2:9 probes=4 eta=1s
[13:22:15] attack: spy 1:2:10 probes=4 eta=1s
[13:22:15] research: blocked research_intergalactic_research_network (research_computer_technology 6/8)
[2026-05-11 13:22:54] ==== loop 2/∞ | seed=976442493160730012 archetype=opportunist personality=minero focus=tech actions_per_loop=3 ====
[13:22:57] planet 35: building queue full (5)
[13:22:57] planet 35: building queue full (5)
[13:22:57] planet 35: building queue full (5)
[13:22:57] attack: intel 1:2:7 ships=0 defs=0 res=5782091020
[13:22:57] attack: intel 1:2:8 ships=0 defs=0 res=5637471027
[13:22:57] attack: intel 1:2:9 ships=0 defs=0 res=6145440401
[13:22:57] attack: intel 1:2:10 ships=0 defs=0 res=7344063097
[13:22:57] attack: spy 1:2:11 probes=4 eta=1s
[13:22:57] attack: spy 1:2:12 probes=4 eta=1s
[13:22:57] attack: spy 1:2:13 probes=4 eta=1s
[13:22:57] attack: spy 1:2:14 probes=4 eta=1s
[13:22:57] research: blocked research_intergalactic_research_network (research_computer_technology 6/8)
[2026-05-11 13:23:40] ==== loop 3/∞ | seed=976442493160730012 archetype=opportunist personality=minero focus=tech actions_per_loop=3 ====
[13:23:42] planet 35: building queue full (5)
[13:23:42] planet 35: building queue full (5)
[13:23:42] planet 35: building queue full (5)
[13:23:42] attack: intel 1:2:11 ships=0 defs=0 res=7344931159
[13:23:42] attack: intel 1:2:12 ships=0 defs=0 res=7345934160
[13:23:42] attack: intel 1:2:13 ships=0 defs=0 res=5801199055
[13:23:42] attack: intel 1:2:14 ships=0 defs=0 res=6019007638
[13:23:42] attack: spy 1:2:15 probes=4 eta=1s
[13:23:42] attack: spy 1:3:1 probes=4 eta=1s
[13:23:42] attack: spy 1:3:2 probes=4 eta=1s
[13:23:42] attack: spy 1:3:3 probes=4 eta=1s
[13:23:42] research: blocked research_intergalactic_research_network (research_computer_technology 6/8)
[2026-05-11 13:24:28] ==== loop 4/∞ | seed=976442493160730012 archetype=opportunist personality=minero focus=tech actions_per_loop=3 ====
[13:24:30] planet 35: building queue full (5)
[13:24:30] planet 35: building queue full (5)
[13:24:30] planet 35: building queue full (5)
[13:24:30] attack: intel 1:2:15 ships=0 defs=0 res=6057802557
[13:24:30] attack: intel 1:3:1 ships=0 defs=0 res=6154051161
[13:24:30] attack: intel 1:3:2 ships=0 defs=0 res=6149702311
[13:24:30] attack: intel 1:3:3 ships=0 defs=0 res=6147962772
[13:24:30] attack: spy 1:3:4 probes=4 eta=1s
[13:24:30] attack: spy 1:3:5 probes=4 eta=1s
[13:24:30] attack: spy 1:3:11 probes=4 eta=1s
[13:24:30] attack: spy 1:3:12 probes=4 eta=1s
[13:24:30] research: blocked research_intergalactic_research_network (research_computer_technology 6/8)
[2026-05-11 13:25:12] ==== loop 5/∞ | seed=976442493160730012 archetype=opportunist personality=minero focus=tech actions_per_loop=3 ====
[13:25:14] planet 35: building queue full (5)
[13:25:14] planet 35: building queue full (5)
[13:25:14] planet 35: building queue full (5)
[13:25:14] attack: intel 1:3:4 ships=0 defs=0 res=5793540065
[13:25:14] attack: intel 1:3:5 ships=0 defs=0 res=5662103216
[13:25:14] attack: intel 1:3:11 ships=0 defs=0 res=6011436297
[13:25:14] attack: intel 1:3:12 ships=0 defs=0 res=5663755809
[13:25:14] attack: spy 1:3:13 probes=4 eta=1s
[13:25:14] attack: spy 1:4:3 probes=4 eta=1s
[13:25:14] attack: spy 1:3:8 probes=4 eta=1s
[13:25:14] research: blocked research_intergalactic_research_network (research_computer_technology 6/8)
[2026-05-11 13:25:57] ==== loop 6/∞ | seed=976442493160730012 archetype=opportunist personality=minero focus=tech actions_per_loop=3 ====
[13:26:00] planet 35: building queue full (5)
[13:26:00] planet 35: building queue full (5)
[13:26:00] planet 35: building queue full (5)
[13:26:00] attack: intel 1:3:13 ships=0 defs=0 res=5800784063
[13:26:00] attack: intel 1:4:3 ships=0 defs=0 res=6148876959
[13:26:00] attack: intel 1:3:8 ships=15 defs=108 res=37460821
[13:26:00] attack: idle no_fleet_slots (used=7 max=7)
[2026-05-11 13:26:41] ==== loop 7/∞ | seed=976442493160730012 archetype=opportunist personality=minero focus=tech actions_per_loop=3 ====
[13:26:42] planet 35: building queue full (5)
[13:26:42] planet 35: building queue full (5)
[13:26:42] planet 35: building queue full (5)
[13:26:42] attack: spy 1:4:8 probes=4 eta=1s
[13:26:42] attack: spy 1:4:10 probes=4 eta=1s
[13:26:42] attack: spy 1:6:4 probes=4 eta=1s
[13:26:42] attack: spy 1:6:8 probes=4 eta=1s
[13:26:42] research: blocked research_intergalactic_research_network (research_computer_technology 6/8)
[2026-05-11 13:27:19] ==== loop 8/∞ | seed=976442493160730012 archetype=opportunist personality=minero focus=tech actions_per_loop=3 ====
[13:27:21] planet 35: building queue full (5)
[13:27:21] planet 35: building queue full (5)
[13:27:21] planet 35: building queue full (5)
[13:27:21] attack: intel 1:4:8 ships=175 defs=121 res=76882588
[13:27:21] attack: intel 1:4:10 ships=610 defs=224 res=141695983
[13:27:21] attack: intel 1:6:4 ships=607 defs=183 res=130920566
[13:27:21] attack: intel 1:6:8 ships=262 defs=42 res=154028474
[13:27:21] attack: spy 1:6:10 probes=4 eta=1s
[13:27:21] attack: spy 1:7:4 probes=4 eta=1s
[13:27:21] attack: spy 1:7:8 probes=4 eta=1s
[13:27:21] attack: spy 1:7:10 probes=4 eta=1s
[2026-05-11 13:28:01] ==== loop 9/∞ | seed=976442493160730012 archetype=opportunist personality=minero focus=tech actions_per_loop=3 ====
[13:28:04] planet 35: building queue full (5)
[13:28:04] planet 35: building queue full (5)
[13:28:04] planet 35: building queue full (5)
[13:28:04] attack: intel 1:6:10 ships=0 defs=0 res=1896996
[13:28:04] attack: intel 1:7:4 ships=6 defs=8 res=20821779
[13:28:04] attack: intel 1:7:8 ships=8 defs=136 res=21010462
[13:28:04] attack: intel 1:7:10 ships=308 defs=210 res=22246920
[13:28:04] attack: spy 1:3:9 probes=4 eta=1s
[13:28:04] attack: spy 1:7:12 probes=4 eta=1s
[13:28:04] research: blocked research_intergalactic_research_network (research_computer_technology 6/8)
[2026-05-11 13:28:48] ==== loop 10/∞ | seed=976442493160730012 archetype=opportunist personality=minero focus=tech actions_per_loop=3 ====
[13:28:49] planet 35: building queue full (5)
[13:28:49] planet 35: building queue full (5)
[13:28:49] planet 35: building queue full (5)
[13:28:49] attack: intel 1:3:9 ships=948 defs=0 res=13029140
[13:28:49] attack: intel 1:7:12 ships=834 defs=0 res=11298401
[2026-05-11 13:29:25] ==== loop 11/∞ | seed=976442493160730012 archetype=opportunist personality=minero focus=tech actions_per_loop=3 ====
[13:29:26] planet 35: building queue full (5)
[13:29:26] planet 35: building queue full (5)
[13:29:26] research: blocked research_intergalactic_research_network (research_computer_technology 6/8)
[2026-05-11 13:30:04] ==== loop 12/∞ | seed=976442493160730012 archetype=opportunist personality=minero focus=tech actions_per_loop=3 ====
[13:30:04] planet 35: queued defense_gauss_cannon +8
[13:30:04] planet 35: skipped duplicate defense_gauss_cannon this loop
[13:30:04] planet 35: skipped duplicate defense_gauss_cannon this loop
[13:30:04] research: blocked research_intergalactic_research_network (research_computer_technology 6/8)
[2026-05-11 13:30:43] ==== loop 13/∞ | seed=976442493160730012 archetype=opportunist personality=minero focus=tech actions_per_loop=3 ====
[13:30:44] planet 35: queued defense_gauss_cannon +8
[13:30:44] planet 35: skipped duplicate defense_gauss_cannon this loop
[13:30:44] planet 35: skipped duplicate defense_gauss_cannon this loop
[13:30:44] attack: spy 1:2:1 probes=4 eta=1s
[13:30:44] attack: spy 1:2:2 probes=4 eta=1s
[13:30:44] research: blocked research_intergalactic_research_network (research_computer_technology 6/8)
[2026-05-11 13:31:27] ==== loop 14/∞ | seed=976442493160730012 archetype=opportunist personality=minero focus=tech actions_per_loop=3 ====
[13:31:28] planet 35: queued defense_gauss_cannon +8
[13:31:28] planet 35: skipped duplicate defense_gauss_cannon this loop
[13:31:28] attack: intel 1:2:1 ships=0 defs=0 res=5790022087
[13:31:28] attack: intel 1:2:2 ships=0 defs=0 res=5800119417
[13:31:28] attack: spy 1:2:3 probes=4 eta=1s
[13:31:28] attack: spy 1:2:4 probes=4 eta=1s
[13:31:28] attack: spy 1:2:5 probes=4 eta=1s
[13:31:28] attack: spy 1:2:6 probes=4 eta=1s
[2026-05-11 13:32:11] ==== loop 15/∞ | seed=976442493160730012 archetype=opportunist personality=minero focus=tech actions_per_loop=3 ====
[13:32:11] planet 35: queued defense_gauss_cannon +8
[13:32:11] planet 35: skipped duplicate defense_gauss_cannon this loop
[13:32:11] attack: intel 1:2:3 ships=0 defs=0 res=5801648163
[13:32:11] attack: intel 1:2:4 ships=0 defs=0 res=5801376486
[13:32:11] attack: intel 1:2:5 ships=0 defs=0 res=5669032119
[13:32:11] attack: intel 1:2:6 ships=0 defs=0 res=5791233106
[13:32:11] research: blocked research_intergalactic_research_network (research_computer_technology 6/8)
[2026-05-11 13:32:58] ==== loop 16/∞ | seed=976442493160730012 archetype=opportunist personality=minero focus=tech actions_per_loop=3 ====
[13:32:58] planet 35: queued defense_gauss_cannon +8
[13:32:58] planet 35: skipped duplicate defense_gauss_cannon this loop
[13:32:58] planet 35: skipped duplicate defense_gauss_cannon this loop
[13:32:58] attack: spy 1:2:7 probes=4 eta=1s
[13:32:58] research: blocked research_intergalactic_research_network (research_computer_technology 6/8)
[2026-05-11 13:33:41] ==== loop 17/∞ | seed=976442493160730012 archetype=opportunist personality=minero focus=tech actions_per_loop=3 ====
[13:33:42] planet 35: queued defense_gauss_cannon +8
[13:33:42] planet 35: skipped duplicate defense_gauss_cannon this loop
[13:33:42] planet 35: skipped duplicate defense_gauss_cannon this loop
[13:33:42] attack: intel 1:2:7 ships=0 defs=0 res=5793564613
[13:33:42] attack: spy 1:2:8 probes=4 eta=1s
[13:33:42] attack: spy 1:2:9 probes=4 eta=1s
[13:33:42] attack: spy 1:2:10 probes=4 eta=1s
[13:33:42] attack: spy 1:2:11 probes=4 eta=1s
[2026-05-11 13:34:27] ==== loop 18/∞ | seed=976442493160730012 archetype=opportunist personality=minero focus=tech actions_per_loop=3 ====
[13:34:29] planet 35: queued defense_gauss_cannon +5
[13:34:29] planet 35: queued defense_rocket_launcher +8
[13:34:29] planet 35: skipped duplicate defense_rocket_launcher this loop
[13:34:29] attack: intel 1:2:8 ships=0 defs=0 res=5649116124
[13:34:29] attack: intel 1:2:9 ships=0 defs=0 res=6157085499
[13:34:29] attack: intel 1:2:10 ships=0 defs=0 res=7355691044
[13:34:29] attack: intel 1:2:11 ships=0 defs=0 res=7355958845
[13:34:29] attack: spy 1:2:12 probes=4 eta=1s
[13:34:29] attack: spy 1:2:13 probes=4 eta=1s
[13:34:29] attack: spy 1:2:14 probes=4 eta=1s
[13:34:29] attack: spy 1:2:15 probes=4 eta=1s
[13:34:29] research: blocked research_intergalactic_research_network (research_computer_technology 6/8)
[2026-05-11 13:35:14] ==== loop 19/∞ | seed=976442493160730012 archetype=opportunist personality=minero focus=tech actions_per_loop=3 ====
[13:35:15] planet 35: queued defense_rocket_launcher +8
[13:35:15] planet 35: skipped duplicate defense_rocket_launcher this loop
[13:35:15] planet 35: skipped duplicate defense_rocket_launcher this loop
[13:35:15] attack: intel 1:2:12 ships=0 defs=0 res=7358385324
[13:35:15] attack: intel 1:2:13 ships=0 defs=0 res=5813650219
[13:35:15] attack: intel 1:2:14 ships=0 defs=0 res=6031458803
[13:35:15] attack: intel 1:2:15 ships=0 defs=0 res=6069499106
[13:35:15] attack: spy 1:3:1 probes=4 eta=1s
[13:35:15] attack: spy 1:3:2 probes=4 eta=1s
[13:35:15] attack: spy 1:3:3 probes=4 eta=1s
[13:35:15] attack: spy 1:3:4 probes=4 eta=1s
[13:35:15] research: blocked research_intergalactic_research_network (research_computer_technology 6/8)
[2026-05-11 13:36:09] ==== loop 20/∞ | seed=976442493160730012 archetype=opportunist personality=minero focus=tech actions_per_loop=3 ====
[13:36:10] planet 35: queued defense_rocket_launcher +8
[13:36:10] planet 35: skipped duplicate defense_rocket_launcher this loop
[13:36:10] planet 35: skipped duplicate defense_rocket_launcher this loop
[13:36:10] attack: intel 1:3:1 ships=0 defs=0 res=6165936363
[13:36:10] attack: intel 1:3:2 ships=0 defs=0 res=6161587513
[13:36:10] attack: intel 1:3:3 ships=0 defs=0 res=6159847973
[13:36:10] attack: intel 1:3:4 ships=0 defs=0 res=5809232650
[13:36:10] attack: spy 1:3:5 probes=4 eta=1s
[13:36:10] attack: spy 1:3:11 probes=4 eta=1s
[13:36:10] attack: spy 1:3:12 probes=4 eta=1s
[13:36:10] attack: spy 1:3:13 probes=4 eta=1s
[2026-05-11 13:36:54] ==== loop 21/∞ | seed=976442493160730012 archetype=opportunist personality=minero focus=tech actions_per_loop=3 ====
[13:36:56] planet 35: queued defense_rocket_launcher +1
[13:36:56] planet 35: queued defense_ion_cannon +8
[13:36:56] planet 35: queue busy, throttled building_laboratory
[13:36:56] attack: intel 1:3:5 ships=0 defs=0 res=5678190259
[13:36:56] attack: intel 1:3:11 ships=0 defs=0 res=6027523338
[13:36:56] attack: intel 1:3:12 ships=0 defs=0 res=5679842850
[13:36:56] attack: intel 1:3:13 ships=0 defs=0 res=5816871106
[13:36:56] attack: spy 1:4:3 probes=4 eta=1s
[13:36:56] attack: spy 1:3:8 probes=4 eta=1s
[13:36:56] attack: spy 1:4:8 probes=4 eta=1s
[13:36:56] attack: spy 1:4:10 probes=4 eta=1s
[2026-05-11 13:37:42] ==== loop 22/∞ | seed=976442493160730012 archetype=opportunist personality=minero focus=tech actions_per_loop=3 ====
[13:37:42] planet 35: queue busy, throttled building_laboratory
[13:37:42] planet 35: queue busy, throttled building_laboratory
[13:37:42] planet 35: queue busy, throttled building_laboratory
[13:37:42] attack: intel 1:4:3 ships=0 defs=0 res=6164826799
[13:37:42] attack: intel 1:3:8 ships=15 defs=108 res=37645005
[13:37:42] attack: intel 1:4:8 ships=175 defs=123 res=77341495
[13:37:42] attack: intel 1:4:10 ships=610 defs=224 res=142357295
[13:37:42] attack: spy 1:6:4 probes=4 eta=1s
[13:37:42] attack: spy 1:6:8 probes=4 eta=1s
[13:37:42] attack: spy 1:6:10 probes=4 eta=1s
[13:37:42] attack: spy 1:7:4 probes=4 eta=1s
[13:37:42] research: blocked research_intergalactic_research_network (research_computer_technology 6/8)
[2026-05-11 13:38:31] ==== loop 23/∞ | seed=976442493160730012 archetype=opportunist personality=minero focus=tech actions_per_loop=3 ====
[13:38:31] planet 35: queue busy, throttled building_laboratory
[13:38:31] planet 35: queue busy, throttled building_laboratory
[13:38:31] planet 35: queue busy, throttled building_laboratory
[13:38:31] attack: intel 1:6:4 ships=627 defs=183 res=131302818
[13:38:31] attack: intel 1:6:8 ships=262 defs=43 res=154384888
[13:38:31] attack: intel 1:6:10 ships=0 defs=0 res=1902246
[13:38:31] attack: intel 1:7:4 ships=6 defs=8 res=21089929
[13:38:31] attack: spy 1:7:8 probes=4 eta=1s
[13:38:31] attack: spy 1:7:10 probes=4 eta=1s
[13:38:31] attack: spy 1:3:9 probes=4 eta=1s
[13:38:31] attack: spy 1:7:12 probes=4 eta=1s
[13:38:31] research: blocked research_intergalactic_research_network (research_computer_technology 6/8)
[2026-05-11 13:39:20] ==== loop 24/∞ | seed=976442493160730012 archetype=opportunist personality=minero focus=tech actions_per_loop=3 ====
[13:39:20] planet 35: queue busy, throttled building_laboratory
[13:39:20] planet 35: queue busy, throttled building_laboratory
[13:39:20] planet 35: queue busy, throttled building_laboratory
[13:39:20] attack: intel 1:7:8 ships=8 defs=136 res=21331958
[13:39:20] attack: intel 1:7:10 ships=358 defs=210 res=22083442
[13:39:20] attack: intel 1:3:9 ships=1000 defs=0 res=17074401
[13:39:20] attack: intel 1:7:12 ships=934 defs=0 res=25844044
[13:39:20] research: blocked research_intergalactic_research_network (research_computer_technology 6/8)
[2026-05-11 13:40:05] ==== loop 25/∞ | seed=976442493160730012 archetype=opportunist personality=minero focus=tech actions_per_loop=3 ====
[13:40:06] planet 35: building queue full (5)
[13:40:06] planet 35: building queue full (5)
[13:40:06] planet 35: building queue full (5)
[13:40:06] research: blocked research_intergalactic_research_network (research_computer_technology 6/8)
[2026-05-11 13:40:51] ==== loop 26/∞ | seed=976442493160730012 archetype=opportunist personality=minero focus=tech actions_per_loop=3 ====
[13:40:53] planet 35: building queue full (5)
[13:40:53] planet 35: building queue full (5)
[13:40:53] planet 35: building queue full (5)
[13:40:53] attack: spy 1:2:1 probes=4 eta=1s
[13:40:53] attack: spy 1:2:2 probes=4 eta=1s
[2026-05-11 13:41:37] ==== loop 27/∞ | seed=976442493160730012 archetype=opportunist personality=minero focus=tech actions_per_loop=3 ====
[13:41:40] planet 35: building queue full (5)
[13:41:40] planet 35: building queue full (5)
[13:41:40] planet 35: building queue full (5)
[13:41:40] attack: intel 1:2:1 ships=0 defs=0 res=5800157953
[13:41:40] attack: intel 1:2:2 ships=0 defs=0 res=5813959760
[13:41:40] attack: spy 1:2:3 probes=4 eta=1s
[13:41:40] attack: spy 1:2:4 probes=4 eta=1s
[13:41:40] attack: spy 1:2:5 probes=4 eta=1s
[13:41:40] attack: spy 1:2:6 probes=4 eta=1s
[13:41:40] research: blocked research_intergalactic_research_network (research_computer_technology 6/8)
[2026-05-11 13:42:25] ==== loop 28/∞ | seed=976442493160730012 archetype=opportunist personality=minero focus=tech actions_per_loop=3 ====
[13:42:26] planet 35: building queue full (5)
[13:42:26] planet 35: building queue full (5)
[13:42:26] planet 35: building queue full (5)
[13:42:26] attack: intel 1:2:3 ships=0 defs=0 res=5811869781
[13:42:26] attack: intel 1:2:4 ships=0 defs=0 res=5812026862
[13:42:26] attack: intel 1:2:5 ships=0 defs=0 res=5679167985
[13:42:26] attack: intel 1:2:6 ships=0 defs=0 res=5804901947
[13:42:26] research: blocked research_intergalactic_research_network (research_computer_technology 6/8)
[2026-05-11 13:43:05] ==== loop 29/∞ | seed=976442493160730012 archetype=opportunist personality=minero focus=tech actions_per_loop=3 ====
[13:43:08] planet 35: building queue full (5)
[13:43:08] planet 35: building queue full (5)
[13:43:08] planet 35: building queue full (5)
[13:43:08] attack: spy 1:2:7 probes=4 eta=1s
[13:43:08] research: blocked research_intergalactic_research_network (research_computer_technology 6/8)
[2026-05-11 13:43:50] ==== loop 30/∞ | seed=976442493160730012 archetype=opportunist personality=minero focus=tech actions_per_loop=3 ====
[13:43:51] planet 35: building queue full (5)
[13:43:51] planet 35: building queue full (5)
[13:43:51] planet 35: building queue full (5)
[13:43:51] attack: intel 1:2:7 ships=0 defs=0 res=5803494674
[13:43:51] attack: spy 1:2:8 probes=4 eta=1s
[13:43:51] attack: spy 1:2:9 probes=4 eta=1s
[13:43:51] attack: spy 1:2:10 probes=4 eta=1s
[13:43:51] attack: spy 1:2:11 probes=4 eta=1s
[13:43:51] research: blocked research_intergalactic_research_network (research_computer_technology 6/8)
[2026-05-11 13:44:35] ==== loop 31/∞ | seed=976442493160730012 archetype=opportunist personality=minero focus=tech actions_per_loop=3 ====
[13:44:37] planet 35: building queue full (5)
[13:44:37] planet 35: building queue full (5)
[13:44:37] planet 35: building queue full (5)
[13:44:37] attack: intel 1:2:8 ships=0 defs=0 res=5660075207
[13:44:37] attack: intel 1:2:9 ships=0 defs=0 res=6168044582
[13:44:37] attack: intel 1:2:10 ships=0 defs=0 res=7366650127
[13:44:37] attack: intel 1:2:11 ships=0 defs=0 res=7366917926
[13:44:37] attack: spy 1:2:12 probes=4 eta=1s
[13:44:37] attack: spy 1:2:13 probes=4 eta=1s
[13:44:37] attack: spy 1:2:14 probes=4 eta=1s
[13:44:37] attack: spy 1:2:15 probes=4 eta=1s
[13:44:37] research: blocked research_intergalactic_research_network (research_computer_technology 6/8)
[2026-05-11 13:45:23] ==== loop 32/∞ | seed=976442493160730012 archetype=opportunist personality=minero focus=tech actions_per_loop=3 ====
[13:45:26] planet 35: building queue full (5)
[13:45:26] planet 35: building queue full (5)
[13:45:26] planet 35: building queue full (5)
[13:45:26] attack: intel 1:2:12 ships=0 defs=0 res=7368212482
[13:45:26] attack: intel 1:2:13 ships=0 defs=0 res=5823477377
[13:45:26] attack: intel 1:2:14 ships=0 defs=0 res=6041285961
[13:45:26] attack: intel 1:2:15 ships=0 defs=0 res=6079326264
[13:45:26] attack: spy 1:3:1 probes=4 eta=1s
[13:45:26] attack: spy 1:3:2 probes=4 eta=1s
[13:45:26] attack: spy 1:3:3 probes=4 eta=1s
[13:45:26] attack: spy 1:3:4 probes=4 eta=1s
[13:45:26] research: blocked research_intergalactic_research_network (research_computer_technology 6/8)
[2026-05-11 13:46:09] ==== loop 33/∞ | seed=976442493160730012 archetype=opportunist personality=minero focus=tech actions_per_loop=3 ====
[13:46:10] planet 35: building queue full (5)
[13:46:10] planet 35: building queue full (5)
[13:46:10] planet 35: building queue full (5)
[13:46:10] attack: intel 1:3:1 ships=0 defs=0 res=6176775394
[13:46:10] attack: intel 1:3:2 ships=0 defs=0 res=6172426544
[13:46:10] attack: intel 1:3:3 ships=0 defs=0 res=6170687005
[13:46:10] attack: intel 1:3:4 ships=0 defs=0 res=5820071680
[13:46:10] attack: spy 1:3:5 probes=4 eta=1s
[13:46:10] attack: spy 1:3:11 probes=4 eta=1s
[13:46:10] attack: spy 1:3:12 probes=4 eta=1s
[13:46:10] attack: spy 1:3:13 probes=4 eta=1s
[13:46:10] research: blocked research_intergalactic_research_network (research_computer_technology 6/8)
[2026-05-11 13:46:54] ==== loop 34/∞ | seed=976442493160730012 archetype=opportunist personality=minero focus=tech actions_per_loop=3 ====
[13:46:56] planet 35: building queue full (5)
[13:46:56] planet 35: building queue full (5)
[13:46:56] planet 35: building queue full (5)
[13:46:56] attack: intel 1:3:5 ships=0 defs=0 res=5688789184
[13:46:56] attack: intel 1:3:11 ships=0 defs=0 res=6038122264
[13:46:56] attack: intel 1:3:12 ships=0 defs=0 res=5690441775
[13:46:56] attack: intel 1:3:13 ships=0 defs=0 res=5827470031
[13:46:56] attack: spy 1:4:3 probes=4 eta=1s
[13:46:56] attack: spy 1:3:8 probes=4 eta=1s
[13:46:56] attack: spy 1:4:8 probes=4 eta=1s
[13:46:56] attack: spy 1:4:10 probes=4 eta=1s
[13:46:56] research: blocked research_intergalactic_research_network (research_computer_technology 6/8)
[2026-05-11 13:47:37] ==== loop 35/∞ | seed=976442493160730012 archetype=opportunist personality=minero focus=tech actions_per_loop=3 ====
[13:47:39] planet 35: building queue full (5)
[13:47:39] planet 35: building queue full (5)
[13:47:39] planet 35: building queue full (5)
[13:47:39] attack: intel 1:4:3 ships=0 defs=0 res=6175134168
[13:47:39] attack: intel 1:3:8 ships=15 defs=108 res=37799804
[13:47:39] attack: intel 1:4:8 ships=175 defs=125 res=77790771
[13:47:39] attack: intel 1:4:10 ships=610 defs=224 res=142971612
[13:47:39] research: blocked research_intergalactic_research_network (research_computer_technology 6/8)
[2026-05-11 13:48:23] ==== loop 36/∞ | seed=976442493160730012 archetype=opportunist personality=minero focus=tech actions_per_loop=3 ====
[13:48:26] planet 35: building queue full (5)
[13:48:26] planet 35: building queue full (5)
[13:48:26] planet 35: building queue full (5)
[13:48:26] attack: spy 1:6:4 probes=4 eta=1s
[13:48:26] attack: spy 1:6:8 probes=4 eta=1s
[13:48:26] attack: spy 1:6:10 probes=4 eta=1s
[13:48:26] attack: spy 1:7:4 probes=4 eta=1s
[13:48:26] research: blocked research_intergalactic_research_network (research_computer_technology 6/8)
[2026-05-11 13:49:12] ==== loop 37/∞ | seed=976442493160730012 archetype=opportunist personality=minero focus=tech actions_per_loop=3 ====
[13:49:15] planet 35: building queue full (5)
[13:49:15] planet 35: building queue full (5)
[13:49:15] planet 35: building queue full (5)
[13:49:15] attack: intel 1:6:4 ships=627 defs=183 res=131846614
[13:49:15] attack: intel 1:6:8 ships=262 defs=43 res=153334106
[13:49:15] attack: intel 1:6:10 ships=0 defs=0 res=1905712
[13:49:15] attack: intel 1:7:4 ships=6 defs=8 res=21359303
[13:49:15] attack: spy 1:7:8 probes=4 eta=1s
[13:49:15] attack: spy 1:7:10 probes=4 eta=1s
[13:49:15] attack: spy 1:3:9 probes=4 eta=1s
[13:49:15] attack: spy 1:7:12 probes=4 eta=1s
[2026-05-11 13:50:01] ==== loop 38/∞ | seed=976442493160730012 archetype=opportunist personality=minero focus=tech actions_per_loop=3 ====
[13:50:03] planet 35: building queue full (5)
[13:50:03] planet 35: building queue full (5)
[13:50:03] planet 35: building queue full (5)
[13:50:03] attack: intel 1:7:8 ships=8 defs=136 res=21637333
[13:50:03] attack: intel 1:7:10 ships=368 defs=210 res=20989806
[13:50:03] attack: intel 1:3:9 ships=1000 defs=152 res=13686565
[13:50:03] attack: intel 1:7:12 ships=934 defs=0 res=18443958
[13:50:03] research: blocked research_intergalactic_research_network (research_computer_technology 6/8)
[2026-05-11 13:50:44] ==== loop 39/∞ | seed=976442493160730012 archetype=opportunist personality=minero focus=tech actions_per_loop=3 ====
[13:50:45] planet 35: building queue full (5)
[13:50:45] planet 35: building queue full (5)
[13:50:45] planet 35: building queue full (5)
[13:50:45] research: blocked research_intergalactic_research_network (research_computer_technology 6/8)
[2026-05-11 13:51:24] ==== loop 40/∞ | seed=976442493160730012 archetype=opportunist personality=minero focus=tech actions_per_loop=3 ====
[13:51:26] planet 35: building queue full (5)
[13:51:26] planet 35: building queue full (5)
[13:51:26] planet 35: building queue full (5)
[13:51:26] attack: spy 1:2:1 probes=4 eta=1s
[13:51:26] attack: spy 1:2:2 probes=4 eta=1s
[13:51:26] research: blocked research_intergalactic_research_network (research_computer_technology 6/8)
[2026-05-11 13:52:04] ==== loop 41/∞ | seed=976442493160730012 archetype=opportunist personality=minero focus=tech actions_per_loop=3 ====
[13:52:05] planet 35: building queue full (5)
[13:52:05] planet 35: building queue full (5)
[13:52:05] planet 35: building queue full (5)
[13:52:05] attack: intel 1:2:1 ships=0 defs=0 res=5813998296
[13:52:05] attack: intel 1:2:2 ships=0 defs=0 res=5826410926
[13:52:05] attack: spy 1:2:3 probes=4 eta=1s
[13:52:05] attack: spy 1:2:4 probes=4 eta=1s
[13:52:05] attack: spy 1:2:5 probes=4 eta=1s
[13:52:05] attack: spy 1:2:6 probes=4 eta=1s
[13:52:05] research: blocked research_intergalactic_research_network (research_computer_technology 6/8)
[2026-05-11 13:52:56] ==== loop 1/∞ | seed=976442493160730012 archetype=opportunist personality=minero focus=tech actions_per_loop=3 ====
[13:52:58] planet 35: building queue full (5)
[13:52:58] planet 35: building queue full (5)
[13:52:58] planet 35: building queue full (5)
[13:52:58] attack: intel 1:2:3 ships=0 defs=0 res=5822674511
[13:52:58] attack: intel 1:2:4 ships=0 defs=0 res=5822968794
[13:52:58] attack: intel 1:2:5 ships=0 defs=0 res=5689869813
[13:52:58] attack: intel 1:2:6 ships=0 defs=0 res=5816564194
[13:52:58] research: blocked research_intergalactic_research_network (research_computer_technology 6/8)
[2026-05-11 13:53:40] ==== loop 2/∞ | seed=976442493160730012 archetype=opportunist personality=minero focus=tech actions_per_loop=3 ====
[13:53:42] planet 35: building queue full (5)
[13:53:42] planet 35: building queue full (5)
[13:53:42] planet 35: building queue full (5)
[13:53:42] attack: spy 1:2:7 probes=4 eta=1s
[13:53:42] research: blocked research_intergalactic_research_network (research_computer_technology 6/8)
[2026-05-11 13:54:22] ==== loop 3/∞ | seed=976442493160730012 archetype=opportunist personality=minero focus=tech actions_per_loop=3 ====
[13:54:26] planet 35: building queue full (5)
[13:54:26] planet 35: building queue full (5)
[13:54:26] planet 35: building queue full (5)
[13:54:26] attack: intel 1:2:7 ships=0 defs=0 res=5814316554
[13:54:26] attack: spy 1:2:8 probes=4 eta=1s
[13:54:26] attack: spy 1:2:9 probes=4 eta=1s
[13:54:26] attack: spy 1:2:10 probes=4 eta=1s
[13:54:26] attack: spy 1:2:11 probes=4 eta=1s
[13:54:26] research: blocked research_intergalactic_research_network (research_computer_technology 6/8)
[2026-05-11 13:55:05] ==== loop 4/∞ | seed=976442493160730012 archetype=opportunist personality=minero focus=tech actions_per_loop=3 ====
[13:55:07] planet 35: building queue full (5)
[13:55:07] planet 35: building queue full (5)
[13:55:07] planet 35: building queue full (5)
[13:55:07] attack: intel 1:2:8 ships=0 defs=0 res=5667535615
[13:55:07] attack: intel 1:2:9 ships=0 defs=0 res=6178300500
[13:55:07] attack: intel 1:2:10 ships=0 defs=0 res=7376340083
[13:55:07] attack: intel 1:2:11 ships=0 defs=0 res=7376539281
[13:55:07] attack: spy 1:2:12 probes=4 eta=1s
[13:55:07] attack: spy 1:2:13 probes=4 eta=1s
[13:55:07] attack: spy 1:2:14 probes=4 eta=1s
[2026-05-11 13:55:53] ==== loop 5/∞ | seed=976442493160730012 archetype=opportunist personality=minero focus=tech actions_per_loop=3 ====
[13:55:54] planet 35: building queue full (5)
[13:55:54] planet 35: building queue full (5)
[13:55:54] planet 35: building queue full (5)
[13:55:54] attack: intel 1:2:12 ships=0 defs=0 res=7377267875
[13:55:54] attack: intel 1:2:13 ships=0 defs=0 res=5827576315
[13:55:54] attack: intel 1:2:14 ships=0 defs=0 res=6045384898
[13:55:54] attack: idle no_fleet_slots (used=7 max=7)
[13:55:54] research: blocked research_intergalactic_research_network (research_computer_technology 6/8)
[2026-05-11 13:56:38] ==== loop 6/∞ | seed=976442493160730012 archetype=opportunist personality=minero focus=tech actions_per_loop=3 ====
[13:56:41] planet 35: building queue full (5)
[13:56:41] planet 35: building queue full (5)
[13:56:41] planet 35: building queue full (5)
[13:56:41] attack: idle no_fleet_slots (used=7 max=7)
[13:56:41] research: blocked research_intergalactic_research_network (research_computer_technology 6/8)
[2026-05-11 13:57:19] ==== loop 7/∞ | seed=976442493160730012 archetype=opportunist personality=minero focus=tech actions_per_loop=3 ====
[13:57:21] planet 35: building queue full (5)
[13:57:21] planet 35: building queue full (5)
[13:57:21] attack: idle no_fleet_slots (used=7 max=7)
[2026-05-11 13:57:59] ==== loop 8/∞ | seed=976442493160730012 archetype=opportunist personality=minero focus=tech actions_per_loop=3 ====
[13:58:01] planet 35: building queue full (5)
[13:58:01] planet 35: building queue full (5)
[13:58:01] planet 35: building queue full (5)
[13:58:01] attack: spy 1:2:15 probes=4 eta=1s
[13:58:01] attack: spy 1:3:1 probes=4 eta=1s
[13:58:01] attack: spy 1:3:2 probes=4 eta=1s
[13:58:01] attack: spy 1:3:3 probes=4 eta=1s
[2026-05-11 13:58:42] ==== loop 9/∞ | seed=976442493160730012 archetype=opportunist personality=minero focus=tech actions_per_loop=3 ====
[13:58:44] planet 35: building queue full (5)
[13:58:44] planet 35: building queue full (5)
[13:58:44] planet 35: building queue full (5)
[13:58:44] attack: intel 1:2:15 ships=0 defs=0 res=6093200909
[13:58:44] attack: intel 1:3:1 ships=0 defs=0 res=6189449513
[13:58:44] attack: intel 1:3:2 ships=0 defs=0 res=6185100664
[13:58:44] attack: intel 1:3:3 ships=0 defs=0 res=6183361124
[13:58:44] attack: spy 1:3:4 probes=4 eta=1s
[13:58:44] attack: spy 1:3:5 probes=4 eta=1s
[13:58:44] attack: spy 1:3:11 probes=4 eta=1s
[13:58:44] attack: spy 1:3:12 probes=4 eta=1s
[13:58:44] acs: joiner group=2 target=1:4:10 enemy_user=13 end=1778508559
[13:58:44] research: blocked research_intergalactic_research_network (research_computer_technology 6/8)
[2026-05-11 13:59:27] ==== loop 10/∞ | seed=976442493160730012 archetype=opportunist personality=minero focus=tech actions_per_loop=3 ====
[13:59:29] planet 35: building queue full (5)
[13:59:29] planet 35: building queue full (5)
[13:59:29] attack: intel 1:3:4 ships=0 defs=0 res=5834083528
[13:59:29] attack: intel 1:3:5 ships=0 defs=0 res=5702097867
[13:59:29] attack: intel 1:3:11 ships=0 defs=0 res=6051430946
[13:59:29] attack: intel 1:3:12 ships=0 defs=0 res=5703750459
[13:59:29] attack: spy 1:3:13 probes=4 eta=1s
[13:59:29] attack: spy 1:4:3 probes=4 eta=1s
[13:59:29] attack: spy 1:3:8 probes=4 eta=1s
[13:59:29] attack: spy 1:4:8 probes=4 eta=1s
[2026-05-11 14:00:08] ==== loop 11/∞ | seed=976442493160730012 archetype=opportunist personality=minero focus=tech actions_per_loop=3 ====
[14:00:09] planet 35: queued ship_espionage_probe +5
[14:00:09] planet 35: skipped duplicate ship_espionage_probe this loop
[14:00:09] attack: intel 1:3:13 ships=0 defs=0 res=5841499029
[14:00:09] attack: intel 1:4:3 ships=0 defs=0 res=6188665804
[14:00:09] attack: intel 1:3:8 ships=15 defs=108 res=37995686
[14:00:09] attack: intel 1:4:8 ships=175 defs=129 res=78354351
[14:00:09] attack: spy 1:4:10 probes=4 eta=1s
[14:00:09] attack: spy 1:6:4 probes=4 eta=1s
[14:00:09] attack: spy 1:6:8 probes=4 eta=1s
[14:00:09] attack: spy 1:6:10 probes=4 eta=1s
[14:00:09] research: blocked research_intergalactic_research_network (research_computer_technology 6/8)
[2026-05-11 14:00:45] ==== loop 12/∞ | seed=976442493160730012 archetype=opportunist personality=minero focus=tech actions_per_loop=3 ====
[14:00:46] planet 35: queued ship_espionage_probe +5
[14:00:46] planet 35: skipped duplicate ship_espionage_probe this loop
[14:00:46] attack: intel 1:4:10 ships=96 defs=112 res=143424972
[14:00:46] attack: intel 1:6:4 ships=627 defs=183 res=132439220
[14:00:46] attack: intel 1:6:8 ships=262 defs=44 res=153803199
[14:00:46] attack: intel 1:6:10 ships=0 defs=0 res=1909580
[14:00:46] attack: spy 1:7:4 probes=4 eta=1s
[14:00:46] attack: spy 1:7:8 probes=4 eta=1s
[14:00:46] attack: spy 1:7:10 probes=4 eta=1s
[14:00:46] attack: spy 1:3:9 probes=4 eta=1s
[14:00:46] acs: joiner group=3 target=1:4:10 enemy_user=13 end=1778508679
[14:00:46] research: blocked research_intergalactic_research_network (research_computer_technology 6/8)
[2026-05-11 14:01:22] ==== loop 13/∞ | seed=976442493160730012 archetype=opportunist personality=minero focus=tech actions_per_loop=3 ====
[14:01:22] planet 35: queued ship_espionage_probe +5
[14:01:22] planet 35: skipped duplicate ship_espionage_probe this loop
[14:01:22] planet 35: skipped duplicate ship_espionage_probe this loop
[14:01:22] attack: intel 1:7:4 ships=6 defs=8 res=21666296
[14:01:22] attack: intel 1:7:8 ships=8 defs=136 res=21959987
[14:01:22] attack: intel 1:7:10 ships=368 defs=210 res=21313925
[14:01:22] attack: intel 1:3:9 ships=1000 defs=1072 res=11915313
[14:01:22] attack: spy 1:7:12 probes=4 eta=1s
[14:01:22] research: blocked research_intergalactic_research_network (research_computer_technology 6/8)
[2026-05-11 14:01:59] ==== loop 14/∞ | seed=976442493160730012 archetype=opportunist personality=minero focus=tech actions_per_loop=3 ====
[14:01:59] planet 35: queued ship_espionage_probe +5
[14:01:59] planet 35: skipped duplicate ship_espionage_probe this loop
[14:01:59] planet 35: skipped duplicate ship_espionage_probe this loop
[14:01:59] attack: intel 1:7:12 ships=934 defs=0 res=23250192
[14:01:59] attack: idle no_fleet_slots (used=7 max=7)
[2026-05-11 14:02:41] ==== loop 15/∞ | seed=976442493160730012 archetype=opportunist personality=minero focus=tech actions_per_loop=3 ====
[14:02:42] planet 35: queued ship_espionage_probe +5
[14:02:42] planet 35: skipped duplicate ship_espionage_probe this loop
[14:02:42] planet 35: skipped duplicate ship_espionage_probe this loop
[14:02:42] attack: idle no_fleet_slots (used=7 max=7)
[2026-05-11 14:03:22] ==== loop 16/∞ | seed=976442493160730012 archetype=opportunist personality=minero focus=tech actions_per_loop=3 ====
[14:03:23] planet 35: queued ship_espionage_probe +5
[14:03:23] planet 35: skipped duplicate ship_espionage_probe this loop
[14:03:23] planet 35: skipped duplicate ship_espionage_probe this loop
[14:03:23] attack: idle no_fleet_slots (used=7 max=7)
[2026-05-11 14:04:00] ==== loop 17/∞ | seed=976442493160730012 archetype=opportunist personality=minero focus=tech actions_per_loop=3 ====
[14:04:01] planet 35: queued ship_espionage_probe +5
[14:04:01] planet 35: skipped duplicate ship_espionage_probe this loop
[14:04:01] attack: idle no_fleet_slots (used=7 max=7)
[14:04:01] research: blocked research_intergalactic_research_network (research_computer_technology 6/8)
[2026-05-11 14:04:40] ==== loop 18/∞ | seed=976442493160730012 archetype=opportunist personality=minero focus=tech actions_per_loop=3 ====
[14:04:41] planet 35: queued ship_espionage_probe +5
[14:04:41] planet 35: skipped duplicate ship_espionage_probe this loop
[14:04:41] planet 35: skipped duplicate ship_espionage_probe this loop
[14:04:41] attack: idle no_fleet_slots (used=7 max=7)
[14:04:41] research: blocked research_intergalactic_research_network (research_computer_technology 6/8)
[2026-05-11 14:05:15] ==== loop 19/∞ | seed=976442493160730012 archetype=opportunist personality=minero focus=tech actions_per_loop=3 ====
[14:05:16] planet 35: queued ship_espionage_probe +5
[14:05:16] planet 35: skipped duplicate ship_espionage_probe this loop
[14:05:16] planet 35: skipped duplicate ship_espionage_probe this loop
[14:05:16] attack: idle no_fleet_slots (used=7 max=7)
[2026-05-11 14:05:55] ==== loop 20/∞ | seed=976442493160730012 archetype=opportunist personality=minero focus=tech actions_per_loop=3 ====
[14:05:55] planet 35: queued ship_espionage_probe +5
[14:05:55] planet 35: skipped duplicate ship_espionage_probe this loop
[14:05:55] planet 35: skipped duplicate ship_espionage_probe this loop
[14:05:55] attack: idle no_fleet_slots (used=7 max=7)
[14:05:55] research: blocked research_intergalactic_research_network (research_computer_technology 6/8)
[2026-05-11 14:06:34] ==== loop 21/∞ | seed=976442493160730012 archetype=opportunist personality=minero focus=tech actions_per_loop=3 ====
[14:06:34] planet 35: queued ship_espionage_probe +5
[14:06:34] planet 35: skipped duplicate ship_espionage_probe this loop
[14:06:34] planet 35: skipped duplicate ship_espionage_probe this loop
[14:06:34] attack: idle no_fleet_slots (used=7 max=7)
[14:06:34] research: blocked research_intergalactic_research_network (research_computer_technology 6/8)
[2026-05-11 14:07:08] ==== loop 22/∞ | seed=976442493160730012 archetype=opportunist personality=minero focus=tech actions_per_loop=3 ====
[14:07:09] planet 35: queued ship_espionage_probe +5
[14:07:09] planet 35: skipped duplicate ship_espionage_probe this loop
[14:07:09] planet 35: skipped duplicate ship_espionage_probe this loop
[14:07:09] attack: idle no_fleet_slots (used=7 max=7)
[14:07:09] research: blocked research_intergalactic_research_network (research_computer_technology 6/8)
[2026-05-11 14:07:42] ==== loop 23/∞ | seed=976442493160730012 archetype=opportunist personality=minero focus=tech actions_per_loop=3 ====
[14:07:43] planet 35: queued ship_espionage_probe +5
[14:07:43] planet 35: skipped duplicate ship_espionage_probe this loop
[14:07:43] planet 35: skipped duplicate ship_espionage_probe this loop
[14:07:43] attack: idle no_fleet_slots (used=7 max=7)
[2026-05-11 14:08:23] ==== loop 24/∞ | seed=976442493160730012 archetype=opportunist personality=minero focus=tech actions_per_loop=3 ====
[14:08:24] planet 35: queued ship_espionage_probe +5
[14:08:24] planet 35: skipped duplicate ship_espionage_probe this loop
[14:08:24] planet 35: skipped duplicate ship_espionage_probe this loop
[14:08:24] attack: idle no_fleet_slots (used=7 max=7)
[14:08:24] research: blocked research_intergalactic_research_network (research_computer_technology 6/8)
[2026-05-11 14:09:01] ==== loop 25/∞ | seed=976442493160730012 archetype=opportunist personality=minero focus=tech actions_per_loop=3 ====
[14:09:01] planet 35: queued ship_espionage_probe +5
[14:09:01] planet 35: skipped duplicate ship_espionage_probe this loop
[14:09:01] planet 35: skipped duplicate ship_espionage_probe this loop
[14:09:01] attack: idle no_fleet_slots (used=7 max=7)
[14:09:01] research: blocked research_intergalactic_research_network (research_computer_technology 6/8)
[2026-05-11 14:09:36] ==== loop 26/∞ | seed=976442493160730012 archetype=opportunist personality=minero focus=tech actions_per_loop=3 ====
[14:09:37] planet 35: queued ship_espionage_probe +5
[14:09:37] planet 35: skipped duplicate ship_espionage_probe this loop
[14:09:37] planet 35: skipped duplicate ship_espionage_probe this loop
[14:09:37] attack: idle no_fleet_slots (used=7 max=7)
[2026-05-11 14:10:15] ==== loop 27/∞ | seed=976442493160730012 archetype=opportunist personality=minero focus=tech actions_per_loop=3 ====
[14:10:17] planet 35: building queue full (5)
[14:10:17] planet 35: building queue full (5)
[14:10:17] planet 35: building queue full (5)
[14:10:17] ally: transport: 1:4:6 -> 1:7:6 [ally_bot] m=0 c=30000 d=0 ships=0B+5S eta=28s fuel=35
[14:10:17] attack: idle no_fleet_slots (used=8 max=7)
[14:10:17] research: blocked research_intergalactic_research_network (research_computer_technology 6/8)
[2026-05-11 14:10:55] ==== loop 28/∞ | seed=976442493160730012 archetype=opportunist personality=minero focus=tech actions_per_loop=3 ====
[14:10:57] planet 35: building queue full (5)
[14:10:57] planet 35: building queue full (5)
[14:10:57] planet 35: building queue full (5)
[14:10:57] attack: idle no_fleet_slots (used=8 max=7)
[14:10:57] research: blocked research_intergalactic_research_network (research_computer_technology 6/8)
[2026-05-11 14:11:36] ==== loop 29/∞ | seed=976442493160730012 archetype=opportunist personality=minero focus=tech actions_per_loop=3 ====
[14:11:39] planet 35: building queue full (5)
[14:11:39] planet 35: building queue full (5)
[14:11:39] planet 35: building queue full (5)
[14:11:39] attack: idle no_fleet_slots (used=8 max=7)
[2026-05-11 14:12:18] ==== loop 30/∞ | seed=976442493160730012 archetype=opportunist personality=minero focus=tech actions_per_loop=3 ====
[14:12:20] planet 35: building queue full (5)
[14:12:20] planet 35: building queue full (5)
[14:12:20] planet 35: building queue full (5)
[14:12:20] attack: idle no_fleet_slots (used=8 max=7)
[2026-05-11 14:12:57] ==== loop 31/∞ | seed=976442493160730012 archetype=opportunist personality=minero focus=tech actions_per_loop=3 ====
[14:12:59] planet 35: building queue full (5)
[14:12:59] planet 35: building queue full (5)
[14:12:59] planet 35: building queue full (5)
[14:12:59] attack: idle no_fleet_slots (used=8 max=7)
[14:12:59] research: blocked research_intergalactic_research_network (research_computer_technology 6/8)
[2026-05-11 14:13:38] ==== loop 32/∞ | seed=976442493160730012 archetype=opportunist personality=minero focus=tech actions_per_loop=3 ====
[14:13:41] planet 35: building queue full (5)
[14:13:41] planet 35: building queue full (5)
[14:13:41] planet 35: building queue full (5)
[14:13:41] attack: idle no_fleet_slots (used=8 max=7)
[14:13:41] research: blocked research_intergalactic_research_network (research_computer_technology 6/8)
[2026-05-11 14:14:21] ==== loop 33/∞ | seed=976442493160730012 archetype=opportunist personality=minero focus=tech actions_per_loop=3 ====
[14:14:23] planet 35: building queue full (5)
[14:14:23] planet 35: building queue full (5)
[14:14:23] planet 35: building queue full (5)
[14:14:23] attack: idle no_fleet_slots (used=8 max=7)
[14:14:23] research: blocked research_intergalactic_research_network (research_computer_technology 6/8)
[2026-05-11 14:15:01] ==== loop 34/∞ | seed=976442493160730012 archetype=opportunist personality=minero focus=tech actions_per_loop=3 ====
[14:15:04] planet 35: building queue full (5)
[14:15:04] planet 35: building queue full (5)
[14:15:04] planet 35: building queue full (5)
[14:15:04] attack: spy 1:2:1 probes=4 eta=1s
[14:15:04] attack: spy 1:2:2 probes=4 eta=1s
[14:15:04] acs: joiner group=4 target=1:4:10 enemy_user=13 end=1778509535
[14:15:04] research: blocked research_intergalactic_research_network (research_computer_technology 6/8)
[2026-05-11 14:15:47] ==== loop 35/∞ | seed=976442493160730012 archetype=opportunist personality=minero focus=tech actions_per_loop=3 ====
[14:15:49] planet 35: building queue full (5)
[14:15:49] planet 35: building queue full (5)
[14:15:49] planet 35: building queue full (5)
[14:15:49] attack: intel 1:2:1 ships=0 defs=0 res=5837820152
[14:15:49] attack: intel 1:2:2 ships=0 defs=0 res=5850232782
[14:15:49] attack: idle no_fleet_slots (used=8 max=7)
[14:15:49] research: blocked research_intergalactic_research_network (research_computer_technology 6/8)
[2026-05-11 14:16:30] ==== loop 36/∞ | seed=976442493160730012 archetype=opportunist personality=minero focus=tech actions_per_loop=3 ====
[14:16:31] planet 35: building queue full (5)
[14:16:31] planet 35: building queue full (5)
[14:16:31] attack: idle no_fleet_slots (used=8 max=7)
[2026-05-11 14:17:10] ==== loop 37/∞ | seed=976442493160730012 archetype=opportunist personality=minero focus=tech actions_per_loop=3 ====
[14:17:11] planet 35: building queue full (5)
[14:17:11] planet 35: building queue full (5)
[14:17:11] planet 35: building queue full (5)
[14:17:11] attack: idle no_fleet_slots (used=8 max=7)
[2026-05-11 14:17:47] ==== loop 38/∞ | seed=976442493160730012 archetype=opportunist personality=minero focus=tech actions_per_loop=3 ====
[14:17:50] planet 35: building queue full (5)
[14:17:50] planet 35: building queue full (5)
[14:17:50] planet 35: building queue full (5)
[14:17:50] attack: idle no_fleet_slots (used=8 max=7)
[14:17:50] research: blocked research_intergalactic_research_network (research_computer_technology 6/8)
[2026-05-11 14:18:28] ==== loop 39/∞ | seed=976442493160730012 archetype=opportunist personality=minero focus=tech actions_per_loop=3 ====
[14:18:29] planet 35: queued building_metal_mine to 31
[14:18:29] attack: idle no_fleet_slots (used=8 max=7)
[14:18:29] research: blocked research_intergalactic_research_network (research_computer_technology 6/8)
[2026-05-11 14:19:04] ==== loop 40/∞ | seed=976442493160730012 archetype=opportunist personality=minero focus=tech actions_per_loop=3 ====
[14:19:07] planet 35: building queue full (5)
[14:19:07] planet 35: building queue full (5)
[14:19:07] planet 35: building queue full (5)
[14:19:07] attack: idle no_fleet_slots (used=8 max=7)
[14:19:07] research: blocked research_intergalactic_research_network (research_computer_technology 6/8)
[2026-05-11 14:19:46] ==== loop 41/∞ | seed=976442493160730012 archetype=opportunist personality=minero focus=tech actions_per_loop=3 ====
[14:19:47] planet 35: building queue full (5)
[14:19:47] planet 35: building queue full (5)
[14:19:47] planet 35: building queue full (5)
[14:19:47] attack: idle no_fleet_slots (used=8 max=7)
[14:19:47] research: blocked research_intergalactic_research_network (research_computer_technology 6/8)
[2026-05-11 14:20:16] ==== loop 42/∞ | seed=976442493160730012 archetype=opportunist personality=minero focus=tech actions_per_loop=3 ====
[14:20:18] planet 35: building queue full (5)
[14:20:18] planet 35: building queue full (5)
[14:20:18] planet 35: building queue full (5)
[14:20:18] attack: idle no_fleet_slots (used=8 max=7)
[14:20:18] research: blocked research_intergalactic_research_network (research_computer_technology 6/8)
[2026-05-11 14:20:54] ==== loop 43/∞ | seed=976442493160730012 archetype=opportunist personality=minero focus=tech actions_per_loop=3 ====
[14:20:56] planet 35: building queue full (5)
[14:20:56] planet 35: building queue full (5)
[14:20:56] planet 35: building queue full (5)
[14:20:56] attack: idle no_fleet_slots (used=8 max=7)
[2026-05-11 14:21:29] ==== loop 44/∞ | seed=976442493160730012 archetype=opportunist personality=minero focus=tech actions_per_loop=3 ====
[14:21:32] planet 35: building queue full (5)
[14:21:32] planet 35: building queue full (5)
[14:21:32] planet 35: building queue full (5)
[14:21:32] attack: spy 1:2:3 probes=4 eta=1s
[14:21:32] attack: spy 1:2:4 probes=4 eta=1s
[14:21:32] attack: spy 1:2:5 probes=4 eta=1s
[14:21:32] acs: joiner group=5 target=1:4:10 enemy_user=13 end=1778509926
[2026-05-11 14:22:08] ==== loop 45/∞ | seed=976442493160730012 archetype=opportunist personality=minero focus=tech actions_per_loop=3 ====
[14:22:10] planet 35: building queue full (5)
[14:22:10] planet 35: building queue full (5)
[14:22:10] planet 35: building queue full (5)
[14:22:10] attack: intel 1:2:3 ships=0 defs=0 res=5858604524
[14:22:10] attack: intel 1:2:4 ships=0 defs=0 res=5857852636
[14:22:10] attack: intel 1:2:5 ships=0 defs=0 res=5723673181
[14:22:10] attack: idle no_fleet_slots (used=8 max=7)
[2026-05-11 14:22:43] ==== loop 46/∞ | seed=976442493160730012 archetype=opportunist personality=minero focus=tech actions_per_loop=3 ====
[14:22:45] planet 35: building queue full (5)
[14:22:45] planet 35: building queue full (5)
[14:22:45] planet 35: building queue full (5)
[14:22:45] attack: idle no_fleet_slots (used=8 max=7)
[14:22:45] research: blocked research_intergalactic_research_network (research_computer_technology 6/8)
[2026-05-11 14:23:18] ==== loop 47/∞ | seed=976442493160730012 archetype=opportunist personality=minero focus=tech actions_per_loop=3 ====
[14:23:18] planet 35: queue busy, throttled building_robot_factory
[14:23:18] planet 35: queue busy, throttled building_robot_factory
[14:23:18] planet 35: queue busy, throttled building_robot_factory
[14:23:18] attack: spy 1:4:10 probes=4 eta=1s
[14:23:18] attack: spy 1:2:6 probes=4 eta=1s
[14:23:18] attack: spy 1:2:7 probes=4 eta=1s
[14:23:18] attack: spy 1:2:8 probes=4 eta=1s
[14:23:18] research: blocked research_intergalactic_research_network (research_computer_technology 6/8)
[2026-05-11 14:23:51] ==== loop 48/∞ | seed=976442493160730012 archetype=opportunist personality=minero focus=tech actions_per_loop=3 ====
[14:23:51] planet 35: queue busy, throttled building_robot_factory
[14:23:51] planet 35: queue busy, throttled building_robot_factory
[14:23:51] planet 35: queue busy, throttled building_robot_factory
[14:23:51] attack: intel 1:4:10 ships=19 defs=23 res=143214220
[14:23:51] attack: intel 1:2:6 ships=0 defs=0 res=5850487615
[14:23:51] attack: intel 1:2:7 ships=0 defs=0 res=5845118608
[14:23:51] attack: intel 1:2:8 ships=0 defs=0 res=5700498616
[14:23:51] attack: spy 1:2:9 probes=4 eta=1s
[14:23:51] attack: spy 1:2:10 probes=4 eta=1s
[14:23:51] attack: spy 1:2:11 probes=4 eta=1s
[14:23:51] attack: spy 1:2:12 probes=4 eta=1s
[14:23:51] research: blocked research_intergalactic_research_network (research_computer_technology 6/8)
[2026-05-11 14:24:23] ==== loop 49/∞ | seed=976442493160730012 archetype=opportunist personality=minero focus=tech actions_per_loop=3 ====
[14:24:23] planet 35: queue busy, throttled building_robot_factory
[14:24:23] planet 35: queue busy, throttled building_robot_factory
[14:24:23] attack: intel 1:2:9 ships=0 defs=0 res=6208725246
[14:24:23] attack: intel 1:2:10 ships=0 defs=0 res=7407382242
[14:24:23] attack: intel 1:2:11 ships=0 defs=0 res=7407650042
[14:24:23] attack: intel 1:2:12 ships=0 defs=0 res=7408653042
[14:24:23] attack: spy 1:2:13 probes=4 eta=1s
[14:24:23] attack: spy 1:2:14 probes=4 eta=1s
[14:24:23] attack: spy 1:2:15 probes=4 eta=1s
[14:24:23] attack: spy 1:3:1 probes=4 eta=1s
[14:24:23] research: blocked research_intergalactic_research_network (research_computer_technology 6/8)
[2026-05-11 14:24:57] ==== loop 50/∞ | seed=976442493160730012 archetype=opportunist personality=minero focus=tech actions_per_loop=3 ====
[14:24:57] planet 35: queue busy, throttled building_robot_factory
[14:24:57] planet 35: queue busy, throttled building_robot_factory
[14:24:57] attack: intel 1:2:13 ships=0 defs=0 res=5864363847
[14:24:57] attack: intel 1:2:14 ships=0 defs=0 res=6082275333
[14:24:57] attack: intel 1:2:15 ships=0 defs=0 res=6120315636
[14:24:57] attack: intel 1:3:1 ships=0 defs=0 res=6216564239
[14:24:57] attack: spy 1:3:2 probes=4 eta=1s
[14:24:57] attack: spy 1:3:3 probes=4 eta=1s
[14:24:57] attack: spy 1:3:4 probes=4 eta=1s
[14:24:57] attack: spy 1:3:5 probes=4 eta=1s
[14:24:57] research: blocked research_intergalactic_research_network (research_computer_technology 6/8)
[2026-05-11 14:25:28] ==== loop 51/∞ | seed=976442493160730012 archetype=opportunist personality=minero focus=tech actions_per_loop=3 ====
[14:25:28] planet 35: queue busy, throttled building_robot_factory
[14:25:28] planet 35: queue busy, throttled building_robot_factory
[14:25:28] attack: intel 1:3:2 ships=0 defs=0 res=6213072908
[14:25:28] attack: intel 1:3:3 ships=0 defs=0 res=6211333368
[14:25:28] attack: intel 1:3:4 ships=0 defs=0 res=5860718043
[14:25:28] attack: intel 1:3:5 ships=0 defs=0 res=5728732383
[14:25:28] attack: spy 1:2:1 probes=4 eta=1s
[14:25:28] attack: spy 1:2:2 probes=4 eta=1s
[14:25:28] attack: spy 1:3:11 probes=4 eta=1s
[14:25:28] attack: spy 1:3:12 probes=4 eta=1s
[2026-05-11 14:26:02] ==== loop 52/∞ | seed=976442493160730012 archetype=opportunist personality=minero focus=tech actions_per_loop=3 ====
[14:26:02] planet 35: queue busy, throttled building_robot_factory
[14:26:02] planet 35: queue busy, throttled building_robot_factory
[14:26:02] planet 35: queue busy, throttled building_robot_factory
[14:26:02] attack: intel 1:2:1 ships=0 defs=0 res=5849379498
[14:26:02] attack: intel 1:2:2 ships=0 defs=0 res=5861414819
[14:26:02] attack: intel 1:3:11 ships=0 defs=0 res=6078391319
[14:26:02] attack: intel 1:3:12 ships=0 defs=0 res=5730710832
[14:26:02] attack: spy 1:3:13 probes=4 eta=1s
[14:26:02] attack: spy 1:4:3 probes=4 eta=1s
[14:26:02] attack: spy 1:3:8 probes=4 eta=1s
[14:26:02] attack: spy 1:3:10 probes=4 eta=1s
[2026-05-11 14:26:37] ==== loop 53/∞ | seed=976442493160730012 archetype=opportunist personality=minero focus=tech actions_per_loop=3 ====
[14:26:37] planet 35: queue busy, throttled building_robot_factory
[14:26:37] planet 35: queue busy, throttled building_robot_factory
[14:26:37] planet 35: queue busy, throttled building_robot_factory
[14:26:37] attack: intel 1:3:13 ships=0 defs=0 res=5867739086
[14:26:37] attack: intel 1:4:3 ships=0 defs=0 res=6214905863
[14:26:37] attack: intel 1:3:8 ships=15 defs=108 res=38410109
[14:26:37] attack: intel 1:3:10 ships=4 defs=347 res=102883432
[14:26:37] attack: spy 1:4:8 probes=4 eta=1s
[14:26:37] attack: spy 1:6:4 probes=4 eta=1s
[14:26:37] acs: joiner group=9 target=1:4:10 enemy_user=13 end=1778510232
[2026-05-11 14:27:10] ==== loop 54/∞ | seed=976442493160730012 archetype=opportunist personality=minero focus=tech actions_per_loop=3 ====
[14:27:10] planet 35: queue busy, throttled building_robot_factory
[14:27:10] planet 35: queue busy, throttled building_robot_factory
[14:27:10] planet 35: queue busy, throttled building_robot_factory
[14:27:10] attack: intel 1:4:8 ships=175 defs=136 res=79573955
[14:27:10] attack: intel 1:6:4 ships=627 defs=183 res=133801345
[14:27:10] attack: spy 1:6:8 probes=4 eta=1s
[14:27:10] attack: spy 1:6:10 probes=4 eta=1s
[14:27:10] attack: spy 1:7:4 probes=4 eta=1s
[14:27:10] attack: spy 1:7:8 probes=4 eta=1s
[14:27:10] research: blocked research_intergalactic_research_network (research_computer_technology 6/8)
[2026-05-11 14:27:45] ==== loop 55/∞ | seed=976442493160730012 archetype=opportunist personality=minero focus=tech actions_per_loop=3 ====
[14:27:45] planet 35: queue busy, throttled building_robot_factory
[14:27:45] planet 35: queue busy, throttled building_robot_factory
[14:27:45] attack: intel 1:6:8 ships=262 defs=46 res=155019056
[14:27:45] attack: intel 1:6:10 ships=0 defs=0 res=1918662
[14:27:45] attack: intel 1:7:4 ships=6 defs=32 res=21311200
[14:27:45] attack: intel 1:7:8 ships=8 defs=136 res=22712256
[14:27:45] attack: spy 1:7:10 probes=4 eta=1s
[14:27:45] attack: spy 1:3:9 probes=4 eta=1s
[14:27:45] attack: spy 1:7:12 probes=4 eta=1s
[2026-05-11 14:28:23] ==== loop 56/∞ | seed=976442493160730012 archetype=opportunist personality=minero focus=tech actions_per_loop=3 ====
[14:28:23] planet 35: queue busy, throttled building_robot_factory
[14:28:23] planet 35: queue busy, throttled building_robot_factory
[14:28:23] planet 35: queue busy, throttled building_robot_factory
[14:28:23] attack: intel 1:7:10 ships=368 defs=210 res=22060432
[14:28:23] attack: intel 1:3:9 ships=1000 defs=1100 res=34121032
[14:28:23] attack: intel 1:7:12 ships=934 defs=0 res=25176021
[14:28:23] research: blocked research_intergalactic_research_network (research_computer_technology 6/8)
[2026-05-11 14:28:58] ==== loop 57/∞ | seed=976442493160730012 archetype=opportunist personality=minero focus=tech actions_per_loop=3 ====
[14:28:58] planet 35: queue busy, throttled building_robot_factory
[14:28:58] planet 35: queue busy, throttled building_robot_factory
[14:28:58] planet 35: queue busy, throttled building_robot_factory
[14:28:58] research: blocked research_intergalactic_research_network (research_computer_technology 6/8)
[2026-05-11 14:29:31] ==== loop 58/∞ | seed=976442493160730012 archetype=opportunist personality=minero focus=tech actions_per_loop=3 ====
[14:29:31] planet 35: queue busy, throttled building_robot_factory
[14:29:31] planet 35: queue busy, throttled building_robot_factory
[14:29:31] planet 35: queue busy, throttled building_robot_factory
[14:29:31] attack: spy 1:8:4 probes=4 eta=1s
[14:29:31] attack: spy 1:8:6 probes=4 eta=1s
[14:29:31] research: blocked research_intergalactic_research_network (research_computer_technology 6/8)
[2026-05-11 14:30:04] ==== loop 59/∞ | seed=976442493160730012 archetype=opportunist personality=minero focus=tech actions_per_loop=3 ====
[14:30:05] planet 35: queued building_deuterium_tank to 8
[14:30:05] attack: intel 1:8:4 ships=0 defs=0 res=1181
[14:30:05] attack: intel 1:8:6 ships=0 defs=0 res=1110
[14:30:05] attack: spy 1:8:8 probes=4 eta=1s
[14:30:05] attack: spy 1:8:10 probes=4 eta=1s
[14:30:05] research: blocked research_intergalactic_research_network (research_computer_technology 6/8)
[2026-05-11 14:30:43] ==== loop 60/∞ | seed=976442493160730012 archetype=opportunist personality=minero focus=tech actions_per_loop=3 ====
[14:30:45] planet 35: building queue full (5)
[14:30:45] planet 35: building queue full (5)
[14:30:45] planet 35: building queue full (5)
[14:30:45] attack: intel 1:8:8 ships=0 defs=0 res=1200
[14:30:45] attack: intel 1:8:10 ships=0 defs=0 res=1087
[14:30:45] attack: spy 1:8:12 probes=4 eta=1s
[14:30:45] research: blocked research_intergalactic_research_network (research_computer_technology 6/8)
[2026-05-11 14:31:26] ==== loop 61/∞ | seed=976442493160730012 archetype=opportunist personality=minero focus=tech actions_per_loop=3 ====
[14:31:27] planet 35: building queue full (5)
[14:31:27] planet 35: building queue full (5)
[14:31:27] planet 35: building queue full (5)
[14:31:27] attack: intel 1:8:12 ships=0 defs=0 res=1366
[14:31:27] research: blocked research_intergalactic_research_network (research_computer_technology 6/8)
[2026-05-11 14:32:10] ==== loop 62/∞ | seed=976442493160730012 archetype=opportunist personality=minero focus=tech actions_per_loop=3 ====
[14:32:11] planet 35: building queue full (5)
[14:32:11] planet 35: building queue full (5)
[14:32:11] attack: spy 1:2:3 probes=4 eta=1s
[14:32:11] attack: spy 1:2:4 probes=4 eta=1s
[14:32:11] attack: spy 1:2:5 probes=4 eta=1s
[14:32:11] research: blocked research_intergalactic_research_network (research_computer_technology 6/8)
[2026-05-11 14:32:52] ==== loop 63/∞ | seed=976442493160730012 archetype=opportunist personality=minero focus=tech actions_per_loop=3 ====
[14:32:54] planet 35: building queue full (5)
[14:32:54] planet 35: building queue full (5)
[14:32:54] planet 35: building queue full (5)
[14:32:54] attack: intel 1:2:3 ships=0 defs=0 res=5869803712
[14:32:54] attack: intel 1:2:4 ships=0 defs=0 res=5869051823
[14:32:54] attack: intel 1:2:5 ships=0 defs=0 res=5734872369
[2026-05-11 14:33:32] ==== loop 64/∞ | seed=976442493160730012 archetype=opportunist personality=minero focus=tech actions_per_loop=3 ====
[14:33:34] planet 35: building queue full (5)
[14:33:34] planet 35: building queue full (5)
[14:33:34] planet 35: building queue full (5)
[14:33:34] attack: spy 1:4:10 probes=4 eta=1s
[14:33:34] attack: spy 1:2:6 probes=4 eta=1s
[14:33:34] attack: spy 1:2:7 probes=4 eta=1s
[14:33:34] attack: spy 1:2:8 probes=4 eta=1s
[14:33:34] acs: joiner group=11 target=1:4:10 enemy_user=13 end=1778510646
[2026-05-11 14:34:13] ==== loop 65/∞ | seed=976442493160730012 archetype=opportunist personality=minero focus=tech actions_per_loop=3 ====
[14:34:15] planet 35: building queue full (5)
[14:34:15] planet 35: building queue full (5)
[14:34:15] planet 35: building queue full (5)
[14:34:15] attack: intel 1:4:10 ships=0 defs=5 res=140714473
[14:34:15] attack: intel 1:2:6 ships=0 defs=0 res=5860949338
[14:34:15] attack: intel 1:2:7 ships=0 defs=0 res=5855580331
[14:34:15] attack: intel 1:2:8 ships=0 defs=0 res=5710960339
[14:34:15] attack: spy 1:2:9 probes=4 eta=1s
[14:34:15] attack: spy 1:2:10 probes=4 eta=1s
[14:34:15] attack: spy 1:2:11 probes=4 eta=1s
[14:34:15] attack: spy 1:2:12 probes=4 eta=1s
[2026-05-11 14:34:57] ==== loop 66/∞ | seed=976442493160730012 archetype=opportunist personality=minero focus=tech actions_per_loop=3 ====
[14:34:59] planet 35: building queue full (5)
[14:34:59] planet 35: building queue full (5)
[14:34:59] planet 35: building queue full (5)
[14:34:59] attack: intel 1:2:9 ships=0 defs=0 res=6219495675
[14:34:59] attack: intel 1:2:10 ships=0 defs=0 res=7418101220
[14:34:59] attack: intel 1:2:11 ships=0 defs=0 res=7418369020
[14:34:59] attack: intel 1:2:12 ships=0 defs=0 res=7419372020
[14:34:59] attack: spy 1:2:13 probes=4 eta=1s
[14:34:59] attack: spy 1:2:14 probes=4 eta=1s
[14:34:59] attack: spy 1:2:15 probes=4 eta=1s
[14:34:59] acs: joiner group=12 target=1:4:10 enemy_user=13 end=1778510732
[14:34:59] research: blocked research_intergalactic_research_network (research_computer_technology 6/8)
[2026-05-11 14:35:36] ==== loop 67/∞ | seed=976442493160730012 archetype=opportunist personality=minero focus=tech actions_per_loop=3 ====
[14:35:37] planet 35: building queue full (5)
[14:35:37] planet 35: building queue full (5)
[14:35:37] planet 35: building queue full (5)
[14:35:37] attack: intel 1:2:13 ships=0 defs=0 res=5875391531
[14:35:37] attack: intel 1:2:14 ships=0 defs=0 res=6093200115
[14:35:37] attack: intel 1:2:15 ships=0 defs=0 res=6131240418
[14:35:37] attack: spy 1:2:1 probes=4 eta=1s
[14:35:37] attack: spy 1:2:2 probes=4 eta=1s
[14:35:37] attack: spy 1:3:1 probes=4 eta=1s
[14:35:37] research: blocked research_intergalactic_research_network (research_computer_technology 6/8)
[2026-05-11 14:36:22] ==== loop 68/∞ | seed=976442493160730012 archetype=opportunist personality=minero focus=tech actions_per_loop=3 ====
[14:36:25] planet 35: building queue full (5)
[14:36:25] planet 35: building queue full (5)
[14:36:25] planet 35: building queue full (5)
[14:36:25] attack: intel 1:2:1 ships=0 defs=0 res=5859926972
[14:36:25] attack: intel 1:2:2 ships=0 defs=0 res=5871979444
[14:36:25] attack: intel 1:3:1 ships=0 defs=0 res=6228312238
[14:36:25] attack: spy 1:3:2 probes=4 eta=1s
[14:36:25] attack: spy 1:3:3 probes=4 eta=1s
[14:36:25] attack: spy 1:3:4 probes=4 eta=1s
[2026-05-11 14:37:02] ==== loop 69/∞ | seed=976442493160730012 archetype=opportunist personality=minero focus=tech actions_per_loop=3 ====
[14:37:03] planet 35: building queue full (5)
[14:37:03] planet 35: building queue full (5)
[14:37:03] planet 35: building queue full (5)
[14:37:03] attack: intel 1:3:2 ships=0 defs=0 res=6224495050
[14:37:03] attack: intel 1:3:3 ships=0 defs=0 res=6222755510
[14:37:03] attack: intel 1:3:4 ships=0 defs=0 res=5872260238
[14:37:03] attack: spy 1:3:5 probes=4 eta=1s
[14:37:03] attack: spy 1:3:11 probes=4 eta=1s
[14:37:03] attack: spy 1:3:12 probes=4 eta=1s
[14:37:03] research: blocked research_intergalactic_research_network (research_computer_technology 6/8)
[2026-05-11 14:37:43] ==== loop 70/∞ | seed=976442493160730012 archetype=opportunist personality=minero focus=tech actions_per_loop=3 ====
[14:37:45] planet 35: queued ship_solar_satellite +2
[14:37:45] planet 35: queued building_deuterium_tank to 9
[14:37:45] attack: intel 1:3:5 ships=0 defs=0 res=5740994894
[14:37:45] attack: intel 1:3:11 ships=0 defs=0 res=6090327973
[14:37:45] attack: intel 1:3:12 ships=0 defs=0 res=5742647486
[14:37:45] attack: spy 1:3:13 probes=4 eta=1s
[14:37:45] attack: spy 1:4:3 probes=4 eta=1s
[14:37:45] attack: spy 1:3:8 probes=4 eta=1s
[14:37:45] research: blocked research_intergalactic_research_network (research_computer_technology 6/8)
[2026-05-11 14:38:28] ==== loop 71/∞ | seed=976442493160730012 archetype=opportunist personality=minero focus=tech actions_per_loop=3 ====
[14:38:30] planet 35: building queue full (5)
[14:38:30] planet 35: building queue full (5)
[14:38:30] planet 35: building queue full (5)
[14:38:30] attack: intel 1:3:13 ships=0 defs=0 res=5880207402
[14:38:30] attack: intel 1:4:3 ships=0 defs=0 res=6227374177
[14:38:30] attack: intel 1:3:8 ships=20 defs=108 res=38590431
[14:38:30] attack: spy 1:4:8 probes=4 eta=1s
[14:38:30] attack: spy 1:6:4 probes=4 eta=1s
[2026-05-11 14:39:13] ==== loop 72/∞ | seed=976442493160730012 archetype=opportunist personality=minero focus=tech actions_per_loop=3 ====
[14:39:14] planet 35: building queue full (5)
[14:39:14] planet 35: building queue full (5)
[14:39:14] attack: intel 1:4:8 ships=180 defs=138 res=98926166
[14:39:14] attack: intel 1:6:4 ships=627 defs=183 res=134413504
[14:39:14] attack: spy 1:6:8 probes=4 eta=1s
[14:39:14] attack: spy 1:6:10 probes=4 eta=1s
[14:39:14] research: blocked research_intergalactic_research_network (research_computer_technology 6/8)
[2026-05-11 14:39:54] ==== loop 73/∞ | seed=976442493160730012 archetype=opportunist personality=minero focus=tech actions_per_loop=3 ====
[14:39:56] planet 35: building queue full (5)
[14:39:56] planet 35: building queue full (5)
[14:39:56] planet 35: building queue full (5)
[14:39:56] ally: transport: 1:4:6 -> 1:1:10 [ally_bot] m=51876 c=0 d=0 ships=0B+9S eta=28s fuel=62
[14:39:56] attack: intel 1:6:8 ships=262 defs=47 res=155589081
[14:39:56] attack: intel 1:6:10 ships=0 defs=0 res=1922230
[14:39:56] acs: joiner group=15 target=1:4:10 enemy_user=13 end=1778511028
[14:39:56] research: blocked research_intergalactic_research_network (research_computer_technology 6/8)
[2026-05-11 14:40:40] ==== loop 1/1 | seed=976442493160730012 archetype=opportunist personality=minero focus=tech actions_per_loop=3 ====
[2026-05-11 14:40:40] ==== loop 74/∞ | seed=976442493160730012 archetype=opportunist personality=minero focus=tech actions_per_loop=3 ====
[14:40:42] planet 35: building queue full (5)
[14:40:42] planet 35: building queue full (5)
[14:40:42] planet 35: building queue full (5)
[14:40:42] attack: spy 1:7:4 probes=4 eta=1s
[14:40:43] planet 35: building queue full (5)
[14:40:43] planet 35: building queue full (5)
[14:40:43] planet 35: building queue full (5)
[14:40:43] attack: spy 1:7:4 probes=4 eta=1s
[14:40:43] research: blocked research_intergalactic_research_network (research_computer_technology 6/8)
[2026-05-11 14:41:25] ==== loop 75/∞ | seed=976442493160730012 archetype=opportunist personality=minero focus=tech actions_per_loop=3 ====
[14:41:27] planet 35: building queue full (5)
[14:41:27] planet 35: building queue full (5)
[14:41:27] planet 35: building queue full (5)
[14:41:27] attack: intel 1:7:4 ships=6 defs=60 res=21581597
[14:41:27] attack: spy 1:7:8 probes=4 eta=1s
[14:41:27] research: blocked research_intergalactic_research_network (research_computer_technology 6/8)
[2026-05-11 14:42:11] ==== loop 76/∞ | seed=976442493160730012 archetype=opportunist personality=minero focus=tech actions_per_loop=3 ====
[14:42:14] planet 35: building queue full (5)
[14:42:14] planet 35: building queue full (5)
[14:42:14] planet 35: building queue full (5)
[14:42:14] attack: intel 1:7:8 ships=8 defs=136 res=23117380
[14:42:14] research: blocked research_intergalactic_research_network (research_computer_technology 6/8)
[2026-05-11 14:42:56] ==== loop 77/∞ | seed=976442493160730012 archetype=opportunist personality=minero focus=tech actions_per_loop=3 ====
[14:42:57] planet 35: building queue full (5)
[14:42:57] planet 35: building queue full (5)
[14:42:57] planet 35: building queue full (5)
[14:42:57] attack: spy 1:2:3 probes=4 eta=1s
[2026-05-11 14:43:38] ==== loop 78/∞ | seed=976442493160730012 archetype=opportunist personality=minero focus=tech actions_per_loop=3 ====
[14:43:41] planet 35: building queue full (5)
[14:43:41] planet 35: building queue full (5)
[14:43:41] planet 35: building queue full (5)
[14:43:41] attack: intel 1:2:3 ships=0 defs=0 res=5879439629
[14:43:41] attack: spy 1:4:10 probes=4 eta=1s
[14:43:41] research: blocked research_intergalactic_research_network (research_computer_technology 6/8)
[2026-05-11 14:44:14] ==== loop 79/∞ | seed=976442493160730012 archetype=opportunist personality=minero focus=tech actions_per_loop=3 ====
[14:44:17] planet 35: building queue full (5)
[14:44:17] planet 35: building queue full (5)
[14:44:17] planet 35: building queue full (5)
[14:44:17] attack: intel 1:4:10 ships=4 defs=2 res=139592674
[14:44:17] attack: spy 1:2:4 probes=4 eta=1s
[14:44:17] acs: joiner group=17 target=1:4:10 enemy_user=13 end=1778511290
[14:44:17] research: blocked research_intergalactic_research_network (research_computer_technology 6/8)
[2026-05-11 14:44:54] ==== loop 80/∞ | seed=976442493160730012 archetype=opportunist personality=minero focus=tech actions_per_loop=3 ====
[14:44:56] planet 35: building queue full (5)
[14:44:56] planet 35: building queue full (5)
[14:44:56] planet 35: building queue full (5)
[14:44:56] attack: intel 1:2:4 ships=0 defs=0 res=5878292242
